
===========================================================================
report_checks -path_delay min (Hold)
============================================================================
======================= nom_tt_025C_1v80 Corner ===================================

Startpoint: _211_ (rising edge-triggered flip-flop clocked by clk)
Endpoint: _211_ (rising edge-triggered flip-flop clocked by clk)
Path Group: clk
Path Type: min

Fanout         Cap        Slew       Delay        Time   Description
---------------------------------------------------------------------------------------------
                                  0.000000    0.000000   clock clk (rise edge)
                                  0.000000    0.000000   clock source latency
     1    0.013845    0.068290    0.046568    0.046568 ^ clk (in)
                                                         clk (net)
                      0.068296    0.000000    0.046568 ^ clkbuf_0_clk/A (sky130_fd_sc_hd__clkbuf_16)
     4    0.037720    0.057694    0.148400    0.194968 ^ clkbuf_0_clk/X (sky130_fd_sc_hd__clkbuf_16)
                                                         clknet_0_clk (net)
                      0.057725    0.001159    0.196126 ^ clkbuf_2_3__f_clk/A (sky130_fd_sc_hd__clkbuf_16)
     9    0.031091    0.051976    0.139860    0.335986 ^ clkbuf_2_3__f_clk/X (sky130_fd_sc_hd__clkbuf_16)
                                                         clknet_2_3__leaf_clk (net)
                      0.051977    0.000359    0.336345 ^ _211_/CLK (sky130_fd_sc_hd__dfrtp_2)
     6    0.034238    0.173245    0.451477    0.787822 ^ _211_/Q (sky130_fd_sc_hd__dfrtp_2)
                                                         counter[24] (net)
                      0.173246    0.000660    0.788482 ^ _168_/A (sky130_fd_sc_hd__xor2_2)
     1    0.003125    0.031014    0.087247    0.875729 v _168_/X (sky130_fd_sc_hd__xor2_2)
                                                         _016_ (net)
                      0.031014    0.000079    0.875808 v _211_/D (sky130_fd_sc_hd__dfrtp_2)
                                              0.875808   data arrival time

                                  0.000000    0.000000   clock clk (rise edge)
                                  0.000000    0.000000   clock source latency
     1    0.013845    0.068290    0.046568    0.046568 ^ clk (in)
                                                         clk (net)
                      0.068296    0.000000    0.046568 ^ clkbuf_0_clk/A (sky130_fd_sc_hd__clkbuf_16)
     4    0.037720    0.057694    0.148400    0.194968 ^ clkbuf_0_clk/X (sky130_fd_sc_hd__clkbuf_16)
                                                         clknet_0_clk (net)
                      0.057725    0.001159    0.196126 ^ clkbuf_2_3__f_clk/A (sky130_fd_sc_hd__clkbuf_16)
     9    0.031091    0.051976    0.139860    0.335986 ^ clkbuf_2_3__f_clk/X (sky130_fd_sc_hd__clkbuf_16)
                                                         clknet_2_3__leaf_clk (net)
                      0.051977    0.000359    0.336345 ^ _211_/CLK (sky130_fd_sc_hd__dfrtp_2)
                                  0.250000    0.586345   clock uncertainty
                                  0.000000    0.586345   clock reconvergence pessimism
                                 -0.034829    0.551516   library hold time
                                              0.551516   data required time
---------------------------------------------------------------------------------------------
                                              0.551516   data required time
                                             -0.875808   data arrival time
---------------------------------------------------------------------------------------------
                                              0.324291   slack (MET)


Startpoint: _195_ (rising edge-triggered flip-flop clocked by clk)
Endpoint: _195_ (rising edge-triggered flip-flop clocked by clk)
Path Group: clk
Path Type: min

Fanout         Cap        Slew       Delay        Time   Description
---------------------------------------------------------------------------------------------
                                  0.000000    0.000000   clock clk (rise edge)
                                  0.000000    0.000000   clock source latency
     1    0.013845    0.068290    0.046568    0.046568 ^ clk (in)
                                                         clk (net)
                      0.068296    0.000000    0.046568 ^ clkbuf_0_clk/A (sky130_fd_sc_hd__clkbuf_16)
     4    0.037720    0.057694    0.148400    0.194968 ^ clkbuf_0_clk/X (sky130_fd_sc_hd__clkbuf_16)
                                                         clknet_0_clk (net)
                      0.057731    0.001252    0.196220 ^ clkbuf_2_1__f_clk/A (sky130_fd_sc_hd__clkbuf_16)
    13    0.035731    0.055964    0.143282    0.339502 ^ clkbuf_2_1__f_clk/X (sky130_fd_sc_hd__clkbuf_16)
                                                         clknet_2_1__leaf_clk (net)
                      0.055992    0.000629    0.340131 ^ _195_/CLK (sky130_fd_sc_hd__dfrtp_2)
     6    0.034768    0.175659    0.454638    0.794769 ^ _195_/Q (sky130_fd_sc_hd__dfrtp_2)
                                                         counter[8] (net)
                      0.175661    0.000870    0.795639 ^ _126_/A (sky130_fd_sc_hd__xnor2_2)
     1    0.002981    0.033241    0.085703    0.881343 v _126_/Y (sky130_fd_sc_hd__xnor2_2)
                                                         _030_ (net)
                      0.033241    0.000072    0.881415 v _195_/D (sky130_fd_sc_hd__dfrtp_2)
                                              0.881415   data arrival time

                                  0.000000    0.000000   clock clk (rise edge)
                                  0.000000    0.000000   clock source latency
     1    0.013845    0.068290    0.046568    0.046568 ^ clk (in)
                                                         clk (net)
                      0.068296    0.000000    0.046568 ^ clkbuf_0_clk/A (sky130_fd_sc_hd__clkbuf_16)
     4    0.037720    0.057694    0.148400    0.194968 ^ clkbuf_0_clk/X (sky130_fd_sc_hd__clkbuf_16)
                                                         clknet_0_clk (net)
                      0.057731    0.001252    0.196220 ^ clkbuf_2_1__f_clk/A (sky130_fd_sc_hd__clkbuf_16)
    13    0.035731    0.055964    0.143282    0.339502 ^ clkbuf_2_1__f_clk/X (sky130_fd_sc_hd__clkbuf_16)
                                                         clknet_2_1__leaf_clk (net)
                      0.055992    0.000629    0.340131 ^ _195_/CLK (sky130_fd_sc_hd__dfrtp_2)
                                  0.250000    0.590131   clock uncertainty
                                  0.000000    0.590131   clock reconvergence pessimism
                                 -0.034819    0.555312   library hold time
                                              0.555312   data required time
---------------------------------------------------------------------------------------------
                                              0.555312   data required time
                                             -0.881415   data arrival time
---------------------------------------------------------------------------------------------
                                              0.326103   slack (MET)


Startpoint: _191_ (rising edge-triggered flip-flop clocked by clk)
Endpoint: _191_ (rising edge-triggered flip-flop clocked by clk)
Path Group: clk
Path Type: min

Fanout         Cap        Slew       Delay        Time   Description
---------------------------------------------------------------------------------------------
                                  0.000000    0.000000   clock clk (rise edge)
                                  0.000000    0.000000   clock source latency
     1    0.013845    0.068290    0.046568    0.046568 ^ clk (in)
                                                         clk (net)
                      0.068296    0.000000    0.046568 ^ clkbuf_0_clk/A (sky130_fd_sc_hd__clkbuf_16)
     4    0.037720    0.057694    0.148400    0.194968 ^ clkbuf_0_clk/X (sky130_fd_sc_hd__clkbuf_16)
                                                         clknet_0_clk (net)
                      0.057723    0.001128    0.196096 ^ clkbuf_2_0__f_clk/A (sky130_fd_sc_hd__clkbuf_16)
     9    0.031471    0.052276    0.140057    0.336153 ^ clkbuf_2_0__f_clk/X (sky130_fd_sc_hd__clkbuf_16)
                                                         clknet_2_0__leaf_clk (net)
                      0.052280    0.000885    0.337038 ^ _191_/CLK (sky130_fd_sc_hd__dfrtp_2)
     6    0.034456    0.174246    0.452247    0.789285 ^ _191_/Q (sky130_fd_sc_hd__dfrtp_2)
                                                         counter[4] (net)
                      0.174248    0.000855    0.790140 ^ _118_/A (sky130_fd_sc_hd__xor2_2)
     1    0.003444    0.031781    0.088707    0.878847 v _118_/X (sky130_fd_sc_hd__xor2_2)
                                                         _026_ (net)
                      0.031781    0.000093    0.878940 v _191_/D (sky130_fd_sc_hd__dfrtp_2)
                                              0.878940   data arrival time

                                  0.000000    0.000000   clock clk (rise edge)
                                  0.000000    0.000000   clock source latency
     1    0.013845    0.068290    0.046568    0.046568 ^ clk (in)
                                                         clk (net)
                      0.068296    0.000000    0.046568 ^ clkbuf_0_clk/A (sky130_fd_sc_hd__clkbuf_16)
     4    0.037720    0.057694    0.148400    0.194968 ^ clkbuf_0_clk/X (sky130_fd_sc_hd__clkbuf_16)
                                                         clknet_0_clk (net)
                      0.057723    0.001128    0.196096 ^ clkbuf_2_0__f_clk/A (sky130_fd_sc_hd__clkbuf_16)
     9    0.031471    0.052276    0.140057    0.336153 ^ clkbuf_2_0__f_clk/X (sky130_fd_sc_hd__clkbuf_16)
                                                         clknet_2_0__leaf_clk (net)
                      0.052280    0.000885    0.337038 ^ _191_/CLK (sky130_fd_sc_hd__dfrtp_2)
                                  0.250000    0.587038   clock uncertainty
                                  0.000000    0.587038   clock reconvergence pessimism
                                 -0.035071    0.551966   library hold time
                                              0.551966   data required time
---------------------------------------------------------------------------------------------
                                              0.551966   data required time
                                             -0.878940   data arrival time
---------------------------------------------------------------------------------------------
                                              0.326974   slack (MET)


Startpoint: _214_ (rising edge-triggered flip-flop clocked by clk)
Endpoint: _214_ (rising edge-triggered flip-flop clocked by clk)
Path Group: clk
Path Type: min

Fanout         Cap        Slew       Delay        Time   Description
---------------------------------------------------------------------------------------------
                                  0.000000    0.000000   clock clk (rise edge)
                                  0.000000    0.000000   clock source latency
     1    0.013845    0.068290    0.046568    0.046568 ^ clk (in)
                                                         clk (net)
                      0.068296    0.000000    0.046568 ^ clkbuf_0_clk/A (sky130_fd_sc_hd__clkbuf_16)
     4    0.037720    0.057694    0.148400    0.194968 ^ clkbuf_0_clk/X (sky130_fd_sc_hd__clkbuf_16)
                                                         clknet_0_clk (net)
                      0.057725    0.001159    0.196126 ^ clkbuf_2_3__f_clk/A (sky130_fd_sc_hd__clkbuf_16)
     9    0.031091    0.051976    0.139860    0.335986 ^ clkbuf_2_3__f_clk/X (sky130_fd_sc_hd__clkbuf_16)
                                                         clknet_2_3__leaf_clk (net)
                      0.051978    0.000590    0.336576 ^ _214_/CLK (sky130_fd_sc_hd__dfrtp_2)
     3    0.015823    0.092674    0.388510    0.725086 ^ _214_/Q (sky130_fd_sc_hd__dfrtp_2)
                                                         counter[27] (net)
                      0.092674    0.000271    0.725357 ^ _175_/B2 (sky130_fd_sc_hd__o2bb2a_2)
     1    0.002743    0.036730    0.156326    0.881683 ^ _175_/X (sky130_fd_sc_hd__o2bb2a_2)
                                                         _019_ (net)
                      0.036730    0.000063    0.881746 ^ _214_/D (sky130_fd_sc_hd__dfrtp_2)
                                              0.881746   data arrival time

                                  0.000000    0.000000   clock clk (rise edge)
                                  0.000000    0.000000   clock source latency
     1    0.013845    0.068290    0.046568    0.046568 ^ clk (in)
                                                         clk (net)
                      0.068296    0.000000    0.046568 ^ clkbuf_0_clk/A (sky130_fd_sc_hd__clkbuf_16)
     4    0.037720    0.057694    0.148400    0.194968 ^ clkbuf_0_clk/X (sky130_fd_sc_hd__clkbuf_16)
                                                         clknet_0_clk (net)
                      0.057725    0.001159    0.196126 ^ clkbuf_2_3__f_clk/A (sky130_fd_sc_hd__clkbuf_16)
     9    0.031091    0.051976    0.139860    0.335986 ^ clkbuf_2_3__f_clk/X (sky130_fd_sc_hd__clkbuf_16)
                                                         clknet_2_3__leaf_clk (net)
                      0.051978    0.000590    0.336576 ^ _214_/CLK (sky130_fd_sc_hd__dfrtp_2)
                                  0.250000    0.586576   clock uncertainty
                                  0.000000    0.586576   clock reconvergence pessimism
                                 -0.032012    0.554564   library hold time
                                              0.554564   data required time
---------------------------------------------------------------------------------------------
                                              0.554564   data required time
                                             -0.881746   data arrival time
---------------------------------------------------------------------------------------------
                                              0.327182   slack (MET)


Startpoint: _210_ (rising edge-triggered flip-flop clocked by clk)
Endpoint: _210_ (rising edge-triggered flip-flop clocked by clk)
Path Group: clk
Path Type: min

Fanout         Cap        Slew       Delay        Time   Description
---------------------------------------------------------------------------------------------
                                  0.000000    0.000000   clock clk (rise edge)
                                  0.000000    0.000000   clock source latency
     1    0.013845    0.068290    0.046568    0.046568 ^ clk (in)
                                                         clk (net)
                      0.068296    0.000000    0.046568 ^ clkbuf_0_clk/A (sky130_fd_sc_hd__clkbuf_16)
     4    0.037720    0.057694    0.148400    0.194968 ^ clkbuf_0_clk/X (sky130_fd_sc_hd__clkbuf_16)
                                                         clknet_0_clk (net)
                      0.057725    0.001159    0.196126 ^ clkbuf_2_3__f_clk/A (sky130_fd_sc_hd__clkbuf_16)
     9    0.031091    0.051976    0.139860    0.335986 ^ clkbuf_2_3__f_clk/X (sky130_fd_sc_hd__clkbuf_16)
                                                         clknet_2_3__leaf_clk (net)
                      0.051977    0.000361    0.336347 ^ _210_/CLK (sky130_fd_sc_hd__dfrtp_2)
     4    0.019664    0.109262    0.401697    0.738044 ^ _210_/Q (sky130_fd_sc_hd__dfrtp_2)
                                                         counter[23] (net)
                      0.109262    0.000351    0.738394 ^ _167_/A1 (sky130_fd_sc_hd__o21ba_2)
     1    0.002666    0.032180    0.145518    0.883912 ^ _167_/X (sky130_fd_sc_hd__o21ba_2)
                                                         _015_ (net)
                      0.032180    0.000060    0.883973 ^ _210_/D (sky130_fd_sc_hd__dfrtp_2)
                                              0.883973   data arrival time

                                  0.000000    0.000000   clock clk (rise edge)
                                  0.000000    0.000000   clock source latency
     1    0.013845    0.068290    0.046568    0.046568 ^ clk (in)
                                                         clk (net)
                      0.068296    0.000000    0.046568 ^ clkbuf_0_clk/A (sky130_fd_sc_hd__clkbuf_16)
     4    0.037720    0.057694    0.148400    0.194968 ^ clkbuf_0_clk/X (sky130_fd_sc_hd__clkbuf_16)
                                                         clknet_0_clk (net)
                      0.057725    0.001159    0.196126 ^ clkbuf_2_3__f_clk/A (sky130_fd_sc_hd__clkbuf_16)
     9    0.031091    0.051976    0.139860    0.335986 ^ clkbuf_2_3__f_clk/X (sky130_fd_sc_hd__clkbuf_16)
                                                         clknet_2_3__leaf_clk (net)
                      0.051977    0.000361    0.336347 ^ _210_/CLK (sky130_fd_sc_hd__dfrtp_2)
                                  0.250000    0.586347   clock uncertainty
                                  0.000000    0.586347   clock reconvergence pessimism
                                 -0.031071    0.555276   library hold time
                                              0.555276   data required time
---------------------------------------------------------------------------------------------
                                              0.555276   data required time
                                             -0.883973   data arrival time
---------------------------------------------------------------------------------------------
                                              0.328697   slack (MET)


Startpoint: _199_ (rising edge-triggered flip-flop clocked by clk)
Endpoint: _199_ (rising edge-triggered flip-flop clocked by clk)
Path Group: clk
Path Type: min

Fanout         Cap        Slew       Delay        Time   Description
---------------------------------------------------------------------------------------------
                                  0.000000    0.000000   clock clk (rise edge)
                                  0.000000    0.000000   clock source latency
     1    0.013845    0.068290    0.046568    0.046568 ^ clk (in)
                                                         clk (net)
                      0.068296    0.000000    0.046568 ^ clkbuf_0_clk/A (sky130_fd_sc_hd__clkbuf_16)
     4    0.037720    0.057694    0.148400    0.194968 ^ clkbuf_0_clk/X (sky130_fd_sc_hd__clkbuf_16)
                                                         clknet_0_clk (net)
                      0.057727    0.001179    0.196146 ^ clkbuf_2_2__f_clk/A (sky130_fd_sc_hd__clkbuf_16)
    13    0.033787    0.054281    0.141824    0.337970 ^ clkbuf_2_2__f_clk/X (sky130_fd_sc_hd__clkbuf_16)
                                                         clknet_2_2__leaf_clk (net)
                      0.054291    0.000730    0.338700 ^ _199_/CLK (sky130_fd_sc_hd__dfrtp_2)
     7    0.035865    0.180502    0.457748    0.796449 ^ _199_/Q (sky130_fd_sc_hd__dfrtp_2)
                                                         counter[12] (net)
                      0.180505    0.000994    0.797443 ^ _137_/A (sky130_fd_sc_hd__xor2_2)
     1    0.002761    0.029964    0.086823    0.884266 v _137_/X (sky130_fd_sc_hd__xor2_2)
                                                         _003_ (net)
                      0.029964    0.000063    0.884329 v _199_/D (sky130_fd_sc_hd__dfrtp_2)
                                              0.884329   data arrival time

                                  0.000000    0.000000   clock clk (rise edge)
                                  0.000000    0.000000   clock source latency
     1    0.013845    0.068290    0.046568    0.046568 ^ clk (in)
                                                         clk (net)
                      0.068296    0.000000    0.046568 ^ clkbuf_0_clk/A (sky130_fd_sc_hd__clkbuf_16)
     4    0.037720    0.057694    0.148400    0.194968 ^ clkbuf_0_clk/X (sky130_fd_sc_hd__clkbuf_16)
                                                         clknet_0_clk (net)
                      0.057727    0.001179    0.196146 ^ clkbuf_2_2__f_clk/A (sky130_fd_sc_hd__clkbuf_16)
    13    0.033787    0.054281    0.141824    0.337970 ^ clkbuf_2_2__f_clk/X (sky130_fd_sc_hd__clkbuf_16)
                                                         clknet_2_2__leaf_clk (net)
                      0.054291    0.000730    0.338700 ^ _199_/CLK (sky130_fd_sc_hd__dfrtp_2)
                                  0.250000    0.588700   clock uncertainty
                                  0.000000    0.588700   clock reconvergence pessimism
                                 -0.033873    0.554827   library hold time
                                              0.554827   data required time
---------------------------------------------------------------------------------------------
                                              0.554827   data required time
                                             -0.884329   data arrival time
---------------------------------------------------------------------------------------------
                                              0.329502   slack (MET)


Startpoint: _213_ (rising edge-triggered flip-flop clocked by clk)
Endpoint: _213_ (rising edge-triggered flip-flop clocked by clk)
Path Group: clk
Path Type: min

Fanout         Cap        Slew       Delay        Time   Description
---------------------------------------------------------------------------------------------
                                  0.000000    0.000000   clock clk (rise edge)
                                  0.000000    0.000000   clock source latency
     1    0.013845    0.068290    0.046568    0.046568 ^ clk (in)
                                                         clk (net)
                      0.068296    0.000000    0.046568 ^ clkbuf_0_clk/A (sky130_fd_sc_hd__clkbuf_16)
     4    0.037720    0.057694    0.148400    0.194968 ^ clkbuf_0_clk/X (sky130_fd_sc_hd__clkbuf_16)
                                                         clknet_0_clk (net)
                      0.057725    0.001159    0.196126 ^ clkbuf_2_3__f_clk/A (sky130_fd_sc_hd__clkbuf_16)
     9    0.031091    0.051976    0.139860    0.335986 ^ clkbuf_2_3__f_clk/X (sky130_fd_sc_hd__clkbuf_16)
                                                         clknet_2_3__leaf_clk (net)
                      0.051978    0.000601    0.336587 ^ _213_/CLK (sky130_fd_sc_hd__dfrtp_2)
     4    0.019517    0.108611    0.401244    0.737831 ^ _213_/Q (sky130_fd_sc_hd__dfrtp_2)
                                                         counter[26] (net)
                      0.108611    0.000400    0.738231 ^ _173_/A1 (sky130_fd_sc_hd__o21ba_2)
     1    0.003150    0.034604    0.147953    0.886184 ^ _173_/X (sky130_fd_sc_hd__o21ba_2)
                                                         _018_ (net)
                      0.034604    0.000100    0.886283 ^ _213_/D (sky130_fd_sc_hd__dfrtp_2)
                                              0.886283   data arrival time

                                  0.000000    0.000000   clock clk (rise edge)
                                  0.000000    0.000000   clock source latency
     1    0.013845    0.068290    0.046568    0.046568 ^ clk (in)
                                                         clk (net)
                      0.068296    0.000000    0.046568 ^ clkbuf_0_clk/A (sky130_fd_sc_hd__clkbuf_16)
     4    0.037720    0.057694    0.148400    0.194968 ^ clkbuf_0_clk/X (sky130_fd_sc_hd__clkbuf_16)
                                                         clknet_0_clk (net)
                      0.057725    0.001159    0.196126 ^ clkbuf_2_3__f_clk/A (sky130_fd_sc_hd__clkbuf_16)
     9    0.031091    0.051976    0.139860    0.335986 ^ clkbuf_2_3__f_clk/X (sky130_fd_sc_hd__clkbuf_16)
                                                         clknet_2_3__leaf_clk (net)
                      0.051978    0.000601    0.336587 ^ _213_/CLK (sky130_fd_sc_hd__dfrtp_2)
                                  0.250000    0.586587   clock uncertainty
                                  0.000000    0.586587   clock reconvergence pessimism
                                 -0.031572    0.555015   library hold time
                                              0.555015   data required time
---------------------------------------------------------------------------------------------
                                              0.555015   data required time
                                             -0.886283   data arrival time
---------------------------------------------------------------------------------------------
                                              0.331269   slack (MET)


Startpoint: _202_ (rising edge-triggered flip-flop clocked by clk)
Endpoint: _202_ (rising edge-triggered flip-flop clocked by clk)
Path Group: clk
Path Type: min

Fanout         Cap        Slew       Delay        Time   Description
---------------------------------------------------------------------------------------------
                                  0.000000    0.000000   clock clk (rise edge)
                                  0.000000    0.000000   clock source latency
     1    0.013845    0.068290    0.046568    0.046568 ^ clk (in)
                                                         clk (net)
                      0.068296    0.000000    0.046568 ^ clkbuf_0_clk/A (sky130_fd_sc_hd__clkbuf_16)
     4    0.037720    0.057694    0.148400    0.194968 ^ clkbuf_0_clk/X (sky130_fd_sc_hd__clkbuf_16)
                                                         clknet_0_clk (net)
                      0.057727    0.001179    0.196146 ^ clkbuf_2_2__f_clk/A (sky130_fd_sc_hd__clkbuf_16)
    13    0.033787    0.054281    0.141824    0.337970 ^ clkbuf_2_2__f_clk/X (sky130_fd_sc_hd__clkbuf_16)
                                                         clknet_2_2__leaf_clk (net)
                      0.054285    0.000611    0.338581 ^ _202_/CLK (sky130_fd_sc_hd__dfrtp_2)
     4    0.018507    0.104279    0.398486    0.737067 ^ _202_/Q (sky130_fd_sc_hd__dfrtp_2)
                                                         counter[15] (net)
                      0.104280    0.000534    0.737601 ^ _145_/A1 (sky130_fd_sc_hd__o21ba_2)
     1    0.003811    0.038042    0.150354    0.887955 ^ _145_/X (sky130_fd_sc_hd__o21ba_2)
                                                         _006_ (net)
                      0.038042    0.000140    0.888095 ^ _202_/D (sky130_fd_sc_hd__dfrtp_2)
                                              0.888095   data arrival time

                                  0.000000    0.000000   clock clk (rise edge)
                                  0.000000    0.000000   clock source latency
     1    0.013845    0.068290    0.046568    0.046568 ^ clk (in)
                                                         clk (net)
                      0.068296    0.000000    0.046568 ^ clkbuf_0_clk/A (sky130_fd_sc_hd__clkbuf_16)
     4    0.037720    0.057694    0.148400    0.194968 ^ clkbuf_0_clk/X (sky130_fd_sc_hd__clkbuf_16)
                                                         clknet_0_clk (net)
                      0.057727    0.001179    0.196146 ^ clkbuf_2_2__f_clk/A (sky130_fd_sc_hd__clkbuf_16)
    13    0.033787    0.054281    0.141824    0.337970 ^ clkbuf_2_2__f_clk/X (sky130_fd_sc_hd__clkbuf_16)
                                                         clknet_2_2__leaf_clk (net)
                      0.054285    0.000611    0.338581 ^ _202_/CLK (sky130_fd_sc_hd__dfrtp_2)
                                  0.250000    0.588581   clock uncertainty
                                  0.000000    0.588581   clock reconvergence pessimism
                                 -0.031969    0.556612   library hold time
                                              0.556612   data required time
---------------------------------------------------------------------------------------------
                                              0.556612   data required time
                                             -0.888095   data arrival time
---------------------------------------------------------------------------------------------
                                              0.331483   slack (MET)


Startpoint: _203_ (rising edge-triggered flip-flop clocked by clk)
Endpoint: _203_ (rising edge-triggered flip-flop clocked by clk)
Path Group: clk
Path Type: min

Fanout         Cap        Slew       Delay        Time   Description
---------------------------------------------------------------------------------------------
                                  0.000000    0.000000   clock clk (rise edge)
                                  0.000000    0.000000   clock source latency
     1    0.013845    0.068290    0.046568    0.046568 ^ clk (in)
                                                         clk (net)
                      0.068296    0.000000    0.046568 ^ clkbuf_0_clk/A (sky130_fd_sc_hd__clkbuf_16)
     4    0.037720    0.057694    0.148400    0.194968 ^ clkbuf_0_clk/X (sky130_fd_sc_hd__clkbuf_16)
                                                         clknet_0_clk (net)
                      0.057727    0.001179    0.196146 ^ clkbuf_2_2__f_clk/A (sky130_fd_sc_hd__clkbuf_16)
    13    0.033787    0.054281    0.141824    0.337970 ^ clkbuf_2_2__f_clk/X (sky130_fd_sc_hd__clkbuf_16)
                                                         clknet_2_2__leaf_clk (net)
                      0.054290    0.000718    0.338689 ^ _203_/CLK (sky130_fd_sc_hd__dfrtp_2)
     6    0.036101    0.181537    0.458579    0.797268 ^ _203_/Q (sky130_fd_sc_hd__dfrtp_2)
                                                         counter[16] (net)
                      0.181539    0.000849    0.798117 ^ _147_/A (sky130_fd_sc_hd__xor2_2)
     1    0.003128    0.031022    0.088699    0.886815 v _147_/X (sky130_fd_sc_hd__xor2_2)
                                                         _007_ (net)
                      0.031022    0.000079    0.886894 v _203_/D (sky130_fd_sc_hd__dfrtp_2)
                                              0.886894   data arrival time

                                  0.000000    0.000000   clock clk (rise edge)
                                  0.000000    0.000000   clock source latency
     1    0.013845    0.068290    0.046568    0.046568 ^ clk (in)
                                                         clk (net)
                      0.068296    0.000000    0.046568 ^ clkbuf_0_clk/A (sky130_fd_sc_hd__clkbuf_16)
     4    0.037720    0.057694    0.148400    0.194968 ^ clkbuf_0_clk/X (sky130_fd_sc_hd__clkbuf_16)
                                                         clknet_0_clk (net)
                      0.057727    0.001179    0.196146 ^ clkbuf_2_2__f_clk/A (sky130_fd_sc_hd__clkbuf_16)
    13    0.033787    0.054281    0.141824    0.337970 ^ clkbuf_2_2__f_clk/X (sky130_fd_sc_hd__clkbuf_16)
                                                         clknet_2_2__leaf_clk (net)
                      0.054290    0.000718    0.338689 ^ _203_/CLK (sky130_fd_sc_hd__dfrtp_2)
                                  0.250000    0.588689   clock uncertainty
                                  0.000000    0.588689   clock reconvergence pessimism
                                 -0.034304    0.554384   library hold time
                                              0.554384   data required time
---------------------------------------------------------------------------------------------
                                              0.554384   data required time
                                             -0.886894   data arrival time
---------------------------------------------------------------------------------------------
                                              0.332510   slack (MET)


Startpoint: _212_ (rising edge-triggered flip-flop clocked by clk)
Endpoint: _212_ (rising edge-triggered flip-flop clocked by clk)
Path Group: clk
Path Type: min

Fanout         Cap        Slew       Delay        Time   Description
---------------------------------------------------------------------------------------------
                                  0.000000    0.000000   clock clk (rise edge)
                                  0.000000    0.000000   clock source latency
     1    0.013845    0.068290    0.046568    0.046568 ^ clk (in)
                                                         clk (net)
                      0.068296    0.000000    0.046568 ^ clkbuf_0_clk/A (sky130_fd_sc_hd__clkbuf_16)
     4    0.037720    0.057694    0.148400    0.194968 ^ clkbuf_0_clk/X (sky130_fd_sc_hd__clkbuf_16)
                                                         clknet_0_clk (net)
                      0.057725    0.001159    0.196126 ^ clkbuf_2_3__f_clk/A (sky130_fd_sc_hd__clkbuf_16)
     9    0.031091    0.051976    0.139860    0.335986 ^ clkbuf_2_3__f_clk/X (sky130_fd_sc_hd__clkbuf_16)
                                                         clknet_2_3__leaf_clk (net)
                      0.051977    0.000362    0.336348 ^ _212_/CLK (sky130_fd_sc_hd__dfrtp_2)
     5    0.023965    0.128048    0.416337    0.752685 ^ _212_/Q (sky130_fd_sc_hd__dfrtp_2)
                                                         counter[25] (net)
                      0.128048    0.000419    0.753104 ^ _169_/B1 (sky130_fd_sc_hd__a21oi_2)
     1    0.004813    0.041452    0.047751    0.800855 v _169_/Y (sky130_fd_sc_hd__a21oi_2)
                                                         _068_ (net)
                      0.041452    0.000114    0.800969 v _171_/A (sky130_fd_sc_hd__nor2_2)
     1    0.002556    0.057910    0.088412    0.889380 ^ _171_/Y (sky130_fd_sc_hd__nor2_2)
                                                         _017_ (net)
                      0.057910    0.000057    0.889437 ^ _212_/D (sky130_fd_sc_hd__dfrtp_2)
                                              0.889437   data arrival time

                                  0.000000    0.000000   clock clk (rise edge)
                                  0.000000    0.000000   clock source latency
     1    0.013845    0.068290    0.046568    0.046568 ^ clk (in)
                                                         clk (net)
                      0.068296    0.000000    0.046568 ^ clkbuf_0_clk/A (sky130_fd_sc_hd__clkbuf_16)
     4    0.037720    0.057694    0.148400    0.194968 ^ clkbuf_0_clk/X (sky130_fd_sc_hd__clkbuf_16)
                                                         clknet_0_clk (net)
                      0.057725    0.001159    0.196126 ^ clkbuf_2_3__f_clk/A (sky130_fd_sc_hd__clkbuf_16)
     9    0.031091    0.051976    0.139860    0.335986 ^ clkbuf_2_3__f_clk/X (sky130_fd_sc_hd__clkbuf_16)
                                                         clknet_2_3__leaf_clk (net)
                      0.051977    0.000362    0.336348 ^ _212_/CLK (sky130_fd_sc_hd__dfrtp_2)
                                  0.250000    0.586348   clock uncertainty
                                  0.000000    0.586348   clock reconvergence pessimism
                                 -0.036395    0.549953   library hold time
                                              0.549953   data required time
---------------------------------------------------------------------------------------------
                                              0.549953   data required time
                                             -0.889437   data arrival time
---------------------------------------------------------------------------------------------
                                              0.339484   slack (MET)


Startpoint: _205_ (rising edge-triggered flip-flop clocked by clk)
Endpoint: _205_ (rising edge-triggered flip-flop clocked by clk)
Path Group: clk
Path Type: min

Fanout         Cap        Slew       Delay        Time   Description
---------------------------------------------------------------------------------------------
                                  0.000000    0.000000   clock clk (rise edge)
                                  0.000000    0.000000   clock source latency
     1    0.013845    0.068290    0.046568    0.046568 ^ clk (in)
                                                         clk (net)
                      0.068296    0.000000    0.046568 ^ clkbuf_0_clk/A (sky130_fd_sc_hd__clkbuf_16)
     4    0.037720    0.057694    0.148400    0.194968 ^ clkbuf_0_clk/X (sky130_fd_sc_hd__clkbuf_16)
                                                         clknet_0_clk (net)
                      0.057727    0.001179    0.196146 ^ clkbuf_2_2__f_clk/A (sky130_fd_sc_hd__clkbuf_16)
    13    0.033787    0.054281    0.141824    0.337970 ^ clkbuf_2_2__f_clk/X (sky130_fd_sc_hd__clkbuf_16)
                                                         clknet_2_2__leaf_clk (net)
                      0.054286    0.000625    0.338596 ^ _205_/CLK (sky130_fd_sc_hd__dfrtp_2)
     4    0.019536    0.108704    0.402136    0.740732 ^ _205_/Q (sky130_fd_sc_hd__dfrtp_2)
                                                         counter[18] (net)
                      0.108704    0.000322    0.741054 ^ _149_/B1 (sky130_fd_sc_hd__a31oi_2)
     1    0.005627    0.041749    0.052357    0.793411 v _149_/Y (sky130_fd_sc_hd__a31oi_2)
                                                         _055_ (net)
                      0.041750    0.000216    0.793626 v _151_/A (sky130_fd_sc_hd__nor2_2)
     1    0.003733    0.069215    0.097529    0.891156 ^ _151_/Y (sky130_fd_sc_hd__nor2_2)
                                                         _009_ (net)
                      0.069215    0.000133    0.891289 ^ _205_/D (sky130_fd_sc_hd__dfrtp_2)
                                              0.891289   data arrival time

                                  0.000000    0.000000   clock clk (rise edge)
                                  0.000000    0.000000   clock source latency
     1    0.013845    0.068290    0.046568    0.046568 ^ clk (in)
                                                         clk (net)
                      0.068296    0.000000    0.046568 ^ clkbuf_0_clk/A (sky130_fd_sc_hd__clkbuf_16)
     4    0.037720    0.057694    0.148400    0.194968 ^ clkbuf_0_clk/X (sky130_fd_sc_hd__clkbuf_16)
                                                         clknet_0_clk (net)
                      0.057727    0.001179    0.196146 ^ clkbuf_2_2__f_clk/A (sky130_fd_sc_hd__clkbuf_16)
    13    0.033787    0.054281    0.141824    0.337970 ^ clkbuf_2_2__f_clk/X (sky130_fd_sc_hd__clkbuf_16)
                                                         clknet_2_2__leaf_clk (net)
                      0.054286    0.000625    0.338596 ^ _205_/CLK (sky130_fd_sc_hd__dfrtp_2)
                                  0.250000    0.588596   clock uncertainty
                                  0.000000    0.588596   clock reconvergence pessimism
                                 -0.038418    0.550178   library hold time
                                              0.550178   data required time
---------------------------------------------------------------------------------------------
                                              0.550178   data required time
                                             -0.891289   data arrival time
---------------------------------------------------------------------------------------------
                                              0.341111   slack (MET)


Startpoint: _198_ (rising edge-triggered flip-flop clocked by clk)
Endpoint: _198_ (rising edge-triggered flip-flop clocked by clk)
Path Group: clk
Path Type: min

Fanout         Cap        Slew       Delay        Time   Description
---------------------------------------------------------------------------------------------
                                  0.000000    0.000000   clock clk (rise edge)
                                  0.000000    0.000000   clock source latency
     1    0.013845    0.068290    0.046568    0.046568 ^ clk (in)
                                                         clk (net)
                      0.068296    0.000000    0.046568 ^ clkbuf_0_clk/A (sky130_fd_sc_hd__clkbuf_16)
     4    0.037720    0.057694    0.148400    0.194968 ^ clkbuf_0_clk/X (sky130_fd_sc_hd__clkbuf_16)
                                                         clknet_0_clk (net)
                      0.057727    0.001179    0.196146 ^ clkbuf_2_2__f_clk/A (sky130_fd_sc_hd__clkbuf_16)
    13    0.033787    0.054281    0.141824    0.337970 ^ clkbuf_2_2__f_clk/X (sky130_fd_sc_hd__clkbuf_16)
                                                         clknet_2_2__leaf_clk (net)
                      0.054285    0.000613    0.338584 ^ _198_/CLK (sky130_fd_sc_hd__dfrtp_2)
     8    0.027914    0.145371    0.430734    0.769317 ^ _198_/Q (sky130_fd_sc_hd__dfrtp_2)
                                                         counter[11] (net)
                      0.145371    0.000386    0.769703 ^ _135_/A (sky130_fd_sc_hd__nor2_2)
     1    0.005464    0.039260    0.062834    0.832537 v _135_/Y (sky130_fd_sc_hd__nor2_2)
                                                         _048_ (net)
                      0.039260    0.000157    0.832694 v _136_/B (sky130_fd_sc_hd__nor2_2)
     1    0.002713    0.059516    0.066382    0.899076 ^ _136_/Y (sky130_fd_sc_hd__nor2_2)
                                                         _002_ (net)
                      0.059516    0.000060    0.899136 ^ _198_/D (sky130_fd_sc_hd__dfrtp_2)
                                              0.899136   data arrival time

                                  0.000000    0.000000   clock clk (rise edge)
                                  0.000000    0.000000   clock source latency
     1    0.013845    0.068290    0.046568    0.046568 ^ clk (in)
                                                         clk (net)
                      0.068296    0.000000    0.046568 ^ clkbuf_0_clk/A (sky130_fd_sc_hd__clkbuf_16)
     4    0.037720    0.057694    0.148400    0.194968 ^ clkbuf_0_clk/X (sky130_fd_sc_hd__clkbuf_16)
                                                         clknet_0_clk (net)
                      0.057727    0.001179    0.196146 ^ clkbuf_2_2__f_clk/A (sky130_fd_sc_hd__clkbuf_16)
    13    0.033787    0.054281    0.141824    0.337970 ^ clkbuf_2_2__f_clk/X (sky130_fd_sc_hd__clkbuf_16)
                                                         clknet_2_2__leaf_clk (net)
                      0.054285    0.000613    0.338584 ^ _198_/CLK (sky130_fd_sc_hd__dfrtp_2)
                                  0.250000    0.588584   clock uncertainty
                                  0.000000    0.588584   clock reconvergence pessimism
                                 -0.036411    0.552172   library hold time
                                              0.552172   data required time
---------------------------------------------------------------------------------------------
                                              0.552172   data required time
                                             -0.899136   data arrival time
---------------------------------------------------------------------------------------------
                                              0.346964   slack (MET)


Startpoint: _209_ (rising edge-triggered flip-flop clocked by clk)
Endpoint: _209_ (rising edge-triggered flip-flop clocked by clk)
Path Group: clk
Path Type: min

Fanout         Cap        Slew       Delay        Time   Description
---------------------------------------------------------------------------------------------
                                  0.000000    0.000000   clock clk (rise edge)
                                  0.000000    0.000000   clock source latency
     1    0.013845    0.068290    0.046568    0.046568 ^ clk (in)
                                                         clk (net)
                      0.068296    0.000000    0.046568 ^ clkbuf_0_clk/A (sky130_fd_sc_hd__clkbuf_16)
     4    0.037720    0.057694    0.148400    0.194968 ^ clkbuf_0_clk/X (sky130_fd_sc_hd__clkbuf_16)
                                                         clknet_0_clk (net)
                      0.057725    0.001159    0.196126 ^ clkbuf_2_3__f_clk/A (sky130_fd_sc_hd__clkbuf_16)
     9    0.031091    0.051976    0.139860    0.335986 ^ clkbuf_2_3__f_clk/X (sky130_fd_sc_hd__clkbuf_16)
                                                         clknet_2_3__leaf_clk (net)
                      0.051977    0.000358    0.336344 ^ _209_/CLK (sky130_fd_sc_hd__dfrtp_2)
     5    0.022599    0.122078    0.411661    0.748005 ^ _209_/Q (sky130_fd_sc_hd__dfrtp_2)
                                                         counter[22] (net)
                      0.122079    0.000623    0.748629 ^ _159_/B1 (sky130_fd_sc_hd__a21oi_2)
     1    0.006602    0.042973    0.053153    0.801781 v _159_/Y (sky130_fd_sc_hd__a21oi_2)
                                                         _061_ (net)
                      0.042975    0.000290    0.802071 v _161_/A (sky130_fd_sc_hd__nor2_2)
     1    0.003252    0.064666    0.094408    0.896480 ^ _161_/Y (sky130_fd_sc_hd__nor2_2)
                                                         _014_ (net)
                      0.064666    0.000083    0.896562 ^ _209_/D (sky130_fd_sc_hd__dfrtp_2)
                                              0.896562   data arrival time

                                  0.000000    0.000000   clock clk (rise edge)
                                  0.000000    0.000000   clock source latency
     1    0.013845    0.068290    0.046568    0.046568 ^ clk (in)
                                                         clk (net)
                      0.068296    0.000000    0.046568 ^ clkbuf_0_clk/A (sky130_fd_sc_hd__clkbuf_16)
     4    0.037720    0.057694    0.148400    0.194968 ^ clkbuf_0_clk/X (sky130_fd_sc_hd__clkbuf_16)
                                                         clknet_0_clk (net)
                      0.057725    0.001159    0.196126 ^ clkbuf_2_3__f_clk/A (sky130_fd_sc_hd__clkbuf_16)
     9    0.031091    0.051976    0.139860    0.335986 ^ clkbuf_2_3__f_clk/X (sky130_fd_sc_hd__clkbuf_16)
                                                         clknet_2_3__leaf_clk (net)
                      0.051977    0.000358    0.336344 ^ _209_/CLK (sky130_fd_sc_hd__dfrtp_2)
                                  0.250000    0.586344   clock uncertainty
                                  0.000000    0.586344   clock reconvergence pessimism
                                 -0.037793    0.548551   library hold time
                                              0.548551   data required time
---------------------------------------------------------------------------------------------
                                              0.548551   data required time
                                             -0.896562   data arrival time
---------------------------------------------------------------------------------------------
                                              0.348012   slack (MET)


Startpoint: _207_ (rising edge-triggered flip-flop clocked by clk)
Endpoint: _208_ (rising edge-triggered flip-flop clocked by clk)
Path Group: clk
Path Type: min

Fanout         Cap        Slew       Delay        Time   Description
---------------------------------------------------------------------------------------------
                                  0.000000    0.000000   clock clk (rise edge)
                                  0.000000    0.000000   clock source latency
     1    0.013845    0.068290    0.046568    0.046568 ^ clk (in)
                                                         clk (net)
                      0.068296    0.000000    0.046568 ^ clkbuf_0_clk/A (sky130_fd_sc_hd__clkbuf_16)
     4    0.037720    0.057694    0.148400    0.194968 ^ clkbuf_0_clk/X (sky130_fd_sc_hd__clkbuf_16)
                                                         clknet_0_clk (net)
                      0.057725    0.001159    0.196126 ^ clkbuf_2_3__f_clk/A (sky130_fd_sc_hd__clkbuf_16)
     9    0.031091    0.051976    0.139860    0.335986 ^ clkbuf_2_3__f_clk/X (sky130_fd_sc_hd__clkbuf_16)
                                                         clknet_2_3__leaf_clk (net)
                      0.051978    0.000539    0.336525 ^ _207_/CLK (sky130_fd_sc_hd__dfrtp_2)
     5    0.022858    0.123185    0.412619    0.749144 ^ _207_/Q (sky130_fd_sc_hd__dfrtp_2)
                                                         counter[20] (net)
                      0.123185    0.000536    0.749680 ^ _156_/A1 (sky130_fd_sc_hd__a21oi_2)
     1    0.004667    0.031843    0.069724    0.819404 v _156_/Y (sky130_fd_sc_hd__a21oi_2)
                                                         _059_ (net)
                      0.031843    0.000108    0.819511 v _158_/B1 (sky130_fd_sc_hd__a21oi_2)
     1    0.002608    0.066849    0.085557    0.905068 ^ _158_/Y (sky130_fd_sc_hd__a21oi_2)
                                                         _013_ (net)
                      0.066849    0.000058    0.905126 ^ _208_/D (sky130_fd_sc_hd__dfrtp_2)
                                              0.905126   data arrival time

                                  0.000000    0.000000   clock clk (rise edge)
                                  0.000000    0.000000   clock source latency
     1    0.013845    0.068290    0.046568    0.046568 ^ clk (in)
                                                         clk (net)
                      0.068296    0.000000    0.046568 ^ clkbuf_0_clk/A (sky130_fd_sc_hd__clkbuf_16)
     4    0.037720    0.057694    0.148400    0.194968 ^ clkbuf_0_clk/X (sky130_fd_sc_hd__clkbuf_16)
                                                         clknet_0_clk (net)
                      0.057725    0.001159    0.196126 ^ clkbuf_2_3__f_clk/A (sky130_fd_sc_hd__clkbuf_16)
     9    0.031091    0.051976    0.139860    0.335986 ^ clkbuf_2_3__f_clk/X (sky130_fd_sc_hd__clkbuf_16)
                                                         clknet_2_3__leaf_clk (net)
                      0.051978    0.000548    0.336534 ^ _208_/CLK (sky130_fd_sc_hd__dfrtp_2)
                                  0.250000    0.586534   clock uncertainty
                                  0.000000    0.586534   clock reconvergence pessimism
                                 -0.038245    0.548289   library hold time
                                              0.548289   data required time
---------------------------------------------------------------------------------------------
                                              0.548289   data required time
                                             -0.905126   data arrival time
---------------------------------------------------------------------------------------------
                                              0.356837   slack (MET)


Startpoint: _200_ (rising edge-triggered flip-flop clocked by clk)
Endpoint: _200_ (rising edge-triggered flip-flop clocked by clk)
Path Group: clk
Path Type: min

Fanout         Cap        Slew       Delay        Time   Description
---------------------------------------------------------------------------------------------
                                  0.000000    0.000000   clock clk (rise edge)
                                  0.000000    0.000000   clock source latency
     1    0.013845    0.068290    0.046568    0.046568 ^ clk (in)
                                                         clk (net)
                      0.068296    0.000000    0.046568 ^ clkbuf_0_clk/A (sky130_fd_sc_hd__clkbuf_16)
     4    0.037720    0.057694    0.148400    0.194968 ^ clkbuf_0_clk/X (sky130_fd_sc_hd__clkbuf_16)
                                                         clknet_0_clk (net)
                      0.057727    0.001179    0.196146 ^ clkbuf_2_2__f_clk/A (sky130_fd_sc_hd__clkbuf_16)
    13    0.033787    0.054281    0.141824    0.337970 ^ clkbuf_2_2__f_clk/X (sky130_fd_sc_hd__clkbuf_16)
                                                         clknet_2_2__leaf_clk (net)
                      0.054290    0.000706    0.338676 ^ _200_/CLK (sky130_fd_sc_hd__dfrtp_2)
     6    0.027721    0.144595    0.429881    0.768558 ^ _200_/Q (sky130_fd_sc_hd__dfrtp_2)
                                                         counter[13] (net)
                      0.144597    0.000793    0.769351 ^ _138_/B1 (sky130_fd_sc_hd__a21oi_2)
     1    0.005819    0.045792    0.052557    0.821908 v _138_/Y (sky130_fd_sc_hd__a21oi_2)
                                                         _049_ (net)
                      0.045793    0.000178    0.822087 v _140_/A (sky130_fd_sc_hd__nor2_2)
     1    0.002585    0.058919    0.090451    0.912538 ^ _140_/Y (sky130_fd_sc_hd__nor2_2)
                                                         _004_ (net)
                      0.058919    0.000056    0.912594 ^ _200_/D (sky130_fd_sc_hd__dfrtp_2)
                                              0.912594   data arrival time

                                  0.000000    0.000000   clock clk (rise edge)
                                  0.000000    0.000000   clock source latency
     1    0.013845    0.068290    0.046568    0.046568 ^ clk (in)
                                                         clk (net)
                      0.068296    0.000000    0.046568 ^ clkbuf_0_clk/A (sky130_fd_sc_hd__clkbuf_16)
     4    0.037720    0.057694    0.148400    0.194968 ^ clkbuf_0_clk/X (sky130_fd_sc_hd__clkbuf_16)
                                                         clknet_0_clk (net)
                      0.057727    0.001179    0.196146 ^ clkbuf_2_2__f_clk/A (sky130_fd_sc_hd__clkbuf_16)
    13    0.033787    0.054281    0.141824    0.337970 ^ clkbuf_2_2__f_clk/X (sky130_fd_sc_hd__clkbuf_16)
                                                         clknet_2_2__leaf_clk (net)
                      0.054290    0.000706    0.338676 ^ _200_/CLK (sky130_fd_sc_hd__dfrtp_2)
                                  0.250000    0.588676   clock uncertainty
                                  0.000000    0.588676   clock reconvergence pessimism
                                 -0.036287    0.552389   library hold time
                                              0.552389   data required time
---------------------------------------------------------------------------------------------
                                              0.552389   data required time
                                             -0.912594   data arrival time
---------------------------------------------------------------------------------------------
                                              0.360204   slack (MET)


Startpoint: _215_ (rising edge-triggered flip-flop clocked by clk)
Endpoint: _215_ (rising edge-triggered flip-flop clocked by clk)
Path Group: clk
Path Type: min

Fanout         Cap        Slew       Delay        Time   Description
---------------------------------------------------------------------------------------------
                                  0.000000    0.000000   clock clk (rise edge)
                                  0.000000    0.000000   clock source latency
     1    0.013845    0.068290    0.046568    0.046568 ^ clk (in)
                                                         clk (net)
                      0.068296    0.000000    0.046568 ^ clkbuf_0_clk/A (sky130_fd_sc_hd__clkbuf_16)
     4    0.037720    0.057694    0.148400    0.194968 ^ clkbuf_0_clk/X (sky130_fd_sc_hd__clkbuf_16)
                                                         clknet_0_clk (net)
                      0.057731    0.001252    0.196220 ^ clkbuf_2_1__f_clk/A (sky130_fd_sc_hd__clkbuf_16)
    13    0.035731    0.055964    0.143282    0.339502 ^ clkbuf_2_1__f_clk/X (sky130_fd_sc_hd__clkbuf_16)
                                                         clknet_2_1__leaf_clk (net)
                      0.055994    0.000667    0.340169 ^ _215_/CLK (sky130_fd_sc_hd__dfrtp_2)
     4    0.022621    0.122174    0.413256    0.753425 ^ _215_/Q (sky130_fd_sc_hd__dfrtp_2)
                                                         counter[28] (net)
                      0.122174    0.000463    0.753887 ^ _176_/B1 (sky130_fd_sc_hd__a21oi_2)
     1    0.007259    0.044097    0.055330    0.809217 v _176_/Y (sky130_fd_sc_hd__a21oi_2)
                                                         _072_ (net)
                      0.044099    0.000356    0.809573 v _178_/A (sky130_fd_sc_hd__nor2_2)
     1    0.004385    0.075425    0.103414    0.912987 ^ _178_/Y (sky130_fd_sc_hd__nor2_2)
                                                         _020_ (net)
                      0.075425    0.000172    0.913159 ^ _215_/D (sky130_fd_sc_hd__dfrtp_2)
                                              0.913159   data arrival time

                                  0.000000    0.000000   clock clk (rise edge)
                                  0.000000    0.000000   clock source latency
     1    0.013845    0.068290    0.046568    0.046568 ^ clk (in)
                                                         clk (net)
                      0.068296    0.000000    0.046568 ^ clkbuf_0_clk/A (sky130_fd_sc_hd__clkbuf_16)
     4    0.037720    0.057694    0.148400    0.194968 ^ clkbuf_0_clk/X (sky130_fd_sc_hd__clkbuf_16)
                                                         clknet_0_clk (net)
                      0.057731    0.001252    0.196220 ^ clkbuf_2_1__f_clk/A (sky130_fd_sc_hd__clkbuf_16)
    13    0.035731    0.055964    0.143282    0.339502 ^ clkbuf_2_1__f_clk/X (sky130_fd_sc_hd__clkbuf_16)
                                                         clknet_2_1__leaf_clk (net)
                      0.055994    0.000667    0.340169 ^ _215_/CLK (sky130_fd_sc_hd__dfrtp_2)
                                  0.250000    0.590169   clock uncertainty
                                  0.000000    0.590169   clock reconvergence pessimism
                                 -0.039468    0.550701   library hold time
                                              0.550701   data required time
---------------------------------------------------------------------------------------------
                                              0.550701   data required time
                                             -0.913159   data arrival time
---------------------------------------------------------------------------------------------
                                              0.362458   slack (MET)


Startpoint: _187_ (rising edge-triggered flip-flop clocked by clk)
Endpoint: _189_ (rising edge-triggered flip-flop clocked by clk)
Path Group: clk
Path Type: min

Fanout         Cap        Slew       Delay        Time   Description
---------------------------------------------------------------------------------------------
                                  0.000000    0.000000   clock clk (rise edge)
                                  0.000000    0.000000   clock source latency
     1    0.013845    0.068290    0.046568    0.046568 ^ clk (in)
                                                         clk (net)
                      0.068296    0.000000    0.046568 ^ clkbuf_0_clk/A (sky130_fd_sc_hd__clkbuf_16)
     4    0.037720    0.057694    0.148400    0.194968 ^ clkbuf_0_clk/X (sky130_fd_sc_hd__clkbuf_16)
                                                         clknet_0_clk (net)
                      0.057731    0.001252    0.196220 ^ clkbuf_2_1__f_clk/A (sky130_fd_sc_hd__clkbuf_16)
    13    0.035731    0.055964    0.143282    0.339502 ^ clkbuf_2_1__f_clk/X (sky130_fd_sc_hd__clkbuf_16)
                                                         clknet_2_1__leaf_clk (net)
                      0.055995    0.000693    0.340195 ^ _187_/CLK (sky130_fd_sc_hd__dfrtp_2)
     6    0.026523    0.094585    0.454576    0.794771 v _187_/Q (sky130_fd_sc_hd__dfrtp_2)
                                                         counter[0] (net)
                      0.094592    0.000851    0.795622 v _110_/A (sky130_fd_sc_hd__nand2_2)
     2    0.013315    0.079799    0.106711    0.902334 ^ _110_/Y (sky130_fd_sc_hd__nand2_2)
                                                         _033_ (net)
                      0.079837    0.000638    0.902971 ^ _113_/B (sky130_fd_sc_hd__xnor2_2)
     1    0.003422    0.032542    0.059794    0.962766 v _113_/Y (sky130_fd_sc_hd__xnor2_2)
                                                         _022_ (net)
                      0.032542    0.000116    0.962881 v _189_/D (sky130_fd_sc_hd__dfrtp_2)
                                              0.962881   data arrival time

                                  0.000000    0.000000   clock clk (rise edge)
                                  0.000000    0.000000   clock source latency
     1    0.013845    0.068290    0.046568    0.046568 ^ clk (in)
                                                         clk (net)
                      0.068296    0.000000    0.046568 ^ clkbuf_0_clk/A (sky130_fd_sc_hd__clkbuf_16)
     4    0.037720    0.057694    0.148400    0.194968 ^ clkbuf_0_clk/X (sky130_fd_sc_hd__clkbuf_16)
                                                         clknet_0_clk (net)
                      0.057731    0.001252    0.196220 ^ clkbuf_2_1__f_clk/A (sky130_fd_sc_hd__clkbuf_16)
    13    0.035731    0.055964    0.143282    0.339502 ^ clkbuf_2_1__f_clk/X (sky130_fd_sc_hd__clkbuf_16)
                                                         clknet_2_1__leaf_clk (net)
                      0.055993    0.000637    0.340139 ^ _189_/CLK (sky130_fd_sc_hd__dfrtp_2)
                                  0.250000    0.590139   clock uncertainty
                                  0.000000    0.590139   clock reconvergence pessimism
                                 -0.034535    0.555604   library hold time
                                              0.555604   data required time
---------------------------------------------------------------------------------------------
                                              0.555604   data required time
                                             -0.962881   data arrival time
---------------------------------------------------------------------------------------------
                                              0.407277   slack (MET)


Startpoint: _203_ (rising edge-triggered flip-flop clocked by clk)
Endpoint: _204_ (rising edge-triggered flip-flop clocked by clk)
Path Group: clk
Path Type: min

Fanout         Cap        Slew       Delay        Time   Description
---------------------------------------------------------------------------------------------
                                  0.000000    0.000000   clock clk (rise edge)
                                  0.000000    0.000000   clock source latency
     1    0.013845    0.068290    0.046568    0.046568 ^ clk (in)
                                                         clk (net)
                      0.068296    0.000000    0.046568 ^ clkbuf_0_clk/A (sky130_fd_sc_hd__clkbuf_16)
     4    0.037720    0.057694    0.148400    0.194968 ^ clkbuf_0_clk/X (sky130_fd_sc_hd__clkbuf_16)
                                                         clknet_0_clk (net)
                      0.057727    0.001179    0.196146 ^ clkbuf_2_2__f_clk/A (sky130_fd_sc_hd__clkbuf_16)
    13    0.033787    0.054281    0.141824    0.337970 ^ clkbuf_2_2__f_clk/X (sky130_fd_sc_hd__clkbuf_16)
                                                         clknet_2_2__leaf_clk (net)
                      0.054290    0.000718    0.338689 ^ _203_/CLK (sky130_fd_sc_hd__dfrtp_2)
     6    0.033982    0.112860    0.471860    0.810549 v _203_/Q (sky130_fd_sc_hd__dfrtp_2)
                                                         counter[16] (net)
                      0.112867    0.000924    0.811473 v _146_/A (sky130_fd_sc_hd__nand2_2)
     1    0.008748    0.062694    0.098125    0.909598 ^ _146_/Y (sky130_fd_sc_hd__nand2_2)
                                                         _054_ (net)
                      0.062694    0.000188    0.909786 ^ _148_/B (sky130_fd_sc_hd__xnor2_2)
     1    0.002629    0.027960    0.053498    0.963284 v _148_/Y (sky130_fd_sc_hd__xnor2_2)
                                                         _008_ (net)
                      0.027961    0.000059    0.963343 v _204_/D (sky130_fd_sc_hd__dfrtp_2)
                                              0.963343   data arrival time

                                  0.000000    0.000000   clock clk (rise edge)
                                  0.000000    0.000000   clock source latency
     1    0.013845    0.068290    0.046568    0.046568 ^ clk (in)
                                                         clk (net)
                      0.068296    0.000000    0.046568 ^ clkbuf_0_clk/A (sky130_fd_sc_hd__clkbuf_16)
     4    0.037720    0.057694    0.148400    0.194968 ^ clkbuf_0_clk/X (sky130_fd_sc_hd__clkbuf_16)
                                                         clknet_0_clk (net)
                      0.057727    0.001179    0.196146 ^ clkbuf_2_2__f_clk/A (sky130_fd_sc_hd__clkbuf_16)
    13    0.033787    0.054281    0.141824    0.337970 ^ clkbuf_2_2__f_clk/X (sky130_fd_sc_hd__clkbuf_16)
                                                         clknet_2_2__leaf_clk (net)
                      0.054290    0.000708    0.338678 ^ _204_/CLK (sky130_fd_sc_hd__dfrtp_2)
                                  0.250000    0.588678   clock uncertainty
                                  0.000000    0.588678   clock reconvergence pessimism
                                 -0.033058    0.555620   library hold time
                                              0.555620   data required time
---------------------------------------------------------------------------------------------
                                              0.555620   data required time
                                             -0.963343   data arrival time
---------------------------------------------------------------------------------------------
                                              0.407723   slack (MET)


Startpoint: _191_ (rising edge-triggered flip-flop clocked by clk)
Endpoint: _192_ (rising edge-triggered flip-flop clocked by clk)
Path Group: clk
Path Type: min

Fanout         Cap        Slew       Delay        Time   Description
---------------------------------------------------------------------------------------------
                                  0.000000    0.000000   clock clk (rise edge)
                                  0.000000    0.000000   clock source latency
     1    0.013845    0.068290    0.046568    0.046568 ^ clk (in)
                                                         clk (net)
                      0.068296    0.000000    0.046568 ^ clkbuf_0_clk/A (sky130_fd_sc_hd__clkbuf_16)
     4    0.037720    0.057694    0.148400    0.194968 ^ clkbuf_0_clk/X (sky130_fd_sc_hd__clkbuf_16)
                                                         clknet_0_clk (net)
                      0.057723    0.001128    0.196096 ^ clkbuf_2_0__f_clk/A (sky130_fd_sc_hd__clkbuf_16)
     9    0.031471    0.052276    0.140057    0.336153 ^ clkbuf_2_0__f_clk/X (sky130_fd_sc_hd__clkbuf_16)
                                                         clknet_2_0__leaf_clk (net)
                      0.052280    0.000885    0.337038 ^ _191_/CLK (sky130_fd_sc_hd__dfrtp_2)
     6    0.032385    0.108864    0.467325    0.804362 v _191_/Q (sky130_fd_sc_hd__dfrtp_2)
                                                         counter[4] (net)
                      0.108867    0.000682    0.805044 v _117_/A (sky130_fd_sc_hd__nand2_2)
     1    0.009529    0.065248    0.099260    0.904304 ^ _117_/Y (sky130_fd_sc_hd__nand2_2)
                                                         _037_ (net)
                      0.065249    0.000355    0.904659 ^ _119_/B (sky130_fd_sc_hd__xnor2_2)
     1    0.003323    0.030901    0.056552    0.961211 v _119_/Y (sky130_fd_sc_hd__xnor2_2)
                                                         _027_ (net)
                      0.030901    0.000111    0.961322 v _192_/D (sky130_fd_sc_hd__dfrtp_2)
                                              0.961322   data arrival time

                                  0.000000    0.000000   clock clk (rise edge)
                                  0.000000    0.000000   clock source latency
     1    0.013845    0.068290    0.046568    0.046568 ^ clk (in)
                                                         clk (net)
                      0.068296    0.000000    0.046568 ^ clkbuf_0_clk/A (sky130_fd_sc_hd__clkbuf_16)
     4    0.037720    0.057694    0.148400    0.194968 ^ clkbuf_0_clk/X (sky130_fd_sc_hd__clkbuf_16)
                                                         clknet_0_clk (net)
                      0.057723    0.001128    0.196096 ^ clkbuf_2_0__f_clk/A (sky130_fd_sc_hd__clkbuf_16)
     9    0.031471    0.052276    0.140057    0.336153 ^ clkbuf_2_0__f_clk/X (sky130_fd_sc_hd__clkbuf_16)
                                                         clknet_2_0__leaf_clk (net)
                      0.052280    0.000871    0.337023 ^ _192_/CLK (sky130_fd_sc_hd__dfrtp_2)
                                  0.250000    0.587023   clock uncertainty
                                  0.000000    0.587023   clock reconvergence pessimism
                                 -0.034713    0.552310   library hold time
                                              0.552310   data required time
---------------------------------------------------------------------------------------------
                                              0.552310   data required time
                                             -0.961322   data arrival time
---------------------------------------------------------------------------------------------
                                              0.409012   slack (MET)


Startpoint: _197_ (rising edge-triggered flip-flop clocked by clk)
Endpoint: _197_ (rising edge-triggered flip-flop clocked by clk)
Path Group: clk
Path Type: min

Fanout         Cap        Slew       Delay        Time   Description
---------------------------------------------------------------------------------------------
                                  0.000000    0.000000   clock clk (rise edge)
                                  0.000000    0.000000   clock source latency
     1    0.013845    0.068290    0.046568    0.046568 ^ clk (in)
                                                         clk (net)
                      0.068296    0.000000    0.046568 ^ clkbuf_0_clk/A (sky130_fd_sc_hd__clkbuf_16)
     4    0.037720    0.057694    0.148400    0.194968 ^ clkbuf_0_clk/X (sky130_fd_sc_hd__clkbuf_16)
                                                         clknet_0_clk (net)
                      0.057723    0.001128    0.196096 ^ clkbuf_2_0__f_clk/A (sky130_fd_sc_hd__clkbuf_16)
     9    0.031471    0.052276    0.140057    0.336153 ^ clkbuf_2_0__f_clk/X (sky130_fd_sc_hd__clkbuf_16)
                                                         clknet_2_0__leaf_clk (net)
                      0.052279    0.000789    0.336942 ^ _197_/CLK (sky130_fd_sc_hd__dfrtp_2)
     4    0.018854    0.105795    0.398878    0.735820 ^ _197_/Q (sky130_fd_sc_hd__dfrtp_2)
                                                         counter[10] (net)
                      0.105796    0.000582    0.736402 ^ _132_/B1_N (sky130_fd_sc_hd__o21ba_2)
     1    0.005151    0.030797    0.174120    0.910522 v _132_/X (sky130_fd_sc_hd__o21ba_2)
                                                         _046_ (net)
                      0.030797    0.000180    0.910702 v _133_/B (sky130_fd_sc_hd__nor2_2)
     1    0.002494    0.057469    0.061563    0.972265 ^ _133_/Y (sky130_fd_sc_hd__nor2_2)
                                                         _001_ (net)
                      0.057469    0.000054    0.972319 ^ _197_/D (sky130_fd_sc_hd__dfrtp_2)
                                              0.972319   data arrival time

                                  0.000000    0.000000   clock clk (rise edge)
                                  0.000000    0.000000   clock source latency
     1    0.013845    0.068290    0.046568    0.046568 ^ clk (in)
                                                         clk (net)
                      0.068296    0.000000    0.046568 ^ clkbuf_0_clk/A (sky130_fd_sc_hd__clkbuf_16)
     4    0.037720    0.057694    0.148400    0.194968 ^ clkbuf_0_clk/X (sky130_fd_sc_hd__clkbuf_16)
                                                         clknet_0_clk (net)
                      0.057723    0.001128    0.196096 ^ clkbuf_2_0__f_clk/A (sky130_fd_sc_hd__clkbuf_16)
     9    0.031471    0.052276    0.140057    0.336153 ^ clkbuf_2_0__f_clk/X (sky130_fd_sc_hd__clkbuf_16)
                                                         clknet_2_0__leaf_clk (net)
                      0.052279    0.000789    0.336942 ^ _197_/CLK (sky130_fd_sc_hd__dfrtp_2)
                                  0.250000    0.586942   clock uncertainty
                                  0.000000    0.586942   clock reconvergence pessimism
                                 -0.036263    0.550680   library hold time
                                              0.550680   data required time
---------------------------------------------------------------------------------------------
                                              0.550680   data required time
                                             -0.972319   data arrival time
---------------------------------------------------------------------------------------------
                                              0.421639   slack (MET)


Startpoint: _190_ (rising edge-triggered flip-flop clocked by clk)
Endpoint: _190_ (rising edge-triggered flip-flop clocked by clk)
Path Group: clk
Path Type: min

Fanout         Cap        Slew       Delay        Time   Description
---------------------------------------------------------------------------------------------
                                  0.000000    0.000000   clock clk (rise edge)
                                  0.000000    0.000000   clock source latency
     1    0.013845    0.068290    0.046568    0.046568 ^ clk (in)
                                                         clk (net)
                      0.068296    0.000000    0.046568 ^ clkbuf_0_clk/A (sky130_fd_sc_hd__clkbuf_16)
     4    0.037720    0.057694    0.148400    0.194968 ^ clkbuf_0_clk/X (sky130_fd_sc_hd__clkbuf_16)
                                                         clknet_0_clk (net)
                      0.057731    0.001252    0.196220 ^ clkbuf_2_1__f_clk/A (sky130_fd_sc_hd__clkbuf_16)
    13    0.035731    0.055964    0.143282    0.339502 ^ clkbuf_2_1__f_clk/X (sky130_fd_sc_hd__clkbuf_16)
                                                         clknet_2_1__leaf_clk (net)
                      0.055996    0.000709    0.340210 ^ _190_/CLK (sky130_fd_sc_hd__dfrtp_2)
     3    0.017049    0.097959    0.394197    0.734407 ^ _190_/Q (sky130_fd_sc_hd__dfrtp_2)
                                                         counter[3] (net)
                      0.097960    0.000468    0.734875 ^ _115_/B1 (sky130_fd_sc_hd__a31o_2)
     1    0.004518    0.040146    0.115131    0.850006 ^ _115_/X (sky130_fd_sc_hd__a31o_2)
                                                         _036_ (net)
                      0.040147    0.000180    0.850186 ^ _116_/B (sky130_fd_sc_hd__and2b_2)
     1    0.004745    0.043155    0.136673    0.986859 ^ _116_/X (sky130_fd_sc_hd__and2b_2)
                                                         _025_ (net)
                      0.043156    0.000199    0.987058 ^ _190_/D (sky130_fd_sc_hd__dfrtp_2)
                                              0.987058   data arrival time

                                  0.000000    0.000000   clock clk (rise edge)
                                  0.000000    0.000000   clock source latency
     1    0.013845    0.068290    0.046568    0.046568 ^ clk (in)
                                                         clk (net)
                      0.068296    0.000000    0.046568 ^ clkbuf_0_clk/A (sky130_fd_sc_hd__clkbuf_16)
     4    0.037720    0.057694    0.148400    0.194968 ^ clkbuf_0_clk/X (sky130_fd_sc_hd__clkbuf_16)
                                                         clknet_0_clk (net)
                      0.057731    0.001252    0.196220 ^ clkbuf_2_1__f_clk/A (sky130_fd_sc_hd__clkbuf_16)
    13    0.035731    0.055964    0.143282    0.339502 ^ clkbuf_2_1__f_clk/X (sky130_fd_sc_hd__clkbuf_16)
                                                         clknet_2_1__leaf_clk (net)
                      0.055996    0.000709    0.340210 ^ _190_/CLK (sky130_fd_sc_hd__dfrtp_2)
                                  0.250000    0.590210   clock uncertainty
                                  0.000000    0.590210   clock reconvergence pessimism
                                 -0.032793    0.557417   library hold time
                                              0.557417   data required time
---------------------------------------------------------------------------------------------
                                              0.557417   data required time
                                             -0.987058   data arrival time
---------------------------------------------------------------------------------------------
                                              0.429641   slack (MET)


Startpoint: _193_ (rising edge-triggered flip-flop clocked by clk)
Endpoint: _193_ (rising edge-triggered flip-flop clocked by clk)
Path Group: clk
Path Type: min

Fanout         Cap        Slew       Delay        Time   Description
---------------------------------------------------------------------------------------------
                                  0.000000    0.000000   clock clk (rise edge)
                                  0.000000    0.000000   clock source latency
     1    0.013845    0.068290    0.046568    0.046568 ^ clk (in)
                                                         clk (net)
                      0.068296    0.000000    0.046568 ^ clkbuf_0_clk/A (sky130_fd_sc_hd__clkbuf_16)
     4    0.037720    0.057694    0.148400    0.194968 ^ clkbuf_0_clk/X (sky130_fd_sc_hd__clkbuf_16)
                                                         clknet_0_clk (net)
                      0.057723    0.001128    0.196096 ^ clkbuf_2_0__f_clk/A (sky130_fd_sc_hd__clkbuf_16)
     9    0.031471    0.052276    0.140057    0.336153 ^ clkbuf_2_0__f_clk/X (sky130_fd_sc_hd__clkbuf_16)
                                                         clknet_2_0__leaf_clk (net)
                      0.052279    0.000791    0.336944 ^ _193_/CLK (sky130_fd_sc_hd__dfrtp_2)
     4    0.020223    0.111756    0.403523    0.740467 ^ _193_/Q (sky130_fd_sc_hd__dfrtp_2)
                                                         counter[6] (net)
                      0.111758    0.000651    0.741118 ^ _121_/B1 (sky130_fd_sc_hd__a31o_2)
     1    0.003000    0.033177    0.112675    0.853793 ^ _121_/X (sky130_fd_sc_hd__a31o_2)
                                                         _039_ (net)
                      0.033177    0.000075    0.853868 ^ _122_/B (sky130_fd_sc_hd__and2b_2)
     1    0.003903    0.039442    0.130796    0.984664 ^ _122_/X (sky130_fd_sc_hd__and2b_2)
                                                         _028_ (net)
                      0.039442    0.000140    0.984804 ^ _193_/D (sky130_fd_sc_hd__dfrtp_2)
                                              0.984804   data arrival time

                                  0.000000    0.000000   clock clk (rise edge)
                                  0.000000    0.000000   clock source latency
     1    0.013845    0.068290    0.046568    0.046568 ^ clk (in)
                                                         clk (net)
                      0.068296    0.000000    0.046568 ^ clkbuf_0_clk/A (sky130_fd_sc_hd__clkbuf_16)
     4    0.037720    0.057694    0.148400    0.194968 ^ clkbuf_0_clk/X (sky130_fd_sc_hd__clkbuf_16)
                                                         clknet_0_clk (net)
                      0.057723    0.001128    0.196096 ^ clkbuf_2_0__f_clk/A (sky130_fd_sc_hd__clkbuf_16)
     9    0.031471    0.052276    0.140057    0.336153 ^ clkbuf_2_0__f_clk/X (sky130_fd_sc_hd__clkbuf_16)
                                                         clknet_2_0__leaf_clk (net)
                      0.052279    0.000791    0.336944 ^ _193_/CLK (sky130_fd_sc_hd__dfrtp_2)
                                  0.250000    0.586944   clock uncertainty
                                  0.000000    0.586944   clock reconvergence pessimism
                                 -0.032532    0.554411   library hold time
                                              0.554411   data required time
---------------------------------------------------------------------------------------------
                                              0.554411   data required time
                                             -0.984804   data arrival time
---------------------------------------------------------------------------------------------
                                              0.430393   slack (MET)


Startpoint: _196_ (rising edge-triggered flip-flop clocked by clk)
Endpoint: _196_ (rising edge-triggered flip-flop clocked by clk)
Path Group: clk
Path Type: min

Fanout         Cap        Slew       Delay        Time   Description
---------------------------------------------------------------------------------------------
                                  0.000000    0.000000   clock clk (rise edge)
                                  0.000000    0.000000   clock source latency
     1    0.013845    0.068290    0.046568    0.046568 ^ clk (in)
                                                         clk (net)
                      0.068296    0.000000    0.046568 ^ clkbuf_0_clk/A (sky130_fd_sc_hd__clkbuf_16)
     4    0.037720    0.057694    0.148400    0.194968 ^ clkbuf_0_clk/X (sky130_fd_sc_hd__clkbuf_16)
                                                         clknet_0_clk (net)
                      0.057723    0.001128    0.196096 ^ clkbuf_2_0__f_clk/A (sky130_fd_sc_hd__clkbuf_16)
     9    0.031471    0.052276    0.140057    0.336153 ^ clkbuf_2_0__f_clk/X (sky130_fd_sc_hd__clkbuf_16)
                                                         clknet_2_0__leaf_clk (net)
                      0.052277    0.000457    0.336610 ^ _196_/CLK (sky130_fd_sc_hd__dfrtp_2)
     5    0.022849    0.085849    0.444343    0.780952 v _196_/Q (sky130_fd_sc_hd__dfrtp_2)
                                                         counter[9] (net)
                      0.085854    0.000746    0.781698 v _128_/B (sky130_fd_sc_hd__nand2_2)
     2    0.008341    0.060735    0.094686    0.876384 ^ _128_/Y (sky130_fd_sc_hd__nand2_2)
                                                         _043_ (net)
                      0.060736    0.000362    0.876746 ^ _130_/A2 (sky130_fd_sc_hd__o21a_2)
     1    0.003594    0.033036    0.111904    0.988650 ^ _130_/X (sky130_fd_sc_hd__o21a_2)
                                                         _031_ (net)
                      0.033036    0.000128    0.988778 ^ _196_/D (sky130_fd_sc_hd__dfrtp_2)
                                              0.988778   data arrival time

                                  0.000000    0.000000   clock clk (rise edge)
                                  0.000000    0.000000   clock source latency
     1    0.013845    0.068290    0.046568    0.046568 ^ clk (in)
                                                         clk (net)
                      0.068296    0.000000    0.046568 ^ clkbuf_0_clk/A (sky130_fd_sc_hd__clkbuf_16)
     4    0.037720    0.057694    0.148400    0.194968 ^ clkbuf_0_clk/X (sky130_fd_sc_hd__clkbuf_16)
                                                         clknet_0_clk (net)
                      0.057723    0.001128    0.196096 ^ clkbuf_2_0__f_clk/A (sky130_fd_sc_hd__clkbuf_16)
     9    0.031471    0.052276    0.140057    0.336153 ^ clkbuf_2_0__f_clk/X (sky130_fd_sc_hd__clkbuf_16)
                                                         clknet_2_0__leaf_clk (net)
                      0.052277    0.000457    0.336610 ^ _196_/CLK (sky130_fd_sc_hd__dfrtp_2)
                                  0.250000    0.586610   clock uncertainty
                                  0.000000    0.586610   clock reconvergence pessimism
                                 -0.031207    0.555403   library hold time
                                              0.555403   data required time
---------------------------------------------------------------------------------------------
                                              0.555403   data required time
                                             -0.988778   data arrival time
---------------------------------------------------------------------------------------------
                                              0.433375   slack (MET)


Startpoint: _188_ (rising edge-triggered flip-flop clocked by clk)
Endpoint: _188_ (rising edge-triggered flip-flop clocked by clk)
Path Group: clk
Path Type: min

Fanout         Cap        Slew       Delay        Time   Description
---------------------------------------------------------------------------------------------
                                  0.000000    0.000000   clock clk (rise edge)
                                  0.000000    0.000000   clock source latency
     1    0.013845    0.068290    0.046568    0.046568 ^ clk (in)
                                                         clk (net)
                      0.068296    0.000000    0.046568 ^ clkbuf_0_clk/A (sky130_fd_sc_hd__clkbuf_16)
     4    0.037720    0.057694    0.148400    0.194968 ^ clkbuf_0_clk/X (sky130_fd_sc_hd__clkbuf_16)
                                                         clknet_0_clk (net)
                      0.057731    0.001252    0.196220 ^ clkbuf_2_1__f_clk/A (sky130_fd_sc_hd__clkbuf_16)
    13    0.035731    0.055964    0.143282    0.339502 ^ clkbuf_2_1__f_clk/X (sky130_fd_sc_hd__clkbuf_16)
                                                         clknet_2_1__leaf_clk (net)
                      0.055993    0.000644    0.340146 ^ _188_/CLK (sky130_fd_sc_hd__dfrtp_2)
     5    0.025985    0.136907    0.424762    0.764907 ^ _188_/Q (sky130_fd_sc_hd__dfrtp_2)
                                                         counter[1] (net)
                      0.136908    0.000687    0.765595 ^ _111_/B (sky130_fd_sc_hd__or2_2)
     1    0.003848    0.034355    0.130749    0.896344 ^ _111_/X (sky130_fd_sc_hd__or2_2)
                                                         _034_ (net)
                      0.034367    0.000150    0.896494 ^ _112_/B (sky130_fd_sc_hd__and2_2)
     1    0.003843    0.041513    0.129687    1.026181 ^ _112_/X (sky130_fd_sc_hd__and2_2)
                                                         _011_ (net)
                      0.041513    0.000142    1.026322 ^ _188_/D (sky130_fd_sc_hd__dfrtp_2)
                                              1.026322   data arrival time

                                  0.000000    0.000000   clock clk (rise edge)
                                  0.000000    0.000000   clock source latency
     1    0.013845    0.068290    0.046568    0.046568 ^ clk (in)
                                                         clk (net)
                      0.068296    0.000000    0.046568 ^ clkbuf_0_clk/A (sky130_fd_sc_hd__clkbuf_16)
     4    0.037720    0.057694    0.148400    0.194968 ^ clkbuf_0_clk/X (sky130_fd_sc_hd__clkbuf_16)
                                                         clknet_0_clk (net)
                      0.057731    0.001252    0.196220 ^ clkbuf_2_1__f_clk/A (sky130_fd_sc_hd__clkbuf_16)
    13    0.035731    0.055964    0.143282    0.339502 ^ clkbuf_2_1__f_clk/X (sky130_fd_sc_hd__clkbuf_16)
                                                         clknet_2_1__leaf_clk (net)
                      0.055993    0.000644    0.340146 ^ _188_/CLK (sky130_fd_sc_hd__dfrtp_2)
                                  0.250000    0.590146   clock uncertainty
                                  0.000000    0.590146   clock reconvergence pessimism
                                 -0.032454    0.557692   library hold time
                                              0.557692   data required time
---------------------------------------------------------------------------------------------
                                              0.557692   data required time
                                             -1.026322   data arrival time
---------------------------------------------------------------------------------------------
                                              0.468630   slack (MET)


Startpoint: _217_ (rising edge-triggered flip-flop clocked by clk)
Endpoint: _218_ (rising edge-triggered flip-flop clocked by clk)
Path Group: clk
Path Type: min

Fanout         Cap        Slew       Delay        Time   Description
---------------------------------------------------------------------------------------------
                                  0.000000    0.000000   clock clk (rise edge)
                                  0.000000    0.000000   clock source latency
     1    0.013845    0.068290    0.046568    0.046568 ^ clk (in)
                                                         clk (net)
                      0.068296    0.000000    0.046568 ^ clkbuf_0_clk/A (sky130_fd_sc_hd__clkbuf_16)
     4    0.037720    0.057694    0.148400    0.194968 ^ clkbuf_0_clk/X (sky130_fd_sc_hd__clkbuf_16)
                                                         clknet_0_clk (net)
                      0.057731    0.001252    0.196220 ^ clkbuf_2_1__f_clk/A (sky130_fd_sc_hd__clkbuf_16)
    13    0.035731    0.055964    0.143282    0.339502 ^ clkbuf_2_1__f_clk/X (sky130_fd_sc_hd__clkbuf_16)
                                                         clknet_2_1__leaf_clk (net)
                      0.055987    0.000485    0.339987 ^ _217_/CLK (sky130_fd_sc_hd__dfrtp_2)
     3    0.015949    0.093193    0.390546    0.730532 ^ _217_/Q (sky130_fd_sc_hd__dfrtp_2)
                                                         counter[30] (net)
                      0.093193    0.000261    0.730793 ^ _182_/A (sky130_fd_sc_hd__and4_2)
     1    0.010182    0.085634    0.242190    0.972983 ^ _182_/X (sky130_fd_sc_hd__and4_2)
                                                         _076_ (net)
                      0.085634    0.000346    0.973328 ^ _184_/B (sky130_fd_sc_hd__xor2_2)
     1    0.002514    0.029229    0.059749    1.033077 v _184_/X (sky130_fd_sc_hd__xor2_2)
                                                         _024_ (net)
                      0.029229    0.000055    1.033132 v _218_/D (sky130_fd_sc_hd__dfrtp_2)
                                              1.033132   data arrival time

                                  0.000000    0.000000   clock clk (rise edge)
                                  0.000000    0.000000   clock source latency
     1    0.013845    0.068290    0.046568    0.046568 ^ clk (in)
                                                         clk (net)
                      0.068296    0.000000    0.046568 ^ clkbuf_0_clk/A (sky130_fd_sc_hd__clkbuf_16)
     4    0.037720    0.057694    0.148400    0.194968 ^ clkbuf_0_clk/X (sky130_fd_sc_hd__clkbuf_16)
                                                         clknet_0_clk (net)
                      0.057731    0.001252    0.196220 ^ clkbuf_2_1__f_clk/A (sky130_fd_sc_hd__clkbuf_16)
    13    0.035731    0.055964    0.143282    0.339502 ^ clkbuf_2_1__f_clk/X (sky130_fd_sc_hd__clkbuf_16)
                                                         clknet_2_1__leaf_clk (net)
                      0.055994    0.000674    0.340176 ^ _218_/CLK (sky130_fd_sc_hd__dfrtp_2)
                                  0.250000    0.590176   clock uncertainty
                                  0.000000    0.590176   clock reconvergence pessimism
                                 -0.033186    0.556990   library hold time
                                              0.556990   data required time
---------------------------------------------------------------------------------------------
                                              0.556990   data required time
                                             -1.033132   data arrival time
---------------------------------------------------------------------------------------------
                                              0.476142   slack (MET)


Startpoint: _200_ (rising edge-triggered flip-flop clocked by clk)
Endpoint: _201_ (rising edge-triggered flip-flop clocked by clk)
Path Group: clk
Path Type: min

Fanout         Cap        Slew       Delay        Time   Description
---------------------------------------------------------------------------------------------
                                  0.000000    0.000000   clock clk (rise edge)
                                  0.000000    0.000000   clock source latency
     1    0.013845    0.068290    0.046568    0.046568 ^ clk (in)
                                                         clk (net)
                      0.068296    0.000000    0.046568 ^ clkbuf_0_clk/A (sky130_fd_sc_hd__clkbuf_16)
     4    0.037720    0.057694    0.148400    0.194968 ^ clkbuf_0_clk/X (sky130_fd_sc_hd__clkbuf_16)
                                                         clknet_0_clk (net)
                      0.057727    0.001179    0.196146 ^ clkbuf_2_2__f_clk/A (sky130_fd_sc_hd__clkbuf_16)
    13    0.033787    0.054281    0.141824    0.337970 ^ clkbuf_2_2__f_clk/X (sky130_fd_sc_hd__clkbuf_16)
                                                         clknet_2_2__leaf_clk (net)
                      0.054290    0.000706    0.338676 ^ _200_/CLK (sky130_fd_sc_hd__dfrtp_2)
     6    0.027721    0.144595    0.429881    0.768558 ^ _200_/Q (sky130_fd_sc_hd__dfrtp_2)
                                                         counter[13] (net)
                      0.144596    0.000705    0.769263 ^ _139_/B (sky130_fd_sc_hd__and3_2)
     2    0.015149    0.096516    0.244964    1.014228 ^ _139_/X (sky130_fd_sc_hd__and3_2)
                                                         _050_ (net)
                      0.096516    0.000401    1.014629 ^ _142_/B (sky130_fd_sc_hd__xor2_2)
     1    0.002252    0.028500    0.061818    1.076447 v _142_/X (sky130_fd_sc_hd__xor2_2)
                                                         _005_ (net)
                      0.028500    0.000046    1.076492 v _201_/D (sky130_fd_sc_hd__dfrtp_2)
                                              1.076492   data arrival time

                                  0.000000    0.000000   clock clk (rise edge)
                                  0.000000    0.000000   clock source latency
     1    0.013845    0.068290    0.046568    0.046568 ^ clk (in)
                                                         clk (net)
                      0.068296    0.000000    0.046568 ^ clkbuf_0_clk/A (sky130_fd_sc_hd__clkbuf_16)
     4    0.037720    0.057694    0.148400    0.194968 ^ clkbuf_0_clk/X (sky130_fd_sc_hd__clkbuf_16)
                                                         clknet_0_clk (net)
                      0.057727    0.001179    0.196146 ^ clkbuf_2_2__f_clk/A (sky130_fd_sc_hd__clkbuf_16)
    13    0.033787    0.054281    0.141824    0.337970 ^ clkbuf_2_2__f_clk/X (sky130_fd_sc_hd__clkbuf_16)
                                                         clknet_2_2__leaf_clk (net)
                      0.054284    0.000585    0.338555 ^ _201_/CLK (sky130_fd_sc_hd__dfrtp_2)
                                  0.250000    0.588555   clock uncertainty
                                  0.000000    0.588555   clock reconvergence pessimism
                                 -0.033279    0.555276   library hold time
                                              0.555276   data required time
---------------------------------------------------------------------------------------------
                                              0.555276   data required time
                                             -1.076492   data arrival time
---------------------------------------------------------------------------------------------
                                              0.521216   slack (MET)


Startpoint: _193_ (rising edge-triggered flip-flop clocked by clk)
Endpoint: _194_ (rising edge-triggered flip-flop clocked by clk)
Path Group: clk
Path Type: min

Fanout         Cap        Slew       Delay        Time   Description
---------------------------------------------------------------------------------------------
                                  0.000000    0.000000   clock clk (rise edge)
                                  0.000000    0.000000   clock source latency
     1    0.013845    0.068290    0.046568    0.046568 ^ clk (in)
                                                         clk (net)
                      0.068296    0.000000    0.046568 ^ clkbuf_0_clk/A (sky130_fd_sc_hd__clkbuf_16)
     4    0.037720    0.057694    0.148400    0.194968 ^ clkbuf_0_clk/X (sky130_fd_sc_hd__clkbuf_16)
                                                         clknet_0_clk (net)
                      0.057723    0.001128    0.196096 ^ clkbuf_2_0__f_clk/A (sky130_fd_sc_hd__clkbuf_16)
     9    0.031471    0.052276    0.140057    0.336153 ^ clkbuf_2_0__f_clk/X (sky130_fd_sc_hd__clkbuf_16)
                                                         clknet_2_0__leaf_clk (net)
                      0.052279    0.000791    0.336944 ^ _193_/CLK (sky130_fd_sc_hd__dfrtp_2)
     4    0.020223    0.111756    0.403523    0.740467 ^ _193_/Q (sky130_fd_sc_hd__dfrtp_2)
                                                         counter[6] (net)
                      0.111757    0.000535    0.741002 ^ _120_/C (sky130_fd_sc_hd__and4_2)
     2    0.005531    0.063239    0.236803    0.977804 ^ _120_/X (sky130_fd_sc_hd__and4_2)
                                                         _038_ (net)
                      0.063239    0.000169    0.977974 ^ _125_/A2 (sky130_fd_sc_hd__o21a_2)
     1    0.004009    0.034995    0.114627    1.092601 ^ _125_/X (sky130_fd_sc_hd__o21a_2)
                                                         _029_ (net)
                      0.034995    0.000146    1.092747 ^ _194_/D (sky130_fd_sc_hd__dfrtp_2)
                                              1.092747   data arrival time

                                  0.000000    0.000000   clock clk (rise edge)
                                  0.000000    0.000000   clock source latency
     1    0.013845    0.068290    0.046568    0.046568 ^ clk (in)
                                                         clk (net)
                      0.068296    0.000000    0.046568 ^ clkbuf_0_clk/A (sky130_fd_sc_hd__clkbuf_16)
     4    0.037720    0.057694    0.148400    0.194968 ^ clkbuf_0_clk/X (sky130_fd_sc_hd__clkbuf_16)
                                                         clknet_0_clk (net)
                      0.057723    0.001128    0.196096 ^ clkbuf_2_0__f_clk/A (sky130_fd_sc_hd__clkbuf_16)
     9    0.031471    0.052276    0.140057    0.336153 ^ clkbuf_2_0__f_clk/X (sky130_fd_sc_hd__clkbuf_16)
                                                         clknet_2_0__leaf_clk (net)
                      0.052280    0.000880    0.337033 ^ _194_/CLK (sky130_fd_sc_hd__dfrtp_2)
                                  0.250000    0.587033   clock uncertainty
                                  0.000000    0.587033   clock reconvergence pessimism
                                 -0.031612    0.555421   library hold time
                                              0.555421   data required time
---------------------------------------------------------------------------------------------
                                              0.555421   data required time
                                             -1.092747   data arrival time
---------------------------------------------------------------------------------------------
                                              0.537327   slack (MET)


Startpoint: _215_ (rising edge-triggered flip-flop clocked by clk)
Endpoint: _216_ (rising edge-triggered flip-flop clocked by clk)
Path Group: clk
Path Type: min

Fanout         Cap        Slew       Delay        Time   Description
---------------------------------------------------------------------------------------------
                                  0.000000    0.000000   clock clk (rise edge)
                                  0.000000    0.000000   clock source latency
     1    0.013845    0.068290    0.046568    0.046568 ^ clk (in)
                                                         clk (net)
                      0.068296    0.000000    0.046568 ^ clkbuf_0_clk/A (sky130_fd_sc_hd__clkbuf_16)
     4    0.037720    0.057694    0.148400    0.194968 ^ clkbuf_0_clk/X (sky130_fd_sc_hd__clkbuf_16)
                                                         clknet_0_clk (net)
                      0.057731    0.001252    0.196220 ^ clkbuf_2_1__f_clk/A (sky130_fd_sc_hd__clkbuf_16)
    13    0.035731    0.055964    0.143282    0.339502 ^ clkbuf_2_1__f_clk/X (sky130_fd_sc_hd__clkbuf_16)
                                                         clknet_2_1__leaf_clk (net)
                      0.055994    0.000667    0.340169 ^ _215_/CLK (sky130_fd_sc_hd__dfrtp_2)
     4    0.022621    0.122174    0.413256    0.753425 ^ _215_/Q (sky130_fd_sc_hd__dfrtp_2)
                                                         counter[28] (net)
                      0.122174    0.000371    0.753795 ^ _177_/A (sky130_fd_sc_hd__and3_2)
     2    0.011442    0.081365    0.220624    0.974419 ^ _177_/X (sky130_fd_sc_hd__and3_2)
                                                         _073_ (net)
                      0.081365    0.000338    0.974757 ^ _181_/A2 (sky130_fd_sc_hd__o21ba_2)
     1    0.002710    0.032437    0.123031    1.097788 ^ _181_/X (sky130_fd_sc_hd__o21ba_2)
                                                         _021_ (net)
                      0.032437    0.000064    1.097852 ^ _216_/D (sky130_fd_sc_hd__dfrtp_2)
                                              1.097852   data arrival time

                                  0.000000    0.000000   clock clk (rise edge)
                                  0.000000    0.000000   clock source latency
     1    0.013845    0.068290    0.046568    0.046568 ^ clk (in)
                                                         clk (net)
                      0.068296    0.000000    0.046568 ^ clkbuf_0_clk/A (sky130_fd_sc_hd__clkbuf_16)
     4    0.037720    0.057694    0.148400    0.194968 ^ clkbuf_0_clk/X (sky130_fd_sc_hd__clkbuf_16)
                                                         clknet_0_clk (net)
                      0.057731    0.001252    0.196220 ^ clkbuf_2_1__f_clk/A (sky130_fd_sc_hd__clkbuf_16)
    13    0.035731    0.055964    0.143282    0.339502 ^ clkbuf_2_1__f_clk/X (sky130_fd_sc_hd__clkbuf_16)
                                                         clknet_2_1__leaf_clk (net)
                      0.055990    0.000573    0.340075 ^ _216_/CLK (sky130_fd_sc_hd__dfrtp_2)
                                  0.250000    0.590075   clock uncertainty
                                  0.000000    0.590075   clock reconvergence pessimism
                                 -0.030577    0.559498   library hold time
                                              0.559498   data required time
---------------------------------------------------------------------------------------------
                                              0.559498   data required time
                                             -1.097852   data arrival time
---------------------------------------------------------------------------------------------
                                              0.538354   slack (MET)


Startpoint: _205_ (rising edge-triggered flip-flop clocked by clk)
Endpoint: _206_ (rising edge-triggered flip-flop clocked by clk)
Path Group: clk
Path Type: min

Fanout         Cap        Slew       Delay        Time   Description
---------------------------------------------------------------------------------------------
                                  0.000000    0.000000   clock clk (rise edge)
                                  0.000000    0.000000   clock source latency
     1    0.013845    0.068290    0.046568    0.046568 ^ clk (in)
                                                         clk (net)
                      0.068296    0.000000    0.046568 ^ clkbuf_0_clk/A (sky130_fd_sc_hd__clkbuf_16)
     4    0.037720    0.057694    0.148400    0.194968 ^ clkbuf_0_clk/X (sky130_fd_sc_hd__clkbuf_16)
                                                         clknet_0_clk (net)
                      0.057727    0.001179    0.196146 ^ clkbuf_2_2__f_clk/A (sky130_fd_sc_hd__clkbuf_16)
    13    0.033787    0.054281    0.141824    0.337970 ^ clkbuf_2_2__f_clk/X (sky130_fd_sc_hd__clkbuf_16)
                                                         clknet_2_2__leaf_clk (net)
                      0.054286    0.000625    0.338596 ^ _205_/CLK (sky130_fd_sc_hd__dfrtp_2)
     4    0.019536    0.108704    0.402136    0.740732 ^ _205_/Q (sky130_fd_sc_hd__dfrtp_2)
                                                         counter[18] (net)
                      0.108704    0.000238    0.740969 ^ _150_/C (sky130_fd_sc_hd__and4_2)
     2    0.010156    0.085491    0.260305    1.001274 ^ _150_/X (sky130_fd_sc_hd__and4_2)
                                                         _056_ (net)
                      0.085491    0.000331    1.001605 ^ _154_/A2 (sky130_fd_sc_hd__o21ba_2)
     1    0.004001    0.039145    0.130799    1.132404 ^ _154_/X (sky130_fd_sc_hd__o21ba_2)
                                                         _010_ (net)
                      0.039145    0.000151    1.132555 ^ _206_/D (sky130_fd_sc_hd__dfrtp_2)
                                              1.132555   data arrival time

                                  0.000000    0.000000   clock clk (rise edge)
                                  0.000000    0.000000   clock source latency
     1    0.013845    0.068290    0.046568    0.046568 ^ clk (in)
                                                         clk (net)
                      0.068296    0.000000    0.046568 ^ clkbuf_0_clk/A (sky130_fd_sc_hd__clkbuf_16)
     4    0.037720    0.057694    0.148400    0.194968 ^ clkbuf_0_clk/X (sky130_fd_sc_hd__clkbuf_16)
                                                         clknet_0_clk (net)
                      0.057727    0.001179    0.196146 ^ clkbuf_2_2__f_clk/A (sky130_fd_sc_hd__clkbuf_16)
    13    0.033787    0.054281    0.141824    0.337970 ^ clkbuf_2_2__f_clk/X (sky130_fd_sc_hd__clkbuf_16)
                                                         clknet_2_2__leaf_clk (net)
                      0.054290    0.000719    0.338689 ^ _206_/CLK (sky130_fd_sc_hd__dfrtp_2)
                                  0.250000    0.588689   clock uncertainty
                                  0.000000    0.588689   clock reconvergence pessimism
                                 -0.032196    0.556493   library hold time
                                              0.556493   data required time
---------------------------------------------------------------------------------------------
                                              0.556493   data required time
                                             -1.132555   data arrival time
---------------------------------------------------------------------------------------------
                                              0.576062   slack (MET)


Startpoint: _216_ (rising edge-triggered flip-flop clocked by clk)
Endpoint: _217_ (rising edge-triggered flip-flop clocked by clk)
Path Group: clk
Path Type: min

Fanout         Cap        Slew       Delay        Time   Description
---------------------------------------------------------------------------------------------
                                  0.000000    0.000000   clock clk (rise edge)
                                  0.000000    0.000000   clock source latency
     1    0.013845    0.068290    0.046568    0.046568 ^ clk (in)
                                                         clk (net)
                      0.068296    0.000000    0.046568 ^ clkbuf_0_clk/A (sky130_fd_sc_hd__clkbuf_16)
     4    0.037720    0.057694    0.148400    0.194968 ^ clkbuf_0_clk/X (sky130_fd_sc_hd__clkbuf_16)
                                                         clknet_0_clk (net)
                      0.057731    0.001252    0.196220 ^ clkbuf_2_1__f_clk/A (sky130_fd_sc_hd__clkbuf_16)
    13    0.035731    0.055964    0.143282    0.339502 ^ clkbuf_2_1__f_clk/X (sky130_fd_sc_hd__clkbuf_16)
                                                         clknet_2_1__leaf_clk (net)
                      0.055990    0.000573    0.340075 ^ _216_/CLK (sky130_fd_sc_hd__dfrtp_2)
     3    0.015988    0.093369    0.390657    0.730732 ^ _216_/Q (sky130_fd_sc_hd__dfrtp_2)
                                                         counter[29] (net)
                      0.093369    0.000306    0.731037 ^ _179_/B (sky130_fd_sc_hd__and2_2)
     2    0.008005    0.059535    0.164637    0.895674 ^ _179_/X (sky130_fd_sc_hd__and2_2)
                                                         _074_ (net)
                      0.059535    0.000266    0.895940 ^ _180_/C (sky130_fd_sc_hd__and3_2)
     2    0.013007    0.086873    0.217688    1.113628 ^ _180_/X (sky130_fd_sc_hd__and3_2)
                                                         _075_ (net)
                      0.086874    0.000402    1.114030 ^ _183_/B (sky130_fd_sc_hd__xor2_2)
     1    0.002786    0.030011    0.061139    1.175169 v _183_/X (sky130_fd_sc_hd__xor2_2)
                                                         _023_ (net)
                      0.030011    0.000085    1.175254 v _217_/D (sky130_fd_sc_hd__dfrtp_2)
                                              1.175254   data arrival time

                                  0.000000    0.000000   clock clk (rise edge)
                                  0.000000    0.000000   clock source latency
     1    0.013845    0.068290    0.046568    0.046568 ^ clk (in)
                                                         clk (net)
                      0.068296    0.000000    0.046568 ^ clkbuf_0_clk/A (sky130_fd_sc_hd__clkbuf_16)
     4    0.037720    0.057694    0.148400    0.194968 ^ clkbuf_0_clk/X (sky130_fd_sc_hd__clkbuf_16)
                                                         clknet_0_clk (net)
                      0.057731    0.001252    0.196220 ^ clkbuf_2_1__f_clk/A (sky130_fd_sc_hd__clkbuf_16)
    13    0.035731    0.055964    0.143282    0.339502 ^ clkbuf_2_1__f_clk/X (sky130_fd_sc_hd__clkbuf_16)
                                                         clknet_2_1__leaf_clk (net)
                      0.055987    0.000485    0.339987 ^ _217_/CLK (sky130_fd_sc_hd__dfrtp_2)
                                  0.250000    0.589987   clock uncertainty
                                  0.000000    0.589987   clock reconvergence pessimism
                                 -0.033506    0.556481   library hold time
                                              0.556481   data required time
---------------------------------------------------------------------------------------------
                                              0.556481   data required time
                                             -1.175254   data arrival time
---------------------------------------------------------------------------------------------
                                              0.618773   slack (MET)


Startpoint: _198_ (rising edge-triggered flip-flop clocked by clk)
Endpoint: _207_ (rising edge-triggered flip-flop clocked by clk)
Path Group: clk
Path Type: min

Fanout         Cap        Slew       Delay        Time   Description
---------------------------------------------------------------------------------------------
                                  0.000000    0.000000   clock clk (rise edge)
                                  0.000000    0.000000   clock source latency
     1    0.013845    0.068290    0.046568    0.046568 ^ clk (in)
                                                         clk (net)
                      0.068296    0.000000    0.046568 ^ clkbuf_0_clk/A (sky130_fd_sc_hd__clkbuf_16)
     4    0.037720    0.057694    0.148400    0.194968 ^ clkbuf_0_clk/X (sky130_fd_sc_hd__clkbuf_16)
                                                         clknet_0_clk (net)
                      0.057727    0.001179    0.196146 ^ clkbuf_2_2__f_clk/A (sky130_fd_sc_hd__clkbuf_16)
    13    0.033787    0.054281    0.141824    0.337970 ^ clkbuf_2_2__f_clk/X (sky130_fd_sc_hd__clkbuf_16)
                                                         clknet_2_2__leaf_clk (net)
                      0.054285    0.000613    0.338584 ^ _198_/CLK (sky130_fd_sc_hd__dfrtp_2)
     8    0.026338    0.094063    0.453606    0.792190 v _198_/Q (sky130_fd_sc_hd__dfrtp_2)
                                                         counter[11] (net)
                      0.094063    0.000322    0.792512 v _153_/A (sky130_fd_sc_hd__and4_2)
     6    0.030715    0.094581    0.265478    1.057990 v _153_/X (sky130_fd_sc_hd__and4_2)
                                                         _058_ (net)
                      0.094597    0.001183    1.059173 v _155_/B (sky130_fd_sc_hd__xor2_2)
     1    0.002544    0.065439    0.124571    1.183745 ^ _155_/X (sky130_fd_sc_hd__xor2_2)
                                                         _012_ (net)
                      0.065439    0.000055    1.183799 ^ _207_/D (sky130_fd_sc_hd__dfrtp_2)
                                              1.183799   data arrival time

                                  0.000000    0.000000   clock clk (rise edge)
                                  0.000000    0.000000   clock source latency
     1    0.013845    0.068290    0.046568    0.046568 ^ clk (in)
                                                         clk (net)
                      0.068296    0.000000    0.046568 ^ clkbuf_0_clk/A (sky130_fd_sc_hd__clkbuf_16)
     4    0.037720    0.057694    0.148400    0.194968 ^ clkbuf_0_clk/X (sky130_fd_sc_hd__clkbuf_16)
                                                         clknet_0_clk (net)
                      0.057725    0.001159    0.196126 ^ clkbuf_2_3__f_clk/A (sky130_fd_sc_hd__clkbuf_16)
     9    0.031091    0.051976    0.139860    0.335986 ^ clkbuf_2_3__f_clk/X (sky130_fd_sc_hd__clkbuf_16)
                                                         clknet_2_3__leaf_clk (net)
                      0.051978    0.000539    0.336525 ^ _207_/CLK (sky130_fd_sc_hd__dfrtp_2)
                                  0.250000    0.586525   clock uncertainty
                                  0.000000    0.586525   clock reconvergence pessimism
                                 -0.037953    0.548572   library hold time
                                              0.548572   data required time
---------------------------------------------------------------------------------------------
                                              0.548572   data required time
                                             -1.183799   data arrival time
---------------------------------------------------------------------------------------------
                                              0.635228   slack (MET)


Startpoint: _197_ (rising edge-triggered flip-flop clocked by clk)
Endpoint: _221_ (rising edge-triggered flip-flop clocked by clk)
Path Group: clk
Path Type: min

Fanout         Cap        Slew       Delay        Time   Description
---------------------------------------------------------------------------------------------
                                  0.000000    0.000000   clock clk (rise edge)
                                  0.000000    0.000000   clock source latency
     1    0.013845    0.068290    0.046568    0.046568 ^ clk (in)
                                                         clk (net)
                      0.068296    0.000000    0.046568 ^ clkbuf_0_clk/A (sky130_fd_sc_hd__clkbuf_16)
     4    0.037720    0.057694    0.148400    0.194968 ^ clkbuf_0_clk/X (sky130_fd_sc_hd__clkbuf_16)
                                                         clknet_0_clk (net)
                      0.057723    0.001128    0.196096 ^ clkbuf_2_0__f_clk/A (sky130_fd_sc_hd__clkbuf_16)
     9    0.031471    0.052276    0.140057    0.336153 ^ clkbuf_2_0__f_clk/X (sky130_fd_sc_hd__clkbuf_16)
                                                         clknet_2_0__leaf_clk (net)
                      0.052279    0.000789    0.336942 ^ _197_/CLK (sky130_fd_sc_hd__dfrtp_2)
     4    0.018854    0.105795    0.398878    0.735820 ^ _197_/Q (sky130_fd_sc_hd__dfrtp_2)
                                                         counter[10] (net)
                      0.105795    0.000359    0.736179 ^ hold85/A (sky130_fd_sc_hd__dlygate4sd3_1)
     1    0.003101    0.055562    0.555473    1.291652 ^ hold85/X (sky130_fd_sc_hd__dlygate4sd3_1)
                                                         net85 (net)
                      0.055562    0.000078    1.291730 ^ _221_/D (sky130_fd_sc_hd__dfrtp_2)
                                              1.291730   data arrival time

                                  0.000000    0.000000   clock clk (rise edge)
                                  0.000000    0.000000   clock source latency
     1    0.013845    0.068290    0.046568    0.046568 ^ clk (in)
                                                         clk (net)
                      0.068296    0.000000    0.046568 ^ clkbuf_0_clk/A (sky130_fd_sc_hd__clkbuf_16)
     4    0.037720    0.057694    0.148400    0.194968 ^ clkbuf_0_clk/X (sky130_fd_sc_hd__clkbuf_16)
                                                         clknet_0_clk (net)
                      0.057723    0.001128    0.196096 ^ clkbuf_2_0__f_clk/A (sky130_fd_sc_hd__clkbuf_16)
     9    0.031471    0.052276    0.140057    0.336153 ^ clkbuf_2_0__f_clk/X (sky130_fd_sc_hd__clkbuf_16)
                                                         clknet_2_0__leaf_clk (net)
                      0.052279    0.000814    0.336967 ^ _221_/CLK (sky130_fd_sc_hd__dfrtp_2)
                                  0.250000    0.586967   clock uncertainty
                                  0.000000    0.586967   clock reconvergence pessimism
                                 -0.035868    0.551099   library hold time
                                              0.551099   data required time
---------------------------------------------------------------------------------------------
                                              0.551099   data required time
                                             -1.291730   data arrival time
---------------------------------------------------------------------------------------------
                                              0.740631   slack (MET)


Startpoint: _202_ (rising edge-triggered flip-flop clocked by clk)
Endpoint: _226_ (rising edge-triggered flip-flop clocked by clk)
Path Group: clk
Path Type: min

Fanout         Cap        Slew       Delay        Time   Description
---------------------------------------------------------------------------------------------
                                  0.000000    0.000000   clock clk (rise edge)
                                  0.000000    0.000000   clock source latency
     1    0.013845    0.068290    0.046568    0.046568 ^ clk (in)
                                                         clk (net)
                      0.068296    0.000000    0.046568 ^ clkbuf_0_clk/A (sky130_fd_sc_hd__clkbuf_16)
     4    0.037720    0.057694    0.148400    0.194968 ^ clkbuf_0_clk/X (sky130_fd_sc_hd__clkbuf_16)
                                                         clknet_0_clk (net)
                      0.057727    0.001179    0.196146 ^ clkbuf_2_2__f_clk/A (sky130_fd_sc_hd__clkbuf_16)
    13    0.033787    0.054281    0.141824    0.337970 ^ clkbuf_2_2__f_clk/X (sky130_fd_sc_hd__clkbuf_16)
                                                         clknet_2_2__leaf_clk (net)
                      0.054285    0.000611    0.338581 ^ _202_/CLK (sky130_fd_sc_hd__dfrtp_2)
     4    0.018507    0.104279    0.398486    0.737067 ^ _202_/Q (sky130_fd_sc_hd__dfrtp_2)
                                                         counter[15] (net)
                      0.104279    0.000276    0.737344 ^ hold86/A (sky130_fd_sc_hd__dlygate4sd3_1)
     1    0.003374    0.058007    0.557599    1.294943 ^ hold86/X (sky130_fd_sc_hd__dlygate4sd3_1)
                                                         net86 (net)
                      0.058007    0.000089    1.295032 ^ _226_/D (sky130_fd_sc_hd__dfrtp_2)
                                              1.295032   data arrival time

                                  0.000000    0.000000   clock clk (rise edge)
                                  0.000000    0.000000   clock source latency
     1    0.013845    0.068290    0.046568    0.046568 ^ clk (in)
                                                         clk (net)
                      0.068296    0.000000    0.046568 ^ clkbuf_0_clk/A (sky130_fd_sc_hd__clkbuf_16)
     4    0.037720    0.057694    0.148400    0.194968 ^ clkbuf_0_clk/X (sky130_fd_sc_hd__clkbuf_16)
                                                         clknet_0_clk (net)
                      0.057727    0.001179    0.196146 ^ clkbuf_2_2__f_clk/A (sky130_fd_sc_hd__clkbuf_16)
    13    0.033787    0.054281    0.141824    0.337970 ^ clkbuf_2_2__f_clk/X (sky130_fd_sc_hd__clkbuf_16)
                                                         clknet_2_2__leaf_clk (net)
                      0.054290    0.000705    0.338675 ^ _226_/CLK (sky130_fd_sc_hd__dfrtp_2)
                                  0.250000    0.588675   clock uncertainty
                                  0.000000    0.588675   clock reconvergence pessimism
                                 -0.036099    0.552576   library hold time
                                              0.552576   data required time
---------------------------------------------------------------------------------------------
                                              0.552576   data required time
                                             -1.295032   data arrival time
---------------------------------------------------------------------------------------------
                                              0.742456   slack (MET)


Startpoint: _196_ (rising edge-triggered flip-flop clocked by clk)
Endpoint: _220_ (rising edge-triggered flip-flop clocked by clk)
Path Group: clk
Path Type: min

Fanout         Cap        Slew       Delay        Time   Description
---------------------------------------------------------------------------------------------
                                  0.000000    0.000000   clock clk (rise edge)
                                  0.000000    0.000000   clock source latency
     1    0.013845    0.068290    0.046568    0.046568 ^ clk (in)
                                                         clk (net)
                      0.068296    0.000000    0.046568 ^ clkbuf_0_clk/A (sky130_fd_sc_hd__clkbuf_16)
     4    0.037720    0.057694    0.148400    0.194968 ^ clkbuf_0_clk/X (sky130_fd_sc_hd__clkbuf_16)
                                                         clknet_0_clk (net)
                      0.057723    0.001128    0.196096 ^ clkbuf_2_0__f_clk/A (sky130_fd_sc_hd__clkbuf_16)
     9    0.031471    0.052276    0.140057    0.336153 ^ clkbuf_2_0__f_clk/X (sky130_fd_sc_hd__clkbuf_16)
                                                         clknet_2_0__leaf_clk (net)
                      0.052277    0.000457    0.336610 ^ _196_/CLK (sky130_fd_sc_hd__dfrtp_2)
     5    0.024707    0.131331    0.418895    0.755505 ^ _196_/Q (sky130_fd_sc_hd__dfrtp_2)
                                                         counter[9] (net)
                      0.131332    0.000603    0.756107 ^ hold87/A (sky130_fd_sc_hd__dlygate4sd3_1)
     1    0.002788    0.052833    0.559228    1.315335 ^ hold87/X (sky130_fd_sc_hd__dlygate4sd3_1)
                                                         net87 (net)
                      0.052833    0.000065    1.315401 ^ _220_/D (sky130_fd_sc_hd__dfrtp_2)
                                              1.315401   data arrival time

                                  0.000000    0.000000   clock clk (rise edge)
                                  0.000000    0.000000   clock source latency
     1    0.013845    0.068290    0.046568    0.046568 ^ clk (in)
                                                         clk (net)
                      0.068296    0.000000    0.046568 ^ clkbuf_0_clk/A (sky130_fd_sc_hd__clkbuf_16)
     4    0.037720    0.057694    0.148400    0.194968 ^ clkbuf_0_clk/X (sky130_fd_sc_hd__clkbuf_16)
                                                         clknet_0_clk (net)
                      0.057731    0.001252    0.196220 ^ clkbuf_2_1__f_clk/A (sky130_fd_sc_hd__clkbuf_16)
    13    0.035731    0.055964    0.143282    0.339502 ^ clkbuf_2_1__f_clk/X (sky130_fd_sc_hd__clkbuf_16)
                                                         clknet_2_1__leaf_clk (net)
                      0.055992    0.000628    0.340130 ^ _220_/CLK (sky130_fd_sc_hd__dfrtp_2)
                                  0.250000    0.590130   clock uncertainty
                                  0.000000    0.590130   clock reconvergence pessimism
                                 -0.034795    0.555335   library hold time
                                              0.555335   data required time
---------------------------------------------------------------------------------------------
                                              0.555335   data required time
                                             -1.315401   data arrival time
---------------------------------------------------------------------------------------------
                                              0.760066   slack (MET)


Startpoint: _198_ (rising edge-triggered flip-flop clocked by clk)
Endpoint: _222_ (rising edge-triggered flip-flop clocked by clk)
Path Group: clk
Path Type: min

Fanout         Cap        Slew       Delay        Time   Description
---------------------------------------------------------------------------------------------
                                  0.000000    0.000000   clock clk (rise edge)
                                  0.000000    0.000000   clock source latency
     1    0.013845    0.068290    0.046568    0.046568 ^ clk (in)
                                                         clk (net)
                      0.068296    0.000000    0.046568 ^ clkbuf_0_clk/A (sky130_fd_sc_hd__clkbuf_16)
     4    0.037720    0.057694    0.148400    0.194968 ^ clkbuf_0_clk/X (sky130_fd_sc_hd__clkbuf_16)
                                                         clknet_0_clk (net)
                      0.057727    0.001179    0.196146 ^ clkbuf_2_2__f_clk/A (sky130_fd_sc_hd__clkbuf_16)
    13    0.033787    0.054281    0.141824    0.337970 ^ clkbuf_2_2__f_clk/X (sky130_fd_sc_hd__clkbuf_16)
                                                         clknet_2_2__leaf_clk (net)
                      0.054285    0.000613    0.338584 ^ _198_/CLK (sky130_fd_sc_hd__dfrtp_2)
     8    0.027914    0.145371    0.430734    0.769317 ^ _198_/Q (sky130_fd_sc_hd__dfrtp_2)
                                                         counter[11] (net)
                      0.145372    0.000724    0.770042 ^ hold89/A (sky130_fd_sc_hd__dlygate4sd3_1)
     1    0.002505    0.050402    0.559554    1.329596 ^ hold89/X (sky130_fd_sc_hd__dlygate4sd3_1)
                                                         net89 (net)
                      0.050402    0.000053    1.329650 ^ _222_/D (sky130_fd_sc_hd__dfrtp_2)
                                              1.329650   data arrival time

                                  0.000000    0.000000   clock clk (rise edge)
                                  0.000000    0.000000   clock source latency
     1    0.013845    0.068290    0.046568    0.046568 ^ clk (in)
                                                         clk (net)
                      0.068296    0.000000    0.046568 ^ clkbuf_0_clk/A (sky130_fd_sc_hd__clkbuf_16)
     4    0.037720    0.057694    0.148400    0.194968 ^ clkbuf_0_clk/X (sky130_fd_sc_hd__clkbuf_16)
                                                         clknet_0_clk (net)
                      0.057727    0.001179    0.196146 ^ clkbuf_2_2__f_clk/A (sky130_fd_sc_hd__clkbuf_16)
    13    0.033787    0.054281    0.141824    0.337970 ^ clkbuf_2_2__f_clk/X (sky130_fd_sc_hd__clkbuf_16)
                                                         clknet_2_2__leaf_clk (net)
                      0.054283    0.000545    0.338516 ^ _222_/CLK (sky130_fd_sc_hd__dfrtp_2)
                                  0.250000    0.588516   clock uncertainty
                                  0.000000    0.588516   clock reconvergence pessimism
                                 -0.034526    0.553989   library hold time
                                              0.553989   data required time
---------------------------------------------------------------------------------------------
                                              0.553989   data required time
                                             -1.329650   data arrival time
---------------------------------------------------------------------------------------------
                                              0.775660   slack (MET)


Startpoint: _200_ (rising edge-triggered flip-flop clocked by clk)
Endpoint: _224_ (rising edge-triggered flip-flop clocked by clk)
Path Group: clk
Path Type: min

Fanout         Cap        Slew       Delay        Time   Description
---------------------------------------------------------------------------------------------
                                  0.000000    0.000000   clock clk (rise edge)
                                  0.000000    0.000000   clock source latency
     1    0.013845    0.068290    0.046568    0.046568 ^ clk (in)
                                                         clk (net)
                      0.068296    0.000000    0.046568 ^ clkbuf_0_clk/A (sky130_fd_sc_hd__clkbuf_16)
     4    0.037720    0.057694    0.148400    0.194968 ^ clkbuf_0_clk/X (sky130_fd_sc_hd__clkbuf_16)
                                                         clknet_0_clk (net)
                      0.057727    0.001179    0.196146 ^ clkbuf_2_2__f_clk/A (sky130_fd_sc_hd__clkbuf_16)
    13    0.033787    0.054281    0.141824    0.337970 ^ clkbuf_2_2__f_clk/X (sky130_fd_sc_hd__clkbuf_16)
                                                         clknet_2_2__leaf_clk (net)
                      0.054290    0.000706    0.338676 ^ _200_/CLK (sky130_fd_sc_hd__dfrtp_2)
     6    0.027721    0.144595    0.429881    0.768558 ^ _200_/Q (sky130_fd_sc_hd__dfrtp_2)
                                                         counter[13] (net)
                      0.144599    0.000954    0.769512 ^ hold88/A (sky130_fd_sc_hd__dlygate4sd3_1)
     1    0.003876    0.062598    0.571374    1.340885 ^ hold88/X (sky130_fd_sc_hd__dlygate4sd3_1)
                                                         net88 (net)
                      0.062598    0.000143    1.341028 ^ _224_/D (sky130_fd_sc_hd__dfrtp_2)
                                              1.341028   data arrival time

                                  0.000000    0.000000   clock clk (rise edge)
                                  0.000000    0.000000   clock source latency
     1    0.013845    0.068290    0.046568    0.046568 ^ clk (in)
                                                         clk (net)
                      0.068296    0.000000    0.046568 ^ clkbuf_0_clk/A (sky130_fd_sc_hd__clkbuf_16)
     4    0.037720    0.057694    0.148400    0.194968 ^ clkbuf_0_clk/X (sky130_fd_sc_hd__clkbuf_16)
                                                         clknet_0_clk (net)
                      0.057727    0.001179    0.196146 ^ clkbuf_2_2__f_clk/A (sky130_fd_sc_hd__clkbuf_16)
    13    0.033787    0.054281    0.141824    0.337970 ^ clkbuf_2_2__f_clk/X (sky130_fd_sc_hd__clkbuf_16)
                                                         clknet_2_2__leaf_clk (net)
                      0.054291    0.000733    0.338704 ^ _224_/CLK (sky130_fd_sc_hd__dfrtp_2)
                                  0.250000    0.588704   clock uncertainty
                                  0.000000    0.588704   clock reconvergence pessimism
                                 -0.037048    0.551656   library hold time
                                              0.551656   data required time
---------------------------------------------------------------------------------------------
                                              0.551656   data required time
                                             -1.341028   data arrival time
---------------------------------------------------------------------------------------------
                                              0.789373   slack (MET)


Startpoint: _195_ (rising edge-triggered flip-flop clocked by clk)
Endpoint: _219_ (rising edge-triggered flip-flop clocked by clk)
Path Group: clk
Path Type: min

Fanout         Cap        Slew       Delay        Time   Description
---------------------------------------------------------------------------------------------
                                  0.000000    0.000000   clock clk (rise edge)
                                  0.000000    0.000000   clock source latency
     1    0.013845    0.068290    0.046568    0.046568 ^ clk (in)
                                                         clk (net)
                      0.068296    0.000000    0.046568 ^ clkbuf_0_clk/A (sky130_fd_sc_hd__clkbuf_16)
     4    0.037720    0.057694    0.148400    0.194968 ^ clkbuf_0_clk/X (sky130_fd_sc_hd__clkbuf_16)
                                                         clknet_0_clk (net)
                      0.057731    0.001252    0.196220 ^ clkbuf_2_1__f_clk/A (sky130_fd_sc_hd__clkbuf_16)
    13    0.035731    0.055964    0.143282    0.339502 ^ clkbuf_2_1__f_clk/X (sky130_fd_sc_hd__clkbuf_16)
                                                         clknet_2_1__leaf_clk (net)
                      0.055992    0.000629    0.340131 ^ _195_/CLK (sky130_fd_sc_hd__dfrtp_2)
     6    0.034768    0.175659    0.454638    0.794769 ^ _195_/Q (sky130_fd_sc_hd__dfrtp_2)
                                                         counter[8] (net)
                      0.175659    0.000470    0.795239 ^ hold93/A (sky130_fd_sc_hd__dlygate4sd3_1)
     1    0.003311    0.057381    0.573494    1.368733 ^ hold93/X (sky130_fd_sc_hd__dlygate4sd3_1)
                                                         net93 (net)
                      0.057381    0.000114    1.368847 ^ _219_/D (sky130_fd_sc_hd__dfrtp_2)
                                              1.368847   data arrival time

                                  0.000000    0.000000   clock clk (rise edge)
                                  0.000000    0.000000   clock source latency
     1    0.013845    0.068290    0.046568    0.046568 ^ clk (in)
                                                         clk (net)
                      0.068296    0.000000    0.046568 ^ clkbuf_0_clk/A (sky130_fd_sc_hd__clkbuf_16)
     4    0.037720    0.057694    0.148400    0.194968 ^ clkbuf_0_clk/X (sky130_fd_sc_hd__clkbuf_16)
                                                         clknet_0_clk (net)
                      0.057731    0.001252    0.196220 ^ clkbuf_2_1__f_clk/A (sky130_fd_sc_hd__clkbuf_16)
    13    0.035731    0.055964    0.143282    0.339502 ^ clkbuf_2_1__f_clk/X (sky130_fd_sc_hd__clkbuf_16)
                                                         clknet_2_1__leaf_clk (net)
                      0.055987    0.000493    0.339995 ^ _219_/CLK (sky130_fd_sc_hd__dfrtp_2)
                                  0.250000    0.589995   clock uncertainty
                                  0.000000    0.589995   clock reconvergence pessimism
                                 -0.035737    0.554258   library hold time
                                              0.554258   data required time
---------------------------------------------------------------------------------------------
                                              0.554258   data required time
                                             -1.368847   data arrival time
---------------------------------------------------------------------------------------------
                                              0.814589   slack (MET)


Startpoint: _199_ (rising edge-triggered flip-flop clocked by clk)
Endpoint: _223_ (rising edge-triggered flip-flop clocked by clk)
Path Group: clk
Path Type: min

Fanout         Cap        Slew       Delay        Time   Description
---------------------------------------------------------------------------------------------
                                  0.000000    0.000000   clock clk (rise edge)
                                  0.000000    0.000000   clock source latency
     1    0.013845    0.068290    0.046568    0.046568 ^ clk (in)
                                                         clk (net)
                      0.068296    0.000000    0.046568 ^ clkbuf_0_clk/A (sky130_fd_sc_hd__clkbuf_16)
     4    0.037720    0.057694    0.148400    0.194968 ^ clkbuf_0_clk/X (sky130_fd_sc_hd__clkbuf_16)
                                                         clknet_0_clk (net)
                      0.057727    0.001179    0.196146 ^ clkbuf_2_2__f_clk/A (sky130_fd_sc_hd__clkbuf_16)
    13    0.033787    0.054281    0.141824    0.337970 ^ clkbuf_2_2__f_clk/X (sky130_fd_sc_hd__clkbuf_16)
                                                         clknet_2_2__leaf_clk (net)
                      0.054291    0.000730    0.338700 ^ _199_/CLK (sky130_fd_sc_hd__dfrtp_2)
     7    0.035865    0.180502    0.457748    0.796449 ^ _199_/Q (sky130_fd_sc_hd__dfrtp_2)
                                                         counter[12] (net)
                      0.180503    0.000740    0.797188 ^ hold94/A (sky130_fd_sc_hd__dlygate4sd3_1)
     1    0.003071    0.055244    0.572284    1.369472 ^ hold94/X (sky130_fd_sc_hd__dlygate4sd3_1)
                                                         net94 (net)
                      0.055244    0.000076    1.369548 ^ _223_/D (sky130_fd_sc_hd__dfrtp_2)
                                              1.369548   data arrival time

                                  0.000000    0.000000   clock clk (rise edge)
                                  0.000000    0.000000   clock source latency
     1    0.013845    0.068290    0.046568    0.046568 ^ clk (in)
                                                         clk (net)
                      0.068296    0.000000    0.046568 ^ clkbuf_0_clk/A (sky130_fd_sc_hd__clkbuf_16)
     4    0.037720    0.057694    0.148400    0.194968 ^ clkbuf_0_clk/X (sky130_fd_sc_hd__clkbuf_16)
                                                         clknet_0_clk (net)
                      0.057723    0.001128    0.196096 ^ clkbuf_2_0__f_clk/A (sky130_fd_sc_hd__clkbuf_16)
     9    0.031471    0.052276    0.140057    0.336153 ^ clkbuf_2_0__f_clk/X (sky130_fd_sc_hd__clkbuf_16)
                                                         clknet_2_0__leaf_clk (net)
                      0.052279    0.000812    0.336965 ^ _223_/CLK (sky130_fd_sc_hd__dfrtp_2)
                                  0.250000    0.586965   clock uncertainty
                                  0.000000    0.586965   clock reconvergence pessimism
                                 -0.035802    0.551163   library hold time
                                              0.551163   data required time
---------------------------------------------------------------------------------------------
                                              0.551163   data required time
                                             -1.369548   data arrival time
---------------------------------------------------------------------------------------------
                                              0.818385   slack (MET)


Startpoint: _187_ (rising edge-triggered flip-flop clocked by clk)
Endpoint: _187_ (rising edge-triggered flip-flop clocked by clk)
Path Group: clk
Path Type: min

Fanout         Cap        Slew       Delay        Time   Description
---------------------------------------------------------------------------------------------
                                  0.000000    0.000000   clock clk (rise edge)
                                  0.000000    0.000000   clock source latency
     1    0.013845    0.068290    0.046568    0.046568 ^ clk (in)
                                                         clk (net)
                      0.068296    0.000000    0.046568 ^ clkbuf_0_clk/A (sky130_fd_sc_hd__clkbuf_16)
     4    0.037720    0.057694    0.148400    0.194968 ^ clkbuf_0_clk/X (sky130_fd_sc_hd__clkbuf_16)
                                                         clknet_0_clk (net)
                      0.057731    0.001252    0.196220 ^ clkbuf_2_1__f_clk/A (sky130_fd_sc_hd__clkbuf_16)
    13    0.035731    0.055964    0.143282    0.339502 ^ clkbuf_2_1__f_clk/X (sky130_fd_sc_hd__clkbuf_16)
                                                         clknet_2_1__leaf_clk (net)
                      0.055995    0.000693    0.340195 ^ _187_/CLK (sky130_fd_sc_hd__dfrtp_2)
     6    0.028092    0.146199    0.431865    0.772060 ^ _187_/Q (sky130_fd_sc_hd__dfrtp_2)
                                                         counter[0] (net)
                      0.146199    0.000390    0.772450 ^ hold92/A (sky130_fd_sc_hd__dlygate4sd3_1)
     1    0.005731    0.078403    0.585996    1.358446 ^ hold92/X (sky130_fd_sc_hd__dlygate4sd3_1)
                                                         net92 (net)
                      0.078403    0.000156    1.358602 ^ _077_/A (sky130_fd_sc_hd__inv_2)
     1    0.002328    0.019168    0.029483    1.388085 v _077_/Y (sky130_fd_sc_hd__inv_2)
                                                         _000_ (net)
                      0.019168    0.000048    1.388132 v _187_/D (sky130_fd_sc_hd__dfrtp_2)
                                              1.388132   data arrival time

                                  0.000000    0.000000   clock clk (rise edge)
                                  0.000000    0.000000   clock source latency
     1    0.013845    0.068290    0.046568    0.046568 ^ clk (in)
                                                         clk (net)
                      0.068296    0.000000    0.046568 ^ clkbuf_0_clk/A (sky130_fd_sc_hd__clkbuf_16)
     4    0.037720    0.057694    0.148400    0.194968 ^ clkbuf_0_clk/X (sky130_fd_sc_hd__clkbuf_16)
                                                         clknet_0_clk (net)
                      0.057731    0.001252    0.196220 ^ clkbuf_2_1__f_clk/A (sky130_fd_sc_hd__clkbuf_16)
    13    0.035731    0.055964    0.143282    0.339502 ^ clkbuf_2_1__f_clk/X (sky130_fd_sc_hd__clkbuf_16)
                                                         clknet_2_1__leaf_clk (net)
                      0.055995    0.000693    0.340195 ^ _187_/CLK (sky130_fd_sc_hd__dfrtp_2)
                                  0.250000    0.590195   clock uncertainty
                                  0.000000    0.590195   clock reconvergence pessimism
                                 -0.029090    0.561105   library hold time
                                              0.561105   data required time
---------------------------------------------------------------------------------------------
                                              0.561105   data required time
                                             -1.388132   data arrival time
---------------------------------------------------------------------------------------------
                                              0.827027   slack (MET)


Startpoint: _201_ (rising edge-triggered flip-flop clocked by clk)
Endpoint: _225_ (rising edge-triggered flip-flop clocked by clk)
Path Group: clk
Path Type: min

Fanout         Cap        Slew       Delay        Time   Description
---------------------------------------------------------------------------------------------
                                  0.000000    0.000000   clock clk (rise edge)
                                  0.000000    0.000000   clock source latency
     1    0.013845    0.068290    0.046568    0.046568 ^ clk (in)
                                                         clk (net)
                      0.068296    0.000000    0.046568 ^ clkbuf_0_clk/A (sky130_fd_sc_hd__clkbuf_16)
     4    0.037720    0.057694    0.148400    0.194968 ^ clkbuf_0_clk/X (sky130_fd_sc_hd__clkbuf_16)
                                                         clknet_0_clk (net)
                      0.057727    0.001179    0.196146 ^ clkbuf_2_2__f_clk/A (sky130_fd_sc_hd__clkbuf_16)
    13    0.033787    0.054281    0.141824    0.337970 ^ clkbuf_2_2__f_clk/X (sky130_fd_sc_hd__clkbuf_16)
                                                         clknet_2_2__leaf_clk (net)
                      0.054284    0.000585    0.338555 ^ _201_/CLK (sky130_fd_sc_hd__dfrtp_2)
     4    0.018289    0.103298    0.397864    0.736419 ^ _201_/Q (sky130_fd_sc_hd__dfrtp_2)
                                                         counter[14] (net)
                      0.103298    0.000210    0.736629 ^ hold90/A (sky130_fd_sc_hd__dlygate4sd3_1)
     2    0.013308    0.146229    0.629916    1.366545 ^ hold90/X (sky130_fd_sc_hd__dlygate4sd3_1)
                                                         net90 (net)
                      0.146229    0.000198    1.366743 ^ _225_/D (sky130_fd_sc_hd__dfrtp_2)
                                              1.366743   data arrival time

                                  0.000000    0.000000   clock clk (rise edge)
                                  0.000000    0.000000   clock source latency
     1    0.013845    0.068290    0.046568    0.046568 ^ clk (in)
                                                         clk (net)
                      0.068296    0.000000    0.046568 ^ clkbuf_0_clk/A (sky130_fd_sc_hd__clkbuf_16)
     4    0.037720    0.057694    0.148400    0.194968 ^ clkbuf_0_clk/X (sky130_fd_sc_hd__clkbuf_16)
                                                         clknet_0_clk (net)
                      0.057727    0.001179    0.196146 ^ clkbuf_2_2__f_clk/A (sky130_fd_sc_hd__clkbuf_16)
    13    0.033787    0.054281    0.141824    0.337970 ^ clkbuf_2_2__f_clk/X (sky130_fd_sc_hd__clkbuf_16)
                                                         clknet_2_2__leaf_clk (net)
                      0.054284    0.000588    0.338559 ^ _225_/CLK (sky130_fd_sc_hd__dfrtp_2)
                                  0.250000    0.588559   clock uncertainty
                                  0.000000    0.588559   clock reconvergence pessimism
                                 -0.054350    0.534208   library hold time
                                              0.534208   data required time
---------------------------------------------------------------------------------------------
                                              0.534208   data required time
                                             -1.366743   data arrival time
---------------------------------------------------------------------------------------------
                                              0.832535   slack (MET)


Startpoint: _186_ (rising edge-triggered flip-flop clocked by clk)
Endpoint: _186_ (rising edge-triggered flip-flop clocked by clk)
Path Group: clk
Path Type: min

Fanout         Cap        Slew       Delay        Time   Description
---------------------------------------------------------------------------------------------
                                  0.000000    0.000000   clock clk (rise edge)
                                  0.000000    0.000000   clock source latency
     1    0.013845    0.068290    0.046568    0.046568 ^ clk (in)
                                                         clk (net)
                      0.068296    0.000000    0.046568 ^ clkbuf_0_clk/A (sky130_fd_sc_hd__clkbuf_16)
     4    0.037720    0.057694    0.148400    0.194968 ^ clkbuf_0_clk/X (sky130_fd_sc_hd__clkbuf_16)
                                                         clknet_0_clk (net)
                      0.057731    0.001252    0.196220 ^ clkbuf_2_1__f_clk/A (sky130_fd_sc_hd__clkbuf_16)
    13    0.035731    0.055964    0.143282    0.339502 ^ clkbuf_2_1__f_clk/X (sky130_fd_sc_hd__clkbuf_16)
                                                         clknet_2_1__leaf_clk (net)
                      0.055994    0.000657    0.340158 ^ _186_/CLK (sky130_fd_sc_hd__dfrtp_2)
     2    0.009812    0.068150    0.366957    0.707116 ^ _186_/Q (sky130_fd_sc_hd__dfrtp_2)
                                                         net78 (net)
                      0.068150    0.000357    0.707472 ^ hold91/A (sky130_fd_sc_hd__dlygate4sd3_1)
     1    0.012689    0.140629    0.615424    1.322896 ^ hold91/X (sky130_fd_sc_hd__dlygate4sd3_1)
                                                         net91 (net)
                      0.140630    0.000661    1.323558 ^ _185_/A (sky130_fd_sc_hd__xor2_2)
     1    0.003153    0.031096    0.081703    1.405260 v _185_/X (sky130_fd_sc_hd__xor2_2)
                                                         _032_ (net)
                      0.031096    0.000078    1.405339 v _186_/D (sky130_fd_sc_hd__dfrtp_2)
                                              1.405339   data arrival time

                                  0.000000    0.000000   clock clk (rise edge)
                                  0.000000    0.000000   clock source latency
     1    0.013845    0.068290    0.046568    0.046568 ^ clk (in)
                                                         clk (net)
                      0.068296    0.000000    0.046568 ^ clkbuf_0_clk/A (sky130_fd_sc_hd__clkbuf_16)
     4    0.037720    0.057694    0.148400    0.194968 ^ clkbuf_0_clk/X (sky130_fd_sc_hd__clkbuf_16)
                                                         clknet_0_clk (net)
                      0.057731    0.001252    0.196220 ^ clkbuf_2_1__f_clk/A (sky130_fd_sc_hd__clkbuf_16)
    13    0.035731    0.055964    0.143282    0.339502 ^ clkbuf_2_1__f_clk/X (sky130_fd_sc_hd__clkbuf_16)
                                                         clknet_2_1__leaf_clk (net)
                      0.055994    0.000657    0.340158 ^ _186_/CLK (sky130_fd_sc_hd__dfrtp_2)
                                  0.250000    0.590158   clock uncertainty
                                  0.000000    0.590158   clock reconvergence pessimism
                                 -0.033946    0.556213   library hold time
                                              0.556213   data required time
---------------------------------------------------------------------------------------------
                                              0.556213   data required time
                                             -1.405339   data arrival time
---------------------------------------------------------------------------------------------
                                              0.849126   slack (MET)


Startpoint: rst_n (input port clocked by clk)
Endpoint: _186_ (removal check against rising-edge clock clk)
Path Group: asynchronous
Path Type: min

Fanout         Cap        Slew       Delay        Time   Description
---------------------------------------------------------------------------------------------
                                  0.000000    0.000000   clock clk (rise edge)
                                  0.000000    0.000000   clock network delay (propagated)
                                  2.000000    2.000000 ^ input external delay
     1    0.004066    0.025227    0.014765    2.014765 ^ rst_n (in)
                                                         rst_n (net)
                      0.025235    0.000000    2.014765 ^ input33/A (sky130_fd_sc_hd__buf_4)
    10    0.053240    0.152010    0.183243    2.198008 ^ input33/X (sky130_fd_sc_hd__buf_4)
                                                         net33 (net)
                      0.152026    0.001317    2.199325 ^ _186_/RESET_B (sky130_fd_sc_hd__dfrtp_2)
                                              2.199325   data arrival time

                                  0.000000    0.000000   clock clk (rise edge)
                                  0.000000    0.000000   clock source latency
     1    0.013845    0.068290    0.046568    0.046568 ^ clk (in)
                                                         clk (net)
                      0.068296    0.000000    0.046568 ^ clkbuf_0_clk/A (sky130_fd_sc_hd__clkbuf_16)
     4    0.037720    0.057694    0.148400    0.194968 ^ clkbuf_0_clk/X (sky130_fd_sc_hd__clkbuf_16)
                                                         clknet_0_clk (net)
                      0.057731    0.001252    0.196220 ^ clkbuf_2_1__f_clk/A (sky130_fd_sc_hd__clkbuf_16)
    13    0.035731    0.055964    0.143282    0.339502 ^ clkbuf_2_1__f_clk/X (sky130_fd_sc_hd__clkbuf_16)
                                                         clknet_2_1__leaf_clk (net)
                      0.055994    0.000657    0.340158 ^ _186_/CLK (sky130_fd_sc_hd__dfrtp_2)
                                  0.250000    0.590158   clock uncertainty
                                  0.000000    0.590158   clock reconvergence pessimism
                                  0.352445    0.942604   library removal time
                                              0.942604   data required time
---------------------------------------------------------------------------------------------
                                              0.942604   data required time
                                             -2.199325   data arrival time
---------------------------------------------------------------------------------------------
                                              1.256721   slack (MET)


Startpoint: rst_n (input port clocked by clk)
Endpoint: _190_ (removal check against rising-edge clock clk)
Path Group: asynchronous
Path Type: min

Fanout         Cap        Slew       Delay        Time   Description
---------------------------------------------------------------------------------------------
                                  0.000000    0.000000   clock clk (rise edge)
                                  0.000000    0.000000   clock network delay (propagated)
                                  2.000000    2.000000 ^ input external delay
     1    0.004066    0.025227    0.014765    2.014765 ^ rst_n (in)
                                                         rst_n (net)
                      0.025235    0.000000    2.014765 ^ input33/A (sky130_fd_sc_hd__buf_4)
    10    0.053240    0.152010    0.183243    2.198008 ^ input33/X (sky130_fd_sc_hd__buf_4)
                                                         net33 (net)
                      0.152058    0.002240    2.200248 ^ _190_/RESET_B (sky130_fd_sc_hd__dfrtp_2)
                                              2.200248   data arrival time

                                  0.000000    0.000000   clock clk (rise edge)
                                  0.000000    0.000000   clock source latency
     1    0.013845    0.068290    0.046568    0.046568 ^ clk (in)
                                                         clk (net)
                      0.068296    0.000000    0.046568 ^ clkbuf_0_clk/A (sky130_fd_sc_hd__clkbuf_16)
     4    0.037720    0.057694    0.148400    0.194968 ^ clkbuf_0_clk/X (sky130_fd_sc_hd__clkbuf_16)
                                                         clknet_0_clk (net)
                      0.057731    0.001252    0.196220 ^ clkbuf_2_1__f_clk/A (sky130_fd_sc_hd__clkbuf_16)
    13    0.035731    0.055964    0.143282    0.339502 ^ clkbuf_2_1__f_clk/X (sky130_fd_sc_hd__clkbuf_16)
                                                         clknet_2_1__leaf_clk (net)
                      0.055996    0.000709    0.340210 ^ _190_/CLK (sky130_fd_sc_hd__dfrtp_2)
                                  0.250000    0.590210   clock uncertainty
                                  0.000000    0.590210   clock reconvergence pessimism
                                  0.352454    0.942665   library removal time
                                              0.942665   data required time
---------------------------------------------------------------------------------------------
                                              0.942665   data required time
                                             -2.200248   data arrival time
---------------------------------------------------------------------------------------------
                                              1.257583   slack (MET)


Startpoint: rst_n (input port clocked by clk)
Endpoint: _187_ (removal check against rising-edge clock clk)
Path Group: asynchronous
Path Type: min

Fanout         Cap        Slew       Delay        Time   Description
---------------------------------------------------------------------------------------------
                                  0.000000    0.000000   clock clk (rise edge)
                                  0.000000    0.000000   clock network delay (propagated)
                                  2.000000    2.000000 ^ input external delay
     1    0.004066    0.025227    0.014765    2.014765 ^ rst_n (in)
                                                         rst_n (net)
                      0.025235    0.000000    2.014765 ^ input33/A (sky130_fd_sc_hd__buf_4)
    10    0.053240    0.152010    0.183243    2.198008 ^ input33/X (sky130_fd_sc_hd__buf_4)
                                                         net33 (net)
                      0.152058    0.002239    2.200247 ^ _187_/RESET_B (sky130_fd_sc_hd__dfrtp_2)
                                              2.200247   data arrival time

                                  0.000000    0.000000   clock clk (rise edge)
                                  0.000000    0.000000   clock source latency
     1    0.013845    0.068290    0.046568    0.046568 ^ clk (in)
                                                         clk (net)
                      0.068296    0.000000    0.046568 ^ clkbuf_0_clk/A (sky130_fd_sc_hd__clkbuf_16)
     4    0.037720    0.057694    0.148400    0.194968 ^ clkbuf_0_clk/X (sky130_fd_sc_hd__clkbuf_16)
                                                         clknet_0_clk (net)
                      0.057731    0.001252    0.196220 ^ clkbuf_2_1__f_clk/A (sky130_fd_sc_hd__clkbuf_16)
    13    0.035731    0.055964    0.143282    0.339502 ^ clkbuf_2_1__f_clk/X (sky130_fd_sc_hd__clkbuf_16)
                                                         clknet_2_1__leaf_clk (net)
                      0.055995    0.000693    0.340195 ^ _187_/CLK (sky130_fd_sc_hd__dfrtp_2)
                                  0.250000    0.590195   clock uncertainty
                                  0.000000    0.590195   clock reconvergence pessimism
                                  0.352454    0.942649   library removal time
                                              0.942649   data required time
---------------------------------------------------------------------------------------------
                                              0.942649   data required time
                                             -2.200247   data arrival time
---------------------------------------------------------------------------------------------
                                              1.257597   slack (MET)


Startpoint: rst_n (input port clocked by clk)
Endpoint: _188_ (removal check against rising-edge clock clk)
Path Group: asynchronous
Path Type: min

Fanout         Cap        Slew       Delay        Time   Description
---------------------------------------------------------------------------------------------
                                  0.000000    0.000000   clock clk (rise edge)
                                  0.000000    0.000000   clock network delay (propagated)
                                  2.000000    2.000000 ^ input external delay
     1    0.004066    0.025227    0.014765    2.014765 ^ rst_n (in)
                                                         rst_n (net)
                      0.025235    0.000000    2.014765 ^ input33/A (sky130_fd_sc_hd__buf_4)
    10    0.053240    0.152010    0.183243    2.198008 ^ input33/X (sky130_fd_sc_hd__buf_4)
                                                         net33 (net)
                      0.152058    0.002244    2.200252 ^ _188_/RESET_B (sky130_fd_sc_hd__dfrtp_2)
                                              2.200252   data arrival time

                                  0.000000    0.000000   clock clk (rise edge)
                                  0.000000    0.000000   clock source latency
     1    0.013845    0.068290    0.046568    0.046568 ^ clk (in)
                                                         clk (net)
                      0.068296    0.000000    0.046568 ^ clkbuf_0_clk/A (sky130_fd_sc_hd__clkbuf_16)
     4    0.037720    0.057694    0.148400    0.194968 ^ clkbuf_0_clk/X (sky130_fd_sc_hd__clkbuf_16)
                                                         clknet_0_clk (net)
                      0.057731    0.001252    0.196220 ^ clkbuf_2_1__f_clk/A (sky130_fd_sc_hd__clkbuf_16)
    13    0.035731    0.055964    0.143282    0.339502 ^ clkbuf_2_1__f_clk/X (sky130_fd_sc_hd__clkbuf_16)
                                                         clknet_2_1__leaf_clk (net)
                      0.055993    0.000644    0.340146 ^ _188_/CLK (sky130_fd_sc_hd__dfrtp_2)
                                  0.250000    0.590146   clock uncertainty
                                  0.000000    0.590146   clock reconvergence pessimism
                                  0.352454    0.942599   library removal time
                                              0.942599   data required time
---------------------------------------------------------------------------------------------
                                              0.942599   data required time
                                             -2.200252   data arrival time
---------------------------------------------------------------------------------------------
                                              1.257653   slack (MET)


Startpoint: rst_n (input port clocked by clk)
Endpoint: _189_ (removal check against rising-edge clock clk)
Path Group: asynchronous
Path Type: min

Fanout         Cap        Slew       Delay        Time   Description
---------------------------------------------------------------------------------------------
                                  0.000000    0.000000   clock clk (rise edge)
                                  0.000000    0.000000   clock network delay (propagated)
                                  2.000000    2.000000 ^ input external delay
     1    0.004066    0.025227    0.014765    2.014765 ^ rst_n (in)
                                                         rst_n (net)
                      0.025235    0.000000    2.014765 ^ input33/A (sky130_fd_sc_hd__buf_4)
    10    0.053240    0.152010    0.183243    2.198008 ^ input33/X (sky130_fd_sc_hd__buf_4)
                                                         net33 (net)
                      0.152059    0.002255    2.200263 ^ _189_/RESET_B (sky130_fd_sc_hd__dfrtp_2)
                                              2.200263   data arrival time

                                  0.000000    0.000000   clock clk (rise edge)
                                  0.000000    0.000000   clock source latency
     1    0.013845    0.068290    0.046568    0.046568 ^ clk (in)
                                                         clk (net)
                      0.068296    0.000000    0.046568 ^ clkbuf_0_clk/A (sky130_fd_sc_hd__clkbuf_16)
     4    0.037720    0.057694    0.148400    0.194968 ^ clkbuf_0_clk/X (sky130_fd_sc_hd__clkbuf_16)
                                                         clknet_0_clk (net)
                      0.057731    0.001252    0.196220 ^ clkbuf_2_1__f_clk/A (sky130_fd_sc_hd__clkbuf_16)
    13    0.035731    0.055964    0.143282    0.339502 ^ clkbuf_2_1__f_clk/X (sky130_fd_sc_hd__clkbuf_16)
                                                         clknet_2_1__leaf_clk (net)
                      0.055993    0.000637    0.340139 ^ _189_/CLK (sky130_fd_sc_hd__dfrtp_2)
                                  0.250000    0.590139   clock uncertainty
                                  0.000000    0.590139   clock reconvergence pessimism
                                  0.352454    0.942592   library removal time
                                              0.942592   data required time
---------------------------------------------------------------------------------------------
                                              0.942592   data required time
                                             -2.200263   data arrival time
---------------------------------------------------------------------------------------------
                                              1.257670   slack (MET)


Startpoint: rst_n (input port clocked by clk)
Endpoint: _192_ (removal check against rising-edge clock clk)
Path Group: asynchronous
Path Type: min

Fanout         Cap        Slew       Delay        Time   Description
---------------------------------------------------------------------------------------------
                                  0.000000    0.000000   clock clk (rise edge)
                                  0.000000    0.000000   clock network delay (propagated)
                                  2.000000    2.000000 ^ input external delay
     1    0.004066    0.025227    0.014765    2.014765 ^ rst_n (in)
                                                         rst_n (net)
                      0.025235    0.000000    2.014765 ^ input33/A (sky130_fd_sc_hd__buf_4)
    10    0.053240    0.152010    0.183243    2.198008 ^ input33/X (sky130_fd_sc_hd__buf_4)
                                                         net33 (net)
                      0.152070    0.002490    2.200498 ^ _192_/RESET_B (sky130_fd_sc_hd__dfrtp_2)
                                              2.200498   data arrival time

                                  0.000000    0.000000   clock clk (rise edge)
                                  0.000000    0.000000   clock source latency
     1    0.013845    0.068290    0.046568    0.046568 ^ clk (in)
                                                         clk (net)
                      0.068296    0.000000    0.046568 ^ clkbuf_0_clk/A (sky130_fd_sc_hd__clkbuf_16)
     4    0.037720    0.057694    0.148400    0.194968 ^ clkbuf_0_clk/X (sky130_fd_sc_hd__clkbuf_16)
                                                         clknet_0_clk (net)
                      0.057723    0.001128    0.196096 ^ clkbuf_2_0__f_clk/A (sky130_fd_sc_hd__clkbuf_16)
     9    0.031471    0.052276    0.140057    0.336153 ^ clkbuf_2_0__f_clk/X (sky130_fd_sc_hd__clkbuf_16)
                                                         clknet_2_0__leaf_clk (net)
                      0.052280    0.000871    0.337023 ^ _192_/CLK (sky130_fd_sc_hd__dfrtp_2)
                                  0.250000    0.587023   clock uncertainty
                                  0.000000    0.587023   clock reconvergence pessimism
                                  0.351437    0.938461   library removal time
                                              0.938461   data required time
---------------------------------------------------------------------------------------------
                                              0.938461   data required time
                                             -2.200498   data arrival time
---------------------------------------------------------------------------------------------
                                              1.262037   slack (MET)


Startpoint: rst_n (input port clocked by clk)
Endpoint: _194_ (removal check against rising-edge clock clk)
Path Group: asynchronous
Path Type: min

Fanout         Cap        Slew       Delay        Time   Description
---------------------------------------------------------------------------------------------
                                  0.000000    0.000000   clock clk (rise edge)
                                  0.000000    0.000000   clock network delay (propagated)
                                  2.000000    2.000000 ^ input external delay
     1    0.004066    0.025227    0.014765    2.014765 ^ rst_n (in)
                                                         rst_n (net)
                      0.025235    0.000000    2.014765 ^ input33/A (sky130_fd_sc_hd__buf_4)
    10    0.053240    0.152010    0.183243    2.198008 ^ input33/X (sky130_fd_sc_hd__buf_4)
                                                         net33 (net)
                      0.152070    0.002503    2.200511 ^ _194_/RESET_B (sky130_fd_sc_hd__dfrtp_2)
                                              2.200511   data arrival time

                                  0.000000    0.000000   clock clk (rise edge)
                                  0.000000    0.000000   clock source latency
     1    0.013845    0.068290    0.046568    0.046568 ^ clk (in)
                                                         clk (net)
                      0.068296    0.000000    0.046568 ^ clkbuf_0_clk/A (sky130_fd_sc_hd__clkbuf_16)
     4    0.037720    0.057694    0.148400    0.194968 ^ clkbuf_0_clk/X (sky130_fd_sc_hd__clkbuf_16)
                                                         clknet_0_clk (net)
                      0.057723    0.001128    0.196096 ^ clkbuf_2_0__f_clk/A (sky130_fd_sc_hd__clkbuf_16)
     9    0.031471    0.052276    0.140057    0.336153 ^ clkbuf_2_0__f_clk/X (sky130_fd_sc_hd__clkbuf_16)
                                                         clknet_2_0__leaf_clk (net)
                      0.052280    0.000880    0.337033 ^ _194_/CLK (sky130_fd_sc_hd__dfrtp_2)
                                  0.250000    0.587033   clock uncertainty
                                  0.000000    0.587033   clock reconvergence pessimism
                                  0.351438    0.938470   library removal time
                                              0.938470   data required time
---------------------------------------------------------------------------------------------
                                              0.938470   data required time
                                             -2.200511   data arrival time
---------------------------------------------------------------------------------------------
                                              1.262040   slack (MET)


Startpoint: rst_n (input port clocked by clk)
Endpoint: _193_ (removal check against rising-edge clock clk)
Path Group: asynchronous
Path Type: min

Fanout         Cap        Slew       Delay        Time   Description
---------------------------------------------------------------------------------------------
                                  0.000000    0.000000   clock clk (rise edge)
                                  0.000000    0.000000   clock network delay (propagated)
                                  2.000000    2.000000 ^ input external delay
     1    0.004066    0.025227    0.014765    2.014765 ^ rst_n (in)
                                                         rst_n (net)
                      0.025235    0.000000    2.014765 ^ input33/A (sky130_fd_sc_hd__buf_4)
    10    0.053240    0.152010    0.183243    2.198008 ^ input33/X (sky130_fd_sc_hd__buf_4)
                                                         net33 (net)
                      0.152068    0.002448    2.200456 ^ _193_/RESET_B (sky130_fd_sc_hd__dfrtp_2)
                                              2.200456   data arrival time

                                  0.000000    0.000000   clock clk (rise edge)
                                  0.000000    0.000000   clock source latency
     1    0.013845    0.068290    0.046568    0.046568 ^ clk (in)
                                                         clk (net)
                      0.068296    0.000000    0.046568 ^ clkbuf_0_clk/A (sky130_fd_sc_hd__clkbuf_16)
     4    0.037720    0.057694    0.148400    0.194968 ^ clkbuf_0_clk/X (sky130_fd_sc_hd__clkbuf_16)
                                                         clknet_0_clk (net)
                      0.057723    0.001128    0.196096 ^ clkbuf_2_0__f_clk/A (sky130_fd_sc_hd__clkbuf_16)
     9    0.031471    0.052276    0.140057    0.336153 ^ clkbuf_2_0__f_clk/X (sky130_fd_sc_hd__clkbuf_16)
                                                         clknet_2_0__leaf_clk (net)
                      0.052279    0.000791    0.336944 ^ _193_/CLK (sky130_fd_sc_hd__dfrtp_2)
                                  0.250000    0.586944   clock uncertainty
                                  0.000000    0.586944   clock reconvergence pessimism
                                  0.351437    0.938380   library removal time
                                              0.938380   data required time
---------------------------------------------------------------------------------------------
                                              0.938380   data required time
                                             -2.200456   data arrival time
---------------------------------------------------------------------------------------------
                                              1.262076   slack (MET)


Startpoint: rst_n (input port clocked by clk)
Endpoint: _191_ (removal check against rising-edge clock clk)
Path Group: asynchronous
Path Type: min

Fanout         Cap        Slew       Delay        Time   Description
---------------------------------------------------------------------------------------------
                                  0.000000    0.000000   clock clk (rise edge)
                                  0.000000    0.000000   clock network delay (propagated)
                                  2.000000    2.000000 ^ input external delay
     1    0.004066    0.025227    0.014765    2.014765 ^ rst_n (in)
                                                         rst_n (net)
                      0.025235    0.000000    2.014765 ^ input33/A (sky130_fd_sc_hd__buf_4)
    10    0.053240    0.152010    0.183243    2.198008 ^ input33/X (sky130_fd_sc_hd__buf_4)
                                                         net33 (net)
                      0.152073    0.002549    2.200557 ^ _191_/RESET_B (sky130_fd_sc_hd__dfrtp_2)
                                              2.200557   data arrival time

                                  0.000000    0.000000   clock clk (rise edge)
                                  0.000000    0.000000   clock source latency
     1    0.013845    0.068290    0.046568    0.046568 ^ clk (in)
                                                         clk (net)
                      0.068296    0.000000    0.046568 ^ clkbuf_0_clk/A (sky130_fd_sc_hd__clkbuf_16)
     4    0.037720    0.057694    0.148400    0.194968 ^ clkbuf_0_clk/X (sky130_fd_sc_hd__clkbuf_16)
                                                         clknet_0_clk (net)
                      0.057723    0.001128    0.196096 ^ clkbuf_2_0__f_clk/A (sky130_fd_sc_hd__clkbuf_16)
     9    0.031471    0.052276    0.140057    0.336153 ^ clkbuf_2_0__f_clk/X (sky130_fd_sc_hd__clkbuf_16)
                                                         clknet_2_0__leaf_clk (net)
                      0.052280    0.000885    0.337038 ^ _191_/CLK (sky130_fd_sc_hd__dfrtp_2)
                                  0.250000    0.587038   clock uncertainty
                                  0.000000    0.587038   clock reconvergence pessimism
                                  0.351438    0.938476   library removal time
                                              0.938476   data required time
---------------------------------------------------------------------------------------------
                                              0.938476   data required time
                                             -2.200557   data arrival time
---------------------------------------------------------------------------------------------
                                              1.262081   slack (MET)


Startpoint: rst_n (input port clocked by clk)
Endpoint: _216_ (removal check against rising-edge clock clk)
Path Group: asynchronous
Path Type: min

Fanout         Cap        Slew       Delay        Time   Description
---------------------------------------------------------------------------------------------
                                  0.000000    0.000000   clock clk (rise edge)
                                  0.000000    0.000000   clock network delay (propagated)
                                  2.000000    2.000000 ^ input external delay
     1    0.004066    0.025227    0.014765    2.014765 ^ rst_n (in)
                                                         rst_n (net)
                      0.025235    0.000000    2.014765 ^ input33/A (sky130_fd_sc_hd__buf_4)
    10    0.053240    0.152010    0.183243    2.198008 ^ input33/X (sky130_fd_sc_hd__buf_4)
                                                         net33 (net)
                      0.152032    0.001523    2.199530 ^ max_cap79/A (sky130_fd_sc_hd__buf_12)
    32    0.144988    0.171317    0.221261    2.420791 ^ max_cap79/X (sky130_fd_sc_hd__buf_12)
                                                         net79 (net)
                      0.171552    0.005277    2.426069 ^ _216_/RESET_B (sky130_fd_sc_hd__dfrtp_2)
                                              2.426069   data arrival time

                                  0.000000    0.000000   clock clk (rise edge)
                                  0.000000    0.000000   clock source latency
     1    0.013845    0.068290    0.046568    0.046568 ^ clk (in)
                                                         clk (net)
                      0.068296    0.000000    0.046568 ^ clkbuf_0_clk/A (sky130_fd_sc_hd__clkbuf_16)
     4    0.037720    0.057694    0.148400    0.194968 ^ clkbuf_0_clk/X (sky130_fd_sc_hd__clkbuf_16)
                                                         clknet_0_clk (net)
                      0.057731    0.001252    0.196220 ^ clkbuf_2_1__f_clk/A (sky130_fd_sc_hd__clkbuf_16)
    13    0.035731    0.055964    0.143282    0.339502 ^ clkbuf_2_1__f_clk/X (sky130_fd_sc_hd__clkbuf_16)
                                                         clknet_2_1__leaf_clk (net)
                      0.055990    0.000573    0.340075 ^ _216_/CLK (sky130_fd_sc_hd__dfrtp_2)
                                  0.250000    0.590075   clock uncertainty
                                  0.000000    0.590075   clock reconvergence pessimism
                                  0.357766    0.947841   library removal time
                                              0.947841   data required time
---------------------------------------------------------------------------------------------
                                              0.947841   data required time
                                             -2.426069   data arrival time
---------------------------------------------------------------------------------------------
                                              1.478227   slack (MET)


Startpoint: rst_n (input port clocked by clk)
Endpoint: _220_ (removal check against rising-edge clock clk)
Path Group: asynchronous
Path Type: min

Fanout         Cap        Slew       Delay        Time   Description
---------------------------------------------------------------------------------------------
                                  0.000000    0.000000   clock clk (rise edge)
                                  0.000000    0.000000   clock network delay (propagated)
                                  2.000000    2.000000 ^ input external delay
     1    0.004066    0.025227    0.014765    2.014765 ^ rst_n (in)
                                                         rst_n (net)
                      0.025235    0.000000    2.014765 ^ input33/A (sky130_fd_sc_hd__buf_4)
    10    0.053240    0.152010    0.183243    2.198008 ^ input33/X (sky130_fd_sc_hd__buf_4)
                                                         net33 (net)
                      0.152032    0.001523    2.199530 ^ max_cap79/A (sky130_fd_sc_hd__buf_12)
    32    0.144988    0.171317    0.221261    2.420791 ^ max_cap79/X (sky130_fd_sc_hd__buf_12)
                                                         net79 (net)
                      0.171572    0.005482    2.426274 ^ _220_/RESET_B (sky130_fd_sc_hd__dfrtp_2)
                                              2.426274   data arrival time

                                  0.000000    0.000000   clock clk (rise edge)
                                  0.000000    0.000000   clock source latency
     1    0.013845    0.068290    0.046568    0.046568 ^ clk (in)
                                                         clk (net)
                      0.068296    0.000000    0.046568 ^ clkbuf_0_clk/A (sky130_fd_sc_hd__clkbuf_16)
     4    0.037720    0.057694    0.148400    0.194968 ^ clkbuf_0_clk/X (sky130_fd_sc_hd__clkbuf_16)
                                                         clknet_0_clk (net)
                      0.057731    0.001252    0.196220 ^ clkbuf_2_1__f_clk/A (sky130_fd_sc_hd__clkbuf_16)
    13    0.035731    0.055964    0.143282    0.339502 ^ clkbuf_2_1__f_clk/X (sky130_fd_sc_hd__clkbuf_16)
                                                         clknet_2_1__leaf_clk (net)
                      0.055992    0.000628    0.340130 ^ _220_/CLK (sky130_fd_sc_hd__dfrtp_2)
                                  0.250000    0.590130   clock uncertainty
                                  0.000000    0.590130   clock reconvergence pessimism
                                  0.357772    0.947902   library removal time
                                              0.947902   data required time
---------------------------------------------------------------------------------------------
                                              0.947902   data required time
                                             -2.426274   data arrival time
---------------------------------------------------------------------------------------------
                                              1.478372   slack (MET)


Startpoint: rst_n (input port clocked by clk)
Endpoint: _195_ (removal check against rising-edge clock clk)
Path Group: asynchronous
Path Type: min

Fanout         Cap        Slew       Delay        Time   Description
---------------------------------------------------------------------------------------------
                                  0.000000    0.000000   clock clk (rise edge)
                                  0.000000    0.000000   clock network delay (propagated)
                                  2.000000    2.000000 ^ input external delay
     1    0.004066    0.025227    0.014765    2.014765 ^ rst_n (in)
                                                         rst_n (net)
                      0.025235    0.000000    2.014765 ^ input33/A (sky130_fd_sc_hd__buf_4)
    10    0.053240    0.152010    0.183243    2.198008 ^ input33/X (sky130_fd_sc_hd__buf_4)
                                                         net33 (net)
                      0.152032    0.001523    2.199530 ^ max_cap79/A (sky130_fd_sc_hd__buf_12)
    32    0.144988    0.171317    0.221261    2.420791 ^ max_cap79/X (sky130_fd_sc_hd__buf_12)
                                                         net79 (net)
                      0.171572    0.005487    2.426278 ^ _195_/RESET_B (sky130_fd_sc_hd__dfrtp_2)
                                              2.426278   data arrival time

                                  0.000000    0.000000   clock clk (rise edge)
                                  0.000000    0.000000   clock source latency
     1    0.013845    0.068290    0.046568    0.046568 ^ clk (in)
                                                         clk (net)
                      0.068296    0.000000    0.046568 ^ clkbuf_0_clk/A (sky130_fd_sc_hd__clkbuf_16)
     4    0.037720    0.057694    0.148400    0.194968 ^ clkbuf_0_clk/X (sky130_fd_sc_hd__clkbuf_16)
                                                         clknet_0_clk (net)
                      0.057731    0.001252    0.196220 ^ clkbuf_2_1__f_clk/A (sky130_fd_sc_hd__clkbuf_16)
    13    0.035731    0.055964    0.143282    0.339502 ^ clkbuf_2_1__f_clk/X (sky130_fd_sc_hd__clkbuf_16)
                                                         clknet_2_1__leaf_clk (net)
                      0.055992    0.000629    0.340131 ^ _195_/CLK (sky130_fd_sc_hd__dfrtp_2)
                                  0.250000    0.590131   clock uncertainty
                                  0.000000    0.590131   clock reconvergence pessimism
                                  0.357772    0.947904   library removal time
                                              0.947904   data required time
---------------------------------------------------------------------------------------------
                                              0.947904   data required time
                                             -2.426278   data arrival time
---------------------------------------------------------------------------------------------
                                              1.478374   slack (MET)


Startpoint: rst_n (input port clocked by clk)
Endpoint: _217_ (removal check against rising-edge clock clk)
Path Group: asynchronous
Path Type: min

Fanout         Cap        Slew       Delay        Time   Description
---------------------------------------------------------------------------------------------
                                  0.000000    0.000000   clock clk (rise edge)
                                  0.000000    0.000000   clock network delay (propagated)
                                  2.000000    2.000000 ^ input external delay
     1    0.004066    0.025227    0.014765    2.014765 ^ rst_n (in)
                                                         rst_n (net)
                      0.025235    0.000000    2.014765 ^ input33/A (sky130_fd_sc_hd__buf_4)
    10    0.053240    0.152010    0.183243    2.198008 ^ input33/X (sky130_fd_sc_hd__buf_4)
                                                         net33 (net)
                      0.152032    0.001523    2.199530 ^ max_cap79/A (sky130_fd_sc_hd__buf_12)
    32    0.144988    0.171317    0.221261    2.420791 ^ max_cap79/X (sky130_fd_sc_hd__buf_12)
                                                         net79 (net)
                      0.171565    0.005417    2.426208 ^ _217_/RESET_B (sky130_fd_sc_hd__dfrtp_2)
                                              2.426208   data arrival time

                                  0.000000    0.000000   clock clk (rise edge)
                                  0.000000    0.000000   clock source latency
     1    0.013845    0.068290    0.046568    0.046568 ^ clk (in)
                                                         clk (net)
                      0.068296    0.000000    0.046568 ^ clkbuf_0_clk/A (sky130_fd_sc_hd__clkbuf_16)
     4    0.037720    0.057694    0.148400    0.194968 ^ clkbuf_0_clk/X (sky130_fd_sc_hd__clkbuf_16)
                                                         clknet_0_clk (net)
                      0.057731    0.001252    0.196220 ^ clkbuf_2_1__f_clk/A (sky130_fd_sc_hd__clkbuf_16)
    13    0.035731    0.055964    0.143282    0.339502 ^ clkbuf_2_1__f_clk/X (sky130_fd_sc_hd__clkbuf_16)
                                                         clknet_2_1__leaf_clk (net)
                      0.055987    0.000485    0.339987 ^ _217_/CLK (sky130_fd_sc_hd__dfrtp_2)
                                  0.250000    0.589987   clock uncertainty
                                  0.000000    0.589987   clock reconvergence pessimism
                                  0.357769    0.947756   library removal time
                                              0.947756   data required time
---------------------------------------------------------------------------------------------
                                              0.947756   data required time
                                             -2.426208   data arrival time
---------------------------------------------------------------------------------------------
                                              1.478452   slack (MET)


Startpoint: rst_n (input port clocked by clk)
Endpoint: _219_ (removal check against rising-edge clock clk)
Path Group: asynchronous
Path Type: min

Fanout         Cap        Slew       Delay        Time   Description
---------------------------------------------------------------------------------------------
                                  0.000000    0.000000   clock clk (rise edge)
                                  0.000000    0.000000   clock network delay (propagated)
                                  2.000000    2.000000 ^ input external delay
     1    0.004066    0.025227    0.014765    2.014765 ^ rst_n (in)
                                                         rst_n (net)
                      0.025235    0.000000    2.014765 ^ input33/A (sky130_fd_sc_hd__buf_4)
    10    0.053240    0.152010    0.183243    2.198008 ^ input33/X (sky130_fd_sc_hd__buf_4)
                                                         net33 (net)
                      0.152032    0.001523    2.199530 ^ max_cap79/A (sky130_fd_sc_hd__buf_12)
    32    0.144988    0.171317    0.221261    2.420791 ^ max_cap79/X (sky130_fd_sc_hd__buf_12)
                                                         net79 (net)
                      0.171567    0.005429    2.426221 ^ _219_/RESET_B (sky130_fd_sc_hd__dfrtp_2)
                                              2.426221   data arrival time

                                  0.000000    0.000000   clock clk (rise edge)
                                  0.000000    0.000000   clock source latency
     1    0.013845    0.068290    0.046568    0.046568 ^ clk (in)
                                                         clk (net)
                      0.068296    0.000000    0.046568 ^ clkbuf_0_clk/A (sky130_fd_sc_hd__clkbuf_16)
     4    0.037720    0.057694    0.148400    0.194968 ^ clkbuf_0_clk/X (sky130_fd_sc_hd__clkbuf_16)
                                                         clknet_0_clk (net)
                      0.057731    0.001252    0.196220 ^ clkbuf_2_1__f_clk/A (sky130_fd_sc_hd__clkbuf_16)
    13    0.035731    0.055964    0.143282    0.339502 ^ clkbuf_2_1__f_clk/X (sky130_fd_sc_hd__clkbuf_16)
                                                         clknet_2_1__leaf_clk (net)
                      0.055987    0.000493    0.339995 ^ _219_/CLK (sky130_fd_sc_hd__dfrtp_2)
                                  0.250000    0.589995   clock uncertainty
                                  0.000000    0.589995   clock reconvergence pessimism
                                  0.357770    0.947764   library removal time
                                              0.947764   data required time
---------------------------------------------------------------------------------------------
                                              0.947764   data required time
                                             -2.426221   data arrival time
---------------------------------------------------------------------------------------------
                                              1.478456   slack (MET)


Startpoint: rst_n (input port clocked by clk)
Endpoint: _215_ (removal check against rising-edge clock clk)
Path Group: asynchronous
Path Type: min

Fanout         Cap        Slew       Delay        Time   Description
---------------------------------------------------------------------------------------------
                                  0.000000    0.000000   clock clk (rise edge)
                                  0.000000    0.000000   clock network delay (propagated)
                                  2.000000    2.000000 ^ input external delay
     1    0.004066    0.025227    0.014765    2.014765 ^ rst_n (in)
                                                         rst_n (net)
                      0.025235    0.000000    2.014765 ^ input33/A (sky130_fd_sc_hd__buf_4)
    10    0.053240    0.152010    0.183243    2.198008 ^ input33/X (sky130_fd_sc_hd__buf_4)
                                                         net33 (net)
                      0.152032    0.001523    2.199530 ^ max_cap79/A (sky130_fd_sc_hd__buf_12)
    32    0.144988    0.171317    0.221261    2.420791 ^ max_cap79/X (sky130_fd_sc_hd__buf_12)
                                                         net79 (net)
                      0.171618    0.005948    2.426739 ^ _215_/RESET_B (sky130_fd_sc_hd__dfrtp_2)
                                              2.426739   data arrival time

                                  0.000000    0.000000   clock clk (rise edge)
                                  0.000000    0.000000   clock source latency
     1    0.013845    0.068290    0.046568    0.046568 ^ clk (in)
                                                         clk (net)
                      0.068296    0.000000    0.046568 ^ clkbuf_0_clk/A (sky130_fd_sc_hd__clkbuf_16)
     4    0.037720    0.057694    0.148400    0.194968 ^ clkbuf_0_clk/X (sky130_fd_sc_hd__clkbuf_16)
                                                         clknet_0_clk (net)
                      0.057731    0.001252    0.196220 ^ clkbuf_2_1__f_clk/A (sky130_fd_sc_hd__clkbuf_16)
    13    0.035731    0.055964    0.143282    0.339502 ^ clkbuf_2_1__f_clk/X (sky130_fd_sc_hd__clkbuf_16)
                                                         clknet_2_1__leaf_clk (net)
                      0.055994    0.000667    0.340169 ^ _215_/CLK (sky130_fd_sc_hd__dfrtp_2)
                                  0.250000    0.590169   clock uncertainty
                                  0.000000    0.590169   clock reconvergence pessimism
                                  0.357785    0.947954   library removal time
                                              0.947954   data required time
---------------------------------------------------------------------------------------------
                                              0.947954   data required time
                                             -2.426739   data arrival time
---------------------------------------------------------------------------------------------
                                              1.478785   slack (MET)


Startpoint: rst_n (input port clocked by clk)
Endpoint: _218_ (removal check against rising-edge clock clk)
Path Group: asynchronous
Path Type: min

Fanout         Cap        Slew       Delay        Time   Description
---------------------------------------------------------------------------------------------
                                  0.000000    0.000000   clock clk (rise edge)
                                  0.000000    0.000000   clock network delay (propagated)
                                  2.000000    2.000000 ^ input external delay
     1    0.004066    0.025227    0.014765    2.014765 ^ rst_n (in)
                                                         rst_n (net)
                      0.025235    0.000000    2.014765 ^ input33/A (sky130_fd_sc_hd__buf_4)
    10    0.053240    0.152010    0.183243    2.198008 ^ input33/X (sky130_fd_sc_hd__buf_4)
                                                         net33 (net)
                      0.152032    0.001523    2.199530 ^ max_cap79/A (sky130_fd_sc_hd__buf_12)
    32    0.144988    0.171317    0.221261    2.420791 ^ max_cap79/X (sky130_fd_sc_hd__buf_12)
                                                         net79 (net)
                      0.171625    0.006013    2.426804 ^ _218_/RESET_B (sky130_fd_sc_hd__dfrtp_2)
                                              2.426804   data arrival time

                                  0.000000    0.000000   clock clk (rise edge)
                                  0.000000    0.000000   clock source latency
     1    0.013845    0.068290    0.046568    0.046568 ^ clk (in)
                                                         clk (net)
                      0.068296    0.000000    0.046568 ^ clkbuf_0_clk/A (sky130_fd_sc_hd__clkbuf_16)
     4    0.037720    0.057694    0.148400    0.194968 ^ clkbuf_0_clk/X (sky130_fd_sc_hd__clkbuf_16)
                                                         clknet_0_clk (net)
                      0.057731    0.001252    0.196220 ^ clkbuf_2_1__f_clk/A (sky130_fd_sc_hd__clkbuf_16)
    13    0.035731    0.055964    0.143282    0.339502 ^ clkbuf_2_1__f_clk/X (sky130_fd_sc_hd__clkbuf_16)
                                                         clknet_2_1__leaf_clk (net)
                      0.055994    0.000674    0.340176 ^ _218_/CLK (sky130_fd_sc_hd__dfrtp_2)
                                  0.250000    0.590176   clock uncertainty
                                  0.000000    0.590176   clock reconvergence pessimism
                                  0.357787    0.947963   library removal time
                                              0.947963   data required time
---------------------------------------------------------------------------------------------
                                              0.947963   data required time
                                             -2.426804   data arrival time
---------------------------------------------------------------------------------------------
                                              1.478841   slack (MET)


Startpoint: rst_n (input port clocked by clk)
Endpoint: _197_ (removal check against rising-edge clock clk)
Path Group: asynchronous
Path Type: min

Fanout         Cap        Slew       Delay        Time   Description
---------------------------------------------------------------------------------------------
                                  0.000000    0.000000   clock clk (rise edge)
                                  0.000000    0.000000   clock network delay (propagated)
                                  2.000000    2.000000 ^ input external delay
     1    0.004066    0.025227    0.014765    2.014765 ^ rst_n (in)
                                                         rst_n (net)
                      0.025235    0.000000    2.014765 ^ input33/A (sky130_fd_sc_hd__buf_4)
    10    0.053240    0.152010    0.183243    2.198008 ^ input33/X (sky130_fd_sc_hd__buf_4)
                                                         net33 (net)
                      0.152032    0.001523    2.199530 ^ max_cap79/A (sky130_fd_sc_hd__buf_12)
    32    0.144988    0.171317    0.221261    2.420791 ^ max_cap79/X (sky130_fd_sc_hd__buf_12)
                                                         net79 (net)
                      0.171595    0.005719    2.426511 ^ _197_/RESET_B (sky130_fd_sc_hd__dfrtp_2)
                                              2.426511   data arrival time

                                  0.000000    0.000000   clock clk (rise edge)
                                  0.000000    0.000000   clock source latency
     1    0.013845    0.068290    0.046568    0.046568 ^ clk (in)
                                                         clk (net)
                      0.068296    0.000000    0.046568 ^ clkbuf_0_clk/A (sky130_fd_sc_hd__clkbuf_16)
     4    0.037720    0.057694    0.148400    0.194968 ^ clkbuf_0_clk/X (sky130_fd_sc_hd__clkbuf_16)
                                                         clknet_0_clk (net)
                      0.057723    0.001128    0.196096 ^ clkbuf_2_0__f_clk/A (sky130_fd_sc_hd__clkbuf_16)
     9    0.031471    0.052276    0.140057    0.336153 ^ clkbuf_2_0__f_clk/X (sky130_fd_sc_hd__clkbuf_16)
                                                         clknet_2_0__leaf_clk (net)
                      0.052279    0.000789    0.336942 ^ _197_/CLK (sky130_fd_sc_hd__dfrtp_2)
                                  0.250000    0.586942   clock uncertainty
                                  0.000000    0.586942   clock reconvergence pessimism
                                  0.356760    0.943702   library removal time
                                              0.943702   data required time
---------------------------------------------------------------------------------------------
                                              0.943702   data required time
                                             -2.426511   data arrival time
---------------------------------------------------------------------------------------------
                                              1.482809   slack (MET)


Startpoint: rst_n (input port clocked by clk)
Endpoint: _196_ (removal check against rising-edge clock clk)
Path Group: asynchronous
Path Type: min

Fanout         Cap        Slew       Delay        Time   Description
---------------------------------------------------------------------------------------------
                                  0.000000    0.000000   clock clk (rise edge)
                                  0.000000    0.000000   clock network delay (propagated)
                                  2.000000    2.000000 ^ input external delay
     1    0.004066    0.025227    0.014765    2.014765 ^ rst_n (in)
                                                         rst_n (net)
                      0.025235    0.000000    2.014765 ^ input33/A (sky130_fd_sc_hd__buf_4)
    10    0.053240    0.152010    0.183243    2.198008 ^ input33/X (sky130_fd_sc_hd__buf_4)
                                                         net33 (net)
                      0.152032    0.001523    2.199530 ^ max_cap79/A (sky130_fd_sc_hd__buf_12)
    32    0.144988    0.171317    0.221261    2.420791 ^ max_cap79/X (sky130_fd_sc_hd__buf_12)
                                                         net79 (net)
                      0.171589    0.005663    2.426454 ^ _196_/RESET_B (sky130_fd_sc_hd__dfrtp_2)
                                              2.426454   data arrival time

                                  0.000000    0.000000   clock clk (rise edge)
                                  0.000000    0.000000   clock source latency
     1    0.013845    0.068290    0.046568    0.046568 ^ clk (in)
                                                         clk (net)
                      0.068296    0.000000    0.046568 ^ clkbuf_0_clk/A (sky130_fd_sc_hd__clkbuf_16)
     4    0.037720    0.057694    0.148400    0.194968 ^ clkbuf_0_clk/X (sky130_fd_sc_hd__clkbuf_16)
                                                         clknet_0_clk (net)
                      0.057723    0.001128    0.196096 ^ clkbuf_2_0__f_clk/A (sky130_fd_sc_hd__clkbuf_16)
     9    0.031471    0.052276    0.140057    0.336153 ^ clkbuf_2_0__f_clk/X (sky130_fd_sc_hd__clkbuf_16)
                                                         clknet_2_0__leaf_clk (net)
                      0.052277    0.000457    0.336610 ^ _196_/CLK (sky130_fd_sc_hd__dfrtp_2)
                                  0.250000    0.586610   clock uncertainty
                                  0.000000    0.586610   clock reconvergence pessimism
                                  0.356757    0.943367   library removal time
                                              0.943367   data required time
---------------------------------------------------------------------------------------------
                                              0.943367   data required time
                                             -2.426454   data arrival time
---------------------------------------------------------------------------------------------
                                              1.483087   slack (MET)


Startpoint: rst_n (input port clocked by clk)
Endpoint: _198_ (removal check against rising-edge clock clk)
Path Group: asynchronous
Path Type: min

Fanout         Cap        Slew       Delay        Time   Description
---------------------------------------------------------------------------------------------
                                  0.000000    0.000000   clock clk (rise edge)
                                  0.000000    0.000000   clock network delay (propagated)
                                  2.000000    2.000000 ^ input external delay
     1    0.004066    0.025227    0.014765    2.014765 ^ rst_n (in)
                                                         rst_n (net)
                      0.025235    0.000000    2.014765 ^ input33/A (sky130_fd_sc_hd__buf_4)
    10    0.053240    0.152010    0.183243    2.198008 ^ input33/X (sky130_fd_sc_hd__buf_4)
                                                         net33 (net)
                      0.152032    0.001523    2.199530 ^ max_cap79/A (sky130_fd_sc_hd__buf_12)
    32    0.144988    0.171317    0.221261    2.420791 ^ max_cap79/X (sky130_fd_sc_hd__buf_12)
                                                         net79 (net)
                      0.172144    0.009668    2.430459 ^ _198_/RESET_B (sky130_fd_sc_hd__dfrtp_2)
                                              2.430459   data arrival time

                                  0.000000    0.000000   clock clk (rise edge)
                                  0.000000    0.000000   clock source latency
     1    0.013845    0.068290    0.046568    0.046568 ^ clk (in)
                                                         clk (net)
                      0.068296    0.000000    0.046568 ^ clkbuf_0_clk/A (sky130_fd_sc_hd__clkbuf_16)
     4    0.037720    0.057694    0.148400    0.194968 ^ clkbuf_0_clk/X (sky130_fd_sc_hd__clkbuf_16)
                                                         clknet_0_clk (net)
                      0.057727    0.001179    0.196146 ^ clkbuf_2_2__f_clk/A (sky130_fd_sc_hd__clkbuf_16)
    13    0.033787    0.054281    0.141824    0.337970 ^ clkbuf_2_2__f_clk/X (sky130_fd_sc_hd__clkbuf_16)
                                                         clknet_2_2__leaf_clk (net)
                      0.054285    0.000613    0.338584 ^ _198_/CLK (sky130_fd_sc_hd__dfrtp_2)
                                  0.250000    0.588584   clock uncertainty
                                  0.000000    0.588584   clock reconvergence pessimism
                                  0.357460    0.946043   library removal time
                                              0.946043   data required time
---------------------------------------------------------------------------------------------
                                              0.946043   data required time
                                             -2.430459   data arrival time
---------------------------------------------------------------------------------------------
                                              1.484416   slack (MET)


Startpoint: rst_n (input port clocked by clk)
Endpoint: _222_ (removal check against rising-edge clock clk)
Path Group: asynchronous
Path Type: min

Fanout         Cap        Slew       Delay        Time   Description
---------------------------------------------------------------------------------------------
                                  0.000000    0.000000   clock clk (rise edge)
                                  0.000000    0.000000   clock network delay (propagated)
                                  2.000000    2.000000 ^ input external delay
     1    0.004066    0.025227    0.014765    2.014765 ^ rst_n (in)
                                                         rst_n (net)
                      0.025235    0.000000    2.014765 ^ input33/A (sky130_fd_sc_hd__buf_4)
    10    0.053240    0.152010    0.183243    2.198008 ^ input33/X (sky130_fd_sc_hd__buf_4)
                                                         net33 (net)
                      0.152032    0.001523    2.199530 ^ max_cap79/A (sky130_fd_sc_hd__buf_12)
    32    0.144988    0.171317    0.221261    2.420791 ^ max_cap79/X (sky130_fd_sc_hd__buf_12)
                                                         net79 (net)
                      0.172139    0.009642    2.430434 ^ _222_/RESET_B (sky130_fd_sc_hd__dfrtp_2)
                                              2.430434   data arrival time

                                  0.000000    0.000000   clock clk (rise edge)
                                  0.000000    0.000000   clock source latency
     1    0.013845    0.068290    0.046568    0.046568 ^ clk (in)
                                                         clk (net)
                      0.068296    0.000000    0.046568 ^ clkbuf_0_clk/A (sky130_fd_sc_hd__clkbuf_16)
     4    0.037720    0.057694    0.148400    0.194968 ^ clkbuf_0_clk/X (sky130_fd_sc_hd__clkbuf_16)
                                                         clknet_0_clk (net)
                      0.057727    0.001179    0.196146 ^ clkbuf_2_2__f_clk/A (sky130_fd_sc_hd__clkbuf_16)
    13    0.033787    0.054281    0.141824    0.337970 ^ clkbuf_2_2__f_clk/X (sky130_fd_sc_hd__clkbuf_16)
                                                         clknet_2_2__leaf_clk (net)
                      0.054283    0.000545    0.338516 ^ _222_/CLK (sky130_fd_sc_hd__dfrtp_2)
                                  0.250000    0.588516   clock uncertainty
                                  0.000000    0.588516   clock reconvergence pessimism
                                  0.357458    0.945974   library removal time
                                              0.945974   data required time
---------------------------------------------------------------------------------------------
                                              0.945974   data required time
                                             -2.430434   data arrival time
---------------------------------------------------------------------------------------------
                                              1.484460   slack (MET)


Startpoint: rst_n (input port clocked by clk)
Endpoint: _214_ (removal check against rising-edge clock clk)
Path Group: asynchronous
Path Type: min

Fanout         Cap        Slew       Delay        Time   Description
---------------------------------------------------------------------------------------------
                                  0.000000    0.000000   clock clk (rise edge)
                                  0.000000    0.000000   clock network delay (propagated)
                                  2.000000    2.000000 ^ input external delay
     1    0.004066    0.025227    0.014765    2.014765 ^ rst_n (in)
                                                         rst_n (net)
                      0.025235    0.000000    2.014765 ^ input33/A (sky130_fd_sc_hd__buf_4)
    10    0.053240    0.152010    0.183243    2.198008 ^ input33/X (sky130_fd_sc_hd__buf_4)
                                                         net33 (net)
                      0.152032    0.001523    2.199530 ^ max_cap79/A (sky130_fd_sc_hd__buf_12)
    32    0.144988    0.171317    0.221261    2.420791 ^ max_cap79/X (sky130_fd_sc_hd__buf_12)
                                                         net79 (net)
                      0.171765    0.007201    2.427993 ^ _214_/RESET_B (sky130_fd_sc_hd__dfrtp_2)
                                              2.427993   data arrival time

                                  0.000000    0.000000   clock clk (rise edge)
                                  0.000000    0.000000   clock source latency
     1    0.013845    0.068290    0.046568    0.046568 ^ clk (in)
                                                         clk (net)
                      0.068296    0.000000    0.046568 ^ clkbuf_0_clk/A (sky130_fd_sc_hd__clkbuf_16)
     4    0.037720    0.057694    0.148400    0.194968 ^ clkbuf_0_clk/X (sky130_fd_sc_hd__clkbuf_16)
                                                         clknet_0_clk (net)
                      0.057725    0.001159    0.196126 ^ clkbuf_2_3__f_clk/A (sky130_fd_sc_hd__clkbuf_16)
     9    0.031091    0.051976    0.139860    0.335986 ^ clkbuf_2_3__f_clk/X (sky130_fd_sc_hd__clkbuf_16)
                                                         clknet_2_3__leaf_clk (net)
                      0.051978    0.000590    0.336576 ^ _214_/CLK (sky130_fd_sc_hd__dfrtp_2)
                                  0.250000    0.586576   clock uncertainty
                                  0.000000    0.586576   clock reconvergence pessimism
                                  0.356723    0.943299   library removal time
                                              0.943299   data required time
---------------------------------------------------------------------------------------------
                                              0.943299   data required time
                                             -2.427993   data arrival time
---------------------------------------------------------------------------------------------
                                              1.484694   slack (MET)


Startpoint: rst_n (input port clocked by clk)
Endpoint: _213_ (removal check against rising-edge clock clk)
Path Group: asynchronous
Path Type: min

Fanout         Cap        Slew       Delay        Time   Description
---------------------------------------------------------------------------------------------
                                  0.000000    0.000000   clock clk (rise edge)
                                  0.000000    0.000000   clock network delay (propagated)
                                  2.000000    2.000000 ^ input external delay
     1    0.004066    0.025227    0.014765    2.014765 ^ rst_n (in)
                                                         rst_n (net)
                      0.025235    0.000000    2.014765 ^ input33/A (sky130_fd_sc_hd__buf_4)
    10    0.053240    0.152010    0.183243    2.198008 ^ input33/X (sky130_fd_sc_hd__buf_4)
                                                         net33 (net)
                      0.152032    0.001523    2.199530 ^ max_cap79/A (sky130_fd_sc_hd__buf_12)
    32    0.144988    0.171317    0.221261    2.420791 ^ max_cap79/X (sky130_fd_sc_hd__buf_12)
                                                         net79 (net)
                      0.171768    0.007224    2.428015 ^ _213_/RESET_B (sky130_fd_sc_hd__dfrtp_2)
                                              2.428015   data arrival time

                                  0.000000    0.000000   clock clk (rise edge)
                                  0.000000    0.000000   clock source latency
     1    0.013845    0.068290    0.046568    0.046568 ^ clk (in)
                                                         clk (net)
                      0.068296    0.000000    0.046568 ^ clkbuf_0_clk/A (sky130_fd_sc_hd__clkbuf_16)
     4    0.037720    0.057694    0.148400    0.194968 ^ clkbuf_0_clk/X (sky130_fd_sc_hd__clkbuf_16)
                                                         clknet_0_clk (net)
                      0.057725    0.001159    0.196126 ^ clkbuf_2_3__f_clk/A (sky130_fd_sc_hd__clkbuf_16)
     9    0.031091    0.051976    0.139860    0.335986 ^ clkbuf_2_3__f_clk/X (sky130_fd_sc_hd__clkbuf_16)
                                                         clknet_2_3__leaf_clk (net)
                      0.051978    0.000601    0.336587 ^ _213_/CLK (sky130_fd_sc_hd__dfrtp_2)
                                  0.250000    0.586587   clock uncertainty
                                  0.000000    0.586587   clock reconvergence pessimism
                                  0.356724    0.943311   library removal time
                                              0.943311   data required time
---------------------------------------------------------------------------------------------
                                              0.943311   data required time
                                             -2.428015   data arrival time
---------------------------------------------------------------------------------------------
                                              1.484704   slack (MET)


Startpoint: rst_n (input port clocked by clk)
Endpoint: _199_ (removal check against rising-edge clock clk)
Path Group: asynchronous
Path Type: min

Fanout         Cap        Slew       Delay        Time   Description
---------------------------------------------------------------------------------------------
                                  0.000000    0.000000   clock clk (rise edge)
                                  0.000000    0.000000   clock network delay (propagated)
                                  2.000000    2.000000 ^ input external delay
     1    0.004066    0.025227    0.014765    2.014765 ^ rst_n (in)
                                                         rst_n (net)
                      0.025235    0.000000    2.014765 ^ input33/A (sky130_fd_sc_hd__buf_4)
    10    0.053240    0.152010    0.183243    2.198008 ^ input33/X (sky130_fd_sc_hd__buf_4)
                                                         net33 (net)
                      0.152032    0.001523    2.199530 ^ max_cap79/A (sky130_fd_sc_hd__buf_12)
    32    0.144988    0.171317    0.221261    2.420791 ^ max_cap79/X (sky130_fd_sc_hd__buf_12)
                                                         net79 (net)
                      0.172274    0.010372    2.431163 ^ _199_/RESET_B (sky130_fd_sc_hd__dfrtp_2)
                                              2.431163   data arrival time

                                  0.000000    0.000000   clock clk (rise edge)
                                  0.000000    0.000000   clock source latency
     1    0.013845    0.068290    0.046568    0.046568 ^ clk (in)
                                                         clk (net)
                      0.068296    0.000000    0.046568 ^ clkbuf_0_clk/A (sky130_fd_sc_hd__clkbuf_16)
     4    0.037720    0.057694    0.148400    0.194968 ^ clkbuf_0_clk/X (sky130_fd_sc_hd__clkbuf_16)
                                                         clknet_0_clk (net)
                      0.057727    0.001179    0.196146 ^ clkbuf_2_2__f_clk/A (sky130_fd_sc_hd__clkbuf_16)
    13    0.033787    0.054281    0.141824    0.337970 ^ clkbuf_2_2__f_clk/X (sky130_fd_sc_hd__clkbuf_16)
                                                         clknet_2_2__leaf_clk (net)
                      0.054291    0.000730    0.338700 ^ _199_/CLK (sky130_fd_sc_hd__dfrtp_2)
                                  0.250000    0.588700   clock uncertainty
                                  0.000000    0.588700   clock reconvergence pessimism
                                  0.357497    0.946197   library removal time
                                              0.946197   data required time
---------------------------------------------------------------------------------------------
                                              0.946197   data required time
                                             -2.431163   data arrival time
---------------------------------------------------------------------------------------------
                                              1.484966   slack (MET)


Startpoint: rst_n (input port clocked by clk)
Endpoint: _205_ (removal check against rising-edge clock clk)
Path Group: asynchronous
Path Type: min

Fanout         Cap        Slew       Delay        Time   Description
---------------------------------------------------------------------------------------------
                                  0.000000    0.000000   clock clk (rise edge)
                                  0.000000    0.000000   clock network delay (propagated)
                                  2.000000    2.000000 ^ input external delay
     1    0.004066    0.025227    0.014765    2.014765 ^ rst_n (in)
                                                         rst_n (net)
                      0.025235    0.000000    2.014765 ^ input33/A (sky130_fd_sc_hd__buf_4)
    10    0.053240    0.152010    0.183243    2.198008 ^ input33/X (sky130_fd_sc_hd__buf_4)
                                                         net33 (net)
                      0.152032    0.001523    2.199530 ^ max_cap79/A (sky130_fd_sc_hd__buf_12)
    32    0.144988    0.171317    0.221261    2.420791 ^ max_cap79/X (sky130_fd_sc_hd__buf_12)
                                                         net79 (net)
                      0.172258    0.010286    2.431078 ^ _205_/RESET_B (sky130_fd_sc_hd__dfrtp_2)
                                              2.431078   data arrival time

                                  0.000000    0.000000   clock clk (rise edge)
                                  0.000000    0.000000   clock source latency
     1    0.013845    0.068290    0.046568    0.046568 ^ clk (in)
                                                         clk (net)
                      0.068296    0.000000    0.046568 ^ clkbuf_0_clk/A (sky130_fd_sc_hd__clkbuf_16)
     4    0.037720    0.057694    0.148400    0.194968 ^ clkbuf_0_clk/X (sky130_fd_sc_hd__clkbuf_16)
                                                         clknet_0_clk (net)
                      0.057727    0.001179    0.196146 ^ clkbuf_2_2__f_clk/A (sky130_fd_sc_hd__clkbuf_16)
    13    0.033787    0.054281    0.141824    0.337970 ^ clkbuf_2_2__f_clk/X (sky130_fd_sc_hd__clkbuf_16)
                                                         clknet_2_2__leaf_clk (net)
                      0.054286    0.000625    0.338596 ^ _205_/CLK (sky130_fd_sc_hd__dfrtp_2)
                                  0.250000    0.588596   clock uncertainty
                                  0.000000    0.588596   clock reconvergence pessimism
                                  0.357491    0.946087   library removal time
                                              0.946087   data required time
---------------------------------------------------------------------------------------------
                                              0.946087   data required time
                                             -2.431078   data arrival time
---------------------------------------------------------------------------------------------
                                              1.484991   slack (MET)


Startpoint: rst_n (input port clocked by clk)
Endpoint: _204_ (removal check against rising-edge clock clk)
Path Group: asynchronous
Path Type: min

Fanout         Cap        Slew       Delay        Time   Description
---------------------------------------------------------------------------------------------
                                  0.000000    0.000000   clock clk (rise edge)
                                  0.000000    0.000000   clock network delay (propagated)
                                  2.000000    2.000000 ^ input external delay
     1    0.004066    0.025227    0.014765    2.014765 ^ rst_n (in)
                                                         rst_n (net)
                      0.025235    0.000000    2.014765 ^ input33/A (sky130_fd_sc_hd__buf_4)
    10    0.053240    0.152010    0.183243    2.198008 ^ input33/X (sky130_fd_sc_hd__buf_4)
                                                         net33 (net)
                      0.152032    0.001523    2.199530 ^ max_cap79/A (sky130_fd_sc_hd__buf_12)
    32    0.144988    0.171317    0.221261    2.420791 ^ max_cap79/X (sky130_fd_sc_hd__buf_12)
                                                         net79 (net)
                      0.172284    0.010424    2.431216 ^ _204_/RESET_B (sky130_fd_sc_hd__dfrtp_2)
                                              2.431216   data arrival time

                                  0.000000    0.000000   clock clk (rise edge)
                                  0.000000    0.000000   clock source latency
     1    0.013845    0.068290    0.046568    0.046568 ^ clk (in)
                                                         clk (net)
                      0.068296    0.000000    0.046568 ^ clkbuf_0_clk/A (sky130_fd_sc_hd__clkbuf_16)
     4    0.037720    0.057694    0.148400    0.194968 ^ clkbuf_0_clk/X (sky130_fd_sc_hd__clkbuf_16)
                                                         clknet_0_clk (net)
                      0.057727    0.001179    0.196146 ^ clkbuf_2_2__f_clk/A (sky130_fd_sc_hd__clkbuf_16)
    13    0.033787    0.054281    0.141824    0.337970 ^ clkbuf_2_2__f_clk/X (sky130_fd_sc_hd__clkbuf_16)
                                                         clknet_2_2__leaf_clk (net)
                      0.054290    0.000708    0.338678 ^ _204_/CLK (sky130_fd_sc_hd__dfrtp_2)
                                  0.250000    0.588678   clock uncertainty
                                  0.000000    0.588678   clock reconvergence pessimism
                                  0.357499    0.946177   library removal time
                                              0.946177   data required time
---------------------------------------------------------------------------------------------
                                              0.946177   data required time
                                             -2.431216   data arrival time
---------------------------------------------------------------------------------------------
                                              1.485038   slack (MET)


Startpoint: rst_n (input port clocked by clk)
Endpoint: _201_ (removal check against rising-edge clock clk)
Path Group: asynchronous
Path Type: min

Fanout         Cap        Slew       Delay        Time   Description
---------------------------------------------------------------------------------------------
                                  0.000000    0.000000   clock clk (rise edge)
                                  0.000000    0.000000   clock network delay (propagated)
                                  2.000000    2.000000 ^ input external delay
     1    0.004066    0.025227    0.014765    2.014765 ^ rst_n (in)
                                                         rst_n (net)
                      0.025235    0.000000    2.014765 ^ input33/A (sky130_fd_sc_hd__buf_4)
    10    0.053240    0.152010    0.183243    2.198008 ^ input33/X (sky130_fd_sc_hd__buf_4)
                                                         net33 (net)
                      0.152032    0.001523    2.199530 ^ max_cap79/A (sky130_fd_sc_hd__buf_12)
    32    0.144988    0.171317    0.221261    2.420791 ^ max_cap79/X (sky130_fd_sc_hd__buf_12)
                                                         net79 (net)
                      0.172259    0.010295    2.431086 ^ _201_/RESET_B (sky130_fd_sc_hd__dfrtp_2)
                                              2.431086   data arrival time

                                  0.000000    0.000000   clock clk (rise edge)
                                  0.000000    0.000000   clock source latency
     1    0.013845    0.068290    0.046568    0.046568 ^ clk (in)
                                                         clk (net)
                      0.068296    0.000000    0.046568 ^ clkbuf_0_clk/A (sky130_fd_sc_hd__clkbuf_16)
     4    0.037720    0.057694    0.148400    0.194968 ^ clkbuf_0_clk/X (sky130_fd_sc_hd__clkbuf_16)
                                                         clknet_0_clk (net)
                      0.057727    0.001179    0.196146 ^ clkbuf_2_2__f_clk/A (sky130_fd_sc_hd__clkbuf_16)
    13    0.033787    0.054281    0.141824    0.337970 ^ clkbuf_2_2__f_clk/X (sky130_fd_sc_hd__clkbuf_16)
                                                         clknet_2_2__leaf_clk (net)
                      0.054284    0.000585    0.338555 ^ _201_/CLK (sky130_fd_sc_hd__dfrtp_2)
                                  0.250000    0.588555   clock uncertainty
                                  0.000000    0.588555   clock reconvergence pessimism
                                  0.357491    0.946046   library removal time
                                              0.946046   data required time
---------------------------------------------------------------------------------------------
                                              0.946046   data required time
                                             -2.431086   data arrival time
---------------------------------------------------------------------------------------------
                                              1.485040   slack (MET)


Startpoint: rst_n (input port clocked by clk)
Endpoint: _203_ (removal check against rising-edge clock clk)
Path Group: asynchronous
Path Type: min

Fanout         Cap        Slew       Delay        Time   Description
---------------------------------------------------------------------------------------------
                                  0.000000    0.000000   clock clk (rise edge)
                                  0.000000    0.000000   clock network delay (propagated)
                                  2.000000    2.000000 ^ input external delay
     1    0.004066    0.025227    0.014765    2.014765 ^ rst_n (in)
                                                         rst_n (net)
                      0.025235    0.000000    2.014765 ^ input33/A (sky130_fd_sc_hd__buf_4)
    10    0.053240    0.152010    0.183243    2.198008 ^ input33/X (sky130_fd_sc_hd__buf_4)
                                                         net33 (net)
                      0.152032    0.001523    2.199530 ^ max_cap79/A (sky130_fd_sc_hd__buf_12)
    32    0.144988    0.171317    0.221261    2.420791 ^ max_cap79/X (sky130_fd_sc_hd__buf_12)
                                                         net79 (net)
                      0.172290    0.010457    2.431248 ^ _203_/RESET_B (sky130_fd_sc_hd__dfrtp_2)
                                              2.431248   data arrival time

                                  0.000000    0.000000   clock clk (rise edge)
                                  0.000000    0.000000   clock source latency
     1    0.013845    0.068290    0.046568    0.046568 ^ clk (in)
                                                         clk (net)
                      0.068296    0.000000    0.046568 ^ clkbuf_0_clk/A (sky130_fd_sc_hd__clkbuf_16)
     4    0.037720    0.057694    0.148400    0.194968 ^ clkbuf_0_clk/X (sky130_fd_sc_hd__clkbuf_16)
                                                         clknet_0_clk (net)
                      0.057727    0.001179    0.196146 ^ clkbuf_2_2__f_clk/A (sky130_fd_sc_hd__clkbuf_16)
    13    0.033787    0.054281    0.141824    0.337970 ^ clkbuf_2_2__f_clk/X (sky130_fd_sc_hd__clkbuf_16)
                                                         clknet_2_2__leaf_clk (net)
                      0.054290    0.000718    0.338689 ^ _203_/CLK (sky130_fd_sc_hd__dfrtp_2)
                                  0.250000    0.588689   clock uncertainty
                                  0.000000    0.588689   clock reconvergence pessimism
                                  0.357501    0.946190   library removal time
                                              0.946190   data required time
---------------------------------------------------------------------------------------------
                                              0.946190   data required time
                                             -2.431248   data arrival time
---------------------------------------------------------------------------------------------
                                              1.485058   slack (MET)


Startpoint: rst_n (input port clocked by clk)
Endpoint: _202_ (removal check against rising-edge clock clk)
Path Group: asynchronous
Path Type: min

Fanout         Cap        Slew       Delay        Time   Description
---------------------------------------------------------------------------------------------
                                  0.000000    0.000000   clock clk (rise edge)
                                  0.000000    0.000000   clock network delay (propagated)
                                  2.000000    2.000000 ^ input external delay
     1    0.004066    0.025227    0.014765    2.014765 ^ rst_n (in)
                                                         rst_n (net)
                      0.025235    0.000000    2.014765 ^ input33/A (sky130_fd_sc_hd__buf_4)
    10    0.053240    0.152010    0.183243    2.198008 ^ input33/X (sky130_fd_sc_hd__buf_4)
                                                         net33 (net)
                      0.152032    0.001523    2.199530 ^ max_cap79/A (sky130_fd_sc_hd__buf_12)
    32    0.144988    0.171317    0.221261    2.420791 ^ max_cap79/X (sky130_fd_sc_hd__buf_12)
                                                         net79 (net)
                      0.172270    0.010351    2.431143 ^ _202_/RESET_B (sky130_fd_sc_hd__dfrtp_2)
                                              2.431143   data arrival time

                                  0.000000    0.000000   clock clk (rise edge)
                                  0.000000    0.000000   clock source latency
     1    0.013845    0.068290    0.046568    0.046568 ^ clk (in)
                                                         clk (net)
                      0.068296    0.000000    0.046568 ^ clkbuf_0_clk/A (sky130_fd_sc_hd__clkbuf_16)
     4    0.037720    0.057694    0.148400    0.194968 ^ clkbuf_0_clk/X (sky130_fd_sc_hd__clkbuf_16)
                                                         clknet_0_clk (net)
                      0.057727    0.001179    0.196146 ^ clkbuf_2_2__f_clk/A (sky130_fd_sc_hd__clkbuf_16)
    13    0.033787    0.054281    0.141824    0.337970 ^ clkbuf_2_2__f_clk/X (sky130_fd_sc_hd__clkbuf_16)
                                                         clknet_2_2__leaf_clk (net)
                      0.054285    0.000611    0.338581 ^ _202_/CLK (sky130_fd_sc_hd__dfrtp_2)
                                  0.250000    0.588581   clock uncertainty
                                  0.000000    0.588581   clock reconvergence pessimism
                                  0.357494    0.946075   library removal time
                                              0.946075   data required time
---------------------------------------------------------------------------------------------
                                              0.946075   data required time
                                             -2.431143   data arrival time
---------------------------------------------------------------------------------------------
                                              1.485067   slack (MET)


Startpoint: rst_n (input port clocked by clk)
Endpoint: _206_ (removal check against rising-edge clock clk)
Path Group: asynchronous
Path Type: min

Fanout         Cap        Slew       Delay        Time   Description
---------------------------------------------------------------------------------------------
                                  0.000000    0.000000   clock clk (rise edge)
                                  0.000000    0.000000   clock network delay (propagated)
                                  2.000000    2.000000 ^ input external delay
     1    0.004066    0.025227    0.014765    2.014765 ^ rst_n (in)
                                                         rst_n (net)
                      0.025235    0.000000    2.014765 ^ input33/A (sky130_fd_sc_hd__buf_4)
    10    0.053240    0.152010    0.183243    2.198008 ^ input33/X (sky130_fd_sc_hd__buf_4)
                                                         net33 (net)
                      0.152032    0.001523    2.199530 ^ max_cap79/A (sky130_fd_sc_hd__buf_12)
    32    0.144988    0.171317    0.221261    2.420791 ^ max_cap79/X (sky130_fd_sc_hd__buf_12)
                                                         net79 (net)
                      0.172307    0.010542    2.431334 ^ _206_/RESET_B (sky130_fd_sc_hd__dfrtp_2)
                                              2.431334   data arrival time

                                  0.000000    0.000000   clock clk (rise edge)
                                  0.000000    0.000000   clock source latency
     1    0.013845    0.068290    0.046568    0.046568 ^ clk (in)
                                                         clk (net)
                      0.068296    0.000000    0.046568 ^ clkbuf_0_clk/A (sky130_fd_sc_hd__clkbuf_16)
     4    0.037720    0.057694    0.148400    0.194968 ^ clkbuf_0_clk/X (sky130_fd_sc_hd__clkbuf_16)
                                                         clknet_0_clk (net)
                      0.057727    0.001179    0.196146 ^ clkbuf_2_2__f_clk/A (sky130_fd_sc_hd__clkbuf_16)
    13    0.033787    0.054281    0.141824    0.337970 ^ clkbuf_2_2__f_clk/X (sky130_fd_sc_hd__clkbuf_16)
                                                         clknet_2_2__leaf_clk (net)
                      0.054290    0.000719    0.338689 ^ _206_/CLK (sky130_fd_sc_hd__dfrtp_2)
                                  0.250000    0.588689   clock uncertainty
                                  0.000000    0.588689   clock reconvergence pessimism
                                  0.357506    0.946195   library removal time
                                              0.946195   data required time
---------------------------------------------------------------------------------------------
                                              0.946195   data required time
                                             -2.431334   data arrival time
---------------------------------------------------------------------------------------------
                                              1.485138   slack (MET)


Startpoint: rst_n (input port clocked by clk)
Endpoint: _200_ (removal check against rising-edge clock clk)
Path Group: asynchronous
Path Type: min

Fanout         Cap        Slew       Delay        Time   Description
---------------------------------------------------------------------------------------------
                                  0.000000    0.000000   clock clk (rise edge)
                                  0.000000    0.000000   clock network delay (propagated)
                                  2.000000    2.000000 ^ input external delay
     1    0.004066    0.025227    0.014765    2.014765 ^ rst_n (in)
                                                         rst_n (net)
                      0.025235    0.000000    2.014765 ^ input33/A (sky130_fd_sc_hd__buf_4)
    10    0.053240    0.152010    0.183243    2.198008 ^ input33/X (sky130_fd_sc_hd__buf_4)
                                                         net33 (net)
                      0.152032    0.001523    2.199530 ^ max_cap79/A (sky130_fd_sc_hd__buf_12)
    32    0.144988    0.171317    0.221261    2.420791 ^ max_cap79/X (sky130_fd_sc_hd__buf_12)
                                                         net79 (net)
                      0.172355    0.010787    2.431578 ^ _200_/RESET_B (sky130_fd_sc_hd__dfrtp_2)
                                              2.431578   data arrival time

                                  0.000000    0.000000   clock clk (rise edge)
                                  0.000000    0.000000   clock source latency
     1    0.013845    0.068290    0.046568    0.046568 ^ clk (in)
                                                         clk (net)
                      0.068296    0.000000    0.046568 ^ clkbuf_0_clk/A (sky130_fd_sc_hd__clkbuf_16)
     4    0.037720    0.057694    0.148400    0.194968 ^ clkbuf_0_clk/X (sky130_fd_sc_hd__clkbuf_16)
                                                         clknet_0_clk (net)
                      0.057727    0.001179    0.196146 ^ clkbuf_2_2__f_clk/A (sky130_fd_sc_hd__clkbuf_16)
    13    0.033787    0.054281    0.141824    0.337970 ^ clkbuf_2_2__f_clk/X (sky130_fd_sc_hd__clkbuf_16)
                                                         clknet_2_2__leaf_clk (net)
                      0.054290    0.000706    0.338676 ^ _200_/CLK (sky130_fd_sc_hd__dfrtp_2)
                                  0.250000    0.588676   clock uncertainty
                                  0.000000    0.588676   clock reconvergence pessimism
                                  0.357519    0.946195   library removal time
                                              0.946195   data required time
---------------------------------------------------------------------------------------------
                                              0.946195   data required time
                                             -2.431578   data arrival time
---------------------------------------------------------------------------------------------
                                              1.485383   slack (MET)


Startpoint: rst_n (input port clocked by clk)
Endpoint: _226_ (removal check against rising-edge clock clk)
Path Group: asynchronous
Path Type: min

Fanout         Cap        Slew       Delay        Time   Description
---------------------------------------------------------------------------------------------
                                  0.000000    0.000000   clock clk (rise edge)
                                  0.000000    0.000000   clock network delay (propagated)
                                  2.000000    2.000000 ^ input external delay
     1    0.004066    0.025227    0.014765    2.014765 ^ rst_n (in)
                                                         rst_n (net)
                      0.025235    0.000000    2.014765 ^ input33/A (sky130_fd_sc_hd__buf_4)
    10    0.053240    0.152010    0.183243    2.198008 ^ input33/X (sky130_fd_sc_hd__buf_4)
                                                         net33 (net)
                      0.152032    0.001523    2.199530 ^ max_cap79/A (sky130_fd_sc_hd__buf_12)
    32    0.144988    0.171317    0.221261    2.420791 ^ max_cap79/X (sky130_fd_sc_hd__buf_12)
                                                         net79 (net)
                      0.172355    0.010784    2.431576 ^ _226_/RESET_B (sky130_fd_sc_hd__dfrtp_2)
                                              2.431576   data arrival time

                                  0.000000    0.000000   clock clk (rise edge)
                                  0.000000    0.000000   clock source latency
     1    0.013845    0.068290    0.046568    0.046568 ^ clk (in)
                                                         clk (net)
                      0.068296    0.000000    0.046568 ^ clkbuf_0_clk/A (sky130_fd_sc_hd__clkbuf_16)
     4    0.037720    0.057694    0.148400    0.194968 ^ clkbuf_0_clk/X (sky130_fd_sc_hd__clkbuf_16)
                                                         clknet_0_clk (net)
                      0.057727    0.001179    0.196146 ^ clkbuf_2_2__f_clk/A (sky130_fd_sc_hd__clkbuf_16)
    13    0.033787    0.054281    0.141824    0.337970 ^ clkbuf_2_2__f_clk/X (sky130_fd_sc_hd__clkbuf_16)
                                                         clknet_2_2__leaf_clk (net)
                      0.054290    0.000705    0.338675 ^ _226_/CLK (sky130_fd_sc_hd__dfrtp_2)
                                  0.250000    0.588675   clock uncertainty
                                  0.000000    0.588675   clock reconvergence pessimism
                                  0.357519    0.946194   library removal time
                                              0.946194   data required time
---------------------------------------------------------------------------------------------
                                              0.946194   data required time
                                             -2.431576   data arrival time
---------------------------------------------------------------------------------------------
                                              1.485382   slack (MET)


Startpoint: rst_n (input port clocked by clk)
Endpoint: _225_ (removal check against rising-edge clock clk)
Path Group: asynchronous
Path Type: min

Fanout         Cap        Slew       Delay        Time   Description
---------------------------------------------------------------------------------------------
                                  0.000000    0.000000   clock clk (rise edge)
                                  0.000000    0.000000   clock network delay (propagated)
                                  2.000000    2.000000 ^ input external delay
     1    0.004066    0.025227    0.014765    2.014765 ^ rst_n (in)
                                                         rst_n (net)
                      0.025235    0.000000    2.014765 ^ input33/A (sky130_fd_sc_hd__buf_4)
    10    0.053240    0.152010    0.183243    2.198008 ^ input33/X (sky130_fd_sc_hd__buf_4)
                                                         net33 (net)
                      0.152032    0.001523    2.199530 ^ max_cap79/A (sky130_fd_sc_hd__buf_12)
    32    0.144988    0.171317    0.221261    2.420791 ^ max_cap79/X (sky130_fd_sc_hd__buf_12)
                                                         net79 (net)
                      0.172331    0.010665    2.431457 ^ _225_/RESET_B (sky130_fd_sc_hd__dfrtp_2)
                                              2.431457   data arrival time

                                  0.000000    0.000000   clock clk (rise edge)
                                  0.000000    0.000000   clock source latency
     1    0.013845    0.068290    0.046568    0.046568 ^ clk (in)
                                                         clk (net)
                      0.068296    0.000000    0.046568 ^ clkbuf_0_clk/A (sky130_fd_sc_hd__clkbuf_16)
     4    0.037720    0.057694    0.148400    0.194968 ^ clkbuf_0_clk/X (sky130_fd_sc_hd__clkbuf_16)
                                                         clknet_0_clk (net)
                      0.057727    0.001179    0.196146 ^ clkbuf_2_2__f_clk/A (sky130_fd_sc_hd__clkbuf_16)
    13    0.033787    0.054281    0.141824    0.337970 ^ clkbuf_2_2__f_clk/X (sky130_fd_sc_hd__clkbuf_16)
                                                         clknet_2_2__leaf_clk (net)
                      0.054284    0.000588    0.338559 ^ _225_/CLK (sky130_fd_sc_hd__dfrtp_2)
                                  0.250000    0.588559   clock uncertainty
                                  0.000000    0.588559   clock reconvergence pessimism
                                  0.357511    0.946069   library removal time
                                              0.946069   data required time
---------------------------------------------------------------------------------------------
                                              0.946069   data required time
                                             -2.431457   data arrival time
---------------------------------------------------------------------------------------------
                                              1.485388   slack (MET)


Startpoint: rst_n (input port clocked by clk)
Endpoint: _224_ (removal check against rising-edge clock clk)
Path Group: asynchronous
Path Type: min

Fanout         Cap        Slew       Delay        Time   Description
---------------------------------------------------------------------------------------------
                                  0.000000    0.000000   clock clk (rise edge)
                                  0.000000    0.000000   clock network delay (propagated)
                                  2.000000    2.000000 ^ input external delay
     1    0.004066    0.025227    0.014765    2.014765 ^ rst_n (in)
                                                         rst_n (net)
                      0.025235    0.000000    2.014765 ^ input33/A (sky130_fd_sc_hd__buf_4)
    10    0.053240    0.152010    0.183243    2.198008 ^ input33/X (sky130_fd_sc_hd__buf_4)
                                                         net33 (net)
                      0.152032    0.001523    2.199530 ^ max_cap79/A (sky130_fd_sc_hd__buf_12)
    32    0.144988    0.171317    0.221261    2.420791 ^ max_cap79/X (sky130_fd_sc_hd__buf_12)
                                                         net79 (net)
                      0.172369    0.010857    2.431648 ^ _224_/RESET_B (sky130_fd_sc_hd__dfrtp_2)
                                              2.431648   data arrival time

                                  0.000000    0.000000   clock clk (rise edge)
                                  0.000000    0.000000   clock source latency
     1    0.013845    0.068290    0.046568    0.046568 ^ clk (in)
                                                         clk (net)
                      0.068296    0.000000    0.046568 ^ clkbuf_0_clk/A (sky130_fd_sc_hd__clkbuf_16)
     4    0.037720    0.057694    0.148400    0.194968 ^ clkbuf_0_clk/X (sky130_fd_sc_hd__clkbuf_16)
                                                         clknet_0_clk (net)
                      0.057727    0.001179    0.196146 ^ clkbuf_2_2__f_clk/A (sky130_fd_sc_hd__clkbuf_16)
    13    0.033787    0.054281    0.141824    0.337970 ^ clkbuf_2_2__f_clk/X (sky130_fd_sc_hd__clkbuf_16)
                                                         clknet_2_2__leaf_clk (net)
                      0.054291    0.000733    0.338704 ^ _224_/CLK (sky130_fd_sc_hd__dfrtp_2)
                                  0.250000    0.588704   clock uncertainty
                                  0.000000    0.588704   clock reconvergence pessimism
                                  0.357523    0.946227   library removal time
                                              0.946227   data required time
---------------------------------------------------------------------------------------------
                                              0.946227   data required time
                                             -2.431648   data arrival time
---------------------------------------------------------------------------------------------
                                              1.485422   slack (MET)


Startpoint: rst_n (input port clocked by clk)
Endpoint: _211_ (removal check against rising-edge clock clk)
Path Group: asynchronous
Path Type: min

Fanout         Cap        Slew       Delay        Time   Description
---------------------------------------------------------------------------------------------
                                  0.000000    0.000000   clock clk (rise edge)
                                  0.000000    0.000000   clock network delay (propagated)
                                  2.000000    2.000000 ^ input external delay
     1    0.004066    0.025227    0.014765    2.014765 ^ rst_n (in)
                                                         rst_n (net)
                      0.025235    0.000000    2.014765 ^ input33/A (sky130_fd_sc_hd__buf_4)
    10    0.053240    0.152010    0.183243    2.198008 ^ input33/X (sky130_fd_sc_hd__buf_4)
                                                         net33 (net)
                      0.152032    0.001523    2.199530 ^ max_cap79/A (sky130_fd_sc_hd__buf_12)
    32    0.144988    0.171317    0.221261    2.420791 ^ max_cap79/X (sky130_fd_sc_hd__buf_12)
                                                         net79 (net)
                      0.171905    0.008207    2.428998 ^ _211_/RESET_B (sky130_fd_sc_hd__dfrtp_2)
                                              2.428998   data arrival time

                                  0.000000    0.000000   clock clk (rise edge)
                                  0.000000    0.000000   clock source latency
     1    0.013845    0.068290    0.046568    0.046568 ^ clk (in)
                                                         clk (net)
                      0.068296    0.000000    0.046568 ^ clkbuf_0_clk/A (sky130_fd_sc_hd__clkbuf_16)
     4    0.037720    0.057694    0.148400    0.194968 ^ clkbuf_0_clk/X (sky130_fd_sc_hd__clkbuf_16)
                                                         clknet_0_clk (net)
                      0.057725    0.001159    0.196126 ^ clkbuf_2_3__f_clk/A (sky130_fd_sc_hd__clkbuf_16)
     9    0.031091    0.051976    0.139860    0.335986 ^ clkbuf_2_3__f_clk/X (sky130_fd_sc_hd__clkbuf_16)
                                                         clknet_2_3__leaf_clk (net)
                      0.051977    0.000359    0.336345 ^ _211_/CLK (sky130_fd_sc_hd__dfrtp_2)
                                  0.250000    0.586345   clock uncertainty
                                  0.000000    0.586345   clock reconvergence pessimism
                                  0.356761    0.943106   library removal time
                                              0.943106   data required time
---------------------------------------------------------------------------------------------
                                              0.943106   data required time
                                             -2.428998   data arrival time
---------------------------------------------------------------------------------------------
                                              1.485892   slack (MET)


Startpoint: rst_n (input port clocked by clk)
Endpoint: _212_ (removal check against rising-edge clock clk)
Path Group: asynchronous
Path Type: min

Fanout         Cap        Slew       Delay        Time   Description
---------------------------------------------------------------------------------------------
                                  0.000000    0.000000   clock clk (rise edge)
                                  0.000000    0.000000   clock network delay (propagated)
                                  2.000000    2.000000 ^ input external delay
     1    0.004066    0.025227    0.014765    2.014765 ^ rst_n (in)
                                                         rst_n (net)
                      0.025235    0.000000    2.014765 ^ input33/A (sky130_fd_sc_hd__buf_4)
    10    0.053240    0.152010    0.183243    2.198008 ^ input33/X (sky130_fd_sc_hd__buf_4)
                                                         net33 (net)
                      0.152032    0.001523    2.199530 ^ max_cap79/A (sky130_fd_sc_hd__buf_12)
    32    0.144988    0.171317    0.221261    2.420791 ^ max_cap79/X (sky130_fd_sc_hd__buf_12)
                                                         net79 (net)
                      0.171905    0.008211    2.429002 ^ _212_/RESET_B (sky130_fd_sc_hd__dfrtp_2)
                                              2.429002   data arrival time

                                  0.000000    0.000000   clock clk (rise edge)
                                  0.000000    0.000000   clock source latency
     1    0.013845    0.068290    0.046568    0.046568 ^ clk (in)
                                                         clk (net)
                      0.068296    0.000000    0.046568 ^ clkbuf_0_clk/A (sky130_fd_sc_hd__clkbuf_16)
     4    0.037720    0.057694    0.148400    0.194968 ^ clkbuf_0_clk/X (sky130_fd_sc_hd__clkbuf_16)
                                                         clknet_0_clk (net)
                      0.057725    0.001159    0.196126 ^ clkbuf_2_3__f_clk/A (sky130_fd_sc_hd__clkbuf_16)
     9    0.031091    0.051976    0.139860    0.335986 ^ clkbuf_2_3__f_clk/X (sky130_fd_sc_hd__clkbuf_16)
                                                         clknet_2_3__leaf_clk (net)
                      0.051977    0.000362    0.336348 ^ _212_/CLK (sky130_fd_sc_hd__dfrtp_2)
                                  0.250000    0.586348   clock uncertainty
                                  0.000000    0.586348   clock reconvergence pessimism
                                  0.356761    0.943109   library removal time
                                              0.943109   data required time
---------------------------------------------------------------------------------------------
                                              0.943109   data required time
                                             -2.429002   data arrival time
---------------------------------------------------------------------------------------------
                                              1.485893   slack (MET)


Startpoint: rst_n (input port clocked by clk)
Endpoint: _209_ (removal check against rising-edge clock clk)
Path Group: asynchronous
Path Type: min

Fanout         Cap        Slew       Delay        Time   Description
---------------------------------------------------------------------------------------------
                                  0.000000    0.000000   clock clk (rise edge)
                                  0.000000    0.000000   clock network delay (propagated)
                                  2.000000    2.000000 ^ input external delay
     1    0.004066    0.025227    0.014765    2.014765 ^ rst_n (in)
                                                         rst_n (net)
                      0.025235    0.000000    2.014765 ^ input33/A (sky130_fd_sc_hd__buf_4)
    10    0.053240    0.152010    0.183243    2.198008 ^ input33/X (sky130_fd_sc_hd__buf_4)
                                                         net33 (net)
                      0.152032    0.001523    2.199530 ^ max_cap79/A (sky130_fd_sc_hd__buf_12)
    32    0.144988    0.171317    0.221261    2.420791 ^ max_cap79/X (sky130_fd_sc_hd__buf_12)
                                                         net79 (net)
                      0.171976    0.008667    2.429459 ^ _209_/RESET_B (sky130_fd_sc_hd__dfrtp_2)
                                              2.429459   data arrival time

                                  0.000000    0.000000   clock clk (rise edge)
                                  0.000000    0.000000   clock source latency
     1    0.013845    0.068290    0.046568    0.046568 ^ clk (in)
                                                         clk (net)
                      0.068296    0.000000    0.046568 ^ clkbuf_0_clk/A (sky130_fd_sc_hd__clkbuf_16)
     4    0.037720    0.057694    0.148400    0.194968 ^ clkbuf_0_clk/X (sky130_fd_sc_hd__clkbuf_16)
                                                         clknet_0_clk (net)
                      0.057725    0.001159    0.196126 ^ clkbuf_2_3__f_clk/A (sky130_fd_sc_hd__clkbuf_16)
     9    0.031091    0.051976    0.139860    0.335986 ^ clkbuf_2_3__f_clk/X (sky130_fd_sc_hd__clkbuf_16)
                                                         clknet_2_3__leaf_clk (net)
                      0.051977    0.000358    0.336344 ^ _209_/CLK (sky130_fd_sc_hd__dfrtp_2)
                                  0.250000    0.586344   clock uncertainty
                                  0.000000    0.586344   clock reconvergence pessimism
                                  0.356780    0.943125   library removal time
                                              0.943125   data required time
---------------------------------------------------------------------------------------------
                                              0.943125   data required time
                                             -2.429459   data arrival time
---------------------------------------------------------------------------------------------
                                              1.486334   slack (MET)


Startpoint: rst_n (input port clocked by clk)
Endpoint: _210_ (removal check against rising-edge clock clk)
Path Group: asynchronous
Path Type: min

Fanout         Cap        Slew       Delay        Time   Description
---------------------------------------------------------------------------------------------
                                  0.000000    0.000000   clock clk (rise edge)
                                  0.000000    0.000000   clock network delay (propagated)
                                  2.000000    2.000000 ^ input external delay
     1    0.004066    0.025227    0.014765    2.014765 ^ rst_n (in)
                                                         rst_n (net)
                      0.025235    0.000000    2.014765 ^ input33/A (sky130_fd_sc_hd__buf_4)
    10    0.053240    0.152010    0.183243    2.198008 ^ input33/X (sky130_fd_sc_hd__buf_4)
                                                         net33 (net)
                      0.152032    0.001523    2.199530 ^ max_cap79/A (sky130_fd_sc_hd__buf_12)
    32    0.144988    0.171317    0.221261    2.420791 ^ max_cap79/X (sky130_fd_sc_hd__buf_12)
                                                         net79 (net)
                      0.171976    0.008673    2.429464 ^ _210_/RESET_B (sky130_fd_sc_hd__dfrtp_2)
                                              2.429464   data arrival time

                                  0.000000    0.000000   clock clk (rise edge)
                                  0.000000    0.000000   clock source latency
     1    0.013845    0.068290    0.046568    0.046568 ^ clk (in)
                                                         clk (net)
                      0.068296    0.000000    0.046568 ^ clkbuf_0_clk/A (sky130_fd_sc_hd__clkbuf_16)
     4    0.037720    0.057694    0.148400    0.194968 ^ clkbuf_0_clk/X (sky130_fd_sc_hd__clkbuf_16)
                                                         clknet_0_clk (net)
                      0.057725    0.001159    0.196126 ^ clkbuf_2_3__f_clk/A (sky130_fd_sc_hd__clkbuf_16)
     9    0.031091    0.051976    0.139860    0.335986 ^ clkbuf_2_3__f_clk/X (sky130_fd_sc_hd__clkbuf_16)
                                                         clknet_2_3__leaf_clk (net)
                      0.051977    0.000361    0.336347 ^ _210_/CLK (sky130_fd_sc_hd__dfrtp_2)
                                  0.250000    0.586347   clock uncertainty
                                  0.000000    0.586347   clock reconvergence pessimism
                                  0.356781    0.943127   library removal time
                                              0.943127   data required time
---------------------------------------------------------------------------------------------
                                              0.943127   data required time
                                             -2.429464   data arrival time
---------------------------------------------------------------------------------------------
                                              1.486337   slack (MET)


Startpoint: rst_n (input port clocked by clk)
Endpoint: _221_ (removal check against rising-edge clock clk)
Path Group: asynchronous
Path Type: min

Fanout         Cap        Slew       Delay        Time   Description
---------------------------------------------------------------------------------------------
                                  0.000000    0.000000   clock clk (rise edge)
                                  0.000000    0.000000   clock network delay (propagated)
                                  2.000000    2.000000 ^ input external delay
     1    0.004066    0.025227    0.014765    2.014765 ^ rst_n (in)
                                                         rst_n (net)
                      0.025235    0.000000    2.014765 ^ input33/A (sky130_fd_sc_hd__buf_4)
    10    0.053240    0.152010    0.183243    2.198008 ^ input33/X (sky130_fd_sc_hd__buf_4)
                                                         net33 (net)
                      0.152032    0.001523    2.199530 ^ max_cap79/A (sky130_fd_sc_hd__buf_12)
    32    0.144988    0.171317    0.221261    2.420791 ^ max_cap79/X (sky130_fd_sc_hd__buf_12)
                                                         net79 (net)
                      0.172378    0.010901    2.431692 ^ _221_/RESET_B (sky130_fd_sc_hd__dfrtp_2)
                                              2.431692   data arrival time

                                  0.000000    0.000000   clock clk (rise edge)
                                  0.000000    0.000000   clock source latency
     1    0.013845    0.068290    0.046568    0.046568 ^ clk (in)
                                                         clk (net)
                      0.068296    0.000000    0.046568 ^ clkbuf_0_clk/A (sky130_fd_sc_hd__clkbuf_16)
     4    0.037720    0.057694    0.148400    0.194968 ^ clkbuf_0_clk/X (sky130_fd_sc_hd__clkbuf_16)
                                                         clknet_0_clk (net)
                      0.057723    0.001128    0.196096 ^ clkbuf_2_0__f_clk/A (sky130_fd_sc_hd__clkbuf_16)
     9    0.031471    0.052276    0.140057    0.336153 ^ clkbuf_2_0__f_clk/X (sky130_fd_sc_hd__clkbuf_16)
                                                         clknet_2_0__leaf_clk (net)
                      0.052279    0.000814    0.336967 ^ _221_/CLK (sky130_fd_sc_hd__dfrtp_2)
                                  0.250000    0.586967   clock uncertainty
                                  0.000000    0.586967   clock reconvergence pessimism
                                  0.356973    0.943940   library removal time
                                              0.943940   data required time
---------------------------------------------------------------------------------------------
                                              0.943940   data required time
                                             -2.431692   data arrival time
---------------------------------------------------------------------------------------------
                                              1.487752   slack (MET)


Startpoint: rst_n (input port clocked by clk)
Endpoint: _223_ (removal check against rising-edge clock clk)
Path Group: asynchronous
Path Type: min

Fanout         Cap        Slew       Delay        Time   Description
---------------------------------------------------------------------------------------------
                                  0.000000    0.000000   clock clk (rise edge)
                                  0.000000    0.000000   clock network delay (propagated)
                                  2.000000    2.000000 ^ input external delay
     1    0.004066    0.025227    0.014765    2.014765 ^ rst_n (in)
                                                         rst_n (net)
                      0.025235    0.000000    2.014765 ^ input33/A (sky130_fd_sc_hd__buf_4)
    10    0.053240    0.152010    0.183243    2.198008 ^ input33/X (sky130_fd_sc_hd__buf_4)
                                                         net33 (net)
                      0.152032    0.001523    2.199530 ^ max_cap79/A (sky130_fd_sc_hd__buf_12)
    32    0.144988    0.171317    0.221261    2.420791 ^ max_cap79/X (sky130_fd_sc_hd__buf_12)
                                                         net79 (net)
                      0.172378    0.010900    2.431691 ^ _223_/RESET_B (sky130_fd_sc_hd__dfrtp_2)
                                              2.431691   data arrival time

                                  0.000000    0.000000   clock clk (rise edge)
                                  0.000000    0.000000   clock source latency
     1    0.013845    0.068290    0.046568    0.046568 ^ clk (in)
                                                         clk (net)
                      0.068296    0.000000    0.046568 ^ clkbuf_0_clk/A (sky130_fd_sc_hd__clkbuf_16)
     4    0.037720    0.057694    0.148400    0.194968 ^ clkbuf_0_clk/X (sky130_fd_sc_hd__clkbuf_16)
                                                         clknet_0_clk (net)
                      0.057723    0.001128    0.196096 ^ clkbuf_2_0__f_clk/A (sky130_fd_sc_hd__clkbuf_16)
     9    0.031471    0.052276    0.140057    0.336153 ^ clkbuf_2_0__f_clk/X (sky130_fd_sc_hd__clkbuf_16)
                                                         clknet_2_0__leaf_clk (net)
                      0.052279    0.000812    0.336965 ^ _223_/CLK (sky130_fd_sc_hd__dfrtp_2)
                                  0.250000    0.586965   clock uncertainty
                                  0.000000    0.586965   clock reconvergence pessimism
                                  0.356973    0.943938   library removal time
                                              0.943938   data required time
---------------------------------------------------------------------------------------------
                                              0.943938   data required time
                                             -2.431691   data arrival time
---------------------------------------------------------------------------------------------
                                              1.487753   slack (MET)


Startpoint: rst_n (input port clocked by clk)
Endpoint: _207_ (removal check against rising-edge clock clk)
Path Group: asynchronous
Path Type: min

Fanout         Cap        Slew       Delay        Time   Description
---------------------------------------------------------------------------------------------
                                  0.000000    0.000000   clock clk (rise edge)
                                  0.000000    0.000000   clock network delay (propagated)
                                  2.000000    2.000000 ^ input external delay
     1    0.004066    0.025227    0.014765    2.014765 ^ rst_n (in)
                                                         rst_n (net)
                      0.025235    0.000000    2.014765 ^ input33/A (sky130_fd_sc_hd__buf_4)
    10    0.053240    0.152010    0.183243    2.198008 ^ input33/X (sky130_fd_sc_hd__buf_4)
                                                         net33 (net)
                      0.152032    0.001523    2.199530 ^ max_cap79/A (sky130_fd_sc_hd__buf_12)
    32    0.144988    0.171317    0.221261    2.420791 ^ max_cap79/X (sky130_fd_sc_hd__buf_12)
                                                         net79 (net)
                      0.172325    0.010633    2.431425 ^ _207_/RESET_B (sky130_fd_sc_hd__dfrtp_2)
                                              2.431425   data arrival time

                                  0.000000    0.000000   clock clk (rise edge)
                                  0.000000    0.000000   clock source latency
     1    0.013845    0.068290    0.046568    0.046568 ^ clk (in)
                                                         clk (net)
                      0.068296    0.000000    0.046568 ^ clkbuf_0_clk/A (sky130_fd_sc_hd__clkbuf_16)
     4    0.037720    0.057694    0.148400    0.194968 ^ clkbuf_0_clk/X (sky130_fd_sc_hd__clkbuf_16)
                                                         clknet_0_clk (net)
                      0.057725    0.001159    0.196126 ^ clkbuf_2_3__f_clk/A (sky130_fd_sc_hd__clkbuf_16)
     9    0.031091    0.051976    0.139860    0.335986 ^ clkbuf_2_3__f_clk/X (sky130_fd_sc_hd__clkbuf_16)
                                                         clknet_2_3__leaf_clk (net)
                      0.051978    0.000539    0.336525 ^ _207_/CLK (sky130_fd_sc_hd__dfrtp_2)
                                  0.250000    0.586525   clock uncertainty
                                  0.000000    0.586525   clock reconvergence pessimism
                                  0.356876    0.943401   library removal time
                                              0.943401   data required time
---------------------------------------------------------------------------------------------
                                              0.943401   data required time
                                             -2.431425   data arrival time
---------------------------------------------------------------------------------------------
                                              1.488024   slack (MET)


Startpoint: rst_n (input port clocked by clk)
Endpoint: _208_ (removal check against rising-edge clock clk)
Path Group: asynchronous
Path Type: min

Fanout         Cap        Slew       Delay        Time   Description
---------------------------------------------------------------------------------------------
                                  0.000000    0.000000   clock clk (rise edge)
                                  0.000000    0.000000   clock network delay (propagated)
                                  2.000000    2.000000 ^ input external delay
     1    0.004066    0.025227    0.014765    2.014765 ^ rst_n (in)
                                                         rst_n (net)
                      0.025235    0.000000    2.014765 ^ input33/A (sky130_fd_sc_hd__buf_4)
    10    0.053240    0.152010    0.183243    2.198008 ^ input33/X (sky130_fd_sc_hd__buf_4)
                                                         net33 (net)
                      0.152032    0.001523    2.199530 ^ max_cap79/A (sky130_fd_sc_hd__buf_12)
    32    0.144988    0.171317    0.221261    2.420791 ^ max_cap79/X (sky130_fd_sc_hd__buf_12)
                                                         net79 (net)
                      0.172327    0.010642    2.431433 ^ _208_/RESET_B (sky130_fd_sc_hd__dfrtp_2)
                                              2.431433   data arrival time

                                  0.000000    0.000000   clock clk (rise edge)
                                  0.000000    0.000000   clock source latency
     1    0.013845    0.068290    0.046568    0.046568 ^ clk (in)
                                                         clk (net)
                      0.068296    0.000000    0.046568 ^ clkbuf_0_clk/A (sky130_fd_sc_hd__clkbuf_16)
     4    0.037720    0.057694    0.148400    0.194968 ^ clkbuf_0_clk/X (sky130_fd_sc_hd__clkbuf_16)
                                                         clknet_0_clk (net)
                      0.057725    0.001159    0.196126 ^ clkbuf_2_3__f_clk/A (sky130_fd_sc_hd__clkbuf_16)
     9    0.031091    0.051976    0.139860    0.335986 ^ clkbuf_2_3__f_clk/X (sky130_fd_sc_hd__clkbuf_16)
                                                         clknet_2_3__leaf_clk (net)
                      0.051978    0.000548    0.336534 ^ _208_/CLK (sky130_fd_sc_hd__dfrtp_2)
                                  0.250000    0.586534   clock uncertainty
                                  0.000000    0.586534   clock reconvergence pessimism
                                  0.356876    0.943410   library removal time
                                              0.943410   data required time
---------------------------------------------------------------------------------------------
                                              0.943410   data required time
                                             -2.431433   data arrival time
---------------------------------------------------------------------------------------------
                                              1.488023   slack (MET)


Startpoint: _225_ (rising edge-triggered flip-flop clocked by clk)
Endpoint: gpio_out[6] (output port clocked by clk)
Path Group: clk
Path Type: min

Fanout         Cap        Slew       Delay        Time   Description
---------------------------------------------------------------------------------------------
                                  0.000000    0.000000   clock clk (rise edge)
                                  0.000000    0.000000   clock source latency
     1    0.013845    0.068290    0.046568    0.046568 ^ clk (in)
                                                         clk (net)
                      0.068296    0.000000    0.046568 ^ clkbuf_0_clk/A (sky130_fd_sc_hd__clkbuf_16)
     4    0.037720    0.057694    0.148400    0.194968 ^ clkbuf_0_clk/X (sky130_fd_sc_hd__clkbuf_16)
                                                         clknet_0_clk (net)
                      0.057727    0.001179    0.196146 ^ clkbuf_2_2__f_clk/A (sky130_fd_sc_hd__clkbuf_16)
    13    0.033787    0.054281    0.141824    0.337970 ^ clkbuf_2_2__f_clk/X (sky130_fd_sc_hd__clkbuf_16)
                                                         clknet_2_2__leaf_clk (net)
                      0.054284    0.000588    0.338559 ^ _225_/CLK (sky130_fd_sc_hd__dfrtp_2)
     1    0.002893    0.038255    0.381905    0.720464 v _225_/Q (sky130_fd_sc_hd__dfrtp_2)
                                                         net76 (net)
                      0.038255    0.000066    0.720529 v output76/A (sky130_fd_sc_hd__clkdlybuf4s25_1)
     1    0.034974    0.260395    0.414944    1.135473 v output76/X (sky130_fd_sc_hd__clkdlybuf4s25_1)
                                                         gpio_out[6] (net)
                      0.260396    0.000986    1.136459 v gpio_out[6] (out)
                                              1.136459   data arrival time

                                  0.000000    0.000000   clock clk (rise edge)
                                  0.000000    0.000000   clock network delay (propagated)
                                  0.250000    0.250000   clock uncertainty
                                  0.000000    0.250000   clock reconvergence pessimism
                                 -2.000000   -1.750000   output external delay
                                             -1.750000   data required time
---------------------------------------------------------------------------------------------
                                             -1.750000   data required time
                                             -1.136459   data arrival time
---------------------------------------------------------------------------------------------
                                              2.886459   slack (MET)


Startpoint: _222_ (rising edge-triggered flip-flop clocked by clk)
Endpoint: gpio_out[3] (output port clocked by clk)
Path Group: clk
Path Type: min

Fanout         Cap        Slew       Delay        Time   Description
---------------------------------------------------------------------------------------------
                                  0.000000    0.000000   clock clk (rise edge)
                                  0.000000    0.000000   clock source latency
     1    0.013845    0.068290    0.046568    0.046568 ^ clk (in)
                                                         clk (net)
                      0.068296    0.000000    0.046568 ^ clkbuf_0_clk/A (sky130_fd_sc_hd__clkbuf_16)
     4    0.037720    0.057694    0.148400    0.194968 ^ clkbuf_0_clk/X (sky130_fd_sc_hd__clkbuf_16)
                                                         clknet_0_clk (net)
                      0.057727    0.001179    0.196146 ^ clkbuf_2_2__f_clk/A (sky130_fd_sc_hd__clkbuf_16)
    13    0.033787    0.054281    0.141824    0.337970 ^ clkbuf_2_2__f_clk/X (sky130_fd_sc_hd__clkbuf_16)
                                                         clknet_2_2__leaf_clk (net)
                      0.054283    0.000545    0.338516 ^ _222_/CLK (sky130_fd_sc_hd__dfrtp_2)
     1    0.004194    0.042993    0.389085    0.727601 v _222_/Q (sky130_fd_sc_hd__dfrtp_2)
                                                         net73 (net)
                      0.042993    0.000163    0.727764 v output73/A (sky130_fd_sc_hd__clkdlybuf4s25_1)
     1    0.034662    0.258219    0.415366    1.143131 v output73/X (sky130_fd_sc_hd__clkdlybuf4s25_1)
                                                         gpio_out[3] (net)
                      0.258220    0.000940    1.144071 v gpio_out[3] (out)
                                              1.144071   data arrival time

                                  0.000000    0.000000   clock clk (rise edge)
                                  0.000000    0.000000   clock network delay (propagated)
                                  0.250000    0.250000   clock uncertainty
                                  0.000000    0.250000   clock reconvergence pessimism
                                 -2.000000   -1.750000   output external delay
                                             -1.750000   data required time
---------------------------------------------------------------------------------------------
                                             -1.750000   data required time
                                             -1.144071   data arrival time
---------------------------------------------------------------------------------------------
                                              2.894071   slack (MET)


Startpoint: _221_ (rising edge-triggered flip-flop clocked by clk)
Endpoint: gpio_out[2] (output port clocked by clk)
Path Group: clk
Path Type: min

Fanout         Cap        Slew       Delay        Time   Description
---------------------------------------------------------------------------------------------
                                  0.000000    0.000000   clock clk (rise edge)
                                  0.000000    0.000000   clock source latency
     1    0.013845    0.068290    0.046568    0.046568 ^ clk (in)
                                                         clk (net)
                      0.068296    0.000000    0.046568 ^ clkbuf_0_clk/A (sky130_fd_sc_hd__clkbuf_16)
     4    0.037720    0.057694    0.148400    0.194968 ^ clkbuf_0_clk/X (sky130_fd_sc_hd__clkbuf_16)
                                                         clknet_0_clk (net)
                      0.057723    0.001128    0.196096 ^ clkbuf_2_0__f_clk/A (sky130_fd_sc_hd__clkbuf_16)
     9    0.031471    0.052276    0.140057    0.336153 ^ clkbuf_2_0__f_clk/X (sky130_fd_sc_hd__clkbuf_16)
                                                         clknet_2_0__leaf_clk (net)
                      0.052279    0.000814    0.336967 ^ _221_/CLK (sky130_fd_sc_hd__dfrtp_2)
     1    0.003641    0.040494    0.385294    0.722261 v _221_/Q (sky130_fd_sc_hd__dfrtp_2)
                                                         net72 (net)
                      0.040494    0.000127    0.722388 v output72/A (sky130_fd_sc_hd__clkdlybuf4s25_1)
     1    0.035995    0.267789    0.421060    1.143448 v output72/X (sky130_fd_sc_hd__clkdlybuf4s25_1)
                                                         gpio_out[2] (net)
                      0.267792    0.001286    1.144734 v gpio_out[2] (out)
                                              1.144734   data arrival time

                                  0.000000    0.000000   clock clk (rise edge)
                                  0.000000    0.000000   clock network delay (propagated)
                                  0.250000    0.250000   clock uncertainty
                                  0.000000    0.250000   clock reconvergence pessimism
                                 -2.000000   -1.750000   output external delay
                                             -1.750000   data required time
---------------------------------------------------------------------------------------------
                                             -1.750000   data required time
                                             -1.144734   data arrival time
---------------------------------------------------------------------------------------------
                                              2.894734   slack (MET)


Startpoint: _223_ (rising edge-triggered flip-flop clocked by clk)
Endpoint: gpio_out[4] (output port clocked by clk)
Path Group: clk
Path Type: min

Fanout         Cap        Slew       Delay        Time   Description
---------------------------------------------------------------------------------------------
                                  0.000000    0.000000   clock clk (rise edge)
                                  0.000000    0.000000   clock source latency
     1    0.013845    0.068290    0.046568    0.046568 ^ clk (in)
                                                         clk (net)
                      0.068296    0.000000    0.046568 ^ clkbuf_0_clk/A (sky130_fd_sc_hd__clkbuf_16)
     4    0.037720    0.057694    0.148400    0.194968 ^ clkbuf_0_clk/X (sky130_fd_sc_hd__clkbuf_16)
                                                         clknet_0_clk (net)
                      0.057723    0.001128    0.196096 ^ clkbuf_2_0__f_clk/A (sky130_fd_sc_hd__clkbuf_16)
     9    0.031471    0.052276    0.140057    0.336153 ^ clkbuf_2_0__f_clk/X (sky130_fd_sc_hd__clkbuf_16)
                                                         clknet_2_0__leaf_clk (net)
                      0.052279    0.000812    0.336965 ^ _223_/CLK (sky130_fd_sc_hd__dfrtp_2)
     1    0.003900    0.041597    0.386729    0.723694 v _223_/Q (sky130_fd_sc_hd__dfrtp_2)
                                                         net74 (net)
                      0.041597    0.000140    0.723834 v output74/A (sky130_fd_sc_hd__clkdlybuf4s25_1)
     1    0.035805    0.266473    0.420458    1.144292 v output74/X (sky130_fd_sc_hd__clkdlybuf4s25_1)
                                                         gpio_out[4] (net)
                      0.266477    0.001388    1.145681 v gpio_out[4] (out)
                                              1.145681   data arrival time

                                  0.000000    0.000000   clock clk (rise edge)
                                  0.000000    0.000000   clock network delay (propagated)
                                  0.250000    0.250000   clock uncertainty
                                  0.000000    0.250000   clock reconvergence pessimism
                                 -2.000000   -1.750000   output external delay
                                             -1.750000   data required time
---------------------------------------------------------------------------------------------
                                             -1.750000   data required time
                                             -1.145681   data arrival time
---------------------------------------------------------------------------------------------
                                              2.895681   slack (MET)


Startpoint: _226_ (rising edge-triggered flip-flop clocked by clk)
Endpoint: gpio_out[7] (output port clocked by clk)
Path Group: clk
Path Type: min

Fanout         Cap        Slew       Delay        Time   Description
---------------------------------------------------------------------------------------------
                                  0.000000    0.000000   clock clk (rise edge)
                                  0.000000    0.000000   clock source latency
     1    0.013845    0.068290    0.046568    0.046568 ^ clk (in)
                                                         clk (net)
                      0.068296    0.000000    0.046568 ^ clkbuf_0_clk/A (sky130_fd_sc_hd__clkbuf_16)
     4    0.037720    0.057694    0.148400    0.194968 ^ clkbuf_0_clk/X (sky130_fd_sc_hd__clkbuf_16)
                                                         clknet_0_clk (net)
                      0.057727    0.001179    0.196146 ^ clkbuf_2_2__f_clk/A (sky130_fd_sc_hd__clkbuf_16)
    13    0.033787    0.054281    0.141824    0.337970 ^ clkbuf_2_2__f_clk/X (sky130_fd_sc_hd__clkbuf_16)
                                                         clknet_2_2__leaf_clk (net)
                      0.054290    0.000705    0.338675 ^ _226_/CLK (sky130_fd_sc_hd__dfrtp_2)
     1    0.003792    0.041108    0.386869    0.725544 v _226_/Q (sky130_fd_sc_hd__dfrtp_2)
                                                         net77 (net)
                      0.041108    0.000134    0.725678 v output77/A (sky130_fd_sc_hd__clkdlybuf4s25_1)
     1    0.036378    0.270575    0.423210    1.148888 v output77/X (sky130_fd_sc_hd__clkdlybuf4s25_1)
                                                         gpio_out[7] (net)
                      0.270580    0.001464    1.150352 v gpio_out[7] (out)
                                              1.150352   data arrival time

                                  0.000000    0.000000   clock clk (rise edge)
                                  0.000000    0.000000   clock network delay (propagated)
                                  0.250000    0.250000   clock uncertainty
                                  0.000000    0.250000   clock reconvergence pessimism
                                 -2.000000   -1.750000   output external delay
                                             -1.750000   data required time
---------------------------------------------------------------------------------------------
                                             -1.750000   data required time
                                             -1.150352   data arrival time
---------------------------------------------------------------------------------------------
                                              2.900352   slack (MET)


Startpoint: _224_ (rising edge-triggered flip-flop clocked by clk)
Endpoint: gpio_out[5] (output port clocked by clk)
Path Group: clk
Path Type: min

Fanout         Cap        Slew       Delay        Time   Description
---------------------------------------------------------------------------------------------
                                  0.000000    0.000000   clock clk (rise edge)
                                  0.000000    0.000000   clock source latency
     1    0.013845    0.068290    0.046568    0.046568 ^ clk (in)
                                                         clk (net)
                      0.068296    0.000000    0.046568 ^ clkbuf_0_clk/A (sky130_fd_sc_hd__clkbuf_16)
     4    0.037720    0.057694    0.148400    0.194968 ^ clkbuf_0_clk/X (sky130_fd_sc_hd__clkbuf_16)
                                                         clknet_0_clk (net)
                      0.057727    0.001179    0.196146 ^ clkbuf_2_2__f_clk/A (sky130_fd_sc_hd__clkbuf_16)
    13    0.033787    0.054281    0.141824    0.337970 ^ clkbuf_2_2__f_clk/X (sky130_fd_sc_hd__clkbuf_16)
                                                         clknet_2_2__leaf_clk (net)
                      0.054291    0.000733    0.338704 ^ _224_/CLK (sky130_fd_sc_hd__dfrtp_2)
     1    0.004372    0.043616    0.389999    0.728703 v _224_/Q (sky130_fd_sc_hd__dfrtp_2)
                                                         net75 (net)
                      0.043616    0.000166    0.728869 v output75/A (sky130_fd_sc_hd__clkdlybuf4s25_1)
     1    0.035697    0.265711    0.420812    1.149680 v output75/X (sky130_fd_sc_hd__clkdlybuf4s25_1)
                                                         gpio_out[5] (net)
                      0.265715    0.001314    1.150995 v gpio_out[5] (out)
                                              1.150995   data arrival time

                                  0.000000    0.000000   clock clk (rise edge)
                                  0.000000    0.000000   clock network delay (propagated)
                                  0.250000    0.250000   clock uncertainty
                                  0.000000    0.250000   clock reconvergence pessimism
                                 -2.000000   -1.750000   output external delay
                                             -1.750000   data required time
---------------------------------------------------------------------------------------------
                                             -1.750000   data required time
                                             -1.150995   data arrival time
---------------------------------------------------------------------------------------------
                                              2.900995   slack (MET)


Startpoint: _220_ (rising edge-triggered flip-flop clocked by clk)
Endpoint: gpio_out[1] (output port clocked by clk)
Path Group: clk
Path Type: min

Fanout         Cap        Slew       Delay        Time   Description
---------------------------------------------------------------------------------------------
                                  0.000000    0.000000   clock clk (rise edge)
                                  0.000000    0.000000   clock source latency
     1    0.013845    0.068290    0.046568    0.046568 ^ clk (in)
                                                         clk (net)
                      0.068296    0.000000    0.046568 ^ clkbuf_0_clk/A (sky130_fd_sc_hd__clkbuf_16)
     4    0.037720    0.057694    0.148400    0.194968 ^ clkbuf_0_clk/X (sky130_fd_sc_hd__clkbuf_16)
                                                         clknet_0_clk (net)
                      0.057731    0.001252    0.196220 ^ clkbuf_2_1__f_clk/A (sky130_fd_sc_hd__clkbuf_16)
    13    0.035731    0.055964    0.143282    0.339502 ^ clkbuf_2_1__f_clk/X (sky130_fd_sc_hd__clkbuf_16)
                                                         clknet_2_1__leaf_clk (net)
                      0.055992    0.000628    0.340130 ^ _220_/CLK (sky130_fd_sc_hd__dfrtp_2)
     1    0.004551    0.044000    0.391288    0.731417 v _220_/Q (sky130_fd_sc_hd__dfrtp_2)
                                                         net71 (net)
                      0.044000    0.000180    0.731597 v output71/A (sky130_fd_sc_hd__clkdlybuf4s25_1)
     1    0.036910    0.274423    0.427197    1.158795 v output71/X (sky130_fd_sc_hd__clkdlybuf4s25_1)
                                                         gpio_out[1] (net)
                      0.274429    0.001542    1.160336 v gpio_out[1] (out)
                                              1.160336   data arrival time

                                  0.000000    0.000000   clock clk (rise edge)
                                  0.000000    0.000000   clock network delay (propagated)
                                  0.250000    0.250000   clock uncertainty
                                  0.000000    0.250000   clock reconvergence pessimism
                                 -2.000000   -1.750000   output external delay
                                             -1.750000   data required time
---------------------------------------------------------------------------------------------
                                             -1.750000   data required time
                                             -1.160336   data arrival time
---------------------------------------------------------------------------------------------
                                              2.910336   slack (MET)


Startpoint: _186_ (rising edge-triggered flip-flop clocked by clk)
Endpoint: uart_tx (output port clocked by clk)
Path Group: clk
Path Type: min

Fanout         Cap        Slew       Delay        Time   Description
---------------------------------------------------------------------------------------------
                                  0.000000    0.000000   clock clk (rise edge)
                                  0.000000    0.000000   clock source latency
     1    0.013845    0.068290    0.046568    0.046568 ^ clk (in)
                                                         clk (net)
                      0.068296    0.000000    0.046568 ^ clkbuf_0_clk/A (sky130_fd_sc_hd__clkbuf_16)
     4    0.037720    0.057694    0.148400    0.194968 ^ clkbuf_0_clk/X (sky130_fd_sc_hd__clkbuf_16)
                                                         clknet_0_clk (net)
                      0.057731    0.001252    0.196220 ^ clkbuf_2_1__f_clk/A (sky130_fd_sc_hd__clkbuf_16)
    13    0.035731    0.055964    0.143282    0.339502 ^ clkbuf_2_1__f_clk/X (sky130_fd_sc_hd__clkbuf_16)
                                                         clknet_2_1__leaf_clk (net)
                      0.055994    0.000657    0.340158 ^ _186_/CLK (sky130_fd_sc_hd__dfrtp_2)
     2    0.009422    0.055973    0.409216    0.749374 v _186_/Q (sky130_fd_sc_hd__dfrtp_2)
                                                         net78 (net)
                      0.055973    0.000246    0.749620 v output78/A (sky130_fd_sc_hd__clkdlybuf4s25_1)
     1    0.036715    0.273127    0.431264    1.180885 v output78/X (sky130_fd_sc_hd__clkdlybuf4s25_1)
                                                         uart_tx (net)
                      0.273134    0.001640    1.182525 v uart_tx (out)
                                              1.182525   data arrival time

                                  0.000000    0.000000   clock clk (rise edge)
                                  0.000000    0.000000   clock network delay (propagated)
                                  0.250000    0.250000   clock uncertainty
                                  0.000000    0.250000   clock reconvergence pessimism
                                 -2.000000   -1.750000   output external delay
                                             -1.750000   data required time
---------------------------------------------------------------------------------------------
                                             -1.750000   data required time
                                             -1.182525   data arrival time
---------------------------------------------------------------------------------------------
                                              2.932525   slack (MET)


Startpoint: _219_ (rising edge-triggered flip-flop clocked by clk)
Endpoint: gpio_out[0] (output port clocked by clk)
Path Group: clk
Path Type: min

Fanout         Cap        Slew       Delay        Time   Description
---------------------------------------------------------------------------------------------
                                  0.000000    0.000000   clock clk (rise edge)
                                  0.000000    0.000000   clock source latency
     1    0.013845    0.068290    0.046568    0.046568 ^ clk (in)
                                                         clk (net)
                      0.068296    0.000000    0.046568 ^ clkbuf_0_clk/A (sky130_fd_sc_hd__clkbuf_16)
     4    0.037720    0.057694    0.148400    0.194968 ^ clkbuf_0_clk/X (sky130_fd_sc_hd__clkbuf_16)
                                                         clknet_0_clk (net)
                      0.057731    0.001252    0.196220 ^ clkbuf_2_1__f_clk/A (sky130_fd_sc_hd__clkbuf_16)
    13    0.035731    0.055964    0.143282    0.339502 ^ clkbuf_2_1__f_clk/X (sky130_fd_sc_hd__clkbuf_16)
                                                         clknet_2_1__leaf_clk (net)
                      0.055987    0.000493    0.339995 ^ _219_/CLK (sky130_fd_sc_hd__dfrtp_2)
     1    0.008812    0.054276    0.406931    0.746926 v _219_/Q (sky130_fd_sc_hd__dfrtp_2)
                                                         net70 (net)
                      0.054276    0.000377    0.747303 v output70/A (sky130_fd_sc_hd__clkdlybuf4s25_1)
     1    0.040252    0.298382    0.449080    1.196383 v output70/X (sky130_fd_sc_hd__clkdlybuf4s25_1)
                                                         gpio_out[0] (net)
                      0.298390    0.001835    1.198218 v gpio_out[0] (out)
                                              1.198218   data arrival time

                                  0.000000    0.000000   clock clk (rise edge)
                                  0.000000    0.000000   clock network delay (propagated)
                                  0.250000    0.250000   clock uncertainty
                                  0.000000    0.250000   clock reconvergence pessimism
                                 -2.000000   -1.750000   output external delay
                                             -1.750000   data required time
---------------------------------------------------------------------------------------------
                                             -1.750000   data required time
                                             -1.198218   data arrival time
---------------------------------------------------------------------------------------------
                                              2.948218   slack (MET)


Startpoint: _206_ (rising edge-triggered flip-flop clocked by clk)
Endpoint: axi_rdata[19] (output port clocked by clk)
Path Group: clk
Path Type: min

Fanout         Cap        Slew       Delay        Time   Description
---------------------------------------------------------------------------------------------
                                  0.000000    0.000000   clock clk (rise edge)
                                  0.000000    0.000000   clock source latency
     1    0.013845    0.068290    0.046568    0.046568 ^ clk (in)
                                                         clk (net)
                      0.068296    0.000000    0.046568 ^ clkbuf_0_clk/A (sky130_fd_sc_hd__clkbuf_16)
     4    0.037720    0.057694    0.148400    0.194968 ^ clkbuf_0_clk/X (sky130_fd_sc_hd__clkbuf_16)
                                                         clknet_0_clk (net)
                      0.057727    0.001179    0.196146 ^ clkbuf_2_2__f_clk/A (sky130_fd_sc_hd__clkbuf_16)
    13    0.033787    0.054281    0.141824    0.337970 ^ clkbuf_2_2__f_clk/X (sky130_fd_sc_hd__clkbuf_16)
                                                         clknet_2_2__leaf_clk (net)
                      0.054290    0.000719    0.338689 ^ _206_/CLK (sky130_fd_sc_hd__dfrtp_2)
     3    0.015114    0.089615    0.387041    0.725731 ^ _206_/Q (sky130_fd_sc_hd__dfrtp_2)
                                                         counter[19] (net)
                      0.089615    0.000305    0.726036 ^ _097_/A (sky130_fd_sc_hd__xor2_2)
     1    0.003264    0.031380    0.069876    0.795912 v _097_/X (sky130_fd_sc_hd__xor2_2)
                                                         net47 (net)
                      0.031380    0.000108    0.796020 v output47/A (sky130_fd_sc_hd__clkdlybuf4s25_1)
     1    0.035629    0.265074    0.415195    1.211215 v output47/X (sky130_fd_sc_hd__clkdlybuf4s25_1)
                                                         axi_rdata[19] (net)
                      0.265078    0.001316    1.212531 v axi_rdata[19] (out)
                                              1.212531   data arrival time

                                  0.000000    0.000000   clock clk (rise edge)
                                  0.000000    0.000000   clock network delay (propagated)
                                  0.250000    0.250000   clock uncertainty
                                  0.000000    0.250000   clock reconvergence pessimism
                                 -2.000000   -1.750000   output external delay
                                             -1.750000   data required time
---------------------------------------------------------------------------------------------
                                             -1.750000   data required time
                                             -1.212531   data arrival time
---------------------------------------------------------------------------------------------
                                              2.962531   slack (MET)


Startpoint: _214_ (rising edge-triggered flip-flop clocked by clk)
Endpoint: axi_rdata[27] (output port clocked by clk)
Path Group: clk
Path Type: min

Fanout         Cap        Slew       Delay        Time   Description
---------------------------------------------------------------------------------------------
                                  0.000000    0.000000   clock clk (rise edge)
                                  0.000000    0.000000   clock source latency
     1    0.013845    0.068290    0.046568    0.046568 ^ clk (in)
                                                         clk (net)
                      0.068296    0.000000    0.046568 ^ clkbuf_0_clk/A (sky130_fd_sc_hd__clkbuf_16)
     4    0.037720    0.057694    0.148400    0.194968 ^ clkbuf_0_clk/X (sky130_fd_sc_hd__clkbuf_16)
                                                         clknet_0_clk (net)
                      0.057725    0.001159    0.196126 ^ clkbuf_2_3__f_clk/A (sky130_fd_sc_hd__clkbuf_16)
     9    0.031091    0.051976    0.139860    0.335986 ^ clkbuf_2_3__f_clk/X (sky130_fd_sc_hd__clkbuf_16)
                                                         clknet_2_3__leaf_clk (net)
                      0.051978    0.000590    0.336576 ^ _214_/CLK (sky130_fd_sc_hd__dfrtp_2)
     3    0.015823    0.092674    0.388510    0.725086 ^ _214_/Q (sky130_fd_sc_hd__dfrtp_2)
                                                         counter[27] (net)
                      0.092675    0.000540    0.725626 ^ _105_/A (sky130_fd_sc_hd__xor2_2)
     1    0.003357    0.031586    0.071035    0.796661 v _105_/X (sky130_fd_sc_hd__xor2_2)
                                                         net56 (net)
                      0.031586    0.000086    0.796747 v output56/A (sky130_fd_sc_hd__clkdlybuf4s25_1)
     1    0.035745    0.265833    0.416073    1.212820 v output56/X (sky130_fd_sc_hd__clkdlybuf4s25_1)
                                                         axi_rdata[27] (net)
                      0.265834    0.001074    1.213894 v axi_rdata[27] (out)
                                              1.213894   data arrival time

                                  0.000000    0.000000   clock clk (rise edge)
                                  0.000000    0.000000   clock network delay (propagated)
                                  0.250000    0.250000   clock uncertainty
                                  0.000000    0.250000   clock reconvergence pessimism
                                 -2.000000   -1.750000   output external delay
                                             -1.750000   data required time
---------------------------------------------------------------------------------------------
                                             -1.750000   data required time
                                             -1.213894   data arrival time
---------------------------------------------------------------------------------------------
                                              2.963894   slack (MET)


Startpoint: _208_ (rising edge-triggered flip-flop clocked by clk)
Endpoint: axi_rdata[21] (output port clocked by clk)
Path Group: clk
Path Type: min

Fanout         Cap        Slew       Delay        Time   Description
---------------------------------------------------------------------------------------------
                                  0.000000    0.000000   clock clk (rise edge)
                                  0.000000    0.000000   clock source latency
     1    0.013845    0.068290    0.046568    0.046568 ^ clk (in)
                                                         clk (net)
                      0.068296    0.000000    0.046568 ^ clkbuf_0_clk/A (sky130_fd_sc_hd__clkbuf_16)
     4    0.037720    0.057694    0.148400    0.194968 ^ clkbuf_0_clk/X (sky130_fd_sc_hd__clkbuf_16)
                                                         clknet_0_clk (net)
                      0.057725    0.001159    0.196126 ^ clkbuf_2_3__f_clk/A (sky130_fd_sc_hd__clkbuf_16)
     9    0.031091    0.051976    0.139860    0.335986 ^ clkbuf_2_3__f_clk/X (sky130_fd_sc_hd__clkbuf_16)
                                                         clknet_2_3__leaf_clk (net)
                      0.051978    0.000548    0.336534 ^ _208_/CLK (sky130_fd_sc_hd__dfrtp_2)
     4    0.017298    0.099014    0.393607    0.730141 ^ _208_/Q (sky130_fd_sc_hd__dfrtp_2)
                                                         counter[21] (net)
                      0.099015    0.000486    0.730627 ^ _099_/A (sky130_fd_sc_hd__xor2_2)
     1    0.003296    0.031450    0.072583    0.803211 v _099_/X (sky130_fd_sc_hd__xor2_2)
                                                         net50 (net)
                      0.031450    0.000084    0.803294 v output50/A (sky130_fd_sc_hd__clkdlybuf4s25_1)
     1    0.035365    0.263158    0.413912    1.217206 v output50/X (sky130_fd_sc_hd__clkdlybuf4s25_1)
                                                         axi_rdata[21] (net)
                      0.263161    0.001207    1.218413 v axi_rdata[21] (out)
                                              1.218413   data arrival time

                                  0.000000    0.000000   clock clk (rise edge)
                                  0.000000    0.000000   clock network delay (propagated)
                                  0.250000    0.250000   clock uncertainty
                                  0.000000    0.250000   clock reconvergence pessimism
                                 -2.000000   -1.750000   output external delay
                                             -1.750000   data required time
---------------------------------------------------------------------------------------------
                                             -1.750000   data required time
                                             -1.218413   data arrival time
---------------------------------------------------------------------------------------------
                                              2.968413   slack (MET)


Startpoint: _218_ (rising edge-triggered flip-flop clocked by clk)
Endpoint: axi_rdata[31] (output port clocked by clk)
Path Group: clk
Path Type: min

Fanout         Cap        Slew       Delay        Time   Description
---------------------------------------------------------------------------------------------
                                  0.000000    0.000000   clock clk (rise edge)
                                  0.000000    0.000000   clock source latency
     1    0.013845    0.068290    0.046568    0.046568 ^ clk (in)
                                                         clk (net)
                      0.068296    0.000000    0.046568 ^ clkbuf_0_clk/A (sky130_fd_sc_hd__clkbuf_16)
     4    0.037720    0.057694    0.148400    0.194968 ^ clkbuf_0_clk/X (sky130_fd_sc_hd__clkbuf_16)
                                                         clknet_0_clk (net)
                      0.057731    0.001252    0.196220 ^ clkbuf_2_1__f_clk/A (sky130_fd_sc_hd__clkbuf_16)
    13    0.035731    0.055964    0.143282    0.339502 ^ clkbuf_2_1__f_clk/X (sky130_fd_sc_hd__clkbuf_16)
                                                         clknet_2_1__leaf_clk (net)
                      0.055994    0.000674    0.340176 ^ _218_/CLK (sky130_fd_sc_hd__dfrtp_2)
     2    0.014358    0.086404    0.385007    0.725182 ^ _218_/Q (sky130_fd_sc_hd__dfrtp_2)
                                                         counter[31] (net)
                      0.086405    0.000487    0.725670 ^ _109_/A (sky130_fd_sc_hd__xor2_2)
     1    0.003723    0.032409    0.070520    0.796189 v _109_/X (sky130_fd_sc_hd__xor2_2)
                                                         net61 (net)
                      0.032409    0.000105    0.796294 v output61/A (sky130_fd_sc_hd__clkdlybuf4s25_1)
     1    0.036932    0.274386    0.422499    1.218793 v output61/X (sky130_fd_sc_hd__clkdlybuf4s25_1)
                                                         axi_rdata[31] (net)
                      0.274389    0.001326    1.220119 v axi_rdata[31] (out)
                                              1.220119   data arrival time

                                  0.000000    0.000000   clock clk (rise edge)
                                  0.000000    0.000000   clock network delay (propagated)
                                  0.250000    0.250000   clock uncertainty
                                  0.000000    0.250000   clock reconvergence pessimism
                                 -2.000000   -1.750000   output external delay
                                             -1.750000   data required time
---------------------------------------------------------------------------------------------
                                             -1.750000   data required time
                                             -1.220119   data arrival time
---------------------------------------------------------------------------------------------
                                              2.970119   slack (MET)


Startpoint: _194_ (rising edge-triggered flip-flop clocked by clk)
Endpoint: axi_rdata[7] (output port clocked by clk)
Path Group: clk
Path Type: min

Fanout         Cap        Slew       Delay        Time   Description
---------------------------------------------------------------------------------------------
                                  0.000000    0.000000   clock clk (rise edge)
                                  0.000000    0.000000   clock source latency
     1    0.013845    0.068290    0.046568    0.046568 ^ clk (in)
                                                         clk (net)
                      0.068296    0.000000    0.046568 ^ clkbuf_0_clk/A (sky130_fd_sc_hd__clkbuf_16)
     4    0.037720    0.057694    0.148400    0.194968 ^ clkbuf_0_clk/X (sky130_fd_sc_hd__clkbuf_16)
                                                         clknet_0_clk (net)
                      0.057723    0.001128    0.196096 ^ clkbuf_2_0__f_clk/A (sky130_fd_sc_hd__clkbuf_16)
     9    0.031471    0.052276    0.140057    0.336153 ^ clkbuf_2_0__f_clk/X (sky130_fd_sc_hd__clkbuf_16)
                                                         clknet_2_0__leaf_clk (net)
                      0.052280    0.000880    0.337033 ^ _194_/CLK (sky130_fd_sc_hd__dfrtp_2)
     3    0.015449    0.091047    0.387435    0.724468 ^ _194_/Q (sky130_fd_sc_hd__dfrtp_2)
                                                         counter[7] (net)
                      0.091047    0.000301    0.724769 ^ _085_/A (sky130_fd_sc_hd__xor2_2)
     1    0.004548    0.034257    0.074554    0.799323 v _085_/X (sky130_fd_sc_hd__xor2_2)
                                                         net66 (net)
                      0.034257    0.000181    0.799505 v output66/A (sky130_fd_sc_hd__clkdlybuf4s25_1)
     1    0.036287    0.269867    0.419721    1.219226 v output66/X (sky130_fd_sc_hd__clkdlybuf4s25_1)
                                                         axi_rdata[7] (net)
                      0.269873    0.001560    1.220786 v axi_rdata[7] (out)
                                              1.220786   data arrival time

                                  0.000000    0.000000   clock clk (rise edge)
                                  0.000000    0.000000   clock network delay (propagated)
                                  0.250000    0.250000   clock uncertainty
                                  0.000000    0.250000   clock reconvergence pessimism
                                 -2.000000   -1.750000   output external delay
                                             -1.750000   data required time
---------------------------------------------------------------------------------------------
                                             -1.750000   data required time
                                             -1.220786   data arrival time
---------------------------------------------------------------------------------------------
                                              2.970786   slack (MET)


Startpoint: _201_ (rising edge-triggered flip-flop clocked by clk)
Endpoint: axi_rdata[14] (output port clocked by clk)
Path Group: clk
Path Type: min

Fanout         Cap        Slew       Delay        Time   Description
---------------------------------------------------------------------------------------------
                                  0.000000    0.000000   clock clk (rise edge)
                                  0.000000    0.000000   clock source latency
     1    0.013845    0.068290    0.046568    0.046568 ^ clk (in)
                                                         clk (net)
                      0.068296    0.000000    0.046568 ^ clkbuf_0_clk/A (sky130_fd_sc_hd__clkbuf_16)
     4    0.037720    0.057694    0.148400    0.194968 ^ clkbuf_0_clk/X (sky130_fd_sc_hd__clkbuf_16)
                                                         clknet_0_clk (net)
                      0.057727    0.001179    0.196146 ^ clkbuf_2_2__f_clk/A (sky130_fd_sc_hd__clkbuf_16)
    13    0.033787    0.054281    0.141824    0.337970 ^ clkbuf_2_2__f_clk/X (sky130_fd_sc_hd__clkbuf_16)
                                                         clknet_2_2__leaf_clk (net)
                      0.054284    0.000585    0.338555 ^ _201_/CLK (sky130_fd_sc_hd__dfrtp_2)
     4    0.018289    0.103298    0.397864    0.736419 ^ _201_/Q (sky130_fd_sc_hd__dfrtp_2)
                                                         counter[14] (net)
                      0.103298    0.000441    0.736860 ^ _092_/A (sky130_fd_sc_hd__xor2_2)
     1    0.002887    0.030291    0.072235    0.809095 v _092_/X (sky130_fd_sc_hd__xor2_2)
                                                         net42 (net)
                      0.030291    0.000091    0.809186 v output42/A (sky130_fd_sc_hd__clkdlybuf4s25_1)
     1    0.035008    0.260542    0.411691    1.220876 v output42/X (sky130_fd_sc_hd__clkdlybuf4s25_1)
                                                         axi_rdata[14] (net)
                      0.260543    0.001002    1.221878 v axi_rdata[14] (out)
                                              1.221878   data arrival time

                                  0.000000    0.000000   clock clk (rise edge)
                                  0.000000    0.000000   clock network delay (propagated)
                                  0.250000    0.250000   clock uncertainty
                                  0.000000    0.250000   clock reconvergence pessimism
                                 -2.000000   -1.750000   output external delay
                                             -1.750000   data required time
---------------------------------------------------------------------------------------------
                                             -1.750000   data required time
                                             -1.221878   data arrival time
---------------------------------------------------------------------------------------------
                                              2.971878   slack (MET)


Startpoint: _202_ (rising edge-triggered flip-flop clocked by clk)
Endpoint: axi_rdata[15] (output port clocked by clk)
Path Group: clk
Path Type: min

Fanout         Cap        Slew       Delay        Time   Description
---------------------------------------------------------------------------------------------
                                  0.000000    0.000000   clock clk (rise edge)
                                  0.000000    0.000000   clock source latency
     1    0.013845    0.068290    0.046568    0.046568 ^ clk (in)
                                                         clk (net)
                      0.068296    0.000000    0.046568 ^ clkbuf_0_clk/A (sky130_fd_sc_hd__clkbuf_16)
     4    0.037720    0.057694    0.148400    0.194968 ^ clkbuf_0_clk/X (sky130_fd_sc_hd__clkbuf_16)
                                                         clknet_0_clk (net)
                      0.057727    0.001179    0.196146 ^ clkbuf_2_2__f_clk/A (sky130_fd_sc_hd__clkbuf_16)
    13    0.033787    0.054281    0.141824    0.337970 ^ clkbuf_2_2__f_clk/X (sky130_fd_sc_hd__clkbuf_16)
                                                         clknet_2_2__leaf_clk (net)
                      0.054285    0.000611    0.338581 ^ _202_/CLK (sky130_fd_sc_hd__dfrtp_2)
     4    0.018507    0.104279    0.398486    0.737067 ^ _202_/Q (sky130_fd_sc_hd__dfrtp_2)
                                                         counter[15] (net)
                      0.104282    0.000734    0.737801 ^ _093_/A (sky130_fd_sc_hd__xor2_2)
     1    0.002910    0.030359    0.072597    0.810399 v _093_/X (sky130_fd_sc_hd__xor2_2)
                                                         net43 (net)
                      0.030359    0.000066    0.810465 v output43/A (sky130_fd_sc_hd__clkdlybuf4s25_1)
     1    0.035696    0.265538    0.415106    1.225572 v output43/X (sky130_fd_sc_hd__clkdlybuf4s25_1)
                                                         axi_rdata[15] (net)
                      0.265541    0.001317    1.226889 v axi_rdata[15] (out)
                                              1.226889   data arrival time

                                  0.000000    0.000000   clock clk (rise edge)
                                  0.000000    0.000000   clock network delay (propagated)
                                  0.250000    0.250000   clock uncertainty
                                  0.000000    0.250000   clock reconvergence pessimism
                                 -2.000000   -1.750000   output external delay
                                             -1.750000   data required time
---------------------------------------------------------------------------------------------
                                             -1.750000   data required time
                                             -1.226889   data arrival time
---------------------------------------------------------------------------------------------
                                              2.976889   slack (MET)


Startpoint: _197_ (rising edge-triggered flip-flop clocked by clk)
Endpoint: axi_rdata[10] (output port clocked by clk)
Path Group: clk
Path Type: min

Fanout         Cap        Slew       Delay        Time   Description
---------------------------------------------------------------------------------------------
                                  0.000000    0.000000   clock clk (rise edge)
                                  0.000000    0.000000   clock source latency
     1    0.013845    0.068290    0.046568    0.046568 ^ clk (in)
                                                         clk (net)
                      0.068296    0.000000    0.046568 ^ clkbuf_0_clk/A (sky130_fd_sc_hd__clkbuf_16)
     4    0.037720    0.057694    0.148400    0.194968 ^ clkbuf_0_clk/X (sky130_fd_sc_hd__clkbuf_16)
                                                         clknet_0_clk (net)
                      0.057723    0.001128    0.196096 ^ clkbuf_2_0__f_clk/A (sky130_fd_sc_hd__clkbuf_16)
     9    0.031471    0.052276    0.140057    0.336153 ^ clkbuf_2_0__f_clk/X (sky130_fd_sc_hd__clkbuf_16)
                                                         clknet_2_0__leaf_clk (net)
                      0.052279    0.000789    0.336942 ^ _197_/CLK (sky130_fd_sc_hd__dfrtp_2)
     4    0.018854    0.105795    0.398878    0.735820 ^ _197_/Q (sky130_fd_sc_hd__dfrtp_2)
                                                         counter[10] (net)
                      0.105800    0.000852    0.736672 ^ _088_/A (sky130_fd_sc_hd__xor2_2)
     1    0.002511    0.029180    0.071464    0.808137 v _088_/X (sky130_fd_sc_hd__xor2_2)
                                                         net38 (net)
                      0.029180    0.000053    0.808190 v output38/A (sky130_fd_sc_hd__clkdlybuf4s25_1)
     1    0.036277    0.269725    0.417524    1.225714 v output38/X (sky130_fd_sc_hd__clkdlybuf4s25_1)
                                                         axi_rdata[10] (net)
                      0.269730    0.001512    1.227227 v axi_rdata[10] (out)
                                              1.227227   data arrival time

                                  0.000000    0.000000   clock clk (rise edge)
                                  0.000000    0.000000   clock network delay (propagated)
                                  0.250000    0.250000   clock uncertainty
                                  0.000000    0.250000   clock reconvergence pessimism
                                 -2.000000   -1.750000   output external delay
                                             -1.750000   data required time
---------------------------------------------------------------------------------------------
                                             -1.750000   data required time
                                             -1.227227   data arrival time
---------------------------------------------------------------------------------------------
                                              2.977226   slack (MET)


Startpoint: _189_ (rising edge-triggered flip-flop clocked by clk)
Endpoint: axi_rdata[2] (output port clocked by clk)
Path Group: clk
Path Type: min

Fanout         Cap        Slew       Delay        Time   Description
---------------------------------------------------------------------------------------------
                                  0.000000    0.000000   clock clk (rise edge)
                                  0.000000    0.000000   clock source latency
     1    0.013845    0.068290    0.046568    0.046568 ^ clk (in)
                                                         clk (net)
                      0.068296    0.000000    0.046568 ^ clkbuf_0_clk/A (sky130_fd_sc_hd__clkbuf_16)
     4    0.037720    0.057694    0.148400    0.194968 ^ clkbuf_0_clk/X (sky130_fd_sc_hd__clkbuf_16)
                                                         clknet_0_clk (net)
                      0.057731    0.001252    0.196220 ^ clkbuf_2_1__f_clk/A (sky130_fd_sc_hd__clkbuf_16)
    13    0.035731    0.055964    0.143282    0.339502 ^ clkbuf_2_1__f_clk/X (sky130_fd_sc_hd__clkbuf_16)
                                                         clknet_2_1__leaf_clk (net)
                      0.055993    0.000637    0.340139 ^ _189_/CLK (sky130_fd_sc_hd__dfrtp_2)
     4    0.018805    0.105526    0.400303    0.740442 ^ _189_/Q (sky130_fd_sc_hd__dfrtp_2)
                                                         counter[2] (net)
                      0.105526    0.000381    0.740823 ^ _080_/A (sky130_fd_sc_hd__xor2_2)
     1    0.002638    0.029548    0.071880    0.812703 v _080_/X (sky130_fd_sc_hd__xor2_2)
                                                         net59 (net)
                      0.029548    0.000056    0.812760 v output59/A (sky130_fd_sc_hd__clkdlybuf4s25_1)
     1    0.035737    0.265835    0.414930    1.227689 v output59/X (sky130_fd_sc_hd__clkdlybuf4s25_1)
                                                         axi_rdata[2] (net)
                      0.265839    0.001373    1.229062 v axi_rdata[2] (out)
                                              1.229062   data arrival time

                                  0.000000    0.000000   clock clk (rise edge)
                                  0.000000    0.000000   clock network delay (propagated)
                                  0.250000    0.250000   clock uncertainty
                                  0.000000    0.250000   clock reconvergence pessimism
                                 -2.000000   -1.750000   output external delay
                                             -1.750000   data required time
---------------------------------------------------------------------------------------------
                                             -1.750000   data required time
                                             -1.229062   data arrival time
---------------------------------------------------------------------------------------------
                                              2.979062   slack (MET)


Startpoint: _216_ (rising edge-triggered flip-flop clocked by clk)
Endpoint: axi_rdata[29] (output port clocked by clk)
Path Group: clk
Path Type: min

Fanout         Cap        Slew       Delay        Time   Description
---------------------------------------------------------------------------------------------
                                  0.000000    0.000000   clock clk (rise edge)
                                  0.000000    0.000000   clock source latency
     1    0.013845    0.068290    0.046568    0.046568 ^ clk (in)
                                                         clk (net)
                      0.068296    0.000000    0.046568 ^ clkbuf_0_clk/A (sky130_fd_sc_hd__clkbuf_16)
     4    0.037720    0.057694    0.148400    0.194968 ^ clkbuf_0_clk/X (sky130_fd_sc_hd__clkbuf_16)
                                                         clknet_0_clk (net)
                      0.057731    0.001252    0.196220 ^ clkbuf_2_1__f_clk/A (sky130_fd_sc_hd__clkbuf_16)
    13    0.035731    0.055964    0.143282    0.339502 ^ clkbuf_2_1__f_clk/X (sky130_fd_sc_hd__clkbuf_16)
                                                         clknet_2_1__leaf_clk (net)
                      0.055990    0.000573    0.340075 ^ _216_/CLK (sky130_fd_sc_hd__dfrtp_2)
     3    0.015988    0.093369    0.390657    0.730732 ^ _216_/Q (sky130_fd_sc_hd__dfrtp_2)
                                                         counter[29] (net)
                      0.093369    0.000319    0.731050 ^ _107_/A (sky130_fd_sc_hd__xor2_2)
     1    0.004530    0.034217    0.075147    0.806197 v _107_/X (sky130_fd_sc_hd__xor2_2)
                                                         net58 (net)
                      0.034217    0.000181    0.806378 v output58/A (sky130_fd_sc_hd__clkdlybuf4s25_1)
     1    0.036564    0.271822    0.421227    1.227605 v output58/X (sky130_fd_sc_hd__clkdlybuf4s25_1)
                                                         axi_rdata[29] (net)
                      0.271827    0.001465    1.229071 v axi_rdata[29] (out)
                                              1.229071   data arrival time

                                  0.000000    0.000000   clock clk (rise edge)
                                  0.000000    0.000000   clock network delay (propagated)
                                  0.250000    0.250000   clock uncertainty
                                  0.000000    0.250000   clock reconvergence pessimism
                                 -2.000000   -1.750000   output external delay
                                             -1.750000   data required time
---------------------------------------------------------------------------------------------
                                             -1.750000   data required time
                                             -1.229071   data arrival time
---------------------------------------------------------------------------------------------
                                              2.979071   slack (MET)


Startpoint: _213_ (rising edge-triggered flip-flop clocked by clk)
Endpoint: axi_rdata[26] (output port clocked by clk)
Path Group: clk
Path Type: min

Fanout         Cap        Slew       Delay        Time   Description
---------------------------------------------------------------------------------------------
                                  0.000000    0.000000   clock clk (rise edge)
                                  0.000000    0.000000   clock source latency
     1    0.013845    0.068290    0.046568    0.046568 ^ clk (in)
                                                         clk (net)
                      0.068296    0.000000    0.046568 ^ clkbuf_0_clk/A (sky130_fd_sc_hd__clkbuf_16)
     4    0.037720    0.057694    0.148400    0.194968 ^ clkbuf_0_clk/X (sky130_fd_sc_hd__clkbuf_16)
                                                         clknet_0_clk (net)
                      0.057725    0.001159    0.196126 ^ clkbuf_2_3__f_clk/A (sky130_fd_sc_hd__clkbuf_16)
     9    0.031091    0.051976    0.139860    0.335986 ^ clkbuf_2_3__f_clk/X (sky130_fd_sc_hd__clkbuf_16)
                                                         clknet_2_3__leaf_clk (net)
                      0.051978    0.000601    0.336587 ^ _213_/CLK (sky130_fd_sc_hd__dfrtp_2)
     4    0.019517    0.108611    0.401244    0.737831 ^ _213_/Q (sky130_fd_sc_hd__dfrtp_2)
                                                         counter[26] (net)
                      0.108611    0.000339    0.738170 ^ _104_/A (sky130_fd_sc_hd__xor2_2)
     1    0.003094    0.030918    0.074493    0.812663 v _104_/X (sky130_fd_sc_hd__xor2_2)
                                                         net55 (net)
                      0.030918    0.000100    0.812762 v output55/A (sky130_fd_sc_hd__clkdlybuf4s25_1)
     1    0.036002    0.267649    0.417172    1.229934 v output55/X (sky130_fd_sc_hd__clkdlybuf4s25_1)
                                                         axi_rdata[26] (net)
                      0.267650    0.001034    1.230968 v axi_rdata[26] (out)
                                              1.230968   data arrival time

                                  0.000000    0.000000   clock clk (rise edge)
                                  0.000000    0.000000   clock network delay (propagated)
                                  0.250000    0.250000   clock uncertainty
                                  0.000000    0.250000   clock reconvergence pessimism
                                 -2.000000   -1.750000   output external delay
                                             -1.750000   data required time
---------------------------------------------------------------------------------------------
                                             -1.750000   data required time
                                             -1.230968   data arrival time
---------------------------------------------------------------------------------------------
                                              2.980968   slack (MET)


Startpoint: _210_ (rising edge-triggered flip-flop clocked by clk)
Endpoint: axi_rdata[23] (output port clocked by clk)
Path Group: clk
Path Type: min

Fanout         Cap        Slew       Delay        Time   Description
---------------------------------------------------------------------------------------------
                                  0.000000    0.000000   clock clk (rise edge)
                                  0.000000    0.000000   clock source latency
     1    0.013845    0.068290    0.046568    0.046568 ^ clk (in)
                                                         clk (net)
                      0.068296    0.000000    0.046568 ^ clkbuf_0_clk/A (sky130_fd_sc_hd__clkbuf_16)
     4    0.037720    0.057694    0.148400    0.194968 ^ clkbuf_0_clk/X (sky130_fd_sc_hd__clkbuf_16)
                                                         clknet_0_clk (net)
                      0.057725    0.001159    0.196126 ^ clkbuf_2_3__f_clk/A (sky130_fd_sc_hd__clkbuf_16)
     9    0.031091    0.051976    0.139860    0.335986 ^ clkbuf_2_3__f_clk/X (sky130_fd_sc_hd__clkbuf_16)
                                                         clknet_2_3__leaf_clk (net)
                      0.051977    0.000361    0.336347 ^ _210_/CLK (sky130_fd_sc_hd__dfrtp_2)
     4    0.019664    0.109262    0.401697    0.738044 ^ _210_/Q (sky130_fd_sc_hd__dfrtp_2)
                                                         counter[23] (net)
                      0.109262    0.000509    0.738553 ^ _101_/A (sky130_fd_sc_hd__xor2_2)
     1    0.003858    0.032674    0.077325    0.815878 v _101_/X (sky130_fd_sc_hd__xor2_2)
                                                         net52 (net)
                      0.032712    0.000143    0.816021 v output52/A (sky130_fd_sc_hd__clkdlybuf4s25_1)
     1    0.035567    0.264605    0.415549    1.231570 v output52/X (sky130_fd_sc_hd__clkdlybuf4s25_1)
                                                         axi_rdata[23] (net)
                      0.264607    0.001163    1.232733 v axi_rdata[23] (out)
                                              1.232733   data arrival time

                                  0.000000    0.000000   clock clk (rise edge)
                                  0.000000    0.000000   clock network delay (propagated)
                                  0.250000    0.250000   clock uncertainty
                                  0.000000    0.250000   clock reconvergence pessimism
                                 -2.000000   -1.750000   output external delay
                                             -1.750000   data required time
---------------------------------------------------------------------------------------------
                                             -1.750000   data required time
                                             -1.232733   data arrival time
---------------------------------------------------------------------------------------------
                                              2.982733   slack (MET)


Startpoint: _193_ (rising edge-triggered flip-flop clocked by clk)
Endpoint: axi_rdata[6] (output port clocked by clk)
Path Group: clk
Path Type: min

Fanout         Cap        Slew       Delay        Time   Description
---------------------------------------------------------------------------------------------
                                  0.000000    0.000000   clock clk (rise edge)
                                  0.000000    0.000000   clock source latency
     1    0.013845    0.068290    0.046568    0.046568 ^ clk (in)
                                                         clk (net)
                      0.068296    0.000000    0.046568 ^ clkbuf_0_clk/A (sky130_fd_sc_hd__clkbuf_16)
     4    0.037720    0.057694    0.148400    0.194968 ^ clkbuf_0_clk/X (sky130_fd_sc_hd__clkbuf_16)
                                                         clknet_0_clk (net)
                      0.057723    0.001128    0.196096 ^ clkbuf_2_0__f_clk/A (sky130_fd_sc_hd__clkbuf_16)
     9    0.031471    0.052276    0.140057    0.336153 ^ clkbuf_2_0__f_clk/X (sky130_fd_sc_hd__clkbuf_16)
                                                         clknet_2_0__leaf_clk (net)
                      0.052279    0.000791    0.336944 ^ _193_/CLK (sky130_fd_sc_hd__dfrtp_2)
     4    0.020223    0.111756    0.403523    0.740467 ^ _193_/Q (sky130_fd_sc_hd__dfrtp_2)
                                                         counter[6] (net)
                      0.111762    0.000948    0.741415 ^ _084_/A (sky130_fd_sc_hd__xor2_2)
     1    0.003533    0.031985    0.076912    0.818327 v _084_/X (sky130_fd_sc_hd__xor2_2)
                                                         net65 (net)
                      0.031985    0.000123    0.818450 v output65/A (sky130_fd_sc_hd__clkdlybuf4s25_1)
     1    0.035807    0.266378    0.416315    1.234765 v output65/X (sky130_fd_sc_hd__clkdlybuf4s25_1)
                                                         axi_rdata[6] (net)
                      0.266382    0.001415    1.236180 v axi_rdata[6] (out)
                                              1.236180   data arrival time

                                  0.000000    0.000000   clock clk (rise edge)
                                  0.000000    0.000000   clock network delay (propagated)
                                  0.250000    0.250000   clock uncertainty
                                  0.000000    0.250000   clock reconvergence pessimism
                                 -2.000000   -1.750000   output external delay
                                             -1.750000   data required time
---------------------------------------------------------------------------------------------
                                             -1.750000   data required time
                                             -1.236180   data arrival time
---------------------------------------------------------------------------------------------
                                              2.986180   slack (MET)


Startpoint: _217_ (rising edge-triggered flip-flop clocked by clk)
Endpoint: axi_rdata[30] (output port clocked by clk)
Path Group: clk
Path Type: min

Fanout         Cap        Slew       Delay        Time   Description
---------------------------------------------------------------------------------------------
                                  0.000000    0.000000   clock clk (rise edge)
                                  0.000000    0.000000   clock source latency
     1    0.013845    0.068290    0.046568    0.046568 ^ clk (in)
                                                         clk (net)
                      0.068296    0.000000    0.046568 ^ clkbuf_0_clk/A (sky130_fd_sc_hd__clkbuf_16)
     4    0.037720    0.057694    0.148400    0.194968 ^ clkbuf_0_clk/X (sky130_fd_sc_hd__clkbuf_16)
                                                         clknet_0_clk (net)
                      0.057731    0.001252    0.196220 ^ clkbuf_2_1__f_clk/A (sky130_fd_sc_hd__clkbuf_16)
    13    0.035731    0.055964    0.143282    0.339502 ^ clkbuf_2_1__f_clk/X (sky130_fd_sc_hd__clkbuf_16)
                                                         clknet_2_1__leaf_clk (net)
                      0.055987    0.000485    0.339987 ^ _217_/CLK (sky130_fd_sc_hd__dfrtp_2)
     3    0.015949    0.093193    0.390546    0.730532 ^ _217_/Q (sky130_fd_sc_hd__dfrtp_2)
                                                         counter[30] (net)
                      0.093193    0.000290    0.730822 ^ _108_/A (sky130_fd_sc_hd__xor2_2)
     1    0.005286    0.035931    0.077620    0.808442 v _108_/X (sky130_fd_sc_hd__xor2_2)
                                                         net60 (net)
                      0.035931    0.000240    0.808682 v output60/A (sky130_fd_sc_hd__clkdlybuf4s25_1)
     1    0.037623    0.279547    0.427118    1.235800 v output60/X (sky130_fd_sc_hd__clkdlybuf4s25_1)
                                                         axi_rdata[30] (net)
                      0.279559    0.002055    1.237855 v axi_rdata[30] (out)
                                              1.237855   data arrival time

                                  0.000000    0.000000   clock clk (rise edge)
                                  0.000000    0.000000   clock network delay (propagated)
                                  0.250000    0.250000   clock uncertainty
                                  0.000000    0.250000   clock reconvergence pessimism
                                 -2.000000   -1.750000   output external delay
                                             -1.750000   data required time
---------------------------------------------------------------------------------------------
                                             -1.750000   data required time
                                             -1.237855   data arrival time
---------------------------------------------------------------------------------------------
                                              2.987855   slack (MET)


Startpoint: _205_ (rising edge-triggered flip-flop clocked by clk)
Endpoint: axi_rdata[18] (output port clocked by clk)
Path Group: clk
Path Type: min

Fanout         Cap        Slew       Delay        Time   Description
---------------------------------------------------------------------------------------------
                                  0.000000    0.000000   clock clk (rise edge)
                                  0.000000    0.000000   clock source latency
     1    0.013845    0.068290    0.046568    0.046568 ^ clk (in)
                                                         clk (net)
                      0.068296    0.000000    0.046568 ^ clkbuf_0_clk/A (sky130_fd_sc_hd__clkbuf_16)
     4    0.037720    0.057694    0.148400    0.194968 ^ clkbuf_0_clk/X (sky130_fd_sc_hd__clkbuf_16)
                                                         clknet_0_clk (net)
                      0.057727    0.001179    0.196146 ^ clkbuf_2_2__f_clk/A (sky130_fd_sc_hd__clkbuf_16)
    13    0.033787    0.054281    0.141824    0.337970 ^ clkbuf_2_2__f_clk/X (sky130_fd_sc_hd__clkbuf_16)
                                                         clknet_2_2__leaf_clk (net)
                      0.054286    0.000625    0.338596 ^ _205_/CLK (sky130_fd_sc_hd__dfrtp_2)
     4    0.019536    0.108704    0.402136    0.740732 ^ _205_/Q (sky130_fd_sc_hd__dfrtp_2)
                                                         counter[18] (net)
                      0.108705    0.000508    0.741239 ^ _096_/A (sky130_fd_sc_hd__xor2_2)
     1    0.003268    0.031386    0.075163    0.816402 v _096_/X (sky130_fd_sc_hd__xor2_2)
                                                         net46 (net)
                      0.031386    0.000084    0.816486 v output46/A (sky130_fd_sc_hd__clkdlybuf4s25_1)
     1    0.037012    0.275177    0.421839    1.238325 v output46/X (sky130_fd_sc_hd__clkdlybuf4s25_1)
                                                         axi_rdata[18] (net)
                      0.275192    0.002193    1.240517 v axi_rdata[18] (out)
                                              1.240517   data arrival time

                                  0.000000    0.000000   clock clk (rise edge)
                                  0.000000    0.000000   clock network delay (propagated)
                                  0.250000    0.250000   clock uncertainty
                                  0.000000    0.250000   clock reconvergence pessimism
                                 -2.000000   -1.750000   output external delay
                                             -1.750000   data required time
---------------------------------------------------------------------------------------------
                                             -1.750000   data required time
                                             -1.240517   data arrival time
---------------------------------------------------------------------------------------------
                                              2.990517   slack (MET)


Startpoint: _207_ (rising edge-triggered flip-flop clocked by clk)
Endpoint: axi_rdata[20] (output port clocked by clk)
Path Group: clk
Path Type: min

Fanout         Cap        Slew       Delay        Time   Description
---------------------------------------------------------------------------------------------
                                  0.000000    0.000000   clock clk (rise edge)
                                  0.000000    0.000000   clock source latency
     1    0.013845    0.068290    0.046568    0.046568 ^ clk (in)
                                                         clk (net)
                      0.068296    0.000000    0.046568 ^ clkbuf_0_clk/A (sky130_fd_sc_hd__clkbuf_16)
     4    0.037720    0.057694    0.148400    0.194968 ^ clkbuf_0_clk/X (sky130_fd_sc_hd__clkbuf_16)
                                                         clknet_0_clk (net)
                      0.057725    0.001159    0.196126 ^ clkbuf_2_3__f_clk/A (sky130_fd_sc_hd__clkbuf_16)
     9    0.031091    0.051976    0.139860    0.335986 ^ clkbuf_2_3__f_clk/X (sky130_fd_sc_hd__clkbuf_16)
                                                         clknet_2_3__leaf_clk (net)
                      0.051978    0.000539    0.336525 ^ _207_/CLK (sky130_fd_sc_hd__dfrtp_2)
     5    0.022858    0.123185    0.412619    0.749144 ^ _207_/Q (sky130_fd_sc_hd__dfrtp_2)
                                                         counter[20] (net)
                      0.123185    0.000528    0.749672 ^ _098_/A (sky130_fd_sc_hd__xor2_2)
     1    0.002639    0.029569    0.076592    0.826264 v _098_/X (sky130_fd_sc_hd__xor2_2)
                                                         net49 (net)
                      0.029569    0.000058    0.826322 v output49/A (sky130_fd_sc_hd__clkdlybuf4s25_1)
     1    0.035685    0.265462    0.414687    1.241008 v output49/X (sky130_fd_sc_hd__clkdlybuf4s25_1)
                                                         axi_rdata[20] (net)
                      0.265466    0.001349    1.242357 v axi_rdata[20] (out)
                                              1.242357   data arrival time

                                  0.000000    0.000000   clock clk (rise edge)
                                  0.000000    0.000000   clock network delay (propagated)
                                  0.250000    0.250000   clock uncertainty
                                  0.000000    0.250000   clock reconvergence pessimism
                                 -2.000000   -1.750000   output external delay
                                             -1.750000   data required time
---------------------------------------------------------------------------------------------
                                             -1.750000   data required time
                                             -1.242357   data arrival time
---------------------------------------------------------------------------------------------
                                              2.992357   slack (MET)


Startpoint: _209_ (rising edge-triggered flip-flop clocked by clk)
Endpoint: axi_rdata[22] (output port clocked by clk)
Path Group: clk
Path Type: min

Fanout         Cap        Slew       Delay        Time   Description
---------------------------------------------------------------------------------------------
                                  0.000000    0.000000   clock clk (rise edge)
                                  0.000000    0.000000   clock source latency
     1    0.013845    0.068290    0.046568    0.046568 ^ clk (in)
                                                         clk (net)
                      0.068296    0.000000    0.046568 ^ clkbuf_0_clk/A (sky130_fd_sc_hd__clkbuf_16)
     4    0.037720    0.057694    0.148400    0.194968 ^ clkbuf_0_clk/X (sky130_fd_sc_hd__clkbuf_16)
                                                         clknet_0_clk (net)
                      0.057725    0.001159    0.196126 ^ clkbuf_2_3__f_clk/A (sky130_fd_sc_hd__clkbuf_16)
     9    0.031091    0.051976    0.139860    0.335986 ^ clkbuf_2_3__f_clk/X (sky130_fd_sc_hd__clkbuf_16)
                                                         clknet_2_3__leaf_clk (net)
                      0.051977    0.000358    0.336344 ^ _209_/CLK (sky130_fd_sc_hd__dfrtp_2)
     5    0.022599    0.122078    0.411661    0.748005 ^ _209_/Q (sky130_fd_sc_hd__dfrtp_2)
                                                         counter[22] (net)
                      0.122079    0.000660    0.748665 ^ _100_/A (sky130_fd_sc_hd__xor2_2)
     1    0.002535    0.029264    0.075944    0.824609 v _100_/X (sky130_fd_sc_hd__xor2_2)
                                                         net51 (net)
                      0.029264    0.000053    0.824662 v output51/A (sky130_fd_sc_hd__clkdlybuf4s25_1)
     1    0.036287    0.269770    0.417670    1.242332 v output51/X (sky130_fd_sc_hd__clkdlybuf4s25_1)
                                                         axi_rdata[22] (net)
                      0.269775    0.001428    1.243760 v axi_rdata[22] (out)
                                              1.243760   data arrival time

                                  0.000000    0.000000   clock clk (rise edge)
                                  0.000000    0.000000   clock network delay (propagated)
                                  0.250000    0.250000   clock uncertainty
                                  0.000000    0.250000   clock reconvergence pessimism
                                 -2.000000   -1.750000   output external delay
                                             -1.750000   data required time
---------------------------------------------------------------------------------------------
                                             -1.750000   data required time
                                             -1.243760   data arrival time
---------------------------------------------------------------------------------------------
                                              2.993760   slack (MET)


Startpoint: _190_ (rising edge-triggered flip-flop clocked by clk)
Endpoint: axi_rdata[3] (output port clocked by clk)
Path Group: clk
Path Type: min

Fanout         Cap        Slew       Delay        Time   Description
---------------------------------------------------------------------------------------------
                                  0.000000    0.000000   clock clk (rise edge)
                                  0.000000    0.000000   clock source latency
     1    0.013845    0.068290    0.046568    0.046568 ^ clk (in)
                                                         clk (net)
                      0.068296    0.000000    0.046568 ^ clkbuf_0_clk/A (sky130_fd_sc_hd__clkbuf_16)
     4    0.037720    0.057694    0.148400    0.194968 ^ clkbuf_0_clk/X (sky130_fd_sc_hd__clkbuf_16)
                                                         clknet_0_clk (net)
                      0.057731    0.001252    0.196220 ^ clkbuf_2_1__f_clk/A (sky130_fd_sc_hd__clkbuf_16)
    13    0.035731    0.055964    0.143282    0.339502 ^ clkbuf_2_1__f_clk/X (sky130_fd_sc_hd__clkbuf_16)
                                                         clknet_2_1__leaf_clk (net)
                      0.055996    0.000709    0.340210 ^ _190_/CLK (sky130_fd_sc_hd__dfrtp_2)
     3    0.017049    0.097959    0.394197    0.734407 ^ _190_/Q (sky130_fd_sc_hd__dfrtp_2)
                                                         counter[3] (net)
                      0.097960    0.000524    0.734932 ^ _081_/A (sky130_fd_sc_hd__xor2_2)
     1    0.006098    0.037939    0.081699    0.816631 v _081_/X (sky130_fd_sc_hd__xor2_2)
                                                         net62 (net)
                      0.037941    0.000299    0.816930 v output62/A (sky130_fd_sc_hd__clkdlybuf4s25_1)
     1    0.037602    0.279454    0.427772    1.244702 v output62/X (sky130_fd_sc_hd__clkdlybuf4s25_1)
                                                         axi_rdata[3] (net)
                      0.279469    0.002191    1.246892 v axi_rdata[3] (out)
                                              1.246892   data arrival time

                                  0.000000    0.000000   clock clk (rise edge)
                                  0.000000    0.000000   clock network delay (propagated)
                                  0.250000    0.250000   clock uncertainty
                                  0.000000    0.250000   clock reconvergence pessimism
                                 -2.000000   -1.750000   output external delay
                                             -1.750000   data required time
---------------------------------------------------------------------------------------------
                                             -1.750000   data required time
                                             -1.246892   data arrival time
---------------------------------------------------------------------------------------------
                                              2.996892   slack (MET)


Startpoint: _192_ (rising edge-triggered flip-flop clocked by clk)
Endpoint: axi_rdata[5] (output port clocked by clk)
Path Group: clk
Path Type: min

Fanout         Cap        Slew       Delay        Time   Description
---------------------------------------------------------------------------------------------
                                  0.000000    0.000000   clock clk (rise edge)
                                  0.000000    0.000000   clock source latency
     1    0.013845    0.068290    0.046568    0.046568 ^ clk (in)
                                                         clk (net)
                      0.068296    0.000000    0.046568 ^ clkbuf_0_clk/A (sky130_fd_sc_hd__clkbuf_16)
     4    0.037720    0.057694    0.148400    0.194968 ^ clkbuf_0_clk/X (sky130_fd_sc_hd__clkbuf_16)
                                                         clknet_0_clk (net)
                      0.057723    0.001128    0.196096 ^ clkbuf_2_0__f_clk/A (sky130_fd_sc_hd__clkbuf_16)
     9    0.031471    0.052276    0.140057    0.336153 ^ clkbuf_2_0__f_clk/X (sky130_fd_sc_hd__clkbuf_16)
                                                         clknet_2_0__leaf_clk (net)
                      0.052280    0.000871    0.337023 ^ _192_/CLK (sky130_fd_sc_hd__dfrtp_2)
     5    0.021821    0.118656    0.409187    0.746210 ^ _192_/Q (sky130_fd_sc_hd__dfrtp_2)
                                                         counter[5] (net)
                      0.118656    0.000438    0.746649 ^ _083_/A (sky130_fd_sc_hd__xor2_2)
     1    0.003192    0.031213    0.077648    0.824297 v _083_/X (sky130_fd_sc_hd__xor2_2)
                                                         net64 (net)
                      0.031213    0.000081    0.824378 v output64/A (sky130_fd_sc_hd__clkdlybuf4s25_1)
     1    0.037004    0.274949    0.422195    1.246572 v output64/X (sky130_fd_sc_hd__clkdlybuf4s25_1)
                                                         axi_rdata[5] (net)
                      0.274954    0.001568    1.248140 v axi_rdata[5] (out)
                                              1.248140   data arrival time

                                  0.000000    0.000000   clock clk (rise edge)
                                  0.000000    0.000000   clock network delay (propagated)
                                  0.250000    0.250000   clock uncertainty
                                  0.000000    0.250000   clock reconvergence pessimism
                                 -2.000000   -1.750000   output external delay
                                             -1.750000   data required time
---------------------------------------------------------------------------------------------
                                             -1.750000   data required time
                                             -1.248140   data arrival time
---------------------------------------------------------------------------------------------
                                              2.998141   slack (MET)


Startpoint: _215_ (rising edge-triggered flip-flop clocked by clk)
Endpoint: axi_rdata[28] (output port clocked by clk)
Path Group: clk
Path Type: min

Fanout         Cap        Slew       Delay        Time   Description
---------------------------------------------------------------------------------------------
                                  0.000000    0.000000   clock clk (rise edge)
                                  0.000000    0.000000   clock source latency
     1    0.013845    0.068290    0.046568    0.046568 ^ clk (in)
                                                         clk (net)
                      0.068296    0.000000    0.046568 ^ clkbuf_0_clk/A (sky130_fd_sc_hd__clkbuf_16)
     4    0.037720    0.057694    0.148400    0.194968 ^ clkbuf_0_clk/X (sky130_fd_sc_hd__clkbuf_16)
                                                         clknet_0_clk (net)
                      0.057731    0.001252    0.196220 ^ clkbuf_2_1__f_clk/A (sky130_fd_sc_hd__clkbuf_16)
    13    0.035731    0.055964    0.143282    0.339502 ^ clkbuf_2_1__f_clk/X (sky130_fd_sc_hd__clkbuf_16)
                                                         clknet_2_1__leaf_clk (net)
                      0.055994    0.000667    0.340169 ^ _215_/CLK (sky130_fd_sc_hd__dfrtp_2)
     4    0.022621    0.122174    0.413256    0.753425 ^ _215_/Q (sky130_fd_sc_hd__dfrtp_2)
                                                         counter[28] (net)
                      0.122176    0.000728    0.754153 ^ _106_/A (sky130_fd_sc_hd__xor2_2)
     1    0.003593    0.032118    0.080012    0.834165 v _106_/X (sky130_fd_sc_hd__xor2_2)
                                                         net57 (net)
                      0.032118    0.000097    0.834262 v output57/A (sky130_fd_sc_hd__clkdlybuf4s25_1)
     1    0.036331    0.270070    0.419261    1.253523 v output57/X (sky130_fd_sc_hd__clkdlybuf4s25_1)
                                                         axi_rdata[28] (net)
                      0.270073    0.001251    1.254774 v axi_rdata[28] (out)
                                              1.254774   data arrival time

                                  0.000000    0.000000   clock clk (rise edge)
                                  0.000000    0.000000   clock network delay (propagated)
                                  0.250000    0.250000   clock uncertainty
                                  0.000000    0.250000   clock reconvergence pessimism
                                 -2.000000   -1.750000   output external delay
                                             -1.750000   data required time
---------------------------------------------------------------------------------------------
                                             -1.750000   data required time
                                             -1.254774   data arrival time
---------------------------------------------------------------------------------------------
                                              3.004774   slack (MET)


Startpoint: _196_ (rising edge-triggered flip-flop clocked by clk)
Endpoint: axi_rdata[9] (output port clocked by clk)
Path Group: clk
Path Type: min

Fanout         Cap        Slew       Delay        Time   Description
---------------------------------------------------------------------------------------------
                                  0.000000    0.000000   clock clk (rise edge)
                                  0.000000    0.000000   clock source latency
     1    0.013845    0.068290    0.046568    0.046568 ^ clk (in)
                                                         clk (net)
                      0.068296    0.000000    0.046568 ^ clkbuf_0_clk/A (sky130_fd_sc_hd__clkbuf_16)
     4    0.037720    0.057694    0.148400    0.194968 ^ clkbuf_0_clk/X (sky130_fd_sc_hd__clkbuf_16)
                                                         clknet_0_clk (net)
                      0.057723    0.001128    0.196096 ^ clkbuf_2_0__f_clk/A (sky130_fd_sc_hd__clkbuf_16)
     9    0.031471    0.052276    0.140057    0.336153 ^ clkbuf_2_0__f_clk/X (sky130_fd_sc_hd__clkbuf_16)
                                                         clknet_2_0__leaf_clk (net)
                      0.052277    0.000457    0.336610 ^ _196_/CLK (sky130_fd_sc_hd__dfrtp_2)
     5    0.024707    0.131331    0.418895    0.755505 ^ _196_/Q (sky130_fd_sc_hd__dfrtp_2)
                                                         counter[9] (net)
                      0.131334    0.000809    0.756314 ^ _087_/A (sky130_fd_sc_hd__xor2_2)
     1    0.003855    0.032670    0.082591    0.838904 v _087_/X (sky130_fd_sc_hd__xor2_2)
                                                         net68 (net)
                      0.032670    0.000136    0.839041 v output68/A (sky130_fd_sc_hd__clkdlybuf4s25_1)
     1    0.035669    0.265391    0.415923    1.254963 v output68/X (sky130_fd_sc_hd__clkdlybuf4s25_1)
                                                         axi_rdata[9] (net)
                      0.265395    0.001362    1.256325 v axi_rdata[9] (out)
                                              1.256325   data arrival time

                                  0.000000    0.000000   clock clk (rise edge)
                                  0.000000    0.000000   clock network delay (propagated)
                                  0.250000    0.250000   clock uncertainty
                                  0.000000    0.250000   clock reconvergence pessimism
                                 -2.000000   -1.750000   output external delay
                                             -1.750000   data required time
---------------------------------------------------------------------------------------------
                                             -1.750000   data required time
                                             -1.256325   data arrival time
---------------------------------------------------------------------------------------------
                                              3.006325   slack (MET)


Startpoint: _204_ (rising edge-triggered flip-flop clocked by clk)
Endpoint: axi_rdata[17] (output port clocked by clk)
Path Group: clk
Path Type: min

Fanout         Cap        Slew       Delay        Time   Description
---------------------------------------------------------------------------------------------
                                  0.000000    0.000000   clock clk (rise edge)
                                  0.000000    0.000000   clock source latency
     1    0.013845    0.068290    0.046568    0.046568 ^ clk (in)
                                                         clk (net)
                      0.068296    0.000000    0.046568 ^ clkbuf_0_clk/A (sky130_fd_sc_hd__clkbuf_16)
     4    0.037720    0.057694    0.148400    0.194968 ^ clkbuf_0_clk/X (sky130_fd_sc_hd__clkbuf_16)
                                                         clknet_0_clk (net)
                      0.057727    0.001179    0.196146 ^ clkbuf_2_2__f_clk/A (sky130_fd_sc_hd__clkbuf_16)
    13    0.033787    0.054281    0.141824    0.337970 ^ clkbuf_2_2__f_clk/X (sky130_fd_sc_hd__clkbuf_16)
                                                         clknet_2_2__leaf_clk (net)
                      0.054290    0.000708    0.338678 ^ _204_/CLK (sky130_fd_sc_hd__dfrtp_2)
     5    0.023042    0.123984    0.414139    0.752817 ^ _204_/Q (sky130_fd_sc_hd__dfrtp_2)
                                                         counter[17] (net)
                      0.123984    0.000473    0.753290 ^ _095_/A (sky130_fd_sc_hd__xor2_2)
     1    0.003787    0.032554    0.081032    0.834322 v _095_/X (sky130_fd_sc_hd__xor2_2)
                                                         net45 (net)
                      0.032554    0.000132    0.834454 v output45/A (sky130_fd_sc_hd__clkdlybuf4s25_1)
     1    0.036880    0.274238    0.421665    1.256119 v output45/X (sky130_fd_sc_hd__clkdlybuf4s25_1)
                                                         axi_rdata[17] (net)
                      0.274253    0.002159    1.258278 v axi_rdata[17] (out)
                                              1.258278   data arrival time

                                  0.000000    0.000000   clock clk (rise edge)
                                  0.000000    0.000000   clock network delay (propagated)
                                  0.250000    0.250000   clock uncertainty
                                  0.000000    0.250000   clock reconvergence pessimism
                                 -2.000000   -1.750000   output external delay
                                             -1.750000   data required time
---------------------------------------------------------------------------------------------
                                             -1.750000   data required time
                                             -1.258278   data arrival time
---------------------------------------------------------------------------------------------
                                              3.008278   slack (MET)


Startpoint: _212_ (rising edge-triggered flip-flop clocked by clk)
Endpoint: axi_rdata[25] (output port clocked by clk)
Path Group: clk
Path Type: min

Fanout         Cap        Slew       Delay        Time   Description
---------------------------------------------------------------------------------------------
                                  0.000000    0.000000   clock clk (rise edge)
                                  0.000000    0.000000   clock source latency
     1    0.013845    0.068290    0.046568    0.046568 ^ clk (in)
                                                         clk (net)
                      0.068296    0.000000    0.046568 ^ clkbuf_0_clk/A (sky130_fd_sc_hd__clkbuf_16)
     4    0.037720    0.057694    0.148400    0.194968 ^ clkbuf_0_clk/X (sky130_fd_sc_hd__clkbuf_16)
                                                         clknet_0_clk (net)
                      0.057725    0.001159    0.196126 ^ clkbuf_2_3__f_clk/A (sky130_fd_sc_hd__clkbuf_16)
     9    0.031091    0.051976    0.139860    0.335986 ^ clkbuf_2_3__f_clk/X (sky130_fd_sc_hd__clkbuf_16)
                                                         clknet_2_3__leaf_clk (net)
                      0.051977    0.000362    0.336348 ^ _212_/CLK (sky130_fd_sc_hd__dfrtp_2)
     5    0.023965    0.128048    0.416337    0.752685 ^ _212_/Q (sky130_fd_sc_hd__dfrtp_2)
                                                         counter[25] (net)
                      0.128050    0.000708    0.753393 ^ _103_/A (sky130_fd_sc_hd__xor2_2)
     1    0.004450    0.034044    0.084084    0.837477 v _103_/X (sky130_fd_sc_hd__xor2_2)
                                                         net54 (net)
                      0.034044    0.000180    0.837657 v output54/A (sky130_fd_sc_hd__clkdlybuf4s25_1)
     1    0.036590    0.271999    0.421302    1.258958 v output54/X (sky130_fd_sc_hd__clkdlybuf4s25_1)
                                                         axi_rdata[25] (net)
                      0.272003    0.001447    1.260405 v axi_rdata[25] (out)
                                              1.260405   data arrival time

                                  0.000000    0.000000   clock clk (rise edge)
                                  0.000000    0.000000   clock network delay (propagated)
                                  0.250000    0.250000   clock uncertainty
                                  0.000000    0.250000   clock reconvergence pessimism
                                 -2.000000   -1.750000   output external delay
                                             -1.750000   data required time
---------------------------------------------------------------------------------------------
                                             -1.750000   data required time
                                             -1.260405   data arrival time
---------------------------------------------------------------------------------------------
                                              3.010405   slack (MET)


Startpoint: _188_ (rising edge-triggered flip-flop clocked by clk)
Endpoint: axi_rdata[1] (output port clocked by clk)
Path Group: clk
Path Type: min

Fanout         Cap        Slew       Delay        Time   Description
---------------------------------------------------------------------------------------------
                                  0.000000    0.000000   clock clk (rise edge)
                                  0.000000    0.000000   clock source latency
     1    0.013845    0.068290    0.046568    0.046568 ^ clk (in)
                                                         clk (net)
                      0.068296    0.000000    0.046568 ^ clkbuf_0_clk/A (sky130_fd_sc_hd__clkbuf_16)
     4    0.037720    0.057694    0.148400    0.194968 ^ clkbuf_0_clk/X (sky130_fd_sc_hd__clkbuf_16)
                                                         clknet_0_clk (net)
                      0.057731    0.001252    0.196220 ^ clkbuf_2_1__f_clk/A (sky130_fd_sc_hd__clkbuf_16)
    13    0.035731    0.055964    0.143282    0.339502 ^ clkbuf_2_1__f_clk/X (sky130_fd_sc_hd__clkbuf_16)
                                                         clknet_2_1__leaf_clk (net)
                      0.055993    0.000644    0.340146 ^ _188_/CLK (sky130_fd_sc_hd__dfrtp_2)
     5    0.025985    0.136907    0.424762    0.764907 ^ _188_/Q (sky130_fd_sc_hd__dfrtp_2)
                                                         counter[1] (net)
                      0.136908    0.000745    0.765653 ^ _079_/A (sky130_fd_sc_hd__xor2_2)
     1    0.003846    0.032653    0.083559    0.849212 v _079_/X (sky130_fd_sc_hd__xor2_2)
                                                         net48 (net)
                      0.032653    0.000136    0.849348 v output48/A (sky130_fd_sc_hd__clkdlybuf4s25_1)
     1    0.035660    0.265308    0.415901    1.265249 v output48/X (sky130_fd_sc_hd__clkdlybuf4s25_1)
                                                         axi_rdata[1] (net)
                      0.265312    0.001319    1.266568 v axi_rdata[1] (out)
                                              1.266568   data arrival time

                                  0.000000    0.000000   clock clk (rise edge)
                                  0.000000    0.000000   clock network delay (propagated)
                                  0.250000    0.250000   clock uncertainty
                                  0.000000    0.250000   clock reconvergence pessimism
                                 -2.000000   -1.750000   output external delay
                                             -1.750000   data required time
---------------------------------------------------------------------------------------------
                                             -1.750000   data required time
                                             -1.266568   data arrival time
---------------------------------------------------------------------------------------------
                                              3.016568   slack (MET)


Startpoint: _198_ (rising edge-triggered flip-flop clocked by clk)
Endpoint: axi_rdata[11] (output port clocked by clk)
Path Group: clk
Path Type: min

Fanout         Cap        Slew       Delay        Time   Description
---------------------------------------------------------------------------------------------
                                  0.000000    0.000000   clock clk (rise edge)
                                  0.000000    0.000000   clock source latency
     1    0.013845    0.068290    0.046568    0.046568 ^ clk (in)
                                                         clk (net)
                      0.068296    0.000000    0.046568 ^ clkbuf_0_clk/A (sky130_fd_sc_hd__clkbuf_16)
     4    0.037720    0.057694    0.148400    0.194968 ^ clkbuf_0_clk/X (sky130_fd_sc_hd__clkbuf_16)
                                                         clknet_0_clk (net)
                      0.057727    0.001179    0.196146 ^ clkbuf_2_2__f_clk/A (sky130_fd_sc_hd__clkbuf_16)
    13    0.033787    0.054281    0.141824    0.337970 ^ clkbuf_2_2__f_clk/X (sky130_fd_sc_hd__clkbuf_16)
                                                         clknet_2_2__leaf_clk (net)
                      0.054285    0.000613    0.338584 ^ _198_/CLK (sky130_fd_sc_hd__dfrtp_2)
     8    0.027914    0.145371    0.430734    0.769317 ^ _198_/Q (sky130_fd_sc_hd__dfrtp_2)
                                                         counter[11] (net)
                      0.145373    0.000813    0.770130 ^ _089_/A (sky130_fd_sc_hd__xor2_2)
     1    0.003312    0.031485    0.083129    0.853259 v _089_/X (sky130_fd_sc_hd__xor2_2)
                                                         net39 (net)
                      0.031485    0.000109    0.853367 v output39/A (sky130_fd_sc_hd__clkdlybuf4s25_1)
     1    0.035859    0.266748    0.416350    1.269717 v output39/X (sky130_fd_sc_hd__clkdlybuf4s25_1)
                                                         axi_rdata[11] (net)
                      0.266753    0.001444    1.271161 v axi_rdata[11] (out)
                                              1.271161   data arrival time

                                  0.000000    0.000000   clock clk (rise edge)
                                  0.000000    0.000000   clock network delay (propagated)
                                  0.250000    0.250000   clock uncertainty
                                  0.000000    0.250000   clock reconvergence pessimism
                                 -2.000000   -1.750000   output external delay
                                             -1.750000   data required time
---------------------------------------------------------------------------------------------
                                             -1.750000   data required time
                                             -1.271161   data arrival time
---------------------------------------------------------------------------------------------
                                              3.021161   slack (MET)


Startpoint: _200_ (rising edge-triggered flip-flop clocked by clk)
Endpoint: axi_rdata[13] (output port clocked by clk)
Path Group: clk
Path Type: min

Fanout         Cap        Slew       Delay        Time   Description
---------------------------------------------------------------------------------------------
                                  0.000000    0.000000   clock clk (rise edge)
                                  0.000000    0.000000   clock source latency
     1    0.013845    0.068290    0.046568    0.046568 ^ clk (in)
                                                         clk (net)
                      0.068296    0.000000    0.046568 ^ clkbuf_0_clk/A (sky130_fd_sc_hd__clkbuf_16)
     4    0.037720    0.057694    0.148400    0.194968 ^ clkbuf_0_clk/X (sky130_fd_sc_hd__clkbuf_16)
                                                         clknet_0_clk (net)
                      0.057727    0.001179    0.196146 ^ clkbuf_2_2__f_clk/A (sky130_fd_sc_hd__clkbuf_16)
    13    0.033787    0.054281    0.141824    0.337970 ^ clkbuf_2_2__f_clk/X (sky130_fd_sc_hd__clkbuf_16)
                                                         clknet_2_2__leaf_clk (net)
                      0.054290    0.000706    0.338676 ^ _200_/CLK (sky130_fd_sc_hd__dfrtp_2)
     6    0.027721    0.144595    0.429881    0.768558 ^ _200_/Q (sky130_fd_sc_hd__dfrtp_2)
                                                         counter[13] (net)
                      0.144601    0.001104    0.769662 ^ _091_/A (sky130_fd_sc_hd__xor2_2)
     1    0.002954    0.030504    0.081543    0.851205 v _091_/X (sky130_fd_sc_hd__xor2_2)
                                                         net41 (net)
                      0.030504    0.000069    0.851275 v output41/A (sky130_fd_sc_hd__clkdlybuf4s25_1)
     1    0.036626    0.272263    0.419836    1.271110 v output41/X (sky130_fd_sc_hd__clkdlybuf4s25_1)
                                                         axi_rdata[13] (net)
                      0.272270    0.001642    1.272752 v axi_rdata[13] (out)
                                              1.272752   data arrival time

                                  0.000000    0.000000   clock clk (rise edge)
                                  0.000000    0.000000   clock network delay (propagated)
                                  0.250000    0.250000   clock uncertainty
                                  0.000000    0.250000   clock reconvergence pessimism
                                 -2.000000   -1.750000   output external delay
                                             -1.750000   data required time
---------------------------------------------------------------------------------------------
                                             -1.750000   data required time
                                             -1.272752   data arrival time
---------------------------------------------------------------------------------------------
                                              3.022752   slack (MET)


Startpoint: _187_ (rising edge-triggered flip-flop clocked by clk)
Endpoint: axi_rdata[0] (output port clocked by clk)
Path Group: clk
Path Type: min

Fanout         Cap        Slew       Delay        Time   Description
---------------------------------------------------------------------------------------------
                                  0.000000    0.000000   clock clk (rise edge)
                                  0.000000    0.000000   clock source latency
     1    0.013845    0.068290    0.046568    0.046568 ^ clk (in)
                                                         clk (net)
                      0.068296    0.000000    0.046568 ^ clkbuf_0_clk/A (sky130_fd_sc_hd__clkbuf_16)
     4    0.037720    0.057694    0.148400    0.194968 ^ clkbuf_0_clk/X (sky130_fd_sc_hd__clkbuf_16)
                                                         clknet_0_clk (net)
                      0.057731    0.001252    0.196220 ^ clkbuf_2_1__f_clk/A (sky130_fd_sc_hd__clkbuf_16)
    13    0.035731    0.055964    0.143282    0.339502 ^ clkbuf_2_1__f_clk/X (sky130_fd_sc_hd__clkbuf_16)
                                                         clknet_2_1__leaf_clk (net)
                      0.055995    0.000693    0.340195 ^ _187_/CLK (sky130_fd_sc_hd__dfrtp_2)
     6    0.028092    0.146199    0.431865    0.772060 ^ _187_/Q (sky130_fd_sc_hd__dfrtp_2)
                                                         counter[0] (net)
                      0.146204    0.001010    0.773070 ^ _078_/A (sky130_fd_sc_hd__xor2_2)
     1    0.003828    0.032622    0.085163    0.858233 v _078_/X (sky130_fd_sc_hd__xor2_2)
                                                         net37 (net)
                      0.032622    0.000141    0.858374 v output37/A (sky130_fd_sc_hd__clkdlybuf4s25_1)
     1    0.036937    0.274571    0.422209    1.280584 v output37/X (sky130_fd_sc_hd__clkdlybuf4s25_1)
                                                         axi_rdata[0] (net)
                      0.274581    0.001878    1.282462 v axi_rdata[0] (out)
                                              1.282462   data arrival time

                                  0.000000    0.000000   clock clk (rise edge)
                                  0.000000    0.000000   clock network delay (propagated)
                                  0.250000    0.250000   clock uncertainty
                                  0.000000    0.250000   clock reconvergence pessimism
                                 -2.000000   -1.750000   output external delay
                                             -1.750000   data required time
---------------------------------------------------------------------------------------------
                                             -1.750000   data required time
                                             -1.282462   data arrival time
---------------------------------------------------------------------------------------------
                                              3.032462   slack (MET)


Startpoint: _211_ (rising edge-triggered flip-flop clocked by clk)
Endpoint: axi_rdata[24] (output port clocked by clk)
Path Group: clk
Path Type: min

Fanout         Cap        Slew       Delay        Time   Description
---------------------------------------------------------------------------------------------
                                  0.000000    0.000000   clock clk (rise edge)
                                  0.000000    0.000000   clock source latency
     1    0.013845    0.068290    0.046568    0.046568 ^ clk (in)
                                                         clk (net)
                      0.068296    0.000000    0.046568 ^ clkbuf_0_clk/A (sky130_fd_sc_hd__clkbuf_16)
     4    0.037720    0.057694    0.148400    0.194968 ^ clkbuf_0_clk/X (sky130_fd_sc_hd__clkbuf_16)
                                                         clknet_0_clk (net)
                      0.057725    0.001159    0.196126 ^ clkbuf_2_3__f_clk/A (sky130_fd_sc_hd__clkbuf_16)
     9    0.031091    0.051976    0.139860    0.335986 ^ clkbuf_2_3__f_clk/X (sky130_fd_sc_hd__clkbuf_16)
                                                         clknet_2_3__leaf_clk (net)
                      0.051977    0.000359    0.336345 ^ _211_/CLK (sky130_fd_sc_hd__dfrtp_2)
     6    0.034238    0.173245    0.451477    0.787822 ^ _211_/Q (sky130_fd_sc_hd__dfrtp_2)
                                                         counter[24] (net)
                      0.173247    0.000788    0.788610 ^ _102_/A (sky130_fd_sc_hd__xor2_2)
     1    0.002342    0.028752    0.083682    0.872292 v _102_/X (sky130_fd_sc_hd__xor2_2)
                                                         net53 (net)
                      0.028752    0.000047    0.872338 v output53/A (sky130_fd_sc_hd__clkdlybuf4s25_1)
     1    0.035426    0.263544    0.413111    1.285449 v output53/X (sky130_fd_sc_hd__clkdlybuf4s25_1)
                                                         axi_rdata[24] (net)
                      0.263547    0.001156    1.286605 v axi_rdata[24] (out)
                                              1.286605   data arrival time

                                  0.000000    0.000000   clock clk (rise edge)
                                  0.000000    0.000000   clock network delay (propagated)
                                  0.250000    0.250000   clock uncertainty
                                  0.000000    0.250000   clock reconvergence pessimism
                                 -2.000000   -1.750000   output external delay
                                             -1.750000   data required time
---------------------------------------------------------------------------------------------
                                             -1.750000   data required time
                                             -1.286605   data arrival time
---------------------------------------------------------------------------------------------
                                              3.036605   slack (MET)


Startpoint: _195_ (rising edge-triggered flip-flop clocked by clk)
Endpoint: axi_rdata[8] (output port clocked by clk)
Path Group: clk
Path Type: min

Fanout         Cap        Slew       Delay        Time   Description
---------------------------------------------------------------------------------------------
                                  0.000000    0.000000   clock clk (rise edge)
                                  0.000000    0.000000   clock source latency
     1    0.013845    0.068290    0.046568    0.046568 ^ clk (in)
                                                         clk (net)
                      0.068296    0.000000    0.046568 ^ clkbuf_0_clk/A (sky130_fd_sc_hd__clkbuf_16)
     4    0.037720    0.057694    0.148400    0.194968 ^ clkbuf_0_clk/X (sky130_fd_sc_hd__clkbuf_16)
                                                         clknet_0_clk (net)
                      0.057731    0.001252    0.196220 ^ clkbuf_2_1__f_clk/A (sky130_fd_sc_hd__clkbuf_16)
    13    0.035731    0.055964    0.143282    0.339502 ^ clkbuf_2_1__f_clk/X (sky130_fd_sc_hd__clkbuf_16)
                                                         clknet_2_1__leaf_clk (net)
                      0.055992    0.000629    0.340131 ^ _195_/CLK (sky130_fd_sc_hd__dfrtp_2)
     6    0.034768    0.175659    0.454638    0.794769 ^ _195_/Q (sky130_fd_sc_hd__dfrtp_2)
                                                         counter[8] (net)
                      0.175664    0.001140    0.795909 ^ _086_/A (sky130_fd_sc_hd__xor2_2)
     1    0.003002    0.030657    0.087099    0.883008 v _086_/X (sky130_fd_sc_hd__xor2_2)
                                                         net67 (net)
                      0.030657    0.000096    0.883104 v output67/A (sky130_fd_sc_hd__clkdlybuf4s25_1)
     1    0.035195    0.261918    0.412728    1.295832 v output67/X (sky130_fd_sc_hd__clkdlybuf4s25_1)
                                                         axi_rdata[8] (net)
                      0.261921    0.001139    1.296972 v axi_rdata[8] (out)
                                              1.296972   data arrival time

                                  0.000000    0.000000   clock clk (rise edge)
                                  0.000000    0.000000   clock network delay (propagated)
                                  0.250000    0.250000   clock uncertainty
                                  0.000000    0.250000   clock reconvergence pessimism
                                 -2.000000   -1.750000   output external delay
                                             -1.750000   data required time
---------------------------------------------------------------------------------------------
                                             -1.750000   data required time
                                             -1.296972   data arrival time
---------------------------------------------------------------------------------------------
                                              3.046972   slack (MET)


Startpoint: _191_ (rising edge-triggered flip-flop clocked by clk)
Endpoint: axi_rdata[4] (output port clocked by clk)
Path Group: clk
Path Type: min

Fanout         Cap        Slew       Delay        Time   Description
---------------------------------------------------------------------------------------------
                                  0.000000    0.000000   clock clk (rise edge)
                                  0.000000    0.000000   clock source latency
     1    0.013845    0.068290    0.046568    0.046568 ^ clk (in)
                                                         clk (net)
                      0.068296    0.000000    0.046568 ^ clkbuf_0_clk/A (sky130_fd_sc_hd__clkbuf_16)
     4    0.037720    0.057694    0.148400    0.194968 ^ clkbuf_0_clk/X (sky130_fd_sc_hd__clkbuf_16)
                                                         clknet_0_clk (net)
                      0.057723    0.001128    0.196096 ^ clkbuf_2_0__f_clk/A (sky130_fd_sc_hd__clkbuf_16)
     9    0.031471    0.052276    0.140057    0.336153 ^ clkbuf_2_0__f_clk/X (sky130_fd_sc_hd__clkbuf_16)
                                                         clknet_2_0__leaf_clk (net)
                      0.052280    0.000885    0.337038 ^ _191_/CLK (sky130_fd_sc_hd__dfrtp_2)
     6    0.034456    0.174246    0.452247    0.789285 ^ _191_/Q (sky130_fd_sc_hd__dfrtp_2)
                                                         counter[4] (net)
                      0.174249    0.000965    0.790250 ^ _082_/A (sky130_fd_sc_hd__xor2_2)
     1    0.003793    0.032569    0.090067    0.880317 v _082_/X (sky130_fd_sc_hd__xor2_2)
                                                         net63 (net)
                      0.032569    0.000106    0.880423 v output63/A (sky130_fd_sc_hd__clkdlybuf4s25_1)
     1    0.035791    0.266258    0.416521    1.296944 v output63/X (sky130_fd_sc_hd__clkdlybuf4s25_1)
                                                         axi_rdata[4] (net)
                      0.266262    0.001369    1.298313 v axi_rdata[4] (out)
                                              1.298313   data arrival time

                                  0.000000    0.000000   clock clk (rise edge)
                                  0.000000    0.000000   clock network delay (propagated)
                                  0.250000    0.250000   clock uncertainty
                                  0.000000    0.250000   clock reconvergence pessimism
                                 -2.000000   -1.750000   output external delay
                                             -1.750000   data required time
---------------------------------------------------------------------------------------------
                                             -1.750000   data required time
                                             -1.298313   data arrival time
---------------------------------------------------------------------------------------------
                                              3.048313   slack (MET)


Startpoint: _203_ (rising edge-triggered flip-flop clocked by clk)
Endpoint: axi_rdata[16] (output port clocked by clk)
Path Group: clk
Path Type: min

Fanout         Cap        Slew       Delay        Time   Description
---------------------------------------------------------------------------------------------
                                  0.000000    0.000000   clock clk (rise edge)
                                  0.000000    0.000000   clock source latency
     1    0.013845    0.068290    0.046568    0.046568 ^ clk (in)
                                                         clk (net)
                      0.068296    0.000000    0.046568 ^ clkbuf_0_clk/A (sky130_fd_sc_hd__clkbuf_16)
     4    0.037720    0.057694    0.148400    0.194968 ^ clkbuf_0_clk/X (sky130_fd_sc_hd__clkbuf_16)
                                                         clknet_0_clk (net)
                      0.057727    0.001179    0.196146 ^ clkbuf_2_2__f_clk/A (sky130_fd_sc_hd__clkbuf_16)
    13    0.033787    0.054281    0.141824    0.337970 ^ clkbuf_2_2__f_clk/X (sky130_fd_sc_hd__clkbuf_16)
                                                         clknet_2_2__leaf_clk (net)
                      0.054290    0.000718    0.338689 ^ _203_/CLK (sky130_fd_sc_hd__dfrtp_2)
     6    0.036101    0.181537    0.458579    0.797268 ^ _203_/Q (sky130_fd_sc_hd__dfrtp_2)
                                                         counter[16] (net)
                      0.181540    0.000991    0.798259 ^ _094_/A (sky130_fd_sc_hd__xor2_2)
     1    0.003489    0.031883    0.090172    0.888431 v _094_/X (sky130_fd_sc_hd__xor2_2)
                                                         net44 (net)
                      0.031883    0.000094    0.888524 v output44/A (sky130_fd_sc_hd__clkdlybuf4s25_1)
     1    0.035961    0.267485    0.417069    1.305593 v output44/X (sky130_fd_sc_hd__clkdlybuf4s25_1)
                                                         axi_rdata[16] (net)
                      0.267490    0.001443    1.307036 v axi_rdata[16] (out)
                                              1.307036   data arrival time

                                  0.000000    0.000000   clock clk (rise edge)
                                  0.000000    0.000000   clock network delay (propagated)
                                  0.250000    0.250000   clock uncertainty
                                  0.000000    0.250000   clock reconvergence pessimism
                                 -2.000000   -1.750000   output external delay
                                             -1.750000   data required time
---------------------------------------------------------------------------------------------
                                             -1.750000   data required time
                                             -1.307036   data arrival time
---------------------------------------------------------------------------------------------
                                              3.057036   slack (MET)


Startpoint: _199_ (rising edge-triggered flip-flop clocked by clk)
Endpoint: axi_rdata[12] (output port clocked by clk)
Path Group: clk
Path Type: min

Fanout         Cap        Slew       Delay        Time   Description
---------------------------------------------------------------------------------------------
                                  0.000000    0.000000   clock clk (rise edge)
                                  0.000000    0.000000   clock source latency
     1    0.013845    0.068290    0.046568    0.046568 ^ clk (in)
                                                         clk (net)
                      0.068296    0.000000    0.046568 ^ clkbuf_0_clk/A (sky130_fd_sc_hd__clkbuf_16)
     4    0.037720    0.057694    0.148400    0.194968 ^ clkbuf_0_clk/X (sky130_fd_sc_hd__clkbuf_16)
                                                         clknet_0_clk (net)
                      0.057727    0.001179    0.196146 ^ clkbuf_2_2__f_clk/A (sky130_fd_sc_hd__clkbuf_16)
    13    0.033787    0.054281    0.141824    0.337970 ^ clkbuf_2_2__f_clk/X (sky130_fd_sc_hd__clkbuf_16)
                                                         clknet_2_2__leaf_clk (net)
                      0.054291    0.000730    0.338700 ^ _199_/CLK (sky130_fd_sc_hd__dfrtp_2)
     7    0.035865    0.180502    0.457748    0.796449 ^ _199_/Q (sky130_fd_sc_hd__dfrtp_2)
                                                         counter[12] (net)
                      0.180505    0.001034    0.797483 ^ _090_/A (sky130_fd_sc_hd__xor2_2)
     1    0.004327    0.033774    0.093283    0.890766 v _090_/X (sky130_fd_sc_hd__xor2_2)
                                                         net40 (net)
                      0.033774    0.000168    0.890934 v output40/A (sky130_fd_sc_hd__clkdlybuf4s25_1)
     1    0.036356    0.270204    0.420275    1.311210 v output40/X (sky130_fd_sc_hd__clkdlybuf4s25_1)
                                                         axi_rdata[12] (net)
                      0.270205    0.001020    1.312230 v axi_rdata[12] (out)
                                              1.312230   data arrival time

                                  0.000000    0.000000   clock clk (rise edge)
                                  0.000000    0.000000   clock network delay (propagated)
                                  0.250000    0.250000   clock uncertainty
                                  0.000000    0.250000   clock reconvergence pessimism
                                 -2.000000   -1.750000   output external delay
                                             -1.750000   data required time
---------------------------------------------------------------------------------------------
                                             -1.750000   data required time
                                             -1.312230   data arrival time
---------------------------------------------------------------------------------------------
                                              3.062230   slack (MET)


Startpoint: axi_arvalid (input port clocked by clk)
Endpoint: axi_arready (output port clocked by clk)
Path Group: clk
Path Type: min

Fanout         Cap        Slew       Delay        Time   Description
---------------------------------------------------------------------------------------------
                                  0.000000    0.000000   clock clk (rise edge)
                                  0.000000    0.000000   clock network delay (propagated)
                                  2.000000    2.000000 v input external delay
     1    0.002762    0.008537    0.004376    2.004376 v axi_arvalid (in)
                                                         axi_arvalid (net)
                      0.008537    0.000000    2.004376 v _233_/A (sky130_fd_sc_hd__buf_2)
     1    0.002554    0.022874    0.097374    2.101749 v _233_/X (sky130_fd_sc_hd__buf_2)
                                                         net35 (net)
                      0.022874    0.000054    2.101804 v output35/A (sky130_fd_sc_hd__clkdlybuf4s25_1)
     1    0.034896    0.259659    0.407905    2.509709 v output35/X (sky130_fd_sc_hd__clkdlybuf4s25_1)
                                                         axi_arready (net)
                      0.259660    0.001017    2.510727 v axi_arready (out)
                                              2.510727   data arrival time

                                  0.000000    0.000000   clock clk (rise edge)
                                  0.000000    0.000000   clock network delay (propagated)
                                  0.250000    0.250000   clock uncertainty
                                  0.000000    0.250000   clock reconvergence pessimism
                                 -2.000000   -1.750000   output external delay
                                             -1.750000   data required time
---------------------------------------------------------------------------------------------
                                             -1.750000   data required time
                                             -2.510727   data arrival time
---------------------------------------------------------------------------------------------
                                              4.260727   slack (MET)


Startpoint: axi_wvalid (input port clocked by clk)
Endpoint: axi_wready (output port clocked by clk)
Path Group: clk
Path Type: min

Fanout         Cap        Slew       Delay        Time   Description
---------------------------------------------------------------------------------------------
                                  0.000000    0.000000   clock clk (rise edge)
                                  0.000000    0.000000   clock network delay (propagated)
                                  2.000000    2.000000 v input external delay
     1    0.003366    0.009947    0.005392    2.005392 v axi_wvalid (in)
                                                         axi_wvalid (net)
                      0.009947    0.000000    2.005392 v _235_/A (sky130_fd_sc_hd__buf_2)
     1    0.002616    0.023007    0.098166    2.103558 v _235_/X (sky130_fd_sc_hd__buf_2)
                                                         net69 (net)
                      0.023007    0.000056    2.103614 v output69/A (sky130_fd_sc_hd__clkdlybuf4s25_1)
     1    0.035455    0.263682    0.410815    2.514429 v output69/X (sky130_fd_sc_hd__clkdlybuf4s25_1)
                                                         axi_wready (net)
                      0.263684    0.001140    2.515569 v axi_wready (out)
                                              2.515569   data arrival time

                                  0.000000    0.000000   clock clk (rise edge)
                                  0.000000    0.000000   clock network delay (propagated)
                                  0.250000    0.250000   clock uncertainty
                                  0.000000    0.250000   clock reconvergence pessimism
                                 -2.000000   -1.750000   output external delay
                                             -1.750000   data required time
---------------------------------------------------------------------------------------------
                                             -1.750000   data required time
                                             -2.515569   data arrival time
---------------------------------------------------------------------------------------------
                                              4.265568   slack (MET)


Startpoint: axi_awvalid (input port clocked by clk)
Endpoint: axi_awready (output port clocked by clk)
Path Group: clk
Path Type: min

Fanout         Cap        Slew       Delay        Time   Description
---------------------------------------------------------------------------------------------
                                  0.000000    0.000000   clock clk (rise edge)
                                  0.000000    0.000000   clock network delay (propagated)
                                  2.000000    2.000000 v input external delay
     1    0.003412    0.010054    0.005482    2.005482 v axi_awvalid (in)
                                                         axi_awvalid (net)
                      0.010055    0.000000    2.005482 v _234_/A (sky130_fd_sc_hd__buf_2)
     1    0.003683    0.025495    0.102063    2.107545 v _234_/X (sky130_fd_sc_hd__buf_2)
                                                         net36 (net)
                      0.025505    0.000131    2.107676 v output36/A (sky130_fd_sc_hd__clkdlybuf4s25_1)
     1    0.035372    0.263091    0.411514    2.519190 v output36/X (sky130_fd_sc_hd__clkdlybuf4s25_1)
                                                         axi_awready (net)
                      0.263093    0.001050    2.520239 v axi_awready (out)
                                              2.520239   data arrival time

                                  0.000000    0.000000   clock clk (rise edge)
                                  0.000000    0.000000   clock network delay (propagated)
                                  0.250000    0.250000   clock uncertainty
                                  0.000000    0.250000   clock reconvergence pessimism
                                 -2.000000   -1.750000   output external delay
                                             -1.750000   data required time
---------------------------------------------------------------------------------------------
                                             -1.750000   data required time
                                             -2.520239   data arrival time
---------------------------------------------------------------------------------------------
                                              4.270239   slack (MET)



