+ define_corners nom_tt_025C_1v80
Reading timing models for corner nom_tt_025C_1v80…
Reading cell library for the 'nom_tt_025C_1v80' corner at '/home/cl4/.ciel/ciel/sky130/versions/8afc8346a57fe1ab7934ba5a6056ea8b43078e71/sky130A/libs.ref/sky130_fd_sc_hd/lib/sky130_fd_sc_hd__tt_025C_1v80.lib'…
Reading top-level netlist at '/home/cl4/Desktop/training/RISC-V/asic/runs/RUN_2026-09-10_08-55-15/02-yosys-synthesis/riscv_soc_top.nl.v'…
Linking design 'riscv_soc_top' from netlist…
Reading design constraints file at '/nix/store/5jsqcdxd774ydqqjk8zkw3zk47dxbryb-python3-3.13.9-env/lib/python3.13/site-packages/librelane/scripts/base.sdc'…
[INFO] Using clock clk…
[INFO] Setting output delay to: 2
[INFO] Setting input delay to: 2
[INFO] Setting load to: 0.033442
[INFO] Setting clock uncertainty to: 0.25
[INFO] Setting clock transition to: 0.1499999999999999944488848768742172978818416595458984375
[INFO] Setting timing derate to: 5%
%OL_CREATE_REPORT min.rpt

===========================================================================
report_checks -path_delay min (Hold)
============================================================================
======================= nom_tt_025C_1v80 Corner ===================================

Startpoint: _197_ (rising edge-triggered flip-flop clocked by clk)
Endpoint: _221_ (rising edge-triggered flip-flop clocked by clk)
Path Group: clk
Path Type: min

Fanout         Cap        Slew       Delay        Time   Description
---------------------------------------------------------------------------------------------
                      0.150000    0.000000    0.000000   clock clk (rise edge)
                                  0.000000    0.000000   clock network delay (ideal)
                      0.150000    0.000000    0.000000 ^ _197_/CLK (sky130_fd_sc_hd__dfrtp_2)
     4    0.014328    0.089327    0.418365    0.418365 ^ _197_/Q (sky130_fd_sc_hd__dfrtp_2)
                                                         counter[10] (net)
                      0.089327    0.000000    0.418365 ^ _221_/D (sky130_fd_sc_hd__dfrtp_2)
                                              0.418365   data arrival time

                      0.150000    0.000000    0.000000   clock clk (rise edge)
                                  0.000000    0.000000   clock network delay (ideal)
                                  0.250000    0.250000   clock uncertainty
                                  0.000000    0.250000   clock reconvergence pessimism
                                              0.250000 ^ _221_/CLK (sky130_fd_sc_hd__dfrtp_2)
                                 -0.029392    0.220608   library hold time
                                              0.220608   data required time
---------------------------------------------------------------------------------------------
                                              0.220608   data required time
                                             -0.418365   data arrival time
---------------------------------------------------------------------------------------------
                                              0.197756   slack (MET)


Startpoint: _202_ (rising edge-triggered flip-flop clocked by clk)
Endpoint: _226_ (rising edge-triggered flip-flop clocked by clk)
Path Group: clk
Path Type: min

Fanout         Cap        Slew       Delay        Time   Description
---------------------------------------------------------------------------------------------
                      0.150000    0.000000    0.000000   clock clk (rise edge)
                                  0.000000    0.000000   clock network delay (ideal)
                      0.150000    0.000000    0.000000 ^ _202_/CLK (sky130_fd_sc_hd__dfrtp_2)
     4    0.015478    0.094292    0.422314    0.422314 ^ _202_/Q (sky130_fd_sc_hd__dfrtp_2)
                                                         counter[15] (net)
                      0.094292    0.000000    0.422314 ^ _226_/D (sky130_fd_sc_hd__dfrtp_2)
                                              0.422314   data arrival time

                      0.150000    0.000000    0.000000   clock clk (rise edge)
                                  0.000000    0.000000   clock network delay (ideal)
                                  0.250000    0.250000   clock uncertainty
                                  0.000000    0.250000   clock reconvergence pessimism
                                              0.250000 ^ _226_/CLK (sky130_fd_sc_hd__dfrtp_2)
                                 -0.030407    0.219593   library hold time
                                              0.219593   data required time
---------------------------------------------------------------------------------------------
                                              0.219593   data required time
                                             -0.422314   data arrival time
---------------------------------------------------------------------------------------------
                                              0.202721   slack (MET)


Startpoint: _196_ (rising edge-triggered flip-flop clocked by clk)
Endpoint: _220_ (rising edge-triggered flip-flop clocked by clk)
Path Group: clk
Path Type: min

Fanout         Cap        Slew       Delay        Time   Description
---------------------------------------------------------------------------------------------
                      0.150000    0.000000    0.000000   clock clk (rise edge)
                                  0.000000    0.000000   clock network delay (ideal)
                      0.150000    0.000000    0.000000 ^ _196_/CLK (sky130_fd_sc_hd__dfrtp_2)
     5    0.020047    0.114020    0.438005    0.438005 ^ _196_/Q (sky130_fd_sc_hd__dfrtp_2)
                                                         counter[9] (net)
                      0.114020    0.000000    0.438005 ^ _220_/D (sky130_fd_sc_hd__dfrtp_2)
                                              0.438005   data arrival time

                      0.150000    0.000000    0.000000   clock clk (rise edge)
                                  0.000000    0.000000   clock network delay (ideal)
                                  0.250000    0.250000   clock uncertainty
                                  0.000000    0.250000   clock reconvergence pessimism
                                              0.250000 ^ _220_/CLK (sky130_fd_sc_hd__dfrtp_2)
                                 -0.034440    0.215560   library hold time
                                              0.215560   data required time
---------------------------------------------------------------------------------------------
                                              0.215560   data required time
                                             -0.438005   data arrival time
---------------------------------------------------------------------------------------------
                                              0.222445   slack (MET)


Startpoint: _200_ (rising edge-triggered flip-flop clocked by clk)
Endpoint: _224_ (rising edge-triggered flip-flop clocked by clk)
Path Group: clk
Path Type: min

Fanout         Cap        Slew       Delay        Time   Description
---------------------------------------------------------------------------------------------
                      0.150000    0.000000    0.000000   clock clk (rise edge)
                                  0.000000    0.000000   clock network delay (ideal)
                      0.150000    0.000000    0.000000 ^ _200_/CLK (sky130_fd_sc_hd__dfrtp_2)
     6    0.020725    0.116947    0.440333    0.440333 ^ _200_/Q (sky130_fd_sc_hd__dfrtp_2)
                                                         counter[13] (net)
                      0.116947    0.000000    0.440333 ^ _224_/D (sky130_fd_sc_hd__dfrtp_2)
                                              0.440333   data arrival time

                      0.150000    0.000000    0.000000   clock clk (rise edge)
                                  0.000000    0.000000   clock network delay (ideal)
                                  0.250000    0.250000   clock uncertainty
                                  0.000000    0.250000   clock reconvergence pessimism
                                              0.250000 ^ _224_/CLK (sky130_fd_sc_hd__dfrtp_2)
                                 -0.035039    0.214961   library hold time
                                              0.214961   data required time
---------------------------------------------------------------------------------------------
                                              0.214961   data required time
                                             -0.440333   data arrival time
---------------------------------------------------------------------------------------------
                                              0.225372   slack (MET)


Startpoint: _198_ (rising edge-triggered flip-flop clocked by clk)
Endpoint: _222_ (rising edge-triggered flip-flop clocked by clk)
Path Group: clk
Path Type: min

Fanout         Cap        Slew       Delay        Time   Description
---------------------------------------------------------------------------------------------
                      0.150000    0.000000    0.000000   clock clk (rise edge)
                                  0.000000    0.000000   clock network delay (ideal)
                      0.150000    0.000000    0.000000 ^ _198_/CLK (sky130_fd_sc_hd__dfrtp_2)
     8    0.023452    0.128722    0.449698    0.449698 ^ _198_/Q (sky130_fd_sc_hd__dfrtp_2)
                                                         counter[11] (net)
                      0.128722    0.000000    0.449698 ^ _222_/D (sky130_fd_sc_hd__dfrtp_2)
                                              0.449698   data arrival time

                      0.150000    0.000000    0.000000   clock clk (rise edge)
                                  0.000000    0.000000   clock network delay (ideal)
                                  0.250000    0.250000   clock uncertainty
                                  0.000000    0.250000   clock reconvergence pessimism
                                              0.250000 ^ _222_/CLK (sky130_fd_sc_hd__dfrtp_2)
                                 -0.037446    0.212554   library hold time
                                              0.212554   data required time
---------------------------------------------------------------------------------------------
                                              0.212554   data required time
                                             -0.449698   data arrival time
---------------------------------------------------------------------------------------------
                                              0.237144   slack (MET)


Startpoint: _201_ (rising edge-triggered flip-flop clocked by clk)
Endpoint: _225_ (rising edge-triggered flip-flop clocked by clk)
Path Group: clk
Path Type: min

Fanout         Cap        Slew       Delay        Time   Description
---------------------------------------------------------------------------------------------
                      0.150000    0.000000    0.000000   clock clk (rise edge)
                                  0.000000    0.000000   clock network delay (ideal)
                      0.150000    0.000000    0.000000 ^ _201_/CLK (sky130_fd_sc_hd__dfrtp_2)
     5    0.023859    0.130479    0.451096    0.451096 ^ _201_/Q (sky130_fd_sc_hd__dfrtp_2)
                                                         counter[14] (net)
                      0.130479    0.000000    0.451096 ^ _225_/D (sky130_fd_sc_hd__dfrtp_2)
                                              0.451096   data arrival time

                      0.150000    0.000000    0.000000   clock clk (rise edge)
                                  0.000000    0.000000   clock network delay (ideal)
                                  0.250000    0.250000   clock uncertainty
                                  0.000000    0.250000   clock reconvergence pessimism
                                              0.250000 ^ _225_/CLK (sky130_fd_sc_hd__dfrtp_2)
                                 -0.037805    0.212195   library hold time
                                              0.212195   data required time
---------------------------------------------------------------------------------------------
                                              0.212195   data required time
                                             -0.451096   data arrival time
---------------------------------------------------------------------------------------------
                                              0.238901   slack (MET)


Startpoint: _187_ (rising edge-triggered flip-flop clocked by clk)
Endpoint: _187_ (rising edge-triggered flip-flop clocked by clk)
Path Group: clk
Path Type: min

Fanout         Cap        Slew       Delay        Time   Description
---------------------------------------------------------------------------------------------
                      0.150000    0.000000    0.000000   clock clk (rise edge)
                                  0.000000    0.000000   clock network delay (ideal)
                      0.150000    0.000000    0.000000 ^ _187_/CLK (sky130_fd_sc_hd__dfrtp_2)
     6    0.024113    0.131576    0.451968    0.451968 ^ _187_/Q (sky130_fd_sc_hd__dfrtp_2)
                                                         counter[0] (net)
                      0.131576    0.000000    0.451968 ^ _077_/A (sky130_fd_sc_hd__inv_2)
     1    0.001949    0.026456    0.033250    0.485219 v _077_/Y (sky130_fd_sc_hd__inv_2)
                                                         _000_ (net)
                      0.026456    0.000000    0.485219 v _187_/D (sky130_fd_sc_hd__dfrtp_2)
                                              0.485219   data arrival time

                      0.150000    0.000000    0.000000   clock clk (rise edge)
                                  0.000000    0.000000   clock network delay (ideal)
                                  0.250000    0.250000   clock uncertainty
                                  0.000000    0.250000   clock reconvergence pessimism
                                              0.250000 ^ _187_/CLK (sky130_fd_sc_hd__dfrtp_2)
                                 -0.010622    0.239378   library hold time
                                              0.239378   data required time
---------------------------------------------------------------------------------------------
                                              0.239378   data required time
                                             -0.485219   data arrival time
---------------------------------------------------------------------------------------------
                                              0.245841   slack (MET)


Startpoint: _195_ (rising edge-triggered flip-flop clocked by clk)
Endpoint: _219_ (rising edge-triggered flip-flop clocked by clk)
Path Group: clk
Path Type: min

Fanout         Cap        Slew       Delay        Time   Description
---------------------------------------------------------------------------------------------
                      0.150000    0.000000    0.000000   clock clk (rise edge)
                                  0.000000    0.000000   clock network delay (ideal)
                      0.150000    0.000000    0.000000 ^ _195_/CLK (sky130_fd_sc_hd__dfrtp_2)
     6    0.028919    0.152327    0.468473    0.468473 ^ _195_/Q (sky130_fd_sc_hd__dfrtp_2)
                                                         counter[8] (net)
                      0.152327    0.000000    0.468473 ^ _219_/D (sky130_fd_sc_hd__dfrtp_2)
                                              0.468473   data arrival time

                      0.150000    0.000000    0.000000   clock clk (rise edge)
                                  0.000000    0.000000   clock network delay (ideal)
                                  0.250000    0.250000   clock uncertainty
                                  0.000000    0.250000   clock reconvergence pessimism
                                              0.250000 ^ _219_/CLK (sky130_fd_sc_hd__dfrtp_2)
                                 -0.042272    0.207728   library hold time
                                              0.207728   data required time
---------------------------------------------------------------------------------------------
                                              0.207728   data required time
                                             -0.468473   data arrival time
---------------------------------------------------------------------------------------------
                                              0.260744   slack (MET)


Startpoint: _199_ (rising edge-triggered flip-flop clocked by clk)
Endpoint: _223_ (rising edge-triggered flip-flop clocked by clk)
Path Group: clk
Path Type: min

Fanout         Cap        Slew       Delay        Time   Description
---------------------------------------------------------------------------------------------
                      0.150000    0.000000    0.000000   clock clk (rise edge)
                                  0.000000    0.000000   clock network delay (ideal)
                      0.150000    0.000000    0.000000 ^ _199_/CLK (sky130_fd_sc_hd__dfrtp_2)
     7    0.029830    0.156260    0.471601    0.471601 ^ _199_/Q (sky130_fd_sc_hd__dfrtp_2)
                                                         counter[12] (net)
                      0.156260    0.000000    0.471601 ^ _223_/D (sky130_fd_sc_hd__dfrtp_2)
                                              0.471601   data arrival time

                      0.150000    0.000000    0.000000   clock clk (rise edge)
                                  0.000000    0.000000   clock network delay (ideal)
                                  0.250000    0.250000   clock uncertainty
                                  0.000000    0.250000   clock reconvergence pessimism
                                              0.250000 ^ _223_/CLK (sky130_fd_sc_hd__dfrtp_2)
                                 -0.043076    0.206924   library hold time
                                              0.206924   data required time
---------------------------------------------------------------------------------------------
                                              0.206924   data required time
                                             -0.471601   data arrival time
---------------------------------------------------------------------------------------------
                                              0.264677   slack (MET)


Startpoint: _218_ (rising edge-triggered flip-flop clocked by clk)
Endpoint: _218_ (rising edge-triggered flip-flop clocked by clk)
Path Group: clk
Path Type: min

Fanout         Cap        Slew       Delay        Time   Description
---------------------------------------------------------------------------------------------
                      0.150000    0.000000    0.000000   clock clk (rise edge)
                                  0.000000    0.000000   clock network delay (ideal)
                      0.150000    0.000000    0.000000 ^ _218_/CLK (sky130_fd_sc_hd__dfrtp_2)
     2    0.018752    0.108429    0.433557    0.433557 ^ _218_/Q (sky130_fd_sc_hd__dfrtp_2)
                                                         counter[31] (net)
                      0.108429    0.000000    0.433557 ^ _184_/A (sky130_fd_sc_hd__xor2_2)
     1    0.001949    0.028011    0.069983    0.503541 v _184_/X (sky130_fd_sc_hd__xor2_2)
                                                         _024_ (net)
                      0.028011    0.000000    0.503541 v _218_/D (sky130_fd_sc_hd__dfrtp_2)
                                              0.503541   data arrival time

                      0.150000    0.000000    0.000000   clock clk (rise edge)
                                  0.000000    0.000000   clock network delay (ideal)
                                  0.250000    0.250000   clock uncertainty
                                  0.000000    0.250000   clock reconvergence pessimism
                                              0.250000 ^ _218_/CLK (sky130_fd_sc_hd__dfrtp_2)
                                 -0.011254    0.238746   library hold time
                                              0.238746   data required time
---------------------------------------------------------------------------------------------
                                              0.238746   data required time
                                             -0.503541   data arrival time
---------------------------------------------------------------------------------------------
                                              0.264795   slack (MET)


Startpoint: _217_ (rising edge-triggered flip-flop clocked by clk)
Endpoint: _217_ (rising edge-triggered flip-flop clocked by clk)
Path Group: clk
Path Type: min

Fanout         Cap        Slew       Delay        Time   Description
---------------------------------------------------------------------------------------------
                      0.150000    0.000000    0.000000   clock clk (rise edge)
                                  0.000000    0.000000   clock network delay (ideal)
                      0.150000    0.000000    0.000000 ^ _217_/CLK (sky130_fd_sc_hd__dfrtp_2)
     3    0.020262    0.114948    0.438743    0.438743 ^ _217_/Q (sky130_fd_sc_hd__dfrtp_2)
                                                         counter[30] (net)
                      0.114948    0.000000    0.438743 ^ _183_/A (sky130_fd_sc_hd__xor2_2)
     1    0.001949    0.028022    0.071705    0.510448 v _183_/X (sky130_fd_sc_hd__xor2_2)
                                                         _023_ (net)
                      0.028022    0.000000    0.510448 v _217_/D (sky130_fd_sc_hd__dfrtp_2)
                                              0.510448   data arrival time

                      0.150000    0.000000    0.000000   clock clk (rise edge)
                                  0.000000    0.000000   clock network delay (ideal)
                                  0.250000    0.250000   clock uncertainty
                                  0.000000    0.250000   clock reconvergence pessimism
                                              0.250000 ^ _217_/CLK (sky130_fd_sc_hd__dfrtp_2)
                                 -0.011259    0.238741   library hold time
                                              0.238741   data required time
---------------------------------------------------------------------------------------------
                                              0.238741   data required time
                                             -0.510448   data arrival time
---------------------------------------------------------------------------------------------
                                              0.271707   slack (MET)


Startpoint: _189_ (rising edge-triggered flip-flop clocked by clk)
Endpoint: _189_ (rising edge-triggered flip-flop clocked by clk)
Path Group: clk
Path Type: min

Fanout         Cap        Slew       Delay        Time   Description
---------------------------------------------------------------------------------------------
                      0.150000    0.000000    0.000000   clock clk (rise edge)
                                  0.000000    0.000000   clock network delay (ideal)
                      0.150000    0.000000    0.000000 ^ _189_/CLK (sky130_fd_sc_hd__dfrtp_2)
     4    0.022474    0.124499    0.446340    0.446340 ^ _189_/Q (sky130_fd_sc_hd__dfrtp_2)
                                                         counter[2] (net)
                      0.124499    0.000000    0.446340 ^ _113_/A (sky130_fd_sc_hd__xnor2_2)
     1    0.001949    0.026020    0.073531    0.519870 v _113_/Y (sky130_fd_sc_hd__xnor2_2)
                                                         _022_ (net)
                      0.026020    0.000000    0.519870 v _189_/D (sky130_fd_sc_hd__dfrtp_2)
                                              0.519870   data arrival time

                      0.150000    0.000000    0.000000   clock clk (rise edge)
                                  0.000000    0.000000   clock network delay (ideal)
                                  0.250000    0.250000   clock uncertainty
                                  0.000000    0.250000   clock reconvergence pessimism
                                              0.250000 ^ _189_/CLK (sky130_fd_sc_hd__dfrtp_2)
                                 -0.010445    0.239555   library hold time
                                              0.239555   data required time
---------------------------------------------------------------------------------------------
                                              0.239555   data required time
                                             -0.519870   data arrival time
---------------------------------------------------------------------------------------------
                                              0.280316   slack (MET)


Startpoint: _192_ (rising edge-triggered flip-flop clocked by clk)
Endpoint: _192_ (rising edge-triggered flip-flop clocked by clk)
Path Group: clk
Path Type: min

Fanout         Cap        Slew       Delay        Time   Description
---------------------------------------------------------------------------------------------
                      0.150000    0.000000    0.000000   clock clk (rise edge)
                                  0.000000    0.000000   clock network delay (ideal)
                      0.150000    0.000000    0.000000 ^ _192_/CLK (sky130_fd_sc_hd__dfrtp_2)
     5    0.023963    0.130928    0.451453    0.451453 ^ _192_/Q (sky130_fd_sc_hd__dfrtp_2)
                                                         counter[5] (net)
                      0.130928    0.000000    0.451453 ^ _119_/A (sky130_fd_sc_hd__xnor2_2)
     1    0.001949    0.025540    0.074465    0.525918 v _119_/Y (sky130_fd_sc_hd__xnor2_2)
                                                         _027_ (net)
                      0.025540    0.000000    0.525918 v _192_/D (sky130_fd_sc_hd__dfrtp_2)
                                              0.525918   data arrival time

                      0.150000    0.000000    0.000000   clock clk (rise edge)
                                  0.000000    0.000000   clock network delay (ideal)
                                  0.250000    0.250000   clock uncertainty
                                  0.000000    0.250000   clock reconvergence pessimism
                                              0.250000 ^ _192_/CLK (sky130_fd_sc_hd__dfrtp_2)
                                 -0.010250    0.239750   library hold time
                                              0.239750   data required time
---------------------------------------------------------------------------------------------
                                              0.239750   data required time
                                             -0.525918   data arrival time
---------------------------------------------------------------------------------------------
                                              0.286168   slack (MET)


Startpoint: _201_ (rising edge-triggered flip-flop clocked by clk)
Endpoint: _201_ (rising edge-triggered flip-flop clocked by clk)
Path Group: clk
Path Type: min

Fanout         Cap        Slew       Delay        Time   Description
---------------------------------------------------------------------------------------------
                      0.150000    0.000000    0.000000   clock clk (rise edge)
                                  0.000000    0.000000   clock network delay (ideal)
                      0.150000    0.000000    0.000000 ^ _201_/CLK (sky130_fd_sc_hd__dfrtp_2)
     5    0.023859    0.130479    0.451096    0.451096 ^ _201_/Q (sky130_fd_sc_hd__dfrtp_2)
                                                         counter[14] (net)
                      0.130479    0.000000    0.451096 ^ _142_/A (sky130_fd_sc_hd__xor2_2)
     1    0.001949    0.028049    0.074986    0.526082 v _142_/X (sky130_fd_sc_hd__xor2_2)
                                                         _005_ (net)
                      0.028049    0.000000    0.526082 v _201_/D (sky130_fd_sc_hd__dfrtp_2)
                                              0.526082   data arrival time

                      0.150000    0.000000    0.000000   clock clk (rise edge)
                                  0.000000    0.000000   clock network delay (ideal)
                                  0.250000    0.250000   clock uncertainty
                                  0.000000    0.250000   clock reconvergence pessimism
                                              0.250000 ^ _201_/CLK (sky130_fd_sc_hd__dfrtp_2)
                                 -0.011270    0.238730   library hold time
                                              0.238730   data required time
---------------------------------------------------------------------------------------------
                                              0.238730   data required time
                                             -0.526082   data arrival time
---------------------------------------------------------------------------------------------
                                              0.287352   slack (MET)


Startpoint: _204_ (rising edge-triggered flip-flop clocked by clk)
Endpoint: _204_ (rising edge-triggered flip-flop clocked by clk)
Path Group: clk
Path Type: min

Fanout         Cap        Slew       Delay        Time   Description
---------------------------------------------------------------------------------------------
                      0.150000    0.000000    0.000000   clock clk (rise edge)
                                  0.000000    0.000000   clock network delay (ideal)
                      0.150000    0.000000    0.000000 ^ _204_/CLK (sky130_fd_sc_hd__dfrtp_2)
     5    0.026037    0.139883    0.458576    0.458576 ^ _204_/Q (sky130_fd_sc_hd__dfrtp_2)
                                                         counter[17] (net)
                      0.139883    0.000000    0.458576 ^ _148_/A (sky130_fd_sc_hd__xnor2_2)
     1    0.001949    0.025593    0.075767    0.534343 v _148_/Y (sky130_fd_sc_hd__xnor2_2)
                                                         _008_ (net)
                      0.025593    0.000000    0.534343 v _204_/D (sky130_fd_sc_hd__dfrtp_2)
                                              0.534343   data arrival time

                      0.150000    0.000000    0.000000   clock clk (rise edge)
                                  0.000000    0.000000   clock network delay (ideal)
                                  0.250000    0.250000   clock uncertainty
                                  0.000000    0.250000   clock reconvergence pessimism
                                              0.250000 ^ _204_/CLK (sky130_fd_sc_hd__dfrtp_2)
                                 -0.010271    0.239729   library hold time
                                              0.239729   data required time
---------------------------------------------------------------------------------------------
                                              0.239729   data required time
                                             -0.534343   data arrival time
---------------------------------------------------------------------------------------------
                                              0.294614   slack (MET)


Startpoint: _207_ (rising edge-triggered flip-flop clocked by clk)
Endpoint: _207_ (rising edge-triggered flip-flop clocked by clk)
Path Group: clk
Path Type: min

Fanout         Cap        Slew       Delay        Time   Description
---------------------------------------------------------------------------------------------
                      0.150000    0.000000    0.000000   clock clk (rise edge)
                                  0.000000    0.000000   clock network delay (ideal)
                      0.150000    0.000000    0.000000 ^ _207_/CLK (sky130_fd_sc_hd__dfrtp_2)
     5    0.026288    0.140967    0.459437    0.459437 ^ _207_/Q (sky130_fd_sc_hd__dfrtp_2)
                                                         counter[20] (net)
                      0.140967    0.000000    0.459437 ^ _155_/A (sky130_fd_sc_hd__xor2_2)
     1    0.001949    0.028060    0.076681    0.536119 v _155_/X (sky130_fd_sc_hd__xor2_2)
                                                         _012_ (net)
                      0.028060    0.000000    0.536119 v _207_/D (sky130_fd_sc_hd__dfrtp_2)
                                              0.536119   data arrival time

                      0.150000    0.000000    0.000000   clock clk (rise edge)
                                  0.000000    0.000000   clock network delay (ideal)
                                  0.250000    0.250000   clock uncertainty
                                  0.000000    0.250000   clock reconvergence pessimism
                                              0.250000 ^ _207_/CLK (sky130_fd_sc_hd__dfrtp_2)
                                 -0.011274    0.238726   library hold time
                                              0.238726   data required time
---------------------------------------------------------------------------------------------
                                              0.238726   data required time
                                             -0.536119   data arrival time
---------------------------------------------------------------------------------------------
                                              0.297393   slack (MET)


Startpoint: _211_ (rising edge-triggered flip-flop clocked by clk)
Endpoint: _211_ (rising edge-triggered flip-flop clocked by clk)
Path Group: clk
Path Type: min

Fanout         Cap        Slew       Delay        Time   Description
---------------------------------------------------------------------------------------------
                      0.150000    0.000000    0.000000   clock clk (rise edge)
                                  0.000000    0.000000   clock network delay (ideal)
                      0.150000    0.000000    0.000000 ^ _211_/CLK (sky130_fd_sc_hd__dfrtp_2)
     6    0.027825    0.147603    0.464716    0.464716 ^ _211_/Q (sky130_fd_sc_hd__dfrtp_2)
                                                         counter[24] (net)
                      0.147603    0.000000    0.464716 ^ _168_/A (sky130_fd_sc_hd__xor2_2)
     1    0.001949    0.028060    0.077754    0.542470 v _168_/X (sky130_fd_sc_hd__xor2_2)
                                                         _016_ (net)
                      0.028060    0.000000    0.542470 v _211_/D (sky130_fd_sc_hd__dfrtp_2)
                                              0.542470   data arrival time

                      0.150000    0.000000    0.000000   clock clk (rise edge)
                                  0.000000    0.000000   clock network delay (ideal)
                                  0.250000    0.250000   clock uncertainty
                                  0.000000    0.250000   clock reconvergence pessimism
                                              0.250000 ^ _211_/CLK (sky130_fd_sc_hd__dfrtp_2)
                                 -0.011274    0.238726   library hold time
                                              0.238726   data required time
---------------------------------------------------------------------------------------------
                                              0.238726   data required time
                                             -0.542470   data arrival time
---------------------------------------------------------------------------------------------
                                              0.303744   slack (MET)


Startpoint: _195_ (rising edge-triggered flip-flop clocked by clk)
Endpoint: _195_ (rising edge-triggered flip-flop clocked by clk)
Path Group: clk
Path Type: min

Fanout         Cap        Slew       Delay        Time   Description
---------------------------------------------------------------------------------------------
                      0.150000    0.000000    0.000000   clock clk (rise edge)
                                  0.000000    0.000000   clock network delay (ideal)
                      0.150000    0.000000    0.000000 ^ _195_/CLK (sky130_fd_sc_hd__dfrtp_2)
     6    0.028919    0.152327    0.468473    0.468473 ^ _195_/Q (sky130_fd_sc_hd__dfrtp_2)
                                                         counter[8] (net)
                      0.152327    0.000000    0.468473 ^ _126_/A (sky130_fd_sc_hd__xnor2_2)
     1    0.001949    0.028580    0.077576    0.546049 v _126_/Y (sky130_fd_sc_hd__xnor2_2)
                                                         _030_ (net)
                      0.028580    0.000000    0.546049 v _195_/D (sky130_fd_sc_hd__dfrtp_2)
                                              0.546049   data arrival time

                      0.150000    0.000000    0.000000   clock clk (rise edge)
                                  0.000000    0.000000   clock network delay (ideal)
                                  0.250000    0.250000   clock uncertainty
                                  0.000000    0.250000   clock reconvergence pessimism
                                              0.250000 ^ _195_/CLK (sky130_fd_sc_hd__dfrtp_2)
                                 -0.011486    0.238514   library hold time
                                              0.238514   data required time
---------------------------------------------------------------------------------------------
                                              0.238514   data required time
                                             -0.546049   data arrival time
---------------------------------------------------------------------------------------------
                                              0.307535   slack (MET)


Startpoint: _191_ (rising edge-triggered flip-flop clocked by clk)
Endpoint: _191_ (rising edge-triggered flip-flop clocked by clk)
Path Group: clk
Path Type: min

Fanout         Cap        Slew       Delay        Time   Description
---------------------------------------------------------------------------------------------
                      0.150000    0.000000    0.000000   clock clk (rise edge)
                                  0.000000    0.000000   clock network delay (ideal)
                      0.150000    0.000000    0.000000 ^ _191_/CLK (sky130_fd_sc_hd__dfrtp_2)
     6    0.028787    0.151757    0.468020    0.468020 ^ _191_/Q (sky130_fd_sc_hd__dfrtp_2)
                                                         counter[4] (net)
                      0.151757    0.000000    0.468020 ^ _118_/A (sky130_fd_sc_hd__xor2_2)
     1    0.001949    0.028059    0.078425    0.546445 v _118_/X (sky130_fd_sc_hd__xor2_2)
                                                         _026_ (net)
                      0.028059    0.000000    0.546445 v _191_/D (sky130_fd_sc_hd__dfrtp_2)
                                              0.546445   data arrival time

                      0.150000    0.000000    0.000000   clock clk (rise edge)
                                  0.000000    0.000000   clock network delay (ideal)
                                  0.250000    0.250000   clock uncertainty
                                  0.000000    0.250000   clock reconvergence pessimism
                                              0.250000 ^ _191_/CLK (sky130_fd_sc_hd__dfrtp_2)
                                 -0.011274    0.238726   library hold time
                                              0.238726   data required time
---------------------------------------------------------------------------------------------
                                              0.238726   data required time
                                             -0.546445   data arrival time
---------------------------------------------------------------------------------------------
                                              0.307719   slack (MET)


Startpoint: _194_ (rising edge-triggered flip-flop clocked by clk)
Endpoint: _194_ (rising edge-triggered flip-flop clocked by clk)
Path Group: clk
Path Type: min

Fanout         Cap        Slew       Delay        Time   Description
---------------------------------------------------------------------------------------------
                      0.150000    0.000000    0.000000   clock clk (rise edge)
                                  0.000000    0.000000   clock network delay (ideal)
                      0.150000    0.000000    0.000000 ^ _194_/CLK (sky130_fd_sc_hd__dfrtp_2)
     3    0.013407    0.085350    0.415202    0.415202 ^ _194_/Q (sky130_fd_sc_hd__dfrtp_2)
                                                         counter[7] (net)
                      0.085350    0.000000    0.415202 ^ _125_/A1 (sky130_fd_sc_hd__o21a_2)
     1    0.002005    0.026646    0.126579    0.541781 ^ _125_/X (sky130_fd_sc_hd__o21a_2)
                                                         _029_ (net)
                      0.026646    0.000000    0.541781 ^ _194_/D (sky130_fd_sc_hd__dfrtp_2)
                                              0.541781   data arrival time

                      0.150000    0.000000    0.000000   clock clk (rise edge)
                                  0.000000    0.000000   clock network delay (ideal)
                                  0.250000    0.250000   clock uncertainty
                                  0.000000    0.250000   clock reconvergence pessimism
                                              0.250000 ^ _194_/CLK (sky130_fd_sc_hd__dfrtp_2)
                                 -0.016577    0.233423   library hold time
                                              0.233423   data required time
---------------------------------------------------------------------------------------------
                                              0.233423   data required time
                                             -0.541781   data arrival time
---------------------------------------------------------------------------------------------
                                              0.308358   slack (MET)


Startpoint: _199_ (rising edge-triggered flip-flop clocked by clk)
Endpoint: _199_ (rising edge-triggered flip-flop clocked by clk)
Path Group: clk
Path Type: min

Fanout         Cap        Slew       Delay        Time   Description
---------------------------------------------------------------------------------------------
                      0.150000    0.000000    0.000000   clock clk (rise edge)
                                  0.000000    0.000000   clock network delay (ideal)
                      0.150000    0.000000    0.000000 ^ _199_/CLK (sky130_fd_sc_hd__dfrtp_2)
     7    0.029830    0.156260    0.471601    0.471601 ^ _199_/Q (sky130_fd_sc_hd__dfrtp_2)
                                                         counter[12] (net)
                      0.156260    0.000000    0.471601 ^ _137_/A (sky130_fd_sc_hd__xor2_2)
     1    0.001949    0.028061    0.079153    0.550754 v _137_/X (sky130_fd_sc_hd__xor2_2)
                                                         _003_ (net)
                      0.028061    0.000000    0.550754 v _199_/D (sky130_fd_sc_hd__dfrtp_2)
                                              0.550754   data arrival time

                      0.150000    0.000000    0.000000   clock clk (rise edge)
                                  0.000000    0.000000   clock network delay (ideal)
                                  0.250000    0.250000   clock uncertainty
                                  0.000000    0.250000   clock reconvergence pessimism
                                              0.250000 ^ _199_/CLK (sky130_fd_sc_hd__dfrtp_2)
                                 -0.011275    0.238725   library hold time
                                              0.238725   data required time
---------------------------------------------------------------------------------------------
                                              0.238725   data required time
                                             -0.550754   data arrival time
---------------------------------------------------------------------------------------------
                                              0.312029   slack (MET)


Startpoint: _203_ (rising edge-triggered flip-flop clocked by clk)
Endpoint: _203_ (rising edge-triggered flip-flop clocked by clk)
Path Group: clk
Path Type: min

Fanout         Cap        Slew       Delay        Time   Description
---------------------------------------------------------------------------------------------
                      0.150000    0.000000    0.000000   clock clk (rise edge)
                                  0.000000    0.000000   clock network delay (ideal)
                      0.150000    0.000000    0.000000 ^ _203_/CLK (sky130_fd_sc_hd__dfrtp_2)
     6    0.030891    0.160841    0.475245    0.475245 ^ _203_/Q (sky130_fd_sc_hd__dfrtp_2)
                                                         counter[16] (net)
                      0.160841    0.000000    0.475245 ^ _147_/A (sky130_fd_sc_hd__xor2_2)
     1    0.001949    0.028061    0.079893    0.555138 v _147_/X (sky130_fd_sc_hd__xor2_2)
                                                         _007_ (net)
                      0.028061    0.000000    0.555138 v _203_/D (sky130_fd_sc_hd__dfrtp_2)
                                              0.555138   data arrival time

                      0.150000    0.000000    0.000000   clock clk (rise edge)
                                  0.000000    0.000000   clock network delay (ideal)
                                  0.250000    0.250000   clock uncertainty
                                  0.000000    0.250000   clock reconvergence pessimism
                                              0.250000 ^ _203_/CLK (sky130_fd_sc_hd__dfrtp_2)
                                 -0.011275    0.238725   library hold time
                                              0.238725   data required time
---------------------------------------------------------------------------------------------
                                              0.238725   data required time
                                             -0.555138   data arrival time
---------------------------------------------------------------------------------------------
                                              0.316413   slack (MET)


Startpoint: _216_ (rising edge-triggered flip-flop clocked by clk)
Endpoint: _216_ (rising edge-triggered flip-flop clocked by clk)
Path Group: clk
Path Type: min

Fanout         Cap        Slew       Delay        Time   Description
---------------------------------------------------------------------------------------------
                      0.150000    0.000000    0.000000   clock clk (rise edge)
                                  0.000000    0.000000   clock network delay (ideal)
                      0.150000    0.000000    0.000000 ^ _216_/CLK (sky130_fd_sc_hd__dfrtp_2)
     3    0.013421    0.085411    0.415250    0.415250 ^ _216_/Q (sky130_fd_sc_hd__dfrtp_2)
                                                         counter[29] (net)
                      0.085411    0.000000    0.415250 ^ _181_/A1 (sky130_fd_sc_hd__o21ba_2)
     1    0.002005    0.029581    0.135553    0.550803 ^ _181_/X (sky130_fd_sc_hd__o21ba_2)
                                                         _021_ (net)
                      0.029581    0.000000    0.550803 ^ _216_/D (sky130_fd_sc_hd__dfrtp_2)
                                              0.550803   data arrival time

                      0.150000    0.000000    0.000000   clock clk (rise edge)
                                  0.000000    0.000000   clock network delay (ideal)
                                  0.250000    0.250000   clock uncertainty
                                  0.000000    0.250000   clock reconvergence pessimism
                                              0.250000 ^ _216_/CLK (sky130_fd_sc_hd__dfrtp_2)
                                 -0.017177    0.232823   library hold time
                                              0.232823   data required time
---------------------------------------------------------------------------------------------
                                              0.232823   data required time
                                             -0.550803   data arrival time
---------------------------------------------------------------------------------------------
                                              0.317980   slack (MET)


Startpoint: _206_ (rising edge-triggered flip-flop clocked by clk)
Endpoint: _206_ (rising edge-triggered flip-flop clocked by clk)
Path Group: clk
Path Type: min

Fanout         Cap        Slew       Delay        Time   Description
---------------------------------------------------------------------------------------------
                      0.150000    0.000000    0.000000   clock clk (rise edge)
                                  0.000000    0.000000   clock network delay (ideal)
                      0.150000    0.000000    0.000000 ^ _206_/CLK (sky130_fd_sc_hd__dfrtp_2)
     3    0.013473    0.085635    0.415428    0.415428 ^ _206_/Q (sky130_fd_sc_hd__dfrtp_2)
                                                         counter[19] (net)
                      0.085635    0.000000    0.415428 ^ _154_/A1 (sky130_fd_sc_hd__o21ba_2)
     1    0.002005    0.029608    0.135613    0.551041 ^ _154_/X (sky130_fd_sc_hd__o21ba_2)
                                                         _010_ (net)
                      0.029608    0.000000    0.551041 ^ _206_/D (sky130_fd_sc_hd__dfrtp_2)
                                              0.551041   data arrival time

                      0.150000    0.000000    0.000000   clock clk (rise edge)
                                  0.000000    0.000000   clock network delay (ideal)
                                  0.250000    0.250000   clock uncertainty
                                  0.000000    0.250000   clock reconvergence pessimism
                                              0.250000 ^ _206_/CLK (sky130_fd_sc_hd__dfrtp_2)
                                 -0.017183    0.232817   library hold time
                                              0.232817   data required time
---------------------------------------------------------------------------------------------
                                              0.232817   data required time
                                             -0.551041   data arrival time
---------------------------------------------------------------------------------------------
                                              0.318224   slack (MET)


Startpoint: _215_ (rising edge-triggered flip-flop clocked by clk)
Endpoint: _215_ (rising edge-triggered flip-flop clocked by clk)
Path Group: clk
Path Type: min

Fanout         Cap        Slew       Delay        Time   Description
---------------------------------------------------------------------------------------------
                      0.150000    0.000000    0.000000   clock clk (rise edge)
                                  0.000000    0.000000   clock network delay (ideal)
                      0.150000    0.000000    0.000000 ^ _215_/CLK (sky130_fd_sc_hd__dfrtp_2)
     4    0.017013    0.100920    0.427585    0.427585 ^ _215_/Q (sky130_fd_sc_hd__dfrtp_2)
                                                         counter[28] (net)
                      0.100920    0.000000    0.427585 ^ _176_/B1 (sky130_fd_sc_hd__a21oi_2)
     1    0.004190    0.035503    0.041826    0.469411 v _176_/Y (sky130_fd_sc_hd__a21oi_2)
                                                         _072_ (net)
                      0.035503    0.000000    0.469411 v _178_/A (sky130_fd_sc_hd__nor2_2)
     1    0.002005    0.053380    0.081668    0.551080 ^ _178_/Y (sky130_fd_sc_hd__nor2_2)
                                                         _020_ (net)
                      0.053380    0.000000    0.551080 ^ _215_/D (sky130_fd_sc_hd__dfrtp_2)
                                              0.551080   data arrival time

                      0.150000    0.000000    0.000000   clock clk (rise edge)
                                  0.000000    0.000000   clock network delay (ideal)
                                  0.250000    0.250000   clock uncertainty
                                  0.000000    0.250000   clock reconvergence pessimism
                                              0.250000 ^ _215_/CLK (sky130_fd_sc_hd__dfrtp_2)
                                 -0.022043    0.227957   library hold time
                                              0.227957   data required time
---------------------------------------------------------------------------------------------
                                              0.227957   data required time
                                             -0.551080   data arrival time
---------------------------------------------------------------------------------------------
                                              0.323123   slack (MET)


Startpoint: _208_ (rising edge-triggered flip-flop clocked by clk)
Endpoint: _208_ (rising edge-triggered flip-flop clocked by clk)
Path Group: clk
Path Type: min

Fanout         Cap        Slew       Delay        Time   Description
---------------------------------------------------------------------------------------------
                      0.150000    0.000000    0.000000   clock clk (rise edge)
                                  0.000000    0.000000   clock network delay (ideal)
                      0.150000    0.000000    0.000000 ^ _208_/CLK (sky130_fd_sc_hd__dfrtp_2)
     4    0.017071    0.101170    0.427785    0.427785 ^ _208_/Q (sky130_fd_sc_hd__dfrtp_2)
                                                         counter[21] (net)
                      0.101170    0.000000    0.427785 ^ _156_/B1 (sky130_fd_sc_hd__a21oi_2)
     1    0.004119    0.035443    0.041657    0.469441 v _156_/Y (sky130_fd_sc_hd__a21oi_2)
                                                         _059_ (net)
                      0.035443    0.000000    0.469441 v _158_/B1 (sky130_fd_sc_hd__a21oi_2)
     1    0.002005    0.061177    0.081868    0.551310 ^ _158_/Y (sky130_fd_sc_hd__a21oi_2)
                                                         _013_ (net)
                      0.061177    0.000000    0.551310 ^ _208_/D (sky130_fd_sc_hd__dfrtp_2)
                                              0.551310   data arrival time

                      0.150000    0.000000    0.000000   clock clk (rise edge)
                                  0.000000    0.000000   clock network delay (ideal)
                                  0.250000    0.250000   clock uncertainty
                                  0.000000    0.250000   clock reconvergence pessimism
                                              0.250000 ^ _208_/CLK (sky130_fd_sc_hd__dfrtp_2)
                                 -0.023637    0.226363   library hold time
                                              0.226363   data required time
---------------------------------------------------------------------------------------------
                                              0.226363   data required time
                                             -0.551310   data arrival time
---------------------------------------------------------------------------------------------
                                              0.324947   slack (MET)


Startpoint: _213_ (rising edge-triggered flip-flop clocked by clk)
Endpoint: _213_ (rising edge-triggered flip-flop clocked by clk)
Path Group: clk
Path Type: min

Fanout         Cap        Slew       Delay        Time   Description
---------------------------------------------------------------------------------------------
                      0.150000    0.000000    0.000000   clock clk (rise edge)
                                  0.000000    0.000000   clock network delay (ideal)
                      0.150000    0.000000    0.000000 ^ _213_/CLK (sky130_fd_sc_hd__dfrtp_2)
     4    0.014982    0.092151    0.420611    0.420611 ^ _213_/Q (sky130_fd_sc_hd__dfrtp_2)
                                                         counter[26] (net)
                      0.092151    0.000000    0.420611 ^ _173_/A1 (sky130_fd_sc_hd__o21ba_2)
     1    0.002005    0.029581    0.137362    0.557972 ^ _173_/X (sky130_fd_sc_hd__o21ba_2)
                                                         _018_ (net)
                      0.029581    0.000000    0.557972 ^ _213_/D (sky130_fd_sc_hd__dfrtp_2)
                                              0.557972   data arrival time

                      0.150000    0.000000    0.000000   clock clk (rise edge)
                                  0.000000    0.000000   clock network delay (ideal)
                                  0.250000    0.250000   clock uncertainty
                                  0.000000    0.250000   clock reconvergence pessimism
                                              0.250000 ^ _213_/CLK (sky130_fd_sc_hd__dfrtp_2)
                                 -0.017177    0.232823   library hold time
                                              0.232823   data required time
---------------------------------------------------------------------------------------------
                                              0.232823   data required time
                                             -0.557972   data arrival time
---------------------------------------------------------------------------------------------
                                              0.325149   slack (MET)


Startpoint: _210_ (rising edge-triggered flip-flop clocked by clk)
Endpoint: _210_ (rising edge-triggered flip-flop clocked by clk)
Path Group: clk
Path Type: min

Fanout         Cap        Slew       Delay        Time   Description
---------------------------------------------------------------------------------------------
                      0.150000    0.000000    0.000000   clock clk (rise edge)
                                  0.000000    0.000000   clock network delay (ideal)
                      0.150000    0.000000    0.000000 ^ _210_/CLK (sky130_fd_sc_hd__dfrtp_2)
     4    0.015024    0.092332    0.420755    0.420755 ^ _210_/Q (sky130_fd_sc_hd__dfrtp_2)
                                                         counter[23] (net)
                      0.092332    0.000000    0.420755 ^ _167_/A1 (sky130_fd_sc_hd__o21ba_2)
     1    0.002005    0.029581    0.137410    0.558165 ^ _167_/X (sky130_fd_sc_hd__o21ba_2)
                                                         _015_ (net)
                      0.029581    0.000000    0.558165 ^ _210_/D (sky130_fd_sc_hd__dfrtp_2)
                                              0.558165   data arrival time

                      0.150000    0.000000    0.000000   clock clk (rise edge)
                                  0.000000    0.000000   clock network delay (ideal)
                                  0.250000    0.250000   clock uncertainty
                                  0.000000    0.250000   clock reconvergence pessimism
                                              0.250000 ^ _210_/CLK (sky130_fd_sc_hd__dfrtp_2)
                                 -0.017177    0.232823   library hold time
                                              0.232823   data required time
---------------------------------------------------------------------------------------------
                                              0.232823   data required time
                                             -0.558165   data arrival time
---------------------------------------------------------------------------------------------
                                              0.325342   slack (MET)


Startpoint: _202_ (rising edge-triggered flip-flop clocked by clk)
Endpoint: _202_ (rising edge-triggered flip-flop clocked by clk)
Path Group: clk
Path Type: min

Fanout         Cap        Slew       Delay        Time   Description
---------------------------------------------------------------------------------------------
                      0.150000    0.000000    0.000000   clock clk (rise edge)
                                  0.000000    0.000000   clock network delay (ideal)
                      0.150000    0.000000    0.000000 ^ _202_/CLK (sky130_fd_sc_hd__dfrtp_2)
     4    0.015478    0.094292    0.422314    0.422314 ^ _202_/Q (sky130_fd_sc_hd__dfrtp_2)
                                                         counter[15] (net)
                      0.094292    0.000000    0.422314 ^ _145_/A1 (sky130_fd_sc_hd__o21ba_2)
     1    0.002005    0.029561    0.137936    0.560250 ^ _145_/X (sky130_fd_sc_hd__o21ba_2)
                                                         _006_ (net)
                      0.029561    0.000000    0.560250 ^ _202_/D (sky130_fd_sc_hd__dfrtp_2)
                                              0.560250   data arrival time

                      0.150000    0.000000    0.000000   clock clk (rise edge)
                                  0.000000    0.000000   clock network delay (ideal)
                                  0.250000    0.250000   clock uncertainty
                                  0.000000    0.250000   clock reconvergence pessimism
                                              0.250000 ^ _202_/CLK (sky130_fd_sc_hd__dfrtp_2)
                                 -0.017173    0.232827   library hold time
                                              0.232827   data required time
---------------------------------------------------------------------------------------------
                                              0.232827   data required time
                                             -0.560250   data arrival time
---------------------------------------------------------------------------------------------
                                              0.327423   slack (MET)


Startpoint: _205_ (rising edge-triggered flip-flop clocked by clk)
Endpoint: _205_ (rising edge-triggered flip-flop clocked by clk)
Path Group: clk
Path Type: min

Fanout         Cap        Slew       Delay        Time   Description
---------------------------------------------------------------------------------------------
                      0.150000    0.000000    0.000000   clock clk (rise edge)
                                  0.000000    0.000000   clock network delay (ideal)
                      0.150000    0.000000    0.000000 ^ _205_/CLK (sky130_fd_sc_hd__dfrtp_2)
     4    0.017186    0.101667    0.428180    0.428180 ^ _205_/Q (sky130_fd_sc_hd__dfrtp_2)
                                                         counter[18] (net)
                      0.101667    0.000000    0.428180 ^ _149_/B1 (sky130_fd_sc_hd__a31oi_2)
     1    0.004190    0.038617    0.046534    0.474714 v _149_/Y (sky130_fd_sc_hd__a31oi_2)
                                                         _055_ (net)
                      0.038617    0.000000    0.474714 v _151_/A (sky130_fd_sc_hd__nor2_2)
     1    0.002005    0.053381    0.082979    0.557693 ^ _151_/Y (sky130_fd_sc_hd__nor2_2)
                                                         _009_ (net)
                      0.053381    0.000000    0.557693 ^ _205_/D (sky130_fd_sc_hd__dfrtp_2)
                                              0.557693   data arrival time

                      0.150000    0.000000    0.000000   clock clk (rise edge)
                                  0.000000    0.000000   clock network delay (ideal)
                                  0.250000    0.250000   clock uncertainty
                                  0.000000    0.250000   clock reconvergence pessimism
                                              0.250000 ^ _205_/CLK (sky130_fd_sc_hd__dfrtp_2)
                                 -0.022043    0.227957   library hold time
                                              0.227957   data required time
---------------------------------------------------------------------------------------------
                                              0.227957   data required time
                                             -0.557693   data arrival time
---------------------------------------------------------------------------------------------
                                              0.329736   slack (MET)


Startpoint: _209_ (rising edge-triggered flip-flop clocked by clk)
Endpoint: _209_ (rising edge-triggered flip-flop clocked by clk)
Path Group: clk
Path Type: min

Fanout         Cap        Slew       Delay        Time   Description
---------------------------------------------------------------------------------------------
                      0.150000    0.000000    0.000000   clock clk (rise edge)
                                  0.000000    0.000000   clock network delay (ideal)
                      0.150000    0.000000    0.000000 ^ _209_/CLK (sky130_fd_sc_hd__dfrtp_2)
     5    0.018575    0.107664    0.432950    0.432950 ^ _209_/Q (sky130_fd_sc_hd__dfrtp_2)
                                                         counter[22] (net)
                      0.107664    0.000000    0.432950 ^ _159_/B1 (sky130_fd_sc_hd__a21oi_2)
     1    0.004190    0.036996    0.042914    0.475863 v _159_/Y (sky130_fd_sc_hd__a21oi_2)
                                                         _061_ (net)
                      0.036996    0.000000    0.475863 v _161_/A (sky130_fd_sc_hd__nor2_2)
     1    0.002005    0.053380    0.082297    0.558160 ^ _161_/Y (sky130_fd_sc_hd__nor2_2)
                                                         _014_ (net)
                      0.053380    0.000000    0.558160 ^ _209_/D (sky130_fd_sc_hd__dfrtp_2)
                                              0.558160   data arrival time

                      0.150000    0.000000    0.000000   clock clk (rise edge)
                                  0.000000    0.000000   clock network delay (ideal)
                                  0.250000    0.250000   clock uncertainty
                                  0.000000    0.250000   clock reconvergence pessimism
                                              0.250000 ^ _209_/CLK (sky130_fd_sc_hd__dfrtp_2)
                                 -0.022043    0.227957   library hold time
                                              0.227957   data required time
---------------------------------------------------------------------------------------------
                                              0.227957   data required time
                                             -0.558160   data arrival time
---------------------------------------------------------------------------------------------
                                              0.330203   slack (MET)


Startpoint: _212_ (rising edge-triggered flip-flop clocked by clk)
Endpoint: _212_ (rising edge-triggered flip-flop clocked by clk)
Path Group: clk
Path Type: min

Fanout         Cap        Slew       Delay        Time   Description
---------------------------------------------------------------------------------------------
                      0.150000    0.000000    0.000000   clock clk (rise edge)
                                  0.000000    0.000000   clock network delay (ideal)
                      0.150000    0.000000    0.000000 ^ _212_/CLK (sky130_fd_sc_hd__dfrtp_2)
     5    0.018720    0.108290    0.433448    0.433448 ^ _212_/Q (sky130_fd_sc_hd__dfrtp_2)
                                                         counter[25] (net)
                      0.108290    0.000000    0.433448 ^ _169_/B1 (sky130_fd_sc_hd__a21oi_2)
     1    0.004190    0.037185    0.043015    0.476462 v _169_/Y (sky130_fd_sc_hd__a21oi_2)
                                                         _068_ (net)
                      0.037185    0.000000    0.476462 v _171_/A (sky130_fd_sc_hd__nor2_2)
     1    0.002005    0.053380    0.082376    0.558839 ^ _171_/Y (sky130_fd_sc_hd__nor2_2)
                                                         _017_ (net)
                      0.053380    0.000000    0.558839 ^ _212_/D (sky130_fd_sc_hd__dfrtp_2)
                                              0.558839   data arrival time

                      0.150000    0.000000    0.000000   clock clk (rise edge)
                                  0.000000    0.000000   clock network delay (ideal)
                                  0.250000    0.250000   clock uncertainty
                                  0.000000    0.250000   clock reconvergence pessimism
                                              0.250000 ^ _212_/CLK (sky130_fd_sc_hd__dfrtp_2)
                                 -0.022043    0.227957   library hold time
                                              0.227957   data required time
---------------------------------------------------------------------------------------------
                                              0.227957   data required time
                                             -0.558839   data arrival time
---------------------------------------------------------------------------------------------
                                              0.330881   slack (MET)


Startpoint: _214_ (rising edge-triggered flip-flop clocked by clk)
Endpoint: _214_ (rising edge-triggered flip-flop clocked by clk)
Path Group: clk
Path Type: min

Fanout         Cap        Slew       Delay        Time   Description
---------------------------------------------------------------------------------------------
                      0.150000    0.000000    0.000000   clock clk (rise edge)
                                  0.000000    0.000000   clock network delay (ideal)
                      0.150000    0.000000    0.000000 ^ _214_/CLK (sky130_fd_sc_hd__dfrtp_2)
     3    0.012974    0.083481    0.413715    0.413715 ^ _214_/Q (sky130_fd_sc_hd__dfrtp_2)
                                                         counter[27] (net)
                      0.083481    0.000000    0.413715 ^ _175_/B2 (sky130_fd_sc_hd__o2bb2a_2)
     1    0.002005    0.034150    0.149544    0.563259 ^ _175_/X (sky130_fd_sc_hd__o2bb2a_2)
                                                         _019_ (net)
                      0.034150    0.000000    0.563259 ^ _214_/D (sky130_fd_sc_hd__dfrtp_2)
                                              0.563259   data arrival time

                      0.150000    0.000000    0.000000   clock clk (rise edge)
                                  0.000000    0.000000   clock network delay (ideal)
                                  0.250000    0.250000   clock uncertainty
                                  0.000000    0.250000   clock reconvergence pessimism
                                              0.250000 ^ _214_/CLK (sky130_fd_sc_hd__dfrtp_2)
                                 -0.018111    0.231889   library hold time
                                              0.231889   data required time
---------------------------------------------------------------------------------------------
                                              0.231889   data required time
                                             -0.563259   data arrival time
---------------------------------------------------------------------------------------------
                                              0.331370   slack (MET)


Startpoint: _198_ (rising edge-triggered flip-flop clocked by clk)
Endpoint: _198_ (rising edge-triggered flip-flop clocked by clk)
Path Group: clk
Path Type: min

Fanout         Cap        Slew       Delay        Time   Description
---------------------------------------------------------------------------------------------
                      0.150000    0.000000    0.000000   clock clk (rise edge)
                                  0.000000    0.000000   clock network delay (ideal)
                      0.150000    0.000000    0.000000 ^ _198_/CLK (sky130_fd_sc_hd__dfrtp_2)
     8    0.023452    0.128722    0.449698    0.449698 ^ _198_/Q (sky130_fd_sc_hd__dfrtp_2)
                                                         counter[11] (net)
                      0.128722    0.000000    0.449698 ^ _135_/A (sky130_fd_sc_hd__nor2_2)
     1    0.004136    0.032916    0.056866    0.506564 v _135_/Y (sky130_fd_sc_hd__nor2_2)
                                                         _048_ (net)
                      0.032916    0.000000    0.506564 v _136_/B (sky130_fd_sc_hd__nor2_2)
     1    0.002005    0.053476    0.058493    0.565057 ^ _136_/Y (sky130_fd_sc_hd__nor2_2)
                                                         _002_ (net)
                      0.053476    0.000000    0.565057 ^ _198_/D (sky130_fd_sc_hd__dfrtp_2)
                                              0.565057   data arrival time

                      0.150000    0.000000    0.000000   clock clk (rise edge)
                                  0.000000    0.000000   clock network delay (ideal)
                                  0.250000    0.250000   clock uncertainty
                                  0.000000    0.250000   clock reconvergence pessimism
                                              0.250000 ^ _198_/CLK (sky130_fd_sc_hd__dfrtp_2)
                                 -0.022062    0.227938   library hold time
                                              0.227938   data required time
---------------------------------------------------------------------------------------------
                                              0.227938   data required time
                                             -0.565057   data arrival time
---------------------------------------------------------------------------------------------
                                              0.337119   slack (MET)


Startpoint: _200_ (rising edge-triggered flip-flop clocked by clk)
Endpoint: _200_ (rising edge-triggered flip-flop clocked by clk)
Path Group: clk
Path Type: min

Fanout         Cap        Slew       Delay        Time   Description
---------------------------------------------------------------------------------------------
                      0.150000    0.000000    0.000000   clock clk (rise edge)
                                  0.000000    0.000000   clock network delay (ideal)
                      0.150000    0.000000    0.000000 ^ _200_/CLK (sky130_fd_sc_hd__dfrtp_2)
     6    0.020725    0.116947    0.440333    0.440333 ^ _200_/Q (sky130_fd_sc_hd__dfrtp_2)
                                                         counter[13] (net)
                      0.116947    0.000000    0.440333 ^ _138_/B1 (sky130_fd_sc_hd__a21oi_2)
     1    0.004190    0.039161    0.044411    0.484744 v _138_/Y (sky130_fd_sc_hd__a21oi_2)
                                                         _049_ (net)
                      0.039161    0.000000    0.484744 v _140_/A (sky130_fd_sc_hd__nor2_2)
     1    0.002005    0.053931    0.083208    0.567952 ^ _140_/Y (sky130_fd_sc_hd__nor2_2)
                                                         _004_ (net)
                      0.053931    0.000000    0.567952 ^ _200_/D (sky130_fd_sc_hd__dfrtp_2)
                                              0.567952   data arrival time

                      0.150000    0.000000    0.000000   clock clk (rise edge)
                                  0.000000    0.000000   clock network delay (ideal)
                                  0.250000    0.250000   clock uncertainty
                                  0.000000    0.250000   clock reconvergence pessimism
                                              0.250000 ^ _200_/CLK (sky130_fd_sc_hd__dfrtp_2)
                                 -0.022155    0.227845   library hold time
                                              0.227845   data required time
---------------------------------------------------------------------------------------------
                                              0.227845   data required time
                                             -0.567952   data arrival time
---------------------------------------------------------------------------------------------
                                              0.340108   slack (MET)


Startpoint: _186_ (rising edge-triggered flip-flop clocked by clk)
Endpoint: _186_ (rising edge-triggered flip-flop clocked by clk)
Path Group: clk
Path Type: min

Fanout         Cap        Slew       Delay        Time   Description
---------------------------------------------------------------------------------------------
                      0.150000    0.000000    0.000000   clock clk (rise edge)
                                  0.000000    0.000000   clock network delay (ideal)
                      0.150000    0.000000    0.000000 ^ _186_/CLK (sky130_fd_sc_hd__dfrtp_2)
     2    0.042818    0.213630    0.514962    0.514962 ^ _186_/Q (sky130_fd_sc_hd__dfrtp_2)
                                                         uart_tx (net)
                      0.213630    0.000000    0.514962 ^ _185_/A (sky130_fd_sc_hd__xor2_2)
     1    0.001949    0.027942    0.088425    0.603386 v _185_/X (sky130_fd_sc_hd__xor2_2)
                                                         _032_ (net)
                      0.027942    0.000000    0.603386 v _186_/D (sky130_fd_sc_hd__dfrtp_2)
                                              0.603386   data arrival time

                      0.150000    0.000000    0.000000   clock clk (rise edge)
                                  0.000000    0.000000   clock network delay (ideal)
                                  0.250000    0.250000   clock uncertainty
                                  0.000000    0.250000   clock reconvergence pessimism
                                              0.250000 ^ _186_/CLK (sky130_fd_sc_hd__dfrtp_2)
                                 -0.011226    0.238774   library hold time
                                              0.238774   data required time
---------------------------------------------------------------------------------------------
                                              0.238774   data required time
                                             -0.603386   data arrival time
---------------------------------------------------------------------------------------------
                                              0.364613   slack (MET)


Startpoint: _190_ (rising edge-triggered flip-flop clocked by clk)
Endpoint: _190_ (rising edge-triggered flip-flop clocked by clk)
Path Group: clk
Path Type: min

Fanout         Cap        Slew       Delay        Time   Description
---------------------------------------------------------------------------------------------
                      0.150000    0.000000    0.000000   clock clk (rise edge)
                                  0.000000    0.000000   clock network delay (ideal)
                      0.150000    0.000000    0.000000 ^ _190_/CLK (sky130_fd_sc_hd__dfrtp_2)
     3    0.013473    0.085635    0.415428    0.415428 ^ _190_/Q (sky130_fd_sc_hd__dfrtp_2)
                                                         counter[3] (net)
                      0.085635    0.000000    0.415428 ^ _115_/B1 (sky130_fd_sc_hd__a31o_2)
     1    0.001689    0.027372    0.097103    0.512532 ^ _115_/X (sky130_fd_sc_hd__a31o_2)
                                                         _036_ (net)
                      0.027372    0.000000    0.512532 ^ _116_/B (sky130_fd_sc_hd__and2b_2)
     1    0.002005    0.031721    0.119146    0.631677 ^ _116_/X (sky130_fd_sc_hd__and2b_2)
                                                         _025_ (net)
                      0.031721    0.000000    0.631677 ^ _190_/D (sky130_fd_sc_hd__dfrtp_2)
                                              0.631677   data arrival time

                      0.150000    0.000000    0.000000   clock clk (rise edge)
                                  0.000000    0.000000   clock network delay (ideal)
                                  0.250000    0.250000   clock uncertainty
                                  0.000000    0.250000   clock reconvergence pessimism
                                              0.250000 ^ _190_/CLK (sky130_fd_sc_hd__dfrtp_2)
                                 -0.017615    0.232385   library hold time
                                              0.232385   data required time
---------------------------------------------------------------------------------------------
                                              0.232385   data required time
                                             -0.631677   data arrival time
---------------------------------------------------------------------------------------------
                                              0.399292   slack (MET)


Startpoint: _193_ (rising edge-triggered flip-flop clocked by clk)
Endpoint: _193_ (rising edge-triggered flip-flop clocked by clk)
Path Group: clk
Path Type: min

Fanout         Cap        Slew       Delay        Time   Description
---------------------------------------------------------------------------------------------
                      0.150000    0.000000    0.000000   clock clk (rise edge)
                                  0.000000    0.000000   clock network delay (ideal)
                      0.150000    0.000000    0.000000 ^ _193_/CLK (sky130_fd_sc_hd__dfrtp_2)
     4    0.014982    0.092151    0.420611    0.420611 ^ _193_/Q (sky130_fd_sc_hd__dfrtp_2)
                                                         counter[6] (net)
                      0.092151    0.000000    0.420611 ^ _121_/B1 (sky130_fd_sc_hd__a31o_2)
     1    0.001689    0.027507    0.099345    0.519956 ^ _121_/X (sky130_fd_sc_hd__a31o_2)
                                                         _039_ (net)
                      0.027507    0.000000    0.519956 ^ _122_/B (sky130_fd_sc_hd__and2b_2)
     1    0.002005    0.031721    0.119184    0.639140 ^ _122_/X (sky130_fd_sc_hd__and2b_2)
                                                         _028_ (net)
                      0.031721    0.000000    0.639140 ^ _193_/D (sky130_fd_sc_hd__dfrtp_2)
                                              0.639140   data arrival time

                      0.150000    0.000000    0.000000   clock clk (rise edge)
                                  0.000000    0.000000   clock network delay (ideal)
                                  0.250000    0.250000   clock uncertainty
                                  0.000000    0.250000   clock reconvergence pessimism
                                              0.250000 ^ _193_/CLK (sky130_fd_sc_hd__dfrtp_2)
                                 -0.017615    0.232385   library hold time
                                              0.232385   data required time
---------------------------------------------------------------------------------------------
                                              0.232385   data required time
                                             -0.639140   data arrival time
---------------------------------------------------------------------------------------------
                                              0.406755   slack (MET)


Startpoint: _197_ (rising edge-triggered flip-flop clocked by clk)
Endpoint: _197_ (rising edge-triggered flip-flop clocked by clk)
Path Group: clk
Path Type: min

Fanout         Cap        Slew       Delay        Time   Description
---------------------------------------------------------------------------------------------
                      0.150000    0.000000    0.000000   clock clk (rise edge)
                                  0.000000    0.000000   clock network delay (ideal)
                      0.150000    0.000000    0.000000 ^ _197_/CLK (sky130_fd_sc_hd__dfrtp_2)
     4    0.014328    0.089327    0.418365    0.418365 ^ _197_/Q (sky130_fd_sc_hd__dfrtp_2)
                                                         counter[10] (net)
                      0.089327    0.000000    0.418365 ^ _132_/B1_N (sky130_fd_sc_hd__o21ba_2)
     1    0.004136    0.029245    0.165838    0.584202 v _132_/X (sky130_fd_sc_hd__o21ba_2)
                                                         _046_ (net)
                      0.029245    0.000000    0.584202 v _133_/B (sky130_fd_sc_hd__nor2_2)
     1    0.002005    0.053507    0.057132    0.641335 ^ _133_/Y (sky130_fd_sc_hd__nor2_2)
                                                         _001_ (net)
                      0.053507    0.000000    0.641335 ^ _197_/D (sky130_fd_sc_hd__dfrtp_2)
                                              0.641335   data arrival time

                      0.150000    0.000000    0.000000   clock clk (rise edge)
                                  0.000000    0.000000   clock network delay (ideal)
                                  0.250000    0.250000   clock uncertainty
                                  0.000000    0.250000   clock reconvergence pessimism
                                              0.250000 ^ _197_/CLK (sky130_fd_sc_hd__dfrtp_2)
                                 -0.022069    0.227931   library hold time
                                              0.227931   data required time
---------------------------------------------------------------------------------------------
                                              0.227931   data required time
                                             -0.641335   data arrival time
---------------------------------------------------------------------------------------------
                                              0.413403   slack (MET)


Startpoint: _196_ (rising edge-triggered flip-flop clocked by clk)
Endpoint: _196_ (rising edge-triggered flip-flop clocked by clk)
Path Group: clk
Path Type: min

Fanout         Cap        Slew       Delay        Time   Description
---------------------------------------------------------------------------------------------
                      0.150000    0.000000    0.000000   clock clk (rise edge)
                                  0.000000    0.000000   clock network delay (ideal)
                      0.150000    0.000000    0.000000 ^ _196_/CLK (sky130_fd_sc_hd__dfrtp_2)
     5    0.018298    0.077644    0.468059    0.468059 v _196_/Q (sky130_fd_sc_hd__dfrtp_2)
                                                         counter[9] (net)
                      0.077644    0.000000    0.468059 v _128_/B (sky130_fd_sc_hd__nand2_2)
     2    0.005111    0.047912    0.079496    0.547555 ^ _128_/Y (sky130_fd_sc_hd__nand2_2)
                                                         _043_ (net)
                      0.047912    0.000000    0.547555 ^ _130_/A2 (sky130_fd_sc_hd__o21a_2)
     1    0.002005    0.026598    0.100400    0.647955 ^ _130_/X (sky130_fd_sc_hd__o21a_2)
                                                         _031_ (net)
                      0.026598    0.000000    0.647955 ^ _196_/D (sky130_fd_sc_hd__dfrtp_2)
                                              0.647955   data arrival time

                      0.150000    0.000000    0.000000   clock clk (rise edge)
                                  0.000000    0.000000   clock network delay (ideal)
                                  0.250000    0.250000   clock uncertainty
                                  0.000000    0.250000   clock reconvergence pessimism
                                              0.250000 ^ _196_/CLK (sky130_fd_sc_hd__dfrtp_2)
                                 -0.016567    0.233433   library hold time
                                              0.233433   data required time
---------------------------------------------------------------------------------------------
                                              0.233433   data required time
                                             -0.647955   data arrival time
---------------------------------------------------------------------------------------------
                                              0.414522   slack (MET)


Startpoint: _188_ (rising edge-triggered flip-flop clocked by clk)
Endpoint: _188_ (rising edge-triggered flip-flop clocked by clk)
Path Group: clk
Path Type: min

Fanout         Cap        Slew       Delay        Time   Description
---------------------------------------------------------------------------------------------
                      0.150000    0.000000    0.000000   clock clk (rise edge)
                                  0.000000    0.000000   clock network delay (ideal)
                      0.150000    0.000000    0.000000 ^ _188_/CLK (sky130_fd_sc_hd__dfrtp_2)
     5    0.019489    0.111611    0.436088    0.436088 ^ _188_/Q (sky130_fd_sc_hd__dfrtp_2)
                                                         counter[1] (net)
                      0.111611    0.000000    0.436088 ^ _111_/B (sky130_fd_sc_hd__or2_2)
     1    0.001541    0.024355    0.112640    0.548729 ^ _111_/X (sky130_fd_sc_hd__or2_2)
                                                         _034_ (net)
                      0.024355    0.000000    0.548729 ^ _112_/B (sky130_fd_sc_hd__and2_2)
     1    0.002005    0.033917    0.117258    0.665987 ^ _112_/X (sky130_fd_sc_hd__and2_2)
                                                         _011_ (net)
                      0.033917    0.000000    0.665987 ^ _188_/D (sky130_fd_sc_hd__dfrtp_2)
                                              0.665987   data arrival time

                      0.150000    0.000000    0.000000   clock clk (rise edge)
                                  0.000000    0.000000   clock network delay (ideal)
                                  0.250000    0.250000   clock uncertainty
                                  0.000000    0.250000   clock reconvergence pessimism
                                              0.250000 ^ _188_/CLK (sky130_fd_sc_hd__dfrtp_2)
                                 -0.018064    0.231936   library hold time
                                              0.231936   data required time
---------------------------------------------------------------------------------------------
                                              0.231936   data required time
                                             -0.665987   data arrival time
---------------------------------------------------------------------------------------------
                                              0.434050   slack (MET)


Startpoint: rst_n (input port clocked by clk)
Endpoint: _186_ (removal check against rising-edge clock clk)
Path Group: asynchronous
Path Type: min

Fanout         Cap        Slew       Delay        Time   Description
---------------------------------------------------------------------------------------------
                      0.150000    0.000000    0.000000   clock clk (rise edge)
                                  0.000000    0.000000   clock network delay (ideal)
                                  2.000000    2.000000 ^ input external delay
    41    0.148092    0.671801    0.458607    2.458607 ^ rst_n (in)
                                                         rst_n (net)
                      0.671801    0.000000    2.458607 ^ _186_/RESET_B (sky130_fd_sc_hd__dfrtp_2)
                                              2.458607   data arrival time

                      0.150000    0.000000    0.000000   clock clk (rise edge)
                                  0.000000    0.000000   clock network delay (ideal)
                                  0.250000    0.250000   clock uncertainty
                                  0.000000    0.250000   clock reconvergence pessimism
                                              0.250000 ^ _186_/CLK (sky130_fd_sc_hd__dfrtp_2)
                                  0.518644    0.768644   library removal time
                                              0.768644   data required time
---------------------------------------------------------------------------------------------
                                              0.768644   data required time
                                             -2.458607   data arrival time
---------------------------------------------------------------------------------------------
                                              1.689963   slack (MET)


Startpoint: rst_n (input port clocked by clk)
Endpoint: _187_ (removal check against rising-edge clock clk)
Path Group: asynchronous
Path Type: min

Fanout         Cap        Slew       Delay        Time   Description
---------------------------------------------------------------------------------------------
                      0.150000    0.000000    0.000000   clock clk (rise edge)
                                  0.000000    0.000000   clock network delay (ideal)
                                  2.000000    2.000000 ^ input external delay
    41    0.148092    0.671801    0.458607    2.458607 ^ rst_n (in)
                                                         rst_n (net)
                      0.671801    0.000000    2.458607 ^ _187_/RESET_B (sky130_fd_sc_hd__dfrtp_2)
                                              2.458607   data arrival time

                      0.150000    0.000000    0.000000   clock clk (rise edge)
                                  0.000000    0.000000   clock network delay (ideal)
                                  0.250000    0.250000   clock uncertainty
                                  0.000000    0.250000   clock reconvergence pessimism
                                              0.250000 ^ _187_/CLK (sky130_fd_sc_hd__dfrtp_2)
                                  0.518644    0.768644   library removal time
                                              0.768644   data required time
---------------------------------------------------------------------------------------------
                                              0.768644   data required time
                                             -2.458607   data arrival time
---------------------------------------------------------------------------------------------
                                              1.689963   slack (MET)


Startpoint: rst_n (input port clocked by clk)
Endpoint: _188_ (removal check against rising-edge clock clk)
Path Group: asynchronous
Path Type: min

Fanout         Cap        Slew       Delay        Time   Description
---------------------------------------------------------------------------------------------
                      0.150000    0.000000    0.000000   clock clk (rise edge)
                                  0.000000    0.000000   clock network delay (ideal)
                                  2.000000    2.000000 ^ input external delay
    41    0.148092    0.671801    0.458607    2.458607 ^ rst_n (in)
                                                         rst_n (net)
                      0.671801    0.000000    2.458607 ^ _188_/RESET_B (sky130_fd_sc_hd__dfrtp_2)
                                              2.458607   data arrival time

                      0.150000    0.000000    0.000000   clock clk (rise edge)
                                  0.000000    0.000000   clock network delay (ideal)
                                  0.250000    0.250000   clock uncertainty
                                  0.000000    0.250000   clock reconvergence pessimism
                                              0.250000 ^ _188_/CLK (sky130_fd_sc_hd__dfrtp_2)
                                  0.518644    0.768644   library removal time
                                              0.768644   data required time
---------------------------------------------------------------------------------------------
                                              0.768644   data required time
                                             -2.458607   data arrival time
---------------------------------------------------------------------------------------------
                                              1.689963   slack (MET)


Startpoint: rst_n (input port clocked by clk)
Endpoint: _189_ (removal check against rising-edge clock clk)
Path Group: asynchronous
Path Type: min

Fanout         Cap        Slew       Delay        Time   Description
---------------------------------------------------------------------------------------------
                      0.150000    0.000000    0.000000   clock clk (rise edge)
                                  0.000000    0.000000   clock network delay (ideal)
                                  2.000000    2.000000 ^ input external delay
    41    0.148092    0.671801    0.458607    2.458607 ^ rst_n (in)
                                                         rst_n (net)
                      0.671801    0.000000    2.458607 ^ _189_/RESET_B (sky130_fd_sc_hd__dfrtp_2)
                                              2.458607   data arrival time

                      0.150000    0.000000    0.000000   clock clk (rise edge)
                                  0.000000    0.000000   clock network delay (ideal)
                                  0.250000    0.250000   clock uncertainty
                                  0.000000    0.250000   clock reconvergence pessimism
                                              0.250000 ^ _189_/CLK (sky130_fd_sc_hd__dfrtp_2)
                                  0.518644    0.768644   library removal time
                                              0.768644   data required time
---------------------------------------------------------------------------------------------
                                              0.768644   data required time
                                             -2.458607   data arrival time
---------------------------------------------------------------------------------------------
                                              1.689963   slack (MET)


Startpoint: rst_n (input port clocked by clk)
Endpoint: _190_ (removal check against rising-edge clock clk)
Path Group: asynchronous
Path Type: min

Fanout         Cap        Slew       Delay        Time   Description
---------------------------------------------------------------------------------------------
                      0.150000    0.000000    0.000000   clock clk (rise edge)
                                  0.000000    0.000000   clock network delay (ideal)
                                  2.000000    2.000000 ^ input external delay
    41    0.148092    0.671801    0.458607    2.458607 ^ rst_n (in)
                                                         rst_n (net)
                      0.671801    0.000000    2.458607 ^ _190_/RESET_B (sky130_fd_sc_hd__dfrtp_2)
                                              2.458607   data arrival time

                      0.150000    0.000000    0.000000   clock clk (rise edge)
                                  0.000000    0.000000   clock network delay (ideal)
                                  0.250000    0.250000   clock uncertainty
                                  0.000000    0.250000   clock reconvergence pessimism
                                              0.250000 ^ _190_/CLK (sky130_fd_sc_hd__dfrtp_2)
                                  0.518644    0.768644   library removal time
                                              0.768644   data required time
---------------------------------------------------------------------------------------------
                                              0.768644   data required time
                                             -2.458607   data arrival time
---------------------------------------------------------------------------------------------
                                              1.689963   slack (MET)


Startpoint: rst_n (input port clocked by clk)
Endpoint: _191_ (removal check against rising-edge clock clk)
Path Group: asynchronous
Path Type: min

Fanout         Cap        Slew       Delay        Time   Description
---------------------------------------------------------------------------------------------
                      0.150000    0.000000    0.000000   clock clk (rise edge)
                                  0.000000    0.000000   clock network delay (ideal)
                                  2.000000    2.000000 ^ input external delay
    41    0.148092    0.671801    0.458607    2.458607 ^ rst_n (in)
                                                         rst_n (net)
                      0.671801    0.000000    2.458607 ^ _191_/RESET_B (sky130_fd_sc_hd__dfrtp_2)
                                              2.458607   data arrival time

                      0.150000    0.000000    0.000000   clock clk (rise edge)
                                  0.000000    0.000000   clock network delay (ideal)
                                  0.250000    0.250000   clock uncertainty
                                  0.000000    0.250000   clock reconvergence pessimism
                                              0.250000 ^ _191_/CLK (sky130_fd_sc_hd__dfrtp_2)
                                  0.518644    0.768644   library removal time
                                              0.768644   data required time
---------------------------------------------------------------------------------------------
                                              0.768644   data required time
                                             -2.458607   data arrival time
---------------------------------------------------------------------------------------------
                                              1.689963   slack (MET)


Startpoint: rst_n (input port clocked by clk)
Endpoint: _192_ (removal check against rising-edge clock clk)
Path Group: asynchronous
Path Type: min

Fanout         Cap        Slew       Delay        Time   Description
---------------------------------------------------------------------------------------------
                      0.150000    0.000000    0.000000   clock clk (rise edge)
                                  0.000000    0.000000   clock network delay (ideal)
                                  2.000000    2.000000 ^ input external delay
    41    0.148092    0.671801    0.458607    2.458607 ^ rst_n (in)
                                                         rst_n (net)
                      0.671801    0.000000    2.458607 ^ _192_/RESET_B (sky130_fd_sc_hd__dfrtp_2)
                                              2.458607   data arrival time

                      0.150000    0.000000    0.000000   clock clk (rise edge)
                                  0.000000    0.000000   clock network delay (ideal)
                                  0.250000    0.250000   clock uncertainty
                                  0.000000    0.250000   clock reconvergence pessimism
                                              0.250000 ^ _192_/CLK (sky130_fd_sc_hd__dfrtp_2)
                                  0.518644    0.768644   library removal time
                                              0.768644   data required time
---------------------------------------------------------------------------------------------
                                              0.768644   data required time
                                             -2.458607   data arrival time
---------------------------------------------------------------------------------------------
                                              1.689963   slack (MET)


Startpoint: rst_n (input port clocked by clk)
Endpoint: _193_ (removal check against rising-edge clock clk)
Path Group: asynchronous
Path Type: min

Fanout         Cap        Slew       Delay        Time   Description
---------------------------------------------------------------------------------------------
                      0.150000    0.000000    0.000000   clock clk (rise edge)
                                  0.000000    0.000000   clock network delay (ideal)
                                  2.000000    2.000000 ^ input external delay
    41    0.148092    0.671801    0.458607    2.458607 ^ rst_n (in)
                                                         rst_n (net)
                      0.671801    0.000000    2.458607 ^ _193_/RESET_B (sky130_fd_sc_hd__dfrtp_2)
                                              2.458607   data arrival time

                      0.150000    0.000000    0.000000   clock clk (rise edge)
                                  0.000000    0.000000   clock network delay (ideal)
                                  0.250000    0.250000   clock uncertainty
                                  0.000000    0.250000   clock reconvergence pessimism
                                              0.250000 ^ _193_/CLK (sky130_fd_sc_hd__dfrtp_2)
                                  0.518644    0.768644   library removal time
                                              0.768644   data required time
---------------------------------------------------------------------------------------------
                                              0.768644   data required time
                                             -2.458607   data arrival time
---------------------------------------------------------------------------------------------
                                              1.689963   slack (MET)


Startpoint: rst_n (input port clocked by clk)
Endpoint: _194_ (removal check against rising-edge clock clk)
Path Group: asynchronous
Path Type: min

Fanout         Cap        Slew       Delay        Time   Description
---------------------------------------------------------------------------------------------
                      0.150000    0.000000    0.000000   clock clk (rise edge)
                                  0.000000    0.000000   clock network delay (ideal)
                                  2.000000    2.000000 ^ input external delay
    41    0.148092    0.671801    0.458607    2.458607 ^ rst_n (in)
                                                         rst_n (net)
                      0.671801    0.000000    2.458607 ^ _194_/RESET_B (sky130_fd_sc_hd__dfrtp_2)
                                              2.458607   data arrival time

                      0.150000    0.000000    0.000000   clock clk (rise edge)
                                  0.000000    0.000000   clock network delay (ideal)
                                  0.250000    0.250000   clock uncertainty
                                  0.000000    0.250000   clock reconvergence pessimism
                                              0.250000 ^ _194_/CLK (sky130_fd_sc_hd__dfrtp_2)
                                  0.518644    0.768644   library removal time
                                              0.768644   data required time
---------------------------------------------------------------------------------------------
                                              0.768644   data required time
                                             -2.458607   data arrival time
---------------------------------------------------------------------------------------------
                                              1.689963   slack (MET)


Startpoint: rst_n (input port clocked by clk)
Endpoint: _195_ (removal check against rising-edge clock clk)
Path Group: asynchronous
Path Type: min

Fanout         Cap        Slew       Delay        Time   Description
---------------------------------------------------------------------------------------------
                      0.150000    0.000000    0.000000   clock clk (rise edge)
                                  0.000000    0.000000   clock network delay (ideal)
                                  2.000000    2.000000 ^ input external delay
    41    0.148092    0.671801    0.458607    2.458607 ^ rst_n (in)
                                                         rst_n (net)
                      0.671801    0.000000    2.458607 ^ _195_/RESET_B (sky130_fd_sc_hd__dfrtp_2)
                                              2.458607   data arrival time

                      0.150000    0.000000    0.000000   clock clk (rise edge)
                                  0.000000    0.000000   clock network delay (ideal)
                                  0.250000    0.250000   clock uncertainty
                                  0.000000    0.250000   clock reconvergence pessimism
                                              0.250000 ^ _195_/CLK (sky130_fd_sc_hd__dfrtp_2)
                                  0.518644    0.768644   library removal time
                                              0.768644   data required time
---------------------------------------------------------------------------------------------
                                              0.768644   data required time
                                             -2.458607   data arrival time
---------------------------------------------------------------------------------------------
                                              1.689963   slack (MET)


Startpoint: rst_n (input port clocked by clk)
Endpoint: _196_ (removal check against rising-edge clock clk)
Path Group: asynchronous
Path Type: min

Fanout         Cap        Slew       Delay        Time   Description
---------------------------------------------------------------------------------------------
                      0.150000    0.000000    0.000000   clock clk (rise edge)
                                  0.000000    0.000000   clock network delay (ideal)
                                  2.000000    2.000000 ^ input external delay
    41    0.148092    0.671801    0.458607    2.458607 ^ rst_n (in)
                                                         rst_n (net)
                      0.671801    0.000000    2.458607 ^ _196_/RESET_B (sky130_fd_sc_hd__dfrtp_2)
                                              2.458607   data arrival time

                      0.150000    0.000000    0.000000   clock clk (rise edge)
                                  0.000000    0.000000   clock network delay (ideal)
                                  0.250000    0.250000   clock uncertainty
                                  0.000000    0.250000   clock reconvergence pessimism
                                              0.250000 ^ _196_/CLK (sky130_fd_sc_hd__dfrtp_2)
                                  0.518644    0.768644   library removal time
                                              0.768644   data required time
---------------------------------------------------------------------------------------------
                                              0.768644   data required time
                                             -2.458607   data arrival time
---------------------------------------------------------------------------------------------
                                              1.689963   slack (MET)


Startpoint: rst_n (input port clocked by clk)
Endpoint: _197_ (removal check against rising-edge clock clk)
Path Group: asynchronous
Path Type: min

Fanout         Cap        Slew       Delay        Time   Description
---------------------------------------------------------------------------------------------
                      0.150000    0.000000    0.000000   clock clk (rise edge)
                                  0.000000    0.000000   clock network delay (ideal)
                                  2.000000    2.000000 ^ input external delay
    41    0.148092    0.671801    0.458607    2.458607 ^ rst_n (in)
                                                         rst_n (net)
                      0.671801    0.000000    2.458607 ^ _197_/RESET_B (sky130_fd_sc_hd__dfrtp_2)
                                              2.458607   data arrival time

                      0.150000    0.000000    0.000000   clock clk (rise edge)
                                  0.000000    0.000000   clock network delay (ideal)
                                  0.250000    0.250000   clock uncertainty
                                  0.000000    0.250000   clock reconvergence pessimism
                                              0.250000 ^ _197_/CLK (sky130_fd_sc_hd__dfrtp_2)
                                  0.518644    0.768644   library removal time
                                              0.768644   data required time
---------------------------------------------------------------------------------------------
                                              0.768644   data required time
                                             -2.458607   data arrival time
---------------------------------------------------------------------------------------------
                                              1.689963   slack (MET)


Startpoint: rst_n (input port clocked by clk)
Endpoint: _198_ (removal check against rising-edge clock clk)
Path Group: asynchronous
Path Type: min

Fanout         Cap        Slew       Delay        Time   Description
---------------------------------------------------------------------------------------------
                      0.150000    0.000000    0.000000   clock clk (rise edge)
                                  0.000000    0.000000   clock network delay (ideal)
                                  2.000000    2.000000 ^ input external delay
    41    0.148092    0.671801    0.458607    2.458607 ^ rst_n (in)
                                                         rst_n (net)
                      0.671801    0.000000    2.458607 ^ _198_/RESET_B (sky130_fd_sc_hd__dfrtp_2)
                                              2.458607   data arrival time

                      0.150000    0.000000    0.000000   clock clk (rise edge)
                                  0.000000    0.000000   clock network delay (ideal)
                                  0.250000    0.250000   clock uncertainty
                                  0.000000    0.250000   clock reconvergence pessimism
                                              0.250000 ^ _198_/CLK (sky130_fd_sc_hd__dfrtp_2)
                                  0.518644    0.768644   library removal time
                                              0.768644   data required time
---------------------------------------------------------------------------------------------
                                              0.768644   data required time
                                             -2.458607   data arrival time
---------------------------------------------------------------------------------------------
                                              1.689963   slack (MET)


Startpoint: rst_n (input port clocked by clk)
Endpoint: _199_ (removal check against rising-edge clock clk)
Path Group: asynchronous
Path Type: min

Fanout         Cap        Slew       Delay        Time   Description
---------------------------------------------------------------------------------------------
                      0.150000    0.000000    0.000000   clock clk (rise edge)
                                  0.000000    0.000000   clock network delay (ideal)
                                  2.000000    2.000000 ^ input external delay
    41    0.148092    0.671801    0.458607    2.458607 ^ rst_n (in)
                                                         rst_n (net)
                      0.671801    0.000000    2.458607 ^ _199_/RESET_B (sky130_fd_sc_hd__dfrtp_2)
                                              2.458607   data arrival time

                      0.150000    0.000000    0.000000   clock clk (rise edge)
                                  0.000000    0.000000   clock network delay (ideal)
                                  0.250000    0.250000   clock uncertainty
                                  0.000000    0.250000   clock reconvergence pessimism
                                              0.250000 ^ _199_/CLK (sky130_fd_sc_hd__dfrtp_2)
                                  0.518644    0.768644   library removal time
                                              0.768644   data required time
---------------------------------------------------------------------------------------------
                                              0.768644   data required time
                                             -2.458607   data arrival time
---------------------------------------------------------------------------------------------
                                              1.689963   slack (MET)


Startpoint: rst_n (input port clocked by clk)
Endpoint: _200_ (removal check against rising-edge clock clk)
Path Group: asynchronous
Path Type: min

Fanout         Cap        Slew       Delay        Time   Description
---------------------------------------------------------------------------------------------
                      0.150000    0.000000    0.000000   clock clk (rise edge)
                                  0.000000    0.000000   clock network delay (ideal)
                                  2.000000    2.000000 ^ input external delay
    41    0.148092    0.671801    0.458607    2.458607 ^ rst_n (in)
                                                         rst_n (net)
                      0.671801    0.000000    2.458607 ^ _200_/RESET_B (sky130_fd_sc_hd__dfrtp_2)
                                              2.458607   data arrival time

                      0.150000    0.000000    0.000000   clock clk (rise edge)
                                  0.000000    0.000000   clock network delay (ideal)
                                  0.250000    0.250000   clock uncertainty
                                  0.000000    0.250000   clock reconvergence pessimism
                                              0.250000 ^ _200_/CLK (sky130_fd_sc_hd__dfrtp_2)
                                  0.518644    0.768644   library removal time
                                              0.768644   data required time
---------------------------------------------------------------------------------------------
                                              0.768644   data required time
                                             -2.458607   data arrival time
---------------------------------------------------------------------------------------------
                                              1.689963   slack (MET)


Startpoint: rst_n (input port clocked by clk)
Endpoint: _201_ (removal check against rising-edge clock clk)
Path Group: asynchronous
Path Type: min

Fanout         Cap        Slew       Delay        Time   Description
---------------------------------------------------------------------------------------------
                      0.150000    0.000000    0.000000   clock clk (rise edge)
                                  0.000000    0.000000   clock network delay (ideal)
                                  2.000000    2.000000 ^ input external delay
    41    0.148092    0.671801    0.458607    2.458607 ^ rst_n (in)
                                                         rst_n (net)
                      0.671801    0.000000    2.458607 ^ _201_/RESET_B (sky130_fd_sc_hd__dfrtp_2)
                                              2.458607   data arrival time

                      0.150000    0.000000    0.000000   clock clk (rise edge)
                                  0.000000    0.000000   clock network delay (ideal)
                                  0.250000    0.250000   clock uncertainty
                                  0.000000    0.250000   clock reconvergence pessimism
                                              0.250000 ^ _201_/CLK (sky130_fd_sc_hd__dfrtp_2)
                                  0.518644    0.768644   library removal time
                                              0.768644   data required time
---------------------------------------------------------------------------------------------
                                              0.768644   data required time
                                             -2.458607   data arrival time
---------------------------------------------------------------------------------------------
                                              1.689963   slack (MET)


Startpoint: rst_n (input port clocked by clk)
Endpoint: _202_ (removal check against rising-edge clock clk)
Path Group: asynchronous
Path Type: min

Fanout         Cap        Slew       Delay        Time   Description
---------------------------------------------------------------------------------------------
                      0.150000    0.000000    0.000000   clock clk (rise edge)
                                  0.000000    0.000000   clock network delay (ideal)
                                  2.000000    2.000000 ^ input external delay
    41    0.148092    0.671801    0.458607    2.458607 ^ rst_n (in)
                                                         rst_n (net)
                      0.671801    0.000000    2.458607 ^ _202_/RESET_B (sky130_fd_sc_hd__dfrtp_2)
                                              2.458607   data arrival time

                      0.150000    0.000000    0.000000   clock clk (rise edge)
                                  0.000000    0.000000   clock network delay (ideal)
                                  0.250000    0.250000   clock uncertainty
                                  0.000000    0.250000   clock reconvergence pessimism
                                              0.250000 ^ _202_/CLK (sky130_fd_sc_hd__dfrtp_2)
                                  0.518644    0.768644   library removal time
                                              0.768644   data required time
---------------------------------------------------------------------------------------------
                                              0.768644   data required time
                                             -2.458607   data arrival time
---------------------------------------------------------------------------------------------
                                              1.689963   slack (MET)


Startpoint: rst_n (input port clocked by clk)
Endpoint: _203_ (removal check against rising-edge clock clk)
Path Group: asynchronous
Path Type: min

Fanout         Cap        Slew       Delay        Time   Description
---------------------------------------------------------------------------------------------
                      0.150000    0.000000    0.000000   clock clk (rise edge)
                                  0.000000    0.000000   clock network delay (ideal)
                                  2.000000    2.000000 ^ input external delay
    41    0.148092    0.671801    0.458607    2.458607 ^ rst_n (in)
                                                         rst_n (net)
                      0.671801    0.000000    2.458607 ^ _203_/RESET_B (sky130_fd_sc_hd__dfrtp_2)
                                              2.458607   data arrival time

                      0.150000    0.000000    0.000000   clock clk (rise edge)
                                  0.000000    0.000000   clock network delay (ideal)
                                  0.250000    0.250000   clock uncertainty
                                  0.000000    0.250000   clock reconvergence pessimism
                                              0.250000 ^ _203_/CLK (sky130_fd_sc_hd__dfrtp_2)
                                  0.518644    0.768644   library removal time
                                              0.768644   data required time
---------------------------------------------------------------------------------------------
                                              0.768644   data required time
                                             -2.458607   data arrival time
---------------------------------------------------------------------------------------------
                                              1.689963   slack (MET)


Startpoint: rst_n (input port clocked by clk)
Endpoint: _204_ (removal check against rising-edge clock clk)
Path Group: asynchronous
Path Type: min

Fanout         Cap        Slew       Delay        Time   Description
---------------------------------------------------------------------------------------------
                      0.150000    0.000000    0.000000   clock clk (rise edge)
                                  0.000000    0.000000   clock network delay (ideal)
                                  2.000000    2.000000 ^ input external delay
    41    0.148092    0.671801    0.458607    2.458607 ^ rst_n (in)
                                                         rst_n (net)
                      0.671801    0.000000    2.458607 ^ _204_/RESET_B (sky130_fd_sc_hd__dfrtp_2)
                                              2.458607   data arrival time

                      0.150000    0.000000    0.000000   clock clk (rise edge)
                                  0.000000    0.000000   clock network delay (ideal)
                                  0.250000    0.250000   clock uncertainty
                                  0.000000    0.250000   clock reconvergence pessimism
                                              0.250000 ^ _204_/CLK (sky130_fd_sc_hd__dfrtp_2)
                                  0.518644    0.768644   library removal time
                                              0.768644   data required time
---------------------------------------------------------------------------------------------
                                              0.768644   data required time
                                             -2.458607   data arrival time
---------------------------------------------------------------------------------------------
                                              1.689963   slack (MET)


Startpoint: rst_n (input port clocked by clk)
Endpoint: _205_ (removal check against rising-edge clock clk)
Path Group: asynchronous
Path Type: min

Fanout         Cap        Slew       Delay        Time   Description
---------------------------------------------------------------------------------------------
                      0.150000    0.000000    0.000000   clock clk (rise edge)
                                  0.000000    0.000000   clock network delay (ideal)
                                  2.000000    2.000000 ^ input external delay
    41    0.148092    0.671801    0.458607    2.458607 ^ rst_n (in)
                                                         rst_n (net)
                      0.671801    0.000000    2.458607 ^ _205_/RESET_B (sky130_fd_sc_hd__dfrtp_2)
                                              2.458607   data arrival time

                      0.150000    0.000000    0.000000   clock clk (rise edge)
                                  0.000000    0.000000   clock network delay (ideal)
                                  0.250000    0.250000   clock uncertainty
                                  0.000000    0.250000   clock reconvergence pessimism
                                              0.250000 ^ _205_/CLK (sky130_fd_sc_hd__dfrtp_2)
                                  0.518644    0.768644   library removal time
                                              0.768644   data required time
---------------------------------------------------------------------------------------------
                                              0.768644   data required time
                                             -2.458607   data arrival time
---------------------------------------------------------------------------------------------
                                              1.689963   slack (MET)


Startpoint: rst_n (input port clocked by clk)
Endpoint: _206_ (removal check against rising-edge clock clk)
Path Group: asynchronous
Path Type: min

Fanout         Cap        Slew       Delay        Time   Description
---------------------------------------------------------------------------------------------
                      0.150000    0.000000    0.000000   clock clk (rise edge)
                                  0.000000    0.000000   clock network delay (ideal)
                                  2.000000    2.000000 ^ input external delay
    41    0.148092    0.671801    0.458607    2.458607 ^ rst_n (in)
                                                         rst_n (net)
                      0.671801    0.000000    2.458607 ^ _206_/RESET_B (sky130_fd_sc_hd__dfrtp_2)
                                              2.458607   data arrival time

                      0.150000    0.000000    0.000000   clock clk (rise edge)
                                  0.000000    0.000000   clock network delay (ideal)
                                  0.250000    0.250000   clock uncertainty
                                  0.000000    0.250000   clock reconvergence pessimism
                                              0.250000 ^ _206_/CLK (sky130_fd_sc_hd__dfrtp_2)
                                  0.518644    0.768644   library removal time
                                              0.768644   data required time
---------------------------------------------------------------------------------------------
                                              0.768644   data required time
                                             -2.458607   data arrival time
---------------------------------------------------------------------------------------------
                                              1.689963   slack (MET)


Startpoint: rst_n (input port clocked by clk)
Endpoint: _207_ (removal check against rising-edge clock clk)
Path Group: asynchronous
Path Type: min

Fanout         Cap        Slew       Delay        Time   Description
---------------------------------------------------------------------------------------------
                      0.150000    0.000000    0.000000   clock clk (rise edge)
                                  0.000000    0.000000   clock network delay (ideal)
                                  2.000000    2.000000 ^ input external delay
    41    0.148092    0.671801    0.458607    2.458607 ^ rst_n (in)
                                                         rst_n (net)
                      0.671801    0.000000    2.458607 ^ _207_/RESET_B (sky130_fd_sc_hd__dfrtp_2)
                                              2.458607   data arrival time

                      0.150000    0.000000    0.000000   clock clk (rise edge)
                                  0.000000    0.000000   clock network delay (ideal)
                                  0.250000    0.250000   clock uncertainty
                                  0.000000    0.250000   clock reconvergence pessimism
                                              0.250000 ^ _207_/CLK (sky130_fd_sc_hd__dfrtp_2)
                                  0.518644    0.768644   library removal time
                                              0.768644   data required time
---------------------------------------------------------------------------------------------
                                              0.768644   data required time
                                             -2.458607   data arrival time
---------------------------------------------------------------------------------------------
                                              1.689963   slack (MET)


Startpoint: rst_n (input port clocked by clk)
Endpoint: _208_ (removal check against rising-edge clock clk)
Path Group: asynchronous
Path Type: min

Fanout         Cap        Slew       Delay        Time   Description
---------------------------------------------------------------------------------------------
                      0.150000    0.000000    0.000000   clock clk (rise edge)
                                  0.000000    0.000000   clock network delay (ideal)
                                  2.000000    2.000000 ^ input external delay
    41    0.148092    0.671801    0.458607    2.458607 ^ rst_n (in)
                                                         rst_n (net)
                      0.671801    0.000000    2.458607 ^ _208_/RESET_B (sky130_fd_sc_hd__dfrtp_2)
                                              2.458607   data arrival time

                      0.150000    0.000000    0.000000   clock clk (rise edge)
                                  0.000000    0.000000   clock network delay (ideal)
                                  0.250000    0.250000   clock uncertainty
                                  0.000000    0.250000   clock reconvergence pessimism
                                              0.250000 ^ _208_/CLK (sky130_fd_sc_hd__dfrtp_2)
                                  0.518644    0.768644   library removal time
                                              0.768644   data required time
---------------------------------------------------------------------------------------------
                                              0.768644   data required time
                                             -2.458607   data arrival time
---------------------------------------------------------------------------------------------
                                              1.689963   slack (MET)


Startpoint: rst_n (input port clocked by clk)
Endpoint: _209_ (removal check against rising-edge clock clk)
Path Group: asynchronous
Path Type: min

Fanout         Cap        Slew       Delay        Time   Description
---------------------------------------------------------------------------------------------
                      0.150000    0.000000    0.000000   clock clk (rise edge)
                                  0.000000    0.000000   clock network delay (ideal)
                                  2.000000    2.000000 ^ input external delay
    41    0.148092    0.671801    0.458607    2.458607 ^ rst_n (in)
                                                         rst_n (net)
                      0.671801    0.000000    2.458607 ^ _209_/RESET_B (sky130_fd_sc_hd__dfrtp_2)
                                              2.458607   data arrival time

                      0.150000    0.000000    0.000000   clock clk (rise edge)
                                  0.000000    0.000000   clock network delay (ideal)
                                  0.250000    0.250000   clock uncertainty
                                  0.000000    0.250000   clock reconvergence pessimism
                                              0.250000 ^ _209_/CLK (sky130_fd_sc_hd__dfrtp_2)
                                  0.518644    0.768644   library removal time
                                              0.768644   data required time
---------------------------------------------------------------------------------------------
                                              0.768644   data required time
                                             -2.458607   data arrival time
---------------------------------------------------------------------------------------------
                                              1.689963   slack (MET)


Startpoint: rst_n (input port clocked by clk)
Endpoint: _210_ (removal check against rising-edge clock clk)
Path Group: asynchronous
Path Type: min

Fanout         Cap        Slew       Delay        Time   Description
---------------------------------------------------------------------------------------------
                      0.150000    0.000000    0.000000   clock clk (rise edge)
                                  0.000000    0.000000   clock network delay (ideal)
                                  2.000000    2.000000 ^ input external delay
    41    0.148092    0.671801    0.458607    2.458607 ^ rst_n (in)
                                                         rst_n (net)
                      0.671801    0.000000    2.458607 ^ _210_/RESET_B (sky130_fd_sc_hd__dfrtp_2)
                                              2.458607   data arrival time

                      0.150000    0.000000    0.000000   clock clk (rise edge)
                                  0.000000    0.000000   clock network delay (ideal)
                                  0.250000    0.250000   clock uncertainty
                                  0.000000    0.250000   clock reconvergence pessimism
                                              0.250000 ^ _210_/CLK (sky130_fd_sc_hd__dfrtp_2)
                                  0.518644    0.768644   library removal time
                                              0.768644   data required time
---------------------------------------------------------------------------------------------
                                              0.768644   data required time
                                             -2.458607   data arrival time
---------------------------------------------------------------------------------------------
                                              1.689963   slack (MET)


Startpoint: rst_n (input port clocked by clk)
Endpoint: _211_ (removal check against rising-edge clock clk)
Path Group: asynchronous
Path Type: min

Fanout         Cap        Slew       Delay        Time   Description
---------------------------------------------------------------------------------------------
                      0.150000    0.000000    0.000000   clock clk (rise edge)
                                  0.000000    0.000000   clock network delay (ideal)
                                  2.000000    2.000000 ^ input external delay
    41    0.148092    0.671801    0.458607    2.458607 ^ rst_n (in)
                                                         rst_n (net)
                      0.671801    0.000000    2.458607 ^ _211_/RESET_B (sky130_fd_sc_hd__dfrtp_2)
                                              2.458607   data arrival time

                      0.150000    0.000000    0.000000   clock clk (rise edge)
                                  0.000000    0.000000   clock network delay (ideal)
                                  0.250000    0.250000   clock uncertainty
                                  0.000000    0.250000   clock reconvergence pessimism
                                              0.250000 ^ _211_/CLK (sky130_fd_sc_hd__dfrtp_2)
                                  0.518644    0.768644   library removal time
                                              0.768644   data required time
---------------------------------------------------------------------------------------------
                                              0.768644   data required time
                                             -2.458607   data arrival time
---------------------------------------------------------------------------------------------
                                              1.689963   slack (MET)


Startpoint: rst_n (input port clocked by clk)
Endpoint: _212_ (removal check against rising-edge clock clk)
Path Group: asynchronous
Path Type: min

Fanout         Cap        Slew       Delay        Time   Description
---------------------------------------------------------------------------------------------
                      0.150000    0.000000    0.000000   clock clk (rise edge)
                                  0.000000    0.000000   clock network delay (ideal)
                                  2.000000    2.000000 ^ input external delay
    41    0.148092    0.671801    0.458607    2.458607 ^ rst_n (in)
                                                         rst_n (net)
                      0.671801    0.000000    2.458607 ^ _212_/RESET_B (sky130_fd_sc_hd__dfrtp_2)
                                              2.458607   data arrival time

                      0.150000    0.000000    0.000000   clock clk (rise edge)
                                  0.000000    0.000000   clock network delay (ideal)
                                  0.250000    0.250000   clock uncertainty
                                  0.000000    0.250000   clock reconvergence pessimism
                                              0.250000 ^ _212_/CLK (sky130_fd_sc_hd__dfrtp_2)
                                  0.518644    0.768644   library removal time
                                              0.768644   data required time
---------------------------------------------------------------------------------------------
                                              0.768644   data required time
                                             -2.458607   data arrival time
---------------------------------------------------------------------------------------------
                                              1.689963   slack (MET)


Startpoint: rst_n (input port clocked by clk)
Endpoint: _213_ (removal check against rising-edge clock clk)
Path Group: asynchronous
Path Type: min

Fanout         Cap        Slew       Delay        Time   Description
---------------------------------------------------------------------------------------------
                      0.150000    0.000000    0.000000   clock clk (rise edge)
                                  0.000000    0.000000   clock network delay (ideal)
                                  2.000000    2.000000 ^ input external delay
    41    0.148092    0.671801    0.458607    2.458607 ^ rst_n (in)
                                                         rst_n (net)
                      0.671801    0.000000    2.458607 ^ _213_/RESET_B (sky130_fd_sc_hd__dfrtp_2)
                                              2.458607   data arrival time

                      0.150000    0.000000    0.000000   clock clk (rise edge)
                                  0.000000    0.000000   clock network delay (ideal)
                                  0.250000    0.250000   clock uncertainty
                                  0.000000    0.250000   clock reconvergence pessimism
                                              0.250000 ^ _213_/CLK (sky130_fd_sc_hd__dfrtp_2)
                                  0.518644    0.768644   library removal time
                                              0.768644   data required time
---------------------------------------------------------------------------------------------
                                              0.768644   data required time
                                             -2.458607   data arrival time
---------------------------------------------------------------------------------------------
                                              1.689963   slack (MET)


Startpoint: rst_n (input port clocked by clk)
Endpoint: _214_ (removal check against rising-edge clock clk)
Path Group: asynchronous
Path Type: min

Fanout         Cap        Slew       Delay        Time   Description
---------------------------------------------------------------------------------------------
                      0.150000    0.000000    0.000000   clock clk (rise edge)
                                  0.000000    0.000000   clock network delay (ideal)
                                  2.000000    2.000000 ^ input external delay
    41    0.148092    0.671801    0.458607    2.458607 ^ rst_n (in)
                                                         rst_n (net)
                      0.671801    0.000000    2.458607 ^ _214_/RESET_B (sky130_fd_sc_hd__dfrtp_2)
                                              2.458607   data arrival time

                      0.150000    0.000000    0.000000   clock clk (rise edge)
                                  0.000000    0.000000   clock network delay (ideal)
                                  0.250000    0.250000   clock uncertainty
                                  0.000000    0.250000   clock reconvergence pessimism
                                              0.250000 ^ _214_/CLK (sky130_fd_sc_hd__dfrtp_2)
                                  0.518644    0.768644   library removal time
                                              0.768644   data required time
---------------------------------------------------------------------------------------------
                                              0.768644   data required time
                                             -2.458607   data arrival time
---------------------------------------------------------------------------------------------
                                              1.689963   slack (MET)


Startpoint: rst_n (input port clocked by clk)
Endpoint: _215_ (removal check against rising-edge clock clk)
Path Group: asynchronous
Path Type: min

Fanout         Cap        Slew       Delay        Time   Description
---------------------------------------------------------------------------------------------
                      0.150000    0.000000    0.000000   clock clk (rise edge)
                                  0.000000    0.000000   clock network delay (ideal)
                                  2.000000    2.000000 ^ input external delay
    41    0.148092    0.671801    0.458607    2.458607 ^ rst_n (in)
                                                         rst_n (net)
                      0.671801    0.000000    2.458607 ^ _215_/RESET_B (sky130_fd_sc_hd__dfrtp_2)
                                              2.458607   data arrival time

                      0.150000    0.000000    0.000000   clock clk (rise edge)
                                  0.000000    0.000000   clock network delay (ideal)
                                  0.250000    0.250000   clock uncertainty
                                  0.000000    0.250000   clock reconvergence pessimism
                                              0.250000 ^ _215_/CLK (sky130_fd_sc_hd__dfrtp_2)
                                  0.518644    0.768644   library removal time
                                              0.768644   data required time
---------------------------------------------------------------------------------------------
                                              0.768644   data required time
                                             -2.458607   data arrival time
---------------------------------------------------------------------------------------------
                                              1.689963   slack (MET)


Startpoint: rst_n (input port clocked by clk)
Endpoint: _216_ (removal check against rising-edge clock clk)
Path Group: asynchronous
Path Type: min

Fanout         Cap        Slew       Delay        Time   Description
---------------------------------------------------------------------------------------------
                      0.150000    0.000000    0.000000   clock clk (rise edge)
                                  0.000000    0.000000   clock network delay (ideal)
                                  2.000000    2.000000 ^ input external delay
    41    0.148092    0.671801    0.458607    2.458607 ^ rst_n (in)
                                                         rst_n (net)
                      0.671801    0.000000    2.458607 ^ _216_/RESET_B (sky130_fd_sc_hd__dfrtp_2)
                                              2.458607   data arrival time

                      0.150000    0.000000    0.000000   clock clk (rise edge)
                                  0.000000    0.000000   clock network delay (ideal)
                                  0.250000    0.250000   clock uncertainty
                                  0.000000    0.250000   clock reconvergence pessimism
                                              0.250000 ^ _216_/CLK (sky130_fd_sc_hd__dfrtp_2)
                                  0.518644    0.768644   library removal time
                                              0.768644   data required time
---------------------------------------------------------------------------------------------
                                              0.768644   data required time
                                             -2.458607   data arrival time
---------------------------------------------------------------------------------------------
                                              1.689963   slack (MET)


Startpoint: rst_n (input port clocked by clk)
Endpoint: _217_ (removal check against rising-edge clock clk)
Path Group: asynchronous
Path Type: min

Fanout         Cap        Slew       Delay        Time   Description
---------------------------------------------------------------------------------------------
                      0.150000    0.000000    0.000000   clock clk (rise edge)
                                  0.000000    0.000000   clock network delay (ideal)
                                  2.000000    2.000000 ^ input external delay
    41    0.148092    0.671801    0.458607    2.458607 ^ rst_n (in)
                                                         rst_n (net)
                      0.671801    0.000000    2.458607 ^ _217_/RESET_B (sky130_fd_sc_hd__dfrtp_2)
                                              2.458607   data arrival time

                      0.150000    0.000000    0.000000   clock clk (rise edge)
                                  0.000000    0.000000   clock network delay (ideal)
                                  0.250000    0.250000   clock uncertainty
                                  0.000000    0.250000   clock reconvergence pessimism
                                              0.250000 ^ _217_/CLK (sky130_fd_sc_hd__dfrtp_2)
                                  0.518644    0.768644   library removal time
                                              0.768644   data required time
---------------------------------------------------------------------------------------------
                                              0.768644   data required time
                                             -2.458607   data arrival time
---------------------------------------------------------------------------------------------
                                              1.689963   slack (MET)


Startpoint: rst_n (input port clocked by clk)
Endpoint: _218_ (removal check against rising-edge clock clk)
Path Group: asynchronous
Path Type: min

Fanout         Cap        Slew       Delay        Time   Description
---------------------------------------------------------------------------------------------
                      0.150000    0.000000    0.000000   clock clk (rise edge)
                                  0.000000    0.000000   clock network delay (ideal)
                                  2.000000    2.000000 ^ input external delay
    41    0.148092    0.671801    0.458607    2.458607 ^ rst_n (in)
                                                         rst_n (net)
                      0.671801    0.000000    2.458607 ^ _218_/RESET_B (sky130_fd_sc_hd__dfrtp_2)
                                              2.458607   data arrival time

                      0.150000    0.000000    0.000000   clock clk (rise edge)
                                  0.000000    0.000000   clock network delay (ideal)
                                  0.250000    0.250000   clock uncertainty
                                  0.000000    0.250000   clock reconvergence pessimism
                                              0.250000 ^ _218_/CLK (sky130_fd_sc_hd__dfrtp_2)
                                  0.518644    0.768644   library removal time
                                              0.768644   data required time
---------------------------------------------------------------------------------------------
                                              0.768644   data required time
                                             -2.458607   data arrival time
---------------------------------------------------------------------------------------------
                                              1.689963   slack (MET)


Startpoint: rst_n (input port clocked by clk)
Endpoint: _219_ (removal check against rising-edge clock clk)
Path Group: asynchronous
Path Type: min

Fanout         Cap        Slew       Delay        Time   Description
---------------------------------------------------------------------------------------------
                      0.150000    0.000000    0.000000   clock clk (rise edge)
                                  0.000000    0.000000   clock network delay (ideal)
                                  2.000000    2.000000 ^ input external delay
    41    0.148092    0.671801    0.458607    2.458607 ^ rst_n (in)
                                                         rst_n (net)
                      0.671801    0.000000    2.458607 ^ _219_/RESET_B (sky130_fd_sc_hd__dfrtp_2)
                                              2.458607   data arrival time

                      0.150000    0.000000    0.000000   clock clk (rise edge)
                                  0.000000    0.000000   clock network delay (ideal)
                                  0.250000    0.250000   clock uncertainty
                                  0.000000    0.250000   clock reconvergence pessimism
                                              0.250000 ^ _219_/CLK (sky130_fd_sc_hd__dfrtp_2)
                                  0.518644    0.768644   library removal time
                                              0.768644   data required time
---------------------------------------------------------------------------------------------
                                              0.768644   data required time
                                             -2.458607   data arrival time
---------------------------------------------------------------------------------------------
                                              1.689963   slack (MET)


Startpoint: rst_n (input port clocked by clk)
Endpoint: _220_ (removal check against rising-edge clock clk)
Path Group: asynchronous
Path Type: min

Fanout         Cap        Slew       Delay        Time   Description
---------------------------------------------------------------------------------------------
                      0.150000    0.000000    0.000000   clock clk (rise edge)
                                  0.000000    0.000000   clock network delay (ideal)
                                  2.000000    2.000000 ^ input external delay
    41    0.148092    0.671801    0.458607    2.458607 ^ rst_n (in)
                                                         rst_n (net)
                      0.671801    0.000000    2.458607 ^ _220_/RESET_B (sky130_fd_sc_hd__dfrtp_2)
                                              2.458607   data arrival time

                      0.150000    0.000000    0.000000   clock clk (rise edge)
                                  0.000000    0.000000   clock network delay (ideal)
                                  0.250000    0.250000   clock uncertainty
                                  0.000000    0.250000   clock reconvergence pessimism
                                              0.250000 ^ _220_/CLK (sky130_fd_sc_hd__dfrtp_2)
                                  0.518644    0.768644   library removal time
                                              0.768644   data required time
---------------------------------------------------------------------------------------------
                                              0.768644   data required time
                                             -2.458607   data arrival time
---------------------------------------------------------------------------------------------
                                              1.689963   slack (MET)


Startpoint: rst_n (input port clocked by clk)
Endpoint: _221_ (removal check against rising-edge clock clk)
Path Group: asynchronous
Path Type: min

Fanout         Cap        Slew       Delay        Time   Description
---------------------------------------------------------------------------------------------
                      0.150000    0.000000    0.000000   clock clk (rise edge)
                                  0.000000    0.000000   clock network delay (ideal)
                                  2.000000    2.000000 ^ input external delay
    41    0.148092    0.671801    0.458607    2.458607 ^ rst_n (in)
                                                         rst_n (net)
                      0.671801    0.000000    2.458607 ^ _221_/RESET_B (sky130_fd_sc_hd__dfrtp_2)
                                              2.458607   data arrival time

                      0.150000    0.000000    0.000000   clock clk (rise edge)
                                  0.000000    0.000000   clock network delay (ideal)
                                  0.250000    0.250000   clock uncertainty
                                  0.000000    0.250000   clock reconvergence pessimism
                                              0.250000 ^ _221_/CLK (sky130_fd_sc_hd__dfrtp_2)
                                  0.518644    0.768644   library removal time
                                              0.768644   data required time
---------------------------------------------------------------------------------------------
                                              0.768644   data required time
                                             -2.458607   data arrival time
---------------------------------------------------------------------------------------------
                                              1.689963   slack (MET)


Startpoint: rst_n (input port clocked by clk)
Endpoint: _222_ (removal check against rising-edge clock clk)
Path Group: asynchronous
Path Type: min

Fanout         Cap        Slew       Delay        Time   Description
---------------------------------------------------------------------------------------------
                      0.150000    0.000000    0.000000   clock clk (rise edge)
                                  0.000000    0.000000   clock network delay (ideal)
                                  2.000000    2.000000 ^ input external delay
    41    0.148092    0.671801    0.458607    2.458607 ^ rst_n (in)
                                                         rst_n (net)
                      0.671801    0.000000    2.458607 ^ _222_/RESET_B (sky130_fd_sc_hd__dfrtp_2)
                                              2.458607   data arrival time

                      0.150000    0.000000    0.000000   clock clk (rise edge)
                                  0.000000    0.000000   clock network delay (ideal)
                                  0.250000    0.250000   clock uncertainty
                                  0.000000    0.250000   clock reconvergence pessimism
                                              0.250000 ^ _222_/CLK (sky130_fd_sc_hd__dfrtp_2)
                                  0.518644    0.768644   library removal time
                                              0.768644   data required time
---------------------------------------------------------------------------------------------
                                              0.768644   data required time
                                             -2.458607   data arrival time
---------------------------------------------------------------------------------------------
                                              1.689963   slack (MET)


Startpoint: rst_n (input port clocked by clk)
Endpoint: _223_ (removal check against rising-edge clock clk)
Path Group: asynchronous
Path Type: min

Fanout         Cap        Slew       Delay        Time   Description
---------------------------------------------------------------------------------------------
                      0.150000    0.000000    0.000000   clock clk (rise edge)
                                  0.000000    0.000000   clock network delay (ideal)
                                  2.000000    2.000000 ^ input external delay
    41    0.148092    0.671801    0.458607    2.458607 ^ rst_n (in)
                                                         rst_n (net)
                      0.671801    0.000000    2.458607 ^ _223_/RESET_B (sky130_fd_sc_hd__dfrtp_2)
                                              2.458607   data arrival time

                      0.150000    0.000000    0.000000   clock clk (rise edge)
                                  0.000000    0.000000   clock network delay (ideal)
                                  0.250000    0.250000   clock uncertainty
                                  0.000000    0.250000   clock reconvergence pessimism
                                              0.250000 ^ _223_/CLK (sky130_fd_sc_hd__dfrtp_2)
                                  0.518644    0.768644   library removal time
                                              0.768644   data required time
---------------------------------------------------------------------------------------------
                                              0.768644   data required time
                                             -2.458607   data arrival time
---------------------------------------------------------------------------------------------
                                              1.689963   slack (MET)


Startpoint: rst_n (input port clocked by clk)
Endpoint: _224_ (removal check against rising-edge clock clk)
Path Group: asynchronous
Path Type: min

Fanout         Cap        Slew       Delay        Time   Description
---------------------------------------------------------------------------------------------
                      0.150000    0.000000    0.000000   clock clk (rise edge)
                                  0.000000    0.000000   clock network delay (ideal)
                                  2.000000    2.000000 ^ input external delay
    41    0.148092    0.671801    0.458607    2.458607 ^ rst_n (in)
                                                         rst_n (net)
                      0.671801    0.000000    2.458607 ^ _224_/RESET_B (sky130_fd_sc_hd__dfrtp_2)
                                              2.458607   data arrival time

                      0.150000    0.000000    0.000000   clock clk (rise edge)
                                  0.000000    0.000000   clock network delay (ideal)
                                  0.250000    0.250000   clock uncertainty
                                  0.000000    0.250000   clock reconvergence pessimism
                                              0.250000 ^ _224_/CLK (sky130_fd_sc_hd__dfrtp_2)
                                  0.518644    0.768644   library removal time
                                              0.768644   data required time
---------------------------------------------------------------------------------------------
                                              0.768644   data required time
                                             -2.458607   data arrival time
---------------------------------------------------------------------------------------------
                                              1.689963   slack (MET)


Startpoint: rst_n (input port clocked by clk)
Endpoint: _225_ (removal check against rising-edge clock clk)
Path Group: asynchronous
Path Type: min

Fanout         Cap        Slew       Delay        Time   Description
---------------------------------------------------------------------------------------------
                      0.150000    0.000000    0.000000   clock clk (rise edge)
                                  0.000000    0.000000   clock network delay (ideal)
                                  2.000000    2.000000 ^ input external delay
    41    0.148092    0.671801    0.458607    2.458607 ^ rst_n (in)
                                                         rst_n (net)
                      0.671801    0.000000    2.458607 ^ _225_/RESET_B (sky130_fd_sc_hd__dfrtp_2)
                                              2.458607   data arrival time

                      0.150000    0.000000    0.000000   clock clk (rise edge)
                                  0.000000    0.000000   clock network delay (ideal)
                                  0.250000    0.250000   clock uncertainty
                                  0.000000    0.250000   clock reconvergence pessimism
                                              0.250000 ^ _225_/CLK (sky130_fd_sc_hd__dfrtp_2)
                                  0.518644    0.768644   library removal time
                                              0.768644   data required time
---------------------------------------------------------------------------------------------
                                              0.768644   data required time
                                             -2.458607   data arrival time
---------------------------------------------------------------------------------------------
                                              1.689963   slack (MET)


Startpoint: rst_n (input port clocked by clk)
Endpoint: _226_ (removal check against rising-edge clock clk)
Path Group: asynchronous
Path Type: min

Fanout         Cap        Slew       Delay        Time   Description
---------------------------------------------------------------------------------------------
                      0.150000    0.000000    0.000000   clock clk (rise edge)
                                  0.000000    0.000000   clock network delay (ideal)
                                  2.000000    2.000000 ^ input external delay
    41    0.148092    0.671801    0.458607    2.458607 ^ rst_n (in)
                                                         rst_n (net)
                      0.671801    0.000000    2.458607 ^ _226_/RESET_B (sky130_fd_sc_hd__dfrtp_2)
                                              2.458607   data arrival time

                      0.150000    0.000000    0.000000   clock clk (rise edge)
                                  0.000000    0.000000   clock network delay (ideal)
                                  0.250000    0.250000   clock uncertainty
                                  0.000000    0.250000   clock reconvergence pessimism
                                              0.250000 ^ _226_/CLK (sky130_fd_sc_hd__dfrtp_2)
                                  0.518644    0.768644   library removal time
                                              0.768644   data required time
---------------------------------------------------------------------------------------------
                                              0.768644   data required time
                                             -2.458607   data arrival time
---------------------------------------------------------------------------------------------
                                              1.689963   slack (MET)


Startpoint: _219_ (rising edge-triggered flip-flop clocked by clk)
Endpoint: gpio_out[0] (output port clocked by clk)
Path Group: clk
Path Type: min

Fanout         Cap        Slew       Delay        Time   Description
---------------------------------------------------------------------------------------------
                      0.150000    0.000000    0.000000   clock clk (rise edge)
                                  0.000000    0.000000   clock network delay (ideal)
                      0.150000    0.000000    0.000000 ^ _219_/CLK (sky130_fd_sc_hd__dfrtp_2)
     1    0.033442    0.171856    0.484006    0.484006 ^ _219_/Q (sky130_fd_sc_hd__dfrtp_2)
                                                         gpio_out[0] (net)
                      0.171856    0.000000    0.484006 ^ gpio_out[0] (out)
                                              0.484006   data arrival time

                      0.150000    0.000000    0.000000   clock clk (rise edge)
                                  0.000000    0.000000   clock network delay (ideal)
                                  0.250000    0.250000   clock uncertainty
                                  0.000000    0.250000   clock reconvergence pessimism
                                 -2.000000   -1.750000   output external delay
                                             -1.750000   data required time
---------------------------------------------------------------------------------------------
                                             -1.750000   data required time
                                             -0.484006   data arrival time
---------------------------------------------------------------------------------------------
                                              2.234006   slack (MET)


Startpoint: _220_ (rising edge-triggered flip-flop clocked by clk)
Endpoint: gpio_out[1] (output port clocked by clk)
Path Group: clk
Path Type: min

Fanout         Cap        Slew       Delay        Time   Description
---------------------------------------------------------------------------------------------
                      0.150000    0.000000    0.000000   clock clk (rise edge)
                                  0.000000    0.000000   clock network delay (ideal)
                      0.150000    0.000000    0.000000 ^ _220_/CLK (sky130_fd_sc_hd__dfrtp_2)
     1    0.033442    0.171856    0.484006    0.484006 ^ _220_/Q (sky130_fd_sc_hd__dfrtp_2)
                                                         gpio_out[1] (net)
                      0.171856    0.000000    0.484006 ^ gpio_out[1] (out)
                                              0.484006   data arrival time

                      0.150000    0.000000    0.000000   clock clk (rise edge)
                                  0.000000    0.000000   clock network delay (ideal)
                                  0.250000    0.250000   clock uncertainty
                                  0.000000    0.250000   clock reconvergence pessimism
                                 -2.000000   -1.750000   output external delay
                                             -1.750000   data required time
---------------------------------------------------------------------------------------------
                                             -1.750000   data required time
                                             -0.484006   data arrival time
---------------------------------------------------------------------------------------------
                                              2.234006   slack (MET)


Startpoint: _221_ (rising edge-triggered flip-flop clocked by clk)
Endpoint: gpio_out[2] (output port clocked by clk)
Path Group: clk
Path Type: min

Fanout         Cap        Slew       Delay        Time   Description
---------------------------------------------------------------------------------------------
                      0.150000    0.000000    0.000000   clock clk (rise edge)
                                  0.000000    0.000000   clock network delay (ideal)
                      0.150000    0.000000    0.000000 ^ _221_/CLK (sky130_fd_sc_hd__dfrtp_2)
     1    0.033442    0.171856    0.484006    0.484006 ^ _221_/Q (sky130_fd_sc_hd__dfrtp_2)
                                                         gpio_out[2] (net)
                      0.171856    0.000000    0.484006 ^ gpio_out[2] (out)
                                              0.484006   data arrival time

                      0.150000    0.000000    0.000000   clock clk (rise edge)
                                  0.000000    0.000000   clock network delay (ideal)
                                  0.250000    0.250000   clock uncertainty
                                  0.000000    0.250000   clock reconvergence pessimism
                                 -2.000000   -1.750000   output external delay
                                             -1.750000   data required time
---------------------------------------------------------------------------------------------
                                             -1.750000   data required time
                                             -0.484006   data arrival time
---------------------------------------------------------------------------------------------
                                              2.234006   slack (MET)


Startpoint: _222_ (rising edge-triggered flip-flop clocked by clk)
Endpoint: gpio_out[3] (output port clocked by clk)
Path Group: clk
Path Type: min

Fanout         Cap        Slew       Delay        Time   Description
---------------------------------------------------------------------------------------------
                      0.150000    0.000000    0.000000   clock clk (rise edge)
                                  0.000000    0.000000   clock network delay (ideal)
                      0.150000    0.000000    0.000000 ^ _222_/CLK (sky130_fd_sc_hd__dfrtp_2)
     1    0.033442    0.171856    0.484006    0.484006 ^ _222_/Q (sky130_fd_sc_hd__dfrtp_2)
                                                         gpio_out[3] (net)
                      0.171856    0.000000    0.484006 ^ gpio_out[3] (out)
                                              0.484006   data arrival time

                      0.150000    0.000000    0.000000   clock clk (rise edge)
                                  0.000000    0.000000   clock network delay (ideal)
                                  0.250000    0.250000   clock uncertainty
                                  0.000000    0.250000   clock reconvergence pessimism
                                 -2.000000   -1.750000   output external delay
                                             -1.750000   data required time
---------------------------------------------------------------------------------------------
                                             -1.750000   data required time
                                             -0.484006   data arrival time
---------------------------------------------------------------------------------------------
                                              2.234006   slack (MET)


Startpoint: _223_ (rising edge-triggered flip-flop clocked by clk)
Endpoint: gpio_out[4] (output port clocked by clk)
Path Group: clk
Path Type: min

Fanout         Cap        Slew       Delay        Time   Description
---------------------------------------------------------------------------------------------
                      0.150000    0.000000    0.000000   clock clk (rise edge)
                                  0.000000    0.000000   clock network delay (ideal)
                      0.150000    0.000000    0.000000 ^ _223_/CLK (sky130_fd_sc_hd__dfrtp_2)
     1    0.033442    0.171856    0.484006    0.484006 ^ _223_/Q (sky130_fd_sc_hd__dfrtp_2)
                                                         gpio_out[4] (net)
                      0.171856    0.000000    0.484006 ^ gpio_out[4] (out)
                                              0.484006   data arrival time

                      0.150000    0.000000    0.000000   clock clk (rise edge)
                                  0.000000    0.000000   clock network delay (ideal)
                                  0.250000    0.250000   clock uncertainty
                                  0.000000    0.250000   clock reconvergence pessimism
                                 -2.000000   -1.750000   output external delay
                                             -1.750000   data required time
---------------------------------------------------------------------------------------------
                                             -1.750000   data required time
                                             -0.484006   data arrival time
---------------------------------------------------------------------------------------------
                                              2.234006   slack (MET)


Startpoint: _224_ (rising edge-triggered flip-flop clocked by clk)
Endpoint: gpio_out[5] (output port clocked by clk)
Path Group: clk
Path Type: min

Fanout         Cap        Slew       Delay        Time   Description
---------------------------------------------------------------------------------------------
                      0.150000    0.000000    0.000000   clock clk (rise edge)
                                  0.000000    0.000000   clock network delay (ideal)
                      0.150000    0.000000    0.000000 ^ _224_/CLK (sky130_fd_sc_hd__dfrtp_2)
     1    0.033442    0.171856    0.484006    0.484006 ^ _224_/Q (sky130_fd_sc_hd__dfrtp_2)
                                                         gpio_out[5] (net)
                      0.171856    0.000000    0.484006 ^ gpio_out[5] (out)
                                              0.484006   data arrival time

                      0.150000    0.000000    0.000000   clock clk (rise edge)
                                  0.000000    0.000000   clock network delay (ideal)
                                  0.250000    0.250000   clock uncertainty
                                  0.000000    0.250000   clock reconvergence pessimism
                                 -2.000000   -1.750000   output external delay
                                             -1.750000   data required time
---------------------------------------------------------------------------------------------
                                             -1.750000   data required time
                                             -0.484006   data arrival time
---------------------------------------------------------------------------------------------
                                              2.234006   slack (MET)


Startpoint: _225_ (rising edge-triggered flip-flop clocked by clk)
Endpoint: gpio_out[6] (output port clocked by clk)
Path Group: clk
Path Type: min

Fanout         Cap        Slew       Delay        Time   Description
---------------------------------------------------------------------------------------------
                      0.150000    0.000000    0.000000   clock clk (rise edge)
                                  0.000000    0.000000   clock network delay (ideal)
                      0.150000    0.000000    0.000000 ^ _225_/CLK (sky130_fd_sc_hd__dfrtp_2)
     1    0.033442    0.171856    0.484006    0.484006 ^ _225_/Q (sky130_fd_sc_hd__dfrtp_2)
                                                         gpio_out[6] (net)
                      0.171856    0.000000    0.484006 ^ gpio_out[6] (out)
                                              0.484006   data arrival time

                      0.150000    0.000000    0.000000   clock clk (rise edge)
                                  0.000000    0.000000   clock network delay (ideal)
                                  0.250000    0.250000   clock uncertainty
                                  0.000000    0.250000   clock reconvergence pessimism
                                 -2.000000   -1.750000   output external delay
                                             -1.750000   data required time
---------------------------------------------------------------------------------------------
                                             -1.750000   data required time
                                             -0.484006   data arrival time
---------------------------------------------------------------------------------------------
                                              2.234006   slack (MET)


Startpoint: _226_ (rising edge-triggered flip-flop clocked by clk)
Endpoint: gpio_out[7] (output port clocked by clk)
Path Group: clk
Path Type: min

Fanout         Cap        Slew       Delay        Time   Description
---------------------------------------------------------------------------------------------
                      0.150000    0.000000    0.000000   clock clk (rise edge)
                                  0.000000    0.000000   clock network delay (ideal)
                      0.150000    0.000000    0.000000 ^ _226_/CLK (sky130_fd_sc_hd__dfrtp_2)
     1    0.033442    0.171856    0.484006    0.484006 ^ _226_/Q (sky130_fd_sc_hd__dfrtp_2)
                                                         gpio_out[7] (net)
                      0.171856    0.000000    0.484006 ^ gpio_out[7] (out)
                                              0.484006   data arrival time

                      0.150000    0.000000    0.000000   clock clk (rise edge)
                                  0.000000    0.000000   clock network delay (ideal)
                                  0.250000    0.250000   clock uncertainty
                                  0.000000    0.250000   clock reconvergence pessimism
                                 -2.000000   -1.750000   output external delay
                                             -1.750000   data required time
---------------------------------------------------------------------------------------------
                                             -1.750000   data required time
                                             -0.484006   data arrival time
---------------------------------------------------------------------------------------------
                                              2.234006   slack (MET)


Startpoint: _186_ (rising edge-triggered flip-flop clocked by clk)
Endpoint: uart_tx (output port clocked by clk)
Path Group: clk
Path Type: min

Fanout         Cap        Slew       Delay        Time   Description
---------------------------------------------------------------------------------------------
                      0.150000    0.000000    0.000000   clock clk (rise edge)
                                  0.000000    0.000000   clock network delay (ideal)
                      0.150000    0.000000    0.000000 ^ _186_/CLK (sky130_fd_sc_hd__dfrtp_2)
     2    0.042818    0.213630    0.514962    0.514962 ^ _186_/Q (sky130_fd_sc_hd__dfrtp_2)
                                                         uart_tx (net)
                      0.213630    0.000000    0.514962 ^ uart_tx (out)
                                              0.514962   data arrival time

                      0.150000    0.000000    0.000000   clock clk (rise edge)
                                  0.000000    0.000000   clock network delay (ideal)
                                  0.250000    0.250000   clock uncertainty
                                  0.000000    0.250000   clock reconvergence pessimism
                                 -2.000000   -1.750000   output external delay
                                             -1.750000   data required time
---------------------------------------------------------------------------------------------
                                             -1.750000   data required time
                                             -0.514962   data arrival time
---------------------------------------------------------------------------------------------
                                              2.264962   slack (MET)


Startpoint: _214_ (rising edge-triggered flip-flop clocked by clk)
Endpoint: axi_rdata[27] (output port clocked by clk)
Path Group: clk
Path Type: min

Fanout         Cap        Slew       Delay        Time   Description
---------------------------------------------------------------------------------------------
                      0.150000    0.000000    0.000000   clock clk (rise edge)
                                  0.000000    0.000000   clock network delay (ideal)
                      0.150000    0.000000    0.000000 ^ _214_/CLK (sky130_fd_sc_hd__dfrtp_2)
     3    0.012974    0.083481    0.413715    0.413715 ^ _214_/Q (sky130_fd_sc_hd__dfrtp_2)
                                                         counter[27] (net)
                      0.083481    0.000000    0.413715 ^ _105_/A (sky130_fd_sc_hd__xor2_2)
     1    0.033442    0.101082    0.159154    0.572869 v _105_/X (sky130_fd_sc_hd__xor2_2)
                                                         axi_rdata[27] (net)
                      0.101082    0.000000    0.572869 v axi_rdata[27] (out)
                                              0.572869   data arrival time

                      0.150000    0.000000    0.000000   clock clk (rise edge)
                                  0.000000    0.000000   clock network delay (ideal)
                                  0.250000    0.250000   clock uncertainty
                                  0.000000    0.250000   clock reconvergence pessimism
                                 -2.000000   -1.750000   output external delay
                                             -1.750000   data required time
---------------------------------------------------------------------------------------------
                                             -1.750000   data required time
                                             -0.572869   data arrival time
---------------------------------------------------------------------------------------------
                                              2.322869   slack (MET)


Startpoint: _194_ (rising edge-triggered flip-flop clocked by clk)
Endpoint: axi_rdata[7] (output port clocked by clk)
Path Group: clk
Path Type: min

Fanout         Cap        Slew       Delay        Time   Description
---------------------------------------------------------------------------------------------
                      0.150000    0.000000    0.000000   clock clk (rise edge)
                                  0.000000    0.000000   clock network delay (ideal)
                      0.150000    0.000000    0.000000 ^ _194_/CLK (sky130_fd_sc_hd__dfrtp_2)
     3    0.013407    0.085350    0.415202    0.415202 ^ _194_/Q (sky130_fd_sc_hd__dfrtp_2)
                                                         counter[7] (net)
                      0.085350    0.000000    0.415202 ^ _085_/A (sky130_fd_sc_hd__xor2_2)
     1    0.033442    0.101084    0.159726    0.574927 v _085_/X (sky130_fd_sc_hd__xor2_2)
                                                         axi_rdata[7] (net)
                      0.101084    0.000000    0.574927 v axi_rdata[7] (out)
                                              0.574927   data arrival time

                      0.150000    0.000000    0.000000   clock clk (rise edge)
                                  0.000000    0.000000   clock network delay (ideal)
                                  0.250000    0.250000   clock uncertainty
                                  0.000000    0.250000   clock reconvergence pessimism
                                 -2.000000   -1.750000   output external delay
                                             -1.750000   data required time
---------------------------------------------------------------------------------------------
                                             -1.750000   data required time
                                             -0.574927   data arrival time
---------------------------------------------------------------------------------------------
                                              2.324927   slack (MET)


Startpoint: _216_ (rising edge-triggered flip-flop clocked by clk)
Endpoint: axi_rdata[29] (output port clocked by clk)
Path Group: clk
Path Type: min

Fanout         Cap        Slew       Delay        Time   Description
---------------------------------------------------------------------------------------------
                      0.150000    0.000000    0.000000   clock clk (rise edge)
                                  0.000000    0.000000   clock network delay (ideal)
                      0.150000    0.000000    0.000000 ^ _216_/CLK (sky130_fd_sc_hd__dfrtp_2)
     3    0.013421    0.085411    0.415250    0.415250 ^ _216_/Q (sky130_fd_sc_hd__dfrtp_2)
                                                         counter[29] (net)
                      0.085411    0.000000    0.415250 ^ _107_/A (sky130_fd_sc_hd__xor2_2)
     1    0.033442    0.101084    0.159744    0.574994 v _107_/X (sky130_fd_sc_hd__xor2_2)
                                                         axi_rdata[29] (net)
                      0.101084    0.000000    0.574994 v axi_rdata[29] (out)
                                              0.574994   data arrival time

                      0.150000    0.000000    0.000000   clock clk (rise edge)
                                  0.000000    0.000000   clock network delay (ideal)
                                  0.250000    0.250000   clock uncertainty
                                  0.000000    0.250000   clock reconvergence pessimism
                                 -2.000000   -1.750000   output external delay
                                             -1.750000   data required time
---------------------------------------------------------------------------------------------
                                             -1.750000   data required time
                                             -0.574994   data arrival time
---------------------------------------------------------------------------------------------
                                              2.324994   slack (MET)


Startpoint: _206_ (rising edge-triggered flip-flop clocked by clk)
Endpoint: axi_rdata[19] (output port clocked by clk)
Path Group: clk
Path Type: min

Fanout         Cap        Slew       Delay        Time   Description
---------------------------------------------------------------------------------------------
                      0.150000    0.000000    0.000000   clock clk (rise edge)
                                  0.000000    0.000000   clock network delay (ideal)
                      0.150000    0.000000    0.000000 ^ _206_/CLK (sky130_fd_sc_hd__dfrtp_2)
     3    0.013473    0.085635    0.415428    0.415428 ^ _206_/Q (sky130_fd_sc_hd__dfrtp_2)
                                                         counter[19] (net)
                      0.085635    0.000000    0.415428 ^ _097_/A (sky130_fd_sc_hd__xor2_2)
     1    0.033442    0.101085    0.159813    0.575241 v _097_/X (sky130_fd_sc_hd__xor2_2)
                                                         axi_rdata[19] (net)
                      0.101085    0.000000    0.575241 v axi_rdata[19] (out)
                                              0.575241   data arrival time

                      0.150000    0.000000    0.000000   clock clk (rise edge)
                                  0.000000    0.000000   clock network delay (ideal)
                                  0.250000    0.250000   clock uncertainty
                                  0.000000    0.250000   clock reconvergence pessimism
                                 -2.000000   -1.750000   output external delay
                                             -1.750000   data required time
---------------------------------------------------------------------------------------------
                                             -1.750000   data required time
                                             -0.575241   data arrival time
---------------------------------------------------------------------------------------------
                                              2.325241   slack (MET)


Startpoint: _190_ (rising edge-triggered flip-flop clocked by clk)
Endpoint: axi_rdata[3] (output port clocked by clk)
Path Group: clk
Path Type: min

Fanout         Cap        Slew       Delay        Time   Description
---------------------------------------------------------------------------------------------
                      0.150000    0.000000    0.000000   clock clk (rise edge)
                                  0.000000    0.000000   clock network delay (ideal)
                      0.150000    0.000000    0.000000 ^ _190_/CLK (sky130_fd_sc_hd__dfrtp_2)
     3    0.013473    0.085635    0.415428    0.415428 ^ _190_/Q (sky130_fd_sc_hd__dfrtp_2)
                                                         counter[3] (net)
                      0.085635    0.000000    0.415428 ^ _081_/A (sky130_fd_sc_hd__xor2_2)
     1    0.033442    0.101084    0.159813    0.575241 v _081_/X (sky130_fd_sc_hd__xor2_2)
                                                         axi_rdata[3] (net)
                      0.101084    0.000000    0.575241 v axi_rdata[3] (out)
                                              0.575241   data arrival time

                      0.150000    0.000000    0.000000   clock clk (rise edge)
                                  0.000000    0.000000   clock network delay (ideal)
                                  0.250000    0.250000   clock uncertainty
                                  0.000000    0.250000   clock reconvergence pessimism
                                 -2.000000   -1.750000   output external delay
                                             -1.750000   data required time
---------------------------------------------------------------------------------------------
                                             -1.750000   data required time
                                             -0.575241   data arrival time
---------------------------------------------------------------------------------------------
                                              2.325241   slack (MET)


Startpoint: _197_ (rising edge-triggered flip-flop clocked by clk)
Endpoint: axi_rdata[10] (output port clocked by clk)
Path Group: clk
Path Type: min

Fanout         Cap        Slew       Delay        Time   Description
---------------------------------------------------------------------------------------------
                      0.150000    0.000000    0.000000   clock clk (rise edge)
                                  0.000000    0.000000   clock network delay (ideal)
                      0.150000    0.000000    0.000000 ^ _197_/CLK (sky130_fd_sc_hd__dfrtp_2)
     4    0.014328    0.089327    0.418365    0.418365 ^ _197_/Q (sky130_fd_sc_hd__dfrtp_2)
                                                         counter[10] (net)
                      0.089327    0.000000    0.418365 ^ _088_/A (sky130_fd_sc_hd__xor2_2)
     1    0.033442    0.101089    0.160941    0.579306 v _088_/X (sky130_fd_sc_hd__xor2_2)
                                                         axi_rdata[10] (net)
                      0.101089    0.000000    0.579306 v axi_rdata[10] (out)
                                              0.579306   data arrival time

                      0.150000    0.000000    0.000000   clock clk (rise edge)
                                  0.000000    0.000000   clock network delay (ideal)
                                  0.250000    0.250000   clock uncertainty
                                  0.000000    0.250000   clock reconvergence pessimism
                                 -2.000000   -1.750000   output external delay
                                             -1.750000   data required time
---------------------------------------------------------------------------------------------
                                             -1.750000   data required time
                                             -0.579306   data arrival time
---------------------------------------------------------------------------------------------
                                              2.329306   slack (MET)


Startpoint: _213_ (rising edge-triggered flip-flop clocked by clk)
Endpoint: axi_rdata[26] (output port clocked by clk)
Path Group: clk
Path Type: min

Fanout         Cap        Slew       Delay        Time   Description
---------------------------------------------------------------------------------------------
                      0.150000    0.000000    0.000000   clock clk (rise edge)
                                  0.000000    0.000000   clock network delay (ideal)
                      0.150000    0.000000    0.000000 ^ _213_/CLK (sky130_fd_sc_hd__dfrtp_2)
     4    0.014982    0.092151    0.420611    0.420611 ^ _213_/Q (sky130_fd_sc_hd__dfrtp_2)
                                                         counter[26] (net)
                      0.092151    0.000000    0.420611 ^ _104_/A (sky130_fd_sc_hd__xor2_2)
     1    0.033442    0.101090    0.161804    0.582415 v _104_/X (sky130_fd_sc_hd__xor2_2)
                                                         axi_rdata[26] (net)
                      0.101090    0.000000    0.582415 v axi_rdata[26] (out)
                                              0.582415   data arrival time

                      0.150000    0.000000    0.000000   clock clk (rise edge)
                                  0.000000    0.000000   clock network delay (ideal)
                                  0.250000    0.250000   clock uncertainty
                                  0.000000    0.250000   clock reconvergence pessimism
                                 -2.000000   -1.750000   output external delay
                                             -1.750000   data required time
---------------------------------------------------------------------------------------------
                                             -1.750000   data required time
                                             -0.582415   data arrival time
---------------------------------------------------------------------------------------------
                                              2.332415   slack (MET)


Startpoint: _193_ (rising edge-triggered flip-flop clocked by clk)
Endpoint: axi_rdata[6] (output port clocked by clk)
Path Group: clk
Path Type: min

Fanout         Cap        Slew       Delay        Time   Description
---------------------------------------------------------------------------------------------
                      0.150000    0.000000    0.000000   clock clk (rise edge)
                                  0.000000    0.000000   clock network delay (ideal)
                      0.150000    0.000000    0.000000 ^ _193_/CLK (sky130_fd_sc_hd__dfrtp_2)
     4    0.014982    0.092151    0.420611    0.420611 ^ _193_/Q (sky130_fd_sc_hd__dfrtp_2)
                                                         counter[6] (net)
                      0.092151    0.000000    0.420611 ^ _084_/A (sky130_fd_sc_hd__xor2_2)
     1    0.033442    0.101090    0.161804    0.582415 v _084_/X (sky130_fd_sc_hd__xor2_2)
                                                         axi_rdata[6] (net)
                      0.101090    0.000000    0.582415 v axi_rdata[6] (out)
                                              0.582415   data arrival time

                      0.150000    0.000000    0.000000   clock clk (rise edge)
                                  0.000000    0.000000   clock network delay (ideal)
                                  0.250000    0.250000   clock uncertainty
                                  0.000000    0.250000   clock reconvergence pessimism
                                 -2.000000   -1.750000   output external delay
                                             -1.750000   data required time
---------------------------------------------------------------------------------------------
                                             -1.750000   data required time
                                             -0.582415   data arrival time
---------------------------------------------------------------------------------------------
                                              2.332415   slack (MET)


Startpoint: _210_ (rising edge-triggered flip-flop clocked by clk)
Endpoint: axi_rdata[23] (output port clocked by clk)
Path Group: clk
Path Type: min

Fanout         Cap        Slew       Delay        Time   Description
---------------------------------------------------------------------------------------------
                      0.150000    0.000000    0.000000   clock clk (rise edge)
                                  0.000000    0.000000   clock network delay (ideal)
                      0.150000    0.000000    0.000000 ^ _210_/CLK (sky130_fd_sc_hd__dfrtp_2)
     4    0.015024    0.092332    0.420755    0.420755 ^ _210_/Q (sky130_fd_sc_hd__dfrtp_2)
                                                         counter[23] (net)
                      0.092332    0.000000    0.420755 ^ _101_/A (sky130_fd_sc_hd__xor2_2)
     1    0.033442    0.101090    0.161860    0.582614 v _101_/X (sky130_fd_sc_hd__xor2_2)
                                                         axi_rdata[23] (net)
                      0.101090    0.000000    0.582614 v axi_rdata[23] (out)
                                              0.582614   data arrival time

                      0.150000    0.000000    0.000000   clock clk (rise edge)
                                  0.000000    0.000000   clock network delay (ideal)
                                  0.250000    0.250000   clock uncertainty
                                  0.000000    0.250000   clock reconvergence pessimism
                                 -2.000000   -1.750000   output external delay
                                             -1.750000   data required time
---------------------------------------------------------------------------------------------
                                             -1.750000   data required time
                                             -0.582614   data arrival time
---------------------------------------------------------------------------------------------
                                              2.332614   slack (MET)


Startpoint: _202_ (rising edge-triggered flip-flop clocked by clk)
Endpoint: axi_rdata[15] (output port clocked by clk)
Path Group: clk
Path Type: min

Fanout         Cap        Slew       Delay        Time   Description
---------------------------------------------------------------------------------------------
                      0.150000    0.000000    0.000000   clock clk (rise edge)
                                  0.000000    0.000000   clock network delay (ideal)
                      0.150000    0.000000    0.000000 ^ _202_/CLK (sky130_fd_sc_hd__dfrtp_2)
     4    0.015478    0.094292    0.422314    0.422314 ^ _202_/Q (sky130_fd_sc_hd__dfrtp_2)
                                                         counter[15] (net)
                      0.094292    0.000000    0.422314 ^ _093_/A (sky130_fd_sc_hd__xor2_2)
     1    0.033442    0.101092    0.162459    0.584773 v _093_/X (sky130_fd_sc_hd__xor2_2)
                                                         axi_rdata[15] (net)
                      0.101092    0.000000    0.584773 v axi_rdata[15] (out)
                                              0.584773   data arrival time

                      0.150000    0.000000    0.000000   clock clk (rise edge)
                                  0.000000    0.000000   clock network delay (ideal)
                                  0.250000    0.250000   clock uncertainty
                                  0.000000    0.250000   clock reconvergence pessimism
                                 -2.000000   -1.750000   output external delay
                                             -1.750000   data required time
---------------------------------------------------------------------------------------------
                                             -1.750000   data required time
                                             -0.584773   data arrival time
---------------------------------------------------------------------------------------------
                                              2.334773   slack (MET)


Startpoint: _215_ (rising edge-triggered flip-flop clocked by clk)
Endpoint: axi_rdata[28] (output port clocked by clk)
Path Group: clk
Path Type: min

Fanout         Cap        Slew       Delay        Time   Description
---------------------------------------------------------------------------------------------
                      0.150000    0.000000    0.000000   clock clk (rise edge)
                                  0.000000    0.000000   clock network delay (ideal)
                      0.150000    0.000000    0.000000 ^ _215_/CLK (sky130_fd_sc_hd__dfrtp_2)
     4    0.017013    0.100920    0.427585    0.427585 ^ _215_/Q (sky130_fd_sc_hd__dfrtp_2)
                                                         counter[28] (net)
                      0.100920    0.000000    0.427585 ^ _106_/A (sky130_fd_sc_hd__xor2_2)
     1    0.033442    0.101097    0.164485    0.592070 v _106_/X (sky130_fd_sc_hd__xor2_2)
                                                         axi_rdata[28] (net)
                      0.101097    0.000000    0.592070 v axi_rdata[28] (out)
                                              0.592070   data arrival time

                      0.150000    0.000000    0.000000   clock clk (rise edge)
                                  0.000000    0.000000   clock network delay (ideal)
                                  0.250000    0.250000   clock uncertainty
                                  0.000000    0.250000   clock reconvergence pessimism
                                 -2.000000   -1.750000   output external delay
                                             -1.750000   data required time
---------------------------------------------------------------------------------------------
                                             -1.750000   data required time
                                             -0.592070   data arrival time
---------------------------------------------------------------------------------------------
                                              2.342070   slack (MET)


Startpoint: _208_ (rising edge-triggered flip-flop clocked by clk)
Endpoint: axi_rdata[21] (output port clocked by clk)
Path Group: clk
Path Type: min

Fanout         Cap        Slew       Delay        Time   Description
---------------------------------------------------------------------------------------------
                      0.150000    0.000000    0.000000   clock clk (rise edge)
                                  0.000000    0.000000   clock network delay (ideal)
                      0.150000    0.000000    0.000000 ^ _208_/CLK (sky130_fd_sc_hd__dfrtp_2)
     4    0.017071    0.101170    0.427785    0.427785 ^ _208_/Q (sky130_fd_sc_hd__dfrtp_2)
                                                         counter[21] (net)
                      0.101170    0.000000    0.427785 ^ _099_/A (sky130_fd_sc_hd__xor2_2)
     1    0.033442    0.101097    0.164561    0.592346 v _099_/X (sky130_fd_sc_hd__xor2_2)
                                                         axi_rdata[21] (net)
                      0.101097    0.000000    0.592346 v axi_rdata[21] (out)
                                              0.592346   data arrival time

                      0.150000    0.000000    0.000000   clock clk (rise edge)
                                  0.000000    0.000000   clock network delay (ideal)
                                  0.250000    0.250000   clock uncertainty
                                  0.000000    0.250000   clock reconvergence pessimism
                                 -2.000000   -1.750000   output external delay
                                             -1.750000   data required time
---------------------------------------------------------------------------------------------
                                             -1.750000   data required time
                                             -0.592346   data arrival time
---------------------------------------------------------------------------------------------
                                              2.342346   slack (MET)


Startpoint: _205_ (rising edge-triggered flip-flop clocked by clk)
Endpoint: axi_rdata[18] (output port clocked by clk)
Path Group: clk
Path Type: min

Fanout         Cap        Slew       Delay        Time   Description
---------------------------------------------------------------------------------------------
                      0.150000    0.000000    0.000000   clock clk (rise edge)
                                  0.000000    0.000000   clock network delay (ideal)
                      0.150000    0.000000    0.000000 ^ _205_/CLK (sky130_fd_sc_hd__dfrtp_2)
     4    0.017186    0.101667    0.428180    0.428180 ^ _205_/Q (sky130_fd_sc_hd__dfrtp_2)
                                                         counter[18] (net)
                      0.101667    0.000000    0.428180 ^ _096_/A (sky130_fd_sc_hd__xor2_2)
     1    0.033442    0.101097    0.164713    0.592892 v _096_/X (sky130_fd_sc_hd__xor2_2)
                                                         axi_rdata[18] (net)
                      0.101097    0.000000    0.592892 v axi_rdata[18] (out)
                                              0.592892   data arrival time

                      0.150000    0.000000    0.000000   clock clk (rise edge)
                                  0.000000    0.000000   clock network delay (ideal)
                                  0.250000    0.250000   clock uncertainty
                                  0.000000    0.250000   clock reconvergence pessimism
                                 -2.000000   -1.750000   output external delay
                                             -1.750000   data required time
---------------------------------------------------------------------------------------------
                                             -1.750000   data required time
                                             -0.592892   data arrival time
---------------------------------------------------------------------------------------------
                                              2.342892   slack (MET)


Startpoint: _209_ (rising edge-triggered flip-flop clocked by clk)
Endpoint: axi_rdata[22] (output port clocked by clk)
Path Group: clk
Path Type: min

Fanout         Cap        Slew       Delay        Time   Description
---------------------------------------------------------------------------------------------
                      0.150000    0.000000    0.000000   clock clk (rise edge)
                                  0.000000    0.000000   clock network delay (ideal)
                      0.150000    0.000000    0.000000 ^ _209_/CLK (sky130_fd_sc_hd__dfrtp_2)
     5    0.018575    0.107664    0.432950    0.432950 ^ _209_/Q (sky130_fd_sc_hd__dfrtp_2)
                                                         counter[22] (net)
                      0.107664    0.000000    0.432950 ^ _100_/A (sky130_fd_sc_hd__xor2_2)
     1    0.033442    0.101102    0.166546    0.599496 v _100_/X (sky130_fd_sc_hd__xor2_2)
                                                         axi_rdata[22] (net)
                      0.101102    0.000000    0.599496 v axi_rdata[22] (out)
                                              0.599496   data arrival time

                      0.150000    0.000000    0.000000   clock clk (rise edge)
                                  0.000000    0.000000   clock network delay (ideal)
                                  0.250000    0.250000   clock uncertainty
                                  0.000000    0.250000   clock reconvergence pessimism
                                 -2.000000   -1.750000   output external delay
                                             -1.750000   data required time
---------------------------------------------------------------------------------------------
                                             -1.750000   data required time
                                             -0.599496   data arrival time
---------------------------------------------------------------------------------------------
                                              2.349496   slack (MET)


Startpoint: _212_ (rising edge-triggered flip-flop clocked by clk)
Endpoint: axi_rdata[25] (output port clocked by clk)
Path Group: clk
Path Type: min

Fanout         Cap        Slew       Delay        Time   Description
---------------------------------------------------------------------------------------------
                      0.150000    0.000000    0.000000   clock clk (rise edge)
                                  0.000000    0.000000   clock network delay (ideal)
                      0.150000    0.000000    0.000000 ^ _212_/CLK (sky130_fd_sc_hd__dfrtp_2)
     5    0.018720    0.108290    0.433448    0.433448 ^ _212_/Q (sky130_fd_sc_hd__dfrtp_2)
                                                         counter[25] (net)
                      0.108290    0.000000    0.433448 ^ _103_/A (sky130_fd_sc_hd__xor2_2)
     1    0.033442    0.101103    0.166737    0.600185 v _103_/X (sky130_fd_sc_hd__xor2_2)
                                                         axi_rdata[25] (net)
                      0.101103    0.000000    0.600185 v axi_rdata[25] (out)
                                              0.600185   data arrival time

                      0.150000    0.000000    0.000000   clock clk (rise edge)
                                  0.000000    0.000000   clock network delay (ideal)
                                  0.250000    0.250000   clock uncertainty
                                  0.000000    0.250000   clock reconvergence pessimism
                                 -2.000000   -1.750000   output external delay
                                             -1.750000   data required time
---------------------------------------------------------------------------------------------
                                             -1.750000   data required time
                                             -0.600185   data arrival time
---------------------------------------------------------------------------------------------
                                              2.350185   slack (MET)


Startpoint: _218_ (rising edge-triggered flip-flop clocked by clk)
Endpoint: axi_rdata[31] (output port clocked by clk)
Path Group: clk
Path Type: min

Fanout         Cap        Slew       Delay        Time   Description
---------------------------------------------------------------------------------------------
                      0.150000    0.000000    0.000000   clock clk (rise edge)
                                  0.000000    0.000000   clock network delay (ideal)
                      0.150000    0.000000    0.000000 ^ _218_/CLK (sky130_fd_sc_hd__dfrtp_2)
     2    0.018752    0.108429    0.433557    0.433557 ^ _218_/Q (sky130_fd_sc_hd__dfrtp_2)
                                                         counter[31] (net)
                      0.108429    0.000000    0.433557 ^ _109_/A (sky130_fd_sc_hd__xor2_2)
     1    0.033442    0.101103    0.166780    0.600337 v _109_/X (sky130_fd_sc_hd__xor2_2)
                                                         axi_rdata[31] (net)
                      0.101103    0.000000    0.600337 v axi_rdata[31] (out)
                                              0.600337   data arrival time

                      0.150000    0.000000    0.000000   clock clk (rise edge)
                                  0.000000    0.000000   clock network delay (ideal)
                                  0.250000    0.250000   clock uncertainty
                                  0.000000    0.250000   clock reconvergence pessimism
                                 -2.000000   -1.750000   output external delay
                                             -1.750000   data required time
---------------------------------------------------------------------------------------------
                                             -1.750000   data required time
                                             -0.600337   data arrival time
---------------------------------------------------------------------------------------------
                                              2.350337   slack (MET)


Startpoint: _188_ (rising edge-triggered flip-flop clocked by clk)
Endpoint: axi_rdata[1] (output port clocked by clk)
Path Group: clk
Path Type: min

Fanout         Cap        Slew       Delay        Time   Description
---------------------------------------------------------------------------------------------
                      0.150000    0.000000    0.000000   clock clk (rise edge)
                                  0.000000    0.000000   clock network delay (ideal)
                      0.150000    0.000000    0.000000 ^ _188_/CLK (sky130_fd_sc_hd__dfrtp_2)
     5    0.019489    0.111611    0.436088    0.436088 ^ _188_/Q (sky130_fd_sc_hd__dfrtp_2)
                                                         counter[1] (net)
                      0.111611    0.000000    0.436088 ^ _079_/A (sky130_fd_sc_hd__xor2_2)
     1    0.033442    0.101105    0.167752    0.603841 v _079_/X (sky130_fd_sc_hd__xor2_2)
                                                         axi_rdata[1] (net)
                      0.101105    0.000000    0.603841 v axi_rdata[1] (out)
                                              0.603841   data arrival time

                      0.150000    0.000000    0.000000   clock clk (rise edge)
                                  0.000000    0.000000   clock network delay (ideal)
                                  0.250000    0.250000   clock uncertainty
                                  0.000000    0.250000   clock reconvergence pessimism
                                 -2.000000   -1.750000   output external delay
                                             -1.750000   data required time
---------------------------------------------------------------------------------------------
                                             -1.750000   data required time
                                             -0.603841   data arrival time
---------------------------------------------------------------------------------------------
                                              2.353841   slack (MET)


Startpoint: _196_ (rising edge-triggered flip-flop clocked by clk)
Endpoint: axi_rdata[9] (output port clocked by clk)
Path Group: clk
Path Type: min

Fanout         Cap        Slew       Delay        Time   Description
---------------------------------------------------------------------------------------------
                      0.150000    0.000000    0.000000   clock clk (rise edge)
                                  0.000000    0.000000   clock network delay (ideal)
                      0.150000    0.000000    0.000000 ^ _196_/CLK (sky130_fd_sc_hd__dfrtp_2)
     5    0.020047    0.114020    0.438005    0.438005 ^ _196_/Q (sky130_fd_sc_hd__dfrtp_2)
                                                         counter[9] (net)
                      0.114020    0.000000    0.438005 ^ _087_/A (sky130_fd_sc_hd__xor2_2)
     1    0.033442    0.101107    0.168489    0.606493 v _087_/X (sky130_fd_sc_hd__xor2_2)
                                                         axi_rdata[9] (net)
                      0.101107    0.000000    0.606493 v axi_rdata[9] (out)
                                              0.606493   data arrival time

                      0.150000    0.000000    0.000000   clock clk (rise edge)
                                  0.000000    0.000000   clock network delay (ideal)
                                  0.250000    0.250000   clock uncertainty
                                  0.000000    0.250000   clock reconvergence pessimism
                                 -2.000000   -1.750000   output external delay
                                             -1.750000   data required time
---------------------------------------------------------------------------------------------
                                             -1.750000   data required time
                                             -0.606493   data arrival time
---------------------------------------------------------------------------------------------
                                              2.356493   slack (MET)


Startpoint: _217_ (rising edge-triggered flip-flop clocked by clk)
Endpoint: axi_rdata[30] (output port clocked by clk)
Path Group: clk
Path Type: min

Fanout         Cap        Slew       Delay        Time   Description
---------------------------------------------------------------------------------------------
                      0.150000    0.000000    0.000000   clock clk (rise edge)
                                  0.000000    0.000000   clock network delay (ideal)
                      0.150000    0.000000    0.000000 ^ _217_/CLK (sky130_fd_sc_hd__dfrtp_2)
     3    0.020262    0.114948    0.438743    0.438743 ^ _217_/Q (sky130_fd_sc_hd__dfrtp_2)
                                                         counter[30] (net)
                      0.114948    0.000000    0.438743 ^ _108_/A (sky130_fd_sc_hd__xor2_2)
     1    0.033442    0.101108    0.168772    0.607516 v _108_/X (sky130_fd_sc_hd__xor2_2)
                                                         axi_rdata[30] (net)
                      0.101108    0.000000    0.607516 v axi_rdata[30] (out)
                                              0.607516   data arrival time

                      0.150000    0.000000    0.000000   clock clk (rise edge)
                                  0.000000    0.000000   clock network delay (ideal)
                                  0.250000    0.250000   clock uncertainty
                                  0.000000    0.250000   clock reconvergence pessimism
                                 -2.000000   -1.750000   output external delay
                                             -1.750000   data required time
---------------------------------------------------------------------------------------------
                                             -1.750000   data required time
                                             -0.607516   data arrival time
---------------------------------------------------------------------------------------------
                                              2.357516   slack (MET)


Startpoint: _200_ (rising edge-triggered flip-flop clocked by clk)
Endpoint: axi_rdata[13] (output port clocked by clk)
Path Group: clk
Path Type: min

Fanout         Cap        Slew       Delay        Time   Description
---------------------------------------------------------------------------------------------
                      0.150000    0.000000    0.000000   clock clk (rise edge)
                                  0.000000    0.000000   clock network delay (ideal)
                      0.150000    0.000000    0.000000 ^ _200_/CLK (sky130_fd_sc_hd__dfrtp_2)
     6    0.020725    0.116947    0.440333    0.440333 ^ _200_/Q (sky130_fd_sc_hd__dfrtp_2)
                                                         counter[13] (net)
                      0.116947    0.000000    0.440333 ^ _091_/A (sky130_fd_sc_hd__xor2_2)
     1    0.033442    0.101110    0.169384    0.609717 v _091_/X (sky130_fd_sc_hd__xor2_2)
                                                         axi_rdata[13] (net)
                      0.101110    0.000000    0.609717 v axi_rdata[13] (out)
                                              0.609717   data arrival time

                      0.150000    0.000000    0.000000   clock clk (rise edge)
                                  0.000000    0.000000   clock network delay (ideal)
                                  0.250000    0.250000   clock uncertainty
                                  0.000000    0.250000   clock reconvergence pessimism
                                 -2.000000   -1.750000   output external delay
                                             -1.750000   data required time
---------------------------------------------------------------------------------------------
                                             -1.750000   data required time
                                             -0.609717   data arrival time
---------------------------------------------------------------------------------------------
                                              2.359716   slack (MET)


Startpoint: _189_ (rising edge-triggered flip-flop clocked by clk)
Endpoint: axi_rdata[2] (output port clocked by clk)
Path Group: clk
Path Type: min

Fanout         Cap        Slew       Delay        Time   Description
---------------------------------------------------------------------------------------------
                      0.150000    0.000000    0.000000   clock clk (rise edge)
                                  0.000000    0.000000   clock network delay (ideal)
                      0.150000    0.000000    0.000000 ^ _189_/CLK (sky130_fd_sc_hd__dfrtp_2)
     4    0.022474    0.124499    0.446340    0.446340 ^ _189_/Q (sky130_fd_sc_hd__dfrtp_2)
                                                         counter[2] (net)
                      0.124499    0.000000    0.446340 ^ _080_/A (sky130_fd_sc_hd__xor2_2)
     1    0.033442    0.101116    0.171650    0.617990 v _080_/X (sky130_fd_sc_hd__xor2_2)
                                                         axi_rdata[2] (net)
                      0.101116    0.000000    0.617990 v axi_rdata[2] (out)
                                              0.617990   data arrival time

                      0.150000    0.000000    0.000000   clock clk (rise edge)
                                  0.000000    0.000000   clock network delay (ideal)
                                  0.250000    0.250000   clock uncertainty
                                  0.000000    0.250000   clock reconvergence pessimism
                                 -2.000000   -1.750000   output external delay
                                             -1.750000   data required time
---------------------------------------------------------------------------------------------
                                             -1.750000   data required time
                                             -0.617990   data arrival time
---------------------------------------------------------------------------------------------
                                              2.367990   slack (MET)


Startpoint: _198_ (rising edge-triggered flip-flop clocked by clk)
Endpoint: axi_rdata[11] (output port clocked by clk)
Path Group: clk
Path Type: min

Fanout         Cap        Slew       Delay        Time   Description
---------------------------------------------------------------------------------------------
                      0.150000    0.000000    0.000000   clock clk (rise edge)
                                  0.000000    0.000000   clock network delay (ideal)
                      0.150000    0.000000    0.000000 ^ _198_/CLK (sky130_fd_sc_hd__dfrtp_2)
     8    0.023452    0.128722    0.449698    0.449698 ^ _198_/Q (sky130_fd_sc_hd__dfrtp_2)
                                                         counter[11] (net)
                      0.128722    0.000000    0.449698 ^ _089_/A (sky130_fd_sc_hd__xor2_2)
     1    0.033442    0.101121    0.172854    0.622553 v _089_/X (sky130_fd_sc_hd__xor2_2)
                                                         axi_rdata[11] (net)
                      0.101121    0.000000    0.622553 v axi_rdata[11] (out)
                                              0.622553   data arrival time

                      0.150000    0.000000    0.000000   clock clk (rise edge)
                                  0.000000    0.000000   clock network delay (ideal)
                                  0.250000    0.250000   clock uncertainty
                                  0.000000    0.250000   clock reconvergence pessimism
                                 -2.000000   -1.750000   output external delay
                                             -1.750000   data required time
---------------------------------------------------------------------------------------------
                                             -1.750000   data required time
                                             -0.622553   data arrival time
---------------------------------------------------------------------------------------------
                                              2.372552   slack (MET)


Startpoint: _201_ (rising edge-triggered flip-flop clocked by clk)
Endpoint: axi_rdata[14] (output port clocked by clk)
Path Group: clk
Path Type: min

Fanout         Cap        Slew       Delay        Time   Description
---------------------------------------------------------------------------------------------
                      0.150000    0.000000    0.000000   clock clk (rise edge)
                                  0.000000    0.000000   clock network delay (ideal)
                      0.150000    0.000000    0.000000 ^ _201_/CLK (sky130_fd_sc_hd__dfrtp_2)
     5    0.023859    0.130479    0.451096    0.451096 ^ _201_/Q (sky130_fd_sc_hd__dfrtp_2)
                                                         counter[14] (net)
                      0.130479    0.000000    0.451096 ^ _092_/A (sky130_fd_sc_hd__xor2_2)
     1    0.033442    0.101121    0.173356    0.624451 v _092_/X (sky130_fd_sc_hd__xor2_2)
                                                         axi_rdata[14] (net)
                      0.101121    0.000000    0.624451 v axi_rdata[14] (out)
                                              0.624451   data arrival time

                      0.150000    0.000000    0.000000   clock clk (rise edge)
                                  0.000000    0.000000   clock network delay (ideal)
                                  0.250000    0.250000   clock uncertainty
                                  0.000000    0.250000   clock reconvergence pessimism
                                 -2.000000   -1.750000   output external delay
                                             -1.750000   data required time
---------------------------------------------------------------------------------------------
                                             -1.750000   data required time
                                             -0.624451   data arrival time
---------------------------------------------------------------------------------------------
                                              2.374451   slack (MET)


Startpoint: _192_ (rising edge-triggered flip-flop clocked by clk)
Endpoint: axi_rdata[5] (output port clocked by clk)
Path Group: clk
Path Type: min

Fanout         Cap        Slew       Delay        Time   Description
---------------------------------------------------------------------------------------------
                      0.150000    0.000000    0.000000   clock clk (rise edge)
                                  0.000000    0.000000   clock network delay (ideal)
                      0.150000    0.000000    0.000000 ^ _192_/CLK (sky130_fd_sc_hd__dfrtp_2)
     5    0.023963    0.130928    0.451453    0.451453 ^ _192_/Q (sky130_fd_sc_hd__dfrtp_2)
                                                         counter[5] (net)
                      0.130928    0.000000    0.451453 ^ _083_/A (sky130_fd_sc_hd__xor2_2)
     1    0.033442    0.101121    0.173484    0.624937 v _083_/X (sky130_fd_sc_hd__xor2_2)
                                                         axi_rdata[5] (net)
                      0.101121    0.000000    0.624937 v axi_rdata[5] (out)
                                              0.624937   data arrival time

                      0.150000    0.000000    0.000000   clock clk (rise edge)
                                  0.000000    0.000000   clock network delay (ideal)
                                  0.250000    0.250000   clock uncertainty
                                  0.000000    0.250000   clock reconvergence pessimism
                                 -2.000000   -1.750000   output external delay
                                             -1.750000   data required time
---------------------------------------------------------------------------------------------
                                             -1.750000   data required time
                                             -0.624937   data arrival time
---------------------------------------------------------------------------------------------
                                              2.374937   slack (MET)


Startpoint: _187_ (rising edge-triggered flip-flop clocked by clk)
Endpoint: axi_rdata[0] (output port clocked by clk)
Path Group: clk
Path Type: min

Fanout         Cap        Slew       Delay        Time   Description
---------------------------------------------------------------------------------------------
                      0.150000    0.000000    0.000000   clock clk (rise edge)
                                  0.000000    0.000000   clock network delay (ideal)
                      0.150000    0.000000    0.000000 ^ _187_/CLK (sky130_fd_sc_hd__dfrtp_2)
     6    0.024113    0.131576    0.451968    0.451968 ^ _187_/Q (sky130_fd_sc_hd__dfrtp_2)
                                                         counter[0] (net)
                      0.131576    0.000000    0.451968 ^ _078_/A (sky130_fd_sc_hd__xor2_2)
     1    0.033442    0.101122    0.173668    0.625636 v _078_/X (sky130_fd_sc_hd__xor2_2)
                                                         axi_rdata[0] (net)
                      0.101122    0.000000    0.625636 v axi_rdata[0] (out)
                                              0.625636   data arrival time

                      0.150000    0.000000    0.000000   clock clk (rise edge)
                                  0.000000    0.000000   clock network delay (ideal)
                                  0.250000    0.250000   clock uncertainty
                                  0.000000    0.250000   clock reconvergence pessimism
                                 -2.000000   -1.750000   output external delay
                                             -1.750000   data required time
---------------------------------------------------------------------------------------------
                                             -1.750000   data required time
                                             -0.625636   data arrival time
---------------------------------------------------------------------------------------------
                                              2.375636   slack (MET)


Startpoint: _204_ (rising edge-triggered flip-flop clocked by clk)
Endpoint: axi_rdata[17] (output port clocked by clk)
Path Group: clk
Path Type: min

Fanout         Cap        Slew       Delay        Time   Description
---------------------------------------------------------------------------------------------
                      0.150000    0.000000    0.000000   clock clk (rise edge)
                                  0.000000    0.000000   clock network delay (ideal)
                      0.150000    0.000000    0.000000 ^ _204_/CLK (sky130_fd_sc_hd__dfrtp_2)
     5    0.026037    0.139883    0.458576    0.458576 ^ _204_/Q (sky130_fd_sc_hd__dfrtp_2)
                                                         counter[17] (net)
                      0.139883    0.000000    0.458576 ^ _095_/A (sky130_fd_sc_hd__xor2_2)
     1    0.033442    0.101128    0.176037    0.634613 v _095_/X (sky130_fd_sc_hd__xor2_2)
                                                         axi_rdata[17] (net)
                      0.101128    0.000000    0.634613 v axi_rdata[17] (out)
                                              0.634613   data arrival time

                      0.150000    0.000000    0.000000   clock clk (rise edge)
                                  0.000000    0.000000   clock network delay (ideal)
                                  0.250000    0.250000   clock uncertainty
                                  0.000000    0.250000   clock reconvergence pessimism
                                 -2.000000   -1.750000   output external delay
                                             -1.750000   data required time
---------------------------------------------------------------------------------------------
                                             -1.750000   data required time
                                             -0.634613   data arrival time
---------------------------------------------------------------------------------------------
                                              2.384613   slack (MET)


Startpoint: _207_ (rising edge-triggered flip-flop clocked by clk)
Endpoint: axi_rdata[20] (output port clocked by clk)
Path Group: clk
Path Type: min

Fanout         Cap        Slew       Delay        Time   Description
---------------------------------------------------------------------------------------------
                      0.150000    0.000000    0.000000   clock clk (rise edge)
                                  0.000000    0.000000   clock network delay (ideal)
                      0.150000    0.000000    0.000000 ^ _207_/CLK (sky130_fd_sc_hd__dfrtp_2)
     5    0.026288    0.140967    0.459437    0.459437 ^ _207_/Q (sky130_fd_sc_hd__dfrtp_2)
                                                         counter[20] (net)
                      0.140967    0.000000    0.459437 ^ _098_/A (sky130_fd_sc_hd__xor2_2)
     1    0.033442    0.101129    0.176346    0.635784 v _098_/X (sky130_fd_sc_hd__xor2_2)
                                                         axi_rdata[20] (net)
                      0.101129    0.000000    0.635784 v axi_rdata[20] (out)
                                              0.635784   data arrival time

                      0.150000    0.000000    0.000000   clock clk (rise edge)
                                  0.000000    0.000000   clock network delay (ideal)
                                  0.250000    0.250000   clock uncertainty
                                  0.000000    0.250000   clock reconvergence pessimism
                                 -2.000000   -1.750000   output external delay
                                             -1.750000   data required time
---------------------------------------------------------------------------------------------
                                             -1.750000   data required time
                                             -0.635784   data arrival time
---------------------------------------------------------------------------------------------
                                              2.385784   slack (MET)


Startpoint: _211_ (rising edge-triggered flip-flop clocked by clk)
Endpoint: axi_rdata[24] (output port clocked by clk)
Path Group: clk
Path Type: min

Fanout         Cap        Slew       Delay        Time   Description
---------------------------------------------------------------------------------------------
                      0.150000    0.000000    0.000000   clock clk (rise edge)
                                  0.000000    0.000000   clock network delay (ideal)
                      0.150000    0.000000    0.000000 ^ _211_/CLK (sky130_fd_sc_hd__dfrtp_2)
     6    0.027825    0.147603    0.464716    0.464716 ^ _211_/Q (sky130_fd_sc_hd__dfrtp_2)
                                                         counter[24] (net)
                      0.147603    0.000000    0.464716 ^ _102_/A (sky130_fd_sc_hd__xor2_2)
     1    0.033442    0.101135    0.178239    0.642955 v _102_/X (sky130_fd_sc_hd__xor2_2)
                                                         axi_rdata[24] (net)
                      0.101135    0.000000    0.642955 v axi_rdata[24] (out)
                                              0.642955   data arrival time

                      0.150000    0.000000    0.000000   clock clk (rise edge)
                                  0.000000    0.000000   clock network delay (ideal)
                                  0.250000    0.250000   clock uncertainty
                                  0.000000    0.250000   clock reconvergence pessimism
                                 -2.000000   -1.750000   output external delay
                                             -1.750000   data required time
---------------------------------------------------------------------------------------------
                                             -1.750000   data required time
                                             -0.642955   data arrival time
---------------------------------------------------------------------------------------------
                                              2.392955   slack (MET)


Startpoint: _191_ (rising edge-triggered flip-flop clocked by clk)
Endpoint: axi_rdata[4] (output port clocked by clk)
Path Group: clk
Path Type: min

Fanout         Cap        Slew       Delay        Time   Description
---------------------------------------------------------------------------------------------
                      0.150000    0.000000    0.000000   clock clk (rise edge)
                                  0.000000    0.000000   clock network delay (ideal)
                      0.150000    0.000000    0.000000 ^ _191_/CLK (sky130_fd_sc_hd__dfrtp_2)
     6    0.028787    0.151757    0.468020    0.468020 ^ _191_/Q (sky130_fd_sc_hd__dfrtp_2)
                                                         counter[4] (net)
                      0.151757    0.000000    0.468020 ^ _082_/A (sky130_fd_sc_hd__xor2_2)
     1    0.033442    0.101138    0.179423    0.647443 v _082_/X (sky130_fd_sc_hd__xor2_2)
                                                         axi_rdata[4] (net)
                      0.101138    0.000000    0.647443 v axi_rdata[4] (out)
                                              0.647443   data arrival time

                      0.150000    0.000000    0.000000   clock clk (rise edge)
                                  0.000000    0.000000   clock network delay (ideal)
                                  0.250000    0.250000   clock uncertainty
                                  0.000000    0.250000   clock reconvergence pessimism
                                 -2.000000   -1.750000   output external delay
                                             -1.750000   data required time
---------------------------------------------------------------------------------------------
                                             -1.750000   data required time
                                             -0.647443   data arrival time
---------------------------------------------------------------------------------------------
                                              2.397443   slack (MET)


Startpoint: _195_ (rising edge-triggered flip-flop clocked by clk)
Endpoint: axi_rdata[8] (output port clocked by clk)
Path Group: clk
Path Type: min

Fanout         Cap        Slew       Delay        Time   Description
---------------------------------------------------------------------------------------------
                      0.150000    0.000000    0.000000   clock clk (rise edge)
                                  0.000000    0.000000   clock network delay (ideal)
                      0.150000    0.000000    0.000000 ^ _195_/CLK (sky130_fd_sc_hd__dfrtp_2)
     6    0.028919    0.152327    0.468473    0.468473 ^ _195_/Q (sky130_fd_sc_hd__dfrtp_2)
                                                         counter[8] (net)
                      0.152327    0.000000    0.468473 ^ _086_/A (sky130_fd_sc_hd__xor2_2)
     1    0.033442    0.101139    0.179586    0.648059 v _086_/X (sky130_fd_sc_hd__xor2_2)
                                                         axi_rdata[8] (net)
                      0.101139    0.000000    0.648059 v axi_rdata[8] (out)
                                              0.648059   data arrival time

                      0.150000    0.000000    0.000000   clock clk (rise edge)
                                  0.000000    0.000000   clock network delay (ideal)
                                  0.250000    0.250000   clock uncertainty
                                  0.000000    0.250000   clock reconvergence pessimism
                                 -2.000000   -1.750000   output external delay
                                             -1.750000   data required time
---------------------------------------------------------------------------------------------
                                             -1.750000   data required time
                                             -0.648059   data arrival time
---------------------------------------------------------------------------------------------
                                              2.398059   slack (MET)


Startpoint: _199_ (rising edge-triggered flip-flop clocked by clk)
Endpoint: axi_rdata[12] (output port clocked by clk)
Path Group: clk
Path Type: min

Fanout         Cap        Slew       Delay        Time   Description
---------------------------------------------------------------------------------------------
                      0.150000    0.000000    0.000000   clock clk (rise edge)
                                  0.000000    0.000000   clock network delay (ideal)
                      0.150000    0.000000    0.000000 ^ _199_/CLK (sky130_fd_sc_hd__dfrtp_2)
     7    0.029830    0.156260    0.471601    0.471601 ^ _199_/Q (sky130_fd_sc_hd__dfrtp_2)
                                                         counter[12] (net)
                      0.156260    0.000000    0.471601 ^ _090_/A (sky130_fd_sc_hd__xor2_2)
     1    0.033442    0.101142    0.180708    0.652309 v _090_/X (sky130_fd_sc_hd__xor2_2)
                                                         axi_rdata[12] (net)
                      0.101142    0.000000    0.652309 v axi_rdata[12] (out)
                                              0.652309   data arrival time

                      0.150000    0.000000    0.000000   clock clk (rise edge)
                                  0.000000    0.000000   clock network delay (ideal)
                                  0.250000    0.250000   clock uncertainty
                                  0.000000    0.250000   clock reconvergence pessimism
                                 -2.000000   -1.750000   output external delay
                                             -1.750000   data required time
---------------------------------------------------------------------------------------------
                                             -1.750000   data required time
                                             -0.652309   data arrival time
---------------------------------------------------------------------------------------------
                                              2.402309   slack (MET)


Startpoint: _203_ (rising edge-triggered flip-flop clocked by clk)
Endpoint: axi_rdata[16] (output port clocked by clk)
Path Group: clk
Path Type: min

Fanout         Cap        Slew       Delay        Time   Description
---------------------------------------------------------------------------------------------
                      0.150000    0.000000    0.000000   clock clk (rise edge)
                                  0.000000    0.000000   clock network delay (ideal)
                      0.150000    0.000000    0.000000 ^ _203_/CLK (sky130_fd_sc_hd__dfrtp_2)
     6    0.030891    0.160841    0.475245    0.475245 ^ _203_/Q (sky130_fd_sc_hd__dfrtp_2)
                                                         counter[16] (net)
                      0.160841    0.000000    0.475245 ^ _094_/A (sky130_fd_sc_hd__xor2_2)
     1    0.033442    0.101146    0.182014    0.657259 v _094_/X (sky130_fd_sc_hd__xor2_2)
                                                         axi_rdata[16] (net)
                      0.101146    0.000000    0.657259 v axi_rdata[16] (out)
                                              0.657259   data arrival time

                      0.150000    0.000000    0.000000   clock clk (rise edge)
                                  0.000000    0.000000   clock network delay (ideal)
                                  0.250000    0.250000   clock uncertainty
                                  0.000000    0.250000   clock reconvergence pessimism
                                 -2.000000   -1.750000   output external delay
                                             -1.750000   data required time
---------------------------------------------------------------------------------------------
                                             -1.750000   data required time
                                             -0.657259   data arrival time
---------------------------------------------------------------------------------------------
                                              2.407259   slack (MET)


Startpoint: axi_arvalid (input port clocked by clk)
Endpoint: axi_arready (output port clocked by clk)
Path Group: clk
Path Type: min

Fanout         Cap        Slew       Delay        Time   Description
---------------------------------------------------------------------------------------------
                      0.150000    0.000000    0.000000   clock clk (rise edge)
                                  0.000000    0.000000   clock network delay (ideal)
                                  2.000000    2.000000 v input external delay
     1    0.001647    0.006202    0.002469    2.002469 v axi_arvalid (in)
                                                         axi_arvalid (net)
                      0.006202    0.000000    2.002469 v _233_/A (sky130_fd_sc_hd__buf_2)
     1    0.033442    0.087214    0.162830    2.165299 v _233_/X (sky130_fd_sc_hd__buf_2)
                                                         axi_arready (net)
                      0.087214    0.000000    2.165299 v axi_arready (out)
                                              2.165299   data arrival time

                      0.150000    0.000000    0.000000   clock clk (rise edge)
                                  0.000000    0.000000   clock network delay (ideal)
                                  0.250000    0.250000   clock uncertainty
                                  0.000000    0.250000   clock reconvergence pessimism
                                 -2.000000   -1.750000   output external delay
                                             -1.750000   data required time
---------------------------------------------------------------------------------------------
                                             -1.750000   data required time
                                             -2.165299   data arrival time
---------------------------------------------------------------------------------------------
                                              3.915299   slack (MET)


Startpoint: axi_awvalid (input port clocked by clk)
Endpoint: axi_awready (output port clocked by clk)
Path Group: clk
Path Type: min

Fanout         Cap        Slew       Delay        Time   Description
---------------------------------------------------------------------------------------------
                      0.150000    0.000000    0.000000   clock clk (rise edge)
                                  0.000000    0.000000   clock network delay (ideal)
                                  2.000000    2.000000 v input external delay
     1    0.001647    0.006202    0.002469    2.002469 v axi_awvalid (in)
                                                         axi_awvalid (net)
                      0.006202    0.000000    2.002469 v _234_/A (sky130_fd_sc_hd__buf_2)
     1    0.033442    0.087214    0.162830    2.165299 v _234_/X (sky130_fd_sc_hd__buf_2)
                                                         axi_awready (net)
                      0.087214    0.000000    2.165299 v axi_awready (out)
                                              2.165299   data arrival time

                      0.150000    0.000000    0.000000   clock clk (rise edge)
                                  0.000000    0.000000   clock network delay (ideal)
                                  0.250000    0.250000   clock uncertainty
                                  0.000000    0.250000   clock reconvergence pessimism
                                 -2.000000   -1.750000   output external delay
                                             -1.750000   data required time
---------------------------------------------------------------------------------------------
                                             -1.750000   data required time
                                             -2.165299   data arrival time
---------------------------------------------------------------------------------------------
                                              3.915299   slack (MET)


Startpoint: axi_wvalid (input port clocked by clk)
Endpoint: axi_wready (output port clocked by clk)
Path Group: clk
Path Type: min

Fanout         Cap        Slew       Delay        Time   Description
---------------------------------------------------------------------------------------------
                      0.150000    0.000000    0.000000   clock clk (rise edge)
                                  0.000000    0.000000   clock network delay (ideal)
                                  2.000000    2.000000 v input external delay
     1    0.001647    0.006202    0.002469    2.002469 v axi_wvalid (in)
                                                         axi_wvalid (net)
                      0.006202    0.000000    2.002469 v _235_/A (sky130_fd_sc_hd__buf_2)
     1    0.033442    0.087214    0.162830    2.165299 v _235_/X (sky130_fd_sc_hd__buf_2)
                                                         axi_wready (net)
                      0.087214    0.000000    2.165299 v axi_wready (out)
                                              2.165299   data arrival time

                      0.150000    0.000000    0.000000   clock clk (rise edge)
                                  0.000000    0.000000   clock network delay (ideal)
                                  0.250000    0.250000   clock uncertainty
                                  0.000000    0.250000   clock reconvergence pessimism
                                 -2.000000   -1.750000   output external delay
                                             -1.750000   data required time
---------------------------------------------------------------------------------------------
                                             -1.750000   data required time
                                             -2.165299   data arrival time
---------------------------------------------------------------------------------------------
                                              3.915299   slack (MET)



%OL_END_REPORT
%OL_CREATE_REPORT max.rpt

===========================================================================
report_checks -path_delay max (Setup)
============================================================================
======================= nom_tt_025C_1v80 Corner ===================================

Startpoint: axi_araddr[0] (input port clocked by clk)
Endpoint: axi_rdata[0] (output port clocked by clk)
Path Group: clk
Path Type: max

Fanout         Cap        Slew       Delay        Time   Description
---------------------------------------------------------------------------------------------
                      0.150000    0.000000    0.000000   clock clk (rise edge)
                                  0.000000    0.000000   clock network delay (ideal)
                                  2.000000    2.000000 ^ input external delay
     1    0.008493    0.045953    0.029094    2.029094 ^ axi_araddr[0] (in)
                                                         axi_araddr[0] (net)
                      0.045953    0.000000    2.029094 ^ _078_/B (sky130_fd_sc_hd__xor2_2)
     1    0.033442    0.429036    0.358982    2.388076 ^ _078_/X (sky130_fd_sc_hd__xor2_2)
                                                         axi_rdata[0] (net)
                      0.429036    0.000000    2.388076 ^ axi_rdata[0] (out)
                                              2.388076   data arrival time

                      0.150000   10.000000   10.000000   clock clk (rise edge)
                                  0.000000   10.000000   clock network delay (ideal)
                                 -0.250000    9.750000   clock uncertainty
                                  0.000000    9.750000   clock reconvergence pessimism
                                 -2.000000    7.750000   output external delay
                                              7.750000   data required time
---------------------------------------------------------------------------------------------
                                              7.750000   data required time
                                             -2.388076   data arrival time
---------------------------------------------------------------------------------------------
                                              5.361924   slack (MET)


Startpoint: axi_araddr[10] (input port clocked by clk)
Endpoint: axi_rdata[10] (output port clocked by clk)
Path Group: clk
Path Type: max

Fanout         Cap        Slew       Delay        Time   Description
---------------------------------------------------------------------------------------------
                      0.150000    0.000000    0.000000   clock clk (rise edge)
                                  0.000000    0.000000   clock network delay (ideal)
                                  2.000000    2.000000 ^ input external delay
     1    0.008493    0.045953    0.029094    2.029094 ^ axi_araddr[10] (in)
                                                         axi_araddr[10] (net)
                      0.045953    0.000000    2.029094 ^ _088_/B (sky130_fd_sc_hd__xor2_2)
     1    0.033442    0.429036    0.358982    2.388076 ^ _088_/X (sky130_fd_sc_hd__xor2_2)
                                                         axi_rdata[10] (net)
                      0.429036    0.000000    2.388076 ^ axi_rdata[10] (out)
                                              2.388076   data arrival time

                      0.150000   10.000000   10.000000   clock clk (rise edge)
                                  0.000000   10.000000   clock network delay (ideal)
                                 -0.250000    9.750000   clock uncertainty
                                  0.000000    9.750000   clock reconvergence pessimism
                                 -2.000000    7.750000   output external delay
                                              7.750000   data required time
---------------------------------------------------------------------------------------------
                                              7.750000   data required time
                                             -2.388076   data arrival time
---------------------------------------------------------------------------------------------
                                              5.361924   slack (MET)


Startpoint: axi_araddr[11] (input port clocked by clk)
Endpoint: axi_rdata[11] (output port clocked by clk)
Path Group: clk
Path Type: max

Fanout         Cap        Slew       Delay        Time   Description
---------------------------------------------------------------------------------------------
                      0.150000    0.000000    0.000000   clock clk (rise edge)
                                  0.000000    0.000000   clock network delay (ideal)
                                  2.000000    2.000000 ^ input external delay
     1    0.008493    0.045953    0.029094    2.029094 ^ axi_araddr[11] (in)
                                                         axi_araddr[11] (net)
                      0.045953    0.000000    2.029094 ^ _089_/B (sky130_fd_sc_hd__xor2_2)
     1    0.033442    0.429036    0.358982    2.388076 ^ _089_/X (sky130_fd_sc_hd__xor2_2)
                                                         axi_rdata[11] (net)
                      0.429036    0.000000    2.388076 ^ axi_rdata[11] (out)
                                              2.388076   data arrival time

                      0.150000   10.000000   10.000000   clock clk (rise edge)
                                  0.000000   10.000000   clock network delay (ideal)
                                 -0.250000    9.750000   clock uncertainty
                                  0.000000    9.750000   clock reconvergence pessimism
                                 -2.000000    7.750000   output external delay
                                              7.750000   data required time
---------------------------------------------------------------------------------------------
                                              7.750000   data required time
                                             -2.388076   data arrival time
---------------------------------------------------------------------------------------------
                                              5.361924   slack (MET)


Startpoint: axi_araddr[12] (input port clocked by clk)
Endpoint: axi_rdata[12] (output port clocked by clk)
Path Group: clk
Path Type: max

Fanout         Cap        Slew       Delay        Time   Description
---------------------------------------------------------------------------------------------
                      0.150000    0.000000    0.000000   clock clk (rise edge)
                                  0.000000    0.000000   clock network delay (ideal)
                                  2.000000    2.000000 ^ input external delay
     1    0.008493    0.045953    0.029094    2.029094 ^ axi_araddr[12] (in)
                                                         axi_araddr[12] (net)
                      0.045953    0.000000    2.029094 ^ _090_/B (sky130_fd_sc_hd__xor2_2)
     1    0.033442    0.429036    0.358982    2.388076 ^ _090_/X (sky130_fd_sc_hd__xor2_2)
                                                         axi_rdata[12] (net)
                      0.429036    0.000000    2.388076 ^ axi_rdata[12] (out)
                                              2.388076   data arrival time

                      0.150000   10.000000   10.000000   clock clk (rise edge)
                                  0.000000   10.000000   clock network delay (ideal)
                                 -0.250000    9.750000   clock uncertainty
                                  0.000000    9.750000   clock reconvergence pessimism
                                 -2.000000    7.750000   output external delay
                                              7.750000   data required time
---------------------------------------------------------------------------------------------
                                              7.750000   data required time
                                             -2.388076   data arrival time
---------------------------------------------------------------------------------------------
                                              5.361924   slack (MET)


Startpoint: axi_araddr[13] (input port clocked by clk)
Endpoint: axi_rdata[13] (output port clocked by clk)
Path Group: clk
Path Type: max

Fanout         Cap        Slew       Delay        Time   Description
---------------------------------------------------------------------------------------------
                      0.150000    0.000000    0.000000   clock clk (rise edge)
                                  0.000000    0.000000   clock network delay (ideal)
                                  2.000000    2.000000 ^ input external delay
     1    0.008493    0.045953    0.029094    2.029094 ^ axi_araddr[13] (in)
                                                         axi_araddr[13] (net)
                      0.045953    0.000000    2.029094 ^ _091_/B (sky130_fd_sc_hd__xor2_2)
     1    0.033442    0.429036    0.358982    2.388076 ^ _091_/X (sky130_fd_sc_hd__xor2_2)
                                                         axi_rdata[13] (net)
                      0.429036    0.000000    2.388076 ^ axi_rdata[13] (out)
                                              2.388076   data arrival time

                      0.150000   10.000000   10.000000   clock clk (rise edge)
                                  0.000000   10.000000   clock network delay (ideal)
                                 -0.250000    9.750000   clock uncertainty
                                  0.000000    9.750000   clock reconvergence pessimism
                                 -2.000000    7.750000   output external delay
                                              7.750000   data required time
---------------------------------------------------------------------------------------------
                                              7.750000   data required time
                                             -2.388076   data arrival time
---------------------------------------------------------------------------------------------
                                              5.361924   slack (MET)


Startpoint: axi_araddr[14] (input port clocked by clk)
Endpoint: axi_rdata[14] (output port clocked by clk)
Path Group: clk
Path Type: max

Fanout         Cap        Slew       Delay        Time   Description
---------------------------------------------------------------------------------------------
                      0.150000    0.000000    0.000000   clock clk (rise edge)
                                  0.000000    0.000000   clock network delay (ideal)
                                  2.000000    2.000000 ^ input external delay
     1    0.008493    0.045953    0.029094    2.029094 ^ axi_araddr[14] (in)
                                                         axi_araddr[14] (net)
                      0.045953    0.000000    2.029094 ^ _092_/B (sky130_fd_sc_hd__xor2_2)
     1    0.033442    0.429036    0.358982    2.388076 ^ _092_/X (sky130_fd_sc_hd__xor2_2)
                                                         axi_rdata[14] (net)
                      0.429036    0.000000    2.388076 ^ axi_rdata[14] (out)
                                              2.388076   data arrival time

                      0.150000   10.000000   10.000000   clock clk (rise edge)
                                  0.000000   10.000000   clock network delay (ideal)
                                 -0.250000    9.750000   clock uncertainty
                                  0.000000    9.750000   clock reconvergence pessimism
                                 -2.000000    7.750000   output external delay
                                              7.750000   data required time
---------------------------------------------------------------------------------------------
                                              7.750000   data required time
                                             -2.388076   data arrival time
---------------------------------------------------------------------------------------------
                                              5.361924   slack (MET)


Startpoint: axi_araddr[15] (input port clocked by clk)
Endpoint: axi_rdata[15] (output port clocked by clk)
Path Group: clk
Path Type: max

Fanout         Cap        Slew       Delay        Time   Description
---------------------------------------------------------------------------------------------
                      0.150000    0.000000    0.000000   clock clk (rise edge)
                                  0.000000    0.000000   clock network delay (ideal)
                                  2.000000    2.000000 ^ input external delay
     1    0.008493    0.045953    0.029094    2.029094 ^ axi_araddr[15] (in)
                                                         axi_araddr[15] (net)
                      0.045953    0.000000    2.029094 ^ _093_/B (sky130_fd_sc_hd__xor2_2)
     1    0.033442    0.429036    0.358982    2.388076 ^ _093_/X (sky130_fd_sc_hd__xor2_2)
                                                         axi_rdata[15] (net)
                      0.429036    0.000000    2.388076 ^ axi_rdata[15] (out)
                                              2.388076   data arrival time

                      0.150000   10.000000   10.000000   clock clk (rise edge)
                                  0.000000   10.000000   clock network delay (ideal)
                                 -0.250000    9.750000   clock uncertainty
                                  0.000000    9.750000   clock reconvergence pessimism
                                 -2.000000    7.750000   output external delay
                                              7.750000   data required time
---------------------------------------------------------------------------------------------
                                              7.750000   data required time
                                             -2.388076   data arrival time
---------------------------------------------------------------------------------------------
                                              5.361924   slack (MET)


Startpoint: axi_araddr[16] (input port clocked by clk)
Endpoint: axi_rdata[16] (output port clocked by clk)
Path Group: clk
Path Type: max

Fanout         Cap        Slew       Delay        Time   Description
---------------------------------------------------------------------------------------------
                      0.150000    0.000000    0.000000   clock clk (rise edge)
                                  0.000000    0.000000   clock network delay (ideal)
                                  2.000000    2.000000 ^ input external delay
     1    0.008493    0.045953    0.029094    2.029094 ^ axi_araddr[16] (in)
                                                         axi_araddr[16] (net)
                      0.045953    0.000000    2.029094 ^ _094_/B (sky130_fd_sc_hd__xor2_2)
     1    0.033442    0.429036    0.358982    2.388076 ^ _094_/X (sky130_fd_sc_hd__xor2_2)
                                                         axi_rdata[16] (net)
                      0.429036    0.000000    2.388076 ^ axi_rdata[16] (out)
                                              2.388076   data arrival time

                      0.150000   10.000000   10.000000   clock clk (rise edge)
                                  0.000000   10.000000   clock network delay (ideal)
                                 -0.250000    9.750000   clock uncertainty
                                  0.000000    9.750000   clock reconvergence pessimism
                                 -2.000000    7.750000   output external delay
                                              7.750000   data required time
---------------------------------------------------------------------------------------------
                                              7.750000   data required time
                                             -2.388076   data arrival time
---------------------------------------------------------------------------------------------
                                              5.361924   slack (MET)


Startpoint: axi_araddr[17] (input port clocked by clk)
Endpoint: axi_rdata[17] (output port clocked by clk)
Path Group: clk
Path Type: max

Fanout         Cap        Slew       Delay        Time   Description
---------------------------------------------------------------------------------------------
                      0.150000    0.000000    0.000000   clock clk (rise edge)
                                  0.000000    0.000000   clock network delay (ideal)
                                  2.000000    2.000000 ^ input external delay
     1    0.008493    0.045953    0.029094    2.029094 ^ axi_araddr[17] (in)
                                                         axi_araddr[17] (net)
                      0.045953    0.000000    2.029094 ^ _095_/B (sky130_fd_sc_hd__xor2_2)
     1    0.033442    0.429036    0.358982    2.388076 ^ _095_/X (sky130_fd_sc_hd__xor2_2)
                                                         axi_rdata[17] (net)
                      0.429036    0.000000    2.388076 ^ axi_rdata[17] (out)
                                              2.388076   data arrival time

                      0.150000   10.000000   10.000000   clock clk (rise edge)
                                  0.000000   10.000000   clock network delay (ideal)
                                 -0.250000    9.750000   clock uncertainty
                                  0.000000    9.750000   clock reconvergence pessimism
                                 -2.000000    7.750000   output external delay
                                              7.750000   data required time
---------------------------------------------------------------------------------------------
                                              7.750000   data required time
                                             -2.388076   data arrival time
---------------------------------------------------------------------------------------------
                                              5.361924   slack (MET)


Startpoint: axi_araddr[18] (input port clocked by clk)
Endpoint: axi_rdata[18] (output port clocked by clk)
Path Group: clk
Path Type: max

Fanout         Cap        Slew       Delay        Time   Description
---------------------------------------------------------------------------------------------
                      0.150000    0.000000    0.000000   clock clk (rise edge)
                                  0.000000    0.000000   clock network delay (ideal)
                                  2.000000    2.000000 ^ input external delay
     1    0.008493    0.045953    0.029094    2.029094 ^ axi_araddr[18] (in)
                                                         axi_araddr[18] (net)
                      0.045953    0.000000    2.029094 ^ _096_/B (sky130_fd_sc_hd__xor2_2)
     1    0.033442    0.429036    0.358982    2.388076 ^ _096_/X (sky130_fd_sc_hd__xor2_2)
                                                         axi_rdata[18] (net)
                      0.429036    0.000000    2.388076 ^ axi_rdata[18] (out)
                                              2.388076   data arrival time

                      0.150000   10.000000   10.000000   clock clk (rise edge)
                                  0.000000   10.000000   clock network delay (ideal)
                                 -0.250000    9.750000   clock uncertainty
                                  0.000000    9.750000   clock reconvergence pessimism
                                 -2.000000    7.750000   output external delay
                                              7.750000   data required time
---------------------------------------------------------------------------------------------
                                              7.750000   data required time
                                             -2.388076   data arrival time
---------------------------------------------------------------------------------------------
                                              5.361924   slack (MET)


Startpoint: axi_araddr[19] (input port clocked by clk)
Endpoint: axi_rdata[19] (output port clocked by clk)
Path Group: clk
Path Type: max

Fanout         Cap        Slew       Delay        Time   Description
---------------------------------------------------------------------------------------------
                      0.150000    0.000000    0.000000   clock clk (rise edge)
                                  0.000000    0.000000   clock network delay (ideal)
                                  2.000000    2.000000 ^ input external delay
     1    0.008493    0.045953    0.029094    2.029094 ^ axi_araddr[19] (in)
                                                         axi_araddr[19] (net)
                      0.045953    0.000000    2.029094 ^ _097_/B (sky130_fd_sc_hd__xor2_2)
     1    0.033442    0.429036    0.358982    2.388076 ^ _097_/X (sky130_fd_sc_hd__xor2_2)
                                                         axi_rdata[19] (net)
                      0.429036    0.000000    2.388076 ^ axi_rdata[19] (out)
                                              2.388076   data arrival time

                      0.150000   10.000000   10.000000   clock clk (rise edge)
                                  0.000000   10.000000   clock network delay (ideal)
                                 -0.250000    9.750000   clock uncertainty
                                  0.000000    9.750000   clock reconvergence pessimism
                                 -2.000000    7.750000   output external delay
                                              7.750000   data required time
---------------------------------------------------------------------------------------------
                                              7.750000   data required time
                                             -2.388076   data arrival time
---------------------------------------------------------------------------------------------
                                              5.361924   slack (MET)


Startpoint: axi_araddr[1] (input port clocked by clk)
Endpoint: axi_rdata[1] (output port clocked by clk)
Path Group: clk
Path Type: max

Fanout         Cap        Slew       Delay        Time   Description
---------------------------------------------------------------------------------------------
                      0.150000    0.000000    0.000000   clock clk (rise edge)
                                  0.000000    0.000000   clock network delay (ideal)
                                  2.000000    2.000000 ^ input external delay
     1    0.008493    0.045953    0.029094    2.029094 ^ axi_araddr[1] (in)
                                                         axi_araddr[1] (net)
                      0.045953    0.000000    2.029094 ^ _079_/B (sky130_fd_sc_hd__xor2_2)
     1    0.033442    0.429036    0.358982    2.388076 ^ _079_/X (sky130_fd_sc_hd__xor2_2)
                                                         axi_rdata[1] (net)
                      0.429036    0.000000    2.388076 ^ axi_rdata[1] (out)
                                              2.388076   data arrival time

                      0.150000   10.000000   10.000000   clock clk (rise edge)
                                  0.000000   10.000000   clock network delay (ideal)
                                 -0.250000    9.750000   clock uncertainty
                                  0.000000    9.750000   clock reconvergence pessimism
                                 -2.000000    7.750000   output external delay
                                              7.750000   data required time
---------------------------------------------------------------------------------------------
                                              7.750000   data required time
                                             -2.388076   data arrival time
---------------------------------------------------------------------------------------------
                                              5.361924   slack (MET)


Startpoint: axi_araddr[20] (input port clocked by clk)
Endpoint: axi_rdata[20] (output port clocked by clk)
Path Group: clk
Path Type: max

Fanout         Cap        Slew       Delay        Time   Description
---------------------------------------------------------------------------------------------
                      0.150000    0.000000    0.000000   clock clk (rise edge)
                                  0.000000    0.000000   clock network delay (ideal)
                                  2.000000    2.000000 ^ input external delay
     1    0.008493    0.045953    0.029094    2.029094 ^ axi_araddr[20] (in)
                                                         axi_araddr[20] (net)
                      0.045953    0.000000    2.029094 ^ _098_/B (sky130_fd_sc_hd__xor2_2)
     1    0.033442    0.429036    0.358982    2.388076 ^ _098_/X (sky130_fd_sc_hd__xor2_2)
                                                         axi_rdata[20] (net)
                      0.429036    0.000000    2.388076 ^ axi_rdata[20] (out)
                                              2.388076   data arrival time

                      0.150000   10.000000   10.000000   clock clk (rise edge)
                                  0.000000   10.000000   clock network delay (ideal)
                                 -0.250000    9.750000   clock uncertainty
                                  0.000000    9.750000   clock reconvergence pessimism
                                 -2.000000    7.750000   output external delay
                                              7.750000   data required time
---------------------------------------------------------------------------------------------
                                              7.750000   data required time
                                             -2.388076   data arrival time
---------------------------------------------------------------------------------------------
                                              5.361924   slack (MET)


Startpoint: axi_araddr[21] (input port clocked by clk)
Endpoint: axi_rdata[21] (output port clocked by clk)
Path Group: clk
Path Type: max

Fanout         Cap        Slew       Delay        Time   Description
---------------------------------------------------------------------------------------------
                      0.150000    0.000000    0.000000   clock clk (rise edge)
                                  0.000000    0.000000   clock network delay (ideal)
                                  2.000000    2.000000 ^ input external delay
     1    0.008493    0.045953    0.029094    2.029094 ^ axi_araddr[21] (in)
                                                         axi_araddr[21] (net)
                      0.045953    0.000000    2.029094 ^ _099_/B (sky130_fd_sc_hd__xor2_2)
     1    0.033442    0.429036    0.358982    2.388076 ^ _099_/X (sky130_fd_sc_hd__xor2_2)
                                                         axi_rdata[21] (net)
                      0.429036    0.000000    2.388076 ^ axi_rdata[21] (out)
                                              2.388076   data arrival time

                      0.150000   10.000000   10.000000   clock clk (rise edge)
                                  0.000000   10.000000   clock network delay (ideal)
                                 -0.250000    9.750000   clock uncertainty
                                  0.000000    9.750000   clock reconvergence pessimism
                                 -2.000000    7.750000   output external delay
                                              7.750000   data required time
---------------------------------------------------------------------------------------------
                                              7.750000   data required time
                                             -2.388076   data arrival time
---------------------------------------------------------------------------------------------
                                              5.361924   slack (MET)


Startpoint: axi_araddr[22] (input port clocked by clk)
Endpoint: axi_rdata[22] (output port clocked by clk)
Path Group: clk
Path Type: max

Fanout         Cap        Slew       Delay        Time   Description
---------------------------------------------------------------------------------------------
                      0.150000    0.000000    0.000000   clock clk (rise edge)
                                  0.000000    0.000000   clock network delay (ideal)
                                  2.000000    2.000000 ^ input external delay
     1    0.008493    0.045953    0.029094    2.029094 ^ axi_araddr[22] (in)
                                                         axi_araddr[22] (net)
                      0.045953    0.000000    2.029094 ^ _100_/B (sky130_fd_sc_hd__xor2_2)
     1    0.033442    0.429036    0.358982    2.388076 ^ _100_/X (sky130_fd_sc_hd__xor2_2)
                                                         axi_rdata[22] (net)
                      0.429036    0.000000    2.388076 ^ axi_rdata[22] (out)
                                              2.388076   data arrival time

                      0.150000   10.000000   10.000000   clock clk (rise edge)
                                  0.000000   10.000000   clock network delay (ideal)
                                 -0.250000    9.750000   clock uncertainty
                                  0.000000    9.750000   clock reconvergence pessimism
                                 -2.000000    7.750000   output external delay
                                              7.750000   data required time
---------------------------------------------------------------------------------------------
                                              7.750000   data required time
                                             -2.388076   data arrival time
---------------------------------------------------------------------------------------------
                                              5.361924   slack (MET)


Startpoint: axi_araddr[23] (input port clocked by clk)
Endpoint: axi_rdata[23] (output port clocked by clk)
Path Group: clk
Path Type: max

Fanout         Cap        Slew       Delay        Time   Description
---------------------------------------------------------------------------------------------
                      0.150000    0.000000    0.000000   clock clk (rise edge)
                                  0.000000    0.000000   clock network delay (ideal)
                                  2.000000    2.000000 ^ input external delay
     1    0.008493    0.045953    0.029094    2.029094 ^ axi_araddr[23] (in)
                                                         axi_araddr[23] (net)
                      0.045953    0.000000    2.029094 ^ _101_/B (sky130_fd_sc_hd__xor2_2)
     1    0.033442    0.429036    0.358982    2.388076 ^ _101_/X (sky130_fd_sc_hd__xor2_2)
                                                         axi_rdata[23] (net)
                      0.429036    0.000000    2.388076 ^ axi_rdata[23] (out)
                                              2.388076   data arrival time

                      0.150000   10.000000   10.000000   clock clk (rise edge)
                                  0.000000   10.000000   clock network delay (ideal)
                                 -0.250000    9.750000   clock uncertainty
                                  0.000000    9.750000   clock reconvergence pessimism
                                 -2.000000    7.750000   output external delay
                                              7.750000   data required time
---------------------------------------------------------------------------------------------
                                              7.750000   data required time
                                             -2.388076   data arrival time
---------------------------------------------------------------------------------------------
                                              5.361924   slack (MET)


Startpoint: axi_araddr[24] (input port clocked by clk)
Endpoint: axi_rdata[24] (output port clocked by clk)
Path Group: clk
Path Type: max

Fanout         Cap        Slew       Delay        Time   Description
---------------------------------------------------------------------------------------------
                      0.150000    0.000000    0.000000   clock clk (rise edge)
                                  0.000000    0.000000   clock network delay (ideal)
                                  2.000000    2.000000 ^ input external delay
     1    0.008493    0.045953    0.029094    2.029094 ^ axi_araddr[24] (in)
                                                         axi_araddr[24] (net)
                      0.045953    0.000000    2.029094 ^ _102_/B (sky130_fd_sc_hd__xor2_2)
     1    0.033442    0.429036    0.358982    2.388076 ^ _102_/X (sky130_fd_sc_hd__xor2_2)
                                                         axi_rdata[24] (net)
                      0.429036    0.000000    2.388076 ^ axi_rdata[24] (out)
                                              2.388076   data arrival time

                      0.150000   10.000000   10.000000   clock clk (rise edge)
                                  0.000000   10.000000   clock network delay (ideal)
                                 -0.250000    9.750000   clock uncertainty
                                  0.000000    9.750000   clock reconvergence pessimism
                                 -2.000000    7.750000   output external delay
                                              7.750000   data required time
---------------------------------------------------------------------------------------------
                                              7.750000   data required time
                                             -2.388076   data arrival time
---------------------------------------------------------------------------------------------
                                              5.361924   slack (MET)


Startpoint: axi_araddr[25] (input port clocked by clk)
Endpoint: axi_rdata[25] (output port clocked by clk)
Path Group: clk
Path Type: max

Fanout         Cap        Slew       Delay        Time   Description
---------------------------------------------------------------------------------------------
                      0.150000    0.000000    0.000000   clock clk (rise edge)
                                  0.000000    0.000000   clock network delay (ideal)
                                  2.000000    2.000000 ^ input external delay
     1    0.008493    0.045953    0.029094    2.029094 ^ axi_araddr[25] (in)
                                                         axi_araddr[25] (net)
                      0.045953    0.000000    2.029094 ^ _103_/B (sky130_fd_sc_hd__xor2_2)
     1    0.033442    0.429036    0.358982    2.388076 ^ _103_/X (sky130_fd_sc_hd__xor2_2)
                                                         axi_rdata[25] (net)
                      0.429036    0.000000    2.388076 ^ axi_rdata[25] (out)
                                              2.388076   data arrival time

                      0.150000   10.000000   10.000000   clock clk (rise edge)
                                  0.000000   10.000000   clock network delay (ideal)
                                 -0.250000    9.750000   clock uncertainty
                                  0.000000    9.750000   clock reconvergence pessimism
                                 -2.000000    7.750000   output external delay
                                              7.750000   data required time
---------------------------------------------------------------------------------------------
                                              7.750000   data required time
                                             -2.388076   data arrival time
---------------------------------------------------------------------------------------------
                                              5.361924   slack (MET)


Startpoint: axi_araddr[26] (input port clocked by clk)
Endpoint: axi_rdata[26] (output port clocked by clk)
Path Group: clk
Path Type: max

Fanout         Cap        Slew       Delay        Time   Description
---------------------------------------------------------------------------------------------
                      0.150000    0.000000    0.000000   clock clk (rise edge)
                                  0.000000    0.000000   clock network delay (ideal)
                                  2.000000    2.000000 ^ input external delay
     1    0.008493    0.045953    0.029094    2.029094 ^ axi_araddr[26] (in)
                                                         axi_araddr[26] (net)
                      0.045953    0.000000    2.029094 ^ _104_/B (sky130_fd_sc_hd__xor2_2)
     1    0.033442    0.429036    0.358982    2.388076 ^ _104_/X (sky130_fd_sc_hd__xor2_2)
                                                         axi_rdata[26] (net)
                      0.429036    0.000000    2.388076 ^ axi_rdata[26] (out)
                                              2.388076   data arrival time

                      0.150000   10.000000   10.000000   clock clk (rise edge)
                                  0.000000   10.000000   clock network delay (ideal)
                                 -0.250000    9.750000   clock uncertainty
                                  0.000000    9.750000   clock reconvergence pessimism
                                 -2.000000    7.750000   output external delay
                                              7.750000   data required time
---------------------------------------------------------------------------------------------
                                              7.750000   data required time
                                             -2.388076   data arrival time
---------------------------------------------------------------------------------------------
                                              5.361924   slack (MET)


Startpoint: axi_araddr[27] (input port clocked by clk)
Endpoint: axi_rdata[27] (output port clocked by clk)
Path Group: clk
Path Type: max

Fanout         Cap        Slew       Delay        Time   Description
---------------------------------------------------------------------------------------------
                      0.150000    0.000000    0.000000   clock clk (rise edge)
                                  0.000000    0.000000   clock network delay (ideal)
                                  2.000000    2.000000 ^ input external delay
     1    0.008493    0.045953    0.029094    2.029094 ^ axi_araddr[27] (in)
                                                         axi_araddr[27] (net)
                      0.045953    0.000000    2.029094 ^ _105_/B (sky130_fd_sc_hd__xor2_2)
     1    0.033442    0.429036    0.358982    2.388076 ^ _105_/X (sky130_fd_sc_hd__xor2_2)
                                                         axi_rdata[27] (net)
                      0.429036    0.000000    2.388076 ^ axi_rdata[27] (out)
                                              2.388076   data arrival time

                      0.150000   10.000000   10.000000   clock clk (rise edge)
                                  0.000000   10.000000   clock network delay (ideal)
                                 -0.250000    9.750000   clock uncertainty
                                  0.000000    9.750000   clock reconvergence pessimism
                                 -2.000000    7.750000   output external delay
                                              7.750000   data required time
---------------------------------------------------------------------------------------------
                                              7.750000   data required time
                                             -2.388076   data arrival time
---------------------------------------------------------------------------------------------
                                              5.361924   slack (MET)


Startpoint: axi_araddr[28] (input port clocked by clk)
Endpoint: axi_rdata[28] (output port clocked by clk)
Path Group: clk
Path Type: max

Fanout         Cap        Slew       Delay        Time   Description
---------------------------------------------------------------------------------------------
                      0.150000    0.000000    0.000000   clock clk (rise edge)
                                  0.000000    0.000000   clock network delay (ideal)
                                  2.000000    2.000000 ^ input external delay
     1    0.008493    0.045953    0.029094    2.029094 ^ axi_araddr[28] (in)
                                                         axi_araddr[28] (net)
                      0.045953    0.000000    2.029094 ^ _106_/B (sky130_fd_sc_hd__xor2_2)
     1    0.033442    0.429036    0.358982    2.388076 ^ _106_/X (sky130_fd_sc_hd__xor2_2)
                                                         axi_rdata[28] (net)
                      0.429036    0.000000    2.388076 ^ axi_rdata[28] (out)
                                              2.388076   data arrival time

                      0.150000   10.000000   10.000000   clock clk (rise edge)
                                  0.000000   10.000000   clock network delay (ideal)
                                 -0.250000    9.750000   clock uncertainty
                                  0.000000    9.750000   clock reconvergence pessimism
                                 -2.000000    7.750000   output external delay
                                              7.750000   data required time
---------------------------------------------------------------------------------------------
                                              7.750000   data required time
                                             -2.388076   data arrival time
---------------------------------------------------------------------------------------------
                                              5.361924   slack (MET)


Startpoint: axi_araddr[29] (input port clocked by clk)
Endpoint: axi_rdata[29] (output port clocked by clk)
Path Group: clk
Path Type: max

Fanout         Cap        Slew       Delay        Time   Description
---------------------------------------------------------------------------------------------
                      0.150000    0.000000    0.000000   clock clk (rise edge)
                                  0.000000    0.000000   clock network delay (ideal)
                                  2.000000    2.000000 ^ input external delay
     1    0.008493    0.045953    0.029094    2.029094 ^ axi_araddr[29] (in)
                                                         axi_araddr[29] (net)
                      0.045953    0.000000    2.029094 ^ _107_/B (sky130_fd_sc_hd__xor2_2)
     1    0.033442    0.429036    0.358982    2.388076 ^ _107_/X (sky130_fd_sc_hd__xor2_2)
                                                         axi_rdata[29] (net)
                      0.429036    0.000000    2.388076 ^ axi_rdata[29] (out)
                                              2.388076   data arrival time

                      0.150000   10.000000   10.000000   clock clk (rise edge)
                                  0.000000   10.000000   clock network delay (ideal)
                                 -0.250000    9.750000   clock uncertainty
                                  0.000000    9.750000   clock reconvergence pessimism
                                 -2.000000    7.750000   output external delay
                                              7.750000   data required time
---------------------------------------------------------------------------------------------
                                              7.750000   data required time
                                             -2.388076   data arrival time
---------------------------------------------------------------------------------------------
                                              5.361924   slack (MET)


Startpoint: axi_araddr[2] (input port clocked by clk)
Endpoint: axi_rdata[2] (output port clocked by clk)
Path Group: clk
Path Type: max

Fanout         Cap        Slew       Delay        Time   Description
---------------------------------------------------------------------------------------------
                      0.150000    0.000000    0.000000   clock clk (rise edge)
                                  0.000000    0.000000   clock network delay (ideal)
                                  2.000000    2.000000 ^ input external delay
     1    0.008493    0.045953    0.029094    2.029094 ^ axi_araddr[2] (in)
                                                         axi_araddr[2] (net)
                      0.045953    0.000000    2.029094 ^ _080_/B (sky130_fd_sc_hd__xor2_2)
     1    0.033442    0.429036    0.358982    2.388076 ^ _080_/X (sky130_fd_sc_hd__xor2_2)
                                                         axi_rdata[2] (net)
                      0.429036    0.000000    2.388076 ^ axi_rdata[2] (out)
                                              2.388076   data arrival time

                      0.150000   10.000000   10.000000   clock clk (rise edge)
                                  0.000000   10.000000   clock network delay (ideal)
                                 -0.250000    9.750000   clock uncertainty
                                  0.000000    9.750000   clock reconvergence pessimism
                                 -2.000000    7.750000   output external delay
                                              7.750000   data required time
---------------------------------------------------------------------------------------------
                                              7.750000   data required time
                                             -2.388076   data arrival time
---------------------------------------------------------------------------------------------
                                              5.361924   slack (MET)


Startpoint: axi_araddr[30] (input port clocked by clk)
Endpoint: axi_rdata[30] (output port clocked by clk)
Path Group: clk
Path Type: max

Fanout         Cap        Slew       Delay        Time   Description
---------------------------------------------------------------------------------------------
                      0.150000    0.000000    0.000000   clock clk (rise edge)
                                  0.000000    0.000000   clock network delay (ideal)
                                  2.000000    2.000000 ^ input external delay
     1    0.008493    0.045953    0.029094    2.029094 ^ axi_araddr[30] (in)
                                                         axi_araddr[30] (net)
                      0.045953    0.000000    2.029094 ^ _108_/B (sky130_fd_sc_hd__xor2_2)
     1    0.033442    0.429036    0.358982    2.388076 ^ _108_/X (sky130_fd_sc_hd__xor2_2)
                                                         axi_rdata[30] (net)
                      0.429036    0.000000    2.388076 ^ axi_rdata[30] (out)
                                              2.388076   data arrival time

                      0.150000   10.000000   10.000000   clock clk (rise edge)
                                  0.000000   10.000000   clock network delay (ideal)
                                 -0.250000    9.750000   clock uncertainty
                                  0.000000    9.750000   clock reconvergence pessimism
                                 -2.000000    7.750000   output external delay
                                              7.750000   data required time
---------------------------------------------------------------------------------------------
                                              7.750000   data required time
                                             -2.388076   data arrival time
---------------------------------------------------------------------------------------------
                                              5.361924   slack (MET)


Startpoint: axi_araddr[31] (input port clocked by clk)
Endpoint: axi_rdata[31] (output port clocked by clk)
Path Group: clk
Path Type: max

Fanout         Cap        Slew       Delay        Time   Description
---------------------------------------------------------------------------------------------
                      0.150000    0.000000    0.000000   clock clk (rise edge)
                                  0.000000    0.000000   clock network delay (ideal)
                                  2.000000    2.000000 ^ input external delay
     1    0.008493    0.045953    0.029094    2.029094 ^ axi_araddr[31] (in)
                                                         axi_araddr[31] (net)
                      0.045953    0.000000    2.029094 ^ _109_/B (sky130_fd_sc_hd__xor2_2)
     1    0.033442    0.429036    0.358982    2.388076 ^ _109_/X (sky130_fd_sc_hd__xor2_2)
                                                         axi_rdata[31] (net)
                      0.429036    0.000000    2.388076 ^ axi_rdata[31] (out)
                                              2.388076   data arrival time

                      0.150000   10.000000   10.000000   clock clk (rise edge)
                                  0.000000   10.000000   clock network delay (ideal)
                                 -0.250000    9.750000   clock uncertainty
                                  0.000000    9.750000   clock reconvergence pessimism
                                 -2.000000    7.750000   output external delay
                                              7.750000   data required time
---------------------------------------------------------------------------------------------
                                              7.750000   data required time
                                             -2.388076   data arrival time
---------------------------------------------------------------------------------------------
                                              5.361924   slack (MET)


Startpoint: axi_araddr[3] (input port clocked by clk)
Endpoint: axi_rdata[3] (output port clocked by clk)
Path Group: clk
Path Type: max

Fanout         Cap        Slew       Delay        Time   Description
---------------------------------------------------------------------------------------------
                      0.150000    0.000000    0.000000   clock clk (rise edge)
                                  0.000000    0.000000   clock network delay (ideal)
                                  2.000000    2.000000 ^ input external delay
     1    0.008493    0.045953    0.029094    2.029094 ^ axi_araddr[3] (in)
                                                         axi_araddr[3] (net)
                      0.045953    0.000000    2.029094 ^ _081_/B (sky130_fd_sc_hd__xor2_2)
     1    0.033442    0.429036    0.358982    2.388076 ^ _081_/X (sky130_fd_sc_hd__xor2_2)
                                                         axi_rdata[3] (net)
                      0.429036    0.000000    2.388076 ^ axi_rdata[3] (out)
                                              2.388076   data arrival time

                      0.150000   10.000000   10.000000   clock clk (rise edge)
                                  0.000000   10.000000   clock network delay (ideal)
                                 -0.250000    9.750000   clock uncertainty
                                  0.000000    9.750000   clock reconvergence pessimism
                                 -2.000000    7.750000   output external delay
                                              7.750000   data required time
---------------------------------------------------------------------------------------------
                                              7.750000   data required time
                                             -2.388076   data arrival time
---------------------------------------------------------------------------------------------
                                              5.361924   slack (MET)


Startpoint: axi_araddr[4] (input port clocked by clk)
Endpoint: axi_rdata[4] (output port clocked by clk)
Path Group: clk
Path Type: max

Fanout         Cap        Slew       Delay        Time   Description
---------------------------------------------------------------------------------------------
                      0.150000    0.000000    0.000000   clock clk (rise edge)
                                  0.000000    0.000000   clock network delay (ideal)
                                  2.000000    2.000000 ^ input external delay
     1    0.008493    0.045953    0.029094    2.029094 ^ axi_araddr[4] (in)
                                                         axi_araddr[4] (net)
                      0.045953    0.000000    2.029094 ^ _082_/B (sky130_fd_sc_hd__xor2_2)
     1    0.033442    0.429036    0.358982    2.388076 ^ _082_/X (sky130_fd_sc_hd__xor2_2)
                                                         axi_rdata[4] (net)
                      0.429036    0.000000    2.388076 ^ axi_rdata[4] (out)
                                              2.388076   data arrival time

                      0.150000   10.000000   10.000000   clock clk (rise edge)
                                  0.000000   10.000000   clock network delay (ideal)
                                 -0.250000    9.750000   clock uncertainty
                                  0.000000    9.750000   clock reconvergence pessimism
                                 -2.000000    7.750000   output external delay
                                              7.750000   data required time
---------------------------------------------------------------------------------------------
                                              7.750000   data required time
                                             -2.388076   data arrival time
---------------------------------------------------------------------------------------------
                                              5.361924   slack (MET)


Startpoint: axi_araddr[5] (input port clocked by clk)
Endpoint: axi_rdata[5] (output port clocked by clk)
Path Group: clk
Path Type: max

Fanout         Cap        Slew       Delay        Time   Description
---------------------------------------------------------------------------------------------
                      0.150000    0.000000    0.000000   clock clk (rise edge)
                                  0.000000    0.000000   clock network delay (ideal)
                                  2.000000    2.000000 ^ input external delay
     1    0.008493    0.045953    0.029094    2.029094 ^ axi_araddr[5] (in)
                                                         axi_araddr[5] (net)
                      0.045953    0.000000    2.029094 ^ _083_/B (sky130_fd_sc_hd__xor2_2)
     1    0.033442    0.429036    0.358982    2.388076 ^ _083_/X (sky130_fd_sc_hd__xor2_2)
                                                         axi_rdata[5] (net)
                      0.429036    0.000000    2.388076 ^ axi_rdata[5] (out)
                                              2.388076   data arrival time

                      0.150000   10.000000   10.000000   clock clk (rise edge)
                                  0.000000   10.000000   clock network delay (ideal)
                                 -0.250000    9.750000   clock uncertainty
                                  0.000000    9.750000   clock reconvergence pessimism
                                 -2.000000    7.750000   output external delay
                                              7.750000   data required time
---------------------------------------------------------------------------------------------
                                              7.750000   data required time
                                             -2.388076   data arrival time
---------------------------------------------------------------------------------------------
                                              5.361924   slack (MET)


Startpoint: axi_araddr[6] (input port clocked by clk)
Endpoint: axi_rdata[6] (output port clocked by clk)
Path Group: clk
Path Type: max

Fanout         Cap        Slew       Delay        Time   Description
---------------------------------------------------------------------------------------------
                      0.150000    0.000000    0.000000   clock clk (rise edge)
                                  0.000000    0.000000   clock network delay (ideal)
                                  2.000000    2.000000 ^ input external delay
     1    0.008493    0.045953    0.029094    2.029094 ^ axi_araddr[6] (in)
                                                         axi_araddr[6] (net)
                      0.045953    0.000000    2.029094 ^ _084_/B (sky130_fd_sc_hd__xor2_2)
     1    0.033442    0.429036    0.358982    2.388076 ^ _084_/X (sky130_fd_sc_hd__xor2_2)
                                                         axi_rdata[6] (net)
                      0.429036    0.000000    2.388076 ^ axi_rdata[6] (out)
                                              2.388076   data arrival time

                      0.150000   10.000000   10.000000   clock clk (rise edge)
                                  0.000000   10.000000   clock network delay (ideal)
                                 -0.250000    9.750000   clock uncertainty
                                  0.000000    9.750000   clock reconvergence pessimism
                                 -2.000000    7.750000   output external delay
                                              7.750000   data required time
---------------------------------------------------------------------------------------------
                                              7.750000   data required time
                                             -2.388076   data arrival time
---------------------------------------------------------------------------------------------
                                              5.361924   slack (MET)


Startpoint: axi_araddr[7] (input port clocked by clk)
Endpoint: axi_rdata[7] (output port clocked by clk)
Path Group: clk
Path Type: max

Fanout         Cap        Slew       Delay        Time   Description
---------------------------------------------------------------------------------------------
                      0.150000    0.000000    0.000000   clock clk (rise edge)
                                  0.000000    0.000000   clock network delay (ideal)
                                  2.000000    2.000000 ^ input external delay
     1    0.008493    0.045953    0.029094    2.029094 ^ axi_araddr[7] (in)
                                                         axi_araddr[7] (net)
                      0.045953    0.000000    2.029094 ^ _085_/B (sky130_fd_sc_hd__xor2_2)
     1    0.033442    0.429036    0.358982    2.388076 ^ _085_/X (sky130_fd_sc_hd__xor2_2)
                                                         axi_rdata[7] (net)
                      0.429036    0.000000    2.388076 ^ axi_rdata[7] (out)
                                              2.388076   data arrival time

                      0.150000   10.000000   10.000000   clock clk (rise edge)
                                  0.000000   10.000000   clock network delay (ideal)
                                 -0.250000    9.750000   clock uncertainty
                                  0.000000    9.750000   clock reconvergence pessimism
                                 -2.000000    7.750000   output external delay
                                              7.750000   data required time
---------------------------------------------------------------------------------------------
                                              7.750000   data required time
                                             -2.388076   data arrival time
---------------------------------------------------------------------------------------------
                                              5.361924   slack (MET)


Startpoint: axi_araddr[8] (input port clocked by clk)
Endpoint: axi_rdata[8] (output port clocked by clk)
Path Group: clk
Path Type: max

Fanout         Cap        Slew       Delay        Time   Description
---------------------------------------------------------------------------------------------
                      0.150000    0.000000    0.000000   clock clk (rise edge)
                                  0.000000    0.000000   clock network delay (ideal)
                                  2.000000    2.000000 ^ input external delay
     1    0.008493    0.045953    0.029094    2.029094 ^ axi_araddr[8] (in)
                                                         axi_araddr[8] (net)
                      0.045953    0.000000    2.029094 ^ _086_/B (sky130_fd_sc_hd__xor2_2)
     1    0.033442    0.429036    0.358982    2.388076 ^ _086_/X (sky130_fd_sc_hd__xor2_2)
                                                         axi_rdata[8] (net)
                      0.429036    0.000000    2.388076 ^ axi_rdata[8] (out)
                                              2.388076   data arrival time

                      0.150000   10.000000   10.000000   clock clk (rise edge)
                                  0.000000   10.000000   clock network delay (ideal)
                                 -0.250000    9.750000   clock uncertainty
                                  0.000000    9.750000   clock reconvergence pessimism
                                 -2.000000    7.750000   output external delay
                                              7.750000   data required time
---------------------------------------------------------------------------------------------
                                              7.750000   data required time
                                             -2.388076   data arrival time
---------------------------------------------------------------------------------------------
                                              5.361924   slack (MET)


Startpoint: axi_araddr[9] (input port clocked by clk)
Endpoint: axi_rdata[9] (output port clocked by clk)
Path Group: clk
Path Type: max

Fanout         Cap        Slew       Delay        Time   Description
---------------------------------------------------------------------------------------------
                      0.150000    0.000000    0.000000   clock clk (rise edge)
                                  0.000000    0.000000   clock network delay (ideal)
                                  2.000000    2.000000 ^ input external delay
     1    0.008493    0.045953    0.029094    2.029094 ^ axi_araddr[9] (in)
                                                         axi_araddr[9] (net)
                      0.045953    0.000000    2.029094 ^ _087_/B (sky130_fd_sc_hd__xor2_2)
     1    0.033442    0.429036    0.358982    2.388076 ^ _087_/X (sky130_fd_sc_hd__xor2_2)
                                                         axi_rdata[9] (net)
                      0.429036    0.000000    2.388076 ^ axi_rdata[9] (out)
                                              2.388076   data arrival time

                      0.150000   10.000000   10.000000   clock clk (rise edge)
                                  0.000000   10.000000   clock network delay (ideal)
                                 -0.250000    9.750000   clock uncertainty
                                  0.000000    9.750000   clock reconvergence pessimism
                                 -2.000000    7.750000   output external delay
                                              7.750000   data required time
---------------------------------------------------------------------------------------------
                                              7.750000   data required time
                                             -2.388076   data arrival time
---------------------------------------------------------------------------------------------
                                              5.361924   slack (MET)


Startpoint: axi_arvalid (input port clocked by clk)
Endpoint: axi_arready (output port clocked by clk)
Path Group: clk
Path Type: max

Fanout         Cap        Slew       Delay        Time   Description
---------------------------------------------------------------------------------------------
                      0.150000    0.000000    0.000000   clock clk (rise edge)
                                  0.000000    0.000000   clock network delay (ideal)
                                  2.000000    2.000000 ^ input external delay
     1    0.001807    0.015971    0.006817    2.006817 ^ axi_arvalid (in)
                                                         axi_arvalid (net)
                      0.015971    0.000000    2.006817 ^ _233_/A (sky130_fd_sc_hd__buf_2)
     1    0.033442    0.168786    0.184633    2.191450 ^ _233_/X (sky130_fd_sc_hd__buf_2)
                                                         axi_arready (net)
                      0.168786    0.000000    2.191450 ^ axi_arready (out)
                                              2.191450   data arrival time

                      0.150000   10.000000   10.000000   clock clk (rise edge)
                                  0.000000   10.000000   clock network delay (ideal)
                                 -0.250000    9.750000   clock uncertainty
                                  0.000000    9.750000   clock reconvergence pessimism
                                 -2.000000    7.750000   output external delay
                                              7.750000   data required time
---------------------------------------------------------------------------------------------
                                              7.750000   data required time
                                             -2.191450   data arrival time
---------------------------------------------------------------------------------------------
                                              5.558550   slack (MET)


Startpoint: axi_awvalid (input port clocked by clk)
Endpoint: axi_awready (output port clocked by clk)
Path Group: clk
Path Type: max

Fanout         Cap        Slew       Delay        Time   Description
---------------------------------------------------------------------------------------------
                      0.150000    0.000000    0.000000   clock clk (rise edge)
                                  0.000000    0.000000   clock network delay (ideal)
                                  2.000000    2.000000 ^ input external delay
     1    0.001807    0.015971    0.006817    2.006817 ^ axi_awvalid (in)
                                                         axi_awvalid (net)
                      0.015971    0.000000    2.006817 ^ _234_/A (sky130_fd_sc_hd__buf_2)
     1    0.033442    0.168786    0.184633    2.191450 ^ _234_/X (sky130_fd_sc_hd__buf_2)
                                                         axi_awready (net)
                      0.168786    0.000000    2.191450 ^ axi_awready (out)
                                              2.191450   data arrival time

                      0.150000   10.000000   10.000000   clock clk (rise edge)
                                  0.000000   10.000000   clock network delay (ideal)
                                 -0.250000    9.750000   clock uncertainty
                                  0.000000    9.750000   clock reconvergence pessimism
                                 -2.000000    7.750000   output external delay
                                              7.750000   data required time
---------------------------------------------------------------------------------------------
                                              7.750000   data required time
                                             -2.191450   data arrival time
---------------------------------------------------------------------------------------------
                                              5.558550   slack (MET)


Startpoint: axi_wvalid (input port clocked by clk)
Endpoint: axi_wready (output port clocked by clk)
Path Group: clk
Path Type: max

Fanout         Cap        Slew       Delay        Time   Description
---------------------------------------------------------------------------------------------
                      0.150000    0.000000    0.000000   clock clk (rise edge)
                                  0.000000    0.000000   clock network delay (ideal)
                                  2.000000    2.000000 ^ input external delay
     1    0.001807    0.015971    0.006817    2.006817 ^ axi_wvalid (in)
                                                         axi_wvalid (net)
                      0.015971    0.000000    2.006817 ^ _235_/A (sky130_fd_sc_hd__buf_2)
     1    0.033442    0.168786    0.184633    2.191450 ^ _235_/X (sky130_fd_sc_hd__buf_2)
                                                         axi_wready (net)
                      0.168786    0.000000    2.191450 ^ axi_wready (out)
                                              2.191450   data arrival time

                      0.150000   10.000000   10.000000   clock clk (rise edge)
                                  0.000000   10.000000   clock network delay (ideal)
                                 -0.250000    9.750000   clock uncertainty
                                  0.000000    9.750000   clock reconvergence pessimism
                                 -2.000000    7.750000   output external delay
                                              7.750000   data required time
---------------------------------------------------------------------------------------------
                                              7.750000   data required time
                                             -2.191450   data arrival time
---------------------------------------------------------------------------------------------
                                              5.558550   slack (MET)


Startpoint: _186_ (rising edge-triggered flip-flop clocked by clk)
Endpoint: uart_tx (output port clocked by clk)
Path Group: clk
Path Type: max

Fanout         Cap        Slew       Delay        Time   Description
---------------------------------------------------------------------------------------------
                      0.150000    0.000000    0.000000   clock clk (rise edge)
                                  0.000000    0.000000   clock network delay (ideal)
                      0.150000    0.000000    0.000000 ^ _186_/CLK (sky130_fd_sc_hd__dfrtp_2)
     2    0.042026    0.128079    0.522940    0.522940 v _186_/Q (sky130_fd_sc_hd__dfrtp_2)
                                                         uart_tx (net)
                      0.128079    0.000000    0.522940 v uart_tx (out)
                                              0.522940   data arrival time

                      0.150000   10.000000   10.000000   clock clk (rise edge)
                                  0.000000   10.000000   clock network delay (ideal)
                                 -0.250000    9.750000   clock uncertainty
                                  0.000000    9.750000   clock reconvergence pessimism
                                 -2.000000    7.750000   output external delay
                                              7.750000   data required time
---------------------------------------------------------------------------------------------
                                              7.750000   data required time
                                             -0.522940   data arrival time
---------------------------------------------------------------------------------------------
                                              7.227060   slack (MET)


Startpoint: _219_ (rising edge-triggered flip-flop clocked by clk)
Endpoint: gpio_out[0] (output port clocked by clk)
Path Group: clk
Path Type: max

Fanout         Cap        Slew       Delay        Time   Description
---------------------------------------------------------------------------------------------
                      0.150000    0.000000    0.000000   clock clk (rise edge)
                                  0.000000    0.000000   clock network delay (ideal)
                      0.150000    0.000000    0.000000 ^ _219_/CLK (sky130_fd_sc_hd__dfrtp_2)
     1    0.033442    0.110070    0.504914    0.504914 v _219_/Q (sky130_fd_sc_hd__dfrtp_2)
                                                         gpio_out[0] (net)
                      0.110070    0.000000    0.504914 v gpio_out[0] (out)
                                              0.504914   data arrival time

                      0.150000   10.000000   10.000000   clock clk (rise edge)
                                  0.000000   10.000000   clock network delay (ideal)
                                 -0.250000    9.750000   clock uncertainty
                                  0.000000    9.750000   clock reconvergence pessimism
                                 -2.000000    7.750000   output external delay
                                              7.750000   data required time
---------------------------------------------------------------------------------------------
                                              7.750000   data required time
                                             -0.504914   data arrival time
---------------------------------------------------------------------------------------------
                                              7.245086   slack (MET)


Startpoint: _220_ (rising edge-triggered flip-flop clocked by clk)
Endpoint: gpio_out[1] (output port clocked by clk)
Path Group: clk
Path Type: max

Fanout         Cap        Slew       Delay        Time   Description
---------------------------------------------------------------------------------------------
                      0.150000    0.000000    0.000000   clock clk (rise edge)
                                  0.000000    0.000000   clock network delay (ideal)
                      0.150000    0.000000    0.000000 ^ _220_/CLK (sky130_fd_sc_hd__dfrtp_2)
     1    0.033442    0.110070    0.504914    0.504914 v _220_/Q (sky130_fd_sc_hd__dfrtp_2)
                                                         gpio_out[1] (net)
                      0.110070    0.000000    0.504914 v gpio_out[1] (out)
                                              0.504914   data arrival time

                      0.150000   10.000000   10.000000   clock clk (rise edge)
                                  0.000000   10.000000   clock network delay (ideal)
                                 -0.250000    9.750000   clock uncertainty
                                  0.000000    9.750000   clock reconvergence pessimism
                                 -2.000000    7.750000   output external delay
                                              7.750000   data required time
---------------------------------------------------------------------------------------------
                                              7.750000   data required time
                                             -0.504914   data arrival time
---------------------------------------------------------------------------------------------
                                              7.245086   slack (MET)


Startpoint: _221_ (rising edge-triggered flip-flop clocked by clk)
Endpoint: gpio_out[2] (output port clocked by clk)
Path Group: clk
Path Type: max

Fanout         Cap        Slew       Delay        Time   Description
---------------------------------------------------------------------------------------------
                      0.150000    0.000000    0.000000   clock clk (rise edge)
                                  0.000000    0.000000   clock network delay (ideal)
                      0.150000    0.000000    0.000000 ^ _221_/CLK (sky130_fd_sc_hd__dfrtp_2)
     1    0.033442    0.110070    0.504914    0.504914 v _221_/Q (sky130_fd_sc_hd__dfrtp_2)
                                                         gpio_out[2] (net)
                      0.110070    0.000000    0.504914 v gpio_out[2] (out)
                                              0.504914   data arrival time

                      0.150000   10.000000   10.000000   clock clk (rise edge)
                                  0.000000   10.000000   clock network delay (ideal)
                                 -0.250000    9.750000   clock uncertainty
                                  0.000000    9.750000   clock reconvergence pessimism
                                 -2.000000    7.750000   output external delay
                                              7.750000   data required time
---------------------------------------------------------------------------------------------
                                              7.750000   data required time
                                             -0.504914   data arrival time
---------------------------------------------------------------------------------------------
                                              7.245086   slack (MET)


Startpoint: _222_ (rising edge-triggered flip-flop clocked by clk)
Endpoint: gpio_out[3] (output port clocked by clk)
Path Group: clk
Path Type: max

Fanout         Cap        Slew       Delay        Time   Description
---------------------------------------------------------------------------------------------
                      0.150000    0.000000    0.000000   clock clk (rise edge)
                                  0.000000    0.000000   clock network delay (ideal)
                      0.150000    0.000000    0.000000 ^ _222_/CLK (sky130_fd_sc_hd__dfrtp_2)
     1    0.033442    0.110070    0.504914    0.504914 v _222_/Q (sky130_fd_sc_hd__dfrtp_2)
                                                         gpio_out[3] (net)
                      0.110070    0.000000    0.504914 v gpio_out[3] (out)
                                              0.504914   data arrival time

                      0.150000   10.000000   10.000000   clock clk (rise edge)
                                  0.000000   10.000000   clock network delay (ideal)
                                 -0.250000    9.750000   clock uncertainty
                                  0.000000    9.750000   clock reconvergence pessimism
                                 -2.000000    7.750000   output external delay
                                              7.750000   data required time
---------------------------------------------------------------------------------------------
                                              7.750000   data required time
                                             -0.504914   data arrival time
---------------------------------------------------------------------------------------------
                                              7.245086   slack (MET)


Startpoint: _223_ (rising edge-triggered flip-flop clocked by clk)
Endpoint: gpio_out[4] (output port clocked by clk)
Path Group: clk
Path Type: max

Fanout         Cap        Slew       Delay        Time   Description
---------------------------------------------------------------------------------------------
                      0.150000    0.000000    0.000000   clock clk (rise edge)
                                  0.000000    0.000000   clock network delay (ideal)
                      0.150000    0.000000    0.000000 ^ _223_/CLK (sky130_fd_sc_hd__dfrtp_2)
     1    0.033442    0.110070    0.504914    0.504914 v _223_/Q (sky130_fd_sc_hd__dfrtp_2)
                                                         gpio_out[4] (net)
                      0.110070    0.000000    0.504914 v gpio_out[4] (out)
                                              0.504914   data arrival time

                      0.150000   10.000000   10.000000   clock clk (rise edge)
                                  0.000000   10.000000   clock network delay (ideal)
                                 -0.250000    9.750000   clock uncertainty
                                  0.000000    9.750000   clock reconvergence pessimism
                                 -2.000000    7.750000   output external delay
                                              7.750000   data required time
---------------------------------------------------------------------------------------------
                                              7.750000   data required time
                                             -0.504914   data arrival time
---------------------------------------------------------------------------------------------
                                              7.245086   slack (MET)


Startpoint: _224_ (rising edge-triggered flip-flop clocked by clk)
Endpoint: gpio_out[5] (output port clocked by clk)
Path Group: clk
Path Type: max

Fanout         Cap        Slew       Delay        Time   Description
---------------------------------------------------------------------------------------------
                      0.150000    0.000000    0.000000   clock clk (rise edge)
                                  0.000000    0.000000   clock network delay (ideal)
                      0.150000    0.000000    0.000000 ^ _224_/CLK (sky130_fd_sc_hd__dfrtp_2)
     1    0.033442    0.110070    0.504914    0.504914 v _224_/Q (sky130_fd_sc_hd__dfrtp_2)
                                                         gpio_out[5] (net)
                      0.110070    0.000000    0.504914 v gpio_out[5] (out)
                                              0.504914   data arrival time

                      0.150000   10.000000   10.000000   clock clk (rise edge)
                                  0.000000   10.000000   clock network delay (ideal)
                                 -0.250000    9.750000   clock uncertainty
                                  0.000000    9.750000   clock reconvergence pessimism
                                 -2.000000    7.750000   output external delay
                                              7.750000   data required time
---------------------------------------------------------------------------------------------
                                              7.750000   data required time
                                             -0.504914   data arrival time
---------------------------------------------------------------------------------------------
                                              7.245086   slack (MET)


Startpoint: _225_ (rising edge-triggered flip-flop clocked by clk)
Endpoint: gpio_out[6] (output port clocked by clk)
Path Group: clk
Path Type: max

Fanout         Cap        Slew       Delay        Time   Description
---------------------------------------------------------------------------------------------
                      0.150000    0.000000    0.000000   clock clk (rise edge)
                                  0.000000    0.000000   clock network delay (ideal)
                      0.150000    0.000000    0.000000 ^ _225_/CLK (sky130_fd_sc_hd__dfrtp_2)
     1    0.033442    0.110070    0.504914    0.504914 v _225_/Q (sky130_fd_sc_hd__dfrtp_2)
                                                         gpio_out[6] (net)
                      0.110070    0.000000    0.504914 v gpio_out[6] (out)
                                              0.504914   data arrival time

                      0.150000   10.000000   10.000000   clock clk (rise edge)
                                  0.000000   10.000000   clock network delay (ideal)
                                 -0.250000    9.750000   clock uncertainty
                                  0.000000    9.750000   clock reconvergence pessimism
                                 -2.000000    7.750000   output external delay
                                              7.750000   data required time
---------------------------------------------------------------------------------------------
                                              7.750000   data required time
                                             -0.504914   data arrival time
---------------------------------------------------------------------------------------------
                                              7.245086   slack (MET)


Startpoint: _226_ (rising edge-triggered flip-flop clocked by clk)
Endpoint: gpio_out[7] (output port clocked by clk)
Path Group: clk
Path Type: max

Fanout         Cap        Slew       Delay        Time   Description
---------------------------------------------------------------------------------------------
                      0.150000    0.000000    0.000000   clock clk (rise edge)
                                  0.000000    0.000000   clock network delay (ideal)
                      0.150000    0.000000    0.000000 ^ _226_/CLK (sky130_fd_sc_hd__dfrtp_2)
     1    0.033442    0.110070    0.504914    0.504914 v _226_/Q (sky130_fd_sc_hd__dfrtp_2)
                                                         gpio_out[7] (net)
                      0.110070    0.000000    0.504914 v gpio_out[7] (out)
                                              0.504914   data arrival time

                      0.150000   10.000000   10.000000   clock clk (rise edge)
                                  0.000000   10.000000   clock network delay (ideal)
                                 -0.250000    9.750000   clock uncertainty
                                  0.000000    9.750000   clock reconvergence pessimism
                                 -2.000000    7.750000   output external delay
                                              7.750000   data required time
---------------------------------------------------------------------------------------------
                                              7.750000   data required time
                                             -0.504914   data arrival time
---------------------------------------------------------------------------------------------
                                              7.245086   slack (MET)


Startpoint: rst_n (input port clocked by clk)
Endpoint: _186_ (recovery check against rising-edge clock clk)
Path Group: asynchronous
Path Type: max

Fanout         Cap        Slew       Delay        Time   Description
---------------------------------------------------------------------------------------------
                      0.150000    0.000000    0.000000   clock clk (rise edge)
                                  0.000000    0.000000   clock network delay (ideal)
                                  2.000000    2.000000 ^ input external delay
    41    0.148092    0.671801    0.458607    2.458607 ^ rst_n (in)
                                                         rst_n (net)
                      0.671801    0.000000    2.458607 ^ _186_/RESET_B (sky130_fd_sc_hd__dfrtp_2)
                                              2.458607   data arrival time

                      0.150000   10.000000   10.000000   clock clk (rise edge)
                                  0.000000   10.000000   clock network delay (ideal)
                                 -0.250000    9.750000   clock uncertainty
                                  0.000000    9.750000   clock reconvergence pessimism
                                              9.750000 ^ _186_/CLK (sky130_fd_sc_hd__dfrtp_2)
                                  0.059519    9.809520   library recovery time
                                              9.809520   data required time
---------------------------------------------------------------------------------------------
                                              9.809520   data required time
                                             -2.458607   data arrival time
---------------------------------------------------------------------------------------------
                                              7.350913   slack (MET)


Startpoint: rst_n (input port clocked by clk)
Endpoint: _187_ (recovery check against rising-edge clock clk)
Path Group: asynchronous
Path Type: max

Fanout         Cap        Slew       Delay        Time   Description
---------------------------------------------------------------------------------------------
                      0.150000    0.000000    0.000000   clock clk (rise edge)
                                  0.000000    0.000000   clock network delay (ideal)
                                  2.000000    2.000000 ^ input external delay
    41    0.148092    0.671801    0.458607    2.458607 ^ rst_n (in)
                                                         rst_n (net)
                      0.671801    0.000000    2.458607 ^ _187_/RESET_B (sky130_fd_sc_hd__dfrtp_2)
                                              2.458607   data arrival time

                      0.150000   10.000000   10.000000   clock clk (rise edge)
                                  0.000000   10.000000   clock network delay (ideal)
                                 -0.250000    9.750000   clock uncertainty
                                  0.000000    9.750000   clock reconvergence pessimism
                                              9.750000 ^ _187_/CLK (sky130_fd_sc_hd__dfrtp_2)
                                  0.059519    9.809520   library recovery time
                                              9.809520   data required time
---------------------------------------------------------------------------------------------
                                              9.809520   data required time
                                             -2.458607   data arrival time
---------------------------------------------------------------------------------------------
                                              7.350913   slack (MET)


Startpoint: rst_n (input port clocked by clk)
Endpoint: _188_ (recovery check against rising-edge clock clk)
Path Group: asynchronous
Path Type: max

Fanout         Cap        Slew       Delay        Time   Description
---------------------------------------------------------------------------------------------
                      0.150000    0.000000    0.000000   clock clk (rise edge)
                                  0.000000    0.000000   clock network delay (ideal)
                                  2.000000    2.000000 ^ input external delay
    41    0.148092    0.671801    0.458607    2.458607 ^ rst_n (in)
                                                         rst_n (net)
                      0.671801    0.000000    2.458607 ^ _188_/RESET_B (sky130_fd_sc_hd__dfrtp_2)
                                              2.458607   data arrival time

                      0.150000   10.000000   10.000000   clock clk (rise edge)
                                  0.000000   10.000000   clock network delay (ideal)
                                 -0.250000    9.750000   clock uncertainty
                                  0.000000    9.750000   clock reconvergence pessimism
                                              9.750000 ^ _188_/CLK (sky130_fd_sc_hd__dfrtp_2)
                                  0.059519    9.809520   library recovery time
                                              9.809520   data required time
---------------------------------------------------------------------------------------------
                                              9.809520   data required time
                                             -2.458607   data arrival time
---------------------------------------------------------------------------------------------
                                              7.350913   slack (MET)


Startpoint: rst_n (input port clocked by clk)
Endpoint: _189_ (recovery check against rising-edge clock clk)
Path Group: asynchronous
Path Type: max

Fanout         Cap        Slew       Delay        Time   Description
---------------------------------------------------------------------------------------------
                      0.150000    0.000000    0.000000   clock clk (rise edge)
                                  0.000000    0.000000   clock network delay (ideal)
                                  2.000000    2.000000 ^ input external delay
    41    0.148092    0.671801    0.458607    2.458607 ^ rst_n (in)
                                                         rst_n (net)
                      0.671801    0.000000    2.458607 ^ _189_/RESET_B (sky130_fd_sc_hd__dfrtp_2)
                                              2.458607   data arrival time

                      0.150000   10.000000   10.000000   clock clk (rise edge)
                                  0.000000   10.000000   clock network delay (ideal)
                                 -0.250000    9.750000   clock uncertainty
                                  0.000000    9.750000   clock reconvergence pessimism
                                              9.750000 ^ _189_/CLK (sky130_fd_sc_hd__dfrtp_2)
                                  0.059519    9.809520   library recovery time
                                              9.809520   data required time
---------------------------------------------------------------------------------------------
                                              9.809520   data required time
                                             -2.458607   data arrival time
---------------------------------------------------------------------------------------------
                                              7.350913   slack (MET)


Startpoint: rst_n (input port clocked by clk)
Endpoint: _190_ (recovery check against rising-edge clock clk)
Path Group: asynchronous
Path Type: max

Fanout         Cap        Slew       Delay        Time   Description
---------------------------------------------------------------------------------------------
                      0.150000    0.000000    0.000000   clock clk (rise edge)
                                  0.000000    0.000000   clock network delay (ideal)
                                  2.000000    2.000000 ^ input external delay
    41    0.148092    0.671801    0.458607    2.458607 ^ rst_n (in)
                                                         rst_n (net)
                      0.671801    0.000000    2.458607 ^ _190_/RESET_B (sky130_fd_sc_hd__dfrtp_2)
                                              2.458607   data arrival time

                      0.150000   10.000000   10.000000   clock clk (rise edge)
                                  0.000000   10.000000   clock network delay (ideal)
                                 -0.250000    9.750000   clock uncertainty
                                  0.000000    9.750000   clock reconvergence pessimism
                                              9.750000 ^ _190_/CLK (sky130_fd_sc_hd__dfrtp_2)
                                  0.059519    9.809520   library recovery time
                                              9.809520   data required time
---------------------------------------------------------------------------------------------
                                              9.809520   data required time
                                             -2.458607   data arrival time
---------------------------------------------------------------------------------------------
                                              7.350913   slack (MET)


Startpoint: rst_n (input port clocked by clk)
Endpoint: _191_ (recovery check against rising-edge clock clk)
Path Group: asynchronous
Path Type: max

Fanout         Cap        Slew       Delay        Time   Description
---------------------------------------------------------------------------------------------
                      0.150000    0.000000    0.000000   clock clk (rise edge)
                                  0.000000    0.000000   clock network delay (ideal)
                                  2.000000    2.000000 ^ input external delay
    41    0.148092    0.671801    0.458607    2.458607 ^ rst_n (in)
                                                         rst_n (net)
                      0.671801    0.000000    2.458607 ^ _191_/RESET_B (sky130_fd_sc_hd__dfrtp_2)
                                              2.458607   data arrival time

                      0.150000   10.000000   10.000000   clock clk (rise edge)
                                  0.000000   10.000000   clock network delay (ideal)
                                 -0.250000    9.750000   clock uncertainty
                                  0.000000    9.750000   clock reconvergence pessimism
                                              9.750000 ^ _191_/CLK (sky130_fd_sc_hd__dfrtp_2)
                                  0.059519    9.809520   library recovery time
                                              9.809520   data required time
---------------------------------------------------------------------------------------------
                                              9.809520   data required time
                                             -2.458607   data arrival time
---------------------------------------------------------------------------------------------
                                              7.350913   slack (MET)


Startpoint: rst_n (input port clocked by clk)
Endpoint: _192_ (recovery check against rising-edge clock clk)
Path Group: asynchronous
Path Type: max

Fanout         Cap        Slew       Delay        Time   Description
---------------------------------------------------------------------------------------------
                      0.150000    0.000000    0.000000   clock clk (rise edge)
                                  0.000000    0.000000   clock network delay (ideal)
                                  2.000000    2.000000 ^ input external delay
    41    0.148092    0.671801    0.458607    2.458607 ^ rst_n (in)
                                                         rst_n (net)
                      0.671801    0.000000    2.458607 ^ _192_/RESET_B (sky130_fd_sc_hd__dfrtp_2)
                                              2.458607   data arrival time

                      0.150000   10.000000   10.000000   clock clk (rise edge)
                                  0.000000   10.000000   clock network delay (ideal)
                                 -0.250000    9.750000   clock uncertainty
                                  0.000000    9.750000   clock reconvergence pessimism
                                              9.750000 ^ _192_/CLK (sky130_fd_sc_hd__dfrtp_2)
                                  0.059519    9.809520   library recovery time
                                              9.809520   data required time
---------------------------------------------------------------------------------------------
                                              9.809520   data required time
                                             -2.458607   data arrival time
---------------------------------------------------------------------------------------------
                                              7.350913   slack (MET)


Startpoint: rst_n (input port clocked by clk)
Endpoint: _193_ (recovery check against rising-edge clock clk)
Path Group: asynchronous
Path Type: max

Fanout         Cap        Slew       Delay        Time   Description
---------------------------------------------------------------------------------------------
                      0.150000    0.000000    0.000000   clock clk (rise edge)
                                  0.000000    0.000000   clock network delay (ideal)
                                  2.000000    2.000000 ^ input external delay
    41    0.148092    0.671801    0.458607    2.458607 ^ rst_n (in)
                                                         rst_n (net)
                      0.671801    0.000000    2.458607 ^ _193_/RESET_B (sky130_fd_sc_hd__dfrtp_2)
                                              2.458607   data arrival time

                      0.150000   10.000000   10.000000   clock clk (rise edge)
                                  0.000000   10.000000   clock network delay (ideal)
                                 -0.250000    9.750000   clock uncertainty
                                  0.000000    9.750000   clock reconvergence pessimism
                                              9.750000 ^ _193_/CLK (sky130_fd_sc_hd__dfrtp_2)
                                  0.059519    9.809520   library recovery time
                                              9.809520   data required time
---------------------------------------------------------------------------------------------
                                              9.809520   data required time
                                             -2.458607   data arrival time
---------------------------------------------------------------------------------------------
                                              7.350913   slack (MET)


Startpoint: rst_n (input port clocked by clk)
Endpoint: _194_ (recovery check against rising-edge clock clk)
Path Group: asynchronous
Path Type: max

Fanout         Cap        Slew       Delay        Time   Description
---------------------------------------------------------------------------------------------
                      0.150000    0.000000    0.000000   clock clk (rise edge)
                                  0.000000    0.000000   clock network delay (ideal)
                                  2.000000    2.000000 ^ input external delay
    41    0.148092    0.671801    0.458607    2.458607 ^ rst_n (in)
                                                         rst_n (net)
                      0.671801    0.000000    2.458607 ^ _194_/RESET_B (sky130_fd_sc_hd__dfrtp_2)
                                              2.458607   data arrival time

                      0.150000   10.000000   10.000000   clock clk (rise edge)
                                  0.000000   10.000000   clock network delay (ideal)
                                 -0.250000    9.750000   clock uncertainty
                                  0.000000    9.750000   clock reconvergence pessimism
                                              9.750000 ^ _194_/CLK (sky130_fd_sc_hd__dfrtp_2)
                                  0.059519    9.809520   library recovery time
                                              9.809520   data required time
---------------------------------------------------------------------------------------------
                                              9.809520   data required time
                                             -2.458607   data arrival time
---------------------------------------------------------------------------------------------
                                              7.350913   slack (MET)


Startpoint: rst_n (input port clocked by clk)
Endpoint: _195_ (recovery check against rising-edge clock clk)
Path Group: asynchronous
Path Type: max

Fanout         Cap        Slew       Delay        Time   Description
---------------------------------------------------------------------------------------------
                      0.150000    0.000000    0.000000   clock clk (rise edge)
                                  0.000000    0.000000   clock network delay (ideal)
                                  2.000000    2.000000 ^ input external delay
    41    0.148092    0.671801    0.458607    2.458607 ^ rst_n (in)
                                                         rst_n (net)
                      0.671801    0.000000    2.458607 ^ _195_/RESET_B (sky130_fd_sc_hd__dfrtp_2)
                                              2.458607   data arrival time

                      0.150000   10.000000   10.000000   clock clk (rise edge)
                                  0.000000   10.000000   clock network delay (ideal)
                                 -0.250000    9.750000   clock uncertainty
                                  0.000000    9.750000   clock reconvergence pessimism
                                              9.750000 ^ _195_/CLK (sky130_fd_sc_hd__dfrtp_2)
                                  0.059519    9.809520   library recovery time
                                              9.809520   data required time
---------------------------------------------------------------------------------------------
                                              9.809520   data required time
                                             -2.458607   data arrival time
---------------------------------------------------------------------------------------------
                                              7.350913   slack (MET)


Startpoint: rst_n (input port clocked by clk)
Endpoint: _196_ (recovery check against rising-edge clock clk)
Path Group: asynchronous
Path Type: max

Fanout         Cap        Slew       Delay        Time   Description
---------------------------------------------------------------------------------------------
                      0.150000    0.000000    0.000000   clock clk (rise edge)
                                  0.000000    0.000000   clock network delay (ideal)
                                  2.000000    2.000000 ^ input external delay
    41    0.148092    0.671801    0.458607    2.458607 ^ rst_n (in)
                                                         rst_n (net)
                      0.671801    0.000000    2.458607 ^ _196_/RESET_B (sky130_fd_sc_hd__dfrtp_2)
                                              2.458607   data arrival time

                      0.150000   10.000000   10.000000   clock clk (rise edge)
                                  0.000000   10.000000   clock network delay (ideal)
                                 -0.250000    9.750000   clock uncertainty
                                  0.000000    9.750000   clock reconvergence pessimism
                                              9.750000 ^ _196_/CLK (sky130_fd_sc_hd__dfrtp_2)
                                  0.059519    9.809520   library recovery time
                                              9.809520   data required time
---------------------------------------------------------------------------------------------
                                              9.809520   data required time
                                             -2.458607   data arrival time
---------------------------------------------------------------------------------------------
                                              7.350913   slack (MET)


Startpoint: rst_n (input port clocked by clk)
Endpoint: _197_ (recovery check against rising-edge clock clk)
Path Group: asynchronous
Path Type: max

Fanout         Cap        Slew       Delay        Time   Description
---------------------------------------------------------------------------------------------
                      0.150000    0.000000    0.000000   clock clk (rise edge)
                                  0.000000    0.000000   clock network delay (ideal)
                                  2.000000    2.000000 ^ input external delay
    41    0.148092    0.671801    0.458607    2.458607 ^ rst_n (in)
                                                         rst_n (net)
                      0.671801    0.000000    2.458607 ^ _197_/RESET_B (sky130_fd_sc_hd__dfrtp_2)
                                              2.458607   data arrival time

                      0.150000   10.000000   10.000000   clock clk (rise edge)
                                  0.000000   10.000000   clock network delay (ideal)
                                 -0.250000    9.750000   clock uncertainty
                                  0.000000    9.750000   clock reconvergence pessimism
                                              9.750000 ^ _197_/CLK (sky130_fd_sc_hd__dfrtp_2)
                                  0.059519    9.809520   library recovery time
                                              9.809520   data required time
---------------------------------------------------------------------------------------------
                                              9.809520   data required time
                                             -2.458607   data arrival time
---------------------------------------------------------------------------------------------
                                              7.350913   slack (MET)


Startpoint: rst_n (input port clocked by clk)
Endpoint: _198_ (recovery check against rising-edge clock clk)
Path Group: asynchronous
Path Type: max

Fanout         Cap        Slew       Delay        Time   Description
---------------------------------------------------------------------------------------------
                      0.150000    0.000000    0.000000   clock clk (rise edge)
                                  0.000000    0.000000   clock network delay (ideal)
                                  2.000000    2.000000 ^ input external delay
    41    0.148092    0.671801    0.458607    2.458607 ^ rst_n (in)
                                                         rst_n (net)
                      0.671801    0.000000    2.458607 ^ _198_/RESET_B (sky130_fd_sc_hd__dfrtp_2)
                                              2.458607   data arrival time

                      0.150000   10.000000   10.000000   clock clk (rise edge)
                                  0.000000   10.000000   clock network delay (ideal)
                                 -0.250000    9.750000   clock uncertainty
                                  0.000000    9.750000   clock reconvergence pessimism
                                              9.750000 ^ _198_/CLK (sky130_fd_sc_hd__dfrtp_2)
                                  0.059519    9.809520   library recovery time
                                              9.809520   data required time
---------------------------------------------------------------------------------------------
                                              9.809520   data required time
                                             -2.458607   data arrival time
---------------------------------------------------------------------------------------------
                                              7.350913   slack (MET)


Startpoint: rst_n (input port clocked by clk)
Endpoint: _199_ (recovery check against rising-edge clock clk)
Path Group: asynchronous
Path Type: max

Fanout         Cap        Slew       Delay        Time   Description
---------------------------------------------------------------------------------------------
                      0.150000    0.000000    0.000000   clock clk (rise edge)
                                  0.000000    0.000000   clock network delay (ideal)
                                  2.000000    2.000000 ^ input external delay
    41    0.148092    0.671801    0.458607    2.458607 ^ rst_n (in)
                                                         rst_n (net)
                      0.671801    0.000000    2.458607 ^ _199_/RESET_B (sky130_fd_sc_hd__dfrtp_2)
                                              2.458607   data arrival time

                      0.150000   10.000000   10.000000   clock clk (rise edge)
                                  0.000000   10.000000   clock network delay (ideal)
                                 -0.250000    9.750000   clock uncertainty
                                  0.000000    9.750000   clock reconvergence pessimism
                                              9.750000 ^ _199_/CLK (sky130_fd_sc_hd__dfrtp_2)
                                  0.059519    9.809520   library recovery time
                                              9.809520   data required time
---------------------------------------------------------------------------------------------
                                              9.809520   data required time
                                             -2.458607   data arrival time
---------------------------------------------------------------------------------------------
                                              7.350913   slack (MET)


Startpoint: rst_n (input port clocked by clk)
Endpoint: _200_ (recovery check against rising-edge clock clk)
Path Group: asynchronous
Path Type: max

Fanout         Cap        Slew       Delay        Time   Description
---------------------------------------------------------------------------------------------
                      0.150000    0.000000    0.000000   clock clk (rise edge)
                                  0.000000    0.000000   clock network delay (ideal)
                                  2.000000    2.000000 ^ input external delay
    41    0.148092    0.671801    0.458607    2.458607 ^ rst_n (in)
                                                         rst_n (net)
                      0.671801    0.000000    2.458607 ^ _200_/RESET_B (sky130_fd_sc_hd__dfrtp_2)
                                              2.458607   data arrival time

                      0.150000   10.000000   10.000000   clock clk (rise edge)
                                  0.000000   10.000000   clock network delay (ideal)
                                 -0.250000    9.750000   clock uncertainty
                                  0.000000    9.750000   clock reconvergence pessimism
                                              9.750000 ^ _200_/CLK (sky130_fd_sc_hd__dfrtp_2)
                                  0.059519    9.809520   library recovery time
                                              9.809520   data required time
---------------------------------------------------------------------------------------------
                                              9.809520   data required time
                                             -2.458607   data arrival time
---------------------------------------------------------------------------------------------
                                              7.350913   slack (MET)


Startpoint: rst_n (input port clocked by clk)
Endpoint: _201_ (recovery check against rising-edge clock clk)
Path Group: asynchronous
Path Type: max

Fanout         Cap        Slew       Delay        Time   Description
---------------------------------------------------------------------------------------------
                      0.150000    0.000000    0.000000   clock clk (rise edge)
                                  0.000000    0.000000   clock network delay (ideal)
                                  2.000000    2.000000 ^ input external delay
    41    0.148092    0.671801    0.458607    2.458607 ^ rst_n (in)
                                                         rst_n (net)
                      0.671801    0.000000    2.458607 ^ _201_/RESET_B (sky130_fd_sc_hd__dfrtp_2)
                                              2.458607   data arrival time

                      0.150000   10.000000   10.000000   clock clk (rise edge)
                                  0.000000   10.000000   clock network delay (ideal)
                                 -0.250000    9.750000   clock uncertainty
                                  0.000000    9.750000   clock reconvergence pessimism
                                              9.750000 ^ _201_/CLK (sky130_fd_sc_hd__dfrtp_2)
                                  0.059519    9.809520   library recovery time
                                              9.809520   data required time
---------------------------------------------------------------------------------------------
                                              9.809520   data required time
                                             -2.458607   data arrival time
---------------------------------------------------------------------------------------------
                                              7.350913   slack (MET)


Startpoint: rst_n (input port clocked by clk)
Endpoint: _202_ (recovery check against rising-edge clock clk)
Path Group: asynchronous
Path Type: max

Fanout         Cap        Slew       Delay        Time   Description
---------------------------------------------------------------------------------------------
                      0.150000    0.000000    0.000000   clock clk (rise edge)
                                  0.000000    0.000000   clock network delay (ideal)
                                  2.000000    2.000000 ^ input external delay
    41    0.148092    0.671801    0.458607    2.458607 ^ rst_n (in)
                                                         rst_n (net)
                      0.671801    0.000000    2.458607 ^ _202_/RESET_B (sky130_fd_sc_hd__dfrtp_2)
                                              2.458607   data arrival time

                      0.150000   10.000000   10.000000   clock clk (rise edge)
                                  0.000000   10.000000   clock network delay (ideal)
                                 -0.250000    9.750000   clock uncertainty
                                  0.000000    9.750000   clock reconvergence pessimism
                                              9.750000 ^ _202_/CLK (sky130_fd_sc_hd__dfrtp_2)
                                  0.059519    9.809520   library recovery time
                                              9.809520   data required time
---------------------------------------------------------------------------------------------
                                              9.809520   data required time
                                             -2.458607   data arrival time
---------------------------------------------------------------------------------------------
                                              7.350913   slack (MET)


Startpoint: rst_n (input port clocked by clk)
Endpoint: _203_ (recovery check against rising-edge clock clk)
Path Group: asynchronous
Path Type: max

Fanout         Cap        Slew       Delay        Time   Description
---------------------------------------------------------------------------------------------
                      0.150000    0.000000    0.000000   clock clk (rise edge)
                                  0.000000    0.000000   clock network delay (ideal)
                                  2.000000    2.000000 ^ input external delay
    41    0.148092    0.671801    0.458607    2.458607 ^ rst_n (in)
                                                         rst_n (net)
                      0.671801    0.000000    2.458607 ^ _203_/RESET_B (sky130_fd_sc_hd__dfrtp_2)
                                              2.458607   data arrival time

                      0.150000   10.000000   10.000000   clock clk (rise edge)
                                  0.000000   10.000000   clock network delay (ideal)
                                 -0.250000    9.750000   clock uncertainty
                                  0.000000    9.750000   clock reconvergence pessimism
                                              9.750000 ^ _203_/CLK (sky130_fd_sc_hd__dfrtp_2)
                                  0.059519    9.809520   library recovery time
                                              9.809520   data required time
---------------------------------------------------------------------------------------------
                                              9.809520   data required time
                                             -2.458607   data arrival time
---------------------------------------------------------------------------------------------
                                              7.350913   slack (MET)


Startpoint: rst_n (input port clocked by clk)
Endpoint: _204_ (recovery check against rising-edge clock clk)
Path Group: asynchronous
Path Type: max

Fanout         Cap        Slew       Delay        Time   Description
---------------------------------------------------------------------------------------------
                      0.150000    0.000000    0.000000   clock clk (rise edge)
                                  0.000000    0.000000   clock network delay (ideal)
                                  2.000000    2.000000 ^ input external delay
    41    0.148092    0.671801    0.458607    2.458607 ^ rst_n (in)
                                                         rst_n (net)
                      0.671801    0.000000    2.458607 ^ _204_/RESET_B (sky130_fd_sc_hd__dfrtp_2)
                                              2.458607   data arrival time

                      0.150000   10.000000   10.000000   clock clk (rise edge)
                                  0.000000   10.000000   clock network delay (ideal)
                                 -0.250000    9.750000   clock uncertainty
                                  0.000000    9.750000   clock reconvergence pessimism
                                              9.750000 ^ _204_/CLK (sky130_fd_sc_hd__dfrtp_2)
                                  0.059519    9.809520   library recovery time
                                              9.809520   data required time
---------------------------------------------------------------------------------------------
                                              9.809520   data required time
                                             -2.458607   data arrival time
---------------------------------------------------------------------------------------------
                                              7.350913   slack (MET)


Startpoint: rst_n (input port clocked by clk)
Endpoint: _205_ (recovery check against rising-edge clock clk)
Path Group: asynchronous
Path Type: max

Fanout         Cap        Slew       Delay        Time   Description
---------------------------------------------------------------------------------------------
                      0.150000    0.000000    0.000000   clock clk (rise edge)
                                  0.000000    0.000000   clock network delay (ideal)
                                  2.000000    2.000000 ^ input external delay
    41    0.148092    0.671801    0.458607    2.458607 ^ rst_n (in)
                                                         rst_n (net)
                      0.671801    0.000000    2.458607 ^ _205_/RESET_B (sky130_fd_sc_hd__dfrtp_2)
                                              2.458607   data arrival time

                      0.150000   10.000000   10.000000   clock clk (rise edge)
                                  0.000000   10.000000   clock network delay (ideal)
                                 -0.250000    9.750000   clock uncertainty
                                  0.000000    9.750000   clock reconvergence pessimism
                                              9.750000 ^ _205_/CLK (sky130_fd_sc_hd__dfrtp_2)
                                  0.059519    9.809520   library recovery time
                                              9.809520   data required time
---------------------------------------------------------------------------------------------
                                              9.809520   data required time
                                             -2.458607   data arrival time
---------------------------------------------------------------------------------------------
                                              7.350913   slack (MET)


Startpoint: rst_n (input port clocked by clk)
Endpoint: _206_ (recovery check against rising-edge clock clk)
Path Group: asynchronous
Path Type: max

Fanout         Cap        Slew       Delay        Time   Description
---------------------------------------------------------------------------------------------
                      0.150000    0.000000    0.000000   clock clk (rise edge)
                                  0.000000    0.000000   clock network delay (ideal)
                                  2.000000    2.000000 ^ input external delay
    41    0.148092    0.671801    0.458607    2.458607 ^ rst_n (in)
                                                         rst_n (net)
                      0.671801    0.000000    2.458607 ^ _206_/RESET_B (sky130_fd_sc_hd__dfrtp_2)
                                              2.458607   data arrival time

                      0.150000   10.000000   10.000000   clock clk (rise edge)
                                  0.000000   10.000000   clock network delay (ideal)
                                 -0.250000    9.750000   clock uncertainty
                                  0.000000    9.750000   clock reconvergence pessimism
                                              9.750000 ^ _206_/CLK (sky130_fd_sc_hd__dfrtp_2)
                                  0.059519    9.809520   library recovery time
                                              9.809520   data required time
---------------------------------------------------------------------------------------------
                                              9.809520   data required time
                                             -2.458607   data arrival time
---------------------------------------------------------------------------------------------
                                              7.350913   slack (MET)


Startpoint: rst_n (input port clocked by clk)
Endpoint: _207_ (recovery check against rising-edge clock clk)
Path Group: asynchronous
Path Type: max

Fanout         Cap        Slew       Delay        Time   Description
---------------------------------------------------------------------------------------------
                      0.150000    0.000000    0.000000   clock clk (rise edge)
                                  0.000000    0.000000   clock network delay (ideal)
                                  2.000000    2.000000 ^ input external delay
    41    0.148092    0.671801    0.458607    2.458607 ^ rst_n (in)
                                                         rst_n (net)
                      0.671801    0.000000    2.458607 ^ _207_/RESET_B (sky130_fd_sc_hd__dfrtp_2)
                                              2.458607   data arrival time

                      0.150000   10.000000   10.000000   clock clk (rise edge)
                                  0.000000   10.000000   clock network delay (ideal)
                                 -0.250000    9.750000   clock uncertainty
                                  0.000000    9.750000   clock reconvergence pessimism
                                              9.750000 ^ _207_/CLK (sky130_fd_sc_hd__dfrtp_2)
                                  0.059519    9.809520   library recovery time
                                              9.809520   data required time
---------------------------------------------------------------------------------------------
                                              9.809520   data required time
                                             -2.458607   data arrival time
---------------------------------------------------------------------------------------------
                                              7.350913   slack (MET)


Startpoint: rst_n (input port clocked by clk)
Endpoint: _208_ (recovery check against rising-edge clock clk)
Path Group: asynchronous
Path Type: max

Fanout         Cap        Slew       Delay        Time   Description
---------------------------------------------------------------------------------------------
                      0.150000    0.000000    0.000000   clock clk (rise edge)
                                  0.000000    0.000000   clock network delay (ideal)
                                  2.000000    2.000000 ^ input external delay
    41    0.148092    0.671801    0.458607    2.458607 ^ rst_n (in)
                                                         rst_n (net)
                      0.671801    0.000000    2.458607 ^ _208_/RESET_B (sky130_fd_sc_hd__dfrtp_2)
                                              2.458607   data arrival time

                      0.150000   10.000000   10.000000   clock clk (rise edge)
                                  0.000000   10.000000   clock network delay (ideal)
                                 -0.250000    9.750000   clock uncertainty
                                  0.000000    9.750000   clock reconvergence pessimism
                                              9.750000 ^ _208_/CLK (sky130_fd_sc_hd__dfrtp_2)
                                  0.059519    9.809520   library recovery time
                                              9.809520   data required time
---------------------------------------------------------------------------------------------
                                              9.809520   data required time
                                             -2.458607   data arrival time
---------------------------------------------------------------------------------------------
                                              7.350913   slack (MET)


Startpoint: rst_n (input port clocked by clk)
Endpoint: _209_ (recovery check against rising-edge clock clk)
Path Group: asynchronous
Path Type: max

Fanout         Cap        Slew       Delay        Time   Description
---------------------------------------------------------------------------------------------
                      0.150000    0.000000    0.000000   clock clk (rise edge)
                                  0.000000    0.000000   clock network delay (ideal)
                                  2.000000    2.000000 ^ input external delay
    41    0.148092    0.671801    0.458607    2.458607 ^ rst_n (in)
                                                         rst_n (net)
                      0.671801    0.000000    2.458607 ^ _209_/RESET_B (sky130_fd_sc_hd__dfrtp_2)
                                              2.458607   data arrival time

                      0.150000   10.000000   10.000000   clock clk (rise edge)
                                  0.000000   10.000000   clock network delay (ideal)
                                 -0.250000    9.750000   clock uncertainty
                                  0.000000    9.750000   clock reconvergence pessimism
                                              9.750000 ^ _209_/CLK (sky130_fd_sc_hd__dfrtp_2)
                                  0.059519    9.809520   library recovery time
                                              9.809520   data required time
---------------------------------------------------------------------------------------------
                                              9.809520   data required time
                                             -2.458607   data arrival time
---------------------------------------------------------------------------------------------
                                              7.350913   slack (MET)


Startpoint: rst_n (input port clocked by clk)
Endpoint: _210_ (recovery check against rising-edge clock clk)
Path Group: asynchronous
Path Type: max

Fanout         Cap        Slew       Delay        Time   Description
---------------------------------------------------------------------------------------------
                      0.150000    0.000000    0.000000   clock clk (rise edge)
                                  0.000000    0.000000   clock network delay (ideal)
                                  2.000000    2.000000 ^ input external delay
    41    0.148092    0.671801    0.458607    2.458607 ^ rst_n (in)
                                                         rst_n (net)
                      0.671801    0.000000    2.458607 ^ _210_/RESET_B (sky130_fd_sc_hd__dfrtp_2)
                                              2.458607   data arrival time

                      0.150000   10.000000   10.000000   clock clk (rise edge)
                                  0.000000   10.000000   clock network delay (ideal)
                                 -0.250000    9.750000   clock uncertainty
                                  0.000000    9.750000   clock reconvergence pessimism
                                              9.750000 ^ _210_/CLK (sky130_fd_sc_hd__dfrtp_2)
                                  0.059519    9.809520   library recovery time
                                              9.809520   data required time
---------------------------------------------------------------------------------------------
                                              9.809520   data required time
                                             -2.458607   data arrival time
---------------------------------------------------------------------------------------------
                                              7.350913   slack (MET)


Startpoint: rst_n (input port clocked by clk)
Endpoint: _211_ (recovery check against rising-edge clock clk)
Path Group: asynchronous
Path Type: max

Fanout         Cap        Slew       Delay        Time   Description
---------------------------------------------------------------------------------------------
                      0.150000    0.000000    0.000000   clock clk (rise edge)
                                  0.000000    0.000000   clock network delay (ideal)
                                  2.000000    2.000000 ^ input external delay
    41    0.148092    0.671801    0.458607    2.458607 ^ rst_n (in)
                                                         rst_n (net)
                      0.671801    0.000000    2.458607 ^ _211_/RESET_B (sky130_fd_sc_hd__dfrtp_2)
                                              2.458607   data arrival time

                      0.150000   10.000000   10.000000   clock clk (rise edge)
                                  0.000000   10.000000   clock network delay (ideal)
                                 -0.250000    9.750000   clock uncertainty
                                  0.000000    9.750000   clock reconvergence pessimism
                                              9.750000 ^ _211_/CLK (sky130_fd_sc_hd__dfrtp_2)
                                  0.059519    9.809520   library recovery time
                                              9.809520   data required time
---------------------------------------------------------------------------------------------
                                              9.809520   data required time
                                             -2.458607   data arrival time
---------------------------------------------------------------------------------------------
                                              7.350913   slack (MET)


Startpoint: rst_n (input port clocked by clk)
Endpoint: _212_ (recovery check against rising-edge clock clk)
Path Group: asynchronous
Path Type: max

Fanout         Cap        Slew       Delay        Time   Description
---------------------------------------------------------------------------------------------
                      0.150000    0.000000    0.000000   clock clk (rise edge)
                                  0.000000    0.000000   clock network delay (ideal)
                                  2.000000    2.000000 ^ input external delay
    41    0.148092    0.671801    0.458607    2.458607 ^ rst_n (in)
                                                         rst_n (net)
                      0.671801    0.000000    2.458607 ^ _212_/RESET_B (sky130_fd_sc_hd__dfrtp_2)
                                              2.458607   data arrival time

                      0.150000   10.000000   10.000000   clock clk (rise edge)
                                  0.000000   10.000000   clock network delay (ideal)
                                 -0.250000    9.750000   clock uncertainty
                                  0.000000    9.750000   clock reconvergence pessimism
                                              9.750000 ^ _212_/CLK (sky130_fd_sc_hd__dfrtp_2)
                                  0.059519    9.809520   library recovery time
                                              9.809520   data required time
---------------------------------------------------------------------------------------------
                                              9.809520   data required time
                                             -2.458607   data arrival time
---------------------------------------------------------------------------------------------
                                              7.350913   slack (MET)


Startpoint: rst_n (input port clocked by clk)
Endpoint: _213_ (recovery check against rising-edge clock clk)
Path Group: asynchronous
Path Type: max

Fanout         Cap        Slew       Delay        Time   Description
---------------------------------------------------------------------------------------------
                      0.150000    0.000000    0.000000   clock clk (rise edge)
                                  0.000000    0.000000   clock network delay (ideal)
                                  2.000000    2.000000 ^ input external delay
    41    0.148092    0.671801    0.458607    2.458607 ^ rst_n (in)
                                                         rst_n (net)
                      0.671801    0.000000    2.458607 ^ _213_/RESET_B (sky130_fd_sc_hd__dfrtp_2)
                                              2.458607   data arrival time

                      0.150000   10.000000   10.000000   clock clk (rise edge)
                                  0.000000   10.000000   clock network delay (ideal)
                                 -0.250000    9.750000   clock uncertainty
                                  0.000000    9.750000   clock reconvergence pessimism
                                              9.750000 ^ _213_/CLK (sky130_fd_sc_hd__dfrtp_2)
                                  0.059519    9.809520   library recovery time
                                              9.809520   data required time
---------------------------------------------------------------------------------------------
                                              9.809520   data required time
                                             -2.458607   data arrival time
---------------------------------------------------------------------------------------------
                                              7.350913   slack (MET)


Startpoint: rst_n (input port clocked by clk)
Endpoint: _214_ (recovery check against rising-edge clock clk)
Path Group: asynchronous
Path Type: max

Fanout         Cap        Slew       Delay        Time   Description
---------------------------------------------------------------------------------------------
                      0.150000    0.000000    0.000000   clock clk (rise edge)
                                  0.000000    0.000000   clock network delay (ideal)
                                  2.000000    2.000000 ^ input external delay
    41    0.148092    0.671801    0.458607    2.458607 ^ rst_n (in)
                                                         rst_n (net)
                      0.671801    0.000000    2.458607 ^ _214_/RESET_B (sky130_fd_sc_hd__dfrtp_2)
                                              2.458607   data arrival time

                      0.150000   10.000000   10.000000   clock clk (rise edge)
                                  0.000000   10.000000   clock network delay (ideal)
                                 -0.250000    9.750000   clock uncertainty
                                  0.000000    9.750000   clock reconvergence pessimism
                                              9.750000 ^ _214_/CLK (sky130_fd_sc_hd__dfrtp_2)
                                  0.059519    9.809520   library recovery time
                                              9.809520   data required time
---------------------------------------------------------------------------------------------
                                              9.809520   data required time
                                             -2.458607   data arrival time
---------------------------------------------------------------------------------------------
                                              7.350913   slack (MET)


Startpoint: rst_n (input port clocked by clk)
Endpoint: _215_ (recovery check against rising-edge clock clk)
Path Group: asynchronous
Path Type: max

Fanout         Cap        Slew       Delay        Time   Description
---------------------------------------------------------------------------------------------
                      0.150000    0.000000    0.000000   clock clk (rise edge)
                                  0.000000    0.000000   clock network delay (ideal)
                                  2.000000    2.000000 ^ input external delay
    41    0.148092    0.671801    0.458607    2.458607 ^ rst_n (in)
                                                         rst_n (net)
                      0.671801    0.000000    2.458607 ^ _215_/RESET_B (sky130_fd_sc_hd__dfrtp_2)
                                              2.458607   data arrival time

                      0.150000   10.000000   10.000000   clock clk (rise edge)
                                  0.000000   10.000000   clock network delay (ideal)
                                 -0.250000    9.750000   clock uncertainty
                                  0.000000    9.750000   clock reconvergence pessimism
                                              9.750000 ^ _215_/CLK (sky130_fd_sc_hd__dfrtp_2)
                                  0.059519    9.809520   library recovery time
                                              9.809520   data required time
---------------------------------------------------------------------------------------------
                                              9.809520   data required time
                                             -2.458607   data arrival time
---------------------------------------------------------------------------------------------
                                              7.350913   slack (MET)


Startpoint: rst_n (input port clocked by clk)
Endpoint: _216_ (recovery check against rising-edge clock clk)
Path Group: asynchronous
Path Type: max

Fanout         Cap        Slew       Delay        Time   Description
---------------------------------------------------------------------------------------------
                      0.150000    0.000000    0.000000   clock clk (rise edge)
                                  0.000000    0.000000   clock network delay (ideal)
                                  2.000000    2.000000 ^ input external delay
    41    0.148092    0.671801    0.458607    2.458607 ^ rst_n (in)
                                                         rst_n (net)
                      0.671801    0.000000    2.458607 ^ _216_/RESET_B (sky130_fd_sc_hd__dfrtp_2)
                                              2.458607   data arrival time

                      0.150000   10.000000   10.000000   clock clk (rise edge)
                                  0.000000   10.000000   clock network delay (ideal)
                                 -0.250000    9.750000   clock uncertainty
                                  0.000000    9.750000   clock reconvergence pessimism
                                              9.750000 ^ _216_/CLK (sky130_fd_sc_hd__dfrtp_2)
                                  0.059519    9.809520   library recovery time
                                              9.809520   data required time
---------------------------------------------------------------------------------------------
                                              9.809520   data required time
                                             -2.458607   data arrival time
---------------------------------------------------------------------------------------------
                                              7.350913   slack (MET)


Startpoint: rst_n (input port clocked by clk)
Endpoint: _217_ (recovery check against rising-edge clock clk)
Path Group: asynchronous
Path Type: max

Fanout         Cap        Slew       Delay        Time   Description
---------------------------------------------------------------------------------------------
                      0.150000    0.000000    0.000000   clock clk (rise edge)
                                  0.000000    0.000000   clock network delay (ideal)
                                  2.000000    2.000000 ^ input external delay
    41    0.148092    0.671801    0.458607    2.458607 ^ rst_n (in)
                                                         rst_n (net)
                      0.671801    0.000000    2.458607 ^ _217_/RESET_B (sky130_fd_sc_hd__dfrtp_2)
                                              2.458607   data arrival time

                      0.150000   10.000000   10.000000   clock clk (rise edge)
                                  0.000000   10.000000   clock network delay (ideal)
                                 -0.250000    9.750000   clock uncertainty
                                  0.000000    9.750000   clock reconvergence pessimism
                                              9.750000 ^ _217_/CLK (sky130_fd_sc_hd__dfrtp_2)
                                  0.059519    9.809520   library recovery time
                                              9.809520   data required time
---------------------------------------------------------------------------------------------
                                              9.809520   data required time
                                             -2.458607   data arrival time
---------------------------------------------------------------------------------------------
                                              7.350913   slack (MET)


Startpoint: rst_n (input port clocked by clk)
Endpoint: _218_ (recovery check against rising-edge clock clk)
Path Group: asynchronous
Path Type: max

Fanout         Cap        Slew       Delay        Time   Description
---------------------------------------------------------------------------------------------
                      0.150000    0.000000    0.000000   clock clk (rise edge)
                                  0.000000    0.000000   clock network delay (ideal)
                                  2.000000    2.000000 ^ input external delay
    41    0.148092    0.671801    0.458607    2.458607 ^ rst_n (in)
                                                         rst_n (net)
                      0.671801    0.000000    2.458607 ^ _218_/RESET_B (sky130_fd_sc_hd__dfrtp_2)
                                              2.458607   data arrival time

                      0.150000   10.000000   10.000000   clock clk (rise edge)
                                  0.000000   10.000000   clock network delay (ideal)
                                 -0.250000    9.750000   clock uncertainty
                                  0.000000    9.750000   clock reconvergence pessimism
                                              9.750000 ^ _218_/CLK (sky130_fd_sc_hd__dfrtp_2)
                                  0.059519    9.809520   library recovery time
                                              9.809520   data required time
---------------------------------------------------------------------------------------------
                                              9.809520   data required time
                                             -2.458607   data arrival time
---------------------------------------------------------------------------------------------
                                              7.350913   slack (MET)


Startpoint: rst_n (input port clocked by clk)
Endpoint: _219_ (recovery check against rising-edge clock clk)
Path Group: asynchronous
Path Type: max

Fanout         Cap        Slew       Delay        Time   Description
---------------------------------------------------------------------------------------------
                      0.150000    0.000000    0.000000   clock clk (rise edge)
                                  0.000000    0.000000   clock network delay (ideal)
                                  2.000000    2.000000 ^ input external delay
    41    0.148092    0.671801    0.458607    2.458607 ^ rst_n (in)
                                                         rst_n (net)
                      0.671801    0.000000    2.458607 ^ _219_/RESET_B (sky130_fd_sc_hd__dfrtp_2)
                                              2.458607   data arrival time

                      0.150000   10.000000   10.000000   clock clk (rise edge)
                                  0.000000   10.000000   clock network delay (ideal)
                                 -0.250000    9.750000   clock uncertainty
                                  0.000000    9.750000   clock reconvergence pessimism
                                              9.750000 ^ _219_/CLK (sky130_fd_sc_hd__dfrtp_2)
                                  0.059519    9.809520   library recovery time
                                              9.809520   data required time
---------------------------------------------------------------------------------------------
                                              9.809520   data required time
                                             -2.458607   data arrival time
---------------------------------------------------------------------------------------------
                                              7.350913   slack (MET)


Startpoint: rst_n (input port clocked by clk)
Endpoint: _220_ (recovery check against rising-edge clock clk)
Path Group: asynchronous
Path Type: max

Fanout         Cap        Slew       Delay        Time   Description
---------------------------------------------------------------------------------------------
                      0.150000    0.000000    0.000000   clock clk (rise edge)
                                  0.000000    0.000000   clock network delay (ideal)
                                  2.000000    2.000000 ^ input external delay
    41    0.148092    0.671801    0.458607    2.458607 ^ rst_n (in)
                                                         rst_n (net)
                      0.671801    0.000000    2.458607 ^ _220_/RESET_B (sky130_fd_sc_hd__dfrtp_2)
                                              2.458607   data arrival time

                      0.150000   10.000000   10.000000   clock clk (rise edge)
                                  0.000000   10.000000   clock network delay (ideal)
                                 -0.250000    9.750000   clock uncertainty
                                  0.000000    9.750000   clock reconvergence pessimism
                                              9.750000 ^ _220_/CLK (sky130_fd_sc_hd__dfrtp_2)
                                  0.059519    9.809520   library recovery time
                                              9.809520   data required time
---------------------------------------------------------------------------------------------
                                              9.809520   data required time
                                             -2.458607   data arrival time
---------------------------------------------------------------------------------------------
                                              7.350913   slack (MET)


Startpoint: rst_n (input port clocked by clk)
Endpoint: _221_ (recovery check against rising-edge clock clk)
Path Group: asynchronous
Path Type: max

Fanout         Cap        Slew       Delay        Time   Description
---------------------------------------------------------------------------------------------
                      0.150000    0.000000    0.000000   clock clk (rise edge)
                                  0.000000    0.000000   clock network delay (ideal)
                                  2.000000    2.000000 ^ input external delay
    41    0.148092    0.671801    0.458607    2.458607 ^ rst_n (in)
                                                         rst_n (net)
                      0.671801    0.000000    2.458607 ^ _221_/RESET_B (sky130_fd_sc_hd__dfrtp_2)
                                              2.458607   data arrival time

                      0.150000   10.000000   10.000000   clock clk (rise edge)
                                  0.000000   10.000000   clock network delay (ideal)
                                 -0.250000    9.750000   clock uncertainty
                                  0.000000    9.750000   clock reconvergence pessimism
                                              9.750000 ^ _221_/CLK (sky130_fd_sc_hd__dfrtp_2)
                                  0.059519    9.809520   library recovery time
                                              9.809520   data required time
---------------------------------------------------------------------------------------------
                                              9.809520   data required time
                                             -2.458607   data arrival time
---------------------------------------------------------------------------------------------
                                              7.350913   slack (MET)


Startpoint: rst_n (input port clocked by clk)
Endpoint: _222_ (recovery check against rising-edge clock clk)
Path Group: asynchronous
Path Type: max

Fanout         Cap        Slew       Delay        Time   Description
---------------------------------------------------------------------------------------------
                      0.150000    0.000000    0.000000   clock clk (rise edge)
                                  0.000000    0.000000   clock network delay (ideal)
                                  2.000000    2.000000 ^ input external delay
    41    0.148092    0.671801    0.458607    2.458607 ^ rst_n (in)
                                                         rst_n (net)
                      0.671801    0.000000    2.458607 ^ _222_/RESET_B (sky130_fd_sc_hd__dfrtp_2)
                                              2.458607   data arrival time

                      0.150000   10.000000   10.000000   clock clk (rise edge)
                                  0.000000   10.000000   clock network delay (ideal)
                                 -0.250000    9.750000   clock uncertainty
                                  0.000000    9.750000   clock reconvergence pessimism
                                              9.750000 ^ _222_/CLK (sky130_fd_sc_hd__dfrtp_2)
                                  0.059519    9.809520   library recovery time
                                              9.809520   data required time
---------------------------------------------------------------------------------------------
                                              9.809520   data required time
                                             -2.458607   data arrival time
---------------------------------------------------------------------------------------------
                                              7.350913   slack (MET)


Startpoint: rst_n (input port clocked by clk)
Endpoint: _223_ (recovery check against rising-edge clock clk)
Path Group: asynchronous
Path Type: max

Fanout         Cap        Slew       Delay        Time   Description
---------------------------------------------------------------------------------------------
                      0.150000    0.000000    0.000000   clock clk (rise edge)
                                  0.000000    0.000000   clock network delay (ideal)
                                  2.000000    2.000000 ^ input external delay
    41    0.148092    0.671801    0.458607    2.458607 ^ rst_n (in)
                                                         rst_n (net)
                      0.671801    0.000000    2.458607 ^ _223_/RESET_B (sky130_fd_sc_hd__dfrtp_2)
                                              2.458607   data arrival time

                      0.150000   10.000000   10.000000   clock clk (rise edge)
                                  0.000000   10.000000   clock network delay (ideal)
                                 -0.250000    9.750000   clock uncertainty
                                  0.000000    9.750000   clock reconvergence pessimism
                                              9.750000 ^ _223_/CLK (sky130_fd_sc_hd__dfrtp_2)
                                  0.059519    9.809520   library recovery time
                                              9.809520   data required time
---------------------------------------------------------------------------------------------
                                              9.809520   data required time
                                             -2.458607   data arrival time
---------------------------------------------------------------------------------------------
                                              7.350913   slack (MET)


Startpoint: rst_n (input port clocked by clk)
Endpoint: _224_ (recovery check against rising-edge clock clk)
Path Group: asynchronous
Path Type: max

Fanout         Cap        Slew       Delay        Time   Description
---------------------------------------------------------------------------------------------
                      0.150000    0.000000    0.000000   clock clk (rise edge)
                                  0.000000    0.000000   clock network delay (ideal)
                                  2.000000    2.000000 ^ input external delay
    41    0.148092    0.671801    0.458607    2.458607 ^ rst_n (in)
                                                         rst_n (net)
                      0.671801    0.000000    2.458607 ^ _224_/RESET_B (sky130_fd_sc_hd__dfrtp_2)
                                              2.458607   data arrival time

                      0.150000   10.000000   10.000000   clock clk (rise edge)
                                  0.000000   10.000000   clock network delay (ideal)
                                 -0.250000    9.750000   clock uncertainty
                                  0.000000    9.750000   clock reconvergence pessimism
                                              9.750000 ^ _224_/CLK (sky130_fd_sc_hd__dfrtp_2)
                                  0.059519    9.809520   library recovery time
                                              9.809520   data required time
---------------------------------------------------------------------------------------------
                                              9.809520   data required time
                                             -2.458607   data arrival time
---------------------------------------------------------------------------------------------
                                              7.350913   slack (MET)


Startpoint: rst_n (input port clocked by clk)
Endpoint: _225_ (recovery check against rising-edge clock clk)
Path Group: asynchronous
Path Type: max

Fanout         Cap        Slew       Delay        Time   Description
---------------------------------------------------------------------------------------------
                      0.150000    0.000000    0.000000   clock clk (rise edge)
                                  0.000000    0.000000   clock network delay (ideal)
                                  2.000000    2.000000 ^ input external delay
    41    0.148092    0.671801    0.458607    2.458607 ^ rst_n (in)
                                                         rst_n (net)
                      0.671801    0.000000    2.458607 ^ _225_/RESET_B (sky130_fd_sc_hd__dfrtp_2)
                                              2.458607   data arrival time

                      0.150000   10.000000   10.000000   clock clk (rise edge)
                                  0.000000   10.000000   clock network delay (ideal)
                                 -0.250000    9.750000   clock uncertainty
                                  0.000000    9.750000   clock reconvergence pessimism
                                              9.750000 ^ _225_/CLK (sky130_fd_sc_hd__dfrtp_2)
                                  0.059519    9.809520   library recovery time
                                              9.809520   data required time
---------------------------------------------------------------------------------------------
                                              9.809520   data required time
                                             -2.458607   data arrival time
---------------------------------------------------------------------------------------------
                                              7.350913   slack (MET)


Startpoint: rst_n (input port clocked by clk)
Endpoint: _226_ (recovery check against rising-edge clock clk)
Path Group: asynchronous
Path Type: max

Fanout         Cap        Slew       Delay        Time   Description
---------------------------------------------------------------------------------------------
                      0.150000    0.000000    0.000000   clock clk (rise edge)
                                  0.000000    0.000000   clock network delay (ideal)
                                  2.000000    2.000000 ^ input external delay
    41    0.148092    0.671801    0.458607    2.458607 ^ rst_n (in)
                                                         rst_n (net)
                      0.671801    0.000000    2.458607 ^ _226_/RESET_B (sky130_fd_sc_hd__dfrtp_2)
                                              2.458607   data arrival time

                      0.150000   10.000000   10.000000   clock clk (rise edge)
                                  0.000000   10.000000   clock network delay (ideal)
                                 -0.250000    9.750000   clock uncertainty
                                  0.000000    9.750000   clock reconvergence pessimism
                                              9.750000 ^ _226_/CLK (sky130_fd_sc_hd__dfrtp_2)
                                  0.059519    9.809520   library recovery time
                                              9.809520   data required time
---------------------------------------------------------------------------------------------
                                              9.809520   data required time
                                             -2.458607   data arrival time
---------------------------------------------------------------------------------------------
                                              7.350913   slack (MET)


Startpoint: uart_rx (input port clocked by clk)
Endpoint: _186_ (rising edge-triggered flip-flop clocked by clk)
Path Group: clk
Path Type: max

Fanout         Cap        Slew       Delay        Time   Description
---------------------------------------------------------------------------------------------
                      0.150000    0.000000    0.000000   clock clk (rise edge)
                                  0.000000    0.000000   clock network delay (ideal)
                                  2.000000    2.000000 v input external delay
     1    0.007837    0.020196    0.012660    2.012660 v uart_rx (in)
                                                         uart_rx (net)
                      0.020196    0.000000    2.012660 v _185_/B (sky130_fd_sc_hd__xor2_2)
     1    0.001949    0.051245    0.121990    2.134650 v _185_/X (sky130_fd_sc_hd__xor2_2)
                                                         _032_ (net)
                      0.051245    0.000000    2.134650 v _186_/D (sky130_fd_sc_hd__dfrtp_2)
                                              2.134650   data arrival time

                      0.150000   10.000000   10.000000   clock clk (rise edge)
                                  0.000000   10.000000   clock network delay (ideal)
                                 -0.250000    9.750000   clock uncertainty
                                  0.000000    9.750000   clock reconvergence pessimism
                                              9.750000 ^ _186_/CLK (sky130_fd_sc_hd__dfrtp_2)
                                 -0.093930    9.656070   library setup time
                                              9.656070   data required time
---------------------------------------------------------------------------------------------
                                              9.656070   data required time
                                             -2.134650   data arrival time
---------------------------------------------------------------------------------------------
                                              7.521420   slack (MET)


Startpoint: _189_ (rising edge-triggered flip-flop clocked by clk)
Endpoint: _218_ (rising edge-triggered flip-flop clocked by clk)
Path Group: clk
Path Type: max

Fanout         Cap        Slew       Delay        Time   Description
---------------------------------------------------------------------------------------------
                      0.150000    0.000000    0.000000   clock clk (rise edge)
                                  0.000000    0.000000   clock network delay (ideal)
                      0.150000    0.000000    0.000000 ^ _189_/CLK (sky130_fd_sc_hd__dfrtp_2)
     4    0.022474    0.124499    0.446340    0.446340 ^ _189_/Q (sky130_fd_sc_hd__dfrtp_2)
                                                         counter[2] (net)
                      0.124499    0.000000    0.446340 ^ _114_/C (sky130_fd_sc_hd__and4_2)
     8    0.027381    0.166747    0.335792    0.782131 ^ _114_/X (sky130_fd_sc_hd__and4_2)
                                                         _035_ (net)
                      0.166747    0.000000    0.782131 ^ _131_/B (sky130_fd_sc_hd__and4_2)
     7    0.017080    0.119885    0.303283    1.085414 ^ _131_/X (sky130_fd_sc_hd__and4_2)
                                                         _045_ (net)
                      0.119885    0.000000    1.085414 ^ _164_/B (sky130_fd_sc_hd__and4_2)
     7    0.024462    0.153437    0.319614    1.405028 ^ _164_/X (sky130_fd_sc_hd__and4_2)
                                                         _065_ (net)
                      0.153437    0.000000    1.405028 ^ _182_/B (sky130_fd_sc_hd__and4_2)
     1    0.008493    0.079758    0.260477    1.665505 ^ _182_/X (sky130_fd_sc_hd__and4_2)
                                                         _076_ (net)
                      0.079758    0.000000    1.665505 ^ _184_/B (sky130_fd_sc_hd__xor2_2)
     1    0.002005    0.082864    0.118671    1.784176 ^ _184_/X (sky130_fd_sc_hd__xor2_2)
                                                         _024_ (net)
                      0.082864    0.000000    1.784176 ^ _218_/D (sky130_fd_sc_hd__dfrtp_2)
                                              1.784176   data arrival time

                      0.150000   10.000000   10.000000   clock clk (rise edge)
                                  0.000000   10.000000   clock network delay (ideal)
                                 -0.250000    9.750000   clock uncertainty
                                  0.000000    9.750000   clock reconvergence pessimism
                                              9.750000 ^ _218_/CLK (sky130_fd_sc_hd__dfrtp_2)
                                 -0.056129    9.693871   library setup time
                                              9.693871   data required time
---------------------------------------------------------------------------------------------
                                              9.693871   data required time
                                             -1.784176   data arrival time
---------------------------------------------------------------------------------------------
                                              7.909695   slack (MET)


Startpoint: _189_ (rising edge-triggered flip-flop clocked by clk)
Endpoint: _214_ (rising edge-triggered flip-flop clocked by clk)
Path Group: clk
Path Type: max

Fanout         Cap        Slew       Delay        Time   Description
---------------------------------------------------------------------------------------------
                      0.150000    0.000000    0.000000   clock clk (rise edge)
                                  0.000000    0.000000   clock network delay (ideal)
                      0.150000    0.000000    0.000000 ^ _189_/CLK (sky130_fd_sc_hd__dfrtp_2)
     4    0.020631    0.082640    0.473736    0.473736 v _189_/Q (sky130_fd_sc_hd__dfrtp_2)
                                                         counter[2] (net)
                      0.082640    0.000000    0.473736 v _114_/C (sky130_fd_sc_hd__and4_2)
     8    0.025317    0.089164    0.296531    0.770268 v _114_/X (sky130_fd_sc_hd__and4_2)
                                                         _035_ (net)
                      0.089164    0.000000    0.770268 v _131_/B (sky130_fd_sc_hd__and4_2)
     7    0.015695    0.070626    0.260696    1.030964 v _131_/X (sky130_fd_sc_hd__and4_2)
                                                         _045_ (net)
                      0.070626    0.000000    1.030964 v _166_/B (sky130_fd_sc_hd__and4_2)
     3    0.004360    0.045596    0.217439    1.248403 v _166_/X (sky130_fd_sc_hd__and4_2)
                                                         _067_ (net)
                      0.045596    0.000000    1.248403 v _172_/D (sky130_fd_sc_hd__and4_2)
     2    0.002981    0.041167    0.224260    1.472663 v _172_/X (sky130_fd_sc_hd__and4_2)
                                                         _070_ (net)
                      0.041167    0.000000    1.472663 v _175_/B1 (sky130_fd_sc_hd__o2bb2a_2)
     1    0.001949    0.041200    0.244559    1.717222 v _175_/X (sky130_fd_sc_hd__o2bb2a_2)
                                                         _019_ (net)
                      0.041200    0.000000    1.717222 v _214_/D (sky130_fd_sc_hd__dfrtp_2)
                                              1.717222   data arrival time

                      0.150000   10.000000   10.000000   clock clk (rise edge)
                                  0.000000   10.000000   clock network delay (ideal)
                                 -0.250000    9.750000   clock uncertainty
                                  0.000000    9.750000   clock reconvergence pessimism
                                              9.750000 ^ _214_/CLK (sky130_fd_sc_hd__dfrtp_2)
                                 -0.089549    9.660451   library setup time
                                              9.660451   data required time
---------------------------------------------------------------------------------------------
                                              9.660451   data required time
                                             -1.717222   data arrival time
---------------------------------------------------------------------------------------------
                                              7.943229   slack (MET)


Startpoint: _189_ (rising edge-triggered flip-flop clocked by clk)
Endpoint: _206_ (rising edge-triggered flip-flop clocked by clk)
Path Group: clk
Path Type: max

Fanout         Cap        Slew       Delay        Time   Description
---------------------------------------------------------------------------------------------
                      0.150000    0.000000    0.000000   clock clk (rise edge)
                                  0.000000    0.000000   clock network delay (ideal)
                      0.150000    0.000000    0.000000 ^ _189_/CLK (sky130_fd_sc_hd__dfrtp_2)
     4    0.020631    0.082640    0.473736    0.473736 v _189_/Q (sky130_fd_sc_hd__dfrtp_2)
                                                         counter[2] (net)
                      0.082640    0.000000    0.473736 v _114_/C (sky130_fd_sc_hd__and4_2)
     8    0.025317    0.089164    0.296531    0.770268 v _114_/X (sky130_fd_sc_hd__and4_2)
                                                         _035_ (net)
                      0.089164    0.000000    0.770268 v _131_/B (sky130_fd_sc_hd__and4_2)
     7    0.015695    0.070626    0.260696    1.030964 v _131_/X (sky130_fd_sc_hd__and4_2)
                                                         _045_ (net)
                      0.070626    0.000000    1.030964 v _144_/B (sky130_fd_sc_hd__and3_2)
     5    0.019025    0.075760    0.248209    1.279173 v _144_/X (sky130_fd_sc_hd__and3_2)
                                                         _053_ (net)
                      0.075760    0.000000    1.279173 v _150_/D (sky130_fd_sc_hd__and4_2)
     2    0.006344    0.050025    0.252169    1.531343 v _150_/X (sky130_fd_sc_hd__and4_2)
                                                         _056_ (net)
                      0.050025    0.000000    1.531343 v _154_/A2 (sky130_fd_sc_hd__o21ba_2)
     1    0.001949    0.032554    0.185672    1.717014 v _154_/X (sky130_fd_sc_hd__o21ba_2)
                                                         _010_ (net)
                      0.032554    0.000000    1.717014 v _206_/D (sky130_fd_sc_hd__dfrtp_2)
                                              1.717014   data arrival time

                      0.150000   10.000000   10.000000   clock clk (rise edge)
                                  0.000000   10.000000   clock network delay (ideal)
                                 -0.250000    9.750000   clock uncertainty
                                  0.000000    9.750000   clock reconvergence pessimism
                                              9.750000 ^ _206_/CLK (sky130_fd_sc_hd__dfrtp_2)
                                 -0.085778    9.664222   library setup time
                                              9.664222   data required time
---------------------------------------------------------------------------------------------
                                              9.664222   data required time
                                             -1.717014   data arrival time
---------------------------------------------------------------------------------------------
                                              7.947207   slack (MET)


Startpoint: _189_ (rising edge-triggered flip-flop clocked by clk)
Endpoint: _213_ (rising edge-triggered flip-flop clocked by clk)
Path Group: clk
Path Type: max

Fanout         Cap        Slew       Delay        Time   Description
---------------------------------------------------------------------------------------------
                      0.150000    0.000000    0.000000   clock clk (rise edge)
                                  0.000000    0.000000   clock network delay (ideal)
                      0.150000    0.000000    0.000000 ^ _189_/CLK (sky130_fd_sc_hd__dfrtp_2)
     4    0.020631    0.082640    0.473736    0.473736 v _189_/Q (sky130_fd_sc_hd__dfrtp_2)
                                                         counter[2] (net)
                      0.082640    0.000000    0.473736 v _114_/C (sky130_fd_sc_hd__and4_2)
     8    0.025317    0.089164    0.296531    0.770268 v _114_/X (sky130_fd_sc_hd__and4_2)
                                                         _035_ (net)
                      0.089164    0.000000    0.770268 v _131_/B (sky130_fd_sc_hd__and4_2)
     7    0.015695    0.070626    0.260696    1.030964 v _131_/X (sky130_fd_sc_hd__and4_2)
                                                         _045_ (net)
                      0.070626    0.000000    1.030964 v _164_/B (sky130_fd_sc_hd__and4_2)
     7    0.022609    0.084081    0.267904    1.298868 v _164_/X (sky130_fd_sc_hd__and4_2)
                                                         _065_ (net)
                      0.084081    0.000000    1.298868 v _170_/C (sky130_fd_sc_hd__and3_2)
     2    0.006344    0.047752    0.232907    1.531775 v _170_/X (sky130_fd_sc_hd__and3_2)
                                                         _069_ (net)
                      0.047752    0.000000    1.531775 v _173_/A2 (sky130_fd_sc_hd__o21ba_2)
     1    0.001949    0.032555    0.184845    1.716620 v _173_/X (sky130_fd_sc_hd__o21ba_2)
                                                         _018_ (net)
                      0.032555    0.000000    1.716620 v _213_/D (sky130_fd_sc_hd__dfrtp_2)
                                              1.716620   data arrival time

                      0.150000   10.000000   10.000000   clock clk (rise edge)
                                  0.000000   10.000000   clock network delay (ideal)
                                 -0.250000    9.750000   clock uncertainty
                                  0.000000    9.750000   clock reconvergence pessimism
                                              9.750000 ^ _213_/CLK (sky130_fd_sc_hd__dfrtp_2)
                                 -0.085779    9.664222   library setup time
                                              9.664222   data required time
---------------------------------------------------------------------------------------------
                                              9.664222   data required time
                                             -1.716620   data arrival time
---------------------------------------------------------------------------------------------
                                              7.947601   slack (MET)


Startpoint: _189_ (rising edge-triggered flip-flop clocked by clk)
Endpoint: _210_ (rising edge-triggered flip-flop clocked by clk)
Path Group: clk
Path Type: max

Fanout         Cap        Slew       Delay        Time   Description
---------------------------------------------------------------------------------------------
                      0.150000    0.000000    0.000000   clock clk (rise edge)
                                  0.000000    0.000000   clock network delay (ideal)
                      0.150000    0.000000    0.000000 ^ _189_/CLK (sky130_fd_sc_hd__dfrtp_2)
     4    0.020631    0.082640    0.473736    0.473736 v _189_/Q (sky130_fd_sc_hd__dfrtp_2)
                                                         counter[2] (net)
                      0.082640    0.000000    0.473736 v _114_/C (sky130_fd_sc_hd__and4_2)
     8    0.025317    0.089164    0.296531    0.770268 v _114_/X (sky130_fd_sc_hd__and4_2)
                                                         _035_ (net)
                      0.089164    0.000000    0.770268 v _131_/B (sky130_fd_sc_hd__and4_2)
     7    0.015695    0.070626    0.260696    1.030964 v _131_/X (sky130_fd_sc_hd__and4_2)
                                                         _045_ (net)
                      0.070626    0.000000    1.030964 v _153_/B (sky130_fd_sc_hd__and4_2)
     6    0.023812    0.086278    0.270619    1.301583 v _153_/X (sky130_fd_sc_hd__and4_2)
                                                         _058_ (net)
                      0.086278    0.000000    1.301583 v _160_/B (sky130_fd_sc_hd__and3_2)
     2    0.006344    0.047867    0.219723    1.521307 v _160_/X (sky130_fd_sc_hd__and3_2)
                                                         _062_ (net)
                      0.047867    0.000000    1.521307 v _167_/A2 (sky130_fd_sc_hd__o21ba_2)
     1    0.001949    0.032555    0.184887    1.706194 v _167_/X (sky130_fd_sc_hd__o21ba_2)
                                                         _015_ (net)
                      0.032555    0.000000    1.706194 v _210_/D (sky130_fd_sc_hd__dfrtp_2)
                                              1.706194   data arrival time

                      0.150000   10.000000   10.000000   clock clk (rise edge)
                                  0.000000   10.000000   clock network delay (ideal)
                                 -0.250000    9.750000   clock uncertainty
                                  0.000000    9.750000   clock reconvergence pessimism
                                              9.750000 ^ _210_/CLK (sky130_fd_sc_hd__dfrtp_2)
                                 -0.085779    9.664222   library setup time
                                              9.664222   data required time
---------------------------------------------------------------------------------------------
                                              9.664222   data required time
                                             -1.706194   data arrival time
---------------------------------------------------------------------------------------------
                                              7.958027   slack (MET)


Startpoint: _189_ (rising edge-triggered flip-flop clocked by clk)
Endpoint: _202_ (rising edge-triggered flip-flop clocked by clk)
Path Group: clk
Path Type: max

Fanout         Cap        Slew       Delay        Time   Description
---------------------------------------------------------------------------------------------
                      0.150000    0.000000    0.000000   clock clk (rise edge)
                                  0.000000    0.000000   clock network delay (ideal)
                      0.150000    0.000000    0.000000 ^ _189_/CLK (sky130_fd_sc_hd__dfrtp_2)
     4    0.020631    0.082640    0.473736    0.473736 v _189_/Q (sky130_fd_sc_hd__dfrtp_2)
                                                         counter[2] (net)
                      0.082640    0.000000    0.473736 v _114_/C (sky130_fd_sc_hd__and4_2)
     8    0.025317    0.089164    0.296531    0.770268 v _114_/X (sky130_fd_sc_hd__and4_2)
                                                         _035_ (net)
                      0.089164    0.000000    0.770268 v _131_/B (sky130_fd_sc_hd__and4_2)
     7    0.015695    0.070626    0.260696    1.030964 v _131_/X (sky130_fd_sc_hd__and4_2)
                                                         _045_ (net)
                      0.070626    0.000000    1.030964 v _134_/B (sky130_fd_sc_hd__and2_2)
     5    0.019572    0.074137    0.241757    1.272721 v _134_/X (sky130_fd_sc_hd__and2_2)
                                                         _047_ (net)
                      0.074137    0.000000    1.272721 v _141_/D (sky130_fd_sc_hd__and4_2)
     1    0.002208    0.038511    0.233209    1.505930 v _141_/X (sky130_fd_sc_hd__and4_2)
                                                         _051_ (net)
                      0.038511    0.000000    1.505930 v _145_/A2 (sky130_fd_sc_hd__o21ba_2)
     1    0.001949    0.032555    0.181486    1.687416 v _145_/X (sky130_fd_sc_hd__o21ba_2)
                                                         _006_ (net)
                      0.032555    0.000000    1.687416 v _202_/D (sky130_fd_sc_hd__dfrtp_2)
                                              1.687416   data arrival time

                      0.150000   10.000000   10.000000   clock clk (rise edge)
                                  0.000000   10.000000   clock network delay (ideal)
                                 -0.250000    9.750000   clock uncertainty
                                  0.000000    9.750000   clock reconvergence pessimism
                                              9.750000 ^ _202_/CLK (sky130_fd_sc_hd__dfrtp_2)
                                 -0.085779    9.664221   library setup time
                                              9.664221   data required time
---------------------------------------------------------------------------------------------
                                              9.664221   data required time
                                             -1.687416   data arrival time
---------------------------------------------------------------------------------------------
                                              7.976804   slack (MET)


Startpoint: _189_ (rising edge-triggered flip-flop clocked by clk)
Endpoint: _216_ (rising edge-triggered flip-flop clocked by clk)
Path Group: clk
Path Type: max

Fanout         Cap        Slew       Delay        Time   Description
---------------------------------------------------------------------------------------------
                      0.150000    0.000000    0.000000   clock clk (rise edge)
                                  0.000000    0.000000   clock network delay (ideal)
                      0.150000    0.000000    0.000000 ^ _189_/CLK (sky130_fd_sc_hd__dfrtp_2)
     4    0.022474    0.124499    0.446340    0.446340 ^ _189_/Q (sky130_fd_sc_hd__dfrtp_2)
                                                         counter[2] (net)
                      0.124499    0.000000    0.446340 ^ _114_/C (sky130_fd_sc_hd__and4_2)
     8    0.027381    0.166747    0.335792    0.782131 ^ _114_/X (sky130_fd_sc_hd__and4_2)
                                                         _035_ (net)
                      0.166747    0.000000    0.782131 ^ _131_/B (sky130_fd_sc_hd__and4_2)
     7    0.017080    0.119885    0.303283    1.085414 ^ _131_/X (sky130_fd_sc_hd__and4_2)
                                                         _045_ (net)
                      0.119885    0.000000    1.085414 ^ _166_/B (sky130_fd_sc_hd__and4_2)
     3    0.004575    0.060965    0.230490    1.315905 ^ _166_/X (sky130_fd_sc_hd__and4_2)
                                                         _067_ (net)
                      0.060965    0.000000    1.315905 ^ _180_/A (sky130_fd_sc_hd__and3_2)
     2    0.009930    0.076210    0.193169    1.509074 ^ _180_/X (sky130_fd_sc_hd__and3_2)
                                                         _075_ (net)
                      0.076210    0.000000    1.509074 ^ _181_/B1_N (sky130_fd_sc_hd__o21ba_2)
     1    0.001949    0.032554    0.152977    1.662051 v _181_/X (sky130_fd_sc_hd__o21ba_2)
                                                         _021_ (net)
                      0.032554    0.000000    1.662051 v _216_/D (sky130_fd_sc_hd__dfrtp_2)
                                              1.662051   data arrival time

                      0.150000   10.000000   10.000000   clock clk (rise edge)
                                  0.000000   10.000000   clock network delay (ideal)
                                 -0.250000    9.750000   clock uncertainty
                                  0.000000    9.750000   clock reconvergence pessimism
                                              9.750000 ^ _216_/CLK (sky130_fd_sc_hd__dfrtp_2)
                                 -0.085778    9.664222   library setup time
                                              9.664222   data required time
---------------------------------------------------------------------------------------------
                                              9.664222   data required time
                                             -1.662051   data arrival time
---------------------------------------------------------------------------------------------
                                              8.002171   slack (MET)


Startpoint: _189_ (rising edge-triggered flip-flop clocked by clk)
Endpoint: _201_ (rising edge-triggered flip-flop clocked by clk)
Path Group: clk
Path Type: max

Fanout         Cap        Slew       Delay        Time   Description
---------------------------------------------------------------------------------------------
                      0.150000    0.000000    0.000000   clock clk (rise edge)
                                  0.000000    0.000000   clock network delay (ideal)
                      0.150000    0.000000    0.000000 ^ _189_/CLK (sky130_fd_sc_hd__dfrtp_2)
     4    0.020631    0.082640    0.473736    0.473736 v _189_/Q (sky130_fd_sc_hd__dfrtp_2)
                                                         counter[2] (net)
                      0.082640    0.000000    0.473736 v _114_/C (sky130_fd_sc_hd__and4_2)
     8    0.025317    0.089164    0.296531    0.770268 v _114_/X (sky130_fd_sc_hd__and4_2)
                                                         _035_ (net)
                      0.089164    0.000000    0.770268 v _131_/B (sky130_fd_sc_hd__and4_2)
     7    0.015695    0.070626    0.260696    1.030964 v _131_/X (sky130_fd_sc_hd__and4_2)
                                                         _045_ (net)
                      0.070626    0.000000    1.030964 v _134_/B (sky130_fd_sc_hd__and2_2)
     5    0.019572    0.074137    0.241757    1.272721 v _134_/X (sky130_fd_sc_hd__and2_2)
                                                         _047_ (net)
                      0.074137    0.000000    1.272721 v _139_/C (sky130_fd_sc_hd__and3_2)
     2    0.011973    0.061290    0.247444    1.520166 v _139_/X (sky130_fd_sc_hd__and3_2)
                                                         _050_ (net)
                      0.061290    0.000000    1.520166 v _142_/B (sky130_fd_sc_hd__xor2_2)
     1    0.001949    0.041265    0.135901    1.656067 v _142_/X (sky130_fd_sc_hd__xor2_2)
                                                         _005_ (net)
                      0.041265    0.000000    1.656067 v _201_/D (sky130_fd_sc_hd__dfrtp_2)
                                              1.656067   data arrival time

                      0.150000   10.000000   10.000000   clock clk (rise edge)
                                  0.000000   10.000000   clock network delay (ideal)
                                 -0.250000    9.750000   clock uncertainty
                                  0.000000    9.750000   clock reconvergence pessimism
                                              9.750000 ^ _201_/CLK (sky130_fd_sc_hd__dfrtp_2)
                                 -0.089577    9.660423   library setup time
                                              9.660423   data required time
---------------------------------------------------------------------------------------------
                                              9.660423   data required time
                                             -1.656067   data arrival time
---------------------------------------------------------------------------------------------
                                              8.004356   slack (MET)


Startpoint: _189_ (rising edge-triggered flip-flop clocked by clk)
Endpoint: _209_ (rising edge-triggered flip-flop clocked by clk)
Path Group: clk
Path Type: max

Fanout         Cap        Slew       Delay        Time   Description
---------------------------------------------------------------------------------------------
                      0.150000    0.000000    0.000000   clock clk (rise edge)
                                  0.000000    0.000000   clock network delay (ideal)
                      0.150000    0.000000    0.000000 ^ _189_/CLK (sky130_fd_sc_hd__dfrtp_2)
     4    0.022474    0.124499    0.446340    0.446340 ^ _189_/Q (sky130_fd_sc_hd__dfrtp_2)
                                                         counter[2] (net)
                      0.124499    0.000000    0.446340 ^ _114_/C (sky130_fd_sc_hd__and4_2)
     8    0.027381    0.166747    0.335792    0.782131 ^ _114_/X (sky130_fd_sc_hd__and4_2)
                                                         _035_ (net)
                      0.166747    0.000000    0.782131 ^ _131_/B (sky130_fd_sc_hd__and4_2)
     7    0.017080    0.119885    0.303283    1.085414 ^ _131_/X (sky130_fd_sc_hd__and4_2)
                                                         _045_ (net)
                      0.119885    0.000000    1.085414 ^ _153_/B (sky130_fd_sc_hd__and4_2)
     6    0.025729    0.159228    0.324666    1.410081 ^ _153_/X (sky130_fd_sc_hd__and4_2)
                                                         _058_ (net)
                      0.159228    0.000000    1.410081 ^ _160_/B (sky130_fd_sc_hd__and3_2)
     2    0.007287    0.064679    0.215762    1.625842 ^ _160_/X (sky130_fd_sc_hd__and3_2)
                                                         _062_ (net)
                      0.064679    0.000000    1.625842 ^ _161_/B (sky130_fd_sc_hd__nor2_2)
     1    0.001949    0.028036    0.030481    1.656324 v _161_/Y (sky130_fd_sc_hd__nor2_2)
                                                         _014_ (net)
                      0.028036    0.000000    1.656324 v _209_/D (sky130_fd_sc_hd__dfrtp_2)
                                              1.656324   data arrival time

                      0.150000   10.000000   10.000000   clock clk (rise edge)
                                  0.000000   10.000000   clock network delay (ideal)
                                 -0.250000    9.750000   clock uncertainty
                                  0.000000    9.750000   clock reconvergence pessimism
                                              9.750000 ^ _209_/CLK (sky130_fd_sc_hd__dfrtp_2)
                                 -0.083808    9.666193   library setup time
                                              9.666193   data required time
---------------------------------------------------------------------------------------------
                                              9.666193   data required time
                                             -1.656324   data arrival time
---------------------------------------------------------------------------------------------
                                              8.009869   slack (MET)


Startpoint: _189_ (rising edge-triggered flip-flop clocked by clk)
Endpoint: _212_ (rising edge-triggered flip-flop clocked by clk)
Path Group: clk
Path Type: max

Fanout         Cap        Slew       Delay        Time   Description
---------------------------------------------------------------------------------------------
                      0.150000    0.000000    0.000000   clock clk (rise edge)
                                  0.000000    0.000000   clock network delay (ideal)
                      0.150000    0.000000    0.000000 ^ _189_/CLK (sky130_fd_sc_hd__dfrtp_2)
     4    0.022474    0.124499    0.446340    0.446340 ^ _189_/Q (sky130_fd_sc_hd__dfrtp_2)
                                                         counter[2] (net)
                      0.124499    0.000000    0.446340 ^ _114_/C (sky130_fd_sc_hd__and4_2)
     8    0.027381    0.166747    0.335792    0.782131 ^ _114_/X (sky130_fd_sc_hd__and4_2)
                                                         _035_ (net)
                      0.166747    0.000000    0.782131 ^ _131_/B (sky130_fd_sc_hd__and4_2)
     7    0.017080    0.119885    0.303283    1.085414 ^ _131_/X (sky130_fd_sc_hd__and4_2)
                                                         _045_ (net)
                      0.119885    0.000000    1.085414 ^ _164_/B (sky130_fd_sc_hd__and4_2)
     7    0.024462    0.153437    0.319614    1.405028 ^ _164_/X (sky130_fd_sc_hd__and4_2)
                                                         _065_ (net)
                      0.153437    0.000000    1.405028 ^ _170_/C (sky130_fd_sc_hd__and3_2)
     2    0.007287    0.064531    0.213816    1.618844 ^ _170_/X (sky130_fd_sc_hd__and3_2)
                                                         _069_ (net)
                      0.064531    0.000000    1.618844 ^ _171_/B (sky130_fd_sc_hd__nor2_2)
     1    0.001949    0.028041    0.030463    1.649307 v _171_/Y (sky130_fd_sc_hd__nor2_2)
                                                         _017_ (net)
                      0.028041    0.000000    1.649307 v _212_/D (sky130_fd_sc_hd__dfrtp_2)
                                              1.649307   data arrival time

                      0.150000   10.000000   10.000000   clock clk (rise edge)
                                  0.000000   10.000000   clock network delay (ideal)
                                 -0.250000    9.750000   clock uncertainty
                                  0.000000    9.750000   clock reconvergence pessimism
                                              9.750000 ^ _212_/CLK (sky130_fd_sc_hd__dfrtp_2)
                                 -0.083810    9.666190   library setup time
                                              9.666190   data required time
---------------------------------------------------------------------------------------------
                                              9.666190   data required time
                                             -1.649307   data arrival time
---------------------------------------------------------------------------------------------
                                              8.016883   slack (MET)


Startpoint: _189_ (rising edge-triggered flip-flop clocked by clk)
Endpoint: _205_ (rising edge-triggered flip-flop clocked by clk)
Path Group: clk
Path Type: max

Fanout         Cap        Slew       Delay        Time   Description
---------------------------------------------------------------------------------------------
                      0.150000    0.000000    0.000000   clock clk (rise edge)
                                  0.000000    0.000000   clock network delay (ideal)
                      0.150000    0.000000    0.000000 ^ _189_/CLK (sky130_fd_sc_hd__dfrtp_2)
     4    0.022474    0.124499    0.446340    0.446340 ^ _189_/Q (sky130_fd_sc_hd__dfrtp_2)
                                                         counter[2] (net)
                      0.124499    0.000000    0.446340 ^ _114_/C (sky130_fd_sc_hd__and4_2)
     8    0.027381    0.166747    0.335792    0.782131 ^ _114_/X (sky130_fd_sc_hd__and4_2)
                                                         _035_ (net)
                      0.166747    0.000000    0.782131 ^ _131_/B (sky130_fd_sc_hd__and4_2)
     7    0.017080    0.119885    0.303283    1.085414 ^ _131_/X (sky130_fd_sc_hd__and4_2)
                                                         _045_ (net)
                      0.119885    0.000000    1.085414 ^ _144_/B (sky130_fd_sc_hd__and3_2)
     5    0.020799    0.125111    0.258746    1.344160 ^ _144_/X (sky130_fd_sc_hd__and3_2)
                                                         _053_ (net)
                      0.125111    0.000000    1.344160 ^ _150_/D (sky130_fd_sc_hd__and4_2)
     2    0.007287    0.073970    0.253077    1.597237 ^ _150_/X (sky130_fd_sc_hd__and4_2)
                                                         _056_ (net)
                      0.073970    0.000000    1.597237 ^ _151_/B (sky130_fd_sc_hd__nor2_2)
     1    0.001949    0.033948    0.031611    1.628848 v _151_/Y (sky130_fd_sc_hd__nor2_2)
                                                         _009_ (net)
                      0.033948    0.000000    1.628848 v _205_/D (sky130_fd_sc_hd__dfrtp_2)
                                              1.628848   data arrival time

                      0.150000   10.000000   10.000000   clock clk (rise edge)
                                  0.000000   10.000000   clock network delay (ideal)
                                 -0.250000    9.750000   clock uncertainty
                                  0.000000    9.750000   clock reconvergence pessimism
                                              9.750000 ^ _205_/CLK (sky130_fd_sc_hd__dfrtp_2)
                                 -0.086387    9.663613   library setup time
                                              9.663613   data required time
---------------------------------------------------------------------------------------------
                                              9.663613   data required time
                                             -1.628848   data arrival time
---------------------------------------------------------------------------------------------
                                              8.034766   slack (MET)


Startpoint: _189_ (rising edge-triggered flip-flop clocked by clk)
Endpoint: _217_ (rising edge-triggered flip-flop clocked by clk)
Path Group: clk
Path Type: max

Fanout         Cap        Slew       Delay        Time   Description
---------------------------------------------------------------------------------------------
                      0.150000    0.000000    0.000000   clock clk (rise edge)
                                  0.000000    0.000000   clock network delay (ideal)
                      0.150000    0.000000    0.000000 ^ _189_/CLK (sky130_fd_sc_hd__dfrtp_2)
     4    0.022474    0.124499    0.446340    0.446340 ^ _189_/Q (sky130_fd_sc_hd__dfrtp_2)
                                                         counter[2] (net)
                      0.124499    0.000000    0.446340 ^ _114_/C (sky130_fd_sc_hd__and4_2)
     8    0.027381    0.166747    0.335792    0.782131 ^ _114_/X (sky130_fd_sc_hd__and4_2)
                                                         _035_ (net)
                      0.166747    0.000000    0.782131 ^ _131_/B (sky130_fd_sc_hd__and4_2)
     7    0.017080    0.119885    0.303283    1.085414 ^ _131_/X (sky130_fd_sc_hd__and4_2)
                                                         _045_ (net)
                      0.119885    0.000000    1.085414 ^ _166_/B (sky130_fd_sc_hd__and4_2)
     3    0.004575    0.060965    0.230490    1.315905 ^ _166_/X (sky130_fd_sc_hd__and4_2)
                                                         _067_ (net)
                      0.060965    0.000000    1.315905 ^ _180_/A (sky130_fd_sc_hd__and3_2)
     2    0.009930    0.076210    0.193169    1.509074 ^ _180_/X (sky130_fd_sc_hd__and3_2)
                                                         _075_ (net)
                      0.076210    0.000000    1.509074 ^ _183_/B (sky130_fd_sc_hd__xor2_2)
     1    0.002005    0.082879    0.118028    1.627102 ^ _183_/X (sky130_fd_sc_hd__xor2_2)
                                                         _023_ (net)
                      0.082879    0.000000    1.627102 ^ _217_/D (sky130_fd_sc_hd__dfrtp_2)
                                              1.627102   data arrival time

                      0.150000   10.000000   10.000000   clock clk (rise edge)
                                  0.000000   10.000000   clock network delay (ideal)
                                 -0.250000    9.750000   clock uncertainty
                                  0.000000    9.750000   clock reconvergence pessimism
                                              9.750000 ^ _217_/CLK (sky130_fd_sc_hd__dfrtp_2)
                                 -0.056133    9.693868   library setup time
                                              9.693868   data required time
---------------------------------------------------------------------------------------------
                                              9.693868   data required time
                                             -1.627102   data arrival time
---------------------------------------------------------------------------------------------
                                              8.066765   slack (MET)


Startpoint: _189_ (rising edge-triggered flip-flop clocked by clk)
Endpoint: _200_ (rising edge-triggered flip-flop clocked by clk)
Path Group: clk
Path Type: max

Fanout         Cap        Slew       Delay        Time   Description
---------------------------------------------------------------------------------------------
                      0.150000    0.000000    0.000000   clock clk (rise edge)
                                  0.000000    0.000000   clock network delay (ideal)
                      0.150000    0.000000    0.000000 ^ _189_/CLK (sky130_fd_sc_hd__dfrtp_2)
     4    0.022474    0.124499    0.446340    0.446340 ^ _189_/Q (sky130_fd_sc_hd__dfrtp_2)
                                                         counter[2] (net)
                      0.124499    0.000000    0.446340 ^ _114_/C (sky130_fd_sc_hd__and4_2)
     8    0.027381    0.166747    0.335792    0.782131 ^ _114_/X (sky130_fd_sc_hd__and4_2)
                                                         _035_ (net)
                      0.166747    0.000000    0.782131 ^ _131_/B (sky130_fd_sc_hd__and4_2)
     7    0.017080    0.119885    0.303283    1.085414 ^ _131_/X (sky130_fd_sc_hd__and4_2)
                                                         _045_ (net)
                      0.119885    0.000000    1.085414 ^ _134_/B (sky130_fd_sc_hd__and2_2)
     5    0.021342    0.123819    0.221860    1.307274 ^ _134_/X (sky130_fd_sc_hd__and2_2)
                                                         _047_ (net)
                      0.123819    0.000000    1.307274 ^ _139_/C (sky130_fd_sc_hd__and3_2)
     2    0.013233    0.091349    0.233999    1.541273 ^ _139_/X (sky130_fd_sc_hd__and3_2)
                                                         _050_ (net)
                      0.091349    0.000000    1.541273 ^ _140_/B (sky130_fd_sc_hd__nor2_2)
     1    0.001949    0.028046    0.033723    1.574996 v _140_/Y (sky130_fd_sc_hd__nor2_2)
                                                         _004_ (net)
                      0.028046    0.000000    1.574996 v _200_/D (sky130_fd_sc_hd__dfrtp_2)
                                              1.574996   data arrival time

                      0.150000   10.000000   10.000000   clock clk (rise edge)
                                  0.000000   10.000000   clock network delay (ideal)
                                 -0.250000    9.750000   clock uncertainty
                                  0.000000    9.750000   clock reconvergence pessimism
                                              9.750000 ^ _200_/CLK (sky130_fd_sc_hd__dfrtp_2)
                                 -0.083812    9.666188   library setup time
                                              9.666188   data required time
---------------------------------------------------------------------------------------------
                                              9.666188   data required time
                                             -1.574996   data arrival time
---------------------------------------------------------------------------------------------
                                              8.091192   slack (MET)


Startpoint: _189_ (rising edge-triggered flip-flop clocked by clk)
Endpoint: _204_ (rising edge-triggered flip-flop clocked by clk)
Path Group: clk
Path Type: max

Fanout         Cap        Slew       Delay        Time   Description
---------------------------------------------------------------------------------------------
                      0.150000    0.000000    0.000000   clock clk (rise edge)
                                  0.000000    0.000000   clock network delay (ideal)
                      0.150000    0.000000    0.000000 ^ _189_/CLK (sky130_fd_sc_hd__dfrtp_2)
     4    0.022474    0.124499    0.446340    0.446340 ^ _189_/Q (sky130_fd_sc_hd__dfrtp_2)
                                                         counter[2] (net)
                      0.124499    0.000000    0.446340 ^ _114_/C (sky130_fd_sc_hd__and4_2)
     8    0.027381    0.166747    0.335792    0.782131 ^ _114_/X (sky130_fd_sc_hd__and4_2)
                                                         _035_ (net)
                      0.166747    0.000000    0.782131 ^ _131_/B (sky130_fd_sc_hd__and4_2)
     7    0.017080    0.119885    0.303283    1.085414 ^ _131_/X (sky130_fd_sc_hd__and4_2)
                                                         _045_ (net)
                      0.119885    0.000000    1.085414 ^ _144_/B (sky130_fd_sc_hd__and3_2)
     5    0.020799    0.125111    0.258746    1.344160 ^ _144_/X (sky130_fd_sc_hd__and3_2)
                                                         _053_ (net)
                      0.125111    0.000000    1.344160 ^ _146_/B (sky130_fd_sc_hd__nand2_2)
     1    0.008077    0.062832    0.078989    1.423150 v _146_/Y (sky130_fd_sc_hd__nand2_2)
                                                         _054_ (net)
                      0.062832    0.000000    1.423150 v _148_/B (sky130_fd_sc_hd__xnor2_2)
     1    0.001949    0.042414    0.123949    1.547099 v _148_/Y (sky130_fd_sc_hd__xnor2_2)
                                                         _008_ (net)
                      0.042414    0.000000    1.547099 v _204_/D (sky130_fd_sc_hd__dfrtp_2)
                                              1.547099   data arrival time

                      0.150000   10.000000   10.000000   clock clk (rise edge)
                                  0.000000   10.000000   clock network delay (ideal)
                                 -0.250000    9.750000   clock uncertainty
                                  0.000000    9.750000   clock reconvergence pessimism
                                              9.750000 ^ _204_/CLK (sky130_fd_sc_hd__dfrtp_2)
                                 -0.090079    9.659921   library setup time
                                              9.659921   data required time
---------------------------------------------------------------------------------------------
                                              9.659921   data required time
                                             -1.547099   data arrival time
---------------------------------------------------------------------------------------------
                                              8.112823   slack (MET)


Startpoint: _189_ (rising edge-triggered flip-flop clocked by clk)
Endpoint: _208_ (rising edge-triggered flip-flop clocked by clk)
Path Group: clk
Path Type: max

Fanout         Cap        Slew       Delay        Time   Description
---------------------------------------------------------------------------------------------
                      0.150000    0.000000    0.000000   clock clk (rise edge)
                                  0.000000    0.000000   clock network delay (ideal)
                      0.150000    0.000000    0.000000 ^ _189_/CLK (sky130_fd_sc_hd__dfrtp_2)
     4    0.022474    0.124499    0.446340    0.446340 ^ _189_/Q (sky130_fd_sc_hd__dfrtp_2)
                                                         counter[2] (net)
                      0.124499    0.000000    0.446340 ^ _114_/C (sky130_fd_sc_hd__and4_2)
     8    0.027381    0.166747    0.335792    0.782131 ^ _114_/X (sky130_fd_sc_hd__and4_2)
                                                         _035_ (net)
                      0.166747    0.000000    0.782131 ^ _131_/B (sky130_fd_sc_hd__and4_2)
     7    0.017080    0.119885    0.303283    1.085414 ^ _131_/X (sky130_fd_sc_hd__and4_2)
                                                         _045_ (net)
                      0.119885    0.000000    1.085414 ^ _153_/B (sky130_fd_sc_hd__and4_2)
     6    0.025729    0.159228    0.324666    1.410081 ^ _153_/X (sky130_fd_sc_hd__and4_2)
                                                         _058_ (net)
                      0.159228    0.000000    1.410081 ^ _156_/A2 (sky130_fd_sc_hd__a21oi_2)
     1    0.004119    0.048800    0.076785    1.486866 v _156_/Y (sky130_fd_sc_hd__a21oi_2)
                                                         _059_ (net)
                      0.048800    0.000000    1.486866 v _158_/B1 (sky130_fd_sc_hd__a21oi_2)
     1    0.002005    0.072473    0.086505    1.573371 ^ _158_/Y (sky130_fd_sc_hd__a21oi_2)
                                                         _013_ (net)
                      0.072473    0.000000    1.573371 ^ _208_/D (sky130_fd_sc_hd__dfrtp_2)
                                              1.573371   data arrival time

                      0.150000   10.000000   10.000000   clock clk (rise edge)
                                  0.000000   10.000000   clock network delay (ideal)
                                 -0.250000    9.750000   clock uncertainty
                                  0.000000    9.750000   clock reconvergence pessimism
                                              9.750000 ^ _208_/CLK (sky130_fd_sc_hd__dfrtp_2)
                                 -0.053757    9.696243   library setup time
                                              9.696243   data required time
---------------------------------------------------------------------------------------------
                                              9.696243   data required time
                                             -1.573371   data arrival time
---------------------------------------------------------------------------------------------
                                              8.122872   slack (MET)


Startpoint: _189_ (rising edge-triggered flip-flop clocked by clk)
Endpoint: _215_ (rising edge-triggered flip-flop clocked by clk)
Path Group: clk
Path Type: max

Fanout         Cap        Slew       Delay        Time   Description
---------------------------------------------------------------------------------------------
                      0.150000    0.000000    0.000000   clock clk (rise edge)
                                  0.000000    0.000000   clock network delay (ideal)
                      0.150000    0.000000    0.000000 ^ _189_/CLK (sky130_fd_sc_hd__dfrtp_2)
     4    0.022474    0.124499    0.446340    0.446340 ^ _189_/Q (sky130_fd_sc_hd__dfrtp_2)
                                                         counter[2] (net)
                      0.124499    0.000000    0.446340 ^ _114_/C (sky130_fd_sc_hd__and4_2)
     8    0.027381    0.166747    0.335792    0.782131 ^ _114_/X (sky130_fd_sc_hd__and4_2)
                                                         _035_ (net)
                      0.166747    0.000000    0.782131 ^ _131_/B (sky130_fd_sc_hd__and4_2)
     7    0.017080    0.119885    0.303283    1.085414 ^ _131_/X (sky130_fd_sc_hd__and4_2)
                                                         _045_ (net)
                      0.119885    0.000000    1.085414 ^ _166_/B (sky130_fd_sc_hd__and4_2)
     3    0.004575    0.060965    0.230490    1.315905 ^ _166_/X (sky130_fd_sc_hd__and4_2)
                                                         _067_ (net)
                      0.060965    0.000000    1.315905 ^ _177_/B (sky130_fd_sc_hd__and3_2)
     2    0.007287    0.064312    0.187350    1.503255 ^ _177_/X (sky130_fd_sc_hd__and3_2)
                                                         _073_ (net)
                      0.064312    0.000000    1.503255 ^ _178_/B (sky130_fd_sc_hd__nor2_2)
     1    0.001949    0.028034    0.030437    1.533692 v _178_/Y (sky130_fd_sc_hd__nor2_2)
                                                         _020_ (net)
                      0.028034    0.000000    1.533692 v _215_/D (sky130_fd_sc_hd__dfrtp_2)
                                              1.533692   data arrival time

                      0.150000   10.000000   10.000000   clock clk (rise edge)
                                  0.000000   10.000000   clock network delay (ideal)
                                 -0.250000    9.750000   clock uncertainty
                                  0.000000    9.750000   clock reconvergence pessimism
                                              9.750000 ^ _215_/CLK (sky130_fd_sc_hd__dfrtp_2)
                                 -0.083807    9.666193   library setup time
                                              9.666193   data required time
---------------------------------------------------------------------------------------------
                                              9.666193   data required time
                                             -1.533692   data arrival time
---------------------------------------------------------------------------------------------
                                              8.132502   slack (MET)


Startpoint: _189_ (rising edge-triggered flip-flop clocked by clk)
Endpoint: _207_ (rising edge-triggered flip-flop clocked by clk)
Path Group: clk
Path Type: max

Fanout         Cap        Slew       Delay        Time   Description
---------------------------------------------------------------------------------------------
                      0.150000    0.000000    0.000000   clock clk (rise edge)
                                  0.000000    0.000000   clock network delay (ideal)
                      0.150000    0.000000    0.000000 ^ _189_/CLK (sky130_fd_sc_hd__dfrtp_2)
     4    0.022474    0.124499    0.446340    0.446340 ^ _189_/Q (sky130_fd_sc_hd__dfrtp_2)
                                                         counter[2] (net)
                      0.124499    0.000000    0.446340 ^ _114_/C (sky130_fd_sc_hd__and4_2)
     8    0.027381    0.166747    0.335792    0.782131 ^ _114_/X (sky130_fd_sc_hd__and4_2)
                                                         _035_ (net)
                      0.166747    0.000000    0.782131 ^ _131_/B (sky130_fd_sc_hd__and4_2)
     7    0.017080    0.119885    0.303283    1.085414 ^ _131_/X (sky130_fd_sc_hd__and4_2)
                                                         _045_ (net)
                      0.119885    0.000000    1.085414 ^ _153_/B (sky130_fd_sc_hd__and4_2)
     6    0.025729    0.159228    0.324666    1.410081 ^ _153_/X (sky130_fd_sc_hd__and4_2)
                                                         _058_ (net)
                      0.159228    0.000000    1.410081 ^ _155_/B (sky130_fd_sc_hd__xor2_2)
     1    0.002005    0.082938    0.130039    1.540119 ^ _155_/X (sky130_fd_sc_hd__xor2_2)
                                                         _012_ (net)
                      0.082938    0.000000    1.540119 ^ _207_/D (sky130_fd_sc_hd__dfrtp_2)
                                              1.540119   data arrival time

                      0.150000   10.000000   10.000000   clock clk (rise edge)
                                  0.000000   10.000000   clock network delay (ideal)
                                 -0.250000    9.750000   clock uncertainty
                                  0.000000    9.750000   clock reconvergence pessimism
                                              9.750000 ^ _207_/CLK (sky130_fd_sc_hd__dfrtp_2)
                                 -0.056146    9.693854   library setup time
                                              9.693854   data required time
---------------------------------------------------------------------------------------------
                                              9.693854   data required time
                                             -1.540119   data arrival time
---------------------------------------------------------------------------------------------
                                              8.153735   slack (MET)


Startpoint: _189_ (rising edge-triggered flip-flop clocked by clk)
Endpoint: _211_ (rising edge-triggered flip-flop clocked by clk)
Path Group: clk
Path Type: max

Fanout         Cap        Slew       Delay        Time   Description
---------------------------------------------------------------------------------------------
                      0.150000    0.000000    0.000000   clock clk (rise edge)
                                  0.000000    0.000000   clock network delay (ideal)
                      0.150000    0.000000    0.000000 ^ _189_/CLK (sky130_fd_sc_hd__dfrtp_2)
     4    0.022474    0.124499    0.446340    0.446340 ^ _189_/Q (sky130_fd_sc_hd__dfrtp_2)
                                                         counter[2] (net)
                      0.124499    0.000000    0.446340 ^ _114_/C (sky130_fd_sc_hd__and4_2)
     8    0.027381    0.166747    0.335792    0.782131 ^ _114_/X (sky130_fd_sc_hd__and4_2)
                                                         _035_ (net)
                      0.166747    0.000000    0.782131 ^ _131_/B (sky130_fd_sc_hd__and4_2)
     7    0.017080    0.119885    0.303283    1.085414 ^ _131_/X (sky130_fd_sc_hd__and4_2)
                                                         _045_ (net)
                      0.119885    0.000000    1.085414 ^ _164_/B (sky130_fd_sc_hd__and4_2)
     7    0.024462    0.153437    0.319614    1.405028 ^ _164_/X (sky130_fd_sc_hd__and4_2)
                                                         _065_ (net)
                      0.153437    0.000000    1.405028 ^ _168_/B (sky130_fd_sc_hd__xor2_2)
     1    0.002005    0.082954    0.129468    1.534497 ^ _168_/X (sky130_fd_sc_hd__xor2_2)
                                                         _016_ (net)
                      0.082954    0.000000    1.534497 ^ _211_/D (sky130_fd_sc_hd__dfrtp_2)
                                              1.534497   data arrival time

                      0.150000   10.000000   10.000000   clock clk (rise edge)
                                  0.000000   10.000000   clock network delay (ideal)
                                 -0.250000    9.750000   clock uncertainty
                                  0.000000    9.750000   clock reconvergence pessimism
                                              9.750000 ^ _211_/CLK (sky130_fd_sc_hd__dfrtp_2)
                                 -0.056150    9.693851   library setup time
                                              9.693851   data required time
---------------------------------------------------------------------------------------------
                                              9.693851   data required time
                                             -1.534497   data arrival time
---------------------------------------------------------------------------------------------
                                              8.159354   slack (MET)


Startpoint: _189_ (rising edge-triggered flip-flop clocked by clk)
Endpoint: _203_ (rising edge-triggered flip-flop clocked by clk)
Path Group: clk
Path Type: max

Fanout         Cap        Slew       Delay        Time   Description
---------------------------------------------------------------------------------------------
                      0.150000    0.000000    0.000000   clock clk (rise edge)
                                  0.000000    0.000000   clock network delay (ideal)
                      0.150000    0.000000    0.000000 ^ _189_/CLK (sky130_fd_sc_hd__dfrtp_2)
     4    0.022474    0.124499    0.446340    0.446340 ^ _189_/Q (sky130_fd_sc_hd__dfrtp_2)
                                                         counter[2] (net)
                      0.124499    0.000000    0.446340 ^ _114_/C (sky130_fd_sc_hd__and4_2)
     8    0.027381    0.166747    0.335792    0.782131 ^ _114_/X (sky130_fd_sc_hd__and4_2)
                                                         _035_ (net)
                      0.166747    0.000000    0.782131 ^ _131_/B (sky130_fd_sc_hd__and4_2)
     7    0.017080    0.119885    0.303283    1.085414 ^ _131_/X (sky130_fd_sc_hd__and4_2)
                                                         _045_ (net)
                      0.119885    0.000000    1.085414 ^ _144_/B (sky130_fd_sc_hd__and3_2)
     5    0.020799    0.125111    0.258746    1.344160 ^ _144_/X (sky130_fd_sc_hd__and3_2)
                                                         _053_ (net)
                      0.125111    0.000000    1.344160 ^ _147_/B (sky130_fd_sc_hd__xor2_2)
     1    0.002005    0.082985    0.126678    1.470838 ^ _147_/X (sky130_fd_sc_hd__xor2_2)
                                                         _007_ (net)
                      0.082985    0.000000    1.470838 ^ _203_/D (sky130_fd_sc_hd__dfrtp_2)
                                              1.470838   data arrival time

                      0.150000   10.000000   10.000000   clock clk (rise edge)
                                  0.000000   10.000000   clock network delay (ideal)
                                 -0.250000    9.750000   clock uncertainty
                                  0.000000    9.750000   clock reconvergence pessimism
                                              9.750000 ^ _203_/CLK (sky130_fd_sc_hd__dfrtp_2)
                                 -0.056157    9.693843   library setup time
                                              9.693843   data required time
---------------------------------------------------------------------------------------------
                                              9.693843   data required time
                                             -1.470838   data arrival time
---------------------------------------------------------------------------------------------
                                              8.223004   slack (MET)


Startpoint: _189_ (rising edge-triggered flip-flop clocked by clk)
Endpoint: _199_ (rising edge-triggered flip-flop clocked by clk)
Path Group: clk
Path Type: max

Fanout         Cap        Slew       Delay        Time   Description
---------------------------------------------------------------------------------------------
                      0.150000    0.000000    0.000000   clock clk (rise edge)
                                  0.000000    0.000000   clock network delay (ideal)
                      0.150000    0.000000    0.000000 ^ _189_/CLK (sky130_fd_sc_hd__dfrtp_2)
     4    0.020631    0.082640    0.473736    0.473736 v _189_/Q (sky130_fd_sc_hd__dfrtp_2)
                                                         counter[2] (net)
                      0.082640    0.000000    0.473736 v _114_/C (sky130_fd_sc_hd__and4_2)
     8    0.025317    0.089164    0.296531    0.770268 v _114_/X (sky130_fd_sc_hd__and4_2)
                                                         _035_ (net)
                      0.089164    0.000000    0.770268 v _131_/B (sky130_fd_sc_hd__and4_2)
     7    0.015695    0.070626    0.260696    1.030964 v _131_/X (sky130_fd_sc_hd__and4_2)
                                                         _045_ (net)
                      0.070626    0.000000    1.030964 v _134_/B (sky130_fd_sc_hd__and2_2)
     5    0.019572    0.074137    0.241757    1.272721 v _134_/X (sky130_fd_sc_hd__and2_2)
                                                         _047_ (net)
                      0.074137    0.000000    1.272721 v _137_/B (sky130_fd_sc_hd__xor2_2)
     1    0.001949    0.045133    0.140992    1.413713 v _137_/X (sky130_fd_sc_hd__xor2_2)
                                                         _003_ (net)
                      0.045133    0.000000    1.413713 v _199_/D (sky130_fd_sc_hd__dfrtp_2)
                                              1.413713   data arrival time

                      0.150000   10.000000   10.000000   clock clk (rise edge)
                                  0.000000   10.000000   clock network delay (ideal)
                                 -0.250000    9.750000   clock uncertainty
                                  0.000000    9.750000   clock reconvergence pessimism
                                              9.750000 ^ _199_/CLK (sky130_fd_sc_hd__dfrtp_2)
                                 -0.091264    9.658735   library setup time
                                              9.658735   data required time
---------------------------------------------------------------------------------------------
                                              9.658735   data required time
                                             -1.413713   data arrival time
---------------------------------------------------------------------------------------------
                                              8.245023   slack (MET)


Startpoint: _189_ (rising edge-triggered flip-flop clocked by clk)
Endpoint: _198_ (rising edge-triggered flip-flop clocked by clk)
Path Group: clk
Path Type: max

Fanout         Cap        Slew       Delay        Time   Description
---------------------------------------------------------------------------------------------
                      0.150000    0.000000    0.000000   clock clk (rise edge)
                                  0.000000    0.000000   clock network delay (ideal)
                      0.150000    0.000000    0.000000 ^ _189_/CLK (sky130_fd_sc_hd__dfrtp_2)
     4    0.022474    0.124499    0.446340    0.446340 ^ _189_/Q (sky130_fd_sc_hd__dfrtp_2)
                                                         counter[2] (net)
                      0.124499    0.000000    0.446340 ^ _114_/C (sky130_fd_sc_hd__and4_2)
     8    0.027381    0.166747    0.335792    0.782131 ^ _114_/X (sky130_fd_sc_hd__and4_2)
                                                         _035_ (net)
                      0.166747    0.000000    0.782131 ^ _131_/B (sky130_fd_sc_hd__and4_2)
     7    0.017080    0.119885    0.303283    1.085414 ^ _131_/X (sky130_fd_sc_hd__and4_2)
                                                         _045_ (net)
                      0.119885    0.000000    1.085414 ^ _134_/B (sky130_fd_sc_hd__and2_2)
     5    0.021342    0.123819    0.221860    1.307274 ^ _134_/X (sky130_fd_sc_hd__and2_2)
                                                         _047_ (net)
                      0.123819    0.000000    1.307274 ^ _136_/A (sky130_fd_sc_hd__nor2_2)
     1    0.001949    0.031975    0.049102    1.356376 v _136_/Y (sky130_fd_sc_hd__nor2_2)
                                                         _002_ (net)
                      0.031975    0.000000    1.356376 v _198_/D (sky130_fd_sc_hd__dfrtp_2)
                                              1.356376   data arrival time

                      0.150000   10.000000   10.000000   clock clk (rise edge)
                                  0.000000   10.000000   clock network delay (ideal)
                                 -0.250000    9.750000   clock uncertainty
                                  0.000000    9.750000   clock reconvergence pessimism
                                              9.750000 ^ _198_/CLK (sky130_fd_sc_hd__dfrtp_2)
                                 -0.085526    9.664474   library setup time
                                              9.664474   data required time
---------------------------------------------------------------------------------------------
                                              9.664474   data required time
                                             -1.356376   data arrival time
---------------------------------------------------------------------------------------------
                                              8.308099   slack (MET)


Startpoint: _189_ (rising edge-triggered flip-flop clocked by clk)
Endpoint: _193_ (rising edge-triggered flip-flop clocked by clk)
Path Group: clk
Path Type: max

Fanout         Cap        Slew       Delay        Time   Description
---------------------------------------------------------------------------------------------
                      0.150000    0.000000    0.000000   clock clk (rise edge)
                                  0.000000    0.000000   clock network delay (ideal)
                      0.150000    0.000000    0.000000 ^ _189_/CLK (sky130_fd_sc_hd__dfrtp_2)
     4    0.022474    0.124499    0.446340    0.446340 ^ _189_/Q (sky130_fd_sc_hd__dfrtp_2)
                                                         counter[2] (net)
                      0.124499    0.000000    0.446340 ^ _114_/C (sky130_fd_sc_hd__and4_2)
     8    0.027381    0.166747    0.335792    0.782131 ^ _114_/X (sky130_fd_sc_hd__and4_2)
                                                         _035_ (net)
                      0.166747    0.000000    0.782131 ^ _120_/D (sky130_fd_sc_hd__and4_2)
     2    0.004178    0.059041    0.244246    1.026377 ^ _120_/X (sky130_fd_sc_hd__and4_2)
                                                         _038_ (net)
                      0.059041    0.000000    1.026377 ^ _122_/A_N (sky130_fd_sc_hd__and2b_2)
     1    0.001949    0.033620    0.202310    1.228687 v _122_/X (sky130_fd_sc_hd__and2b_2)
                                                         _028_ (net)
                      0.033620    0.000000    1.228687 v _193_/D (sky130_fd_sc_hd__dfrtp_2)
                                              1.228687   data arrival time

                      0.150000   10.000000   10.000000   clock clk (rise edge)
                                  0.000000   10.000000   clock network delay (ideal)
                                 -0.250000    9.750000   clock uncertainty
                                  0.000000    9.750000   clock reconvergence pessimism
                                              9.750000 ^ _193_/CLK (sky130_fd_sc_hd__dfrtp_2)
                                 -0.086243    9.663757   library setup time
                                              9.663757   data required time
---------------------------------------------------------------------------------------------
                                              9.663757   data required time
                                             -1.228687   data arrival time
---------------------------------------------------------------------------------------------
                                              8.435070   slack (MET)


Startpoint: _189_ (rising edge-triggered flip-flop clocked by clk)
Endpoint: _194_ (rising edge-triggered flip-flop clocked by clk)
Path Group: clk
Path Type: max

Fanout         Cap        Slew       Delay        Time   Description
---------------------------------------------------------------------------------------------
                      0.150000    0.000000    0.000000   clock clk (rise edge)
                                  0.000000    0.000000   clock network delay (ideal)
                      0.150000    0.000000    0.000000 ^ _189_/CLK (sky130_fd_sc_hd__dfrtp_2)
     4    0.020631    0.082640    0.473736    0.473736 v _189_/Q (sky130_fd_sc_hd__dfrtp_2)
                                                         counter[2] (net)
                      0.082640    0.000000    0.473736 v _114_/C (sky130_fd_sc_hd__and4_2)
     8    0.025317    0.089164    0.296531    0.770268 v _114_/X (sky130_fd_sc_hd__and4_2)
                                                         _035_ (net)
                      0.089164    0.000000    0.770268 v _120_/D (sky130_fd_sc_hd__and4_2)
     2    0.003734    0.043418    0.248268    1.018536 v _120_/X (sky130_fd_sc_hd__and4_2)
                                                         _038_ (net)
                      0.043418    0.000000    1.018536 v _125_/A2 (sky130_fd_sc_hd__o21a_2)
     1    0.001949    0.031325    0.181019    1.199555 v _125_/X (sky130_fd_sc_hd__o21a_2)
                                                         _029_ (net)
                      0.031325    0.000000    1.199555 v _194_/D (sky130_fd_sc_hd__dfrtp_2)
                                              1.199555   data arrival time

                      0.150000   10.000000   10.000000   clock clk (rise edge)
                                  0.000000   10.000000   clock network delay (ideal)
                                 -0.250000    9.750000   clock uncertainty
                                  0.000000    9.750000   clock reconvergence pessimism
                                              9.750000 ^ _194_/CLK (sky130_fd_sc_hd__dfrtp_2)
                                 -0.085242    9.664758   library setup time
                                              9.664758   data required time
---------------------------------------------------------------------------------------------
                                              9.664758   data required time
                                             -1.199555   data arrival time
---------------------------------------------------------------------------------------------
                                              8.465202   slack (MET)


Startpoint: _189_ (rising edge-triggered flip-flop clocked by clk)
Endpoint: _197_ (rising edge-triggered flip-flop clocked by clk)
Path Group: clk
Path Type: max

Fanout         Cap        Slew       Delay        Time   Description
---------------------------------------------------------------------------------------------
                      0.150000    0.000000    0.000000   clock clk (rise edge)
                                  0.000000    0.000000   clock network delay (ideal)
                      0.150000    0.000000    0.000000 ^ _189_/CLK (sky130_fd_sc_hd__dfrtp_2)
     4    0.022474    0.124499    0.446340    0.446340 ^ _189_/Q (sky130_fd_sc_hd__dfrtp_2)
                                                         counter[2] (net)
                      0.124499    0.000000    0.446340 ^ _114_/C (sky130_fd_sc_hd__and4_2)
     8    0.027381    0.166747    0.335792    0.782131 ^ _114_/X (sky130_fd_sc_hd__and4_2)
                                                         _035_ (net)
                      0.166747    0.000000    0.782131 ^ _124_/A (sky130_fd_sc_hd__nand2_2)
     4    0.014908    0.086363    0.106772    0.888904 v _124_/Y (sky130_fd_sc_hd__nand2_2)
                                                         _041_ (net)
                      0.086363    0.000000    0.888904 v _132_/A1 (sky130_fd_sc_hd__o21ba_2)
     1    0.004136    0.039243    0.225378    1.114282 v _132_/X (sky130_fd_sc_hd__o21ba_2)
                                                         _046_ (net)
                      0.039243    0.000000    1.114282 v _133_/B (sky130_fd_sc_hd__nor2_2)
     1    0.002005    0.054837    0.060838    1.175120 ^ _133_/Y (sky130_fd_sc_hd__nor2_2)
                                                         _001_ (net)
                      0.054837    0.000000    1.175120 ^ _197_/D (sky130_fd_sc_hd__dfrtp_2)
                                              1.175120   data arrival time

                      0.150000   10.000000   10.000000   clock clk (rise edge)
                                  0.000000   10.000000   clock network delay (ideal)
                                 -0.250000    9.750000   clock uncertainty
                                  0.000000    9.750000   clock reconvergence pessimism
                                              9.750000 ^ _197_/CLK (sky130_fd_sc_hd__dfrtp_2)
                                 -0.049731    9.700270   library setup time
                                              9.700270   data required time
---------------------------------------------------------------------------------------------
                                              9.700270   data required time
                                             -1.175120   data arrival time
---------------------------------------------------------------------------------------------
                                              8.525148   slack (MET)


Startpoint: _189_ (rising edge-triggered flip-flop clocked by clk)
Endpoint: _196_ (rising edge-triggered flip-flop clocked by clk)
Path Group: clk
Path Type: max

Fanout         Cap        Slew       Delay        Time   Description
---------------------------------------------------------------------------------------------
                      0.150000    0.000000    0.000000   clock clk (rise edge)
                                  0.000000    0.000000   clock network delay (ideal)
                      0.150000    0.000000    0.000000 ^ _189_/CLK (sky130_fd_sc_hd__dfrtp_2)
     4    0.020631    0.082640    0.473736    0.473736 v _189_/Q (sky130_fd_sc_hd__dfrtp_2)
                                                         counter[2] (net)
                      0.082640    0.000000    0.473736 v _114_/C (sky130_fd_sc_hd__and4_2)
     8    0.025317    0.089164    0.296531    0.770268 v _114_/X (sky130_fd_sc_hd__and4_2)
                                                         _035_ (net)
                      0.089164    0.000000    0.770268 v _129_/A2 (sky130_fd_sc_hd__a31o_2)
     1    0.002329    0.035917    0.238959    1.009227 v _129_/X (sky130_fd_sc_hd__a31o_2)
                                                         _044_ (net)
                      0.035917    0.000000    1.009227 v _130_/B1 (sky130_fd_sc_hd__o21a_2)
     1    0.001949    0.031382    0.101613    1.110840 v _130_/X (sky130_fd_sc_hd__o21a_2)
                                                         _031_ (net)
                      0.031382    0.000000    1.110840 v _196_/D (sky130_fd_sc_hd__dfrtp_2)
                                              1.110840   data arrival time

                      0.150000   10.000000   10.000000   clock clk (rise edge)
                                  0.000000   10.000000   clock network delay (ideal)
                                 -0.250000    9.750000   clock uncertainty
                                  0.000000    9.750000   clock reconvergence pessimism
                                              9.750000 ^ _196_/CLK (sky130_fd_sc_hd__dfrtp_2)
                                 -0.085268    9.664732   library setup time
                                              9.664732   data required time
---------------------------------------------------------------------------------------------
                                              9.664732   data required time
                                             -1.110840   data arrival time
---------------------------------------------------------------------------------------------
                                              8.553893   slack (MET)


Startpoint: _189_ (rising edge-triggered flip-flop clocked by clk)
Endpoint: _195_ (rising edge-triggered flip-flop clocked by clk)
Path Group: clk
Path Type: max

Fanout         Cap        Slew       Delay        Time   Description
---------------------------------------------------------------------------------------------
                      0.150000    0.000000    0.000000   clock clk (rise edge)
                                  0.000000    0.000000   clock network delay (ideal)
                      0.150000    0.000000    0.000000 ^ _189_/CLK (sky130_fd_sc_hd__dfrtp_2)
     4    0.022474    0.124499    0.446340    0.446340 ^ _189_/Q (sky130_fd_sc_hd__dfrtp_2)
                                                         counter[2] (net)
                      0.124499    0.000000    0.446340 ^ _114_/C (sky130_fd_sc_hd__and4_2)
     8    0.027381    0.166747    0.335792    0.782131 ^ _114_/X (sky130_fd_sc_hd__and4_2)
                                                         _035_ (net)
                      0.166747    0.000000    0.782131 ^ _124_/A (sky130_fd_sc_hd__nand2_2)
     4    0.014908    0.086363    0.106772    0.888904 v _124_/Y (sky130_fd_sc_hd__nand2_2)
                                                         _041_ (net)
                      0.086363    0.000000    0.888904 v _126_/B (sky130_fd_sc_hd__xnor2_2)
     1    0.001949    0.043676    0.133842    1.022746 v _126_/Y (sky130_fd_sc_hd__xnor2_2)
                                                         _030_ (net)
                      0.043676    0.000000    1.022746 v _195_/D (sky130_fd_sc_hd__dfrtp_2)
                                              1.022746   data arrival time

                      0.150000   10.000000   10.000000   clock clk (rise edge)
                                  0.000000   10.000000   clock network delay (ideal)
                                 -0.250000    9.750000   clock uncertainty
                                  0.000000    9.750000   clock reconvergence pessimism
                                              9.750000 ^ _195_/CLK (sky130_fd_sc_hd__dfrtp_2)
                                 -0.090629    9.659371   library setup time
                                              9.659371   data required time
---------------------------------------------------------------------------------------------
                                              9.659371   data required time
                                             -1.022746   data arrival time
---------------------------------------------------------------------------------------------
                                              8.636626   slack (MET)


Startpoint: _189_ (rising edge-triggered flip-flop clocked by clk)
Endpoint: _190_ (rising edge-triggered flip-flop clocked by clk)
Path Group: clk
Path Type: max

Fanout         Cap        Slew       Delay        Time   Description
---------------------------------------------------------------------------------------------
                      0.150000    0.000000    0.000000   clock clk (rise edge)
                                  0.000000    0.000000   clock network delay (ideal)
                      0.150000    0.000000    0.000000 ^ _189_/CLK (sky130_fd_sc_hd__dfrtp_2)
     4    0.022474    0.124499    0.446340    0.446340 ^ _189_/Q (sky130_fd_sc_hd__dfrtp_2)
                                                         counter[2] (net)
                      0.124499    0.000000    0.446340 ^ _114_/C (sky130_fd_sc_hd__and4_2)
     8    0.027381    0.166747    0.335792    0.782131 ^ _114_/X (sky130_fd_sc_hd__and4_2)
                                                         _035_ (net)
                      0.166747    0.000000    0.782131 ^ _116_/A_N (sky130_fd_sc_hd__and2b_2)
     1    0.001949    0.033620    0.228626    1.010758 v _116_/X (sky130_fd_sc_hd__and2b_2)
                                                         _025_ (net)
                      0.033620    0.000000    1.010758 v _190_/D (sky130_fd_sc_hd__dfrtp_2)
                                              1.010758   data arrival time

                      0.150000   10.000000   10.000000   clock clk (rise edge)
                                  0.000000   10.000000   clock network delay (ideal)
                                 -0.250000    9.750000   clock uncertainty
                                  0.000000    9.750000   clock reconvergence pessimism
                                              9.750000 ^ _190_/CLK (sky130_fd_sc_hd__dfrtp_2)
                                 -0.086243    9.663757   library setup time
                                              9.663757   data required time
---------------------------------------------------------------------------------------------
                                              9.663757   data required time
                                             -1.010758   data arrival time
---------------------------------------------------------------------------------------------
                                              8.653000   slack (MET)


Startpoint: _189_ (rising edge-triggered flip-flop clocked by clk)
Endpoint: _192_ (rising edge-triggered flip-flop clocked by clk)
Path Group: clk
Path Type: max

Fanout         Cap        Slew       Delay        Time   Description
---------------------------------------------------------------------------------------------
                      0.150000    0.000000    0.000000   clock clk (rise edge)
                                  0.000000    0.000000   clock network delay (ideal)
                      0.150000    0.000000    0.000000 ^ _189_/CLK (sky130_fd_sc_hd__dfrtp_2)
     4    0.022474    0.124499    0.446340    0.446340 ^ _189_/Q (sky130_fd_sc_hd__dfrtp_2)
                                                         counter[2] (net)
                      0.124499    0.000000    0.446340 ^ _114_/C (sky130_fd_sc_hd__and4_2)
     8    0.027381    0.166747    0.335792    0.782131 ^ _114_/X (sky130_fd_sc_hd__and4_2)
                                                         _035_ (net)
                      0.166747    0.000000    0.782131 ^ _117_/B (sky130_fd_sc_hd__nand2_2)
     1    0.008077    0.061186    0.085650    0.867782 v _117_/Y (sky130_fd_sc_hd__nand2_2)
                                                         _037_ (net)
                      0.061186    0.000000    0.867782 v _119_/B (sky130_fd_sc_hd__xnor2_2)
     1    0.001949    0.041507    0.123257    0.991039 v _119_/Y (sky130_fd_sc_hd__xnor2_2)
                                                         _027_ (net)
                      0.041507    0.000000    0.991039 v _192_/D (sky130_fd_sc_hd__dfrtp_2)
                                              0.991039   data arrival time

                      0.150000   10.000000   10.000000   clock clk (rise edge)
                                  0.000000   10.000000   clock network delay (ideal)
                                 -0.250000    9.750000   clock uncertainty
                                  0.000000    9.750000   clock reconvergence pessimism
                                              9.750000 ^ _192_/CLK (sky130_fd_sc_hd__dfrtp_2)
                                 -0.089683    9.660317   library setup time
                                              9.660317   data required time
---------------------------------------------------------------------------------------------
                                              9.660317   data required time
                                             -0.991039   data arrival time
---------------------------------------------------------------------------------------------
                                              8.669279   slack (MET)


Startpoint: _187_ (rising edge-triggered flip-flop clocked by clk)
Endpoint: _188_ (rising edge-triggered flip-flop clocked by clk)
Path Group: clk
Path Type: max

Fanout         Cap        Slew       Delay        Time   Description
---------------------------------------------------------------------------------------------
                      0.150000    0.000000    0.000000   clock clk (rise edge)
                                  0.000000    0.000000   clock network delay (ideal)
                      0.150000    0.000000    0.000000 ^ _187_/CLK (sky130_fd_sc_hd__dfrtp_2)
     6    0.022343    0.086305    0.477903    0.477903 v _187_/Q (sky130_fd_sc_hd__dfrtp_2)
                                                         counter[0] (net)
                      0.086305    0.000000    0.477903 v _111_/A (sky130_fd_sc_hd__or2_2)
     1    0.001403    0.049022    0.292606    0.770508 v _111_/X (sky130_fd_sc_hd__or2_2)
                                                         _034_ (net)
                      0.049022    0.000000    0.770508 v _112_/B (sky130_fd_sc_hd__and2_2)
     1    0.001949    0.034536    0.180051    0.950560 v _112_/X (sky130_fd_sc_hd__and2_2)
                                                         _011_ (net)
                      0.034536    0.000000    0.950560 v _188_/D (sky130_fd_sc_hd__dfrtp_2)
                                              0.950560   data arrival time

                      0.150000   10.000000   10.000000   clock clk (rise edge)
                                  0.000000   10.000000   clock network delay (ideal)
                                 -0.250000    9.750000   clock uncertainty
                                  0.000000    9.750000   clock reconvergence pessimism
                                              9.750000 ^ _188_/CLK (sky130_fd_sc_hd__dfrtp_2)
                                 -0.086643    9.663358   library setup time
                                              9.663358   data required time
---------------------------------------------------------------------------------------------
                                              9.663358   data required time
                                             -0.950560   data arrival time
---------------------------------------------------------------------------------------------
                                              8.712798   slack (MET)


Startpoint: _189_ (rising edge-triggered flip-flop clocked by clk)
Endpoint: _191_ (rising edge-triggered flip-flop clocked by clk)
Path Group: clk
Path Type: max

Fanout         Cap        Slew       Delay        Time   Description
---------------------------------------------------------------------------------------------
                      0.150000    0.000000    0.000000   clock clk (rise edge)
                                  0.000000    0.000000   clock network delay (ideal)
                      0.150000    0.000000    0.000000 ^ _189_/CLK (sky130_fd_sc_hd__dfrtp_2)
     4    0.020631    0.082640    0.473736    0.473736 v _189_/Q (sky130_fd_sc_hd__dfrtp_2)
                                                         counter[2] (net)
                      0.082640    0.000000    0.473736 v _114_/C (sky130_fd_sc_hd__and4_2)
     8    0.025317    0.089164    0.296531    0.770268 v _114_/X (sky130_fd_sc_hd__and4_2)
                                                         _035_ (net)
                      0.089164    0.000000    0.770268 v _118_/B (sky130_fd_sc_hd__xor2_2)
     1    0.001949    0.051271    0.146946    0.917214 v _118_/X (sky130_fd_sc_hd__xor2_2)
                                                         _026_ (net)
                      0.051271    0.000000    0.917214 v _191_/D (sky130_fd_sc_hd__dfrtp_2)
                                              0.917214   data arrival time

                      0.150000   10.000000   10.000000   clock clk (rise edge)
                                  0.000000   10.000000   clock network delay (ideal)
                                 -0.250000    9.750000   clock uncertainty
                                  0.000000    9.750000   clock reconvergence pessimism
                                              9.750000 ^ _191_/CLK (sky130_fd_sc_hd__dfrtp_2)
                                 -0.093941    9.656058   library setup time
                                              9.656058   data required time
---------------------------------------------------------------------------------------------
                                              9.656058   data required time
                                             -0.917214   data arrival time
---------------------------------------------------------------------------------------------
                                              8.738845   slack (MET)


Startpoint: _187_ (rising edge-triggered flip-flop clocked by clk)
Endpoint: _189_ (rising edge-triggered flip-flop clocked by clk)
Path Group: clk
Path Type: max

Fanout         Cap        Slew       Delay        Time   Description
---------------------------------------------------------------------------------------------
                      0.150000    0.000000    0.000000   clock clk (rise edge)
                                  0.000000    0.000000   clock network delay (ideal)
                      0.150000    0.000000    0.000000 ^ _187_/CLK (sky130_fd_sc_hd__dfrtp_2)
     6    0.024113    0.131576    0.451968    0.451968 ^ _187_/Q (sky130_fd_sc_hd__dfrtp_2)
                                                         counter[0] (net)
                      0.131576    0.000000    0.451968 ^ _110_/A (sky130_fd_sc_hd__nand2_2)
     2    0.009495    0.061994    0.080708    0.532676 v _110_/Y (sky130_fd_sc_hd__nand2_2)
                                                         _033_ (net)
                      0.061994    0.000000    0.532676 v _113_/B (sky130_fd_sc_hd__xnor2_2)
     1    0.001949    0.040855    0.123596    0.656273 v _113_/Y (sky130_fd_sc_hd__xnor2_2)
                                                         _022_ (net)
                      0.040855    0.000000    0.656273 v _189_/D (sky130_fd_sc_hd__dfrtp_2)
                                              0.656273   data arrival time

                      0.150000   10.000000   10.000000   clock clk (rise edge)
                                  0.000000   10.000000   clock network delay (ideal)
                                 -0.250000    9.750000   clock uncertainty
                                  0.000000    9.750000   clock reconvergence pessimism
                                              9.750000 ^ _189_/CLK (sky130_fd_sc_hd__dfrtp_2)
                                 -0.089399    9.660602   library setup time
                                              9.660602   data required time
---------------------------------------------------------------------------------------------
                                              9.660602   data required time
                                             -0.656273   data arrival time
---------------------------------------------------------------------------------------------
                                              9.004329   slack (MET)


Startpoint: _199_ (rising edge-triggered flip-flop clocked by clk)
Endpoint: _223_ (rising edge-triggered flip-flop clocked by clk)
Path Group: clk
Path Type: max

Fanout         Cap        Slew       Delay        Time   Description
---------------------------------------------------------------------------------------------
                      0.150000    0.000000    0.000000   clock clk (rise edge)
                                  0.000000    0.000000   clock network delay (ideal)
                      0.150000    0.000000    0.000000 ^ _199_/CLK (sky130_fd_sc_hd__dfrtp_2)
     7    0.027760    0.097904    0.491086    0.491086 v _199_/Q (sky130_fd_sc_hd__dfrtp_2)
                                                         counter[12] (net)
                      0.097904    0.000000    0.491086 v _223_/D (sky130_fd_sc_hd__dfrtp_2)
                                              0.491086   data arrival time

                      0.150000   10.000000   10.000000   clock clk (rise edge)
                                  0.000000   10.000000   clock network delay (ideal)
                                 -0.250000    9.750000   clock uncertainty
                                  0.000000    9.750000   clock reconvergence pessimism
                                              9.750000 ^ _223_/CLK (sky130_fd_sc_hd__dfrtp_2)
                                 -0.114279    9.635721   library setup time
                                              9.635721   data required time
---------------------------------------------------------------------------------------------
                                              9.635721   data required time
                                             -0.491086   data arrival time
---------------------------------------------------------------------------------------------
                                              9.144634   slack (MET)


Startpoint: _195_ (rising edge-triggered flip-flop clocked by clk)
Endpoint: _219_ (rising edge-triggered flip-flop clocked by clk)
Path Group: clk
Path Type: max

Fanout         Cap        Slew       Delay        Time   Description
---------------------------------------------------------------------------------------------
                      0.150000    0.000000    0.000000   clock clk (rise edge)
                                  0.000000    0.000000   clock network delay (ideal)
                      0.150000    0.000000    0.000000 ^ _195_/CLK (sky130_fd_sc_hd__dfrtp_2)
     6    0.026857    0.095971    0.488888    0.488888 v _195_/Q (sky130_fd_sc_hd__dfrtp_2)
                                                         counter[8] (net)
                      0.095971    0.000000    0.488888 v _219_/D (sky130_fd_sc_hd__dfrtp_2)
                                              0.488888   data arrival time

                      0.150000   10.000000   10.000000   clock clk (rise edge)
                                  0.000000   10.000000   clock network delay (ideal)
                                 -0.250000    9.750000   clock uncertainty
                                  0.000000    9.750000   clock reconvergence pessimism
                                              9.750000 ^ _219_/CLK (sky130_fd_sc_hd__dfrtp_2)
                                 -0.113436    9.636564   library setup time
                                              9.636564   data required time
---------------------------------------------------------------------------------------------
                                              9.636564   data required time
                                             -0.488888   data arrival time
---------------------------------------------------------------------------------------------
                                              9.147676   slack (MET)


Startpoint: _201_ (rising edge-triggered flip-flop clocked by clk)
Endpoint: _225_ (rising edge-triggered flip-flop clocked by clk)
Path Group: clk
Path Type: max

Fanout         Cap        Slew       Delay        Time   Description
---------------------------------------------------------------------------------------------
                      0.150000    0.000000    0.000000   clock clk (rise edge)
                                  0.000000    0.000000   clock network delay (ideal)
                      0.150000    0.000000    0.000000 ^ _201_/CLK (sky130_fd_sc_hd__dfrtp_2)
     5    0.022095    0.085774    0.477299    0.477299 v _201_/Q (sky130_fd_sc_hd__dfrtp_2)
                                                         counter[14] (net)
                      0.085774    0.000000    0.477299 v _225_/D (sky130_fd_sc_hd__dfrtp_2)
                                              0.477299   data arrival time

                      0.150000   10.000000   10.000000   clock clk (rise edge)
                                  0.000000   10.000000   clock network delay (ideal)
                                 -0.250000    9.750000   clock uncertainty
                                  0.000000    9.750000   clock reconvergence pessimism
                                              9.750000 ^ _225_/CLK (sky130_fd_sc_hd__dfrtp_2)
                                 -0.108989    9.641011   library setup time
                                              9.641011   data required time
---------------------------------------------------------------------------------------------
                                              9.641011   data required time
                                             -0.477299   data arrival time
---------------------------------------------------------------------------------------------
                                              9.163712   slack (MET)


Startpoint: _198_ (rising edge-triggered flip-flop clocked by clk)
Endpoint: _222_ (rising edge-triggered flip-flop clocked by clk)
Path Group: clk
Path Type: max

Fanout         Cap        Slew       Delay        Time   Description
---------------------------------------------------------------------------------------------
                      0.150000    0.000000    0.000000   clock clk (rise edge)
                                  0.000000    0.000000   clock network delay (ideal)
                      0.150000    0.000000    0.000000 ^ _198_/CLK (sky130_fd_sc_hd__dfrtp_2)
     8    0.021985    0.085539    0.477032    0.477032 v _198_/Q (sky130_fd_sc_hd__dfrtp_2)
                                                         counter[11] (net)
                      0.085539    0.000000    0.477032 v _222_/D (sky130_fd_sc_hd__dfrtp_2)
                                              0.477032   data arrival time

                      0.150000   10.000000   10.000000   clock clk (rise edge)
                                  0.000000   10.000000   clock network delay (ideal)
                                 -0.250000    9.750000   clock uncertainty
                                  0.000000    9.750000   clock reconvergence pessimism
                                              9.750000 ^ _222_/CLK (sky130_fd_sc_hd__dfrtp_2)
                                 -0.108887    9.641114   library setup time
                                              9.641114   data required time
---------------------------------------------------------------------------------------------
                                              9.641114   data required time
                                             -0.477032   data arrival time
---------------------------------------------------------------------------------------------
                                              9.164083   slack (MET)


Startpoint: _200_ (rising edge-triggered flip-flop clocked by clk)
Endpoint: _224_ (rising edge-triggered flip-flop clocked by clk)
Path Group: clk
Path Type: max

Fanout         Cap        Slew       Delay        Time   Description
---------------------------------------------------------------------------------------------
                      0.150000    0.000000    0.000000   clock clk (rise edge)
                                  0.000000    0.000000   clock network delay (ideal)
                      0.150000    0.000000    0.000000 ^ _200_/CLK (sky130_fd_sc_hd__dfrtp_2)
     6    0.019121    0.079406    0.470062    0.470062 v _200_/Q (sky130_fd_sc_hd__dfrtp_2)
                                                         counter[13] (net)
                      0.079406    0.000000    0.470062 v _224_/D (sky130_fd_sc_hd__dfrtp_2)
                                              0.470062   data arrival time

                      0.150000   10.000000   10.000000   clock clk (rise edge)
                                  0.000000   10.000000   clock network delay (ideal)
                                 -0.250000    9.750000   clock uncertainty
                                  0.000000    9.750000   clock reconvergence pessimism
                                              9.750000 ^ _224_/CLK (sky130_fd_sc_hd__dfrtp_2)
                                 -0.106212    9.643788   library setup time
                                              9.643788   data required time
---------------------------------------------------------------------------------------------
                                              9.643788   data required time
                                             -0.470062   data arrival time
---------------------------------------------------------------------------------------------
                                              9.173727   slack (MET)


Startpoint: _196_ (rising edge-triggered flip-flop clocked by clk)
Endpoint: _220_ (rising edge-triggered flip-flop clocked by clk)
Path Group: clk
Path Type: max

Fanout         Cap        Slew       Delay        Time   Description
---------------------------------------------------------------------------------------------
                      0.150000    0.000000    0.000000   clock clk (rise edge)
                                  0.000000    0.000000   clock network delay (ideal)
                      0.150000    0.000000    0.000000 ^ _196_/CLK (sky130_fd_sc_hd__dfrtp_2)
     5    0.018298    0.077644    0.468059    0.468059 v _196_/Q (sky130_fd_sc_hd__dfrtp_2)
                                                         counter[9] (net)
                      0.077644    0.000000    0.468059 v _220_/D (sky130_fd_sc_hd__dfrtp_2)
                                              0.468059   data arrival time

                      0.150000   10.000000   10.000000   clock clk (rise edge)
                                  0.000000   10.000000   clock network delay (ideal)
                                 -0.250000    9.750000   clock uncertainty
                                  0.000000    9.750000   clock reconvergence pessimism
                                              9.750000 ^ _220_/CLK (sky130_fd_sc_hd__dfrtp_2)
                                 -0.105444    9.644557   library setup time
                                              9.644557   data required time
---------------------------------------------------------------------------------------------
                                              9.644557   data required time
                                             -0.468059   data arrival time
---------------------------------------------------------------------------------------------
                                              9.176498   slack (MET)


Startpoint: _187_ (rising edge-triggered flip-flop clocked by clk)
Endpoint: _187_ (rising edge-triggered flip-flop clocked by clk)
Path Group: clk
Path Type: max

Fanout         Cap        Slew       Delay        Time   Description
---------------------------------------------------------------------------------------------
                      0.150000    0.000000    0.000000   clock clk (rise edge)
                                  0.000000    0.000000   clock network delay (ideal)
                      0.150000    0.000000    0.000000 ^ _187_/CLK (sky130_fd_sc_hd__dfrtp_2)
     6    0.022343    0.086305    0.477903    0.477903 v _187_/Q (sky130_fd_sc_hd__dfrtp_2)
                                                         counter[0] (net)
                      0.086305    0.000000    0.477903 v _077_/A (sky130_fd_sc_hd__inv_2)
     1    0.002005    0.028831    0.050407    0.528310 ^ _077_/Y (sky130_fd_sc_hd__inv_2)
                                                         _000_ (net)
                      0.028831    0.000000    0.528310 ^ _187_/D (sky130_fd_sc_hd__dfrtp_2)
                                              0.528310   data arrival time

                      0.150000   10.000000   10.000000   clock clk (rise edge)
                                  0.000000   10.000000   clock network delay (ideal)
                                 -0.250000    9.750000   clock uncertainty
                                  0.000000    9.750000   clock reconvergence pessimism
                                              9.750000 ^ _187_/CLK (sky130_fd_sc_hd__dfrtp_2)
                                 -0.043794    9.706206   library setup time
                                              9.706206   data required time
---------------------------------------------------------------------------------------------
                                              9.706206   data required time
                                             -0.528310   data arrival time
---------------------------------------------------------------------------------------------
                                              9.177896   slack (MET)


Startpoint: _202_ (rising edge-triggered flip-flop clocked by clk)
Endpoint: _226_ (rising edge-triggered flip-flop clocked by clk)
Path Group: clk
Path Type: max

Fanout         Cap        Slew       Delay        Time   Description
---------------------------------------------------------------------------------------------
                      0.150000    0.000000    0.000000   clock clk (rise edge)
                                  0.000000    0.000000   clock network delay (ideal)
                      0.150000    0.000000    0.000000 ^ _202_/CLK (sky130_fd_sc_hd__dfrtp_2)
     4    0.014290    0.069062    0.458305    0.458305 v _202_/Q (sky130_fd_sc_hd__dfrtp_2)
                                                         counter[15] (net)
                      0.069062    0.000000    0.458305 v _226_/D (sky130_fd_sc_hd__dfrtp_2)
                                              0.458305   data arrival time

                      0.150000   10.000000   10.000000   clock clk (rise edge)
                                  0.000000   10.000000   clock network delay (ideal)
                                 -0.250000    9.750000   clock uncertainty
                                  0.000000    9.750000   clock reconvergence pessimism
                                              9.750000 ^ _226_/CLK (sky130_fd_sc_hd__dfrtp_2)
                                 -0.101701    9.648299   library setup time
                                              9.648299   data required time
---------------------------------------------------------------------------------------------
                                              9.648299   data required time
                                             -0.458305   data arrival time
---------------------------------------------------------------------------------------------
                                              9.189995   slack (MET)


Startpoint: _197_ (rising edge-triggered flip-flop clocked by clk)
Endpoint: _221_ (rising edge-triggered flip-flop clocked by clk)
Path Group: clk
Path Type: max

Fanout         Cap        Slew       Delay        Time   Description
---------------------------------------------------------------------------------------------
                      0.150000    0.000000    0.000000   clock clk (rise edge)
                                  0.000000    0.000000   clock network delay (ideal)
                      0.150000    0.000000    0.000000 ^ _197_/CLK (sky130_fd_sc_hd__dfrtp_2)
     4    0.013346    0.067041    0.456007    0.456007 v _197_/Q (sky130_fd_sc_hd__dfrtp_2)
                                                         counter[10] (net)
                      0.067041    0.000000    0.456007 v _221_/D (sky130_fd_sc_hd__dfrtp_2)
                                              0.456007   data arrival time

                      0.150000   10.000000   10.000000   clock clk (rise edge)
                                  0.000000   10.000000   clock network delay (ideal)
                                 -0.250000    9.750000   clock uncertainty
                                  0.000000    9.750000   clock reconvergence pessimism
                                              9.750000 ^ _221_/CLK (sky130_fd_sc_hd__dfrtp_2)
                                 -0.100819    9.649181   library setup time
                                              9.649181   data required time
---------------------------------------------------------------------------------------------
                                              9.649181   data required time
                                             -0.456007   data arrival time
---------------------------------------------------------------------------------------------
                                              9.193173   slack (MET)



%OL_END_REPORT
%OL_CREATE_REPORT checks.rpt

===========================================================================
report_checks -unconstrained
===========================================================================
======================= nom_tt_025C_1v80 Corner ===================================

Startpoint: rst_n (input port clocked by clk)
Endpoint: _186_ (recovery check against rising-edge clock clk)
Path Group: asynchronous
Path Type: max

Fanout         Cap        Slew       Delay        Time   Description
---------------------------------------------------------------------------------------------
                      0.150000    0.000000    0.000000   clock clk (rise edge)
                                  0.000000    0.000000   clock network delay (ideal)
                                  2.000000    2.000000 ^ input external delay
    41    0.148092    0.671801    0.458607    2.458607 ^ rst_n (in)
                                                         rst_n (net)
                      0.671801    0.000000    2.458607 ^ _186_/RESET_B (sky130_fd_sc_hd__dfrtp_2)
                                              2.458607   data arrival time

                      0.150000   10.000000   10.000000   clock clk (rise edge)
                                  0.000000   10.000000   clock network delay (ideal)
                                 -0.250000    9.750000   clock uncertainty
                                  0.000000    9.750000   clock reconvergence pessimism
                                              9.750000 ^ _186_/CLK (sky130_fd_sc_hd__dfrtp_2)
                                  0.059519    9.809520   library recovery time
                                              9.809520   data required time
---------------------------------------------------------------------------------------------
                                              9.809520   data required time
                                             -2.458607   data arrival time
---------------------------------------------------------------------------------------------
                                              7.350913   slack (MET)


Startpoint: axi_araddr[0] (input port clocked by clk)
Endpoint: axi_rdata[0] (output port clocked by clk)
Path Group: clk
Path Type: max

Fanout         Cap        Slew       Delay        Time   Description
---------------------------------------------------------------------------------------------
                      0.150000    0.000000    0.000000   clock clk (rise edge)
                                  0.000000    0.000000   clock network delay (ideal)
                                  2.000000    2.000000 ^ input external delay
     1    0.008493    0.045953    0.029094    2.029094 ^ axi_araddr[0] (in)
                                                         axi_araddr[0] (net)
                      0.045953    0.000000    2.029094 ^ _078_/B (sky130_fd_sc_hd__xor2_2)
     1    0.033442    0.429036    0.358982    2.388076 ^ _078_/X (sky130_fd_sc_hd__xor2_2)
                                                         axi_rdata[0] (net)
                      0.429036    0.000000    2.388076 ^ axi_rdata[0] (out)
                                              2.388076   data arrival time

                      0.150000   10.000000   10.000000   clock clk (rise edge)
                                  0.000000   10.000000   clock network delay (ideal)
                                 -0.250000    9.750000   clock uncertainty
                                  0.000000    9.750000   clock reconvergence pessimism
                                 -2.000000    7.750000   output external delay
                                              7.750000   data required time
---------------------------------------------------------------------------------------------
                                              7.750000   data required time
                                             -2.388076   data arrival time
---------------------------------------------------------------------------------------------
                                              5.361924   slack (MET)




===========================================================================
report_checks --slack_max -0.01
============================================================================
======================= nom_tt_025C_1v80 Corner ===================================

No paths found.


===========================================================================
 report_check_types -max_slew -max_cap -max_fanout -violators
============================================================================
======================= nom_tt_025C_1v80 Corner ===================================



===========================================================================
report_parasitic_annotation -report_unannotated
============================================================================
Found 282 unannotated drivers.
 axi_araddr[0]
 axi_araddr[10]
 axi_araddr[11]
 axi_araddr[12]
 axi_araddr[13]
 axi_araddr[14]
 axi_araddr[15]
 axi_araddr[16]
 axi_araddr[17]
 axi_araddr[18]
 axi_araddr[19]
 axi_araddr[1]
 axi_araddr[20]
 axi_araddr[21]
 axi_araddr[22]
 axi_araddr[23]
 axi_araddr[24]
 axi_araddr[25]
 axi_araddr[26]
 axi_araddr[27]
 axi_araddr[28]
 axi_araddr[29]
 axi_araddr[2]
 axi_araddr[30]
 axi_araddr[31]
 axi_araddr[3]
 axi_araddr[4]
 axi_araddr[5]
 axi_araddr[6]
 axi_araddr[7]
 axi_araddr[8]
 axi_araddr[9]
 axi_arvalid
 axi_awaddr[0]
 axi_awaddr[10]
 axi_awaddr[11]
 axi_awaddr[12]
 axi_awaddr[13]
 axi_awaddr[14]
 axi_awaddr[15]
 axi_awaddr[16]
 axi_awaddr[17]
 axi_awaddr[18]
 axi_awaddr[19]
 axi_awaddr[1]
 axi_awaddr[20]
 axi_awaddr[21]
 axi_awaddr[22]
 axi_awaddr[23]
 axi_awaddr[24]
 axi_awaddr[25]
 axi_awaddr[26]
 axi_awaddr[27]
 axi_awaddr[28]
 axi_awaddr[29]
 axi_awaddr[2]
 axi_awaddr[30]
 axi_awaddr[31]
 axi_awaddr[3]
 axi_awaddr[4]
 axi_awaddr[5]
 axi_awaddr[6]
 axi_awaddr[7]
 axi_awaddr[8]
 axi_awaddr[9]
 axi_awvalid
 axi_bready
 axi_rready
 axi_wdata[0]
 axi_wdata[10]
 axi_wdata[11]
 axi_wdata[12]
 axi_wdata[13]
 axi_wdata[14]
 axi_wdata[15]
 axi_wdata[16]
 axi_wdata[17]
 axi_wdata[18]
 axi_wdata[19]
 axi_wdata[1]
 axi_wdata[20]
 axi_wdata[21]
 axi_wdata[22]
 axi_wdata[23]
 axi_wdata[24]
 axi_wdata[25]
 axi_wdata[26]
 axi_wdata[27]
 axi_wdata[28]
 axi_wdata[29]
 axi_wdata[2]
 axi_wdata[30]
 axi_wdata[31]
 axi_wdata[3]
 axi_wdata[4]
 axi_wdata[5]
 axi_wdata[6]
 axi_wdata[7]
 axi_wdata[8]
 axi_wdata[9]
 axi_wstrb[0]
 axi_wstrb[1]
 axi_wstrb[2]
 axi_wstrb[3]
 axi_wvalid
 clk
 ext_interrupt
 gpio_in[0]
 gpio_in[1]
 gpio_in[2]
 gpio_in[3]
 gpio_in[4]
 gpio_in[5]
 gpio_in[6]
 gpio_in[7]
 rst_n
 uart_rx
 _077_/Y
 _078_/X
 _079_/X
 _080_/X
 _081_/X
 _082_/X
 _083_/X
 _084_/X
 _085_/X
 _086_/X
 _087_/X
 _088_/X
 _089_/X
 _090_/X
 _091_/X
 _092_/X
 _093_/X
 _094_/X
 _095_/X
 _096_/X
 _097_/X
 _098_/X
 _099_/X
 _100_/X
 _101_/X
 _102_/X
 _103_/X
 _104_/X
 _105_/X
 _106_/X
 _107_/X
 _108_/X
 _109_/X
 _110_/Y
 _111_/X
 _112_/X
 _113_/Y
 _114_/X
 _115_/X
 _116_/X
 _117_/Y
 _118_/X
 _119_/Y
 _120_/X
 _121_/X
 _122_/X
 _123_/X
 _124_/Y
 _125_/X
 _126_/Y
 _127_/X
 _128_/Y
 _129_/X
 _130_/X
 _131_/X
 _132_/X
 _133_/Y
 _134_/X
 _135_/Y
 _136_/Y
 _137_/X
 _138_/Y
 _139_/X
 _140_/Y
 _141_/X
 _142_/X
 _143_/X
 _144_/X
 _145_/X
 _146_/Y
 _147_/X
 _148_/Y
 _149_/Y
 _150_/X
 _151_/Y
 _152_/X
 _153_/X
 _154_/X
 _155_/X
 _156_/Y
 _157_/X
 _158_/Y
 _159_/Y
 _160_/X
 _161_/Y
 _162_/X
 _163_/X
 _164_/X
 _165_/X
 _166_/X
 _167_/X
 _168_/X
 _169_/Y
 _170_/X
 _171_/Y
 _172_/X
 _173_/X
 _174_/X
 _175_/X
 _176_/Y
 _177_/X
 _178_/Y
 _179_/X
 _180_/X
 _181_/X
 _182_/X
 _183_/X
 _184_/X
 _185_/X
 _186_/Q
 _187_/Q
 _188_/Q
 _189_/Q
 _190_/Q
 _191_/Q
 _192_/Q
 _193_/Q
 _194_/Q
 _195_/Q
 _196_/Q
 _197_/Q
 _198_/Q
 _199_/Q
 _200_/Q
 _201_/Q
 _202_/Q
 _203_/Q
 _204_/Q
 _205_/Q
 _206_/Q
 _207_/Q
 _208_/Q
 _209_/Q
 _210_/Q
 _211_/Q
 _212_/Q
 _213_/Q
 _214_/Q
 _215_/Q
 _216_/Q
 _217_/Q
 _218_/Q
 _219_/Q
 _220_/Q
 _221_/Q
 _222_/Q
 _223_/Q
 _224_/Q
 _225_/Q
 _226_/Q
 _227_/HI
 _227_/LO
 _228_/HI
 _228_/LO
 _229_/HI
 _229_/LO
 _230_/HI
 _230_/LO
 _231_/HI
 _231_/LO
 _232_/HI
 _232_/LO
 _233_/X
 _234_/X
 _235_/X
Found 0 partially unannotated drivers.

===========================================================================
max slew violation count 0
%OL_METRIC_I design__max_slew_violation__count__corner:nom_tt_025C_1v80 0
max fanout violation count 0
%OL_METRIC_I design__max_fanout_violation__count__corner:nom_tt_025C_1v80 0
max cap violation count 0
%OL_METRIC_I design__max_cap_violation__count__corner:nom_tt_025C_1v80 0
============================================================================

===========================================================================
check_setup -verbose -unconstrained_endpoints -multiple_clock -no_clock -no_input_delay -loops -generated_clocks
===========================================================================
%OL_END_REPORT
%OL_CREATE_REPORT power.rpt

===========================================================================
 report_power
============================================================================
======================= nom_tt_025C_1v80 Corner ===================================

Group                    Internal    Switching      Leakage        Total
                            Power        Power        Power        Power (Watts)
------------------------------------------------------------------------
Sequential           1.684378e-04 6.936516e-06 4.918043e-10 1.753748e-04  87.2%
Combinational        6.355895e-06 1.931891e-05 5.571498e-10 2.567536e-05  12.8%
Clock                0.000000e+00 0.000000e+00 0.000000e+00 0.000000e+00   0.0%
Macro                0.000000e+00 0.000000e+00 0.000000e+00 0.000000e+00   0.0%
Pad                  0.000000e+00 0.000000e+00 0.000000e+00 0.000000e+00   0.0%
------------------------------------------------------------------------
Total                1.747937e-04 2.625542e-05 1.048954e-09 2.010502e-04 100.0%
                            86.9%        13.1%         0.0%
%OL_METRIC_F power__internal__total 0.0001747936912579462
%OL_METRIC_F power__switching__total 2.6255424018017948e-5
%OL_METRIC_F power__leakage__total 1.0489537016766803e-9
%OL_METRIC_F power__total 0.00020105016301386058

%OL_END_REPORT
%OL_CREATE_REPORT skew.min.rpt

===========================================================================
Clock Skew (Hold)
============================================================================
%OL_METRIC_F clock__skew__worst_hold__corner:nom_tt_025C_1v80 -0.25
======================= nom_tt_025C_1v80 Corner ===================================

Clock clk
0.240238 source latency _186_/CLK ^
-0.240238 target latency _186_/CLK ^
-0.250000 clock uncertainty
0.000000 CRPR
--------------
-0.250000 hold skew

%OL_END_REPORT
%OL_CREATE_REPORT skew.max.rpt

===========================================================================
Clock Skew (Setup)
============================================================================
%OL_METRIC_F clock__skew__worst_setup__corner:nom_tt_025C_1v80 0.25
======================= nom_tt_025C_1v80 Corner ===================================

Clock clk
0.240238 source latency _186_/CLK ^
-0.240238 target latency _186_/CLK ^
0.250000 clock uncertainty
0.000000 CRPR
--------------
0.250000 setup skew

%OL_END_REPORT
%OL_CREATE_REPORT ws.min.rpt

===========================================================================
Worst Slack (Hold)
============================================================================
%OL_METRIC_F timing__hold__ws__corner:nom_tt_025C_1v80 0.1977562891638122
nom_tt_025C_1v80: 0.1977562891638122
%OL_END_REPORT
%OL_CREATE_REPORT ws.max.rpt

===========================================================================
Worst Slack (Setup)
============================================================================
%OL_METRIC_F timing__setup__ws__corner:nom_tt_025C_1v80 5.361924389591037
nom_tt_025C_1v80: 5.361924389591037
%OL_END_REPORT
%OL_CREATE_REPORT tns.min.rpt

===========================================================================
Total Negative Slack (Hold)
============================================================================
%OL_METRIC_F timing__hold__tns__corner:nom_tt_025C_1v80 0.0
nom_tt_025C_1v80: 0.0
%OL_END_REPORT
%OL_CREATE_REPORT tns.max.rpt

===========================================================================
Total Negative Slack (Setup)
============================================================================
%OL_METRIC_F timing__setup__tns__corner:nom_tt_025C_1v80 0.0
nom_tt_025C_1v80: 0.0
%OL_END_REPORT
%OL_CREATE_REPORT wns.min.rpt

===========================================================================
Worst Negative Slack (Hold)
============================================================================
%OL_METRIC_F timing__hold__wns__corner:nom_tt_025C_1v80 0
nom_tt_025C_1v80: 0
%OL_END_REPORT
%OL_CREATE_REPORT wns.max.rpt

===========================================================================
Worst Negative Slack (Setup)
============================================================================
%OL_METRIC_F timing__setup__wns__corner:nom_tt_025C_1v80 0.0
nom_tt_025C_1v80: 0.0
%OL_END_REPORT
%OL_CREATE_REPORT violator_list.rpt

===========================================================================
Violator List
============================================================================
%OL_METRIC_I timing__hold_vio__count__corner:nom_tt_025C_1v80 0
%OL_METRIC_F timing__hold_r2r__ws__corner:nom_tt_025C_1v80 0.197756
%OL_METRIC_I timing__hold_r2r_vio__count__corner:nom_tt_025C_1v80 0
%OL_METRIC_I timing__setup_vio__count__corner:nom_tt_025C_1v80 0
%OL_METRIC_F timing__setup_r2r__ws__corner:nom_tt_025C_1v80 7.909695
%OL_METRIC_I timing__setup_r2r_vio__count__corner:nom_tt_025C_1v80 0
%OL_END_REPORT
%OL_CREATE_REPORT unpropagated.rpt
clk
%OL_END_REPORT
%OL_CREATE_REPORT clock.rpt
Clock: clk
Sources: clk 
Generated: no
Virtual: no
Propagated: no
Period: 10.000000

===========================================================================
report_clock_properties
============================================================================
Clock                   Period          Waveform
----------------------------------------------------
clk                  10.000000    0.000000  5.000000

===========================================================================
report_clock_latency
============================================================================
Clock clk
rise -> rise
    min     max
0.000000 0.000000 source latency
0.240238         network latency _186_/CLK
        0.240238 network latency _186_/CLK
---------------
0.240238 0.240238 latency
        0.000000 skew

fall -> fall
    min     max
0.000000 0.000000 source latency
0.113401         network latency _186_/CLK
        0.113401 network latency _186_/CLK
---------------
0.113401 0.113401 latency
        0.000000 skew



===========================================================================
report_clock_min_period
============================================================================
clk period_min = 2.09 fmax = 478.40
%OL_END_REPORT
Writing SDF files for all corners…
