Instance,Terminal,Layer,X location,Y location,Voltage
FILLER_53_318,VGND,li1,152.2600,157.7600,0.000000
FILLER_53_315,VGND,li1,151.1100,157.7600,0.000000
FILLER_53_312,VGND,li1,149.7300,157.7600,0.000000
FILLER_53_309,VGND,li1,148.3500,157.7600,0.000000
FILLER_53_305,VGND,li1,146.5100,157.7600,0.000000
FILLER_53_302,VGND,li1,145.1300,157.7600,0.000000
FILLER_53_299,VGND,li1,143.7500,157.7600,0.000000
FILLER_53_290,VGND,li1,139.1500,157.7600,0.000000
FILLER_53_287,VGND,li1,138.2300,157.7600,0.000000
FILLER_53_284,VGND,li1,136.8500,157.7600,0.000000
FILLER_53_281,VGND,li1,135.4700,157.7600,0.000000
FILLER_53_271,VGND,li1,130.4100,157.7600,0.000000
FILLER_53_268,VGND,li1,129.4900,157.7600,0.000000
FILLER_53_265,VGND,li1,128.1100,157.7600,0.000000
FILLER_53_262,VGND,li1,126.7300,157.7600,0.000000
FILLER_53_259,VGND,li1,125.3500,157.7600,0.000000
FILLER_53_256,VGND,li1,123.9700,157.7600,0.000000
FILLER_53_253,VGND,li1,122.5900,157.7600,0.000000
FILLER_53_249,VGND,li1,120.7500,157.7600,0.000000
FILLER_53_246,VGND,li1,119.3700,157.7600,0.000000
FILLER_53_243,VGND,li1,117.9900,157.7600,0.000000
FILLER_53_240,VGND,li1,116.6100,157.7600,0.000000
FILLER_53_237,VGND,li1,115.2300,157.7600,0.000000
FILLER_53_234,VGND,li1,113.8500,157.7600,0.000000
FILLER_53_231,VGND,li1,112.4700,157.7600,0.000000
FILLER_53_228,VGND,li1,111.0900,157.7600,0.000000
FILLER_53_225,VGND,li1,109.7100,157.7600,0.000000
FILLER_53_223,VGND,li1,108.3300,157.7600,0.000000
FILLER_53_220,VGND,li1,107.4100,157.7600,0.000000
FILLER_53_217,VGND,li1,106.0300,157.7600,0.000000
FILLER_53_214,VGND,li1,104.6500,157.7600,0.000000
FILLER_53_211,VGND,li1,103.2700,157.7600,0.000000
FILLER_53_208,VGND,li1,101.8900,157.7600,0.000000
FILLER_53_203,VGND,li1,99.3600,157.7600,0.000000
FILLER_53_200,VGND,li1,98.2100,157.7600,0.000000
FILLER_53_197,VGND,li1,96.8300,157.7600,0.000000
FILLER_53_193,VGND,li1,94.9900,157.7600,0.000000
FILLER_53_190,VGND,li1,93.6100,157.7600,0.000000
FILLER_53_187,VGND,li1,92.2300,157.7600,0.000000
FILLER_53_184,VGND,li1,90.8500,157.7600,0.000000
FILLER_53_181,VGND,li1,89.4700,157.7600,0.000000
FILLER_53_178,VGND,li1,88.0900,157.7600,0.000000
FILLER_53_175,VGND,li1,86.7100,157.7600,0.000000
FILLER_53_172,VGND,li1,85.3300,157.7600,0.000000
FILLER_53_169,VGND,li1,83.9500,157.7600,0.000000
FILLER_53_165,VGND,li1,82.1100,157.7600,0.000000
FILLER_53_162,VGND,li1,80.7300,157.7600,0.000000
FILLER_53_159,VGND,li1,79.3500,157.7600,0.000000
FILLER_53_156,VGND,li1,77.9700,157.7600,0.000000
FILLER_53_153,VGND,li1,76.5900,157.7600,0.000000
FILLER_53_150,VGND,li1,75.2100,157.7600,0.000000
FILLER_53_147,VGND,li1,73.8300,157.7600,0.000000
FILLER_53_144,VGND,li1,72.4500,157.7600,0.000000
FILLER_53_141,VGND,li1,71.0700,157.7600,0.000000
FILLER_53_138,VGND,li1,69.4600,157.7600,0.000000
FILLER_53_128,VGND,li1,64.8600,157.7600,0.000000
FILLER_53_125,VGND,li1,63.7100,157.7600,0.000000
FILLER_53_122,VGND,li1,62.3300,157.7600,0.000000
FILLER_53_116,VGND,li1,59.5700,157.7600,0.000000
FILLER_53_113,VGND,li1,58.1900,157.7600,0.000000
FILLER_53_110,VGND,li1,56.5800,157.7600,0.000000
FILLER_53_107,VGND,li1,55.4300,157.7600,0.000000
FILLER_53_104,VGND,li1,54.0500,157.7600,0.000000
FILLER_53_101,VGND,li1,52.6700,157.7600,0.000000
FILLER_53_98,VGND,li1,51.2900,157.7600,0.000000
FILLER_53_95,VGND,li1,49.9100,157.7600,0.000000
FILLER_53_88,VGND,li1,46.4600,157.7600,0.000000
FILLER_53_85,VGND,li1,45.3100,157.7600,0.000000
FILLER_53_81,VGND,li1,43.4700,157.7600,0.000000
FILLER_53_78,VGND,li1,42.0900,157.7600,0.000000
FILLER_53_75,VGND,li1,40.7100,157.7600,0.000000
FILLER_53_72,VGND,li1,39.3300,157.7600,0.000000
FILLER_53_69,VGND,li1,37.9500,157.7600,0.000000
FILLER_53_66,VGND,li1,36.5700,157.7600,0.000000
FILLER_53_63,VGND,li1,35.1900,157.7600,0.000000
FILLER_53_60,VGND,li1,33.8100,157.7600,0.000000
FILLER_53_57,VGND,li1,32.4300,157.7600,0.000000
FILLER_53_54,VGND,li1,30.8200,157.7600,0.000000
FILLER_53_51,VGND,li1,29.6700,157.7600,0.000000
FILLER_53_48,VGND,li1,28.2900,157.7600,0.000000
FILLER_53_45,VGND,li1,26.9100,157.7600,0.000000
FILLER_53_42,VGND,li1,25.5300,157.7600,0.000000
FILLER_53_39,VGND,li1,24.1500,157.7600,0.000000
FILLER_53_36,VGND,li1,22.7700,157.7600,0.000000
FILLER_53_32,VGND,li1,20.4700,157.7600,0.000000
FILLER_53_29,VGND,li1,19.5500,157.7600,0.000000
FILLER_53_27,VGND,li1,18.1700,157.7600,0.000000
FILLER_53_24,VGND,li1,17.2500,157.7600,0.000000
FILLER_53_21,VGND,li1,15.8700,157.7600,0.000000
FILLER_53_18,VGND,li1,14.4900,157.7600,0.000000
FILLER_53_15,VGND,li1,13.1100,157.7600,0.000000
FILLER_53_12,VGND,li1,11.7300,157.7600,0.000000
FILLER_53_9,VGND,li1,10.3500,157.7600,0.000000
FILLER_53_6,VGND,li1,8.9700,157.7600,0.000000
FILLER_53_3,VGND,li1,7.5900,157.7600,0.000000
FILLER_52_318,VGND,li1,152.2600,152.3200,0.000008
FILLER_52_315,VGND,li1,151.1100,152.3200,0.000008
FILLER_52_312,VGND,li1,149.7300,152.3200,0.000008
FILLER_52_309,VGND,li1,148.3500,152.3200,0.000008
FILLER_52_306,VGND,li1,146.7400,152.3200,0.000008
FILLER_52_303,VGND,li1,145.5900,152.3200,0.000008
FILLER_52_300,VGND,li1,144.2100,152.3200,0.000008
FILLER_52_269,VGND,li1,129.7200,152.3200,0.000007
FILLER_52_260,VGND,li1,125.3500,152.3200,0.000006
FILLER_52_253,VGND,li1,122.1300,152.3200,0.000006
FILLER_52_251,VGND,li1,121.2100,152.3200,0.000006
FILLER_52_248,VGND,li1,120.2900,152.3200,0.000006
FILLER_52_245,VGND,li1,118.9100,152.3200,0.000006
FILLER_52_242,VGND,li1,117.5300,152.3200,0.000005
FILLER_52_239,VGND,li1,116.1500,152.3200,0.000005
FILLER_52_236,VGND,li1,114.7700,152.3200,0.000004
FILLER_52_233,VGND,li1,113.3900,152.3200,0.000004
FILLER_52_230,VGND,li1,112.0100,152.3200,0.000004
FILLER_52_227,VGND,li1,110.6300,152.3200,0.000004
FILLER_52_224,VGND,li1,109.2500,152.3200,0.000003
FILLER_52_221,VGND,li1,107.8700,152.3200,0.000003
FILLER_52_210,VGND,li1,102.5800,152.3200,0.000003
FILLER_52_207,VGND,li1,101.4300,152.3200,0.000003
FILLER_52_204,VGND,li1,100.0500,152.3200,0.000004
FILLER_52_197,VGND,li1,96.6000,152.3200,0.000004
FILLER_52_171,VGND,li1,84.6400,152.3200,0.000006
FILLER_52_168,VGND,li1,83.4900,152.3200,0.000006
FILLER_52_165,VGND,li1,82.1100,152.3200,0.000006
FILLER_52_162,VGND,li1,80.7300,152.3200,0.000006
FILLER_52_159,VGND,li1,79.3500,152.3200,0.000006
FILLER_52_156,VGND,li1,77.9700,152.3200,0.000006
FILLER_52_153,VGND,li1,76.5900,152.3200,0.000006
FILLER_52_150,VGND,li1,75.2100,152.3200,0.000006
FILLER_52_147,VGND,li1,73.8300,152.3200,0.000007
FILLER_52_144,VGND,li1,72.4500,152.3200,0.000007
FILLER_52_141,VGND,li1,71.0700,152.3200,0.000007
FILLER_52_122,VGND,li1,61.8700,152.3200,0.000007
FILLER_52_119,VGND,li1,60.9500,152.3200,0.000007
FILLER_52_116,VGND,li1,59.5700,152.3200,0.000007
FILLER_52_113,VGND,li1,58.1900,152.3200,0.000006
FILLER_52_110,VGND,li1,56.8100,152.3200,0.000006
FILLER_52_83,VGND,li1,43.9300,152.3200,0.000006
FILLER_52_80,VGND,li1,43.0100,152.3200,0.000005
FILLER_52_77,VGND,li1,41.6300,152.3200,0.000005
FILLER_52_74,VGND,li1,40.2500,152.3200,0.000005
FILLER_52_71,VGND,li1,38.8700,152.3200,0.000005
FILLER_52_68,VGND,li1,37.4900,152.3200,0.000005
FILLER_52_65,VGND,li1,36.1100,152.3200,0.000004
FILLER_52_62,VGND,li1,34.7300,152.3200,0.000004
FILLER_52_59,VGND,li1,33.3500,152.3200,0.000004
FILLER_52_56,VGND,li1,31.9700,152.3200,0.000004
FILLER_52_53,VGND,li1,30.5900,152.3200,0.000003
FILLER_52_50,VGND,li1,29.2100,152.3200,0.000003
FILLER_52_47,VGND,li1,27.8300,152.3200,0.000003
FILLER_52_44,VGND,li1,26.4500,152.3200,0.000003
FILLER_52_41,VGND,li1,25.0700,152.3200,0.000002
FILLER_52_38,VGND,li1,23.6900,152.3200,0.000002
FILLER_52_35,VGND,li1,22.3100,152.3200,0.000002
FILLER_52_32,VGND,li1,20.9300,152.3200,0.000002
FILLER_52_29,VGND,li1,19.5500,152.3200,0.000002
FILLER_52_27,VGND,li1,18.1700,152.3200,0.000001
FILLER_52_24,VGND,li1,17.2500,152.3200,0.000001
FILLER_52_21,VGND,li1,15.8700,152.3200,0.000001
FILLER_52_18,VGND,li1,14.4900,152.3200,0.000001
FILLER_52_15,VGND,li1,13.1100,152.3200,0.000001
FILLER_52_12,VGND,li1,11.7300,152.3200,0.000001
FILLER_52_9,VGND,li1,10.3500,152.3200,0.000001
FILLER_52_6,VGND,li1,8.9700,152.3200,0.000001
FILLER_52_3,VGND,li1,7.5900,152.3200,0.000001
FILLER_51_317,VGND,li1,152.0300,152.3200,0.000008
FILLER_51_314,VGND,li1,150.6500,152.3200,0.000008
FILLER_51_311,VGND,li1,149.2700,152.3200,0.000008
FILLER_51_308,VGND,li1,147.8900,152.3200,0.000008
FILLER_51_292,VGND,li1,140.3000,152.3200,0.000008
FILLER_51_270,VGND,li1,130.1800,152.3200,0.000007
FILLER_51_267,VGND,li1,129.0300,152.3200,0.000007
FILLER_51_236,VGND,li1,114.7700,152.3200,0.000004
FILLER_51_233,VGND,li1,113.3900,152.3200,0.000004
FILLER_51_202,VGND,li1,98.9000,152.3200,0.000004
FILLER_51_172,VGND,li1,84.8700,152.3200,0.000006
FILLER_51_169,VGND,li1,83.9500,152.3200,0.000006
FILLER_51_165,VGND,li1,82.1100,152.3200,0.000006
FILLER_51_162,VGND,li1,80.7300,152.3200,0.000006
FILLER_51_156,VGND,li1,77.5100,152.3200,0.000006
FILLER_51_153,VGND,li1,76.5900,152.3200,0.000006
FILLER_51_150,VGND,li1,75.2100,152.3200,0.000006
FILLER_51_147,VGND,li1,73.8300,152.3200,0.000007
FILLER_51_116,VGND,li1,59.3400,152.3200,0.000007
FILLER_51_113,VGND,li1,58.1900,152.3200,0.000006
FILLER_51_101,VGND,li1,52.6700,152.3200,0.000006
FILLER_51_78,VGND,li1,41.8600,152.3200,0.000005
FILLER_51_75,VGND,li1,40.7100,152.3200,0.000005
FILLER_51_72,VGND,li1,39.3300,152.3200,0.000005
FILLER_51_69,VGND,li1,37.9500,152.3200,0.000005
FILLER_51_66,VGND,li1,36.5700,152.3200,0.000004
FILLER_51_63,VGND,li1,35.1900,152.3200,0.000004
FILLER_51_60,VGND,li1,33.8100,152.3200,0.000004
FILLER_51_57,VGND,li1,32.4300,152.3200,0.000004
FILLER_51_54,VGND,li1,30.8200,152.3200,0.000003
FILLER_51_51,VGND,li1,29.6700,152.3200,0.000003
FILLER_51_48,VGND,li1,28.2900,152.3200,0.000003
FILLER_51_45,VGND,li1,26.9100,152.3200,0.000003
FILLER_51_42,VGND,li1,25.5300,152.3200,0.000003
FILLER_51_39,VGND,li1,24.1500,152.3200,0.000002
FILLER_51_36,VGND,li1,22.7700,152.3200,0.000002
FILLER_51_33,VGND,li1,21.3900,152.3200,0.000002
FILLER_51_30,VGND,li1,20.0100,152.3200,0.000002
FILLER_51_27,VGND,li1,18.6300,152.3200,0.000001
FILLER_51_24,VGND,li1,17.2500,152.3200,0.000001
FILLER_51_21,VGND,li1,15.8700,152.3200,0.000001
FILLER_51_18,VGND,li1,14.4900,152.3200,0.000001
FILLER_51_15,VGND,li1,13.1100,152.3200,0.000001
FILLER_51_12,VGND,li1,11.7300,152.3200,0.000001
FILLER_51_9,VGND,li1,10.3500,152.3200,0.000001
FILLER_51_6,VGND,li1,8.9700,152.3200,0.000001
FILLER_51_3,VGND,li1,7.5900,152.3200,0.000001
FILLER_50_318,VGND,li1,152.2600,146.8800,0.000020
FILLER_50_315,VGND,li1,151.1100,146.8800,0.000020
FILLER_50_312,VGND,li1,149.7300,146.8800,0.000020
FILLER_50_309,VGND,li1,148.3500,146.8800,0.000020
FILLER_50_305,VGND,li1,146.5100,146.8800,0.000020
FILLER_50_302,VGND,li1,145.1300,146.8800,0.000020
FILLER_50_197,VGND,li1,96.8300,146.8800,0.000009
FILLER_50_148,VGND,li1,74.2900,146.8800,0.000014
FILLER_50_137,VGND,li1,69.2300,146.8800,0.000015
FILLER_50_106,VGND,li1,54.9700,146.8800,0.000015
FILLER_50_74,VGND,li1,40.2500,146.8800,0.000011
FILLER_50_71,VGND,li1,38.8700,146.8800,0.000010
FILLER_50_68,VGND,li1,37.4900,146.8800,0.000010
FILLER_50_65,VGND,li1,36.1100,146.8800,0.000009
FILLER_50_62,VGND,li1,34.7300,146.8800,0.000009
FILLER_50_59,VGND,li1,33.3500,146.8800,0.000009
FILLER_50_56,VGND,li1,31.9700,146.8800,0.000008
FILLER_50_53,VGND,li1,30.5900,146.8800,0.000007
FILLER_50_50,VGND,li1,29.2100,146.8800,0.000007
FILLER_50_47,VGND,li1,27.8300,146.8800,0.000007
FILLER_50_44,VGND,li1,26.4500,146.8800,0.000006
FILLER_50_41,VGND,li1,25.0700,146.8800,0.000005
FILLER_50_38,VGND,li1,23.6900,146.8800,0.000005
FILLER_50_35,VGND,li1,22.3100,146.8800,0.000004
FILLER_50_32,VGND,li1,20.9300,146.8800,0.000004
FILLER_50_29,VGND,li1,19.5500,146.8800,0.000004
FILLER_50_27,VGND,li1,18.1700,146.8800,0.000003
FILLER_50_24,VGND,li1,17.2500,146.8800,0.000003
FILLER_50_21,VGND,li1,15.8700,146.8800,0.000002
FILLER_50_18,VGND,li1,14.4900,146.8800,0.000002
FILLER_50_15,VGND,li1,13.1100,146.8800,0.000002
FILLER_50_12,VGND,li1,11.7300,146.8800,0.000002
FILLER_50_9,VGND,li1,10.3500,146.8800,0.000002
FILLER_50_6,VGND,li1,8.9700,146.8800,0.000002
FILLER_50_3,VGND,li1,7.5900,146.8800,0.000002
FILLER_49_319,VGND,li1,152.4900,146.8800,0.000020
FILLER_49_281,VGND,li1,135.2400,146.8800,0.000018
FILLER_49_273,VGND,li1,131.3300,146.8800,0.000017
FILLER_49_264,VGND,li1,127.6500,146.8800,0.000016
FILLER_49_235,VGND,li1,114.0800,146.8800,0.000010
FILLER_49_228,VGND,li1,110.6300,146.8800,0.000010
FILLER_49_225,VGND,li1,109.7100,146.8800,0.000009
FILLER_49_200,VGND,li1,98.2100,146.8800,0.000008
FILLER_49_177,VGND,li1,87.4000,146.8800,0.000012
FILLER_49_146,VGND,li1,72.9100,146.8800,0.000015
FILLER_49_116,VGND,li1,59.5700,146.8800,0.000015
FILLER_49_113,VGND,li1,58.1900,146.8800,0.000015
FILLER_49_111,VGND,li1,56.8100,146.8800,0.000015
FILLER_49_108,VGND,li1,55.8900,146.8800,0.000015
FILLER_49_81,VGND,li1,43.0100,146.8800,0.000012
FILLER_49_78,VGND,li1,42.0900,146.8800,0.000012
FILLER_49_75,VGND,li1,40.7100,146.8800,0.000011
FILLER_49_72,VGND,li1,39.3300,146.8800,0.000011
FILLER_49_69,VGND,li1,37.9500,146.8800,0.000010
FILLER_49_66,VGND,li1,36.5700,146.8800,0.000009
FILLER_49_63,VGND,li1,35.1900,146.8800,0.000009
FILLER_49_60,VGND,li1,33.8100,146.8800,0.000009
FILLER_49_57,VGND,li1,32.4300,146.8800,0.000008
FILLER_49_54,VGND,li1,30.8200,146.8800,0.000007
FILLER_49_51,VGND,li1,29.6700,146.8800,0.000007
FILLER_49_48,VGND,li1,28.2900,146.8800,0.000007
FILLER_49_45,VGND,li1,26.9100,146.8800,0.000006
FILLER_49_42,VGND,li1,25.5300,146.8800,0.000006
FILLER_49_39,VGND,li1,24.1500,146.8800,0.000005
FILLER_49_36,VGND,li1,22.7700,146.8800,0.000004
FILLER_49_33,VGND,li1,21.3900,146.8800,0.000004
FILLER_49_30,VGND,li1,20.0100,146.8800,0.000004
FILLER_49_27,VGND,li1,18.6300,146.8800,0.000003
FILLER_49_24,VGND,li1,17.2500,146.8800,0.000003
FILLER_49_21,VGND,li1,15.8700,146.8800,0.000002
FILLER_49_18,VGND,li1,14.4900,146.8800,0.000002
FILLER_49_15,VGND,li1,13.1100,146.8800,0.000002
FILLER_49_12,VGND,li1,11.7300,146.8800,0.000002
FILLER_49_9,VGND,li1,10.3500,146.8800,0.000002
FILLER_49_6,VGND,li1,8.9700,146.8800,0.000002
FILLER_49_3,VGND,li1,7.5900,146.8800,0.000002
FILLER_48_318,VGND,li1,152.2600,141.4400,0.000010
FILLER_48_315,VGND,li1,151.1100,141.4400,0.000010
FILLER_48_312,VGND,li1,149.7300,141.4400,0.000010
FILLER_48_309,VGND,li1,148.3500,141.4400,0.000010
FILLER_48_294,VGND,li1,140.9900,141.4400,0.000009
FILLER_48_291,VGND,li1,140.0700,141.4400,0.000009
FILLER_48_288,VGND,li1,138.6900,141.4400,0.000009
FILLER_48_285,VGND,li1,137.3100,141.4400,0.000009
FILLER_48_282,VGND,li1,135.9300,141.4400,0.000009
FILLER_48_279,VGND,li1,134.5500,141.4400,0.000009
FILLER_48_270,VGND,li1,129.9500,141.4400,0.000008
FILLER_48_267,VGND,li1,129.0300,141.4400,0.000008
FILLER_48_264,VGND,li1,127.6500,141.4400,0.000008
FILLER_48_253,VGND,li1,122.5900,141.4400,0.000007
FILLER_48_234,VGND,li1,113.8500,141.4400,0.000006
FILLER_48_203,VGND,li1,99.3600,141.4400,0.000004
FILLER_48_197,VGND,li1,96.3700,141.4400,0.000005
FILLER_48_193,VGND,li1,94.9900,141.4400,0.000005
FILLER_48_182,VGND,li1,89.9300,141.4400,0.000006
FILLER_48_179,VGND,li1,88.5500,141.4400,0.000006
FILLER_48_176,VGND,li1,87.1700,141.4400,0.000006
FILLER_48_147,VGND,li1,73.8300,141.4400,0.000006
FILLER_48_144,VGND,li1,72.4500,141.4400,0.000006
FILLER_48_141,VGND,li1,71.0700,141.4400,0.000006
FILLER_48_139,VGND,li1,69.6900,141.4400,0.000006
FILLER_48_120,VGND,li1,60.9500,141.4400,0.000006
FILLER_48_117,VGND,li1,60.0300,141.4400,0.000006
FILLER_48_114,VGND,li1,58.6500,141.4400,0.000006
FILLER_48_111,VGND,li1,57.2700,141.4400,0.000006
FILLER_48_108,VGND,li1,55.8900,141.4400,0.000006
FILLER_48_105,VGND,li1,54.5100,141.4400,0.000006
FILLER_48_102,VGND,li1,53.1300,141.4400,0.000006
FILLER_48_85,VGND,li1,45.3100,141.4400,0.000005
FILLER_48_83,VGND,li1,43.9300,141.4400,0.000005
FILLER_48_80,VGND,li1,43.0100,141.4400,0.000005
FILLER_48_77,VGND,li1,41.6300,141.4400,0.000005
FILLER_48_74,VGND,li1,40.2500,141.4400,0.000005
FILLER_48_71,VGND,li1,38.8700,141.4400,0.000005
FILLER_48_47,VGND,li1,27.8300,141.4400,0.000004
FILLER_48_44,VGND,li1,26.4500,141.4400,0.000004
FILLER_48_41,VGND,li1,25.0700,141.4400,0.000004
FILLER_48_38,VGND,li1,23.6900,141.4400,0.000003
FILLER_48_35,VGND,li1,22.3100,141.4400,0.000003
FILLER_48_32,VGND,li1,20.9300,141.4400,0.000003
FILLER_48_29,VGND,li1,19.5500,141.4400,0.000003
FILLER_48_9,VGND,li1,10.1200,141.4400,0.000002
FILLER_48_6,VGND,li1,8.9700,141.4400,0.000002
FILLER_48_3,VGND,li1,7.5900,141.4400,0.000002
FILLER_47_319,VGND,li1,152.4900,141.4400,0.000010
FILLER_47_316,VGND,li1,151.5700,141.4400,0.000010
FILLER_47_313,VGND,li1,150.1900,141.4400,0.000010
FILLER_47_290,VGND,li1,139.3800,141.4400,0.000009
FILLER_47_287,VGND,li1,138.2300,141.4400,0.000009
FILLER_47_284,VGND,li1,136.8500,141.4400,0.000009
FILLER_47_281,VGND,li1,135.4700,141.4400,0.000009
FILLER_47_279,VGND,li1,134.0900,141.4400,0.000009
FILLER_47_269,VGND,li1,129.7200,141.4400,0.000008
FILLER_47_240,VGND,li1,116.1500,141.4400,0.000006
FILLER_47_237,VGND,li1,115.2300,141.4400,0.000006
FILLER_47_234,VGND,li1,113.8500,141.4400,0.000006
FILLER_47_231,VGND,li1,112.4700,141.4400,0.000005
FILLER_47_228,VGND,li1,111.0900,141.4400,0.000005
FILLER_47_225,VGND,li1,109.7100,141.4400,0.000004
FILLER_47_221,VGND,li1,107.8700,141.4400,0.000004
FILLER_47_218,VGND,li1,106.4900,141.4400,0.000004
FILLER_47_212,VGND,li1,103.2700,141.4400,0.000004
FILLER_47_209,VGND,li1,102.3500,141.4400,0.000004
FILLER_47_206,VGND,li1,100.9700,141.4400,0.000004
FILLER_47_203,VGND,li1,99.5900,141.4400,0.000004
FILLER_47_181,VGND,li1,89.0100,141.4400,0.000006
FILLER_47_178,VGND,li1,88.0900,141.4400,0.000006
FILLER_47_175,VGND,li1,86.7100,141.4400,0.000006
FILLER_47_172,VGND,li1,85.3300,141.4400,0.000006
FILLER_47_169,VGND,li1,83.9500,141.4400,0.000006
FILLER_47_167,VGND,li1,82.5700,141.4400,0.000006
FILLER_47_152,VGND,li1,75.9000,141.4400,0.000006
FILLER_47_149,VGND,li1,74.7500,141.4400,0.000006
FILLER_47_146,VGND,li1,73.3700,141.4400,0.000006
FILLER_47_143,VGND,li1,71.9900,141.4400,0.000006
FILLER_47_140,VGND,li1,70.6100,141.4400,0.000006
FILLER_47_127,VGND,li1,64.1700,141.4400,0.000006
FILLER_47_124,VGND,li1,63.2500,141.4400,0.000006
FILLER_47_113,VGND,li1,57.7300,141.4400,0.000006
FILLER_47_109,VGND,li1,56.3500,141.4400,0.000006
FILLER_47_100,VGND,li1,51.7500,141.4400,0.000006
FILLER_47_97,VGND,li1,50.8300,141.4400,0.000006
FILLER_47_86,VGND,li1,45.3100,141.4400,0.000005
FILLER_47_83,VGND,li1,44.3900,141.4400,0.000005
FILLER_47_80,VGND,li1,43.0100,141.4400,0.000005
FILLER_47_77,VGND,li1,41.6300,141.4400,0.000005
FILLER_47_74,VGND,li1,40.2500,141.4400,0.000005
FILLER_47_63,VGND,li1,35.1900,141.4400,0.000005
FILLER_47_54,VGND,li1,30.8200,141.4400,0.000004
FILLER_47_51,VGND,li1,29.6700,141.4400,0.000004
FILLER_47_48,VGND,li1,28.2900,141.4400,0.000004
FILLER_47_45,VGND,li1,26.9100,141.4400,0.000004
FILLER_47_42,VGND,li1,25.5300,141.4400,0.000004
FILLER_47_39,VGND,li1,24.1500,141.4400,0.000003
FILLER_47_36,VGND,li1,22.7700,141.4400,0.000003
FILLER_47_33,VGND,li1,21.3900,141.4400,0.000003
FILLER_47_3,VGND,li1,7.3600,141.4400,0.000002
FILLER_46_317,VGND,li1,152.0300,136.0000,0.000039
FILLER_46_292,VGND,li1,140.5300,136.0000,0.000038
FILLER_46_289,VGND,li1,139.1500,136.0000,0.000038
FILLER_46_286,VGND,li1,137.7700,136.0000,0.000038
FILLER_46_283,VGND,li1,136.3900,136.0000,0.000038
FILLER_46_280,VGND,li1,135.0100,136.0000,0.000038
FILLER_46_277,VGND,li1,133.6300,136.0000,0.000038
FILLER_46_253,VGND,li1,122.5900,136.0000,0.000033
FILLER_46_250,VGND,li1,120.9800,136.0000,0.000032
FILLER_46_247,VGND,li1,119.8300,136.0000,0.000032
FILLER_46_244,VGND,li1,118.4500,136.0000,0.000029
FILLER_46_241,VGND,li1,117.0700,136.0000,0.000029
FILLER_46_238,VGND,li1,115.6900,136.0000,0.000027
FILLER_46_235,VGND,li1,114.3100,136.0000,0.000026
FILLER_46_232,VGND,li1,112.9300,136.0000,0.000026
FILLER_46_229,VGND,li1,111.5500,136.0000,0.000024
FILLER_46_206,VGND,li1,100.9700,136.0000,0.000019
FILLER_46_203,VGND,li1,99.5900,136.0000,0.000022
FILLER_46_200,VGND,li1,98.2100,136.0000,0.000022
FILLER_46_197,VGND,li1,96.8300,136.0000,0.000025
FILLER_46_180,VGND,li1,89.0100,136.0000,0.000030
FILLER_46_177,VGND,li1,87.6300,136.0000,0.000030
FILLER_46_174,VGND,li1,86.2500,136.0000,0.000031
FILLER_46_171,VGND,li1,84.8700,136.0000,0.000032
FILLER_46_168,VGND,li1,83.4900,136.0000,0.000032
FILLER_46_165,VGND,li1,82.1100,136.0000,0.000033
FILLER_46_159,VGND,li1,78.8900,136.0000,0.000034
FILLER_46_156,VGND,li1,77.9700,136.0000,0.000036
FILLER_46_153,VGND,li1,76.5900,136.0000,0.000036
FILLER_46_150,VGND,li1,75.2100,136.0000,0.000037
FILLER_46_147,VGND,li1,73.8300,136.0000,0.000038
FILLER_46_144,VGND,li1,72.4500,136.0000,0.000038
FILLER_46_141,VGND,li1,71.0700,136.0000,0.000039
FILLER_46_139,VGND,li1,69.6900,136.0000,0.000040
FILLER_46_136,VGND,li1,68.7700,136.0000,0.000040
FILLER_46_127,VGND,li1,64.1700,136.0000,0.000043
FILLER_46_111,VGND,li1,57.0400,136.0000,0.000043
FILLER_46_88,VGND,li1,46.6900,136.0000,0.000038
FILLER_46_85,VGND,li1,45.3100,136.0000,0.000036
FILLER_46_81,VGND,li1,43.4700,136.0000,0.000034
FILLER_46_78,VGND,li1,42.0900,136.0000,0.000034
FILLER_46_75,VGND,li1,40.7100,136.0000,0.000032
FILLER_46_72,VGND,li1,39.3300,136.0000,0.000032
FILLER_46_52,VGND,li1,29.6700,136.0000,0.000022
FILLER_46_49,VGND,li1,28.7500,136.0000,0.000020
FILLER_46_46,VGND,li1,27.3700,136.0000,0.000020
FILLER_46_43,VGND,li1,25.9900,136.0000,0.000018
FILLER_46_40,VGND,li1,24.6100,136.0000,0.000016
FILLER_46_37,VGND,li1,23.2300,136.0000,0.000016
FILLER_46_25,VGND,li1,17.7100,136.0000,0.000009
FILLER_46_22,VGND,li1,16.3300,136.0000,0.000009
FILLER_46_6,VGND,li1,8.5100,136.0000,0.000006
FILLER_46_3,VGND,li1,7.5900,136.0000,0.000006
FILLER_45_319,VGND,li1,152.4900,136.0000,0.000039
FILLER_45_316,VGND,li1,151.5700,136.0000,0.000039
FILLER_45_313,VGND,li1,150.1900,136.0000,0.000039
FILLER_45_289,VGND,li1,139.1500,136.0000,0.000038
FILLER_45_286,VGND,li1,137.7700,136.0000,0.000038
FILLER_45_278,VGND,li1,133.8600,136.0000,0.000038
FILLER_45_242,VGND,li1,117.0700,136.0000,0.000029
FILLER_45_239,VGND,li1,116.1500,136.0000,0.000027
FILLER_45_236,VGND,li1,114.7700,136.0000,0.000027
FILLER_45_233,VGND,li1,113.3900,136.0000,0.000026
FILLER_45_223,VGND,li1,108.3300,136.0000,0.000021
FILLER_45_215,VGND,li1,104.6500,136.0000,0.000016
FILLER_45_212,VGND,li1,103.7300,136.0000,0.000016
FILLER_45_209,VGND,li1,102.3500,136.0000,0.000019
FILLER_45_187,VGND,li1,92.0000,136.0000,0.000028
FILLER_45_175,VGND,li1,86.4800,136.0000,0.000031
FILLER_45_172,VGND,li1,85.3300,136.0000,0.000031
FILLER_45_169,VGND,li1,83.9500,136.0000,0.000032
FILLER_45_161,VGND,li1,80.0400,136.0000,0.000034
FILLER_45_158,VGND,li1,78.8900,136.0000,0.000034
FILLER_45_155,VGND,li1,77.5100,136.0000,0.000036
FILLER_45_152,VGND,li1,76.1300,136.0000,0.000037
FILLER_45_149,VGND,li1,74.7500,136.0000,0.000037
FILLER_45_146,VGND,li1,73.3700,136.0000,0.000038
FILLER_45_143,VGND,li1,71.9900,136.0000,0.000039
FILLER_45_140,VGND,li1,70.6100,136.0000,0.000039
FILLER_45_137,VGND,li1,69.2300,136.0000,0.000040
FILLER_45_134,VGND,li1,67.8500,136.0000,0.000041
FILLER_45_113,VGND,li1,57.7300,136.0000,0.000043
FILLER_45_110,VGND,li1,56.5800,136.0000,0.000043
FILLER_45_107,VGND,li1,55.4300,136.0000,0.000043
FILLER_45_84,VGND,li1,44.6200,136.0000,0.000036
FILLER_45_81,VGND,li1,43.4700,136.0000,0.000034
FILLER_45_78,VGND,li1,42.0900,136.0000,0.000034
FILLER_45_47,VGND,li1,27.8300,136.0000,0.000020
FILLER_45_44,VGND,li1,26.4500,136.0000,0.000018
FILLER_45_41,VGND,li1,25.0700,136.0000,0.000018
FILLER_45_38,VGND,li1,23.6900,136.0000,0.000016
FILLER_45_35,VGND,li1,22.3100,136.0000,0.000013
FILLER_45_6,VGND,li1,8.5100,136.0000,0.000006
FILLER_45_3,VGND,li1,7.5900,136.0000,0.000006
FILLER_44_318,VGND,li1,152.2600,130.5600,0.000029
FILLER_44_315,VGND,li1,151.1100,130.5600,0.000029
FILLER_44_312,VGND,li1,149.7300,130.5600,0.000029
FILLER_44_309,VGND,li1,148.3500,130.5600,0.000029
FILLER_44_306,VGND,li1,146.7400,130.5600,0.000029
FILLER_44_298,VGND,li1,143.0600,130.5600,0.000029
FILLER_44_295,VGND,li1,141.9100,130.5600,0.000029
FILLER_44_292,VGND,li1,140.5300,130.5600,0.000029
FILLER_44_289,VGND,li1,139.1500,130.5600,0.000029
FILLER_44_286,VGND,li1,137.7700,130.5600,0.000029
FILLER_44_264,VGND,li1,127.4200,130.5600,0.000026
FILLER_44_256,VGND,li1,123.5100,130.5600,0.000023
FILLER_44_253,VGND,li1,122.5900,130.5600,0.000021
FILLER_44_249,VGND,li1,120.7500,130.5600,0.000020
FILLER_44_246,VGND,li1,119.3700,130.5600,0.000020
FILLER_44_243,VGND,li1,117.9900,130.5600,0.000018
FILLER_44_206,VGND,li1,100.5100,130.5600,0.000009
FILLER_44_203,VGND,li1,99.5900,130.5600,0.000009
FILLER_44_200,VGND,li1,98.2100,130.5600,0.000009
FILLER_44_197,VGND,li1,96.8300,130.5600,0.000010
FILLER_44_150,VGND,li1,74.9800,130.5600,0.000014
FILLER_44_147,VGND,li1,73.8300,130.5600,0.000014
FILLER_44_144,VGND,li1,72.4500,130.5600,0.000014
FILLER_44_141,VGND,li1,71.0700,130.5600,0.000015
FILLER_44_138,VGND,li1,69.4600,130.5600,0.000015
FILLER_44_135,VGND,li1,68.3100,130.5600,0.000015
FILLER_44_104,VGND,li1,53.8200,130.5600,0.000014
FILLER_44_85,VGND,li1,45.3100,130.5600,0.000012
FILLER_44_82,VGND,li1,43.7000,130.5600,0.000012
FILLER_44_40,VGND,li1,24.1500,130.5600,0.000006
FILLER_44_37,VGND,li1,23.2300,130.5600,0.000006
FILLER_44_6,VGND,li1,8.5100,130.5600,0.000003
FILLER_44_3,VGND,li1,7.5900,130.5600,0.000003
FILLER_43_311,VGND,li1,148.8100,130.5600,0.000029
FILLER_43_308,VGND,li1,147.8900,130.5600,0.000029
FILLER_43_300,VGND,li1,144.2100,130.5600,0.000029
FILLER_43_291,VGND,li1,139.8400,130.5600,0.000029
FILLER_43_287,VGND,li1,137.7700,130.5600,0.000029
FILLER_43_284,VGND,li1,136.8500,130.5600,0.000029
FILLER_43_281,VGND,li1,135.4700,130.5600,0.000029
FILLER_43_278,VGND,li1,133.8600,130.5600,0.000029
FILLER_43_241,VGND,li1,117.0700,130.5600,0.000018
FILLER_43_202,VGND,li1,98.6700,130.5600,0.000009
FILLER_43_199,VGND,li1,97.7500,130.5600,0.000009
FILLER_43_175,VGND,li1,86.7100,130.5600,0.000012
FILLER_43_144,VGND,li1,72.4500,130.5600,0.000014
FILLER_43_113,VGND,li1,58.1900,130.5600,0.000015
FILLER_43_111,VGND,li1,56.8100,130.5600,0.000014
FILLER_43_108,VGND,li1,55.8900,130.5600,0.000014
FILLER_43_105,VGND,li1,54.5100,130.5600,0.000014
FILLER_43_96,VGND,li1,49.9100,130.5600,0.000013
FILLER_43_93,VGND,li1,48.9900,130.5600,0.000013
FILLER_43_90,VGND,li1,47.6100,130.5600,0.000013
FILLER_43_87,VGND,li1,46.2300,130.5600,0.000012
FILLER_43_84,VGND,li1,44.8500,130.5600,0.000012
FILLER_43_81,VGND,li1,43.4700,130.5600,0.000012
FILLER_43_78,VGND,li1,42.0900,130.5600,0.000012
FILLER_43_46,VGND,li1,27.3700,130.5600,0.000008
FILLER_43_43,VGND,li1,25.9900,130.5600,0.000007
FILLER_43_40,VGND,li1,24.6100,130.5600,0.000006
FILLER_43_37,VGND,li1,23.2300,130.5600,0.000006
FILLER_43_34,VGND,li1,21.8500,130.5600,0.000005
FILLER_43_28,VGND,li1,18.6300,130.5600,0.000004
FILLER_43_14,VGND,li1,12.4200,130.5600,0.000003
FILLER_43_11,VGND,li1,11.2700,130.5600,0.000003
FILLER_42_318,VGND,li1,152.2600,125.1200,0.000032
FILLER_42_315,VGND,li1,151.1100,125.1200,0.000032
FILLER_42_312,VGND,li1,149.7300,125.1200,0.000032
FILLER_42_309,VGND,li1,148.3500,125.1200,0.000032
FILLER_42_292,VGND,li1,140.3000,125.1200,0.000031
FILLER_42_270,VGND,li1,130.1800,125.1200,0.000027
FILLER_42_250,VGND,li1,120.9800,125.1200,0.000019
FILLER_42_247,VGND,li1,119.8300,125.1200,0.000019
FILLER_42_208,VGND,li1,101.6600,125.1200,0.000010
FILLER_42_205,VGND,li1,100.5100,125.1200,0.000010
FILLER_42_174,VGND,li1,85.7900,125.1200,0.000017
FILLER_42_171,VGND,li1,84.8700,125.1200,0.000017
FILLER_42_147,VGND,li1,73.8300,125.1200,0.000021
FILLER_42_144,VGND,li1,72.4500,125.1200,0.000021
FILLER_42_141,VGND,li1,71.0700,125.1200,0.000021
FILLER_42_139,VGND,li1,69.6900,125.1200,0.000022
FILLER_42_136,VGND,li1,68.7700,125.1200,0.000022
FILLER_42_112,VGND,li1,57.7300,125.1200,0.000024
FILLER_42_109,VGND,li1,56.3500,125.1200,0.000024
FILLER_42_106,VGND,li1,54.9700,125.1200,0.000024
FILLER_42_82,VGND,li1,43.7000,125.1200,0.000024
FILLER_42_79,VGND,li1,42.5500,125.1200,0.000024
FILLER_42_51,VGND,li1,29.6700,125.1200,0.000016
FILLER_42_48,VGND,li1,28.2900,125.1200,0.000016
FILLER_42_45,VGND,li1,26.9100,125.1200,0.000014
FILLER_42_42,VGND,li1,25.5300,125.1200,0.000014
FILLER_42_32,VGND,li1,20.7000,125.1200,0.000011
FILLER_42_29,VGND,li1,19.5500,125.1200,0.000009
FILLER_42_17,VGND,li1,14.0300,125.1200,0.000005
FILLER_42_14,VGND,li1,12.6500,125.1200,0.000005
FILLER_42_11,VGND,li1,11.2700,125.1200,0.000005
FILLER_42_6,VGND,li1,8.7400,125.1200,0.000005
FILLER_42_3,VGND,li1,7.5900,125.1200,0.000005
FILLER_41_319,VGND,li1,152.4900,125.1200,0.000032
FILLER_41_316,VGND,li1,151.5700,125.1200,0.000032
FILLER_41_289,VGND,li1,138.6900,125.1200,0.000031
FILLER_41_261,VGND,li1,126.2700,125.1200,0.000024
FILLER_41_248,VGND,li1,120.2900,125.1200,0.000019
FILLER_41_236,VGND,li1,114.3100,125.1200,0.000014
FILLER_41_233,VGND,li1,113.3900,125.1200,0.000014
FILLER_41_223,VGND,li1,108.3300,125.1200,0.000010
FILLER_41_213,VGND,li1,104.1900,125.1200,0.000009
FILLER_41_210,VGND,li1,102.8100,125.1200,0.000009
FILLER_41_207,VGND,li1,101.4300,125.1200,0.000010
FILLER_41_190,VGND,li1,93.1500,125.1200,0.000014
FILLER_41_169,VGND,li1,83.9500,125.1200,0.000018
FILLER_41_145,VGND,li1,72.9100,125.1200,0.000021
FILLER_41_142,VGND,li1,71.5300,125.1200,0.000021
FILLER_41_139,VGND,li1,70.1500,125.1200,0.000022
FILLER_41_136,VGND,li1,68.7700,125.1200,0.000022
FILLER_41_116,VGND,li1,59.5700,125.1200,0.000024
FILLER_41_113,VGND,li1,58.1900,125.1200,0.000024
FILLER_41_82,VGND,li1,43.4700,125.1200,0.000024
FILLER_41_79,VGND,li1,42.5500,125.1200,0.000024
FILLER_41_57,VGND,li1,31.9700,125.1200,0.000020
FILLER_41_48,VGND,li1,28.0600,125.1200,0.000016
FILLER_41_45,VGND,li1,26.9100,125.1200,0.000014
FILLER_41_42,VGND,li1,25.5300,125.1200,0.000014
FILLER_41_3,VGND,li1,7.5900,125.1200,0.000005
FILLER_40_309,VGND,li1,148.3500,119.6800,0.000030
FILLER_40_287,VGND,li1,137.7700,119.6800,0.000029
FILLER_40_264,VGND,li1,127.4200,119.6800,0.000027
FILLER_40_249,VGND,li1,120.7500,119.6800,0.000022
FILLER_40_246,VGND,li1,119.3700,119.6800,0.000022
FILLER_40_223,VGND,li1,108.5600,119.6800,0.000013
FILLER_40_215,VGND,li1,104.8800,119.6800,0.000009
FILLER_40_212,VGND,li1,103.7300,119.6800,0.000009
FILLER_40_209,VGND,li1,102.3500,119.6800,0.000010
FILLER_40_206,VGND,li1,100.9700,119.6800,0.000010
FILLER_40_203,VGND,li1,99.5900,119.6800,0.000011
FILLER_40_200,VGND,li1,98.2100,119.6800,0.000011
FILLER_40_197,VGND,li1,96.8300,119.6800,0.000011
FILLER_40_193,VGND,li1,94.9900,119.6800,0.000012
FILLER_40_190,VGND,li1,93.6100,119.6800,0.000012
FILLER_40_187,VGND,li1,92.2300,119.6800,0.000012
FILLER_40_178,VGND,li1,87.8600,119.6800,0.000013
FILLER_40_175,VGND,li1,86.7100,119.6800,0.000014
FILLER_40_172,VGND,li1,85.3300,119.6800,0.000014
FILLER_40_169,VGND,li1,83.9500,119.6800,0.000015
FILLER_40_166,VGND,li1,82.5700,119.6800,0.000015
FILLER_40_159,VGND,li1,79.1200,119.6800,0.000016
FILLER_40_156,VGND,li1,77.9700,119.6800,0.000016
FILLER_40_153,VGND,li1,76.5900,119.6800,0.000016
FILLER_40_150,VGND,li1,75.2100,119.6800,0.000017
FILLER_40_147,VGND,li1,73.8300,119.6800,0.000017
FILLER_40_144,VGND,li1,72.4500,119.6800,0.000017
FILLER_40_141,VGND,li1,71.0700,119.6800,0.000017
FILLER_40_138,VGND,li1,69.4600,119.6800,0.000018
FILLER_40_135,VGND,li1,68.3100,119.6800,0.000018
FILLER_40_129,VGND,li1,65.0900,119.6800,0.000019
FILLER_40_126,VGND,li1,64.1700,119.6800,0.000019
FILLER_40_123,VGND,li1,62.7900,119.6800,0.000019
FILLER_40_120,VGND,li1,61.4100,119.6800,0.000019
FILLER_40_117,VGND,li1,60.0300,119.6800,0.000020
FILLER_40_114,VGND,li1,58.6500,119.6800,0.000020
FILLER_40_98,VGND,li1,50.8300,119.6800,0.000021
FILLER_40_85,VGND,li1,44.8500,119.6800,0.000019
FILLER_40_82,VGND,li1,43.7000,119.6800,0.000019
FILLER_40_79,VGND,li1,42.5500,119.6800,0.000019
FILLER_40_76,VGND,li1,41.1700,119.6800,0.000019
FILLER_40_58,VGND,li1,32.6600,119.6800,0.000017
FILLER_40_55,VGND,li1,31.5100,119.6800,0.000017
FILLER_40_32,VGND,li1,20.9300,119.6800,0.000010
FILLER_40_29,VGND,li1,19.5500,119.6800,0.000010
FILLER_40_25,VGND,li1,17.7100,119.6800,0.000008
FILLER_40_3,VGND,li1,7.1300,119.6800,0.000007
FILLER_39_292,VGND,li1,140.0700,119.6800,0.000029
FILLER_39_289,VGND,li1,139.1500,119.6800,0.000029
FILLER_39_252,VGND,li1,121.6700,119.6800,0.000024
FILLER_39_249,VGND,li1,120.7500,119.6800,0.000022
FILLER_39_246,VGND,li1,119.3700,119.6800,0.000022
FILLER_39_228,VGND,li1,111.0900,119.6800,0.000015
FILLER_39_225,VGND,li1,109.7100,119.6800,0.000013
FILLER_39_223,VGND,li1,108.3300,119.6800,0.000013
FILLER_39_220,VGND,li1,107.4100,119.6800,0.000011
FILLER_39_217,VGND,li1,106.0300,119.6800,0.000011
FILLER_39_214,VGND,li1,104.6500,119.6800,0.000009
FILLER_39_202,VGND,li1,98.6700,119.6800,0.000011
FILLER_39_199,VGND,li1,97.7500,119.6800,0.000011
FILLER_39_196,VGND,li1,96.3700,119.6800,0.000012
FILLER_39_193,VGND,li1,94.9900,119.6800,0.000012
FILLER_39_190,VGND,li1,93.6100,119.6800,0.000012
FILLER_39_187,VGND,li1,92.2300,119.6800,0.000012
FILLER_39_184,VGND,li1,90.8500,119.6800,0.000013
FILLER_39_181,VGND,li1,89.4700,119.6800,0.000013
FILLER_39_178,VGND,li1,88.0900,119.6800,0.000013
FILLER_39_175,VGND,li1,86.7100,119.6800,0.000014
FILLER_39_172,VGND,li1,85.3300,119.6800,0.000014
FILLER_39_169,VGND,li1,83.9500,119.6800,0.000015
FILLER_39_166,VGND,li1,82.3400,119.6800,0.000015
FILLER_39_163,VGND,li1,81.1900,119.6800,0.000015
FILLER_39_160,VGND,li1,79.8100,119.6800,0.000015
FILLER_39_157,VGND,li1,78.4300,119.6800,0.000016
FILLER_39_148,VGND,li1,73.8300,119.6800,0.000017
FILLER_39_140,VGND,li1,70.1500,119.6800,0.000017
FILLER_39_137,VGND,li1,69.2300,119.6800,0.000018
FILLER_39_128,VGND,li1,64.6300,119.6800,0.000019
FILLER_39_125,VGND,li1,63.7100,119.6800,0.000019
FILLER_39_99,VGND,li1,51.5200,119.6800,0.000021
FILLER_39_82,VGND,li1,43.7000,119.6800,0.000019
FILLER_39_79,VGND,li1,42.5500,119.6800,0.000019
FILLER_39_69,VGND,li1,37.7200,119.6800,0.000018
FILLER_39_60,VGND,li1,33.3500,119.6800,0.000017
FILLER_39_57,VGND,li1,32.4300,119.6800,0.000017
FILLER_39_48,VGND,li1,28.0600,119.6800,0.000016
FILLER_39_45,VGND,li1,26.9100,119.6800,0.000016
FILLER_39_35,VGND,li1,22.0800,119.6800,0.000012
FILLER_39_6,VGND,li1,8.5100,119.6800,0.000007
FILLER_39_3,VGND,li1,7.5900,119.6800,0.000007
FILLER_38_317,VGND,li1,152.0300,114.2400,0.000027
FILLER_38_285,VGND,li1,137.0800,114.2400,0.000026
FILLER_38_282,VGND,li1,135.9300,114.2400,0.000026
FILLER_38_272,VGND,li1,131.1000,114.2400,0.000026
FILLER_38_269,VGND,li1,129.9500,114.2400,0.000025
FILLER_38_256,VGND,li1,123.7400,114.2400,0.000023
FILLER_38_253,VGND,li1,122.5900,114.2400,0.000023
FILLER_38_251,VGND,li1,121.2100,114.2400,0.000022
FILLER_38_248,VGND,li1,120.2900,114.2400,0.000022
FILLER_38_245,VGND,li1,118.9100,114.2400,0.000020
FILLER_38_242,VGND,li1,117.5300,114.2400,0.000020
FILLER_38_239,VGND,li1,116.1500,114.2400,0.000019
FILLER_38_236,VGND,li1,114.7700,114.2400,0.000019
FILLER_38_223,VGND,li1,108.5600,114.2400,0.000014
FILLER_38_220,VGND,li1,107.4100,114.2400,0.000014
FILLER_38_200,VGND,li1,97.7500,114.2400,0.000022
FILLER_38_197,VGND,li1,96.8300,114.2400,0.000022
FILLER_38_193,VGND,li1,94.9900,114.2400,0.000024
FILLER_38_187,VGND,li1,91.7700,114.2400,0.000028
FILLER_38_184,VGND,li1,90.8500,114.2400,0.000028
FILLER_38_181,VGND,li1,89.4700,114.2400,0.000030
FILLER_38_178,VGND,li1,88.0900,114.2400,0.000030
FILLER_38_149,VGND,li1,74.5200,114.2400,0.000038
FILLER_38_134,VGND,li1,67.3900,114.2400,0.000038
FILLER_38_113,VGND,li1,57.9600,114.2400,0.000036
FILLER_38_110,VGND,li1,56.8100,114.2400,0.000036
FILLER_38_100,VGND,li1,51.9800,114.2400,0.000034
FILLER_38_91,VGND,li1,47.6100,114.2400,0.000030
FILLER_38_88,VGND,li1,46.6900,114.2400,0.000030
FILLER_38_85,VGND,li1,45.3100,114.2400,0.000029
FILLER_38_81,VGND,li1,43.4700,114.2400,0.000028
FILLER_38_78,VGND,li1,42.0900,114.2400,0.000028
FILLER_38_49,VGND,li1,28.7500,114.2400,0.000016
FILLER_38_46,VGND,li1,27.3700,114.2400,0.000016
FILLER_38_43,VGND,li1,25.9900,114.2400,0.000015
FILLER_38_40,VGND,li1,24.6100,114.2400,0.000013
FILLER_38_37,VGND,li1,23.2300,114.2400,0.000013
FILLER_38_3,VGND,li1,7.3600,114.2400,0.000006
FILLER_37_318,VGND,li1,152.2600,114.2400,0.000027
FILLER_37_315,VGND,li1,151.1100,114.2400,0.000027
FILLER_37_296,VGND,li1,142.1400,114.2400,0.000027
FILLER_37_293,VGND,li1,140.9900,114.2400,0.000027
FILLER_37_290,VGND,li1,139.6100,114.2400,0.000027
FILLER_37_287,VGND,li1,138.2300,114.2400,0.000026
FILLER_37_284,VGND,li1,136.8500,114.2400,0.000026
FILLER_37_281,VGND,li1,135.4700,114.2400,0.000026
FILLER_37_278,VGND,li1,133.8600,114.2400,0.000026
FILLER_37_275,VGND,li1,132.7100,114.2400,0.000026
FILLER_37_267,VGND,li1,128.8000,114.2400,0.000025
FILLER_37_264,VGND,li1,127.6500,114.2400,0.000025
FILLER_37_261,VGND,li1,126.2700,114.2400,0.000025
FILLER_37_251,VGND,li1,121.4400,114.2400,0.000022
FILLER_37_248,VGND,li1,120.2900,114.2400,0.000022
FILLER_37_245,VGND,li1,118.9100,114.2400,0.000020
FILLER_37_242,VGND,li1,117.5300,114.2400,0.000020
FILLER_37_239,VGND,li1,116.1500,114.2400,0.000019
FILLER_37_221,VGND,li1,107.8700,114.2400,0.000014
FILLER_37_169,VGND,li1,83.4900,114.2400,0.000035
FILLER_37_165,VGND,li1,82.1100,114.2400,0.000035
FILLER_37_113,VGND,li1,57.9600,114.2400,0.000036
FILLER_37_109,VGND,li1,56.3500,114.2400,0.000036
FILLER_37_86,VGND,li1,45.5400,114.2400,0.000029
FILLER_37_83,VGND,li1,44.3900,114.2400,0.000029
FILLER_37_48,VGND,li1,27.8300,114.2400,0.000016
FILLER_37_45,VGND,li1,26.9100,114.2400,0.000015
FILLER_37_42,VGND,li1,25.5300,114.2400,0.000015
FILLER_37_3,VGND,li1,7.1300,114.2400,0.000006
FILLER_36_318,VGND,li1,152.2600,108.8000,0.000012
FILLER_36_315,VGND,li1,151.1100,108.8000,0.000012
FILLER_36_312,VGND,li1,149.7300,108.8000,0.000012
FILLER_36_309,VGND,li1,148.3500,108.8000,0.000012
FILLER_36_306,VGND,li1,146.7400,108.8000,0.000012
FILLER_36_303,VGND,li1,145.5900,108.8000,0.000012
FILLER_36_300,VGND,li1,144.2100,108.8000,0.000012
FILLER_36_297,VGND,li1,142.8300,108.8000,0.000012
FILLER_36_291,VGND,li1,139.6100,108.8000,0.000012
FILLER_36_288,VGND,li1,138.6900,108.8000,0.000012
FILLER_36_285,VGND,li1,137.3100,108.8000,0.000012
FILLER_36_277,VGND,li1,133.6300,108.8000,0.000012
FILLER_36_253,VGND,li1,122.5900,108.8000,0.000011
FILLER_36_242,VGND,li1,117.3000,108.8000,0.000010
FILLER_36_197,VGND,li1,96.8300,108.8000,0.000015
FILLER_36_194,VGND,li1,95.2200,108.8000,0.000015
FILLER_36_162,VGND,li1,80.7300,108.8000,0.000026
FILLER_36_137,VGND,li1,69.2300,108.8000,0.000032
FILLER_36_113,VGND,li1,58.1900,108.8000,0.000037
FILLER_36_85,VGND,li1,44.8500,108.8000,0.000041
FILLER_36_83,VGND,li1,43.9300,108.8000,0.000042
FILLER_36_80,VGND,li1,43.0100,108.8000,0.000042
FILLER_36_46,VGND,li1,27.1400,108.8000,0.000025
FILLER_36_43,VGND,li1,25.9900,108.8000,0.000025
FILLER_36_40,VGND,li1,24.6100,108.8000,0.000022
FILLER_36_37,VGND,li1,23.2300,108.8000,0.000019
FILLER_36_34,VGND,li1,21.8500,108.8000,0.000019
FILLER_36_6,VGND,li1,8.5100,108.8000,0.000009
FILLER_36_3,VGND,li1,7.5900,108.8000,0.000009
FILLER_35_317,VGND,li1,152.0300,108.8000,0.000012
FILLER_35_314,VGND,li1,150.6500,108.8000,0.000012
FILLER_35_311,VGND,li1,149.2700,108.8000,0.000012
FILLER_35_308,VGND,li1,147.8900,108.8000,0.000012
FILLER_35_305,VGND,li1,146.5100,108.8000,0.000012
FILLER_35_288,VGND,li1,138.4600,108.8000,0.000012
FILLER_35_278,VGND,li1,133.8600,108.8000,0.000012
FILLER_35_275,VGND,li1,132.7100,108.8000,0.000012
FILLER_35_272,VGND,li1,131.3300,108.8000,0.000012
FILLER_35_269,VGND,li1,129.9500,108.8000,0.000012
FILLER_35_266,VGND,li1,128.5700,108.8000,0.000012
FILLER_35_233,VGND,li1,113.3900,108.8000,0.000009
FILLER_35_221,VGND,li1,107.8700,108.8000,0.000008
FILLER_35_196,VGND,li1,95.9100,108.8000,0.000015
FILLER_35_169,VGND,li1,83.7200,108.8000,0.000023
FILLER_35_162,VGND,li1,80.2700,108.8000,0.000026
FILLER_35_159,VGND,li1,79.3500,108.8000,0.000026
FILLER_35_156,VGND,li1,77.9700,108.8000,0.000027
FILLER_35_153,VGND,li1,76.5900,108.8000,0.000027
FILLER_35_150,VGND,li1,75.2100,108.8000,0.000029
FILLER_35_136,VGND,li1,68.3100,108.8000,0.000032
FILLER_35_133,VGND,li1,67.3900,108.8000,0.000033
FILLER_35_130,VGND,li1,66.0100,108.8000,0.000033
FILLER_35_127,VGND,li1,64.6300,108.8000,0.000034
FILLER_35_116,VGND,li1,59.3400,108.8000,0.000036
FILLER_35_113,VGND,li1,58.1900,108.8000,0.000037
FILLER_35_111,VGND,li1,56.8100,108.8000,0.000037
FILLER_35_103,VGND,li1,53.1300,108.8000,0.000039
FILLER_35_90,VGND,li1,47.3800,108.8000,0.000040
FILLER_35_68,VGND,li1,37.2600,108.8000,0.000038
FILLER_35_40,VGND,li1,24.1500,108.8000,0.000022
FILLER_35_37,VGND,li1,23.2300,108.8000,0.000019
FILLER_35_34,VGND,li1,21.8500,108.8000,0.000019
FILLER_35_31,VGND,li1,20.4700,108.8000,0.000015
FILLER_35_28,VGND,li1,19.0900,108.8000,0.000015
FILLER_35_15,VGND,li1,12.6500,108.8000,0.000009
FILLER_35_12,VGND,li1,11.7300,108.8000,0.000009
FILLER_35_9,VGND,li1,10.3500,108.8000,0.000009
FILLER_35_6,VGND,li1,8.9700,108.8000,0.000009
FILLER_35_3,VGND,li1,7.5900,108.8000,0.000009
FILLER_34_319,VGND,li1,152.4900,103.3600,0.000031
FILLER_34_309,VGND,li1,148.1200,103.3600,0.000031
FILLER_34_306,VGND,li1,146.7400,103.3600,0.000031
FILLER_34_303,VGND,li1,145.5900,103.3600,0.000031
FILLER_34_272,VGND,li1,131.3300,103.3600,0.000028
FILLER_34_269,VGND,li1,129.9500,103.3600,0.000027
FILLER_34_266,VGND,li1,128.5700,103.3600,0.000027
FILLER_34_223,VGND,li1,108.3300,103.3600,0.000017
FILLER_34_213,VGND,li1,103.9600,103.3600,0.000012
FILLER_34_197,VGND,li1,96.3700,103.3600,0.000020
FILLER_34_160,VGND,li1,79.5800,103.3600,0.000030
FILLER_34_157,VGND,li1,78.4300,103.3600,0.000030
FILLER_34_154,VGND,li1,77.0500,103.3600,0.000030
FILLER_34_151,VGND,li1,75.6700,103.3600,0.000030
FILLER_34_148,VGND,li1,74.2900,103.3600,0.000031
FILLER_34_139,VGND,li1,69.6900,103.3600,0.000032
FILLER_34_136,VGND,li1,68.7700,103.3600,0.000033
FILLER_34_133,VGND,li1,67.3900,103.3600,0.000033
FILLER_34_130,VGND,li1,66.0100,103.3600,0.000033
FILLER_34_127,VGND,li1,64.6300,103.3600,0.000034
FILLER_34_124,VGND,li1,63.2500,103.3600,0.000034
FILLER_34_101,VGND,li1,52.6700,103.3600,0.000033
FILLER_34_85,VGND,li1,45.0800,103.3600,0.000030
FILLER_34_83,VGND,li1,43.9300,103.3600,0.000030
FILLER_34_47,VGND,li1,27.6000,103.3600,0.000021
FILLER_34_44,VGND,li1,26.4500,103.3600,0.000021
FILLER_34_41,VGND,li1,25.0700,103.3600,0.000019
FILLER_34_38,VGND,li1,23.6900,103.3600,0.000019
FILLER_34_35,VGND,li1,22.3100,103.3600,0.000015
FILLER_34_32,VGND,li1,20.9300,103.3600,0.000015
FILLER_34_29,VGND,li1,19.5500,103.3600,0.000012
FILLER_34_27,VGND,li1,18.1700,103.3600,0.000010
FILLER_34_24,VGND,li1,17.2500,103.3600,0.000010
FILLER_34_15,VGND,li1,12.8800,103.3600,0.000008
FILLER_34_12,VGND,li1,11.7300,103.3600,0.000008
FILLER_34_9,VGND,li1,10.3500,103.3600,0.000008
FILLER_34_6,VGND,li1,8.9700,103.3600,0.000008
FILLER_34_3,VGND,li1,7.5900,103.3600,0.000008
FILLER_33_290,VGND,li1,139.3800,103.3600,0.000030
FILLER_33_273,VGND,li1,131.3300,103.3600,0.000028
FILLER_33_270,VGND,li1,130.4100,103.3600,0.000028
FILLER_33_267,VGND,li1,129.0300,103.3600,0.000027
FILLER_33_264,VGND,li1,127.6500,103.3600,0.000027
FILLER_33_261,VGND,li1,126.2700,103.3600,0.000027
FILLER_33_234,VGND,li1,113.3900,103.3600,0.000022
FILLER_33_231,VGND,li1,112.4700,103.3600,0.000022
FILLER_33_215,VGND,li1,104.8800,103.3600,0.000012
FILLER_33_212,VGND,li1,103.7300,103.3600,0.000012
FILLER_33_203,VGND,li1,99.3600,103.3600,0.000018
FILLER_33_200,VGND,li1,98.2100,103.3600,0.000018
FILLER_33_169,VGND,li1,83.7200,103.3600,0.000029
FILLER_33_165,VGND,li1,82.1100,103.3600,0.000029
FILLER_33_162,VGND,li1,80.7300,103.3600,0.000029
FILLER_33_159,VGND,li1,79.3500,103.3600,0.000030
FILLER_33_156,VGND,li1,77.9700,103.3600,0.000030
FILLER_33_153,VGND,li1,76.5900,103.3600,0.000030
FILLER_33_150,VGND,li1,75.2100,103.3600,0.000031
FILLER_33_147,VGND,li1,73.8300,103.3600,0.000031
FILLER_33_144,VGND,li1,72.4500,103.3600,0.000031
FILLER_33_141,VGND,li1,71.0700,103.3600,0.000032
FILLER_33_138,VGND,li1,69.6900,103.3600,0.000032
FILLER_33_128,VGND,li1,65.0900,103.3600,0.000033
FILLER_33_125,VGND,li1,63.7100,103.3600,0.000034
FILLER_33_122,VGND,li1,62.3300,103.3600,0.000034
FILLER_33_119,VGND,li1,60.9500,103.3600,0.000034
FILLER_33_116,VGND,li1,59.5700,103.3600,0.000035
FILLER_33_113,VGND,li1,58.1900,103.3600,0.000035
FILLER_33_111,VGND,li1,56.8100,103.3600,0.000034
FILLER_33_108,VGND,li1,55.8900,103.3600,0.000034
FILLER_33_90,VGND,li1,47.3800,103.3600,0.000031
FILLER_33_87,VGND,li1,46.2300,103.3600,0.000031
FILLER_33_79,VGND,li1,42.0900,103.3600,0.000029
FILLER_33_76,VGND,li1,41.1700,103.3600,0.000029
FILLER_33_65,VGND,li1,36.1100,103.3600,0.000026
FILLER_33_53,VGND,li1,30.5900,103.3600,0.000023
FILLER_33_50,VGND,li1,29.2100,103.3600,0.000023
FILLER_33_24,VGND,li1,16.7900,103.3600,0.000010
FILLER_33_6,VGND,li1,8.9700,103.3600,0.000008
FILLER_33_3,VGND,li1,7.5900,103.3600,0.000008
FILLER_32_309,VGND,li1,148.3500,97.9200,0.000035
FILLER_32_274,VGND,li1,131.7900,97.9200,0.000031
FILLER_32_271,VGND,li1,130.8700,97.9200,0.000031
FILLER_32_268,VGND,li1,129.4900,97.9200,0.000028
FILLER_32_265,VGND,li1,128.1100,97.9200,0.000028
FILLER_32_262,VGND,li1,126.7300,97.9200,0.000026
FILLER_32_259,VGND,li1,125.3500,97.9200,0.000026
FILLER_32_250,VGND,li1,120.9800,97.9200,0.000021
FILLER_32_247,VGND,li1,119.8300,97.9200,0.000021
FILLER_32_244,VGND,li1,118.4500,97.9200,0.000019
FILLER_32_241,VGND,li1,117.0700,97.9200,0.000017
FILLER_32_238,VGND,li1,115.6900,97.9200,0.000017
FILLER_32_230,VGND,li1,112.0100,97.9200,0.000014
FILLER_32_227,VGND,li1,110.6300,97.9200,0.000011
FILLER_32_224,VGND,li1,109.2500,97.9200,0.000011
FILLER_32_218,VGND,li1,106.0300,97.9200,0.000007
FILLER_32_215,VGND,li1,105.1100,97.9200,0.000007
FILLER_32_212,VGND,li1,103.7300,97.9200,0.000008
FILLER_32_209,VGND,li1,102.3500,97.9200,0.000008
FILLER_32_206,VGND,li1,100.9700,97.9200,0.000009
FILLER_32_203,VGND,li1,99.5900,97.9200,0.000009
FILLER_32_200,VGND,li1,98.2100,97.9200,0.000009
FILLER_32_197,VGND,li1,96.8300,97.9200,0.000010
FILLER_32_194,VGND,li1,95.2200,97.9200,0.000010
FILLER_32_191,VGND,li1,94.0700,97.9200,0.000010
FILLER_32_182,VGND,li1,89.4700,97.9200,0.000011
FILLER_32_164,VGND,li1,81.1900,97.9200,0.000012
FILLER_32_161,VGND,li1,80.2700,97.9200,0.000012
FILLER_32_158,VGND,li1,78.8900,97.9200,0.000012
FILLER_32_155,VGND,li1,77.5100,97.9200,0.000012
FILLER_32_137,VGND,li1,69.2300,97.9200,0.000012
FILLER_32_119,VGND,li1,60.4900,97.9200,0.000011
FILLER_32_116,VGND,li1,59.5700,97.9200,0.000011
FILLER_32_113,VGND,li1,58.1900,97.9200,0.000011
FILLER_32_110,VGND,li1,56.8100,97.9200,0.000011
FILLER_32_92,VGND,li1,48.3000,97.9200,0.000010
FILLER_32_89,VGND,li1,47.1500,97.9200,0.000009
FILLER_32_85,VGND,li1,44.8500,97.9200,0.000009
FILLER_32_81,VGND,li1,43.4700,97.9200,0.000009
FILLER_32_78,VGND,li1,42.0900,97.9200,0.000009
FILLER_32_75,VGND,li1,40.7100,97.9200,0.000008
FILLER_32_72,VGND,li1,39.3300,97.9200,0.000008
FILLER_32_43,VGND,li1,25.5300,97.9200,0.000005
FILLER_32_40,VGND,li1,24.6100,97.9200,0.000005
FILLER_32_29,VGND,li1,19.5500,97.9200,0.000004
FILLER_32_6,VGND,li1,8.5100,97.9200,0.000003
FILLER_32_3,VGND,li1,7.5900,97.9200,0.000003
FILLER_31_319,VGND,li1,152.4900,97.9200,0.000035
FILLER_31_290,VGND,li1,139.6100,97.9200,0.000035
FILLER_31_287,VGND,li1,138.2300,97.9200,0.000035
FILLER_31_284,VGND,li1,136.8500,97.9200,0.000034
FILLER_31_281,VGND,li1,135.4700,97.9200,0.000034
FILLER_31_279,VGND,li1,134.0900,97.9200,0.000032
FILLER_31_276,VGND,li1,133.1700,97.9200,0.000032
FILLER_31_273,VGND,li1,131.7900,97.9200,0.000031
FILLER_31_249,VGND,li1,120.7500,97.9200,0.000021
FILLER_31_243,VGND,li1,117.9900,97.9200,0.000019
FILLER_31_235,VGND,li1,113.8500,97.9200,0.000015
FILLER_31_225,VGND,li1,109.7100,97.9200,0.000011
FILLER_31_221,VGND,li1,107.8700,97.9200,0.000009
FILLER_31_211,VGND,li1,103.0400,97.9200,0.000008
FILLER_31_165,VGND,li1,82.1100,97.9200,0.000012
FILLER_31_116,VGND,li1,59.3400,97.9200,0.000011
FILLER_31_113,VGND,li1,58.1900,97.9200,0.000011
FILLER_31_101,VGND,li1,52.6700,97.9200,0.000010
FILLER_31_85,VGND,li1,44.8500,97.9200,0.000009
FILLER_31_82,VGND,li1,43.9300,97.9200,0.000009
FILLER_31_79,VGND,li1,42.5500,97.9200,0.000009
FILLER_31_76,VGND,li1,41.1700,97.9200,0.000009
FILLER_31_73,VGND,li1,39.7900,97.9200,0.000008
FILLER_31_57,VGND,li1,32.2000,97.9200,0.000007
FILLER_31_37,VGND,li1,22.7700,97.9200,0.000005
FILLER_31_34,VGND,li1,21.8500,97.9200,0.000005
FILLER_31_6,VGND,li1,8.7400,97.9200,0.000003
FILLER_31_3,VGND,li1,7.5900,97.9200,0.000003
FILLER_30_318,VGND,li1,152.2600,92.4800,0.000012
FILLER_30_315,VGND,li1,151.1100,92.4800,0.000012
FILLER_30_312,VGND,li1,149.7300,92.4800,0.000012
FILLER_30_309,VGND,li1,148.3500,92.4800,0.000012
FILLER_30_305,VGND,li1,146.5100,92.4800,0.000012
FILLER_30_302,VGND,li1,145.1300,92.4800,0.000012
FILLER_30_299,VGND,li1,143.7500,92.4800,0.000012
FILLER_30_296,VGND,li1,142.3700,92.4800,0.000012
FILLER_30_286,VGND,li1,137.7700,92.4800,0.000012
FILLER_30_283,VGND,li1,136.3900,92.4800,0.000012
FILLER_30_280,VGND,li1,135.0100,92.4800,0.000012
FILLER_30_277,VGND,li1,133.6300,92.4800,0.000012
FILLER_30_274,VGND,li1,132.2500,92.4800,0.000011
FILLER_30_265,VGND,li1,127.6500,92.4800,0.000011
FILLER_30_256,VGND,li1,123.5100,92.4800,0.000010
FILLER_30_253,VGND,li1,122.5900,92.4800,0.000010
FILLER_30_242,VGND,li1,117.0700,92.4800,0.000009
FILLER_30_224,VGND,li1,109.2500,92.4800,0.000006
FILLER_30_200,VGND,li1,97.7500,92.4800,0.000008
FILLER_30_197,VGND,li1,96.8300,92.4800,0.000009
FILLER_30_187,VGND,li1,91.7700,92.4800,0.000010
FILLER_30_149,VGND,li1,74.7500,92.4800,0.000015
FILLER_30_116,VGND,li1,59.5700,92.4800,0.000016
FILLER_30_94,VGND,li1,48.9900,92.4800,0.000015
FILLER_30_91,VGND,li1,48.0700,92.4800,0.000015
FILLER_30_88,VGND,li1,46.6900,92.4800,0.000015
FILLER_30_85,VGND,li1,45.3100,92.4800,0.000014
FILLER_30_65,VGND,li1,36.1100,92.4800,0.000012
FILLER_30_41,VGND,li1,25.0700,92.4800,0.000008
FILLER_30_38,VGND,li1,23.6900,92.4800,0.000007
FILLER_30_35,VGND,li1,22.3100,92.4800,0.000006
FILLER_30_32,VGND,li1,20.9300,92.4800,0.000006
FILLER_30_29,VGND,li1,19.5500,92.4800,0.000005
FILLER_30_15,VGND,li1,12.6500,92.4800,0.000003
FILLER_30_12,VGND,li1,11.7300,92.4800,0.000003
FILLER_30_9,VGND,li1,10.3500,92.4800,0.000003
FILLER_30_6,VGND,li1,8.9700,92.4800,0.000003
FILLER_30_3,VGND,li1,7.5900,92.4800,0.000003
FILLER_29_318,VGND,li1,152.2600,92.4800,0.000012
FILLER_29_315,VGND,li1,151.1100,92.4800,0.000012
FILLER_29_312,VGND,li1,149.7300,92.4800,0.000012
FILLER_29_309,VGND,li1,148.3500,92.4800,0.000012
FILLER_29_279,VGND,li1,134.0900,92.4800,0.000012
FILLER_29_276,VGND,li1,133.1700,92.4800,0.000011
FILLER_29_273,VGND,li1,131.7900,92.4800,0.000011
FILLER_29_246,VGND,li1,119.3700,92.4800,0.000009
FILLER_29_222,VGND,li1,108.1000,92.4800,0.000006
FILLER_29_215,VGND,li1,104.8800,92.4800,0.000005
FILLER_29_182,VGND,li1,89.9300,92.4800,0.000011
FILLER_29_119,VGND,li1,60.9500,92.4800,0.000016
FILLER_29_116,VGND,li1,59.5700,92.4800,0.000016
FILLER_29_113,VGND,li1,58.1900,92.4800,0.000016
FILLER_29_88,VGND,li1,46.6900,92.4800,0.000015
FILLER_29_57,VGND,li1,32.4300,92.4800,0.000011
FILLER_29_55,VGND,li1,31.0500,92.4800,0.000010
FILLER_29_52,VGND,li1,30.1300,92.4800,0.000010
FILLER_29_49,VGND,li1,28.7500,92.4800,0.000009
FILLER_29_46,VGND,li1,27.3700,92.4800,0.000009
FILLER_29_43,VGND,li1,25.9900,92.4800,0.000008
FILLER_29_40,VGND,li1,24.6100,92.4800,0.000007
FILLER_29_37,VGND,li1,23.2300,92.4800,0.000007
FILLER_29_26,VGND,li1,17.7100,92.4800,0.000004
FILLER_29_9,VGND,li1,10.1200,92.4800,0.000003
FILLER_29_6,VGND,li1,8.9700,92.4800,0.000003
FILLER_29_3,VGND,li1,7.5900,92.4800,0.000003
FILLER_28_317,VGND,li1,152.0300,87.0400,0.000010
FILLER_28_305,VGND,li1,146.5100,87.0400,0.000010
FILLER_28_292,VGND,li1,140.0700,87.0400,0.000010
FILLER_28_283,VGND,li1,136.1600,87.0400,0.000009
FILLER_28_280,VGND,li1,135.0100,87.0400,0.000009
FILLER_28_277,VGND,li1,133.6300,87.0400,0.000009
FILLER_28_274,VGND,li1,132.2500,87.0400,0.000009
FILLER_28_271,VGND,li1,130.8700,87.0400,0.000009
FILLER_28_268,VGND,li1,129.4900,87.0400,0.000009
FILLER_28_253,VGND,li1,122.1300,87.0400,0.000008
FILLER_28_221,VGND,li1,107.6400,87.0400,0.000004
FILLER_28_218,VGND,li1,106.4900,87.0400,0.000003
FILLER_28_215,VGND,li1,105.1100,87.0400,0.000003
FILLER_28_212,VGND,li1,103.7300,87.0400,0.000003
FILLER_28_200,VGND,li1,98.2100,87.0400,0.000004
FILLER_28_197,VGND,li1,96.8300,87.0400,0.000004
FILLER_28_173,VGND,li1,85.5600,87.0400,0.000004
FILLER_28_170,VGND,li1,84.4100,87.0400,0.000004
FILLER_28_156,VGND,li1,77.9700,87.0400,0.000005
FILLER_28_137,VGND,li1,69.2300,87.0400,0.000005
FILLER_28_134,VGND,li1,67.8500,87.0400,0.000005
FILLER_28_131,VGND,li1,66.4700,87.0400,0.000005
FILLER_28_128,VGND,li1,65.0900,87.0400,0.000005
FILLER_28_125,VGND,li1,63.7100,87.0400,0.000005
FILLER_28_122,VGND,li1,62.3300,87.0400,0.000005
FILLER_28_119,VGND,li1,60.9500,87.0400,0.000005
FILLER_28_116,VGND,li1,59.5700,87.0400,0.000005
FILLER_28_113,VGND,li1,58.1900,87.0400,0.000005
FILLER_28_94,VGND,li1,49.2200,87.0400,0.000005
FILLER_28_91,VGND,li1,48.0700,87.0400,0.000005
FILLER_28_88,VGND,li1,46.6900,87.0400,0.000005
FILLER_28_85,VGND,li1,45.3100,87.0400,0.000005
FILLER_28_55,VGND,li1,31.5100,87.0400,0.000004
FILLER_28_52,VGND,li1,30.1300,87.0400,0.000004
FILLER_28_49,VGND,li1,28.7500,87.0400,0.000004
FILLER_28_46,VGND,li1,27.3700,87.0400,0.000003
FILLER_28_43,VGND,li1,25.9900,87.0400,0.000003
FILLER_28_40,VGND,li1,24.6100,87.0400,0.000003
FILLER_28_37,VGND,li1,23.2300,87.0400,0.000003
FILLER_28_34,VGND,li1,21.8500,87.0400,0.000003
FILLER_28_26,VGND,li1,17.9400,87.0400,0.000002
FILLER_28_3,VGND,li1,7.3600,87.0400,0.000002
FILLER_27_318,VGND,li1,152.2600,87.0400,0.000010
FILLER_27_315,VGND,li1,151.1100,87.0400,0.000010
FILLER_27_287,VGND,li1,137.7700,87.0400,0.000010
FILLER_27_284,VGND,li1,136.8500,87.0400,0.000009
FILLER_27_281,VGND,li1,135.4700,87.0400,0.000009
FILLER_27_278,VGND,li1,133.8600,87.0400,0.000009
FILLER_27_275,VGND,li1,132.7100,87.0400,0.000009
FILLER_27_272,VGND,li1,131.3300,87.0400,0.000009
FILLER_27_269,VGND,li1,129.9500,87.0400,0.000009
FILLER_27_266,VGND,li1,128.5700,87.0400,0.000008
FILLER_27_263,VGND,li1,127.1900,87.0400,0.000008
FILLER_27_240,VGND,li1,116.3800,87.0400,0.000006
FILLER_27_237,VGND,li1,115.2300,87.0400,0.000006
FILLER_27_234,VGND,li1,113.8500,87.0400,0.000005
FILLER_27_231,VGND,li1,112.4700,87.0400,0.000005
FILLER_27_228,VGND,li1,111.0900,87.0400,0.000004
FILLER_27_225,VGND,li1,109.7100,87.0400,0.000004
FILLER_27_221,VGND,li1,107.8700,87.0400,0.000004
FILLER_27_218,VGND,li1,106.4900,87.0400,0.000003
FILLER_27_215,VGND,li1,105.1100,87.0400,0.000003
FILLER_27_212,VGND,li1,103.7300,87.0400,0.000003
FILLER_27_209,VGND,li1,102.3500,87.0400,0.000003
FILLER_27_202,VGND,li1,98.9000,87.0400,0.000004
FILLER_27_199,VGND,li1,97.7500,87.0400,0.000004
FILLER_27_196,VGND,li1,96.3700,87.0400,0.000004
FILLER_27_189,VGND,li1,92.9200,87.0400,0.000004
FILLER_27_186,VGND,li1,91.7700,87.0400,0.000004
FILLER_27_183,VGND,li1,90.3900,87.0400,0.000004
FILLER_27_172,VGND,li1,85.3300,87.0400,0.000004
FILLER_27_169,VGND,li1,83.9500,87.0400,0.000004
FILLER_27_165,VGND,li1,82.1100,87.0400,0.000005
FILLER_27_162,VGND,li1,80.7300,87.0400,0.000005
FILLER_27_159,VGND,li1,79.3500,87.0400,0.000005
FILLER_27_156,VGND,li1,77.9700,87.0400,0.000005
FILLER_27_153,VGND,li1,76.5900,87.0400,0.000005
FILLER_27_150,VGND,li1,75.2100,87.0400,0.000005
FILLER_27_147,VGND,li1,73.8300,87.0400,0.000005
FILLER_27_138,VGND,li1,69.2300,87.0400,0.000005
FILLER_27_135,VGND,li1,68.3100,87.0400,0.000005
FILLER_27_132,VGND,li1,66.9300,87.0400,0.000005
FILLER_27_129,VGND,li1,65.5500,87.0400,0.000005
FILLER_27_126,VGND,li1,64.1700,87.0400,0.000005
FILLER_27_123,VGND,li1,62.7900,87.0400,0.000005
FILLER_27_113,VGND,li1,58.1900,87.0400,0.000005
FILLER_27_111,VGND,li1,56.8100,87.0400,0.000005
FILLER_27_108,VGND,li1,55.8900,87.0400,0.000005
FILLER_27_105,VGND,li1,54.5100,87.0400,0.000005
FILLER_27_102,VGND,li1,53.1300,87.0400,0.000005
FILLER_27_94,VGND,li1,49.4500,87.0400,0.000005
FILLER_27_91,VGND,li1,48.0700,87.0400,0.000005
FILLER_27_88,VGND,li1,46.6900,87.0400,0.000005
FILLER_27_85,VGND,li1,45.3100,87.0400,0.000005
FILLER_27_66,VGND,li1,36.5700,87.0400,0.000004
FILLER_27_63,VGND,li1,35.1900,87.0400,0.000004
FILLER_27_60,VGND,li1,33.8100,87.0400,0.000004
FILLER_27_57,VGND,li1,32.4300,87.0400,0.000004
FILLER_27_54,VGND,li1,30.8200,87.0400,0.000004
FILLER_27_51,VGND,li1,29.6700,87.0400,0.000004
FILLER_27_48,VGND,li1,28.2900,87.0400,0.000004
FILLER_27_45,VGND,li1,26.9100,87.0400,0.000003
FILLER_27_42,VGND,li1,25.5300,87.0400,0.000003
FILLER_27_39,VGND,li1,24.1500,87.0400,0.000003
FILLER_27_36,VGND,li1,22.7700,87.0400,0.000003
FILLER_27_9,VGND,li1,9.8900,87.0400,0.000002
FILLER_27_6,VGND,li1,8.9700,87.0400,0.000002
FILLER_27_3,VGND,li1,7.5900,87.0400,0.000002
FILLER_26_317,VGND,li1,152.0300,81.6000,0.000019
FILLER_26_306,VGND,li1,146.7400,81.6000,0.000019
FILLER_26_283,VGND,li1,135.9300,81.6000,0.000018
FILLER_26_280,VGND,li1,135.0100,81.6000,0.000018
FILLER_26_277,VGND,li1,133.6300,81.6000,0.000018
FILLER_26_274,VGND,li1,132.2500,81.6000,0.000017
FILLER_26_271,VGND,li1,130.8700,81.6000,0.000017
FILLER_26_268,VGND,li1,129.4900,81.6000,0.000017
FILLER_26_265,VGND,li1,128.1100,81.6000,0.000017
FILLER_26_262,VGND,li1,126.7300,81.6000,0.000017
FILLER_26_259,VGND,li1,125.3500,81.6000,0.000017
FILLER_26_256,VGND,li1,123.9700,81.6000,0.000016
FILLER_26_253,VGND,li1,122.5900,81.6000,0.000016
FILLER_26_249,VGND,li1,120.7500,81.6000,0.000016
FILLER_26_246,VGND,li1,119.3700,81.6000,0.000016
FILLER_26_243,VGND,li1,117.9900,81.6000,0.000016
FILLER_26_240,VGND,li1,116.6100,81.6000,0.000016
FILLER_26_237,VGND,li1,115.2300,81.6000,0.000016
FILLER_26_209,VGND,li1,101.8900,81.6000,0.000016
FILLER_26_206,VGND,li1,100.9700,81.6000,0.000016
FILLER_26_203,VGND,li1,99.5900,81.6000,0.000018
FILLER_26_200,VGND,li1,98.2100,81.6000,0.000021
FILLER_26_197,VGND,li1,96.8300,81.6000,0.000021
FILLER_26_193,VGND,li1,94.9900,81.6000,0.000023
FILLER_26_190,VGND,li1,93.6100,81.6000,0.000026
FILLER_26_187,VGND,li1,92.2300,81.6000,0.000026
FILLER_26_184,VGND,li1,90.8500,81.6000,0.000029
FILLER_26_181,VGND,li1,89.4700,81.6000,0.000029
FILLER_26_158,VGND,li1,78.8900,81.6000,0.000033
FILLER_26_155,VGND,li1,77.5100,81.6000,0.000033
FILLER_26_152,VGND,li1,76.1300,81.6000,0.000032
FILLER_26_149,VGND,li1,74.7500,81.6000,0.000032
FILLER_26_130,VGND,li1,66.0100,81.6000,0.000028
FILLER_26_116,VGND,li1,59.5700,81.6000,0.000025
FILLER_26_106,VGND,li1,54.7400,81.6000,0.000023
FILLER_26_103,VGND,li1,53.5900,81.6000,0.000022
FILLER_26_100,VGND,li1,52.2100,81.6000,0.000022
FILLER_26_97,VGND,li1,50.8300,81.6000,0.000020
FILLER_26_94,VGND,li1,49.4500,81.6000,0.000020
FILLER_26_91,VGND,li1,48.0700,81.6000,0.000019
FILLER_26_88,VGND,li1,46.6900,81.6000,0.000019
FILLER_26_85,VGND,li1,45.3100,81.6000,0.000018
FILLER_26_68,VGND,li1,37.0300,81.6000,0.000014
FILLER_26_65,VGND,li1,36.1100,81.6000,0.000013
FILLER_26_62,VGND,li1,34.7300,81.6000,0.000013
FILLER_26_59,VGND,li1,33.3500,81.6000,0.000012
FILLER_26_56,VGND,li1,31.9700,81.6000,0.000011
FILLER_26_53,VGND,li1,30.5900,81.6000,0.000011
FILLER_26_38,VGND,li1,23.4600,81.6000,0.000007
FILLER_26_29,VGND,li1,19.0900,81.6000,0.000005
FILLER_26_26,VGND,li1,17.9400,81.6000,0.000005
FILLER_26_18,VGND,li1,14.0300,81.6000,0.000003
FILLER_26_15,VGND,li1,13.1100,81.6000,0.000003
FILLER_26_12,VGND,li1,11.7300,81.6000,0.000003
FILLER_26_9,VGND,li1,10.3500,81.6000,0.000003
FILLER_26_6,VGND,li1,8.9700,81.6000,0.000003
FILLER_26_3,VGND,li1,7.5900,81.6000,0.000003
FILLER_25_318,VGND,li1,152.2600,81.6000,0.000019
FILLER_25_287,VGND,li1,138.0000,81.6000,0.000018
FILLER_25_246,VGND,li1,118.9100,81.6000,0.000016
FILLER_25_243,VGND,li1,117.9900,81.6000,0.000016
FILLER_25_240,VGND,li1,116.6100,81.6000,0.000016
FILLER_25_237,VGND,li1,115.2300,81.6000,0.000016
FILLER_25_234,VGND,li1,113.8500,81.6000,0.000015
FILLER_25_231,VGND,li1,112.4700,81.6000,0.000015
FILLER_25_228,VGND,li1,111.0900,81.6000,0.000015
FILLER_25_225,VGND,li1,109.7100,81.6000,0.000013
FILLER_25_222,VGND,li1,108.1000,81.6000,0.000013
FILLER_25_205,VGND,li1,100.5100,81.6000,0.000018
FILLER_25_202,VGND,li1,99.1300,81.6000,0.000018
FILLER_25_199,VGND,li1,97.7500,81.6000,0.000021
FILLER_25_178,VGND,li1,87.6300,81.6000,0.000031
FILLER_25_167,VGND,li1,82.5700,81.6000,0.000034
FILLER_25_164,VGND,li1,81.6500,81.6000,0.000034
FILLER_25_161,VGND,li1,80.2700,81.6000,0.000034
FILLER_25_158,VGND,li1,78.8900,81.6000,0.000033
FILLER_25_155,VGND,li1,77.5100,81.6000,0.000033
FILLER_25_152,VGND,li1,76.1300,81.6000,0.000032
FILLER_25_149,VGND,li1,74.7500,81.6000,0.000032
FILLER_25_146,VGND,li1,73.3700,81.6000,0.000031
FILLER_25_138,VGND,li1,69.4600,81.6000,0.000029
FILLER_25_116,VGND,li1,59.1100,81.6000,0.000025
FILLER_25_113,VGND,li1,58.1900,81.6000,0.000024
FILLER_25_97,VGND,li1,50.3700,81.6000,0.000020
FILLER_25_94,VGND,li1,49.4500,81.6000,0.000020
FILLER_25_69,VGND,li1,37.4900,81.6000,0.000014
FILLER_25_66,VGND,li1,36.5700,81.6000,0.000014
FILLER_25_63,VGND,li1,35.1900,81.6000,0.000013
FILLER_25_60,VGND,li1,33.8100,81.6000,0.000012
FILLER_25_57,VGND,li1,32.4300,81.6000,0.000012
FILLER_25_55,VGND,li1,31.0500,81.6000,0.000011
FILLER_25_31,VGND,li1,20.0100,81.6000,0.000006
FILLER_25_28,VGND,li1,19.0900,81.6000,0.000005
FILLER_25_21,VGND,li1,15.6400,81.6000,0.000003
FILLER_25_18,VGND,li1,14.4900,81.6000,0.000003
FILLER_25_15,VGND,li1,13.1100,81.6000,0.000003
FILLER_25_12,VGND,li1,11.7300,81.6000,0.000003
FILLER_25_9,VGND,li1,10.3500,81.6000,0.000003
FILLER_25_6,VGND,li1,8.9700,81.6000,0.000003
FILLER_25_3,VGND,li1,7.5900,81.6000,0.000003
FILLER_24_318,VGND,li1,152.2600,76.1600,0.000033
FILLER_24_315,VGND,li1,151.1100,76.1600,0.000033
FILLER_24_312,VGND,li1,149.7300,76.1600,0.000033
FILLER_24_309,VGND,li1,148.3500,76.1600,0.000033
FILLER_24_286,VGND,li1,137.3100,76.1600,0.000032
FILLER_24_275,VGND,li1,132.7100,76.1600,0.000031
FILLER_24_253,VGND,li1,122.3600,76.1600,0.000025
FILLER_24_250,VGND,li1,120.9800,76.1600,0.000023
FILLER_24_247,VGND,li1,119.8300,76.1600,0.000023
FILLER_24_238,VGND,li1,115.4600,76.1600,0.000018
FILLER_24_235,VGND,li1,114.3100,76.1600,0.000016
FILLER_24_232,VGND,li1,112.9300,76.1600,0.000016
FILLER_24_229,VGND,li1,111.5500,76.1600,0.000014
FILLER_24_197,VGND,li1,96.8300,76.1600,0.000010
FILLER_24_193,VGND,li1,94.9900,76.1600,0.000010
FILLER_24_190,VGND,li1,93.6100,76.1600,0.000011
FILLER_24_187,VGND,li1,92.2300,76.1600,0.000011
FILLER_24_168,VGND,li1,83.2600,76.1600,0.000012
FILLER_24_165,VGND,li1,82.1100,76.1600,0.000012
FILLER_24_162,VGND,li1,80.7300,76.1600,0.000012
FILLER_24_159,VGND,li1,79.3500,76.1600,0.000012
FILLER_24_156,VGND,li1,77.9700,76.1600,0.000012
FILLER_24_153,VGND,li1,76.5900,76.1600,0.000012
FILLER_24_150,VGND,li1,75.2100,76.1600,0.000012
FILLER_24_147,VGND,li1,73.8300,76.1600,0.000012
FILLER_24_144,VGND,li1,72.4500,76.1600,0.000012
FILLER_24_141,VGND,li1,71.0700,76.1600,0.000012
FILLER_24_138,VGND,li1,69.4600,76.1600,0.000012
FILLER_24_135,VGND,li1,68.3100,76.1600,0.000012
FILLER_24_116,VGND,li1,59.1100,76.1600,0.000013
FILLER_24_93,VGND,li1,48.7600,76.1600,0.000013
FILLER_24_61,VGND,li1,34.0400,76.1600,0.000011
FILLER_24_29,VGND,li1,19.5500,76.1600,0.000004
FILLER_24_26,VGND,li1,17.9400,76.1600,0.000004
FILLER_24_23,VGND,li1,16.7900,76.1600,0.000003
FILLER_24_20,VGND,li1,15.4100,76.1600,0.000003
FILLER_24_12,VGND,li1,11.7300,76.1600,0.000003
FILLER_24_9,VGND,li1,10.3500,76.1600,0.000003
FILLER_24_6,VGND,li1,8.9700,76.1600,0.000003
FILLER_24_3,VGND,li1,7.5900,76.1600,0.000003
FILLER_23_317,VGND,li1,152.0300,76.1600,0.000033
FILLER_23_314,VGND,li1,150.6500,76.1600,0.000033
FILLER_23_311,VGND,li1,149.2700,76.1600,0.000033
FILLER_23_308,VGND,li1,147.8900,76.1600,0.000033
FILLER_23_305,VGND,li1,146.5100,76.1600,0.000033
FILLER_23_302,VGND,li1,145.1300,76.1600,0.000033
FILLER_23_268,VGND,li1,129.2600,76.1600,0.000030
FILLER_23_244,VGND,li1,118.4500,76.1600,0.000020
FILLER_23_241,VGND,li1,117.0700,76.1600,0.000018
FILLER_23_221,VGND,li1,107.8700,76.1600,0.000011
FILLER_23_190,VGND,li1,93.6100,76.1600,0.000011
FILLER_23_166,VGND,li1,82.3400,76.1600,0.000012
FILLER_23_163,VGND,li1,81.1900,76.1600,0.000012
FILLER_23_160,VGND,li1,79.8100,76.1600,0.000012
FILLER_23_157,VGND,li1,78.4300,76.1600,0.000012
FILLER_23_154,VGND,li1,77.0500,76.1600,0.000012
FILLER_23_151,VGND,li1,75.6700,76.1600,0.000012
FILLER_23_148,VGND,li1,74.2900,76.1600,0.000012
FILLER_23_145,VGND,li1,72.9100,76.1600,0.000012
FILLER_23_130,VGND,li1,65.7800,76.1600,0.000013
FILLER_23_111,VGND,li1,56.8100,76.1600,0.000013
FILLER_23_108,VGND,li1,55.8900,76.1600,0.000013
FILLER_23_105,VGND,li1,54.5100,76.1600,0.000013
FILLER_23_60,VGND,li1,33.8100,76.1600,0.000011
FILLER_23_57,VGND,li1,32.4300,76.1600,0.000010
FILLER_23_32,VGND,li1,20.9300,76.1600,0.000006
FILLER_23_9,VGND,li1,10.1200,76.1600,0.000003
FILLER_23_6,VGND,li1,8.9700,76.1600,0.000003
FILLER_23_3,VGND,li1,7.5900,76.1600,0.000003
FILLER_22_318,VGND,li1,152.2600,70.7200,0.000011
FILLER_22_315,VGND,li1,151.1100,70.7200,0.000011
FILLER_22_312,VGND,li1,149.7300,70.7200,0.000011
FILLER_22_309,VGND,li1,148.3500,70.7200,0.000011
FILLER_22_307,VGND,li1,146.9700,70.7200,0.000011
FILLER_22_304,VGND,li1,146.0500,70.7200,0.000011
FILLER_22_301,VGND,li1,144.6700,70.7200,0.000011
FILLER_22_298,VGND,li1,143.2900,70.7200,0.000011
FILLER_22_264,VGND,li1,127.1900,70.7200,0.000011
FILLER_22_261,VGND,li1,126.2700,70.7200,0.000011
FILLER_22_243,VGND,li1,117.5300,70.7200,0.000009
FILLER_22_240,VGND,li1,116.6100,70.7200,0.000009
FILLER_22_218,VGND,li1,106.0300,70.7200,0.000006
FILLER_22_195,VGND,li1,95.4500,70.7200,0.000011
FILLER_22_192,VGND,li1,94.5300,70.7200,0.000012
FILLER_22_189,VGND,li1,93.1500,70.7200,0.000013
FILLER_22_186,VGND,li1,91.7700,70.7200,0.000013
FILLER_22_183,VGND,li1,90.3900,70.7200,0.000015
FILLER_22_161,VGND,li1,79.8100,70.7200,0.000020
FILLER_22_158,VGND,li1,78.8900,70.7200,0.000020
FILLER_22_155,VGND,li1,77.5100,70.7200,0.000020
FILLER_22_152,VGND,li1,76.1300,70.7200,0.000022
FILLER_22_129,VGND,li1,65.3200,70.7200,0.000026
FILLER_22_126,VGND,li1,64.1700,70.7200,0.000026
FILLER_22_62,VGND,li1,34.2700,70.7200,0.000026
FILLER_22_59,VGND,li1,33.3500,70.7200,0.000026
FILLER_22_29,VGND,li1,19.3200,70.7200,0.000012
FILLER_22_26,VGND,li1,17.9400,70.7200,0.000012
FILLER_22_3,VGND,li1,7.3600,70.7200,0.000009
FILLER_21_318,VGND,li1,152.2600,70.7200,0.000011
FILLER_21_315,VGND,li1,151.1100,70.7200,0.000011
FILLER_21_312,VGND,li1,149.7300,70.7200,0.000011
FILLER_21_309,VGND,li1,148.3500,70.7200,0.000011
FILLER_21_306,VGND,li1,146.9700,70.7200,0.000011
FILLER_21_297,VGND,li1,142.6000,70.7200,0.000011
FILLER_21_294,VGND,li1,141.4500,70.7200,0.000011
FILLER_21_291,VGND,li1,140.0700,70.7200,0.000011
FILLER_21_288,VGND,li1,138.6900,70.7200,0.000011
FILLER_21_266,VGND,li1,128.1100,70.7200,0.000011
FILLER_21_236,VGND,li1,114.3100,70.7200,0.000008
FILLER_21_233,VGND,li1,113.3900,70.7200,0.000008
FILLER_21_223,VGND,li1,108.3300,70.7200,0.000007
FILLER_21_220,VGND,li1,107.4100,70.7200,0.000007
FILLER_21_202,VGND,li1,98.9000,70.7200,0.000010
FILLER_21_199,VGND,li1,97.7500,70.7200,0.000010
FILLER_21_196,VGND,li1,96.3700,70.7200,0.000011
FILLER_21_193,VGND,li1,94.9900,70.7200,0.000012
FILLER_21_190,VGND,li1,93.6100,70.7200,0.000012
FILLER_21_187,VGND,li1,92.2300,70.7200,0.000013
FILLER_21_184,VGND,li1,90.8500,70.7200,0.000015
FILLER_21_165,VGND,li1,82.1100,70.7200,0.000018
FILLER_21_139,VGND,li1,69.9200,70.7200,0.000024
FILLER_21_132,VGND,li1,66.7000,70.7200,0.000025
FILLER_21_119,VGND,li1,60.7200,70.7200,0.000028
FILLER_21_116,VGND,li1,59.5700,70.7200,0.000029
FILLER_21_113,VGND,li1,58.1900,70.7200,0.000029
FILLER_21_110,VGND,li1,56.5800,70.7200,0.000029
FILLER_21_107,VGND,li1,55.4300,70.7200,0.000030
FILLER_21_104,VGND,li1,54.0500,70.7200,0.000030
FILLER_21_87,VGND,li1,45.7700,70.7200,0.000031
FILLER_21_63,VGND,li1,35.1900,70.7200,0.000027
FILLER_21_60,VGND,li1,33.8100,70.7200,0.000026
FILLER_21_57,VGND,li1,32.4300,70.7200,0.000024
FILLER_21_54,VGND,li1,30.8200,70.7200,0.000024
FILLER_21_12,VGND,li1,11.2700,70.7200,0.000009
FILLER_21_9,VGND,li1,10.3500,70.7200,0.000009
FILLER_21_6,VGND,li1,8.9700,70.7200,0.000009
FILLER_21_3,VGND,li1,7.5900,70.7200,0.000009
FILLER_20_318,VGND,li1,152.2600,65.2800,0.000044
FILLER_20_315,VGND,li1,151.1100,65.2800,0.000044
FILLER_20_312,VGND,li1,149.7300,65.2800,0.000044
FILLER_20_309,VGND,li1,148.3500,65.2800,0.000044
FILLER_20_285,VGND,li1,137.3100,65.2800,0.000039
FILLER_20_282,VGND,li1,135.9300,65.2800,0.000039
FILLER_20_279,VGND,li1,134.5500,65.2800,0.000037
FILLER_20_272,VGND,li1,131.1000,65.2800,0.000035
FILLER_20_269,VGND,li1,129.9500,65.2800,0.000033
FILLER_20_266,VGND,li1,128.5700,65.2800,0.000033
FILLER_20_253,VGND,li1,122.3600,65.2800,0.000027
FILLER_20_251,VGND,li1,121.2100,65.2800,0.000027
FILLER_20_236,VGND,li1,114.7700,65.2800,0.000022
FILLER_20_233,VGND,li1,113.3900,65.2800,0.000020
FILLER_20_230,VGND,li1,112.0100,65.2800,0.000019
FILLER_20_227,VGND,li1,110.6300,65.2800,0.000019
FILLER_20_218,VGND,li1,106.0300,65.2800,0.000014
FILLER_20_209,VGND,li1,102.1200,65.2800,0.000022
FILLER_20_206,VGND,li1,100.9700,65.2800,0.000022
FILLER_20_203,VGND,li1,99.5900,65.2800,0.000027
FILLER_20_200,VGND,li1,98.2100,65.2800,0.000027
FILLER_20_197,VGND,li1,96.8300,65.2800,0.000032
FILLER_20_194,VGND,li1,95.2200,65.2800,0.000032
FILLER_20_191,VGND,li1,94.0700,65.2800,0.000035
FILLER_20_188,VGND,li1,92.6900,65.2800,0.000035
FILLER_20_164,VGND,li1,81.6500,65.2800,0.000046
FILLER_20_161,VGND,li1,80.2700,65.2800,0.000048
FILLER_20_127,VGND,li1,64.4000,65.2800,0.000054
FILLER_20_124,VGND,li1,63.2500,65.2800,0.000054
FILLER_20_121,VGND,li1,61.8700,65.2800,0.000054
FILLER_20_118,VGND,li1,60.4900,65.2800,0.000054
FILLER_20_97,VGND,li1,50.3700,65.2800,0.000050
FILLER_20_94,VGND,li1,49.4500,65.2800,0.000050
FILLER_20_85,VGND,li1,45.0800,65.2800,0.000046
FILLER_20_76,VGND,li1,41.1700,65.2800,0.000043
FILLER_20_73,VGND,li1,39.7900,65.2800,0.000043
FILLER_20_70,VGND,li1,38.4100,65.2800,0.000041
FILLER_20_67,VGND,li1,37.0300,65.2800,0.000041
FILLER_20_50,VGND,li1,28.7500,65.2800,0.000031
FILLER_20_47,VGND,li1,27.8300,65.2800,0.000027
FILLER_20_44,VGND,li1,26.4500,65.2800,0.000027
FILLER_20_36,VGND,li1,22.7700,65.2800,0.000021
FILLER_20_22,VGND,li1,15.8700,65.2800,0.000009
FILLER_20_15,VGND,li1,12.8800,65.2800,0.000009
FILLER_20_12,VGND,li1,11.7300,65.2800,0.000009
FILLER_20_9,VGND,li1,10.3500,65.2800,0.000009
FILLER_20_6,VGND,li1,8.9700,65.2800,0.000009
FILLER_20_3,VGND,li1,7.5900,65.2800,0.000009
FILLER_19_290,VGND,li1,139.6100,65.2800,0.000041
FILLER_19_287,VGND,li1,138.2300,65.2800,0.000041
FILLER_19_284,VGND,li1,136.8500,65.2800,0.000039
FILLER_19_281,VGND,li1,135.4700,65.2800,0.000037
FILLER_19_278,VGND,li1,133.8600,65.2800,0.000037
FILLER_19_275,VGND,li1,132.7100,65.2800,0.000035
FILLER_19_272,VGND,li1,131.3300,65.2800,0.000035
FILLER_19_269,VGND,li1,129.9500,65.2800,0.000033
FILLER_19_266,VGND,li1,128.5700,65.2800,0.000033
FILLER_19_263,VGND,li1,127.1900,65.2800,0.000031
FILLER_19_240,VGND,li1,116.3800,65.2800,0.000022
FILLER_19_237,VGND,li1,115.2300,65.2800,0.000022
FILLER_19_234,VGND,li1,113.8500,65.2800,0.000020
FILLER_19_231,VGND,li1,112.4700,65.2800,0.000020
FILLER_19_228,VGND,li1,111.0900,65.2800,0.000019
FILLER_19_225,VGND,li1,109.7100,65.2800,0.000017
FILLER_19_223,VGND,li1,108.3300,65.2800,0.000017
FILLER_19_213,VGND,li1,104.1900,65.2800,0.000019
FILLER_19_210,VGND,li1,102.8100,65.2800,0.000019
FILLER_19_207,VGND,li1,101.4300,65.2800,0.000022
FILLER_19_184,VGND,li1,90.8500,65.2800,0.000037
FILLER_19_181,VGND,li1,89.4700,65.2800,0.000040
FILLER_19_178,VGND,li1,88.0900,65.2800,0.000040
FILLER_19_169,VGND,li1,83.4900,65.2800,0.000044
FILLER_19_159,VGND,li1,79.1200,65.2800,0.000050
FILLER_19_156,VGND,li1,77.9700,65.2800,0.000050
FILLER_19_133,VGND,li1,67.1600,65.2800,0.000054
FILLER_19_130,VGND,li1,66.0100,65.2800,0.000054
FILLER_19_127,VGND,li1,64.6300,65.2800,0.000054
FILLER_19_124,VGND,li1,63.2500,65.2800,0.000054
FILLER_19_116,VGND,li1,59.5700,65.2800,0.000054
FILLER_19_113,VGND,li1,58.1900,65.2800,0.000054
FILLER_19_85,VGND,li1,45.3100,65.2800,0.000046
FILLER_19_82,VGND,li1,43.9300,65.2800,0.000045
FILLER_19_79,VGND,li1,42.5500,65.2800,0.000045
FILLER_19_76,VGND,li1,41.1700,65.2800,0.000043
FILLER_19_48,VGND,li1,27.8300,65.2800,0.000027
FILLER_19_45,VGND,li1,26.9100,65.2800,0.000027
FILLER_19_42,VGND,li1,25.5300,65.2800,0.000024
FILLER_19_39,VGND,li1,24.1500,65.2800,0.000024
FILLER_19_31,VGND,li1,20.4700,65.2800,0.000016
FILLER_19_28,VGND,li1,19.0900,65.2800,0.000016
FILLER_19_15,VGND,li1,13.1100,65.2800,0.000009
FILLER_19_12,VGND,li1,11.7300,65.2800,0.000009
FILLER_19_9,VGND,li1,10.3500,65.2800,0.000009
FILLER_19_6,VGND,li1,8.9700,65.2800,0.000009
FILLER_19_3,VGND,li1,7.5900,65.2800,0.000009
FILLER_18_319,VGND,li1,152.4900,59.8400,0.000037
FILLER_18_281,VGND,li1,135.2400,59.8400,0.000036
FILLER_18_278,VGND,li1,134.0900,59.8400,0.000036
FILLER_18_275,VGND,li1,132.7100,59.8400,0.000036
FILLER_18_272,VGND,li1,131.3300,59.8400,0.000036
FILLER_18_253,VGND,li1,122.1300,59.8400,0.000030
FILLER_18_250,VGND,li1,120.9800,59.8400,0.000030
FILLER_18_241,VGND,li1,116.8400,59.8400,0.000026
FILLER_18_238,VGND,li1,115.6900,59.8400,0.000024
FILLER_18_235,VGND,li1,114.3100,59.8400,0.000021
FILLER_18_232,VGND,li1,112.9300,59.8400,0.000021
FILLER_18_180,VGND,li1,88.7800,59.8400,0.000023
FILLER_18_177,VGND,li1,87.6300,59.8400,0.000023
FILLER_18_166,VGND,li1,82.5700,59.8400,0.000024
FILLER_18_141,VGND,li1,70.8400,59.8400,0.000027
FILLER_18_124,VGND,li1,62.7900,59.8400,0.000028
FILLER_18_121,VGND,li1,61.8700,59.8400,0.000028
FILLER_18_112,VGND,li1,57.2700,59.8400,0.000028
FILLER_18_109,VGND,li1,56.3500,59.8400,0.000028
FILLER_18_106,VGND,li1,54.9700,59.8400,0.000028
FILLER_18_82,VGND,li1,43.7000,59.8400,0.000023
FILLER_18_79,VGND,li1,42.5500,59.8400,0.000022
FILLER_18_76,VGND,li1,41.1700,59.8400,0.000022
FILLER_18_73,VGND,li1,39.7900,59.8400,0.000021
FILLER_18_70,VGND,li1,38.4100,59.8400,0.000021
FILLER_18_47,VGND,li1,27.6000,59.8400,0.000013
FILLER_18_44,VGND,li1,26.4500,59.8400,0.000013
FILLER_18_41,VGND,li1,25.0700,59.8400,0.000011
FILLER_18_38,VGND,li1,23.6900,59.8400,0.000011
FILLER_18_35,VGND,li1,22.3100,59.8400,0.000009
FILLER_18_32,VGND,li1,20.9300,59.8400,0.000009
FILLER_18_29,VGND,li1,19.5500,59.8400,0.000007
FILLER_18_12,VGND,li1,11.2700,59.8400,0.000005
FILLER_18_9,VGND,li1,10.3500,59.8400,0.000005
FILLER_18_6,VGND,li1,8.9700,59.8400,0.000005
FILLER_18_3,VGND,li1,7.5900,59.8400,0.000005
FILLER_17_318,VGND,li1,152.2600,59.8400,0.000037
FILLER_17_284,VGND,li1,136.3900,59.8400,0.000037
FILLER_17_281,VGND,li1,135.4700,59.8400,0.000036
FILLER_17_277,VGND,li1,133.6300,59.8400,0.000036
FILLER_17_274,VGND,li1,132.2500,59.8400,0.000036
FILLER_17_271,VGND,li1,130.8700,59.8400,0.000036
FILLER_17_237,VGND,li1,115.0000,59.8400,0.000024
FILLER_17_234,VGND,li1,113.8500,59.8400,0.000021
FILLER_17_231,VGND,li1,112.4700,59.8400,0.000019
FILLER_17_228,VGND,li1,111.0900,59.8400,0.000019
FILLER_17_225,VGND,li1,109.7100,59.8400,0.000017
FILLER_17_172,VGND,li1,85.1000,59.8400,0.000024
FILLER_17_169,VGND,li1,83.9500,59.8400,0.000024
FILLER_17_167,VGND,li1,82.5700,59.8400,0.000024
FILLER_17_164,VGND,li1,81.6500,59.8400,0.000024
FILLER_17_133,VGND,li1,67.1600,59.8400,0.000028
FILLER_17_130,VGND,li1,66.0100,59.8400,0.000028
FILLER_17_127,VGND,li1,64.6300,59.8400,0.000028
FILLER_17_124,VGND,li1,63.2500,59.8400,0.000028
FILLER_17_81,VGND,li1,43.4700,59.8400,0.000023
FILLER_17_78,VGND,li1,42.0900,59.8400,0.000022
FILLER_17_41,VGND,li1,24.8400,59.8400,0.000011
FILLER_17_38,VGND,li1,23.6900,59.8400,0.000011
FILLER_17_35,VGND,li1,22.3100,59.8400,0.000009
FILLER_17_32,VGND,li1,20.9300,59.8400,0.000009
FILLER_17_9,VGND,li1,10.1200,59.8400,0.000005
FILLER_17_6,VGND,li1,8.9700,59.8400,0.000005
FILLER_17_3,VGND,li1,7.5900,59.8400,0.000005
FILLER_16_318,VGND,li1,152.2600,54.4000,0.000012
FILLER_16_315,VGND,li1,151.1100,54.4000,0.000012
FILLER_16_312,VGND,li1,149.7300,54.4000,0.000012
FILLER_16_309,VGND,li1,148.3500,54.4000,0.000012
FILLER_16_305,VGND,li1,146.5100,54.4000,0.000012
FILLER_16_281,VGND,li1,135.4700,54.4000,0.000011
FILLER_16_278,VGND,li1,134.0900,54.4000,0.000011
FILLER_16_275,VGND,li1,132.7100,54.4000,0.000011
FILLER_16_272,VGND,li1,131.3300,54.4000,0.000011
FILLER_16_269,VGND,li1,129.9500,54.4000,0.000011
FILLER_16_266,VGND,li1,128.5700,54.4000,0.000011
FILLER_16_238,VGND,li1,115.4600,54.4000,0.000008
FILLER_16_235,VGND,li1,114.3100,54.4000,0.000008
FILLER_16_193,VGND,li1,94.9900,54.4000,0.000012
FILLER_16_190,VGND,li1,93.6100,54.4000,0.000012
FILLER_16_166,VGND,li1,82.5700,54.4000,0.000014
FILLER_16_163,VGND,li1,81.1900,54.4000,0.000014
FILLER_16_160,VGND,li1,79.8100,54.4000,0.000014
FILLER_16_157,VGND,li1,78.4300,54.4000,0.000014
FILLER_16_154,VGND,li1,77.0500,54.4000,0.000014
FILLER_16_129,VGND,li1,65.5500,54.4000,0.000014
FILLER_16_126,VGND,li1,64.1700,54.4000,0.000013
FILLER_16_123,VGND,li1,62.7900,54.4000,0.000013
FILLER_16_120,VGND,li1,61.4100,54.4000,0.000013
FILLER_16_117,VGND,li1,60.0300,54.4000,0.000013
FILLER_16_88,VGND,li1,46.2300,54.4000,0.000011
FILLER_16_85,VGND,li1,45.3100,54.4000,0.000011
FILLER_16_83,VGND,li1,43.9300,54.4000,0.000011
FILLER_16_80,VGND,li1,43.0100,54.4000,0.000011
FILLER_16_77,VGND,li1,41.6300,54.4000,0.000010
FILLER_16_47,VGND,li1,27.6000,54.4000,0.000007
FILLER_16_44,VGND,li1,26.4500,54.4000,0.000007
FILLER_16_6,VGND,li1,8.5100,54.4000,0.000003
FILLER_16_3,VGND,li1,7.5900,54.4000,0.000003
FILLER_15_318,VGND,li1,152.2600,54.4000,0.000012
FILLER_15_315,VGND,li1,151.1100,54.4000,0.000012
FILLER_15_312,VGND,li1,149.7300,54.4000,0.000012
FILLER_15_309,VGND,li1,148.3500,54.4000,0.000012
FILLER_15_306,VGND,li1,146.9700,54.4000,0.000012
FILLER_15_303,VGND,li1,145.5900,54.4000,0.000012
FILLER_15_295,VGND,li1,141.6800,54.4000,0.000012
FILLER_15_287,VGND,li1,137.7700,54.4000,0.000012
FILLER_15_284,VGND,li1,136.8500,54.4000,0.000012
FILLER_15_281,VGND,li1,135.4700,54.4000,0.000011
FILLER_15_278,VGND,li1,133.8600,54.4000,0.000011
FILLER_15_275,VGND,li1,132.7100,54.4000,0.000011
FILLER_15_272,VGND,li1,131.3300,54.4000,0.000011
FILLER_15_240,VGND,li1,116.6100,54.4000,0.000009
FILLER_15_237,VGND,li1,115.2300,54.4000,0.000008
FILLER_15_234,VGND,li1,113.8500,54.4000,0.000008
FILLER_15_231,VGND,li1,112.4700,54.4000,0.000007
FILLER_15_228,VGND,li1,111.0900,54.4000,0.000007
FILLER_15_225,VGND,li1,109.7100,54.4000,0.000007
FILLER_15_208,VGND,li1,101.8900,54.4000,0.000008
FILLER_15_165,VGND,li1,82.1100,54.4000,0.000014
FILLER_15_162,VGND,li1,80.7300,54.4000,0.000014
FILLER_15_159,VGND,li1,79.3500,54.4000,0.000014
FILLER_15_156,VGND,li1,77.9700,54.4000,0.000014
FILLER_15_134,VGND,li1,67.3900,54.4000,0.000014
FILLER_15_131,VGND,li1,66.4700,54.4000,0.000014
FILLER_15_128,VGND,li1,65.0900,54.4000,0.000013
FILLER_15_125,VGND,li1,63.7100,54.4000,0.000013
FILLER_15_122,VGND,li1,62.3300,54.4000,0.000013
FILLER_15_119,VGND,li1,60.9500,54.4000,0.000013
FILLER_15_116,VGND,li1,59.5700,54.4000,0.000013
FILLER_15_113,VGND,li1,58.1900,54.4000,0.000013
FILLER_15_111,VGND,li1,56.8100,54.4000,0.000013
FILLER_15_89,VGND,li1,46.9200,54.4000,0.000011
FILLER_15_86,VGND,li1,45.7700,54.4000,0.000011
FILLER_15_83,VGND,li1,44.3900,54.4000,0.000011
FILLER_15_80,VGND,li1,43.0100,54.4000,0.000011
FILLER_15_77,VGND,li1,41.6300,54.4000,0.000010
FILLER_15_74,VGND,li1,40.2500,54.4000,0.000010
FILLER_15_57,VGND,li1,31.9700,54.4000,0.000008
FILLER_15_40,VGND,li1,24.6100,54.4000,0.000006
FILLER_15_37,VGND,li1,23.2300,54.4000,0.000006
FILLER_15_3,VGND,li1,7.1300,54.4000,0.000003
FILLER_14_318,VGND,li1,152.2600,48.9600,0.000005
FILLER_14_315,VGND,li1,151.1100,48.9600,0.000005
FILLER_14_312,VGND,li1,149.7300,48.9600,0.000005
FILLER_14_309,VGND,li1,148.3500,48.9600,0.000005
FILLER_14_307,VGND,li1,146.9700,48.9600,0.000005
FILLER_14_304,VGND,li1,146.0500,48.9600,0.000005
FILLER_14_301,VGND,li1,144.6700,48.9600,0.000005
FILLER_14_298,VGND,li1,143.2900,48.9600,0.000005
FILLER_14_295,VGND,li1,141.9100,48.9600,0.000005
FILLER_14_292,VGND,li1,140.5300,48.9600,0.000005
FILLER_14_289,VGND,li1,139.1500,48.9600,0.000005
FILLER_14_286,VGND,li1,137.7700,48.9600,0.000005
FILLER_14_283,VGND,li1,136.3900,48.9600,0.000005
FILLER_14_280,VGND,li1,135.0100,48.9600,0.000005
FILLER_14_277,VGND,li1,133.6300,48.9600,0.000005
FILLER_14_274,VGND,li1,132.2500,48.9600,0.000005
FILLER_14_246,VGND,li1,118.9100,48.9600,0.000004
FILLER_14_243,VGND,li1,117.9900,48.9600,0.000004
FILLER_14_240,VGND,li1,116.6100,48.9600,0.000004
FILLER_14_237,VGND,li1,115.2300,48.9600,0.000004
FILLER_14_234,VGND,li1,113.8500,48.9600,0.000003
FILLER_14_231,VGND,li1,112.4700,48.9600,0.000003
FILLER_14_228,VGND,li1,111.0900,48.9600,0.000003
FILLER_14_225,VGND,li1,109.7100,48.9600,0.000003
FILLER_14_222,VGND,li1,108.3300,48.9600,0.000003
FILLER_14_197,VGND,li1,96.6000,48.9600,0.000005
FILLER_14_194,VGND,li1,95.2200,48.9600,0.000006
FILLER_14_191,VGND,li1,94.0700,48.9600,0.000006
FILLER_14_182,VGND,li1,89.4700,48.9600,0.000007
FILLER_14_179,VGND,li1,88.5500,48.9600,0.000007
FILLER_14_158,VGND,li1,78.8900,48.9600,0.000010
FILLER_14_155,VGND,li1,77.5100,48.9600,0.000011
FILLER_14_152,VGND,li1,76.1300,48.9600,0.000011
FILLER_14_149,VGND,li1,74.7500,48.9600,0.000012
FILLER_14_146,VGND,li1,73.3700,48.9600,0.000012
FILLER_14_138,VGND,li1,69.4600,48.9600,0.000013
FILLER_14_135,VGND,li1,68.3100,48.9600,0.000013
FILLER_14_132,VGND,li1,66.9300,48.9600,0.000014
FILLER_14_129,VGND,li1,65.5500,48.9600,0.000014
FILLER_14_126,VGND,li1,64.1700,48.9600,0.000015
FILLER_14_123,VGND,li1,62.7900,48.9600,0.000015
FILLER_14_120,VGND,li1,61.4100,48.9600,0.000015
FILLER_14_117,VGND,li1,60.0300,48.9600,0.000016
FILLER_14_91,VGND,li1,47.8400,48.9600,0.000016
FILLER_14_88,VGND,li1,46.6900,48.9600,0.000016
FILLER_14_85,VGND,li1,45.3100,48.9600,0.000016
FILLER_14_82,VGND,li1,43.7000,48.9600,0.000015
FILLER_14_79,VGND,li1,42.5500,48.9600,0.000015
FILLER_14_76,VGND,li1,41.1700,48.9600,0.000015
FILLER_14_73,VGND,li1,39.7900,48.9600,0.000015
FILLER_14_70,VGND,li1,38.4100,48.9600,0.000015
FILLER_14_67,VGND,li1,37.0300,48.9600,0.000015
FILLER_14_64,VGND,li1,35.6500,48.9600,0.000015
FILLER_14_54,VGND,li1,31.0500,48.9600,0.000014
FILLER_14_6,VGND,li1,8.7400,48.9600,0.000005
FILLER_14_3,VGND,li1,7.5900,48.9600,0.000005
FILLER_13_319,VGND,li1,152.4900,48.9600,0.000005
FILLER_13_316,VGND,li1,151.5700,48.9600,0.000005
FILLER_13_296,VGND,li1,142.1400,48.9600,0.000005
FILLER_13_293,VGND,li1,140.9900,48.9600,0.000005
FILLER_13_284,VGND,li1,136.6200,48.9600,0.000005
FILLER_13_281,VGND,li1,135.4700,48.9600,0.000005
FILLER_13_255,VGND,li1,123.2800,48.9600,0.000004
FILLER_13_252,VGND,li1,122.1300,48.9600,0.000004
FILLER_13_249,VGND,li1,120.7500,48.9600,0.000004
FILLER_13_246,VGND,li1,119.3700,48.9600,0.000004
FILLER_13_243,VGND,li1,117.9900,48.9600,0.000004
FILLER_13_240,VGND,li1,116.6100,48.9600,0.000004
FILLER_13_237,VGND,li1,115.2300,48.9600,0.000004
FILLER_13_234,VGND,li1,113.8500,48.9600,0.000003
FILLER_13_231,VGND,li1,112.4700,48.9600,0.000003
FILLER_13_228,VGND,li1,111.0900,48.9600,0.000003
FILLER_13_225,VGND,li1,109.7100,48.9600,0.000003
FILLER_13_216,VGND,li1,105.5700,48.9600,0.000002
FILLER_13_213,VGND,li1,104.1900,48.9600,0.000003
FILLER_13_210,VGND,li1,102.8100,48.9600,0.000003
FILLER_13_207,VGND,li1,101.4300,48.9600,0.000004
FILLER_13_204,VGND,li1,100.0500,48.9600,0.000004
FILLER_13_201,VGND,li1,98.6700,48.9600,0.000004
FILLER_13_198,VGND,li1,97.2900,48.9600,0.000005
FILLER_13_195,VGND,li1,95.9100,48.9600,0.000005
FILLER_13_192,VGND,li1,94.5300,48.9600,0.000006
FILLER_13_172,VGND,li1,84.8700,48.9600,0.000008
FILLER_13_169,VGND,li1,83.9500,48.9600,0.000009
FILLER_13_167,VGND,li1,82.5700,48.9600,0.000009
FILLER_13_164,VGND,li1,81.6500,48.9600,0.000010
FILLER_13_161,VGND,li1,80.2700,48.9600,0.000010
FILLER_13_158,VGND,li1,78.8900,48.9600,0.000010
FILLER_13_155,VGND,li1,77.5100,48.9600,0.000011
FILLER_13_152,VGND,li1,76.1300,48.9600,0.000011
FILLER_13_137,VGND,li1,68.7700,48.9600,0.000013
FILLER_13_134,VGND,li1,67.8500,48.9600,0.000013
FILLER_13_131,VGND,li1,66.4700,48.9600,0.000014
FILLER_13_128,VGND,li1,65.0900,48.9600,0.000015
FILLER_13_125,VGND,li1,63.7100,48.9600,0.000015
FILLER_13_122,VGND,li1,62.3300,48.9600,0.000015
FILLER_13_119,VGND,li1,60.9500,48.9600,0.000016
FILLER_13_116,VGND,li1,59.5700,48.9600,0.000016
FILLER_13_113,VGND,li1,58.1900,48.9600,0.000016
FILLER_13_88,VGND,li1,46.6900,48.9600,0.000016
FILLER_13_85,VGND,li1,45.3100,48.9600,0.000016
FILLER_13_82,VGND,li1,43.9300,48.9600,0.000015
FILLER_13_79,VGND,li1,42.5500,48.9600,0.000015
FILLER_13_76,VGND,li1,41.1700,48.9600,0.000015
FILLER_13_73,VGND,li1,39.7900,48.9600,0.000015
FILLER_13_48,VGND,li1,28.2900,48.9600,0.000014
FILLER_13_45,VGND,li1,26.9100,48.9600,0.000013
FILLER_13_42,VGND,li1,25.5300,48.9600,0.000013
FILLER_13_39,VGND,li1,24.1500,48.9600,0.000011
FILLER_13_36,VGND,li1,22.7700,48.9600,0.000011
FILLER_13_33,VGND,li1,21.3900,48.9600,0.000009
FILLER_13_30,VGND,li1,20.0100,48.9600,0.000009
FILLER_13_19,VGND,li1,14.9500,48.9600,0.000005
FILLER_13_12,VGND,li1,11.5000,48.9600,0.000005
FILLER_13_9,VGND,li1,10.3500,48.9600,0.000005
FILLER_13_6,VGND,li1,8.9700,48.9600,0.000005
FILLER_13_3,VGND,li1,7.5900,48.9600,0.000005
FILLER_12_318,VGND,li1,152.2600,43.5200,0.000034
FILLER_12_315,VGND,li1,151.1100,43.5200,0.000034
FILLER_12_306,VGND,li1,146.7400,43.5200,0.000034
FILLER_12_285,VGND,li1,136.8500,43.5200,0.000033
FILLER_12_245,VGND,li1,118.6800,43.5200,0.000022
FILLER_12_242,VGND,li1,117.5300,43.5200,0.000022
FILLER_12_239,VGND,li1,116.1500,43.5200,0.000020
FILLER_12_236,VGND,li1,114.7700,43.5200,0.000018
FILLER_12_233,VGND,li1,113.3900,43.5200,0.000018
FILLER_12_209,VGND,li1,102.3500,43.5200,0.000014
FILLER_12_206,VGND,li1,100.9700,43.5200,0.000014
FILLER_12_203,VGND,li1,99.5900,43.5200,0.000017
FILLER_12_200,VGND,li1,98.2100,43.5200,0.000017
FILLER_12_197,VGND,li1,96.8300,43.5200,0.000017
FILLER_12_195,VGND,li1,95.4500,43.5200,0.000017
FILLER_12_185,VGND,li1,91.0800,43.5200,0.000018
FILLER_12_173,VGND,li1,85.5600,43.5200,0.000019
FILLER_12_170,VGND,li1,84.4100,43.5200,0.000019
FILLER_12_167,VGND,li1,83.0300,43.5200,0.000019
FILLER_12_164,VGND,li1,81.6500,43.5200,0.000020
FILLER_12_161,VGND,li1,80.2700,43.5200,0.000020
FILLER_12_158,VGND,li1,78.8900,43.5200,0.000020
FILLER_12_144,VGND,li1,71.9900,43.5200,0.000021
FILLER_12_141,VGND,li1,71.0700,43.5200,0.000021
FILLER_12_130,VGND,li1,66.0100,43.5200,0.000021
FILLER_12_127,VGND,li1,64.6300,43.5200,0.000021
FILLER_12_124,VGND,li1,63.2500,43.5200,0.000021
FILLER_12_121,VGND,li1,61.8700,43.5200,0.000021
FILLER_12_85,VGND,li1,45.0800,43.5200,0.000021
FILLER_12_83,VGND,li1,43.9300,43.5200,0.000021
FILLER_12_80,VGND,li1,43.0100,43.5200,0.000021
FILLER_12_77,VGND,li1,41.6300,43.5200,0.000021
FILLER_12_56,VGND,li1,31.5100,43.5200,0.000018
FILLER_12_50,VGND,li1,28.7500,43.5200,0.000015
FILLER_12_47,VGND,li1,27.8300,43.5200,0.000015
FILLER_12_44,VGND,li1,26.4500,43.5200,0.000013
FILLER_12_41,VGND,li1,25.0700,43.5200,0.000013
FILLER_12_38,VGND,li1,23.6900,43.5200,0.000010
FILLER_12_35,VGND,li1,22.3100,43.5200,0.000010
FILLER_12_32,VGND,li1,20.9300,43.5200,0.000008
FILLER_12_29,VGND,li1,19.5500,43.5200,0.000008
FILLER_12_6,VGND,li1,8.5100,43.5200,0.000005
FILLER_12_3,VGND,li1,7.5900,43.5200,0.000005
FILLER_11_317,VGND,li1,152.0300,43.5200,0.000034
FILLER_11_314,VGND,li1,150.6500,43.5200,0.000034
FILLER_11_291,VGND,li1,139.8400,43.5200,0.000033
FILLER_11_288,VGND,li1,138.6900,43.5200,0.000033
FILLER_11_243,VGND,li1,117.7600,43.5200,0.000022
FILLER_11_240,VGND,li1,116.6100,43.5200,0.000020
FILLER_11_237,VGND,li1,115.2300,43.5200,0.000020
FILLER_11_190,VGND,li1,93.1500,43.5200,0.000018
FILLER_11_187,VGND,li1,92.2300,43.5200,0.000018
FILLER_11_172,VGND,li1,85.1000,43.5200,0.000019
FILLER_11_169,VGND,li1,83.9500,43.5200,0.000019
FILLER_11_165,VGND,li1,82.1100,43.5200,0.000020
FILLER_11_162,VGND,li1,80.7300,43.5200,0.000020
FILLER_11_125,VGND,li1,63.2500,43.5200,0.000021
FILLER_11_122,VGND,li1,62.3300,43.5200,0.000021
FILLER_11_119,VGND,li1,60.9500,43.5200,0.000021
FILLER_11_111,VGND,li1,56.8100,43.5200,0.000021
FILLER_11_83,VGND,li1,44.3900,43.5200,0.000021
FILLER_11_80,VGND,li1,43.0100,43.5200,0.000021
FILLER_11_77,VGND,li1,41.6300,43.5200,0.000021
FILLER_11_47,VGND,li1,27.6000,43.5200,0.000015
FILLER_11_44,VGND,li1,26.4500,43.5200,0.000013
FILLER_11_41,VGND,li1,25.0700,43.5200,0.000013
FILLER_11_38,VGND,li1,23.6900,43.5200,0.000010
FILLER_11_35,VGND,li1,22.3100,43.5200,0.000010
FILLER_11_32,VGND,li1,20.9300,43.5200,0.000008
FILLER_11_27,VGND,li1,18.4000,43.5200,0.000007
FILLER_11_24,VGND,li1,17.2500,43.5200,0.000007
FILLER_11_21,VGND,li1,15.8700,43.5200,0.000005
FILLER_11_18,VGND,li1,14.4900,43.5200,0.000005
FILLER_11_15,VGND,li1,13.1100,43.5200,0.000005
FILLER_11_12,VGND,li1,11.7300,43.5200,0.000005
FILLER_11_9,VGND,li1,10.3500,43.5200,0.000005
FILLER_11_6,VGND,li1,8.9700,43.5200,0.000005
FILLER_11_3,VGND,li1,7.5900,43.5200,0.000005
FILLER_10_319,VGND,li1,152.4900,38.0800,0.000040
FILLER_10_316,VGND,li1,151.5700,38.0800,0.000040
FILLER_10_285,VGND,li1,137.0800,38.0800,0.000039
FILLER_10_282,VGND,li1,135.9300,38.0800,0.000039
FILLER_10_250,VGND,li1,120.9800,38.0800,0.000030
FILLER_10_247,VGND,li1,119.8300,38.0800,0.000030
FILLER_10_244,VGND,li1,118.4500,38.0800,0.000027
FILLER_10_241,VGND,li1,117.0700,38.0800,0.000026
FILLER_10_238,VGND,li1,115.6900,38.0800,0.000026
FILLER_10_194,VGND,li1,95.2200,38.0800,0.000019
FILLER_10_191,VGND,li1,94.0700,38.0800,0.000019
FILLER_10_161,VGND,li1,80.0400,38.0800,0.000028
FILLER_10_139,VGND,li1,69.6900,38.0800,0.000032
FILLER_10_88,VGND,li1,46.6900,38.0800,0.000028
FILLER_10_85,VGND,li1,45.3100,38.0800,0.000027
FILLER_10_83,VGND,li1,43.9300,38.0800,0.000027
FILLER_10_38,VGND,li1,23.4600,38.0800,0.000014
FILLER_10_35,VGND,li1,22.3100,38.0800,0.000012
FILLER_10_32,VGND,li1,20.9300,38.0800,0.000012
FILLER_10_29,VGND,li1,19.5500,38.0800,0.000009
FILLER_10_26,VGND,li1,17.9400,38.0800,0.000009
FILLER_10_18,VGND,li1,14.0300,38.0800,0.000005
FILLER_10_15,VGND,li1,13.1100,38.0800,0.000005
FILLER_10_12,VGND,li1,11.7300,38.0800,0.000005
FILLER_10_9,VGND,li1,10.3500,38.0800,0.000005
FILLER_10_6,VGND,li1,8.9700,38.0800,0.000005
FILLER_10_3,VGND,li1,7.5900,38.0800,0.000005
FILLER_9_318,VGND,li1,152.2600,38.0800,0.000040
FILLER_9_315,VGND,li1,151.1100,38.0800,0.000040
FILLER_9_312,VGND,li1,149.7300,38.0800,0.000040
FILLER_9_284,VGND,li1,136.6200,38.0800,0.000039
FILLER_9_281,VGND,li1,135.4700,38.0800,0.000039
FILLER_9_279,VGND,li1,134.0900,38.0800,0.000038
FILLER_9_273,VGND,li1,131.3300,38.0800,0.000038
FILLER_9_242,VGND,li1,117.5300,38.0800,0.000027
FILLER_9_239,VGND,li1,116.1500,38.0800,0.000026
FILLER_9_200,VGND,li1,98.2100,38.0800,0.000016
FILLER_9_197,VGND,li1,96.8300,38.0800,0.000018
FILLER_9_194,VGND,li1,95.4500,38.0800,0.000019
FILLER_9_191,VGND,li1,94.0700,38.0800,0.000019
FILLER_9_169,VGND,li1,83.4900,38.0800,0.000026
FILLER_9_166,VGND,li1,82.3400,38.0800,0.000026
FILLER_9_163,VGND,li1,81.1900,38.0800,0.000028
FILLER_9_160,VGND,li1,79.8100,38.0800,0.000028
FILLER_9_131,VGND,li1,66.2400,38.0800,0.000034
FILLER_9_128,VGND,li1,65.0900,38.0800,0.000034
FILLER_9_125,VGND,li1,63.7100,38.0800,0.000034
FILLER_9_122,VGND,li1,62.3300,38.0800,0.000034
FILLER_9_119,VGND,li1,60.9500,38.0800,0.000033
FILLER_9_116,VGND,li1,59.5700,38.0800,0.000033
FILLER_9_113,VGND,li1,58.1900,38.0800,0.000032
FILLER_9_90,VGND,li1,47.1500,38.0800,0.000028
FILLER_9_87,VGND,li1,46.2300,38.0800,0.000028
FILLER_9_84,VGND,li1,44.8500,38.0800,0.000027
FILLER_9_81,VGND,li1,43.4700,38.0800,0.000026
FILLER_9_78,VGND,li1,42.0900,38.0800,0.000026
FILLER_9_46,VGND,li1,27.3700,38.0800,0.000017
FILLER_9_39,VGND,li1,23.6900,38.0800,0.000014
FILLER_9_9,VGND,li1,10.3500,38.0800,0.000005
FILLER_9_6,VGND,li1,8.9700,38.0800,0.000005
FILLER_9_3,VGND,li1,7.5900,38.0800,0.000005
FILLER_8_318,VGND,li1,152.2600,32.6400,0.000013
FILLER_8_315,VGND,li1,151.1100,32.6400,0.000013
FILLER_8_312,VGND,li1,149.7300,32.6400,0.000013
FILLER_8_309,VGND,li1,148.3500,32.6400,0.000013
FILLER_8_307,VGND,li1,146.9700,32.6400,0.000013
FILLER_8_304,VGND,li1,146.0500,32.6400,0.000013
FILLER_8_292,VGND,li1,140.0700,32.6400,0.000013
FILLER_8_289,VGND,li1,139.1500,32.6400,0.000013
FILLER_8_286,VGND,li1,137.7700,32.6400,0.000013
FILLER_8_283,VGND,li1,136.3900,32.6400,0.000013
FILLER_8_280,VGND,li1,135.0100,32.6400,0.000013
FILLER_8_277,VGND,li1,133.6300,32.6400,0.000013
FILLER_8_274,VGND,li1,132.2500,32.6400,0.000013
FILLER_8_243,VGND,li1,117.7600,32.6400,0.000011
FILLER_8_240,VGND,li1,116.6100,32.6400,0.000011
FILLER_8_237,VGND,li1,115.2300,32.6400,0.000011
FILLER_8_234,VGND,li1,113.8500,32.6400,0.000011
FILLER_8_213,VGND,li1,103.7300,32.6400,0.000007
FILLER_8_203,VGND,li1,99.5900,32.6400,0.000009
FILLER_8_200,VGND,li1,98.2100,32.6400,0.000009
FILLER_8_197,VGND,li1,96.8300,32.6400,0.000009
FILLER_8_194,VGND,li1,95.2200,32.6400,0.000010
FILLER_8_191,VGND,li1,94.0700,32.6400,0.000011
FILLER_8_188,VGND,li1,92.6900,32.6400,0.000011
FILLER_8_174,VGND,li1,85.7900,32.6400,0.000013
FILLER_8_171,VGND,li1,84.8700,32.6400,0.000013
FILLER_8_168,VGND,li1,83.4900,32.6400,0.000014
FILLER_8_165,VGND,li1,82.1100,32.6400,0.000015
FILLER_8_162,VGND,li1,80.7300,32.6400,0.000015
FILLER_8_159,VGND,li1,79.3500,32.6400,0.000016
FILLER_8_156,VGND,li1,77.9700,32.6400,0.000016
FILLER_8_153,VGND,li1,76.5900,32.6400,0.000016
FILLER_8_144,VGND,li1,71.9900,32.6400,0.000018
FILLER_8_141,VGND,li1,71.0700,32.6400,0.000018
FILLER_8_121,VGND,li1,61.6400,32.6400,0.000021
FILLER_8_118,VGND,li1,60.4900,32.6400,0.000021
FILLER_8_88,VGND,li1,46.6900,32.6400,0.000019
FILLER_8_85,VGND,li1,45.3100,32.6400,0.000017
FILLER_8_81,VGND,li1,43.4700,32.6400,0.000017
FILLER_8_78,VGND,li1,42.0900,32.6400,0.000017
FILLER_8_75,VGND,li1,40.7100,32.6400,0.000016
FILLER_8_72,VGND,li1,39.3300,32.6400,0.000015
FILLER_8_69,VGND,li1,37.9500,32.6400,0.000015
FILLER_8_42,VGND,li1,25.0700,32.6400,0.000009
FILLER_8_39,VGND,li1,24.1500,32.6400,0.000008
FILLER_8_6,VGND,li1,8.5100,32.6400,0.000004
FILLER_8_3,VGND,li1,7.5900,32.6400,0.000004
FILLER_7_319,VGND,li1,152.4900,32.6400,0.000013
FILLER_7_316,VGND,li1,151.5700,32.6400,0.000013
FILLER_7_313,VGND,li1,150.1900,32.6400,0.000013
FILLER_7_310,VGND,li1,148.8100,32.6400,0.000013
FILLER_7_307,VGND,li1,147.4300,32.6400,0.000013
FILLER_7_299,VGND,li1,143.5200,32.6400,0.000013
FILLER_7_296,VGND,li1,142.3700,32.6400,0.000013
FILLER_7_293,VGND,li1,140.9900,32.6400,0.000013
FILLER_7_290,VGND,li1,139.6100,32.6400,0.000013
FILLER_7_287,VGND,li1,138.2300,32.6400,0.000013
FILLER_7_284,VGND,li1,136.8500,32.6400,0.000013
FILLER_7_281,VGND,li1,135.4700,32.6400,0.000013
FILLER_7_279,VGND,li1,134.0900,32.6400,0.000013
FILLER_7_276,VGND,li1,133.1700,32.6400,0.000013
FILLER_7_249,VGND,li1,120.7500,32.6400,0.000012
FILLER_7_246,VGND,li1,119.3700,32.6400,0.000011
FILLER_7_243,VGND,li1,117.9900,32.6400,0.000011
FILLER_7_240,VGND,li1,116.6100,32.6400,0.000011
FILLER_7_237,VGND,li1,115.2300,32.6400,0.000011
FILLER_7_234,VGND,li1,113.8500,32.6400,0.000011
FILLER_7_231,VGND,li1,112.4700,32.6400,0.000011
FILLER_7_222,VGND,li1,108.1000,32.6400,0.000010
FILLER_7_204,VGND,li1,100.0500,32.6400,0.000009
FILLER_7_201,VGND,li1,98.6700,32.6400,0.000009
FILLER_7_198,VGND,li1,97.2900,32.6400,0.000009
FILLER_7_195,VGND,li1,95.9100,32.6400,0.000010
FILLER_7_192,VGND,li1,94.5300,32.6400,0.000010
FILLER_7_189,VGND,li1,93.1500,32.6400,0.000011
FILLER_7_186,VGND,li1,91.7700,32.6400,0.000011
FILLER_7_183,VGND,li1,90.3900,32.6400,0.000011
FILLER_7_175,VGND,li1,86.2500,32.6400,0.000013
FILLER_7_172,VGND,li1,85.3300,32.6400,0.000013
FILLER_7_169,VGND,li1,83.9500,32.6400,0.000014
FILLER_7_167,VGND,li1,82.5700,32.6400,0.000014
FILLER_7_164,VGND,li1,81.6500,32.6400,0.000015
FILLER_7_161,VGND,li1,80.2700,32.6400,0.000016
FILLER_7_158,VGND,li1,78.8900,32.6400,0.000016
FILLER_7_155,VGND,li1,77.5100,32.6400,0.000016
FILLER_7_131,VGND,li1,66.4700,32.6400,0.000019
FILLER_7_128,VGND,li1,65.0900,32.6400,0.000020
FILLER_7_125,VGND,li1,63.7100,32.6400,0.000020
FILLER_7_122,VGND,li1,62.3300,32.6400,0.000021
FILLER_7_119,VGND,li1,60.9500,32.6400,0.000021
FILLER_7_116,VGND,li1,59.5700,32.6400,0.000021
FILLER_7_113,VGND,li1,58.1900,32.6400,0.000022
FILLER_7_91,VGND,li1,47.6100,32.6400,0.000019
FILLER_7_88,VGND,li1,46.6900,32.6400,0.000019
FILLER_7_85,VGND,li1,45.3100,32.6400,0.000017
FILLER_7_82,VGND,li1,43.9300,32.6400,0.000017
FILLER_7_79,VGND,li1,42.5500,32.6400,0.000017
FILLER_7_76,VGND,li1,41.1700,32.6400,0.000016
FILLER_7_73,VGND,li1,39.7900,32.6400,0.000016
FILLER_7_70,VGND,li1,38.4100,32.6400,0.000015
FILLER_7_67,VGND,li1,37.0300,32.6400,0.000014
FILLER_7_64,VGND,li1,35.6500,32.6400,0.000014
FILLER_7_55,VGND,li1,31.0500,32.6400,0.000011
FILLER_7_52,VGND,li1,30.1300,32.6400,0.000011
FILLER_7_49,VGND,li1,28.7500,32.6400,0.000010
FILLER_7_46,VGND,li1,27.3700,32.6400,0.000010
FILLER_7_43,VGND,li1,25.9900,32.6400,0.000009
FILLER_7_40,VGND,li1,24.6100,32.6400,0.000008
FILLER_7_37,VGND,li1,23.2300,32.6400,0.000008
FILLER_7_34,VGND,li1,21.8500,32.6400,0.000007
FILLER_7_12,VGND,li1,11.5000,32.6400,0.000004
FILLER_7_9,VGND,li1,10.3500,32.6400,0.000004
FILLER_7_6,VGND,li1,8.9700,32.6400,0.000004
FILLER_7_3,VGND,li1,7.5900,32.6400,0.000004
FILLER_6_318,VGND,li1,152.2600,27.2000,0.000010
FILLER_6_315,VGND,li1,151.1100,27.2000,0.000010
FILLER_6_312,VGND,li1,149.7300,27.2000,0.000010
FILLER_6_309,VGND,li1,148.3500,27.2000,0.000010
FILLER_6_305,VGND,li1,146.5100,27.2000,0.000010
FILLER_6_297,VGND,li1,142.3700,27.2000,0.000010
FILLER_6_294,VGND,li1,141.4500,27.2000,0.000010
FILLER_6_291,VGND,li1,140.0700,27.2000,0.000009
FILLER_6_288,VGND,li1,138.6900,27.2000,0.000009
FILLER_6_285,VGND,li1,137.3100,27.2000,0.000009
FILLER_6_282,VGND,li1,135.9300,27.2000,0.000009
FILLER_6_250,VGND,li1,120.9800,27.2000,0.000006
FILLER_6_247,VGND,li1,119.8300,27.2000,0.000006
FILLER_6_244,VGND,li1,118.4500,27.2000,0.000006
FILLER_6_241,VGND,li1,117.0700,27.2000,0.000005
FILLER_6_238,VGND,li1,115.6900,27.2000,0.000005
FILLER_6_235,VGND,li1,114.3100,27.2000,0.000005
FILLER_6_232,VGND,li1,112.9300,27.2000,0.000004
FILLER_6_229,VGND,li1,111.5500,27.2000,0.000004
FILLER_6_215,VGND,li1,104.8800,27.2000,0.000003
FILLER_6_212,VGND,li1,103.7300,27.2000,0.000003
FILLER_6_209,VGND,li1,102.3500,27.2000,0.000003
FILLER_6_206,VGND,li1,100.9700,27.2000,0.000004
FILLER_6_203,VGND,li1,99.5900,27.2000,0.000004
FILLER_6_200,VGND,li1,98.2100,27.2000,0.000004
FILLER_6_197,VGND,li1,96.8300,27.2000,0.000005
FILLER_6_195,VGND,li1,95.4500,27.2000,0.000005
FILLER_6_192,VGND,li1,94.5300,27.2000,0.000005
FILLER_6_173,VGND,li1,85.7900,27.2000,0.000007
FILLER_6_170,VGND,li1,84.4100,27.2000,0.000007
FILLER_6_167,VGND,li1,83.0300,27.2000,0.000008
FILLER_6_164,VGND,li1,81.6500,27.2000,0.000008
FILLER_6_161,VGND,li1,80.2700,27.2000,0.000008
FILLER_6_158,VGND,li1,78.8900,27.2000,0.000008
FILLER_6_155,VGND,li1,77.5100,27.2000,0.000008
FILLER_6_152,VGND,li1,76.1300,27.2000,0.000008
FILLER_6_149,VGND,li1,74.7500,27.2000,0.000009
FILLER_6_146,VGND,li1,73.3700,27.2000,0.000009
FILLER_6_137,VGND,li1,69.2300,27.2000,0.000009
FILLER_6_134,VGND,li1,67.8500,27.2000,0.000009
FILLER_6_131,VGND,li1,66.4700,27.2000,0.000009
FILLER_6_128,VGND,li1,65.0900,27.2000,0.000009
FILLER_6_125,VGND,li1,63.7100,27.2000,0.000009
FILLER_6_122,VGND,li1,62.3300,27.2000,0.000009
FILLER_6_119,VGND,li1,60.9500,27.2000,0.000009
FILLER_6_116,VGND,li1,59.5700,27.2000,0.000009
FILLER_6_113,VGND,li1,58.1900,27.2000,0.000009
FILLER_6_110,VGND,li1,56.8100,27.2000,0.000009
FILLER_6_107,VGND,li1,55.4300,27.2000,0.000009
FILLER_6_85,VGND,li1,44.8500,27.2000,0.000008
FILLER_6_81,VGND,li1,43.4700,27.2000,0.000007
FILLER_6_78,VGND,li1,42.0900,27.2000,0.000007
FILLER_6_75,VGND,li1,40.7100,27.2000,0.000007
FILLER_6_72,VGND,li1,39.3300,27.2000,0.000006
FILLER_6_69,VGND,li1,37.9500,27.2000,0.000006
FILLER_6_66,VGND,li1,36.5700,27.2000,0.000006
FILLER_6_63,VGND,li1,35.1900,27.2000,0.000005
FILLER_6_60,VGND,li1,33.8100,27.2000,0.000005
FILLER_6_53,VGND,li1,30.1300,27.2000,0.000004
FILLER_6_50,VGND,li1,29.2100,27.2000,0.000004
FILLER_6_47,VGND,li1,27.8300,27.2000,0.000004
FILLER_6_44,VGND,li1,26.4500,27.2000,0.000004
FILLER_6_41,VGND,li1,25.0700,27.2000,0.000004
FILLER_6_38,VGND,li1,23.6900,27.2000,0.000003
FILLER_6_35,VGND,li1,22.3100,27.2000,0.000003
FILLER_6_32,VGND,li1,20.9300,27.2000,0.000003
FILLER_6_29,VGND,li1,19.5500,27.2000,0.000002
FILLER_6_27,VGND,li1,18.1700,27.2000,0.000002
FILLER_6_24,VGND,li1,17.2500,27.2000,0.000002
FILLER_6_9,VGND,li1,10.3500,27.2000,0.000001
FILLER_6_6,VGND,li1,8.9700,27.2000,0.000001
FILLER_6_3,VGND,li1,7.5900,27.2000,0.000001
FILLER_5_298,VGND,li1,142.8300,27.2000,0.000010
FILLER_5_295,VGND,li1,141.9100,27.2000,0.000010
FILLER_5_287,VGND,li1,137.7700,27.2000,0.000009
FILLER_5_284,VGND,li1,136.8500,27.2000,0.000009
FILLER_5_281,VGND,li1,135.4700,27.2000,0.000009
FILLER_5_277,VGND,li1,133.6300,27.2000,0.000009
FILLER_5_274,VGND,li1,132.2500,27.2000,0.000008
FILLER_5_271,VGND,li1,130.8700,27.2000,0.000008
FILLER_5_268,VGND,li1,129.4900,27.2000,0.000008
FILLER_5_265,VGND,li1,128.1100,27.2000,0.000008
FILLER_5_246,VGND,li1,118.9100,27.2000,0.000006
FILLER_5_243,VGND,li1,117.9900,27.2000,0.000006
FILLER_5_240,VGND,li1,116.6100,27.2000,0.000005
FILLER_5_237,VGND,li1,115.2300,27.2000,0.000005
FILLER_5_234,VGND,li1,113.8500,27.2000,0.000005
FILLER_5_231,VGND,li1,112.4700,27.2000,0.000004
FILLER_5_205,VGND,li1,100.2800,27.2000,0.000004
FILLER_5_202,VGND,li1,99.1300,27.2000,0.000004
FILLER_5_199,VGND,li1,97.7500,27.2000,0.000005
FILLER_5_196,VGND,li1,96.3700,27.2000,0.000005
FILLER_5_193,VGND,li1,94.9900,27.2000,0.000005
FILLER_5_169,VGND,li1,83.9500,27.2000,0.000007
FILLER_5_167,VGND,li1,82.5700,27.2000,0.000008
FILLER_5_164,VGND,li1,81.6500,27.2000,0.000008
FILLER_5_161,VGND,li1,80.2700,27.2000,0.000008
FILLER_5_158,VGND,li1,78.8900,27.2000,0.000008
FILLER_5_155,VGND,li1,77.5100,27.2000,0.000008
FILLER_5_152,VGND,li1,76.1300,27.2000,0.000008
FILLER_5_128,VGND,li1,65.0900,27.2000,0.000009
FILLER_5_125,VGND,li1,63.7100,27.2000,0.000009
FILLER_5_122,VGND,li1,62.3300,27.2000,0.000009
FILLER_5_119,VGND,li1,60.9500,27.2000,0.000009
FILLER_5_116,VGND,li1,59.5700,27.2000,0.000009
FILLER_5_113,VGND,li1,58.1900,27.2000,0.000009
FILLER_5_83,VGND,li1,43.9300,27.2000,0.000008
FILLER_5_80,VGND,li1,43.0100,27.2000,0.000007
FILLER_5_77,VGND,li1,41.6300,27.2000,0.000007
FILLER_5_74,VGND,li1,40.2500,27.2000,0.000007
FILLER_5_71,VGND,li1,38.8700,27.2000,0.000006
FILLER_5_68,VGND,li1,37.4900,27.2000,0.000006
FILLER_5_65,VGND,li1,36.1100,27.2000,0.000006
FILLER_5_57,VGND,li1,31.9700,27.2000,0.000005
FILLER_5_46,VGND,li1,27.3700,27.2000,0.000004
FILLER_5_43,VGND,li1,25.9900,27.2000,0.000004
FILLER_5_40,VGND,li1,24.6100,27.2000,0.000003
FILLER_5_37,VGND,li1,23.2300,27.2000,0.000003
FILLER_5_34,VGND,li1,21.8500,27.2000,0.000003
FILLER_5_31,VGND,li1,20.4700,27.2000,0.000002
FILLER_5_28,VGND,li1,19.0900,27.2000,0.000002
FILLER_5_25,VGND,li1,17.7100,27.2000,0.000002
FILLER_5_12,VGND,li1,11.5000,27.2000,0.000001
FILLER_5_9,VGND,li1,10.3500,27.2000,0.000001
FILLER_5_6,VGND,li1,8.9700,27.2000,0.000001
FILLER_5_3,VGND,li1,7.5900,27.2000,0.000001
FILLER_4_319,VGND,li1,152.4900,21.7600,0.000007
FILLER_4_316,VGND,li1,151.5700,21.7600,0.000007
FILLER_4_306,VGND,li1,146.7400,21.7600,0.000007
FILLER_4_277,VGND,li1,133.6300,21.7600,0.000006
FILLER_4_274,VGND,li1,132.2500,21.7600,0.000006
FILLER_4_271,VGND,li1,130.8700,21.7600,0.000006
FILLER_4_253,VGND,li1,122.3600,21.7600,0.000005
FILLER_4_244,VGND,li1,118.4500,21.7600,0.000004
FILLER_4_241,VGND,li1,117.0700,21.7600,0.000004
FILLER_4_238,VGND,li1,115.6900,21.7600,0.000004
FILLER_4_235,VGND,li1,114.3100,21.7600,0.000004
FILLER_4_232,VGND,li1,112.9300,21.7600,0.000004
FILLER_4_209,VGND,li1,102.1200,21.7600,0.000003
FILLER_4_206,VGND,li1,100.9700,21.7600,0.000004
FILLER_4_203,VGND,li1,99.5900,21.7600,0.000004
FILLER_4_200,VGND,li1,98.2100,21.7600,0.000004
FILLER_4_197,VGND,li1,96.8300,21.7600,0.000004
FILLER_4_195,VGND,li1,95.4500,21.7600,0.000005
FILLER_4_192,VGND,li1,94.5300,21.7600,0.000005
FILLER_4_166,VGND,li1,82.3400,21.7600,0.000007
FILLER_4_163,VGND,li1,81.1900,21.7600,0.000007
FILLER_4_160,VGND,li1,79.8100,21.7600,0.000007
FILLER_4_157,VGND,li1,78.4300,21.7600,0.000007
FILLER_4_125,VGND,li1,63.7100,21.7600,0.000008
FILLER_4_122,VGND,li1,62.3300,21.7600,0.000008
FILLER_4_119,VGND,li1,60.9500,21.7600,0.000008
FILLER_4_85,VGND,li1,45.3100,21.7600,0.000007
FILLER_4_83,VGND,li1,43.9300,21.7600,0.000007
FILLER_4_80,VGND,li1,43.0100,21.7600,0.000007
FILLER_4_77,VGND,li1,41.6300,21.7600,0.000007
FILLER_4_74,VGND,li1,40.2500,21.7600,0.000007
FILLER_4_47,VGND,li1,27.3700,21.7600,0.000005
FILLER_4_44,VGND,li1,26.4500,21.7600,0.000005
FILLER_4_41,VGND,li1,25.0700,21.7600,0.000004
FILLER_4_38,VGND,li1,23.6900,21.7600,0.000004
FILLER_4_35,VGND,li1,22.3100,21.7600,0.000004
FILLER_4_32,VGND,li1,20.9300,21.7600,0.000003
FILLER_4_29,VGND,li1,19.5500,21.7600,0.000003
FILLER_4_6,VGND,li1,8.5100,21.7600,0.000002
FILLER_4_3,VGND,li1,7.5900,21.7600,0.000002
FILLER_3_317,VGND,li1,152.0300,21.7600,0.000007
FILLER_3_314,VGND,li1,150.6500,21.7600,0.000007
FILLER_3_311,VGND,li1,149.2700,21.7600,0.000007
FILLER_3_274,VGND,li1,131.7900,21.7600,0.000006
FILLER_3_271,VGND,li1,130.8700,21.7600,0.000006
FILLER_3_242,VGND,li1,117.3000,21.7600,0.000004
FILLER_3_239,VGND,li1,116.1500,21.7600,0.000004
FILLER_3_236,VGND,li1,114.7700,21.7600,0.000004
FILLER_3_199,VGND,li1,97.2900,21.7600,0.000004
FILLER_3_169,VGND,li1,83.7200,21.7600,0.000007
FILLER_3_165,VGND,li1,82.1100,21.7600,0.000007
FILLER_3_121,VGND,li1,61.8700,21.7600,0.000008
FILLER_3_118,VGND,li1,60.4900,21.7600,0.000008
FILLER_3_87,VGND,li1,46.0000,21.7600,0.000007
FILLER_3_84,VGND,li1,44.8500,21.7600,0.000007
FILLER_3_81,VGND,li1,43.4700,21.7600,0.000007
FILLER_3_78,VGND,li1,42.0900,21.7600,0.000007
FILLER_3_33,VGND,li1,21.3900,21.7600,0.000004
FILLER_3_30,VGND,li1,20.0100,21.7600,0.000003
FILLER_3_27,VGND,li1,18.6300,21.7600,0.000003
FILLER_3_24,VGND,li1,17.2500,21.7600,0.000003
FILLER_3_15,VGND,li1,12.8800,21.7600,0.000002
FILLER_3_12,VGND,li1,11.7300,21.7600,0.000002
FILLER_3_9,VGND,li1,10.3500,21.7600,0.000002
FILLER_3_6,VGND,li1,8.9700,21.7600,0.000002
FILLER_3_3,VGND,li1,7.5900,21.7600,0.000002
FILLER_2_318,VGND,li1,152.2600,16.3200,0.000014
FILLER_2_315,VGND,li1,151.1100,16.3200,0.000014
FILLER_2_312,VGND,li1,149.7300,16.3200,0.000014
FILLER_2_309,VGND,li1,148.3500,16.3200,0.000014
FILLER_2_305,VGND,li1,146.5100,16.3200,0.000014
FILLER_2_302,VGND,li1,145.1300,16.3200,0.000014
FILLER_2_277,VGND,li1,133.1700,16.3200,0.000013
FILLER_2_274,VGND,li1,132.2500,16.3200,0.000013
FILLER_2_243,VGND,li1,117.7600,16.3200,0.000010
FILLER_2_240,VGND,li1,116.6100,16.3200,0.000010
FILLER_2_237,VGND,li1,115.2300,16.3200,0.000009
FILLER_2_234,VGND,li1,113.8500,16.3200,0.000009
FILLER_2_231,VGND,li1,112.4700,16.3200,0.000008
FILLER_2_207,VGND,li1,101.4300,16.3200,0.000005
FILLER_2_197,VGND,li1,96.6000,16.3200,0.000007
FILLER_2_194,VGND,li1,95.2200,16.3200,0.000007
FILLER_2_191,VGND,li1,94.0700,16.3200,0.000007
FILLER_2_163,VGND,li1,80.9600,16.3200,0.000010
FILLER_2_160,VGND,li1,79.8100,16.3200,0.000010
FILLER_2_157,VGND,li1,78.4300,16.3200,0.000010
FILLER_2_154,VGND,li1,77.0500,16.3200,0.000010
FILLER_2_131,VGND,li1,66.2400,16.3200,0.000011
FILLER_2_128,VGND,li1,65.0900,16.3200,0.000011
FILLER_2_125,VGND,li1,63.7100,16.3200,0.000011
FILLER_2_122,VGND,li1,62.3300,16.3200,0.000011
FILLER_2_119,VGND,li1,60.9500,16.3200,0.000012
FILLER_2_85,VGND,li1,45.0800,16.3200,0.000010
FILLER_2_81,VGND,li1,43.4700,16.3200,0.000010
FILLER_2_78,VGND,li1,42.0900,16.3200,0.000010
FILLER_2_75,VGND,li1,40.7100,16.3200,0.000009
FILLER_2_47,VGND,li1,27.3700,16.3200,0.000006
FILLER_2_44,VGND,li1,26.4500,16.3200,0.000005
FILLER_2_41,VGND,li1,25.0700,16.3200,0.000005
FILLER_2_38,VGND,li1,23.6900,16.3200,0.000005
FILLER_2_35,VGND,li1,22.3100,16.3200,0.000004
FILLER_2_32,VGND,li1,20.9300,16.3200,0.000003
FILLER_2_29,VGND,li1,19.5500,16.3200,0.000003
FILLER_2_27,VGND,li1,18.1700,16.3200,0.000003
FILLER_2_21,VGND,li1,15.6400,16.3200,0.000002
FILLER_2_18,VGND,li1,14.4900,16.3200,0.000002
FILLER_2_15,VGND,li1,13.1100,16.3200,0.000002
FILLER_2_12,VGND,li1,11.7300,16.3200,0.000002
FILLER_2_9,VGND,li1,10.3500,16.3200,0.000002
FILLER_2_6,VGND,li1,8.9700,16.3200,0.000002
FILLER_2_3,VGND,li1,7.5900,16.3200,0.000002
FILLER_1_317,VGND,li1,152.0300,16.3200,0.000014
FILLER_1_314,VGND,li1,150.6500,16.3200,0.000014
FILLER_1_311,VGND,li1,149.2700,16.3200,0.000014
FILLER_1_308,VGND,li1,147.8900,16.3200,0.000014
FILLER_1_305,VGND,li1,146.5100,16.3200,0.000014
FILLER_1_302,VGND,li1,145.1300,16.3200,0.000014
FILLER_1_299,VGND,li1,143.7500,16.3200,0.000014
FILLER_1_296,VGND,li1,142.3700,16.3200,0.000014
FILLER_1_284,VGND,li1,136.6200,16.3200,0.000014
FILLER_1_281,VGND,li1,135.4700,16.3200,0.000014
FILLER_1_278,VGND,li1,133.8600,16.3200,0.000013
FILLER_1_275,VGND,li1,132.7100,16.3200,0.000013
FILLER_1_272,VGND,li1,131.3300,16.3200,0.000013
FILLER_1_269,VGND,li1,129.9500,16.3200,0.000013
FILLER_1_266,VGND,li1,128.5700,16.3200,0.000013
FILLER_1_242,VGND,li1,117.5300,16.3200,0.000010
FILLER_1_239,VGND,li1,116.1500,16.3200,0.000010
FILLER_1_236,VGND,li1,114.7700,16.3200,0.000009
FILLER_1_233,VGND,li1,113.3900,16.3200,0.000008
FILLER_1_230,VGND,li1,112.0100,16.3200,0.000008
FILLER_1_202,VGND,li1,98.6700,16.3200,0.000006
FILLER_1_196,VGND,li1,96.3700,16.3200,0.000007
FILLER_1_193,VGND,li1,94.9900,16.3200,0.000007
FILLER_1_190,VGND,li1,93.6100,16.3200,0.000008
FILLER_1_187,VGND,li1,92.2300,16.3200,0.000008
FILLER_1_172,VGND,li1,84.8700,16.3200,0.000009
FILLER_1_169,VGND,li1,83.9500,16.3200,0.000010
FILLER_1_167,VGND,li1,82.5700,16.3200,0.000010
FILLER_1_164,VGND,li1,81.6500,16.3200,0.000010
FILLER_1_161,VGND,li1,80.2700,16.3200,0.000010
FILLER_1_158,VGND,li1,78.8900,16.3200,0.000010
FILLER_1_155,VGND,li1,77.5100,16.3200,0.000010
FILLER_1_131,VGND,li1,66.4700,16.3200,0.000011
FILLER_1_128,VGND,li1,65.0900,16.3200,0.000011
FILLER_1_125,VGND,li1,63.7100,16.3200,0.000011
FILLER_1_122,VGND,li1,62.3300,16.3200,0.000011
FILLER_1_119,VGND,li1,60.9500,16.3200,0.000012
FILLER_1_116,VGND,li1,59.5700,16.3200,0.000012
FILLER_1_113,VGND,li1,58.1900,16.3200,0.000012
FILLER_1_110,VGND,li1,56.5800,16.3200,0.000012
FILLER_1_88,VGND,li1,46.2300,16.3200,0.000010
FILLER_1_85,VGND,li1,45.3100,16.3200,0.000010
FILLER_1_82,VGND,li1,43.9300,16.3200,0.000010
FILLER_1_79,VGND,li1,42.5500,16.3200,0.000010
FILLER_1_76,VGND,li1,41.1700,16.3200,0.000009
FILLER_1_73,VGND,li1,39.7900,16.3200,0.000009
FILLER_1_70,VGND,li1,38.4100,16.3200,0.000009
FILLER_1_67,VGND,li1,37.0300,16.3200,0.000009
FILLER_1_48,VGND,li1,27.8300,16.3200,0.000006
FILLER_1_45,VGND,li1,26.9100,16.3200,0.000005
FILLER_1_42,VGND,li1,25.5300,16.3200,0.000005
FILLER_1_39,VGND,li1,24.1500,16.3200,0.000005
FILLER_1_36,VGND,li1,22.7700,16.3200,0.000004
FILLER_1_33,VGND,li1,21.3900,16.3200,0.000004
FILLER_1_30,VGND,li1,20.0100,16.3200,0.000003
FILLER_1_27,VGND,li1,18.6300,16.3200,0.000003
FILLER_1_24,VGND,li1,17.2500,16.3200,0.000003
FILLER_1_21,VGND,li1,15.8700,16.3200,0.000002
FILLER_1_18,VGND,li1,14.4900,16.3200,0.000002
FILLER_1_15,VGND,li1,13.1100,16.3200,0.000002
FILLER_1_12,VGND,li1,11.7300,16.3200,0.000002
FILLER_1_9,VGND,li1,10.3500,16.3200,0.000002
FILLER_1_6,VGND,li1,8.9700,16.3200,0.000002
FILLER_1_3,VGND,li1,7.5900,16.3200,0.000002
FILLER_0_318,VGND,li1,152.2600,10.8800,0.000000
FILLER_0_315,VGND,li1,151.1100,10.8800,0.000000
FILLER_0_312,VGND,li1,149.7300,10.8800,0.000000
FILLER_0_309,VGND,li1,148.3500,10.8800,0.000000
FILLER_0_305,VGND,li1,146.5100,10.8800,0.000000
FILLER_0_302,VGND,li1,145.1300,10.8800,0.000000
FILLER_0_299,VGND,li1,143.7500,10.8800,0.000000
FILLER_0_290,VGND,li1,139.1500,10.8800,0.000000
FILLER_0_287,VGND,li1,138.2300,10.8800,0.000000
FILLER_0_284,VGND,li1,136.8500,10.8800,0.000000
FILLER_0_281,VGND,li1,135.4700,10.8800,0.000000
FILLER_0_277,VGND,li1,133.6300,10.8800,0.000000
FILLER_0_274,VGND,li1,132.2500,10.8800,0.000000
FILLER_0_271,VGND,li1,130.8700,10.8800,0.000000
FILLER_0_268,VGND,li1,129.4900,10.8800,0.000000
FILLER_0_265,VGND,li1,128.1100,10.8800,0.000000
FILLER_0_262,VGND,li1,126.7300,10.8800,0.000000
FILLER_0_259,VGND,li1,125.3500,10.8800,0.000000
FILLER_0_256,VGND,li1,123.9700,10.8800,0.000000
FILLER_0_253,VGND,li1,122.5900,10.8800,0.000000
FILLER_0_249,VGND,li1,120.7500,10.8800,0.000000
FILLER_0_246,VGND,li1,119.3700,10.8800,0.000000
FILLER_0_243,VGND,li1,117.9900,10.8800,0.000000
FILLER_0_240,VGND,li1,116.6100,10.8800,0.000000
FILLER_0_237,VGND,li1,115.2300,10.8800,0.000000
FILLER_0_234,VGND,li1,113.8500,10.8800,0.000000
FILLER_0_231,VGND,li1,112.4700,10.8800,0.000000
FILLER_0_228,VGND,li1,111.0900,10.8800,0.000000
FILLER_0_225,VGND,li1,109.7100,10.8800,0.000000
FILLER_0_223,VGND,li1,108.3300,10.8800,0.000000
FILLER_0_220,VGND,li1,107.4100,10.8800,0.000000
FILLER_0_203,VGND,li1,99.3600,10.8800,0.000000
FILLER_0_200,VGND,li1,98.2100,10.8800,0.000000
FILLER_0_197,VGND,li1,96.8300,10.8800,0.000000
FILLER_0_193,VGND,li1,94.9900,10.8800,0.000000
FILLER_0_190,VGND,li1,93.6100,10.8800,0.000000
FILLER_0_187,VGND,li1,92.2300,10.8800,0.000000
FILLER_0_184,VGND,li1,90.8500,10.8800,0.000000
FILLER_0_181,VGND,li1,89.4700,10.8800,0.000000
FILLER_0_178,VGND,li1,88.0900,10.8800,0.000000
FILLER_0_175,VGND,li1,86.7100,10.8800,0.000000
FILLER_0_172,VGND,li1,85.3300,10.8800,0.000000
FILLER_0_169,VGND,li1,83.9500,10.8800,0.000000
FILLER_0_165,VGND,li1,82.1100,10.8800,0.000000
FILLER_0_162,VGND,li1,80.7300,10.8800,0.000000
FILLER_0_159,VGND,li1,79.3500,10.8800,0.000000
FILLER_0_156,VGND,li1,77.9700,10.8800,0.000000
FILLER_0_153,VGND,li1,76.5900,10.8800,0.000000
FILLER_0_150,VGND,li1,75.2100,10.8800,0.000000
FILLER_0_147,VGND,li1,73.8300,10.8800,0.000000
FILLER_0_144,VGND,li1,72.4500,10.8800,0.000000
FILLER_0_141,VGND,li1,71.0700,10.8800,0.000000
FILLER_0_139,VGND,li1,69.6900,10.8800,0.000000
FILLER_0_136,VGND,li1,68.7700,10.8800,0.000000
FILLER_0_133,VGND,li1,67.3900,10.8800,0.000000
FILLER_0_130,VGND,li1,66.0100,10.8800,0.000000
FILLER_0_127,VGND,li1,64.6300,10.8800,0.000000
FILLER_0_116,VGND,li1,59.5700,10.8800,0.000000
FILLER_0_113,VGND,li1,58.1900,10.8800,0.000000
FILLER_0_111,VGND,li1,56.8100,10.8800,0.000000
FILLER_0_108,VGND,li1,55.8900,10.8800,0.000000
FILLER_0_105,VGND,li1,54.5100,10.8800,0.000000
FILLER_0_91,VGND,li1,47.6100,10.8800,0.000000
FILLER_0_88,VGND,li1,46.6900,10.8800,0.000000
FILLER_0_85,VGND,li1,45.3100,10.8800,0.000000
FILLER_0_83,VGND,li1,43.9300,10.8800,0.000000
FILLER_0_80,VGND,li1,43.0100,10.8800,0.000000
FILLER_0_77,VGND,li1,41.6300,10.8800,0.000000
FILLER_0_74,VGND,li1,40.2500,10.8800,0.000000
FILLER_0_71,VGND,li1,38.8700,10.8800,0.000000
FILLER_0_68,VGND,li1,37.4900,10.8800,0.000000
FILLER_0_65,VGND,li1,36.1100,10.8800,0.000000
FILLER_0_62,VGND,li1,34.7300,10.8800,0.000000
FILLER_0_53,VGND,li1,30.5900,10.8800,0.000000
FILLER_0_50,VGND,li1,29.2100,10.8800,0.000000
FILLER_0_47,VGND,li1,27.8300,10.8800,0.000000
FILLER_0_44,VGND,li1,26.4500,10.8800,0.000000
FILLER_0_41,VGND,li1,25.0700,10.8800,0.000000
FILLER_0_32,VGND,li1,20.4700,10.8800,0.000000
FILLER_0_29,VGND,li1,19.5500,10.8800,0.000000
FILLER_0_27,VGND,li1,18.1700,10.8800,0.000000
FILLER_0_24,VGND,li1,17.2500,10.8800,0.000000
FILLER_0_21,VGND,li1,15.8700,10.8800,0.000000
FILLER_0_18,VGND,li1,14.4900,10.8800,0.000000
FILLER_0_15,VGND,li1,13.1100,10.8800,0.000000
FILLER_0_12,VGND,li1,11.7300,10.8800,0.000000
FILLER_0_9,VGND,li1,10.3500,10.8800,0.000000
FILLER_0_6,VGND,li1,8.9700,10.8800,0.000000
FILLER_0_3,VGND,li1,7.5900,10.8800,0.000000
hold203,VGND,li1,62.5600,76.1600,0.000013
hold202,VGND,li1,144.4400,81.6000,0.000019
hold201,VGND,li1,79.5800,70.7200,0.000020
hold200,VGND,li1,51.9800,152.3200,0.000006
hold199,VGND,li1,37.2600,125.1200,0.000024
hold198,VGND,li1,77.7400,125.1200,0.000020
hold197,VGND,li1,112.2400,130.5600,0.000013
hold196,VGND,li1,93.8400,146.8800,0.000010
hold195,VGND,li1,149.5000,81.6000,0.000019
hold194,VGND,li1,20.7000,130.5600,0.000005
hold193,VGND,li1,16.5600,59.8400,0.000005
hold192,VGND,li1,11.5000,103.3600,0.000008
hold191,VGND,li1,110.8600,152.3200,0.000004
hold190,VGND,li1,21.6200,70.7200,0.000016
hold189,VGND,li1,96.6000,152.3200,0.000004
hold188,VGND,li1,16.5600,114.2400,0.000006
hold187,VGND,li1,28.5200,70.7200,0.000023
hold186,VGND,li1,133.4000,43.5200,0.000033
hold185,VGND,li1,21.1600,81.6000,0.000006
hold184,VGND,li1,83.7200,130.5600,0.000013
hold183,VGND,li1,105.3400,108.8000,0.000007
hold182,VGND,li1,97.9800,108.8000,0.000013
hold181,VGND,li1,67.1600,157.7600,0.000000
hold180,VGND,li1,13.8000,136.0000,0.000006
hold179,VGND,li1,119.6000,103.3600,0.000024
hold178,VGND,li1,119.6000,108.8000,0.000011
hold177,VGND,li1,97.9800,125.1200,0.000011
hold176,VGND,li1,22.0800,97.9200,0.000005
hold175,VGND,li1,150.8800,97.9200,0.000035
hold174,VGND,li1,20.7000,54.4000,0.000005
hold173,VGND,li1,65.7800,130.5600,0.000015
hold172,VGND,li1,15.6400,92.4800,0.000003
hold171,VGND,li1,28.9800,81.6000,0.000010
hold170,VGND,li1,92.4600,141.4400,0.000005
hold169,VGND,li1,55.2000,152.3200,0.000006
hold168,VGND,li1,85.1000,146.8800,0.000012
hold167,VGND,li1,149.5000,87.0400,0.000010
hold166,VGND,li1,12.8800,114.2400,0.000006
hold165,VGND,li1,85.1000,92.4800,0.000012
hold164,VGND,li1,73.1400,59.8400,0.000026
hold163,VGND,li1,149.5000,114.2400,0.000027
hold162,VGND,li1,140.7600,108.8000,0.000012
hold161,VGND,li1,62.1000,81.6000,0.000027
hold160,VGND,li1,129.7200,92.4800,0.000011
hold159,VGND,li1,150.8800,119.6800,0.000030
hold158,VGND,li1,108.1000,65.2800,0.000017
hold157,VGND,li1,133.4000,38.0800,0.000038
hold156,VGND,li1,93.8400,59.8400,0.000020
hold155,VGND,li1,110.8600,76.1600,0.000014
hold154,VGND,li1,110.8600,38.0800,0.000020
hold153,VGND,li1,51.5200,65.2800,0.000051
hold152,VGND,li1,145.3600,125.1200,0.000032
hold151,VGND,li1,125.5800,92.4800,0.000011
hold150,VGND,li1,110.8600,136.0000,0.000024
hold149,VGND,li1,113.6200,114.2400,0.000018
hold148,VGND,li1,99.8200,92.4800,0.000007
hold147,VGND,li1,93.8400,92.4800,0.000009
hold146,VGND,li1,112.7000,146.8800,0.000010
hold145,VGND,li1,126.9600,32.6400,0.000013
hold144,VGND,li1,133.4000,114.2400,0.000026
hold143,VGND,li1,37.7200,141.4400,0.000005
hold142,VGND,li1,91.5400,48.9600,0.000006
hold141,VGND,li1,55.6600,21.7600,0.000008
hold140,VGND,li1,101.6600,103.3600,0.000015
hold139,VGND,li1,110.8600,108.8000,0.000009
hold138,VGND,li1,79.5800,114.2400,0.000037
hold137,VGND,li1,85.5600,65.2800,0.000042
hold136,VGND,li1,76.8200,59.8400,0.000026
hold135,VGND,li1,140.3000,81.6000,0.000019
hold134,VGND,li1,142.6000,152.3200,0.000008
hold133,VGND,li1,132.0200,141.4400,0.000009
hold132,VGND,li1,119.6000,141.4400,0.000007
hold131,VGND,li1,141.6800,152.3200,0.000008
hold130,VGND,li1,149.5000,136.0000,0.000039
hold129,VGND,li1,150.4200,146.8800,0.000020
hold128,VGND,li1,91.5400,97.9200,0.000011
hold127,VGND,li1,119.6000,146.8800,0.000014
hold126,VGND,li1,77.2800,92.4800,0.000015
hold125,VGND,li1,104.8800,70.7200,0.000006
hold124,VGND,li1,65.3200,114.2400,0.000038
hold123,VGND,li1,127.4200,152.3200,0.000007
hold122,VGND,li1,92.9200,108.8000,0.000016
hold121,VGND,li1,132.4800,157.7600,0.000000
hold120,VGND,li1,132.4800,152.3200,0.000007
hold119,VGND,li1,40.0200,119.6800,0.000019
hold118,VGND,li1,66.7000,119.6800,0.000018
hold117,VGND,li1,111.7800,92.4800,0.000007
hold116,VGND,li1,81.8800,87.0400,0.000005
hold115,VGND,li1,150.4200,103.3600,0.000031
hold114,VGND,li1,117.7600,125.1200,0.000017
hold113,VGND,li1,38.6400,119.6800,0.000018
hold112,VGND,li1,34.5000,97.9200,0.000008
hold111,VGND,li1,33.5800,103.3600,0.000025
hold110,VGND,li1,72.2200,114.2400,0.000038
hold109,VGND,li1,91.5400,103.3600,0.000025
hold108,VGND,li1,106.7200,59.8400,0.000013
hold107,VGND,li1,110.4000,59.8400,0.000017
hold106,VGND,li1,63.4800,92.4800,0.000016
hold105,VGND,li1,71.3000,92.4800,0.000015
hold104,VGND,li1,46.9200,81.6000,0.000019
hold103,VGND,li1,54.2800,114.2400,0.000035
hold102,VGND,li1,62.5600,97.9200,0.000012
hold101,VGND,li1,72.2200,97.9200,0.000012
hold100,VGND,li1,35.4200,119.6800,0.000018
hold99,VGND,li1,17.4800,48.9600,0.000007
hold98,VGND,li1,53.8200,141.4400,0.000006
hold97,VGND,li1,49.6800,114.2400,0.000032
hold96,VGND,li1,46.0000,76.1600,0.000013
hold95,VGND,li1,42.3200,81.6000,0.000017
hold94,VGND,li1,42.7800,87.0400,0.000005
hold93,VGND,li1,42.3200,92.4800,0.000014
hold92,VGND,li1,29.4400,108.8000,0.000029
hold91,VGND,li1,47.8400,70.7200,0.000032
hold90,VGND,li1,51.9800,130.5600,0.000014
hold89,VGND,li1,55.2000,125.1200,0.000024
hold88,VGND,li1,16.5600,125.1200,0.000007
clkload6,VGND,li1,132.9400,103.3600,0.000029
clkload5,VGND,li1,110.4000,114.2400,0.000016
clkload4,VGND,li1,90.6200,59.8400,0.000022
clkload3,VGND,li1,114.0800,38.0800,0.000023
clkload2,VGND,li1,42.3200,103.3600,0.000029
clkload1,VGND,li1,68.5400,65.2800,0.000054
clkload0,VGND,li1,25.3000,38.0800,0.000015
clkbuf_5_31__f_clk,VGND,li1,132.4800,130.5600,0.000029
clkbuf_5_30__f_clk,VGND,li1,124.6600,136.0000,0.000036
clkbuf_5_29__f_clk,VGND,li1,136.6200,97.9200,0.000034
clkbuf_5_28__f_clk,VGND,li1,135.2400,125.1200,0.000031
clkbuf_5_27__f_clk,VGND,li1,106.2600,136.0000,0.000020
clkbuf_5_26__f_clk,VGND,li1,97.0600,136.0000,0.000025
clkbuf_5_25__f_clk,VGND,li1,113.1600,103.3600,0.000022
clkbuf_5_24__f_clk,VGND,li1,92.9200,103.3600,0.000025
clkbuf_5_23__f_clk,VGND,li1,142.6000,65.2800,0.000043
clkbuf_5_22__f_clk,VGND,li1,127.4200,76.1600,0.000030
clkbuf_5_21__f_clk,VGND,li1,129.7200,43.5200,0.000032
clkbuf_5_20__f_clk,VGND,li1,126.5000,38.0800,0.000036
clkbuf_5_19__f_clk,VGND,li1,109.9400,81.6000,0.000015
clkbuf_5_18__f_clk,VGND,li1,96.1400,65.2800,0.000032
clkbuf_5_17__f_clk,VGND,li1,108.5600,32.6400,0.000010
clkbuf_5_16__f_clk,VGND,li1,97.9800,43.5200,0.000017
clkbuf_5_15__f_clk,VGND,li1,62.5600,136.0000,0.000044
clkbuf_5_14__f_clk,VGND,li1,51.9800,136.0000,0.000042
clkbuf_5_13__f_clk,VGND,li1,79.5800,114.2400,0.000037
clkbuf_5_12__f_clk,VGND,li1,57.9600,103.3600,0.000035
clkbuf_5_11__f_clk,VGND,li1,37.2600,125.1200,0.000024
clkbuf_5_10__f_clk,VGND,li1,26.2200,119.6800,0.000016
clkbuf_5_9__f_clk,VGND,li1,42.3200,108.8000,0.000042
clkbuf_5_8__f_clk,VGND,li1,23.9200,103.3600,0.000019
clkbuf_5_7__f_clk,VGND,li1,74.9800,65.2800,0.000052
clkbuf_5_6__f_clk,VGND,li1,55.2000,65.2800,0.000054
clkbuf_5_5__f_clk,VGND,li1,64.8600,38.0800,0.000034
clkbuf_5_4__f_clk,VGND,li1,55.2000,32.6400,0.000022
clkbuf_5_3__f_clk,VGND,li1,49.2200,70.7200,0.000032
clkbuf_5_2__f_clk,VGND,li1,25.7600,70.7200,0.000021
clkbuf_5_1__f_clk,VGND,li1,36.3400,43.5200,0.000020
clkbuf_5_0__f_clk,VGND,li1,25.7600,48.9600,0.000013
clkbuf_4_15_0_clk,VGND,li1,124.4300,119.6800,0.000026
clkbuf_4_14_0_clk,VGND,li1,126.7300,114.2400,0.000025
clkbuf_4_13_0_clk,VGND,li1,101.4300,119.6800,0.000010
clkbuf_4_12_0_clk,VGND,li1,100.5100,114.2400,0.000019
clkbuf_4_11_0_clk,VGND,li1,127.6500,59.8400,0.000036
clkbuf_4_10_0_clk,VGND,li1,124.8900,59.8400,0.000034
clkbuf_4_9_0_clk,VGND,li1,102.3500,59.8400,0.000016
clkbuf_4_8_0_clk,VGND,li1,98.6700,54.4000,0.000011
clkbuf_4_7_0_clk,VGND,li1,54.5100,119.6800,0.000021
clkbuf_4_6_0_clk,VGND,li1,60.9500,114.2400,0.000038
clkbuf_4_5_0_clk,VGND,li1,39.7900,108.8000,0.000040
clkbuf_4_4_0_clk,VGND,li1,34.2700,108.8000,0.000036
clkbuf_4_3_0_clk,VGND,li1,60.0300,59.8400,0.000029
clkbuf_4_2_0_clk,VGND,li1,56.8100,48.9600,0.000017
clkbuf_4_1_0_clk,VGND,li1,34.2700,65.2800,0.000039
clkbuf_4_0_0_clk,VGND,li1,33.8100,65.2800,0.000039
clkbuf_0_clk,VGND,li1,84.1800,81.6000,0.000035
riscv_soc_top,VGND,li1,100.5100,157.7600,0.000000
fanout84,VGND,li1,136.6200,125.1200,0.000031
fanout83,VGND,li1,127.8800,125.1200,0.000024
fanout82,VGND,li1,23.0000,125.1200,0.000012
fanout81,VGND,li1,98.9000,125.1200,0.000011
fanout80,VGND,li1,117.3000,125.1200,0.000017
fanout79,VGND,li1,136.6200,119.6800,0.000029
fanout78,VGND,li1,116.8400,119.6800,0.000020
fanout77,VGND,li1,145.3600,119.6800,0.000030
fanout76,VGND,li1,123.7400,103.3600,0.000026
fanout75,VGND,li1,93.8400,130.5600,0.000011
fanout74,VGND,li1,95.2200,125.1200,0.000013
fanout73,VGND,li1,104.8800,114.2400,0.000012
fanout72,VGND,li1,90.1600,108.8000,0.000018
fanout71,VGND,li1,123.7400,70.7200,0.000010
fanout70,VGND,li1,135.2400,76.1600,0.000032
fanout69,VGND,li1,126.0400,70.7200,0.000011
fanout68,VGND,li1,149.0400,48.9600,0.000005
fanout67,VGND,li1,129.2600,48.9600,0.000005
fanout66,VGND,li1,89.7000,76.1600,0.000011
fanout65,VGND,li1,114.5400,76.1600,0.000016
fanout64,VGND,li1,87.8600,87.0400,0.000004
fanout63,VGND,li1,93.3800,43.5200,0.000018
fanout62,VGND,li1,24.3800,119.6800,0.000014
fanout61,VGND,li1,47.8400,130.5600,0.000013
fanout60,VGND,li1,51.5200,130.5600,0.000013
fanout59,VGND,li1,66.2400,136.0000,0.000041
fanout58,VGND,li1,75.9000,119.6800,0.000016
fanout57,VGND,li1,52.9000,119.6800,0.000021
fanout56,VGND,li1,23.0000,125.1200,0.000012
fanout55,VGND,li1,34.9600,119.6800,0.000018
fanout54,VGND,li1,20.7000,114.2400,0.000011
fanout53,VGND,li1,55.2000,81.6000,0.000023
fanout52,VGND,li1,57.0400,81.6000,0.000024
fanout51,VGND,li1,78.2000,43.5200,0.000020
fanout50,VGND,li1,55.2000,48.9600,0.000017
fanout49,VGND,li1,25.3000,81.6000,0.000008
fanout48,VGND,li1,46.4600,76.1600,0.000013
fanout47,VGND,li1,28.0600,81.6000,0.000010
fanout46,VGND,li1,16.5600,48.9600,0.000005
fanout45,VGND,li1,71.3000,87.0400,0.000005
fanout44,VGND,li1,50.6000,97.9200,0.000010
fanout43,VGND,li1,55.2000,97.9200,0.000011
fanout42,VGND,li1,53.3600,103.3600,0.000033
fanout41,VGND,li1,74.5200,54.4000,0.000014
fanout40,VGND,li1,72.2200,92.4800,0.000015
fanout39,VGND,li1,54.2800,97.9200,0.000010
fanout38,VGND,li1,123.7400,103.3600,0.000026
fanout37,VGND,li1,93.8400,108.8000,0.000016
fanout36,VGND,li1,55.2000,65.2800,0.000054
fanout35,VGND,li1,55.2000,32.6400,0.000022
fanout34,VGND,li1,41.8600,38.0800,0.000026
fanout33,VGND,li1,119.6000,70.7200,0.000010
fanout32,VGND,li1,124.2000,81.6000,0.000016
fanout31,VGND,li1,123.2800,43.5200,0.000026
fanout30,VGND,li1,133.4000,27.2000,0.000009
fanout29,VGND,li1,74.0600,43.5200,0.000021
fanout28,VGND,li1,97.9800,59.8400,0.000018
fanout27,VGND,li1,73.6000,48.9600,0.000012
fanout26,VGND,li1,74.0600,32.6400,0.000017
fanout25,VGND,li1,125.1200,141.4400,0.000008
fanout24,VGND,li1,132.0200,141.4400,0.000009
fanout23,VGND,li1,99.3600,146.8800,0.000008
fanout22,VGND,li1,93.8400,136.0000,0.000026
fanout21,VGND,li1,61.6400,152.3200,0.000007
fanout20,VGND,li1,41.4000,130.5600,0.000012
fanout19,VGND,li1,20.7000,136.0000,0.000013
fanout18,VGND,li1,31.7400,76.1600,0.000010
fanout17,VGND,li1,59.3400,59.8400,0.000029
fanout16,VGND,li1,51.5200,48.9600,0.000017
fanout15,VGND,li1,38.6400,65.2800,0.000041
fanout14,VGND,li1,28.5200,38.0800,0.000017
fanout13,VGND,li1,105.8000,48.9600,0.000002
fanout12,VGND,li1,87.4000,59.8400,0.000023
fanout11,VGND,li1,98.9000,16.3200,0.000006
fanout10,VGND,li1,130.6400,32.6400,0.000013
fanout9,VGND,li1,128.8000,54.4000,0.000011
fanout8,VGND,li1,123.2800,32.6400,0.000012
output7,VGND,li1,150.8800,130.5600,0.000029
output6,VGND,li1,141.2200,157.7600,0.000000
output5,VGND,li1,22.5400,10.8800,0.000000
output4,VGND,li1,62.1000,10.8800,0.000000
output3,VGND,li1,101.6600,10.8800,0.000000
output2,VGND,li1,141.2200,10.8800,0.000000
input1,VGND,li1,8.7400,130.5600,0.000003
_1055__87,VGND,li1,9.8900,125.1200,0.000005
riscv_soc_top_86,VGND,li1,21.3900,157.7600,0.000000
riscv_soc_top_85,VGND,li1,60.9500,157.7600,0.000000
TAP_TAPCELL_ROW_53_415,VGND,li1,147.4300,157.4680,0.000000
TAP_TAPCELL_ROW_53_414,VGND,li1,134.5500,157.4680,0.000000
TAP_TAPCELL_ROW_53_413,VGND,li1,121.6700,157.4680,0.000000
TAP_TAPCELL_ROW_53_412,VGND,li1,108.7900,157.4680,0.000000
TAP_TAPCELL_ROW_53_411,VGND,li1,95.9100,157.4680,0.000000
TAP_TAPCELL_ROW_53_410,VGND,li1,83.0300,157.4680,0.000000
TAP_TAPCELL_ROW_53_409,VGND,li1,70.1500,157.4680,0.000000
TAP_TAPCELL_ROW_53_408,VGND,li1,57.2700,157.4680,0.000000
TAP_TAPCELL_ROW_53_407,VGND,li1,44.3900,157.4680,0.000000
TAP_TAPCELL_ROW_53_406,VGND,li1,31.5100,157.4680,0.000000
TAP_TAPCELL_ROW_53_405,VGND,li1,18.6300,157.4680,0.000000
TAP_TAPCELL_ROW_52_404,VGND,li1,147.4300,152.6110,0.000008
TAP_TAPCELL_ROW_52_403,VGND,li1,121.6700,152.6110,0.000006
TAP_TAPCELL_ROW_52_402,VGND,li1,95.9100,152.6110,0.000004
TAP_TAPCELL_ROW_52_401,VGND,li1,70.1500,152.6110,0.000007
TAP_TAPCELL_ROW_52_400,VGND,li1,44.3900,152.6110,0.000006
TAP_TAPCELL_ROW_52_399,VGND,li1,18.6300,152.6110,0.000001
TAP_TAPCELL_ROW_51_398,VGND,li1,134.5500,152.0280,0.000008
TAP_TAPCELL_ROW_51_397,VGND,li1,108.7900,152.0280,0.000003
TAP_TAPCELL_ROW_51_396,VGND,li1,83.0300,152.0280,0.000006
TAP_TAPCELL_ROW_51_395,VGND,li1,57.2700,152.0280,0.000006
TAP_TAPCELL_ROW_51_394,VGND,li1,31.5100,152.0280,0.000004
TAP_TAPCELL_ROW_50_393,VGND,li1,147.4300,147.1710,0.000020
TAP_TAPCELL_ROW_50_392,VGND,li1,121.6700,147.1710,0.000014
TAP_TAPCELL_ROW_50_391,VGND,li1,95.9100,147.1710,0.000009
TAP_TAPCELL_ROW_50_390,VGND,li1,70.1500,147.1710,0.000015
TAP_TAPCELL_ROW_50_389,VGND,li1,44.3900,147.1710,0.000013
TAP_TAPCELL_ROW_50_388,VGND,li1,18.6300,147.1710,0.000003
TAP_TAPCELL_ROW_49_387,VGND,li1,134.5500,146.5880,0.000018
TAP_TAPCELL_ROW_49_386,VGND,li1,108.7900,146.5880,0.000009
TAP_TAPCELL_ROW_49_385,VGND,li1,83.0300,146.5880,0.000013
TAP_TAPCELL_ROW_49_384,VGND,li1,57.2700,146.5880,0.000015
TAP_TAPCELL_ROW_49_383,VGND,li1,31.5100,146.5880,0.000008
TAP_TAPCELL_ROW_48_382,VGND,li1,147.4300,141.7310,0.000010
TAP_TAPCELL_ROW_48_381,VGND,li1,121.6700,141.7310,0.000007
TAP_TAPCELL_ROW_48_380,VGND,li1,95.9100,141.7310,0.000005
TAP_TAPCELL_ROW_48_379,VGND,li1,70.1500,141.7310,0.000006
TAP_TAPCELL_ROW_48_378,VGND,li1,44.3900,141.7310,0.000005
TAP_TAPCELL_ROW_48_377,VGND,li1,18.6300,141.7310,0.000003
TAP_TAPCELL_ROW_47_376,VGND,li1,134.5500,141.1480,0.000009
TAP_TAPCELL_ROW_47_375,VGND,li1,108.7900,141.1480,0.000004
TAP_TAPCELL_ROW_47_374,VGND,li1,83.0300,141.1480,0.000006
TAP_TAPCELL_ROW_47_373,VGND,li1,57.2700,141.1480,0.000006
TAP_TAPCELL_ROW_47_372,VGND,li1,31.5100,141.1480,0.000005
TAP_TAPCELL_ROW_46_371,VGND,li1,147.4300,136.2910,0.000039
TAP_TAPCELL_ROW_46_370,VGND,li1,121.6700,136.2910,0.000033
TAP_TAPCELL_ROW_46_369,VGND,li1,95.9100,136.2910,0.000025
TAP_TAPCELL_ROW_46_368,VGND,li1,70.1500,136.2910,0.000040
TAP_TAPCELL_ROW_46_367,VGND,li1,44.3900,136.2910,0.000036
TAP_TAPCELL_ROW_46_366,VGND,li1,18.6300,136.2910,0.000011
TAP_TAPCELL_ROW_45_365,VGND,li1,134.5500,135.7080,0.000038
TAP_TAPCELL_ROW_45_364,VGND,li1,108.7900,135.7080,0.000021
TAP_TAPCELL_ROW_45_363,VGND,li1,83.0300,135.7080,0.000033
TAP_TAPCELL_ROW_45_362,VGND,li1,57.2700,135.7080,0.000043
TAP_TAPCELL_ROW_45_361,VGND,li1,31.5100,135.7080,0.000024
TAP_TAPCELL_ROW_44_360,VGND,li1,147.4300,130.8510,0.000029
TAP_TAPCELL_ROW_44_359,VGND,li1,121.6700,130.8510,0.000021
TAP_TAPCELL_ROW_44_358,VGND,li1,95.9100,130.8510,0.000010
TAP_TAPCELL_ROW_44_357,VGND,li1,70.1500,130.8510,0.000015
TAP_TAPCELL_ROW_44_356,VGND,li1,44.3900,130.8510,0.000012
TAP_TAPCELL_ROW_44_355,VGND,li1,18.6300,130.8510,0.000004
TAP_TAPCELL_ROW_43_354,VGND,li1,134.5500,130.2680,0.000029
TAP_TAPCELL_ROW_43_353,VGND,li1,108.7900,130.2680,0.000012
TAP_TAPCELL_ROW_43_352,VGND,li1,83.0300,130.2680,0.000013
TAP_TAPCELL_ROW_43_351,VGND,li1,57.2700,130.2680,0.000014
TAP_TAPCELL_ROW_43_350,VGND,li1,31.5100,130.2680,0.000009
TAP_TAPCELL_ROW_42_349,VGND,li1,147.4300,125.4110,0.000032
TAP_TAPCELL_ROW_42_348,VGND,li1,121.6700,125.4110,0.000021
TAP_TAPCELL_ROW_42_347,VGND,li1,95.9100,125.4110,0.000013
TAP_TAPCELL_ROW_42_346,VGND,li1,70.1500,125.4110,0.000022
TAP_TAPCELL_ROW_42_345,VGND,li1,44.3900,125.4110,0.000025
TAP_TAPCELL_ROW_42_344,VGND,li1,18.6300,125.4110,0.000009
TAP_TAPCELL_ROW_41_343,VGND,li1,134.5500,124.8280,0.000031
TAP_TAPCELL_ROW_41_342,VGND,li1,108.7900,124.8280,0.000010
TAP_TAPCELL_ROW_41_341,VGND,li1,83.0300,124.8280,0.000018
TAP_TAPCELL_ROW_41_340,VGND,li1,57.2700,124.8280,0.000024
TAP_TAPCELL_ROW_41_339,VGND,li1,31.5100,124.8280,0.000018
TAP_TAPCELL_ROW_40_338,VGND,li1,147.4300,119.9710,0.000030
TAP_TAPCELL_ROW_40_337,VGND,li1,121.6700,119.9710,0.000024
TAP_TAPCELL_ROW_40_336,VGND,li1,95.9100,119.9710,0.000012
TAP_TAPCELL_ROW_40_335,VGND,li1,70.1500,119.9710,0.000017
TAP_TAPCELL_ROW_40_334,VGND,li1,44.3900,119.9710,0.000019
TAP_TAPCELL_ROW_40_333,VGND,li1,18.6300,119.9710,0.000008
TAP_TAPCELL_ROW_39_332,VGND,li1,134.5500,119.3880,0.000028
TAP_TAPCELL_ROW_39_331,VGND,li1,108.7900,119.3880,0.000013
TAP_TAPCELL_ROW_39_330,VGND,li1,83.0300,119.3880,0.000015
TAP_TAPCELL_ROW_39_329,VGND,li1,57.2700,119.3880,0.000020
TAP_TAPCELL_ROW_39_328,VGND,li1,31.5100,119.3880,0.000017
TAP_TAPCELL_ROW_38_327,VGND,li1,147.4300,114.5310,0.000027
TAP_TAPCELL_ROW_38_326,VGND,li1,121.6700,114.5310,0.000022
TAP_TAPCELL_ROW_38_325,VGND,li1,95.9100,114.5310,0.000024
TAP_TAPCELL_ROW_38_324,VGND,li1,70.1500,114.5310,0.000038
TAP_TAPCELL_ROW_38_323,VGND,li1,44.3900,114.5310,0.000029
TAP_TAPCELL_ROW_38_322,VGND,li1,18.6300,114.5310,0.000008
TAP_TAPCELL_ROW_37_321,VGND,li1,134.5500,113.9480,0.000026
TAP_TAPCELL_ROW_37_320,VGND,li1,108.7900,113.9480,0.000014
TAP_TAPCELL_ROW_37_319,VGND,li1,83.0300,113.9480,0.000035
TAP_TAPCELL_ROW_37_318,VGND,li1,57.2700,113.9480,0.000036
TAP_TAPCELL_ROW_37_317,VGND,li1,31.5100,113.9480,0.000020
TAP_TAPCELL_ROW_36_316,VGND,li1,147.4300,109.0910,0.000012
TAP_TAPCELL_ROW_36_315,VGND,li1,121.6700,109.0910,0.000011
TAP_TAPCELL_ROW_36_314,VGND,li1,95.9100,109.0910,0.000015
TAP_TAPCELL_ROW_36_313,VGND,li1,70.1500,109.0910,0.000031
TAP_TAPCELL_ROW_36_312,VGND,li1,44.3900,109.0910,0.000041
TAP_TAPCELL_ROW_36_311,VGND,li1,18.6300,109.0910,0.000012
TAP_TAPCELL_ROW_35_310,VGND,li1,134.5500,108.5080,0.000012
TAP_TAPCELL_ROW_35_309,VGND,li1,108.7900,108.5080,0.000008
TAP_TAPCELL_ROW_35_308,VGND,li1,83.0300,108.5080,0.000024
TAP_TAPCELL_ROW_35_307,VGND,li1,57.2700,108.5080,0.000037
TAP_TAPCELL_ROW_35_306,VGND,li1,31.5100,108.5080,0.000032
TAP_TAPCELL_ROW_34_305,VGND,li1,147.4300,103.6510,0.000031
TAP_TAPCELL_ROW_34_304,VGND,li1,121.6700,103.6510,0.000025
TAP_TAPCELL_ROW_34_303,VGND,li1,95.9100,103.6510,0.000022
TAP_TAPCELL_ROW_34_302,VGND,li1,70.1500,103.6510,0.000032
TAP_TAPCELL_ROW_34_301,VGND,li1,44.3900,103.6510,0.000030
TAP_TAPCELL_ROW_34_300,VGND,li1,18.6300,103.6510,0.000012
TAP_TAPCELL_ROW_33_299,VGND,li1,134.5500,103.0680,0.000029
TAP_TAPCELL_ROW_33_298,VGND,li1,108.7900,103.0680,0.000017
TAP_TAPCELL_ROW_33_297,VGND,li1,83.0300,103.0680,0.000029
TAP_TAPCELL_ROW_33_296,VGND,li1,57.2700,103.0680,0.000034
TAP_TAPCELL_ROW_33_295,VGND,li1,31.5100,103.0680,0.000024
TAP_TAPCELL_ROW_32_294,VGND,li1,147.4300,98.2110,0.000035
TAP_TAPCELL_ROW_32_293,VGND,li1,121.6700,98.2110,0.000023
TAP_TAPCELL_ROW_32_292,VGND,li1,95.9100,98.2110,0.000010
TAP_TAPCELL_ROW_32_291,VGND,li1,70.1500,98.2110,0.000012
TAP_TAPCELL_ROW_32_290,VGND,li1,44.3900,98.2110,0.000009
TAP_TAPCELL_ROW_32_289,VGND,li1,18.6300,98.2110,0.000004
TAP_TAPCELL_ROW_31_288,VGND,li1,134.5500,97.6280,0.000032
TAP_TAPCELL_ROW_31_287,VGND,li1,108.7900,97.6280,0.000009
TAP_TAPCELL_ROW_31_286,VGND,li1,83.0300,97.6280,0.000012
TAP_TAPCELL_ROW_31_285,VGND,li1,57.2700,97.6280,0.000011
TAP_TAPCELL_ROW_31_284,VGND,li1,31.5100,97.6280,0.000007
TAP_TAPCELL_ROW_30_283,VGND,li1,147.4300,92.7710,0.000012
TAP_TAPCELL_ROW_30_282,VGND,li1,121.6700,92.7710,0.000010
TAP_TAPCELL_ROW_30_281,VGND,li1,95.9100,92.7710,0.000009
TAP_TAPCELL_ROW_30_280,VGND,li1,70.1500,92.7710,0.000015
TAP_TAPCELL_ROW_30_279,VGND,li1,44.3900,92.7710,0.000014
TAP_TAPCELL_ROW_30_278,VGND,li1,18.6300,92.7710,0.000005
TAP_TAPCELL_ROW_29_277,VGND,li1,134.5500,92.1880,0.000012
TAP_TAPCELL_ROW_29_276,VGND,li1,108.7900,92.1880,0.000006
TAP_TAPCELL_ROW_29_275,VGND,li1,83.0300,92.1880,0.000013
TAP_TAPCELL_ROW_29_274,VGND,li1,57.2700,92.1880,0.000016
TAP_TAPCELL_ROW_29_273,VGND,li1,31.5100,92.1880,0.000010
TAP_TAPCELL_ROW_28_272,VGND,li1,147.4300,87.3310,0.000010
TAP_TAPCELL_ROW_28_271,VGND,li1,121.6700,87.3310,0.000008
TAP_TAPCELL_ROW_28_270,VGND,li1,95.9100,87.3310,0.000004
TAP_TAPCELL_ROW_28_269,VGND,li1,70.1500,87.3310,0.000005
TAP_TAPCELL_ROW_28_268,VGND,li1,44.3900,87.3310,0.000005
TAP_TAPCELL_ROW_28_267,VGND,li1,18.6300,87.3310,0.000002
TAP_TAPCELL_ROW_27_266,VGND,li1,134.5500,86.7480,0.000009
TAP_TAPCELL_ROW_27_265,VGND,li1,108.7900,86.7480,0.000004
TAP_TAPCELL_ROW_27_264,VGND,li1,83.0300,86.7480,0.000005
TAP_TAPCELL_ROW_27_263,VGND,li1,57.2700,86.7480,0.000005
TAP_TAPCELL_ROW_27_262,VGND,li1,31.5100,86.7480,0.000004
TAP_TAPCELL_ROW_26_261,VGND,li1,147.4300,81.8910,0.000019
TAP_TAPCELL_ROW_26_260,VGND,li1,121.6700,81.8910,0.000016
TAP_TAPCELL_ROW_26_259,VGND,li1,95.9100,81.8910,0.000023
TAP_TAPCELL_ROW_26_258,VGND,li1,70.1500,81.8910,0.000030
TAP_TAPCELL_ROW_26_257,VGND,li1,44.3900,81.8910,0.000018
TAP_TAPCELL_ROW_26_256,VGND,li1,18.6300,81.8910,0.000005
TAP_TAPCELL_ROW_25_255,VGND,li1,134.5500,81.3080,0.000018
TAP_TAPCELL_ROW_25_254,VGND,li1,108.7900,81.3080,0.000013
TAP_TAPCELL_ROW_25_253,VGND,li1,83.0300,81.3080,0.000034
TAP_TAPCELL_ROW_25_252,VGND,li1,57.2700,81.3080,0.000024
TAP_TAPCELL_ROW_25_251,VGND,li1,31.5100,81.3080,0.000011
TAP_TAPCELL_ROW_24_250,VGND,li1,147.4300,76.4510,0.000033
TAP_TAPCELL_ROW_24_249,VGND,li1,121.6700,76.4510,0.000025
TAP_TAPCELL_ROW_24_248,VGND,li1,95.9100,76.4510,0.000010
TAP_TAPCELL_ROW_24_247,VGND,li1,70.1500,76.4510,0.000012
TAP_TAPCELL_ROW_24_246,VGND,li1,44.3900,76.4510,0.000013
TAP_TAPCELL_ROW_24_245,VGND,li1,18.6300,76.4510,0.000004
TAP_TAPCELL_ROW_23_244,VGND,li1,134.5500,75.8680,0.000032
TAP_TAPCELL_ROW_23_243,VGND,li1,108.7900,75.8680,0.000011
TAP_TAPCELL_ROW_23_242,VGND,li1,83.0300,75.8680,0.000012
TAP_TAPCELL_ROW_23_241,VGND,li1,57.2700,75.8680,0.000013
TAP_TAPCELL_ROW_23_240,VGND,li1,31.5100,75.8680,0.000010
TAP_TAPCELL_ROW_22_239,VGND,li1,147.4300,71.0110,0.000011
TAP_TAPCELL_ROW_22_238,VGND,li1,121.6700,71.0110,0.000010
TAP_TAPCELL_ROW_22_237,VGND,li1,95.9100,71.0110,0.000011
TAP_TAPCELL_ROW_22_236,VGND,li1,70.1500,71.0110,0.000024
TAP_TAPCELL_ROW_22_235,VGND,li1,44.3900,71.0110,0.000031
TAP_TAPCELL_ROW_22_234,VGND,li1,18.6300,71.0110,0.000012
TAP_TAPCELL_ROW_21_233,VGND,li1,134.5500,70.4280,0.000011
TAP_TAPCELL_ROW_21_232,VGND,li1,108.7900,70.4280,0.000007
TAP_TAPCELL_ROW_21_231,VGND,li1,83.0300,70.4280,0.000018
TAP_TAPCELL_ROW_21_230,VGND,li1,57.2700,70.4280,0.000029
TAP_TAPCELL_ROW_21_229,VGND,li1,31.5100,70.4280,0.000024
TAP_TAPCELL_ROW_20_228,VGND,li1,147.4300,65.5710,0.000044
TAP_TAPCELL_ROW_20_227,VGND,li1,121.6700,65.5710,0.000027
TAP_TAPCELL_ROW_20_226,VGND,li1,95.9100,65.5710,0.000032
TAP_TAPCELL_ROW_20_225,VGND,li1,70.1500,65.5710,0.000054
TAP_TAPCELL_ROW_20_224,VGND,li1,44.3900,65.5710,0.000046
TAP_TAPCELL_ROW_20_223,VGND,li1,18.6300,65.5710,0.000013
TAP_TAPCELL_ROW_19_222,VGND,li1,134.5500,64.9880,0.000037
TAP_TAPCELL_ROW_19_221,VGND,li1,108.7900,64.9880,0.000017
TAP_TAPCELL_ROW_19_220,VGND,li1,83.0300,64.9880,0.000046
TAP_TAPCELL_ROW_19_219,VGND,li1,57.2700,64.9880,0.000054
TAP_TAPCELL_ROW_19_218,VGND,li1,31.5100,64.9880,0.000035
TAP_TAPCELL_ROW_18_217,VGND,li1,147.4300,60.1310,0.000037
TAP_TAPCELL_ROW_18_216,VGND,li1,121.6700,60.1310,0.000030
TAP_TAPCELL_ROW_18_215,VGND,li1,95.9100,60.1310,0.000019
TAP_TAPCELL_ROW_18_214,VGND,li1,70.1500,60.1310,0.000027
TAP_TAPCELL_ROW_18_213,VGND,li1,44.3900,60.1310,0.000023
TAP_TAPCELL_ROW_18_212,VGND,li1,18.6300,60.1310,0.000007
TAP_TAPCELL_ROW_17_211,VGND,li1,134.5500,59.5480,0.000036
TAP_TAPCELL_ROW_17_210,VGND,li1,108.7900,59.5480,0.000017
TAP_TAPCELL_ROW_17_209,VGND,li1,83.0300,59.5480,0.000024
TAP_TAPCELL_ROW_17_208,VGND,li1,57.2700,59.5480,0.000028
TAP_TAPCELL_ROW_17_207,VGND,li1,31.5100,59.5480,0.000017
TAP_TAPCELL_ROW_16_206,VGND,li1,147.4300,54.6910,0.000012
TAP_TAPCELL_ROW_16_205,VGND,li1,121.6700,54.6910,0.000010
TAP_TAPCELL_ROW_16_204,VGND,li1,95.9100,54.6910,0.000011
TAP_TAPCELL_ROW_16_203,VGND,li1,70.1500,54.6910,0.000014
TAP_TAPCELL_ROW_16_202,VGND,li1,44.3900,54.6910,0.000011
TAP_TAPCELL_ROW_16_201,VGND,li1,18.6300,54.6910,0.000004
TAP_TAPCELL_ROW_15_200,VGND,li1,134.5500,54.1080,0.000011
TAP_TAPCELL_ROW_15_199,VGND,li1,108.7900,54.1080,0.000007
TAP_TAPCELL_ROW_15_198,VGND,li1,83.0300,54.1080,0.000014
TAP_TAPCELL_ROW_15_197,VGND,li1,57.2700,54.1080,0.000013
TAP_TAPCELL_ROW_15_196,VGND,li1,31.5100,54.1080,0.000008
TAP_TAPCELL_ROW_14_195,VGND,li1,147.4300,49.2510,0.000005
TAP_TAPCELL_ROW_14_194,VGND,li1,121.6700,49.2510,0.000004
TAP_TAPCELL_ROW_14_193,VGND,li1,95.9100,49.2510,0.000005
TAP_TAPCELL_ROW_14_192,VGND,li1,70.1500,49.2510,0.000013
TAP_TAPCELL_ROW_14_191,VGND,li1,44.3900,49.2510,0.000016
TAP_TAPCELL_ROW_14_190,VGND,li1,18.6300,49.2510,0.000007
TAP_TAPCELL_ROW_13_189,VGND,li1,134.5500,48.6680,0.000005
TAP_TAPCELL_ROW_13_188,VGND,li1,108.7900,48.6680,0.000003
TAP_TAPCELL_ROW_13_187,VGND,li1,83.0300,48.6680,0.000009
TAP_TAPCELL_ROW_13_186,VGND,li1,57.2700,48.6680,0.000016
TAP_TAPCELL_ROW_13_185,VGND,li1,31.5100,48.6680,0.000014
TAP_TAPCELL_ROW_12_184,VGND,li1,147.4300,43.8110,0.000034
TAP_TAPCELL_ROW_12_183,VGND,li1,121.6700,43.8110,0.000026
TAP_TAPCELL_ROW_12_182,VGND,li1,95.9100,43.8110,0.000017
TAP_TAPCELL_ROW_12_181,VGND,li1,70.1500,43.8110,0.000021
TAP_TAPCELL_ROW_12_180,VGND,li1,44.3900,43.8110,0.000021
TAP_TAPCELL_ROW_12_179,VGND,li1,18.6300,43.8110,0.000007
TAP_TAPCELL_ROW_11_178,VGND,li1,134.5500,43.2280,0.000033
TAP_TAPCELL_ROW_11_177,VGND,li1,108.7900,43.2280,0.000013
TAP_TAPCELL_ROW_11_176,VGND,li1,83.0300,43.2280,0.000019
TAP_TAPCELL_ROW_11_175,VGND,li1,57.2700,43.2280,0.000021
TAP_TAPCELL_ROW_11_174,VGND,li1,31.5100,43.2280,0.000018
TAP_TAPCELL_ROW_10_173,VGND,li1,147.4300,38.3710,0.000040
TAP_TAPCELL_ROW_10_172,VGND,li1,121.6700,38.3710,0.000032
TAP_TAPCELL_ROW_10_171,VGND,li1,95.9100,38.3710,0.000018
TAP_TAPCELL_ROW_10_170,VGND,li1,70.1500,38.3710,0.000032
TAP_TAPCELL_ROW_10_169,VGND,li1,44.3900,38.3710,0.000027
TAP_TAPCELL_ROW_10_168,VGND,li1,18.6300,38.3710,0.000009
TAP_TAPCELL_ROW_9_167,VGND,li1,134.5500,37.7880,0.000038
TAP_TAPCELL_ROW_9_166,VGND,li1,108.7900,37.7880,0.000016
TAP_TAPCELL_ROW_9_165,VGND,li1,83.0300,37.7880,0.000026
TAP_TAPCELL_ROW_9_164,VGND,li1,57.2700,37.7880,0.000032
TAP_TAPCELL_ROW_9_163,VGND,li1,31.5100,37.7880,0.000020
TAP_TAPCELL_ROW_8_162,VGND,li1,147.4300,32.9310,0.000013
TAP_TAPCELL_ROW_8_161,VGND,li1,121.6700,32.9310,0.000012
TAP_TAPCELL_ROW_8_160,VGND,li1,95.9100,32.9310,0.000010
TAP_TAPCELL_ROW_8_159,VGND,li1,70.1500,32.9310,0.000018
TAP_TAPCELL_ROW_8_158,VGND,li1,44.3900,32.9310,0.000017
TAP_TAPCELL_ROW_8_157,VGND,li1,18.6300,32.9310,0.000005
TAP_TAPCELL_ROW_7_156,VGND,li1,134.5500,32.3480,0.000013
TAP_TAPCELL_ROW_7_155,VGND,li1,108.7900,32.3480,0.000010
TAP_TAPCELL_ROW_7_154,VGND,li1,83.0300,32.3480,0.000014
TAP_TAPCELL_ROW_7_153,VGND,li1,57.2700,32.3480,0.000022
TAP_TAPCELL_ROW_7_152,VGND,li1,31.5100,32.3480,0.000011
TAP_TAPCELL_ROW_6_151,VGND,li1,147.4300,27.4910,0.000010
TAP_TAPCELL_ROW_6_150,VGND,li1,121.6700,27.4910,0.000007
TAP_TAPCELL_ROW_6_149,VGND,li1,95.9100,27.4910,0.000005
TAP_TAPCELL_ROW_6_148,VGND,li1,70.1500,27.4910,0.000009
TAP_TAPCELL_ROW_6_147,VGND,li1,44.3900,27.4910,0.000008
TAP_TAPCELL_ROW_6_146,VGND,li1,18.6300,27.4910,0.000002
TAP_TAPCELL_ROW_5_145,VGND,li1,134.5500,26.9080,0.000009
TAP_TAPCELL_ROW_5_144,VGND,li1,108.7900,26.9080,0.000004
TAP_TAPCELL_ROW_5_143,VGND,li1,83.0300,26.9080,0.000008
TAP_TAPCELL_ROW_5_142,VGND,li1,57.2700,26.9080,0.000009
TAP_TAPCELL_ROW_5_141,VGND,li1,31.5100,26.9080,0.000005
TAP_TAPCELL_ROW_4_140,VGND,li1,147.4300,22.0510,0.000007
TAP_TAPCELL_ROW_4_139,VGND,li1,121.6700,22.0510,0.000005
TAP_TAPCELL_ROW_4_138,VGND,li1,95.9100,22.0510,0.000005
TAP_TAPCELL_ROW_4_137,VGND,li1,70.1500,22.0510,0.000008
TAP_TAPCELL_ROW_4_136,VGND,li1,44.3900,22.0510,0.000007
TAP_TAPCELL_ROW_4_135,VGND,li1,18.6300,22.0510,0.000003
TAP_TAPCELL_ROW_3_134,VGND,li1,134.5500,21.4680,0.000006
TAP_TAPCELL_ROW_3_133,VGND,li1,108.7900,21.4680,0.000003
TAP_TAPCELL_ROW_3_132,VGND,li1,83.0300,21.4680,0.000007
TAP_TAPCELL_ROW_3_131,VGND,li1,57.2700,21.4680,0.000008
TAP_TAPCELL_ROW_3_130,VGND,li1,31.5100,21.4680,0.000006
TAP_TAPCELL_ROW_2_129,VGND,li1,147.4300,16.6110,0.000014
TAP_TAPCELL_ROW_2_128,VGND,li1,121.6700,16.6110,0.000012
TAP_TAPCELL_ROW_2_127,VGND,li1,95.9100,16.6110,0.000007
TAP_TAPCELL_ROW_2_126,VGND,li1,70.1500,16.6110,0.000011
TAP_TAPCELL_ROW_2_125,VGND,li1,44.3900,16.6110,0.000010
TAP_TAPCELL_ROW_2_124,VGND,li1,18.6300,16.6110,0.000003
TAP_TAPCELL_ROW_1_123,VGND,li1,134.5500,16.0280,0.000013
TAP_TAPCELL_ROW_1_122,VGND,li1,108.7900,16.0280,0.000007
TAP_TAPCELL_ROW_1_121,VGND,li1,83.0300,16.0280,0.000010
TAP_TAPCELL_ROW_1_120,VGND,li1,57.2700,16.0280,0.000012
TAP_TAPCELL_ROW_1_119,VGND,li1,31.5100,16.0280,0.000007
TAP_TAPCELL_ROW_0_118,VGND,li1,147.4300,11.1710,0.000000
TAP_TAPCELL_ROW_0_117,VGND,li1,134.5500,11.1710,0.000000
TAP_TAPCELL_ROW_0_116,VGND,li1,121.6700,11.1710,0.000000
TAP_TAPCELL_ROW_0_115,VGND,li1,108.7900,11.1710,0.000000
TAP_TAPCELL_ROW_0_114,VGND,li1,95.9100,11.1710,0.000000
TAP_TAPCELL_ROW_0_113,VGND,li1,83.0300,11.1710,0.000000
TAP_TAPCELL_ROW_0_112,VGND,li1,70.1500,11.1710,0.000000
TAP_TAPCELL_ROW_0_111,VGND,li1,57.2700,11.1710,0.000000
TAP_TAPCELL_ROW_0_110,VGND,li1,44.3900,11.1710,0.000000
TAP_TAPCELL_ROW_0_109,VGND,li1,31.5100,11.1710,0.000000
TAP_TAPCELL_ROW_0_108,VGND,li1,18.6300,11.1710,0.000000
PHY_EDGE_ROW_53_Left_107,VGND,li1,6.2100,157.7600,0.000000
PHY_EDGE_ROW_52_Left_106,VGND,li1,6.2100,152.3200,0.000001
PHY_EDGE_ROW_51_Left_105,VGND,li1,6.2100,152.3200,0.000001
PHY_EDGE_ROW_50_Left_104,VGND,li1,6.2100,146.8800,0.000002
PHY_EDGE_ROW_49_Left_103,VGND,li1,6.2100,146.8800,0.000002
PHY_EDGE_ROW_48_Left_102,VGND,li1,6.2100,141.4400,0.000002
PHY_EDGE_ROW_47_Left_101,VGND,li1,6.2100,141.4400,0.000002
PHY_EDGE_ROW_46_Left_100,VGND,li1,6.2100,136.0000,0.000006
PHY_EDGE_ROW_45_Left_99,VGND,li1,6.2100,136.0000,0.000006
PHY_EDGE_ROW_44_Left_98,VGND,li1,6.2100,130.5600,0.000003
PHY_EDGE_ROW_43_Left_97,VGND,li1,6.2100,130.5600,0.000003
PHY_EDGE_ROW_42_Left_96,VGND,li1,6.2100,125.1200,0.000005
PHY_EDGE_ROW_41_Left_95,VGND,li1,6.2100,125.1200,0.000005
PHY_EDGE_ROW_40_Left_94,VGND,li1,6.2100,119.6800,0.000007
PHY_EDGE_ROW_39_Left_93,VGND,li1,6.2100,119.6800,0.000007
PHY_EDGE_ROW_38_Left_92,VGND,li1,6.2100,114.2400,0.000006
PHY_EDGE_ROW_37_Left_91,VGND,li1,6.2100,114.2400,0.000006
PHY_EDGE_ROW_36_Left_90,VGND,li1,6.2100,108.8000,0.000009
PHY_EDGE_ROW_35_Left_89,VGND,li1,6.2100,108.8000,0.000009
PHY_EDGE_ROW_34_Left_88,VGND,li1,6.2100,103.3600,0.000008
PHY_EDGE_ROW_33_Left_87,VGND,li1,6.2100,103.3600,0.000008
PHY_EDGE_ROW_32_Left_86,VGND,li1,6.2100,97.9200,0.000003
PHY_EDGE_ROW_31_Left_85,VGND,li1,6.2100,97.9200,0.000003
PHY_EDGE_ROW_30_Left_84,VGND,li1,6.2100,92.4800,0.000003
PHY_EDGE_ROW_29_Left_83,VGND,li1,6.2100,92.4800,0.000003
PHY_EDGE_ROW_28_Left_82,VGND,li1,6.2100,87.0400,0.000002
PHY_EDGE_ROW_27_Left_81,VGND,li1,6.2100,87.0400,0.000002
PHY_EDGE_ROW_26_Left_80,VGND,li1,6.2100,81.6000,0.000003
PHY_EDGE_ROW_25_Left_79,VGND,li1,6.2100,81.6000,0.000003
PHY_EDGE_ROW_24_Left_78,VGND,li1,6.2100,76.1600,0.000003
PHY_EDGE_ROW_23_Left_77,VGND,li1,6.2100,76.1600,0.000003
PHY_EDGE_ROW_22_Left_76,VGND,li1,6.2100,70.7200,0.000009
PHY_EDGE_ROW_21_Left_75,VGND,li1,6.2100,70.7200,0.000009
PHY_EDGE_ROW_20_Left_74,VGND,li1,6.2100,65.2800,0.000009
PHY_EDGE_ROW_19_Left_73,VGND,li1,6.2100,65.2800,0.000009
PHY_EDGE_ROW_18_Left_72,VGND,li1,6.2100,59.8400,0.000005
PHY_EDGE_ROW_17_Left_71,VGND,li1,6.2100,59.8400,0.000005
PHY_EDGE_ROW_16_Left_70,VGND,li1,6.2100,54.4000,0.000003
PHY_EDGE_ROW_15_Left_69,VGND,li1,6.2100,54.4000,0.000003
PHY_EDGE_ROW_14_Left_68,VGND,li1,6.2100,48.9600,0.000005
PHY_EDGE_ROW_13_Left_67,VGND,li1,6.2100,48.9600,0.000005
PHY_EDGE_ROW_12_Left_66,VGND,li1,6.2100,43.5200,0.000005
PHY_EDGE_ROW_11_Left_65,VGND,li1,6.2100,43.5200,0.000005
PHY_EDGE_ROW_10_Left_64,VGND,li1,6.2100,38.0800,0.000005
PHY_EDGE_ROW_9_Left_63,VGND,li1,6.2100,38.0800,0.000005
PHY_EDGE_ROW_8_Left_62,VGND,li1,6.2100,32.6400,0.000004
PHY_EDGE_ROW_7_Left_61,VGND,li1,6.2100,32.6400,0.000004
PHY_EDGE_ROW_6_Left_60,VGND,li1,6.2100,27.2000,0.000001
PHY_EDGE_ROW_5_Left_59,VGND,li1,6.2100,27.2000,0.000001
PHY_EDGE_ROW_4_Left_58,VGND,li1,6.2100,21.7600,0.000002
PHY_EDGE_ROW_3_Left_57,VGND,li1,6.2100,21.7600,0.000002
PHY_EDGE_ROW_2_Left_56,VGND,li1,6.2100,16.3200,0.000002
PHY_EDGE_ROW_1_Left_55,VGND,li1,6.2100,16.3200,0.000002
PHY_EDGE_ROW_0_Left_54,VGND,li1,6.2100,10.8800,0.000000
PHY_EDGE_ROW_53_Right_53,VGND,li1,153.4100,157.7600,0.000000
PHY_EDGE_ROW_52_Right_52,VGND,li1,153.4100,152.3200,0.000008
PHY_EDGE_ROW_51_Right_51,VGND,li1,153.4100,152.3200,0.000008
PHY_EDGE_ROW_50_Right_50,VGND,li1,153.4100,146.8800,0.000020
PHY_EDGE_ROW_49_Right_49,VGND,li1,153.4100,146.8800,0.000020
PHY_EDGE_ROW_48_Right_48,VGND,li1,153.4100,141.4400,0.000010
PHY_EDGE_ROW_47_Right_47,VGND,li1,153.4100,141.4400,0.000010
PHY_EDGE_ROW_46_Right_46,VGND,li1,153.4100,136.0000,0.000039
PHY_EDGE_ROW_45_Right_45,VGND,li1,153.4100,136.0000,0.000039
PHY_EDGE_ROW_44_Right_44,VGND,li1,153.4100,130.5600,0.000029
PHY_EDGE_ROW_43_Right_43,VGND,li1,153.4100,130.5600,0.000029
PHY_EDGE_ROW_42_Right_42,VGND,li1,153.4100,125.1200,0.000032
PHY_EDGE_ROW_41_Right_41,VGND,li1,153.4100,125.1200,0.000032
PHY_EDGE_ROW_40_Right_40,VGND,li1,153.4100,119.6800,0.000030
PHY_EDGE_ROW_39_Right_39,VGND,li1,153.4100,119.6800,0.000030
PHY_EDGE_ROW_38_Right_38,VGND,li1,153.4100,114.2400,0.000027
PHY_EDGE_ROW_37_Right_37,VGND,li1,153.4100,114.2400,0.000027
PHY_EDGE_ROW_36_Right_36,VGND,li1,153.4100,108.8000,0.000012
PHY_EDGE_ROW_35_Right_35,VGND,li1,153.4100,108.8000,0.000012
PHY_EDGE_ROW_34_Right_34,VGND,li1,153.4100,103.3600,0.000031
PHY_EDGE_ROW_33_Right_33,VGND,li1,153.4100,103.3600,0.000031
PHY_EDGE_ROW_32_Right_32,VGND,li1,153.4100,97.9200,0.000035
PHY_EDGE_ROW_31_Right_31,VGND,li1,153.4100,97.9200,0.000035
PHY_EDGE_ROW_30_Right_30,VGND,li1,153.4100,92.4800,0.000012
PHY_EDGE_ROW_29_Right_29,VGND,li1,153.4100,92.4800,0.000012
PHY_EDGE_ROW_28_Right_28,VGND,li1,153.4100,87.0400,0.000010
PHY_EDGE_ROW_27_Right_27,VGND,li1,153.4100,87.0400,0.000010
PHY_EDGE_ROW_26_Right_26,VGND,li1,153.4100,81.6000,0.000019
PHY_EDGE_ROW_25_Right_25,VGND,li1,153.4100,81.6000,0.000019
PHY_EDGE_ROW_24_Right_24,VGND,li1,153.4100,76.1600,0.000033
PHY_EDGE_ROW_23_Right_23,VGND,li1,153.4100,76.1600,0.000033
PHY_EDGE_ROW_22_Right_22,VGND,li1,153.4100,70.7200,0.000011
PHY_EDGE_ROW_21_Right_21,VGND,li1,153.4100,70.7200,0.000011
PHY_EDGE_ROW_20_Right_20,VGND,li1,153.4100,65.2800,0.000044
PHY_EDGE_ROW_19_Right_19,VGND,li1,153.4100,65.2800,0.000044
PHY_EDGE_ROW_18_Right_18,VGND,li1,153.4100,59.8400,0.000037
PHY_EDGE_ROW_17_Right_17,VGND,li1,153.4100,59.8400,0.000037
PHY_EDGE_ROW_16_Right_16,VGND,li1,153.4100,54.4000,0.000012
PHY_EDGE_ROW_15_Right_15,VGND,li1,153.4100,54.4000,0.000012
PHY_EDGE_ROW_14_Right_14,VGND,li1,153.4100,48.9600,0.000005
PHY_EDGE_ROW_13_Right_13,VGND,li1,153.4100,48.9600,0.000005
PHY_EDGE_ROW_12_Right_12,VGND,li1,153.4100,43.5200,0.000034
PHY_EDGE_ROW_11_Right_11,VGND,li1,153.4100,43.5200,0.000034
PHY_EDGE_ROW_10_Right_10,VGND,li1,153.4100,38.0800,0.000040
PHY_EDGE_ROW_9_Right_9,VGND,li1,153.4100,38.0800,0.000040
PHY_EDGE_ROW_8_Right_8,VGND,li1,153.4100,32.6400,0.000013
PHY_EDGE_ROW_7_Right_7,VGND,li1,153.4100,32.6400,0.000013
PHY_EDGE_ROW_6_Right_6,VGND,li1,153.4100,27.2000,0.000010
PHY_EDGE_ROW_5_Right_5,VGND,li1,153.4100,27.2000,0.000010
PHY_EDGE_ROW_4_Right_4,VGND,li1,153.4100,21.7600,0.000007
PHY_EDGE_ROW_3_Right_3,VGND,li1,153.4100,21.7600,0.000007
PHY_EDGE_ROW_2_Right_2,VGND,li1,153.4100,16.3200,0.000014
PHY_EDGE_ROW_1_Right_1,VGND,li1,153.4100,16.3200,0.000014
PHY_EDGE_ROW_0_Right_0,VGND,li1,153.4100,10.8800,0.000000
_1205_,VGND,li1,135.7000,152.3200,0.000008
_1204_,VGND,li1,17.0200,16.3200,0.000003
_1203_,VGND,li1,59.3400,16.3200,0.000012
_1202_,VGND,li1,98.4400,21.7600,0.000004
_1201_,VGND,li1,138.0000,16.3200,0.000014
_1196_,VGND,li1,108.3300,141.4400,0.000004
_1195_,VGND,li1,106.0300,146.8800,0.000007
_1194_,VGND,li1,103.7300,146.8800,0.000006
_1193_,VGND,li1,89.9300,152.3200,0.000005
_1192_,VGND,li1,87.1700,146.8800,0.000012
_1191_,VGND,li1,94.0700,141.4400,0.000005
_1190_,VGND,li1,92.2300,130.5600,0.000011
_1189_,VGND,li1,90.8500,125.1200,0.000015
_1188_,VGND,li1,79.3500,125.1200,0.000020
_1187_,VGND,li1,77.9700,130.5600,0.000014
_1186_,VGND,li1,77.9700,146.8800,0.000014
_1185_,VGND,li1,79.3500,141.4400,0.000007
_1184_,VGND,li1,66.9300,130.5600,0.000015
_1183_,VGND,li1,63.2500,125.1200,0.000023
_1182_,VGND,li1,59.1100,130.5600,0.000015
_1181_,VGND,li1,63.7100,146.8800,0.000016
_1180_,VGND,li1,65.0900,146.8800,0.000016
_1179_,VGND,li1,68.3100,152.3200,0.000007
_1178_,VGND,li1,49.4500,146.8800,0.000014
_1177_,VGND,li1,48.0700,146.8800,0.000014
_1176_,VGND,li1,47.1500,152.3200,0.000006
_1175_,VGND,li1,49.9100,136.0000,0.000041
_1174_,VGND,li1,126.7300,38.0800,0.000036
_1173_,VGND,li1,126.7300,43.5200,0.000030
_1172_,VGND,li1,126.7300,48.9600,0.000005
_1171_,VGND,li1,122.1300,54.4000,0.000010
_1170_,VGND,li1,120.2900,59.8400,0.000028
_1169_,VGND,li1,119.3700,70.7200,0.000010
_1168_,VGND,li1,139.6100,76.1600,0.000033
_1167_,VGND,li1,123.9700,76.1600,0.000027
_1166_,VGND,li1,132.2500,70.7200,0.000011
_1165_,VGND,li1,147.8900,65.2800,0.000044
_1164_,VGND,li1,141.4500,59.8400,0.000037
_1163_,VGND,li1,140.9900,54.4000,0.000012
_1162_,VGND,li1,145.1300,43.5200,0.000034
_1161_,VGND,li1,142.3700,38.0800,0.000040
_1160_,VGND,li1,141.9100,38.0800,0.000040
_1159_,VGND,li1,147.8900,27.2000,0.000010
_1158_,VGND,li1,141.4500,21.7600,0.000007
_1157_,VGND,li1,139.6100,16.3200,0.000014
_1156_,VGND,li1,126.7300,16.3200,0.000013
_1155_,VGND,li1,123.0500,16.3200,0.000012
_1154_,VGND,li1,126.7300,27.2000,0.000008
_1153_,VGND,li1,126.7300,32.6400,0.000013
_1152_,VGND,li1,94.0700,59.8400,0.000020
_1151_,VGND,li1,103.7300,59.8400,0.000016
_1150_,VGND,li1,106.0300,54.4000,0.000006
_1149_,VGND,li1,103.7300,38.0800,0.000012
_1148_,VGND,li1,107.4100,38.0800,0.000016
_1147_,VGND,li1,107.8700,43.5200,0.000013
_1146_,VGND,li1,107.4100,21.7600,0.000003
_1145_,VGND,li1,103.7300,16.3200,0.000005
_1144_,VGND,li1,106.9500,16.3200,0.000006
_1143_,VGND,li1,89.4700,27.2000,0.000007
_1142_,VGND,li1,89.0100,21.7600,0.000006
_1141_,VGND,li1,88.5500,16.3200,0.000009
_1140_,VGND,li1,71.9900,16.3200,0.000011
_1139_,VGND,li1,70.6100,27.2000,0.000009
_1138_,VGND,li1,70.6100,21.7600,0.000008
_1137_,VGND,li1,71.9900,32.6400,0.000018
_1136_,VGND,li1,71.5300,38.0800,0.000032
_1135_,VGND,li1,71.5300,43.5200,0.000021
_1134_,VGND,li1,88.5500,38.0800,0.000023
_1133_,VGND,li1,88.5500,38.0800,0.000023
_1132_,VGND,li1,88.0900,54.4000,0.000014
_1131_,VGND,li1,88.0900,54.4000,0.000014
_1130_,VGND,li1,49.4500,59.8400,0.000026
_1129_,VGND,li1,52.2100,59.8400,0.000027
_1128_,VGND,li1,54.5100,54.4000,0.000013
_1127_,VGND,li1,52.6700,43.5200,0.000022
_1126_,VGND,li1,55.4300,38.0800,0.000032
_1125_,VGND,li1,52.2100,38.0800,0.000031
_1124_,VGND,li1,36.5700,59.8400,0.000020
_1123_,VGND,li1,32.8900,54.4000,0.000008
_1122_,VGND,li1,32.8900,59.8400,0.000017
_1121_,VGND,li1,35.1900,38.0800,0.000022
_1120_,VGND,li1,36.5700,38.0800,0.000022
_1119_,VGND,li1,32.4300,32.6400,0.000013
_1118_,VGND,li1,15.8700,38.0800,0.000007
_1117_,VGND,li1,13.5700,32.6400,0.000004
_1116_,VGND,li1,13.5700,21.7600,0.000002
_1115_,VGND,li1,36.5700,21.7600,0.000007
_1114_,VGND,li1,32.4300,16.3200,0.000007
_1113_,VGND,li1,32.4300,21.7600,0.000006
_1112_,VGND,li1,51.2900,16.3200,0.000012
_1111_,VGND,li1,53.5900,16.3200,0.000012
_1110_,VGND,li1,52.2100,27.2000,0.000009
_1109_,VGND,li1,49.9100,27.2000,0.000009
_1108_,VGND,li1,33.3500,141.4400,0.000005
_1107_,VGND,li1,36.5700,136.0000,0.000029
_1106_,VGND,li1,34.7300,130.5600,0.000011
_1105_,VGND,li1,36.5700,130.5600,0.000011
_1104_,VGND,li1,16.7900,136.0000,0.000009
_1103_,VGND,li1,15.8700,141.4400,0.000002
_1102_,VGND,li1,13.5700,130.5600,0.000003
_1101_,VGND,li1,16.7900,119.6800,0.000006
_1100_,VGND,li1,17.7100,114.2400,0.000008
_1099_,VGND,li1,13.5700,108.8000,0.000009
_1098_,VGND,li1,16.3300,97.9200,0.000003
_1097_,VGND,li1,13.5700,97.9200,0.000003
_1096_,VGND,li1,12.6500,87.0400,0.000002
_1095_,VGND,li1,17.2500,87.0400,0.000002
_1094_,VGND,li1,25.0700,76.1600,0.000008
_1093_,VGND,li1,26.4500,76.1600,0.000008
_1092_,VGND,li1,16.3300,70.7200,0.000008
_1091_,VGND,li1,12.6500,70.7200,0.000009
_1090_,VGND,li1,15.4100,59.8400,0.000005
_1089_,VGND,li1,13.5700,54.4000,0.000003
_1088_,VGND,li1,15.4100,54.4000,0.000003
_1087_,VGND,li1,13.5700,43.5200,0.000005
_1086_,VGND,li1,146.0500,125.1200,0.000032
_1085_,VGND,li1,145.1300,119.6800,0.000030
_1084_,VGND,li1,142.3700,114.2400,0.000027
_1083_,VGND,li1,145.1300,97.9200,0.000035
_1082_,VGND,li1,136.8500,103.3600,0.000030
_1081_,VGND,li1,144.6700,103.3600,0.000031
_1080_,VGND,li1,145.5900,87.0400,0.000010
_1079_,VGND,li1,146.9700,81.6000,0.000019
_1078_,VGND,li1,139.6100,92.4800,0.000012
_1077_,VGND,li1,142.3700,76.1600,0.000033
_1076_,VGND,li1,121.6700,87.0400,0.000008
_1075_,VGND,li1,77.9700,92.4800,0.000015
_1074_,VGND,li1,74.2900,97.9200,0.000013
_1073_,VGND,li1,30.5900,97.9200,0.000007
_1072_,VGND,li1,30.5900,92.4800,0.000010
_1071_,VGND,li1,72.4500,54.4000,0.000014
_1070_,VGND,li1,54.0500,92.4800,0.000016
_1069_,VGND,li1,52.2100,92.4800,0.000016
_1068_,VGND,li1,34.2700,114.2400,0.000022
_1067_,VGND,li1,36.5700,114.2400,0.000024
_1066_,VGND,li1,49.4500,125.1200,0.000025
_1065_,VGND,li1,48.5300,125.1200,0.000025
_1064_,VGND,li1,32.8900,103.3600,0.000024
_1063_,VGND,li1,32.4300,108.8000,0.000032
_1062_,VGND,li1,72.9100,114.2400,0.000038
_1061_,VGND,li1,75.2100,108.8000,0.000029
_1060_,VGND,li1,63.2500,114.2400,0.000038
_1059_,VGND,li1,63.7100,108.8000,0.000034
_1058_,VGND,li1,50.8300,114.2400,0.000032
_1057_,VGND,li1,49.9100,108.8000,0.000040
_1056_,VGND,li1,16.3300,125.1200,0.000007
_1055_,VGND,li1,12.1900,119.6800,0.000007
_1054_,VGND,li1,106.0300,76.1600,0.000008
_1053_,VGND,li1,100.9700,70.7200,0.000008
_1052_,VGND,li1,102.3500,76.1600,0.000009
_1051_,VGND,li1,54.0500,76.1600,0.000013
_1050_,VGND,li1,64.1700,81.6000,0.000028
_1049_,VGND,li1,58.6500,70.7200,0.000029
_1048_,VGND,li1,126.7300,119.6800,0.000027
_1047_,VGND,li1,128.1100,108.8000,0.000012
_1046_,VGND,li1,126.2700,130.5600,0.000024
_1045_,VGND,li1,132.7100,119.6800,0.000028
_1044_,VGND,li1,113.8500,119.6800,0.000017
_1043_,VGND,li1,106.9500,125.1200,0.000008
_1042_,VGND,li1,105.5700,130.5600,0.000009
_1041_,VGND,li1,103.7300,130.5600,0.000007
_1040_,VGND,li1,128.1100,136.0000,0.000037
_1039_,VGND,li1,121.2100,141.4400,0.000007
_1038_,VGND,li1,119.3700,146.8800,0.000014
_1037_,VGND,li1,120.2900,152.3200,0.000006
_1036_,VGND,li1,126.7300,146.8800,0.000016
_1035_,VGND,li1,135.0100,152.3200,0.000008
_1034_,VGND,li1,139.6100,146.8800,0.000019
_1033_,VGND,li1,143.7500,146.8800,0.000020
_1032_,VGND,li1,144.6700,141.4400,0.000010
_1031_,VGND,li1,144.6700,136.0000,0.000039
_1030_,VGND,li1,126.2700,92.4800,0.000011
_1029_,VGND,li1,126.2700,97.9200,0.000026
_1028_,VGND,li1,92.6900,114.2400,0.000026
_1027_,VGND,li1,86.2500,108.8000,0.000021
_1026_,VGND,li1,72.4500,65.2800,0.000053
_1025_,VGND,li1,111.0900,70.7200,0.000008
_1024_,VGND,li1,39.3300,76.1600,0.000012
_1023_,VGND,li1,40.7100,70.7200,0.000029
_1022_,VGND,li1,37.0300,87.0400,0.000005
_1021_,VGND,li1,65.0900,92.4800,0.000016
_1020_,VGND,li1,39.3300,76.1600,0.000012
_1019_,VGND,li1,39.3300,70.7200,0.000029
_1018_,VGND,li1,37.9500,92.4800,0.000013
_1017_,VGND,li1,64.6300,97.9200,0.000012
_1016_,VGND,li1,97.7500,97.9200,0.000009
_1015_,VGND,li1,88.0900,76.1600,0.000011
_1014_,VGND,li1,102.3500,108.8000,0.000010
_1013_,VGND,li1,118.9100,108.8000,0.000010
_1012_,VGND,li1,84.8700,103.3600,0.000028
_1011_,VGND,li1,90.8500,87.0400,0.000004
_1010_,VGND,li1,76.1300,59.8400,0.000026
_1009_,VGND,li1,112.0100,108.8000,0.000009
_1008_,VGND,li1,83.9500,92.4800,0.000013
_1007_,VGND,li1,84.8700,70.7200,0.000017
_1006_,VGND,li1,102.3500,114.2400,0.000016
_1005_,VGND,li1,115.2300,87.0400,0.000006
_1004_,VGND,li1,88.0900,97.9200,0.000011
_1003_,VGND,li1,99.5900,92.4800,0.000007
_1002_,VGND,li1,87.1700,65.2800,0.000042
_1001_,VGND,li1,113.8500,92.4800,0.000008
_1000_,VGND,li1,113.3900,119.6800,0.000017
_0999_,VGND,li1,123.2800,125.1200,0.000021
_0998_,VGND,li1,106.7200,119.6800,0.000011
_0997_,VGND,li1,115.6900,130.5600,0.000016
_0996_,VGND,li1,113.6200,125.1200,0.000014
_0995_,VGND,li1,106.4900,136.0000,0.000020
_0994_,VGND,li1,111.0900,130.5600,0.000013
_0993_,VGND,li1,106.4900,125.1200,0.000008
_0992_,VGND,li1,114.7700,130.5600,0.000016
_0991_,VGND,li1,125.3500,130.5600,0.000024
_0990_,VGND,li1,131.3300,136.0000,0.000037
_0989_,VGND,li1,127.6500,141.4400,0.000008
_0988_,VGND,li1,118.6800,136.0000,0.000029
_0987_,VGND,li1,116.1500,141.4400,0.000006
_0986_,VGND,li1,125.5800,146.8800,0.000016
_0985_,VGND,li1,116.1500,146.8800,0.000012
_0984_,VGND,li1,123.7400,152.3200,0.000006
_0983_,VGND,li1,126.7300,152.3200,0.000007
_0982_,VGND,li1,129.7200,146.8800,0.000017
_0981_,VGND,li1,133.1700,146.8800,0.000018
_0980_,VGND,li1,132.9400,146.8800,0.000018
_0979_,VGND,li1,138.2300,152.3200,0.000008
_0978_,VGND,li1,145.8200,152.3200,0.000008
_0977_,VGND,li1,137.3100,146.8800,0.000019
_0976_,VGND,li1,145.8200,141.4400,0.000010
_0975_,VGND,li1,142.8300,141.4400,0.000010
_0974_,VGND,li1,145.8200,136.0000,0.000039
_0973_,VGND,li1,142.8300,136.0000,0.000039
_0972_,VGND,li1,144.9000,130.5600,0.000029
_0971_,VGND,li1,132.2500,130.5600,0.000029
_0970_,VGND,li1,135.9300,136.0000,0.000038
_0969_,VGND,li1,129.0300,125.1200,0.000027
_0968_,VGND,li1,127.1900,87.0400,0.000008
_0967_,VGND,li1,123.9700,87.0400,0.000008
_0966_,VGND,li1,85.7900,114.2400,0.000032
_0965_,VGND,li1,81.6500,108.8000,0.000024
_0964_,VGND,li1,86.2500,108.8000,0.000021
_0963_,VGND,li1,82.1100,97.9200,0.000012
_0962_,VGND,li1,86.2500,103.3600,0.000028
_0961_,VGND,li1,68.0800,54.4000,0.000014
_0960_,VGND,li1,64.1700,59.8400,0.000028
_0959_,VGND,li1,110.8600,70.7200,0.000008
_0958_,VGND,li1,103.7300,81.6000,0.000013
_0957_,VGND,li1,39.3300,81.6000,0.000015
_0956_,VGND,li1,47.1500,65.2800,0.000048
_0955_,VGND,li1,39.1000,87.0400,0.000005
_0954_,VGND,li1,67.3900,92.4800,0.000016
_0953_,VGND,li1,38.8700,81.6000,0.000015
_0952_,VGND,li1,49.4500,76.1600,0.000013
_0951_,VGND,li1,38.6400,92.4800,0.000013
_0950_,VGND,li1,66.4700,97.9200,0.000012
_0949_,VGND,li1,112.2400,146.8800,0.000010
_0948_,VGND,li1,105.1100,152.3200,0.000002
_0947_,VGND,li1,101.6600,141.4400,0.000004
_0946_,VGND,li1,97.7500,141.4400,0.000004
_0945_,VGND,li1,102.3500,152.3200,0.000003
_0944_,VGND,li1,89.4700,146.8800,0.000011
_0943_,VGND,li1,95.9100,146.8800,0.000009
_0942_,VGND,li1,86.2500,152.3200,0.000006
_0941_,VGND,li1,90.3900,152.3200,0.000005
_0940_,VGND,li1,92.6900,146.8800,0.000010
_0939_,VGND,li1,90.8500,136.0000,0.000028
_0938_,VGND,li1,90.3900,130.5600,0.000011
_0937_,VGND,li1,89.9300,119.6800,0.000013
_0936_,VGND,li1,85.7900,125.1200,0.000017
_0935_,VGND,li1,89.9300,125.1200,0.000015
_0934_,VGND,li1,81.1900,125.1200,0.000019
_0933_,VGND,li1,74.7500,125.1200,0.000020
_0932_,VGND,li1,77.0500,130.5600,0.000014
_0931_,VGND,li1,80.2700,130.5600,0.000013
_0930_,VGND,li1,78.8900,152.3200,0.000006
_0929_,VGND,li1,79.3500,146.8800,0.000014
_0928_,VGND,li1,77.9700,141.4400,0.000007
_0927_,VGND,li1,80.9600,141.4400,0.000006
_0926_,VGND,li1,66.4700,125.1200,0.000022
_0925_,VGND,li1,63.7100,125.1200,0.000023
_0924_,VGND,li1,60.4900,130.5600,0.000015
_0923_,VGND,li1,62.3300,136.0000,0.000044
_0922_,VGND,li1,59.1100,136.0000,0.000043
_0921_,VGND,li1,59.1100,141.4400,0.000006
_0920_,VGND,li1,57.2700,146.8800,0.000015
_0919_,VGND,li1,64.4000,152.3200,0.000007
_0918_,VGND,li1,62.3300,141.4400,0.000006
_0917_,VGND,li1,66.4700,141.4400,0.000006
_0916_,VGND,li1,68.3100,152.3200,0.000007
_0915_,VGND,li1,71.3000,146.8800,0.000015
_0914_,VGND,li1,48.5300,152.3200,0.000006
_0913_,VGND,li1,54.9700,152.3200,0.000006
_0912_,VGND,li1,47.6100,141.4400,0.000005
_0911_,VGND,li1,48.0700,157.7600,0.000000
_0910_,VGND,li1,42.5500,146.8800,0.000012
_0909_,VGND,li1,46.6900,141.4400,0.000005
_0908_,VGND,li1,48.9900,141.4400,0.000005
_0907_,VGND,li1,33.1200,141.4400,0.000005
_0906_,VGND,li1,34.2700,136.0000,0.000027
_0905_,VGND,li1,40.4800,125.1200,0.000024
_0904_,VGND,li1,28.2900,130.5600,0.000008
_0903_,VGND,li1,31.5100,125.1200,0.000018
_0902_,VGND,li1,29.6700,130.5600,0.000009
_0901_,VGND,li1,25.5300,130.5600,0.000007
_0900_,VGND,li1,31.0500,136.0000,0.000022
_0899_,VGND,li1,16.7900,130.5600,0.000003
_0898_,VGND,li1,10.3500,136.0000,0.000006
_0897_,VGND,li1,9.4300,141.4400,0.000002
_0896_,VGND,li1,14.0300,141.4400,0.000002
_0895_,VGND,li1,10.3500,136.0000,0.000006
_0894_,VGND,li1,20.0100,130.5600,0.000004
_0893_,VGND,li1,9.8900,125.1200,0.000005
_0892_,VGND,li1,8.5100,114.2400,0.000006
_0891_,VGND,li1,11.2700,114.2400,0.000006
_0890_,VGND,li1,9.4300,114.2400,0.000006
_0889_,VGND,li1,14.4900,108.8000,0.000009
_0888_,VGND,li1,17.2500,108.8000,0.000012
_0887_,VGND,li1,14.9500,103.3600,0.000008
_0886_,VGND,li1,18.1700,103.3600,0.000010
_0885_,VGND,li1,14.9500,103.3600,0.000008
_0884_,VGND,li1,10.3500,97.9200,0.000003
_0883_,VGND,li1,12.1900,92.4800,0.000003
_0882_,VGND,li1,11.2700,87.0400,0.000002
_0881_,VGND,li1,15.8700,81.6000,0.000004
_0880_,VGND,li1,17.2500,81.6000,0.000004
_0879_,VGND,li1,21.8500,81.6000,0.000007
_0878_,VGND,li1,25.0700,81.6000,0.000008
_0877_,VGND,li1,25.0700,70.7200,0.000021
_0876_,VGND,li1,22.3100,65.2800,0.000021
_0875_,VGND,li1,15.4100,76.1600,0.000003
_0874_,VGND,li1,20.4700,65.2800,0.000016
_0873_,VGND,li1,12.1900,76.1600,0.000003
_0872_,VGND,li1,13.5700,76.1600,0.000003
_0871_,VGND,li1,13.1100,59.8400,0.000005
_0870_,VGND,li1,20.0100,48.9600,0.000009
_0869_,VGND,li1,13.1100,48.9600,0.000005
_0868_,VGND,li1,14.9500,65.2800,0.000009
_0867_,VGND,li1,8.9700,54.4000,0.000003
_0866_,VGND,li1,10.3500,48.9600,0.000005
_0865_,VGND,li1,13.1100,48.9600,0.000005
_0864_,VGND,li1,47.8400,65.2800,0.000048
_0863_,VGND,li1,52.2100,70.7200,0.000031
_0862_,VGND,li1,45.7700,59.8400,0.000024
_0861_,VGND,li1,52.4400,48.9600,0.000017
_0860_,VGND,li1,48.9900,54.4000,0.000012
_0859_,VGND,li1,53.5900,54.4000,0.000013
_0858_,VGND,li1,48.9900,43.5200,0.000021
_0857_,VGND,li1,48.5300,48.9600,0.000016
_0856_,VGND,li1,59.3400,43.5200,0.000021
_0855_,VGND,li1,51.7500,32.6400,0.000021
_0854_,VGND,li1,53.5900,43.5200,0.000022
_0853_,VGND,li1,48.9900,32.6400,0.000020
_0852_,VGND,li1,48.9900,38.0800,0.000029
_0851_,VGND,li1,46.2300,43.5200,0.000021
_0850_,VGND,li1,46.6900,43.5200,0.000021
_0849_,VGND,li1,33.3500,48.9600,0.000014
_0848_,VGND,li1,38.1800,54.4000,0.000010
_0847_,VGND,li1,34.5000,54.4000,0.000009
_0846_,VGND,li1,29.6700,54.4000,0.000008
_0845_,VGND,li1,28.2900,59.8400,0.000014
_0844_,VGND,li1,29.6700,65.2800,0.000031
_0843_,VGND,li1,30.1300,65.2800,0.000031
_0842_,VGND,li1,26.6800,54.4000,0.000007
_0841_,VGND,li1,29.6700,38.0800,0.000018
_0840_,VGND,li1,37.7200,48.9600,0.000015
_0839_,VGND,li1,34.0400,48.9600,0.000014
_0838_,VGND,li1,33.3500,32.6400,0.000013
_0837_,VGND,li1,34.7300,43.5200,0.000020
_0836_,VGND,li1,29.6700,43.5200,0.000016
_0835_,VGND,li1,26.4500,32.6400,0.000009
_0834_,VGND,li1,25.3000,38.0800,0.000015
_0833_,VGND,li1,15.8700,38.0800,0.000007
_0832_,VGND,li1,22.0800,38.0800,0.000012
_0831_,VGND,li1,21.1600,32.6400,0.000007
_0830_,VGND,li1,14.9500,27.2000,0.000001
_0829_,VGND,li1,14.9500,32.6400,0.000004
_0828_,VGND,li1,14.9500,21.7600,0.000002
_0827_,VGND,li1,13.1100,27.2000,0.000001
_0826_,VGND,li1,15.6400,27.2000,0.000001
_0825_,VGND,li1,29.6700,27.2000,0.000004
_0824_,VGND,li1,31.7400,27.2000,0.000005
_0823_,VGND,li1,34.0400,16.3200,0.000008
_0822_,VGND,li1,29.6700,16.3200,0.000007
_0821_,VGND,li1,28.2900,21.7600,0.000006
_0820_,VGND,li1,23.6900,21.7600,0.000004
_0819_,VGND,li1,32.8900,10.8800,0.000000
_0818_,VGND,li1,38.6400,16.3200,0.000009
_0817_,VGND,li1,49.4500,10.8800,0.000000
_0816_,VGND,li1,52.4400,10.8800,0.000000
_0815_,VGND,li1,51.5200,21.7600,0.000007
_0814_,VGND,li1,47.1500,16.3200,0.000010
_0813_,VGND,li1,52.6700,21.7600,0.000007
_0812_,VGND,li1,45.7700,27.2000,0.000008
_0811_,VGND,li1,48.9900,32.6400,0.000020
_0810_,VGND,li1,58.8800,21.7600,0.000008
_0809_,VGND,li1,47.6100,21.7600,0.000007
_0808_,VGND,li1,61.4100,65.2800,0.000054
_0807_,VGND,li1,94.7600,54.4000,0.000012
_0806_,VGND,li1,98.9000,54.4000,0.000011
_0805_,VGND,li1,106.4900,65.2800,0.000014
_0804_,VGND,li1,100.9700,48.9600,0.000004
_0803_,VGND,li1,105.5700,54.4000,0.000006
_0802_,VGND,li1,101.8900,32.6400,0.000007
_0801_,VGND,li1,105.5700,32.6400,0.000008
_0800_,VGND,li1,100.9700,38.0800,0.000014
_0799_,VGND,li1,105.5700,43.5200,0.000011
_0798_,VGND,li1,113.6200,38.0800,0.000023
_0797_,VGND,li1,110.6300,43.5200,0.000016
_0796_,VGND,li1,97.7500,38.0800,0.000016
_0795_,VGND,li1,107.4100,48.9600,0.000003
_0794_,VGND,li1,113.3900,43.5200,0.000018
_0793_,VGND,li1,102.3500,27.2000,0.000003
_0792_,VGND,li1,110.4000,27.2000,0.000004
_0791_,VGND,li1,106.2600,27.2000,0.000003
_0790_,VGND,li1,100.9700,21.7600,0.000004
_0789_,VGND,li1,105.5700,21.7600,0.000003
_0788_,VGND,li1,105.1100,10.8800,0.000000
_0787_,VGND,li1,110.1700,16.3200,0.000007
_0786_,VGND,li1,110.4000,21.7600,0.000003
_0785_,VGND,li1,88.0900,32.6400,0.000012
_0784_,VGND,li1,92.4600,27.2000,0.000006
_0783_,VGND,li1,88.7800,27.2000,0.000007
_0782_,VGND,li1,89.9300,16.3200,0.000009
_0781_,VGND,li1,88.5500,21.7600,0.000006
_0780_,VGND,li1,86.7100,16.3200,0.000009
_0779_,VGND,li1,92.6900,21.7600,0.000005
_0778_,VGND,li1,84.1800,21.7600,0.000007
_0777_,VGND,li1,68.3100,16.3200,0.000011
_0776_,VGND,li1,80.0400,21.7600,0.000007
_0775_,VGND,li1,72.6800,21.7600,0.000008
_0774_,VGND,li1,64.1700,21.7600,0.000008
_0773_,VGND,li1,73.3700,16.3200,0.000011
_0772_,VGND,li1,68.3100,21.7600,0.000008
_0771_,VGND,li1,71.5300,27.2000,0.000009
_0770_,VGND,li1,76.3600,21.7600,0.000007
_0769_,VGND,li1,63.7100,32.6400,0.000020
_0768_,VGND,li1,77.7400,38.0800,0.000029
_0767_,VGND,li1,67.6200,32.6400,0.000019
_0766_,VGND,li1,65.0900,43.5200,0.000021
_0765_,VGND,li1,73.3700,38.0800,0.000031
_0764_,VGND,li1,68.3100,43.5200,0.000021
_0763_,VGND,li1,71.5300,48.9600,0.000013
_0762_,VGND,li1,70.3800,48.9600,0.000013
_0761_,VGND,li1,82.1100,38.0800,0.000026
_0760_,VGND,li1,90.6200,32.6400,0.000011
_0759_,VGND,li1,88.3200,43.5200,0.000018
_0758_,VGND,li1,87.6300,32.6400,0.000012
_0757_,VGND,li1,88.5500,43.5200,0.000018
_0756_,VGND,li1,86.7100,48.9600,0.000008
_0755_,VGND,li1,80.7300,48.9600,0.000010
_0754_,VGND,li1,83.2600,48.9600,0.000009
_0753_,VGND,li1,86.2500,48.9600,0.000008
_0752_,VGND,li1,71.5300,54.4000,0.000014
_0751_,VGND,li1,120.0600,38.0800,0.000030
_0750_,VGND,li1,120.2900,43.5200,0.000024
_0749_,VGND,li1,119.8300,43.5200,0.000024
_0748_,VGND,li1,125.5800,48.9600,0.000005
_0747_,VGND,li1,129.0300,59.8400,0.000036
_0746_,VGND,li1,124.8900,54.4000,0.000010
_0745_,VGND,li1,119.8300,54.4000,0.000009
_0744_,VGND,li1,117.0700,54.4000,0.000009
_0743_,VGND,li1,124.6600,65.2800,0.000029
_0742_,VGND,li1,118.9100,59.8400,0.000028
_0741_,VGND,li1,119.8300,65.2800,0.000026
_0740_,VGND,li1,117.5300,76.1600,0.000020
_0739_,VGND,li1,119.3700,65.2800,0.000026
_0738_,VGND,li1,126.7300,65.2800,0.000031
_0737_,VGND,li1,116.6100,65.2800,0.000023
_0736_,VGND,li1,136.3900,70.7200,0.000011
_0735_,VGND,li1,136.1600,81.6000,0.000018
_0734_,VGND,li1,132.0200,76.1600,0.000031
_0733_,VGND,li1,120.7500,81.6000,0.000016
_0732_,VGND,li1,129.0300,81.6000,0.000017
_0731_,VGND,li1,129.9500,70.7200,0.000011
_0730_,VGND,li1,133.1700,81.6000,0.000018
_0729_,VGND,li1,132.9400,70.7200,0.000011
_0728_,VGND,li1,144.6700,70.7200,0.000011
_0727_,VGND,li1,141.6800,65.2800,0.000043
_0726_,VGND,li1,149.9600,59.8400,0.000037
_0725_,VGND,li1,139.6100,54.4000,0.000012
_0724_,VGND,li1,141.9100,59.8400,0.000037
_0723_,VGND,li1,137.3100,59.8400,0.000037
_0722_,VGND,li1,146.0500,59.8400,0.000037
_0721_,VGND,li1,143.5200,54.4000,0.000012
_0720_,VGND,li1,138.6900,43.5200,0.000033
_0719_,VGND,li1,149.0400,43.5200,0.000034
_0718_,VGND,li1,144.9000,48.9600,0.000005
_0717_,VGND,li1,138.6900,48.9600,0.000005
_0716_,VGND,li1,143.2900,43.5200,0.000034
_0715_,VGND,li1,136.3900,43.5200,0.000033
_0714_,VGND,li1,141.4500,32.6400,0.000013
_0713_,VGND,li1,143.9800,32.6400,0.000013
_0712_,VGND,li1,144.2100,27.2000,0.000010
_0711_,VGND,li1,145.3600,32.6400,0.000013
_0710_,VGND,li1,146.2800,21.7600,0.000007
_0709_,VGND,li1,139.6100,27.2000,0.000009
_0708_,VGND,li1,140.9900,21.7600,0.000007
_0707_,VGND,li1,136.3900,21.7600,0.000006
_0706_,VGND,li1,135.4700,21.7600,0.000006
_0705_,VGND,li1,140.3000,16.3200,0.000014
_0704_,VGND,li1,119.8300,16.3200,0.000011
_0703_,VGND,li1,128.8000,21.7600,0.000006
_0702_,VGND,li1,125.1200,21.7600,0.000005
_0701_,VGND,li1,119.3700,21.7600,0.000004
_0700_,VGND,li1,123.9700,21.7600,0.000005
_0699_,VGND,li1,123.0500,27.2000,0.000007
_0698_,VGND,li1,120.2900,27.2000,0.000006
_0697_,VGND,li1,126.0400,27.2000,0.000008
_0696_,VGND,li1,119.8300,32.6400,0.000012
_0695_,VGND,li1,87.6300,70.7200,0.000016
_0694_,VGND,li1,142.1400,125.1200,0.000032
_0693_,VGND,li1,141.9100,119.6800,0.000029
_0692_,VGND,li1,139.1500,119.6800,0.000029
_0691_,VGND,li1,144.2100,114.2400,0.000027
_0690_,VGND,li1,149.2700,114.2400,0.000027
_0689_,VGND,li1,144.2100,108.8000,0.000012
_0688_,VGND,li1,143.2900,103.3600,0.000031
_0687_,VGND,li1,136.3900,108.8000,0.000012
_0686_,VGND,li1,136.8500,103.3600,0.000030
_0685_,VGND,li1,143.0600,97.9200,0.000035
_0684_,VGND,li1,151.1100,97.9200,0.000035
_0683_,VGND,li1,144.2100,87.0400,0.000010
_0682_,VGND,li1,141.4500,87.0400,0.000010
_0681_,VGND,li1,140.9900,81.6000,0.000019
_0680_,VGND,li1,137.7700,81.6000,0.000018
_0679_,VGND,li1,138.2300,87.0400,0.000010
_0678_,VGND,li1,140.0700,92.4800,0.000012
_0677_,VGND,li1,141.4500,70.7200,0.000011
_0676_,VGND,li1,140.9900,108.8000,0.000012
_0675_,VGND,li1,135.4700,108.8000,0.000012
_0674_,VGND,li1,132.9400,119.6800,0.000028
_0673_,VGND,li1,75.4400,87.0400,0.000005
_0672_,VGND,li1,71.9900,87.0400,0.000005
_0671_,VGND,li1,71.3000,81.6000,0.000030
_0670_,VGND,li1,72.2200,81.6000,0.000031
_0669_,VGND,li1,75.4400,97.9200,0.000013
_0668_,VGND,li1,24.3800,97.9200,0.000005
_0667_,VGND,li1,27.1400,97.9200,0.000006
_0666_,VGND,li1,37.7200,97.9200,0.000008
_0665_,VGND,li1,50.1400,103.3600,0.000032
_0664_,VGND,li1,49.2200,119.6800,0.000020
_0663_,VGND,li1,61.6400,119.6800,0.000019
_0662_,VGND,li1,58.8800,119.6800,0.000020
_0661_,VGND,li1,56.1200,108.8000,0.000038
_0660_,VGND,li1,70.8400,108.8000,0.000031
_0659_,VGND,li1,71.9900,119.6800,0.000017
_0658_,VGND,li1,68.3100,81.6000,0.000029
_0657_,VGND,li1,68.7700,114.2400,0.000038
_0656_,VGND,li1,66.4700,119.6800,0.000018
_0655_,VGND,li1,29.6700,114.2400,0.000018
_0654_,VGND,li1,25.9900,108.8000,0.000025
_0653_,VGND,li1,56.1200,87.0400,0.000005
_0652_,VGND,li1,45.7700,119.6800,0.000019
_0651_,VGND,li1,48.9900,119.6800,0.000020
_0650_,VGND,li1,29.9000,119.6800,0.000017
_0649_,VGND,li1,29.9000,125.1200,0.000018
_0648_,VGND,li1,40.2500,114.2400,0.000026
_0647_,VGND,li1,53.3600,87.0400,0.000005
_0646_,VGND,li1,60.4900,87.0400,0.000005
_0645_,VGND,li1,134.0900,16.3200,0.000013
_0644_,VGND,li1,132.7100,38.0800,0.000038
_0643_,VGND,li1,132.7100,48.9600,0.000005
_0642_,VGND,li1,120.2900,48.9600,0.000004
_0641_,VGND,li1,124.2000,65.2800,0.000029
_0640_,VGND,li1,138.6900,70.7200,0.000011
_0639_,VGND,li1,132.7100,65.2800,0.000035
_0638_,VGND,li1,147.8900,59.8400,0.000037
_0637_,VGND,li1,150.6500,59.8400,0.000037
_0636_,VGND,li1,149.2700,38.0800,0.000040
_0635_,VGND,li1,147.8900,38.0800,0.000040
_0634_,VGND,li1,149.2700,21.7600,0.000007
_0633_,VGND,li1,133.1700,21.7600,0.000006
_0632_,VGND,li1,128.5700,21.7600,0.000006
_0631_,VGND,li1,120.2900,21.7600,0.000004
_0630_,VGND,li1,97.7500,16.3200,0.000006
_0629_,VGND,li1,98.2100,48.9600,0.000004
_0628_,VGND,li1,112.2400,54.4000,0.000007
_0627_,VGND,li1,106.9500,27.2000,0.000003
_0626_,VGND,li1,110.4000,32.6400,0.000011
_0625_,VGND,li1,102.1200,32.6400,0.000007
_0624_,VGND,li1,109.7100,27.2000,0.000004
_0623_,VGND,li1,112.9300,21.7600,0.000004
_0622_,VGND,li1,95.4500,21.7600,0.000005
_0621_,VGND,li1,82.5700,16.3200,0.000010
_0620_,VGND,li1,77.0500,21.7600,0.000007
_0619_,VGND,li1,65.5500,21.7600,0.000008
_0618_,VGND,li1,77.9700,38.0800,0.000029
_0617_,VGND,li1,77.0500,43.5200,0.000020
_0616_,VGND,li1,92.2300,48.9600,0.000006
_0615_,VGND,li1,89.4700,48.9600,0.000007
_0614_,VGND,li1,56.3500,21.7600,0.000008
_0613_,VGND,li1,43.0100,65.2800,0.000045
_0612_,VGND,li1,48.0700,54.4000,0.000012
_0611_,VGND,li1,49.4500,48.9600,0.000016
_0610_,VGND,li1,58.8800,43.5200,0.000021
_0609_,VGND,li1,39.3300,54.4000,0.000010
_0608_,VGND,li1,30.1300,48.9600,0.000014
_0607_,VGND,li1,39.3300,43.5200,0.000020
_0606_,VGND,li1,30.1300,43.5200,0.000016
_0605_,VGND,li1,19.5500,32.6400,0.000005
_0604_,VGND,li1,12.1900,27.2000,0.000001
_0603_,VGND,li1,33.8100,27.2000,0.000005
_0602_,VGND,li1,38.4100,21.7600,0.000007
_0601_,VGND,li1,48.0700,21.7600,0.000007
_0600_,VGND,li1,58.6500,21.7600,0.000008
_0599_,VGND,li1,19.5500,43.5200,0.000008
_0598_,VGND,li1,37.4900,136.0000,0.000029
_0597_,VGND,li1,33.8100,125.1200,0.000021
_0596_,VGND,li1,29.9000,136.0000,0.000022
_0595_,VGND,li1,16.7900,141.4400,0.000002
_0594_,VGND,li1,11.7300,141.4400,0.000002
_0593_,VGND,li1,14.0300,130.5600,0.000003
_0592_,VGND,li1,10.3500,119.6800,0.000007
_0591_,VGND,li1,23.6900,114.2400,0.000013
_0590_,VGND,li1,20.0100,108.8000,0.000015
_0589_,VGND,li1,16.7900,92.4800,0.000004
_0588_,VGND,li1,14.0300,92.4800,0.000003
_0587_,VGND,li1,21.3900,92.4800,0.000006
_0586_,VGND,li1,20.0100,87.0400,0.000003
_0585_,VGND,li1,19.0900,92.4800,0.000005
_0584_,VGND,li1,18.6300,76.1600,0.000004
_0583_,VGND,li1,24.6100,65.2800,0.000024
_0582_,VGND,li1,31.5100,70.7200,0.000024
_0581_,VGND,li1,17.2500,65.2800,0.000013
_0580_,VGND,li1,14.4900,65.2800,0.000009
_0579_,VGND,li1,24.1500,54.4000,0.000006
_0578_,VGND,li1,17.2500,65.2800,0.000013
_0577_,VGND,li1,21.3900,54.4000,0.000005
_0576_,VGND,li1,75.6700,146.8800,0.000014
_0575_,VGND,li1,104.6500,141.4400,0.000003
_0574_,VGND,li1,106.9500,152.3200,0.000003
_0573_,VGND,li1,98.2100,152.3200,0.000004
_0572_,VGND,li1,88.0900,136.0000,0.000030
_0571_,VGND,li1,87.1700,130.5600,0.000012
_0570_,VGND,li1,90.3900,136.0000,0.000028
_0569_,VGND,li1,80.7300,119.6800,0.000015
_0568_,VGND,li1,81.6500,136.0000,0.000033
_0567_,VGND,li1,84.6400,130.5600,0.000013
_0566_,VGND,li1,85.3300,141.4400,0.000006
_0565_,VGND,li1,80.2700,136.0000,0.000034
_0564_,VGND,li1,66.0100,141.4400,0.000006
_0563_,VGND,li1,61.4100,125.1200,0.000023
_0562_,VGND,li1,61.4100,141.4400,0.000006
_0561_,VGND,li1,71.9900,146.8800,0.000015
_0560_,VGND,li1,68.7700,141.4400,0.000006
_0559_,VGND,li1,50.8300,141.4400,0.000006
_0558_,VGND,li1,45.7700,152.3200,0.000006
_0557_,VGND,li1,54.0500,146.8800,0.000015
_0556_,VGND,li1,94.5300,152.3200,0.000004
_0555_,VGND,li1,50.8300,87.0400,0.000005
_0554_,VGND,li1,51.2900,87.0400,0.000005
_0553_,VGND,li1,106.9500,103.3600,0.000015
_0552_,VGND,li1,112.9300,114.2400,0.000018
_0551_,VGND,li1,92.6900,92.4800,0.000010
_0550_,VGND,li1,85.7900,114.2400,0.000032
_0549_,VGND,li1,101.6600,108.8000,0.000010
_0548_,VGND,li1,115.6900,103.3600,0.000023
_0547_,VGND,li1,113.8500,97.9200,0.000015
_0546_,VGND,li1,85.7900,76.1600,0.000011
_0545_,VGND,li1,84.8700,70.7200,0.000017
_0544_,VGND,li1,89.4700,70.7200,0.000015
_0543_,VGND,li1,67.8500,70.7200,0.000025
_0542_,VGND,li1,109.2500,87.0400,0.000004
_0541_,VGND,li1,115.2300,92.4800,0.000008
_0540_,VGND,li1,100.9700,87.0400,0.000003
_0539_,VGND,li1,87.4000,97.9200,0.000011
_0538_,VGND,li1,94.5300,103.3600,0.000022
_0537_,VGND,li1,112.0100,97.9200,0.000014
_0536_,VGND,li1,115.6900,97.9200,0.000017
_0535_,VGND,li1,85.3300,81.6000,0.000035
_0534_,VGND,li1,81.1900,65.2800,0.000048
_0533_,VGND,li1,74.7500,70.7200,0.000022
_0532_,VGND,li1,67.6200,76.1600,0.000012
_0531_,VGND,li1,72.2200,70.7200,0.000023
_0530_,VGND,li1,103.2700,81.6000,0.000013
_0529_,VGND,li1,95.9100,76.1600,0.000010
_0528_,VGND,li1,104.1900,65.2800,0.000019
_0527_,VGND,li1,99.3600,76.1600,0.000009
_0526_,VGND,li1,90.1600,81.6000,0.000029
_0525_,VGND,li1,100.5100,87.0400,0.000003
_0524_,VGND,li1,101.2000,70.7200,0.000008
_0523_,VGND,li1,106.4900,81.6000,0.000011
_0522_,VGND,li1,94.7600,81.6000,0.000023
_0521_,VGND,li1,94.5300,87.0400,0.000004
_0520_,VGND,li1,61.8700,76.1600,0.000013
_0519_,VGND,li1,58.6500,76.1600,0.000013
_0518_,VGND,li1,66.0100,76.1600,0.000013
_0517_,VGND,li1,60.0300,76.1600,0.000013
_0516_,VGND,li1,75.6700,70.7200,0.000022
_0515_,VGND,li1,51.9800,81.6000,0.000022
_0514_,VGND,li1,50.1400,97.9200,0.000010
_0513_,VGND,li1,43.0100,81.6000,0.000017
_0512_,VGND,li1,44.3900,92.4800,0.000014
_0511_,VGND,li1,67.3900,103.3600,0.000033
_0510_,VGND,li1,52.4400,76.1600,0.000013
_0509_,VGND,li1,39.3300,103.3600,0.000028
_0508_,VGND,li1,42.5500,114.2400,0.000028
_0507_,VGND,li1,49.6800,103.3600,0.000032
_0506_,VGND,li1,54.9700,108.8000,0.000038
_0505_,VGND,li1,49.6800,108.8000,0.000040
_0504_,VGND,li1,43.9300,103.3600,0.000030
_0503_,VGND,li1,56.3500,119.6800,0.000020
_0502_,VGND,li1,46.9200,103.3600,0.000031
_0501_,VGND,li1,38.6400,103.3600,0.000028
_0500_,VGND,li1,37.0300,97.9200,0.000008
_0499_,VGND,li1,29.9000,97.9200,0.000007
_0498_,VGND,li1,71.9900,103.3600,0.000031
_0497_,VGND,li1,46.2300,119.6800,0.000020
_0496_,VGND,li1,46.6900,97.9200,0.000009
_0495_,VGND,li1,80.2700,97.9200,0.000012
_0494_,VGND,li1,61.8700,108.8000,0.000035
_0493_,VGND,li1,43.0100,87.0400,0.000005
_0492_,VGND,li1,132.7100,125.1200,0.000029
_0491_,VGND,li1,130.6400,114.2400,0.000026
_0490_,VGND,li1,123.9700,125.1200,0.000023
_0489_,VGND,li1,125.8100,108.8000,0.000011
_0488_,VGND,li1,123.7400,114.2400,0.000023
_0487_,VGND,li1,119.6000,130.5600,0.000020
_0486_,VGND,li1,110.8600,125.1200,0.000012
_0485_,VGND,li1,146.0500,130.5600,0.000029
_0484_,VGND,li1,140.0700,125.1200,0.000031
_0483_,VGND,li1,151.3400,119.6800,0.000030
_0482_,VGND,li1,146.9700,114.2400,0.000027
_0481_,VGND,li1,151.1100,103.3600,0.000031
_0480_,VGND,li1,146.0500,97.9200,0.000035
_0479_,VGND,li1,146.0500,92.4800,0.000012
_0478_,VGND,li1,139.3800,87.0400,0.000010
_0477_,VGND,li1,120.7500,87.0400,0.000008
_0476_,VGND,li1,123.2800,97.9200,0.000023
_0475_,VGND,li1,126.7300,103.3600,0.000027
_0474_,VGND,li1,119.3700,92.4800,0.000009
_0473_,VGND,li1,119.8300,103.3600,0.000024
_0472_,VGND,li1,141.9100,130.5600,0.000029
_0471_,VGND,li1,69.4600,59.8400,0.000027
_0470_,VGND,li1,66.0100,65.2800,0.000054
_0469_,VGND,li1,101.4300,103.3600,0.000015
_0468_,VGND,li1,84.1800,97.9200,0.000012
_0467_,VGND,li1,93.1500,114.2400,0.000026
_0466_,VGND,li1,107.4100,97.9200,0.000009
_0465_,VGND,li1,110.4000,103.3600,0.000019
_0464_,VGND,li1,85.1000,59.8400,0.000024
_0463_,VGND,li1,64.8600,70.7200,0.000026
_0462_,VGND,li1,62.3300,70.7200,0.000028
_0461_,VGND,li1,98.2100,103.3600,0.000018
_0460_,VGND,li1,90.1600,92.4800,0.000011
_0459_,VGND,li1,88.0900,92.4800,0.000011
_0458_,VGND,li1,102.8100,92.4800,0.000006
_0457_,VGND,li1,106.2600,92.4800,0.000005
_0456_,VGND,li1,106.4900,92.4800,0.000005
_0455_,VGND,li1,110.4000,114.2400,0.000016
_0454_,VGND,li1,106.2600,103.3600,0.000015
_0453_,VGND,li1,105.3400,97.9200,0.000007
_0452_,VGND,li1,67.6200,59.8400,0.000028
_0451_,VGND,li1,71.9900,70.7200,0.000023
_0450_,VGND,li1,80.2700,59.8400,0.000025
_0449_,VGND,li1,64.6300,81.6000,0.000028
_0448_,VGND,li1,70.6100,76.1600,0.000012
_0447_,VGND,li1,68.3100,70.7200,0.000025
_0446_,VGND,li1,135.9300,43.5200,0.000033
_0445_,VGND,li1,103.2700,48.9600,0.000003
_0444_,VGND,li1,50.3700,70.7200,0.000031
_0443_,VGND,li1,73.8300,108.8000,0.000029
_0442_,VGND,li1,120.7500,92.4800,0.000009
_0441_,VGND,li1,119.3700,97.9200,0.000019
_0440_,VGND,li1,79.3500,87.0400,0.000005
_0439_,VGND,li1,45.7700,97.9200,0.000009
_0438_,VGND,li1,52.2100,108.8000,0.000039
_0437_,VGND,li1,138.6900,130.5600,0.000029
_0436_,VGND,li1,64.6300,76.1600,0.000013
_0435_,VGND,li1,115.2300,125.1200,0.000016
