Instance,Terminal,Layer,X location,Y location,Voltage
FILLER_53_318,VPWR,li1,152.2600,155.0400,1.799995
FILLER_53_315,VPWR,li1,151.1100,155.0400,1.799995
FILLER_53_312,VPWR,li1,149.7300,155.0400,1.799995
FILLER_53_309,VPWR,li1,148.3500,155.0400,1.799995
FILLER_53_305,VPWR,li1,146.5100,155.0400,1.799995
FILLER_53_302,VPWR,li1,145.1300,155.0400,1.799995
FILLER_53_299,VPWR,li1,143.7500,155.0400,1.799995
FILLER_53_290,VPWR,li1,139.1500,155.0400,1.799995
FILLER_53_287,VPWR,li1,138.2300,155.0400,1.799995
FILLER_53_284,VPWR,li1,136.8500,155.0400,1.799995
FILLER_53_281,VPWR,li1,135.4700,155.0400,1.799995
FILLER_53_271,VPWR,li1,130.4100,155.0400,1.799996
FILLER_53_268,VPWR,li1,129.4900,155.0400,1.799996
FILLER_53_265,VPWR,li1,128.1100,155.0400,1.799996
FILLER_53_262,VPWR,li1,126.7300,155.0400,1.799996
FILLER_53_259,VPWR,li1,125.3500,155.0400,1.799997
FILLER_53_256,VPWR,li1,123.9700,155.0400,1.799997
FILLER_53_253,VPWR,li1,122.5900,155.0400,1.799997
FILLER_53_249,VPWR,li1,120.7500,155.0400,1.799997
FILLER_53_246,VPWR,li1,119.3700,155.0400,1.799997
FILLER_53_243,VPWR,li1,117.9900,155.0400,1.799997
FILLER_53_240,VPWR,li1,116.6100,155.0400,1.799998
FILLER_53_237,VPWR,li1,115.2300,155.0400,1.799998
FILLER_53_234,VPWR,li1,113.8500,155.0400,1.799998
FILLER_53_231,VPWR,li1,112.4700,155.0400,1.799998
FILLER_53_228,VPWR,li1,111.0900,155.0400,1.799998
FILLER_53_225,VPWR,li1,109.7100,155.0400,1.799998
FILLER_53_223,VPWR,li1,108.3300,155.0400,1.799998
FILLER_53_220,VPWR,li1,107.4100,155.0400,1.799998
FILLER_53_217,VPWR,li1,106.0300,155.0400,1.799999
FILLER_53_214,VPWR,li1,104.6500,155.0400,1.799999
FILLER_53_211,VPWR,li1,103.2700,155.0400,1.799999
FILLER_53_208,VPWR,li1,101.8900,155.0400,1.799999
FILLER_53_203,VPWR,li1,99.3600,155.0400,1.799999
FILLER_53_200,VPWR,li1,98.2100,155.0400,1.799999
FILLER_53_197,VPWR,li1,96.8300,155.0400,1.799999
FILLER_53_193,VPWR,li1,94.9900,155.0400,1.799999
FILLER_53_190,VPWR,li1,93.6100,155.0400,1.799999
FILLER_53_187,VPWR,li1,92.2300,155.0400,1.799999
FILLER_53_184,VPWR,li1,90.8500,155.0400,1.799999
FILLER_53_181,VPWR,li1,89.4700,155.0400,1.799999
FILLER_53_178,VPWR,li1,88.0900,155.0400,1.799999
FILLER_53_175,VPWR,li1,86.7100,155.0400,1.799999
FILLER_53_172,VPWR,li1,85.3300,155.0400,1.799999
FILLER_53_169,VPWR,li1,83.9500,155.0400,1.799999
FILLER_53_165,VPWR,li1,82.1100,155.0400,1.799999
FILLER_53_162,VPWR,li1,80.7300,155.0400,1.799999
FILLER_53_159,VPWR,li1,79.3500,155.0400,1.800000
FILLER_53_156,VPWR,li1,77.9700,155.0400,1.800000
FILLER_53_153,VPWR,li1,76.5900,155.0400,1.800000
FILLER_53_150,VPWR,li1,75.2100,155.0400,1.800000
FILLER_53_147,VPWR,li1,73.8300,155.0400,1.800000
FILLER_53_144,VPWR,li1,72.4500,155.0400,1.800000
FILLER_53_141,VPWR,li1,71.0700,155.0400,1.800000
FILLER_53_138,VPWR,li1,69.4600,155.0400,1.800000
FILLER_53_128,VPWR,li1,64.8600,155.0400,1.800000
FILLER_53_125,VPWR,li1,63.7100,155.0400,1.800000
FILLER_53_122,VPWR,li1,62.3300,155.0400,1.800000
FILLER_53_116,VPWR,li1,59.5700,155.0400,1.800000
FILLER_53_113,VPWR,li1,58.1900,155.0400,1.800000
FILLER_53_110,VPWR,li1,56.5800,155.0400,1.800000
FILLER_53_107,VPWR,li1,55.4300,155.0400,1.800000
FILLER_53_104,VPWR,li1,54.0500,155.0400,1.800000
FILLER_53_101,VPWR,li1,52.6700,155.0400,1.800000
FILLER_53_98,VPWR,li1,51.2900,155.0400,1.800000
FILLER_53_95,VPWR,li1,49.9100,155.0400,1.800000
FILLER_53_88,VPWR,li1,46.4600,155.0400,1.800000
FILLER_53_85,VPWR,li1,45.3100,155.0400,1.800000
FILLER_53_81,VPWR,li1,43.4700,155.0400,1.800000
FILLER_53_78,VPWR,li1,42.0900,155.0400,1.800000
FILLER_53_75,VPWR,li1,40.7100,155.0400,1.800000
FILLER_53_72,VPWR,li1,39.3300,155.0400,1.800000
FILLER_53_69,VPWR,li1,37.9500,155.0400,1.800000
FILLER_53_66,VPWR,li1,36.5700,155.0400,1.800000
FILLER_53_63,VPWR,li1,35.1900,155.0400,1.800000
FILLER_53_60,VPWR,li1,33.8100,155.0400,1.800000
FILLER_53_57,VPWR,li1,32.4300,155.0400,1.800000
FILLER_53_54,VPWR,li1,30.8200,155.0400,1.800000
FILLER_53_51,VPWR,li1,29.6700,155.0400,1.800000
FILLER_53_48,VPWR,li1,28.2900,155.0400,1.800000
FILLER_53_45,VPWR,li1,26.9100,155.0400,1.800000
FILLER_53_42,VPWR,li1,25.5300,155.0400,1.800000
FILLER_53_39,VPWR,li1,24.1500,155.0400,1.800000
FILLER_53_36,VPWR,li1,22.7700,155.0400,1.800000
FILLER_53_32,VPWR,li1,20.4700,155.0400,1.800000
FILLER_53_29,VPWR,li1,19.5500,155.0400,1.800000
FILLER_53_27,VPWR,li1,18.1700,155.0400,1.800000
FILLER_53_24,VPWR,li1,17.2500,155.0400,1.800000
FILLER_53_21,VPWR,li1,15.8700,155.0400,1.800000
FILLER_53_18,VPWR,li1,14.4900,155.0400,1.800000
FILLER_53_15,VPWR,li1,13.1100,155.0400,1.800000
FILLER_53_12,VPWR,li1,11.7300,155.0400,1.800000
FILLER_53_9,VPWR,li1,10.3500,155.0400,1.800000
FILLER_53_6,VPWR,li1,8.9700,155.0400,1.800000
FILLER_53_3,VPWR,li1,7.5900,155.0400,1.800000
FILLER_52_318,VPWR,li1,152.2600,155.0400,1.799995
FILLER_52_315,VPWR,li1,151.1100,155.0400,1.799995
FILLER_52_312,VPWR,li1,149.7300,155.0400,1.799995
FILLER_52_309,VPWR,li1,148.3500,155.0400,1.799995
FILLER_52_306,VPWR,li1,146.7400,155.0400,1.799995
FILLER_52_303,VPWR,li1,145.5900,155.0400,1.799995
FILLER_52_300,VPWR,li1,144.2100,155.0400,1.799995
FILLER_52_269,VPWR,li1,129.7200,155.0400,1.799996
FILLER_52_260,VPWR,li1,125.3500,155.0400,1.799997
FILLER_52_253,VPWR,li1,122.1300,155.0400,1.799997
FILLER_52_251,VPWR,li1,121.2100,155.0400,1.799997
FILLER_52_248,VPWR,li1,120.2900,155.0400,1.799997
FILLER_52_245,VPWR,li1,118.9100,155.0400,1.799997
FILLER_52_242,VPWR,li1,117.5300,155.0400,1.799997
FILLER_52_239,VPWR,li1,116.1500,155.0400,1.799998
FILLER_52_236,VPWR,li1,114.7700,155.0400,1.799998
FILLER_52_233,VPWR,li1,113.3900,155.0400,1.799998
FILLER_52_230,VPWR,li1,112.0100,155.0400,1.799998
FILLER_52_227,VPWR,li1,110.6300,155.0400,1.799998
FILLER_52_224,VPWR,li1,109.2500,155.0400,1.799998
FILLER_52_221,VPWR,li1,107.8700,155.0400,1.799998
FILLER_52_210,VPWR,li1,102.5800,155.0400,1.799999
FILLER_52_207,VPWR,li1,101.4300,155.0400,1.799999
FILLER_52_204,VPWR,li1,100.0500,155.0400,1.799999
FILLER_52_197,VPWR,li1,96.6000,155.0400,1.799999
FILLER_52_171,VPWR,li1,84.6400,155.0400,1.799999
FILLER_52_168,VPWR,li1,83.4900,155.0400,1.799999
FILLER_52_165,VPWR,li1,82.1100,155.0400,1.799999
FILLER_52_162,VPWR,li1,80.7300,155.0400,1.799999
FILLER_52_159,VPWR,li1,79.3500,155.0400,1.800000
FILLER_52_156,VPWR,li1,77.9700,155.0400,1.800000
FILLER_52_153,VPWR,li1,76.5900,155.0400,1.800000
FILLER_52_150,VPWR,li1,75.2100,155.0400,1.800000
FILLER_52_147,VPWR,li1,73.8300,155.0400,1.800000
FILLER_52_144,VPWR,li1,72.4500,155.0400,1.800000
FILLER_52_141,VPWR,li1,71.0700,155.0400,1.800000
FILLER_52_122,VPWR,li1,61.8700,155.0400,1.800000
FILLER_52_119,VPWR,li1,60.9500,155.0400,1.800000
FILLER_52_116,VPWR,li1,59.5700,155.0400,1.800000
FILLER_52_113,VPWR,li1,58.1900,155.0400,1.800000
FILLER_52_110,VPWR,li1,56.8100,155.0400,1.800000
FILLER_52_83,VPWR,li1,43.9300,155.0400,1.800000
FILLER_52_80,VPWR,li1,43.0100,155.0400,1.800000
FILLER_52_77,VPWR,li1,41.6300,155.0400,1.800000
FILLER_52_74,VPWR,li1,40.2500,155.0400,1.800000
FILLER_52_71,VPWR,li1,38.8700,155.0400,1.800000
FILLER_52_68,VPWR,li1,37.4900,155.0400,1.800000
FILLER_52_65,VPWR,li1,36.1100,155.0400,1.800000
FILLER_52_62,VPWR,li1,34.7300,155.0400,1.800000
FILLER_52_59,VPWR,li1,33.3500,155.0400,1.800000
FILLER_52_56,VPWR,li1,31.9700,155.0400,1.800000
FILLER_52_53,VPWR,li1,30.5900,155.0400,1.800000
FILLER_52_50,VPWR,li1,29.2100,155.0400,1.800000
FILLER_52_47,VPWR,li1,27.8300,155.0400,1.800000
FILLER_52_44,VPWR,li1,26.4500,155.0400,1.800000
FILLER_52_41,VPWR,li1,25.0700,155.0400,1.800000
FILLER_52_38,VPWR,li1,23.6900,155.0400,1.800000
FILLER_52_35,VPWR,li1,22.3100,155.0400,1.800000
FILLER_52_32,VPWR,li1,20.9300,155.0400,1.800000
FILLER_52_29,VPWR,li1,19.5500,155.0400,1.800000
FILLER_52_27,VPWR,li1,18.1700,155.0400,1.800000
FILLER_52_24,VPWR,li1,17.2500,155.0400,1.800000
FILLER_52_21,VPWR,li1,15.8700,155.0400,1.800000
FILLER_52_18,VPWR,li1,14.4900,155.0400,1.800000
FILLER_52_15,VPWR,li1,13.1100,155.0400,1.800000
FILLER_52_12,VPWR,li1,11.7300,155.0400,1.800000
FILLER_52_9,VPWR,li1,10.3500,155.0400,1.800000
FILLER_52_6,VPWR,li1,8.9700,155.0400,1.800000
FILLER_52_3,VPWR,li1,7.5900,155.0400,1.800000
FILLER_51_317,VPWR,li1,152.0300,149.6000,1.799984
FILLER_51_314,VPWR,li1,150.6500,149.6000,1.799984
FILLER_51_311,VPWR,li1,149.2700,149.6000,1.799984
FILLER_51_308,VPWR,li1,147.8900,149.6000,1.799984
FILLER_51_292,VPWR,li1,140.3000,149.6000,1.799984
FILLER_51_270,VPWR,li1,130.1800,149.6000,1.799985
FILLER_51_267,VPWR,li1,129.0300,149.6000,1.799985
FILLER_51_236,VPWR,li1,114.7700,149.6000,1.799989
FILLER_51_233,VPWR,li1,113.3900,149.6000,1.799989
FILLER_51_202,VPWR,li1,98.9000,149.6000,1.799995
FILLER_51_172,VPWR,li1,84.8700,149.6000,1.799990
FILLER_51_169,VPWR,li1,83.9500,149.6000,1.799990
FILLER_51_165,VPWR,li1,82.1100,149.6000,1.799989
FILLER_51_162,VPWR,li1,80.7300,149.6000,1.799989
FILLER_51_156,VPWR,li1,77.5100,149.6000,1.799989
FILLER_51_153,VPWR,li1,76.5900,149.6000,1.799988
FILLER_51_150,VPWR,li1,75.2100,149.6000,1.799988
FILLER_51_147,VPWR,li1,73.8300,149.6000,1.799988
FILLER_51_116,VPWR,li1,59.3400,149.6000,1.799987
FILLER_51_113,VPWR,li1,58.1900,149.6000,1.799987
FILLER_51_101,VPWR,li1,52.6700,149.6000,1.799987
FILLER_51_78,VPWR,li1,41.8600,149.6000,1.799989
FILLER_51_75,VPWR,li1,40.7100,149.6000,1.799990
FILLER_51_72,VPWR,li1,39.3300,149.6000,1.799990
FILLER_51_69,VPWR,li1,37.9500,149.6000,1.799990
FILLER_51_66,VPWR,li1,36.5700,149.6000,1.799991
FILLER_51_63,VPWR,li1,35.1900,149.6000,1.799991
FILLER_51_60,VPWR,li1,33.8100,149.6000,1.799991
FILLER_51_57,VPWR,li1,32.4300,149.6000,1.799992
FILLER_51_54,VPWR,li1,30.8200,149.6000,1.799993
FILLER_51_51,VPWR,li1,29.6700,149.6000,1.799993
FILLER_51_48,VPWR,li1,28.2900,149.6000,1.799993
FILLER_51_45,VPWR,li1,26.9100,149.6000,1.799994
FILLER_51_42,VPWR,li1,25.5300,149.6000,1.799994
FILLER_51_39,VPWR,li1,24.1500,149.6000,1.799994
FILLER_51_36,VPWR,li1,22.7700,149.6000,1.799995
FILLER_51_33,VPWR,li1,21.3900,149.6000,1.799995
FILLER_51_30,VPWR,li1,20.0100,149.6000,1.799995
FILLER_51_27,VPWR,li1,18.6300,149.6000,1.799996
FILLER_51_24,VPWR,li1,17.2500,149.6000,1.799996
FILLER_51_21,VPWR,li1,15.8700,149.6000,1.799997
FILLER_51_18,VPWR,li1,14.4900,149.6000,1.799997
FILLER_51_15,VPWR,li1,13.1100,149.6000,1.799998
FILLER_51_12,VPWR,li1,11.7300,149.6000,1.799998
FILLER_51_9,VPWR,li1,10.3500,149.6000,1.799998
FILLER_51_6,VPWR,li1,8.9700,149.6000,1.799998
FILLER_51_3,VPWR,li1,7.5900,149.6000,1.799998
FILLER_50_318,VPWR,li1,152.2600,149.6000,1.799984
FILLER_50_315,VPWR,li1,151.1100,149.6000,1.799984
FILLER_50_312,VPWR,li1,149.7300,149.6000,1.799984
FILLER_50_309,VPWR,li1,148.3500,149.6000,1.799984
FILLER_50_305,VPWR,li1,146.5100,149.6000,1.799984
FILLER_50_302,VPWR,li1,145.1300,149.6000,1.799984
FILLER_50_197,VPWR,li1,96.8300,149.6000,1.799994
FILLER_50_148,VPWR,li1,74.2900,149.6000,1.799988
FILLER_50_137,VPWR,li1,69.2300,149.6000,1.799987
FILLER_50_106,VPWR,li1,54.9700,149.6000,1.799987
FILLER_50_74,VPWR,li1,40.2500,149.6000,1.799990
FILLER_50_71,VPWR,li1,38.8700,149.6000,1.799990
FILLER_50_68,VPWR,li1,37.4900,149.6000,1.799990
FILLER_50_65,VPWR,li1,36.1100,149.6000,1.799991
FILLER_50_62,VPWR,li1,34.7300,149.6000,1.799991
FILLER_50_59,VPWR,li1,33.3500,149.6000,1.799991
FILLER_50_56,VPWR,li1,31.9700,149.6000,1.799992
FILLER_50_53,VPWR,li1,30.5900,149.6000,1.799993
FILLER_50_50,VPWR,li1,29.2100,149.6000,1.799993
FILLER_50_47,VPWR,li1,27.8300,149.6000,1.799993
FILLER_50_44,VPWR,li1,26.4500,149.6000,1.799994
FILLER_50_41,VPWR,li1,25.0700,149.6000,1.799994
FILLER_50_38,VPWR,li1,23.6900,149.6000,1.799994
FILLER_50_35,VPWR,li1,22.3100,149.6000,1.799995
FILLER_50_32,VPWR,li1,20.9300,149.6000,1.799995
FILLER_50_29,VPWR,li1,19.5500,149.6000,1.799995
FILLER_50_27,VPWR,li1,18.1700,149.6000,1.799996
FILLER_50_24,VPWR,li1,17.2500,149.6000,1.799996
FILLER_50_21,VPWR,li1,15.8700,149.6000,1.799997
FILLER_50_18,VPWR,li1,14.4900,149.6000,1.799997
FILLER_50_15,VPWR,li1,13.1100,149.6000,1.799998
FILLER_50_12,VPWR,li1,11.7300,149.6000,1.799998
FILLER_50_9,VPWR,li1,10.3500,149.6000,1.799998
FILLER_50_6,VPWR,li1,8.9700,149.6000,1.799998
FILLER_50_3,VPWR,li1,7.5900,149.6000,1.799998
FILLER_49_319,VPWR,li1,152.4900,144.1600,1.799987
FILLER_49_281,VPWR,li1,135.2400,144.1600,1.799988
FILLER_49_273,VPWR,li1,131.3300,144.1600,1.799989
FILLER_49_264,VPWR,li1,127.6500,144.1600,1.799989
FILLER_49_235,VPWR,li1,114.0800,144.1600,1.799991
FILLER_49_228,VPWR,li1,110.6300,144.1600,1.799992
FILLER_49_225,VPWR,li1,109.7100,144.1600,1.799992
FILLER_49_200,VPWR,li1,98.2100,144.1600,1.799995
FILLER_49_177,VPWR,li1,87.4000,144.1600,1.799992
FILLER_49_146,VPWR,li1,72.9100,144.1600,1.799988
FILLER_49_116,VPWR,li1,59.5700,144.1600,1.799988
FILLER_49_113,VPWR,li1,58.1900,144.1600,1.799988
FILLER_49_111,VPWR,li1,56.8100,144.1600,1.799988
FILLER_49_108,VPWR,li1,55.8900,144.1600,1.799988
FILLER_49_81,VPWR,li1,43.0100,144.1600,1.799990
FILLER_49_78,VPWR,li1,42.0900,144.1600,1.799990
FILLER_49_75,VPWR,li1,40.7100,144.1600,1.799990
FILLER_49_72,VPWR,li1,39.3300,144.1600,1.799991
FILLER_49_69,VPWR,li1,37.9500,144.1600,1.799991
FILLER_49_66,VPWR,li1,36.5700,144.1600,1.799991
FILLER_49_63,VPWR,li1,35.1900,144.1600,1.799991
FILLER_49_60,VPWR,li1,33.8100,144.1600,1.799991
FILLER_49_57,VPWR,li1,32.4300,144.1600,1.799992
FILLER_49_54,VPWR,li1,30.8200,144.1600,1.799992
FILLER_49_51,VPWR,li1,29.6700,144.1600,1.799992
FILLER_49_48,VPWR,li1,28.2900,144.1600,1.799993
FILLER_49_45,VPWR,li1,26.9100,144.1600,1.799993
FILLER_49_42,VPWR,li1,25.5300,144.1600,1.799994
FILLER_49_39,VPWR,li1,24.1500,144.1600,1.799994
FILLER_49_36,VPWR,li1,22.7700,144.1600,1.799994
FILLER_49_33,VPWR,li1,21.3900,144.1600,1.799995
FILLER_49_30,VPWR,li1,20.0100,144.1600,1.799996
FILLER_49_27,VPWR,li1,18.6300,144.1600,1.799996
FILLER_49_24,VPWR,li1,17.2500,144.1600,1.799996
FILLER_49_21,VPWR,li1,15.8700,144.1600,1.799996
FILLER_49_18,VPWR,li1,14.4900,144.1600,1.799997
FILLER_49_15,VPWR,li1,13.1100,144.1600,1.799998
FILLER_49_12,VPWR,li1,11.7300,144.1600,1.799998
FILLER_49_9,VPWR,li1,10.3500,144.1600,1.799998
FILLER_49_6,VPWR,li1,8.9700,144.1600,1.799998
FILLER_49_3,VPWR,li1,7.5900,144.1600,1.799998
FILLER_48_318,VPWR,li1,152.2600,144.1600,1.799987
FILLER_48_315,VPWR,li1,151.1100,144.1600,1.799987
FILLER_48_312,VPWR,li1,149.7300,144.1600,1.799987
FILLER_48_309,VPWR,li1,148.3500,144.1600,1.799987
FILLER_48_294,VPWR,li1,140.9900,144.1600,1.799987
FILLER_48_291,VPWR,li1,140.0700,144.1600,1.799987
FILLER_48_288,VPWR,li1,138.6900,144.1600,1.799988
FILLER_48_285,VPWR,li1,137.3100,144.1600,1.799988
FILLER_48_282,VPWR,li1,135.9300,144.1600,1.799988
FILLER_48_279,VPWR,li1,134.5500,144.1600,1.799988
FILLER_48_270,VPWR,li1,129.9500,144.1600,1.799989
FILLER_48_267,VPWR,li1,129.0300,144.1600,1.799989
FILLER_48_264,VPWR,li1,127.6500,144.1600,1.799989
FILLER_48_253,VPWR,li1,122.5900,144.1600,1.799990
FILLER_48_234,VPWR,li1,113.8500,144.1600,1.799991
FILLER_48_203,VPWR,li1,99.3600,144.1600,1.799995
FILLER_48_197,VPWR,li1,96.3700,144.1600,1.799994
FILLER_48_193,VPWR,li1,94.9900,144.1600,1.799994
FILLER_48_182,VPWR,li1,89.9300,144.1600,1.799992
FILLER_48_179,VPWR,li1,88.5500,144.1600,1.799992
FILLER_48_176,VPWR,li1,87.1700,144.1600,1.799992
FILLER_48_147,VPWR,li1,73.8300,144.1600,1.799988
FILLER_48_144,VPWR,li1,72.4500,144.1600,1.799988
FILLER_48_141,VPWR,li1,71.0700,144.1600,1.799988
FILLER_48_139,VPWR,li1,69.6900,144.1600,1.799988
FILLER_48_120,VPWR,li1,60.9500,144.1600,1.799988
FILLER_48_117,VPWR,li1,60.0300,144.1600,1.799988
FILLER_48_114,VPWR,li1,58.6500,144.1600,1.799988
FILLER_48_111,VPWR,li1,57.2700,144.1600,1.799988
FILLER_48_108,VPWR,li1,55.8900,144.1600,1.799988
FILLER_48_105,VPWR,li1,54.5100,144.1600,1.799989
FILLER_48_102,VPWR,li1,53.1300,144.1600,1.799989
FILLER_48_85,VPWR,li1,45.3100,144.1600,1.799990
FILLER_48_83,VPWR,li1,43.9300,144.1600,1.799990
FILLER_48_80,VPWR,li1,43.0100,144.1600,1.799990
FILLER_48_77,VPWR,li1,41.6300,144.1600,1.799990
FILLER_48_74,VPWR,li1,40.2500,144.1600,1.799990
FILLER_48_71,VPWR,li1,38.8700,144.1600,1.799991
FILLER_48_47,VPWR,li1,27.8300,144.1600,1.799993
FILLER_48_44,VPWR,li1,26.4500,144.1600,1.799994
FILLER_48_41,VPWR,li1,25.0700,144.1600,1.799994
FILLER_48_38,VPWR,li1,23.6900,144.1600,1.799994
FILLER_48_35,VPWR,li1,22.3100,144.1600,1.799995
FILLER_48_32,VPWR,li1,20.9300,144.1600,1.799995
FILLER_48_29,VPWR,li1,19.5500,144.1600,1.799996
FILLER_48_9,VPWR,li1,10.1200,144.1600,1.799998
FILLER_48_6,VPWR,li1,8.9700,144.1600,1.799998
FILLER_48_3,VPWR,li1,7.5900,144.1600,1.799998
FILLER_47_319,VPWR,li1,152.4900,138.7200,1.799979
FILLER_47_316,VPWR,li1,151.5700,138.7200,1.799979
FILLER_47_313,VPWR,li1,150.1900,138.7200,1.799979
FILLER_47_290,VPWR,li1,139.3800,138.7200,1.799980
FILLER_47_287,VPWR,li1,138.2300,138.7200,1.799980
FILLER_47_284,VPWR,li1,136.8500,138.7200,1.799980
FILLER_47_281,VPWR,li1,135.4700,138.7200,1.799980
FILLER_47_279,VPWR,li1,134.0900,138.7200,1.799980
FILLER_47_269,VPWR,li1,129.7200,138.7200,1.799981
FILLER_47_240,VPWR,li1,116.1500,138.7200,1.799984
FILLER_47_237,VPWR,li1,115.2300,138.7200,1.799984
FILLER_47_234,VPWR,li1,113.8500,138.7200,1.799985
FILLER_47_231,VPWR,li1,112.4700,138.7200,1.799986
FILLER_47_228,VPWR,li1,111.0900,138.7200,1.799986
FILLER_47_225,VPWR,li1,109.7100,138.7200,1.799987
FILLER_47_221,VPWR,li1,107.8700,138.7200,1.799987
FILLER_47_218,VPWR,li1,106.4900,138.7200,1.799987
FILLER_47_212,VPWR,li1,103.2700,138.7200,1.799990
FILLER_47_209,VPWR,li1,102.3500,138.7200,1.799990
FILLER_47_206,VPWR,li1,100.9700,138.7200,1.799992
FILLER_47_203,VPWR,li1,99.5900,138.7200,1.799991
FILLER_47_181,VPWR,li1,89.0100,138.7200,1.799989
FILLER_47_178,VPWR,li1,88.0900,138.7200,1.799988
FILLER_47_175,VPWR,li1,86.7100,138.7200,1.799988
FILLER_47_172,VPWR,li1,85.3300,138.7200,1.799988
FILLER_47_169,VPWR,li1,83.9500,138.7200,1.799987
FILLER_47_167,VPWR,li1,82.5700,138.7200,1.799987
FILLER_47_152,VPWR,li1,75.9000,138.7200,1.799985
FILLER_47_149,VPWR,li1,74.7500,138.7200,1.799985
FILLER_47_146,VPWR,li1,73.3700,138.7200,1.799985
FILLER_47_143,VPWR,li1,71.9900,138.7200,1.799985
FILLER_47_140,VPWR,li1,70.6100,138.7200,1.799985
FILLER_47_127,VPWR,li1,64.1700,138.7200,1.799983
FILLER_47_124,VPWR,li1,63.2500,138.7200,1.799983
FILLER_47_113,VPWR,li1,57.7300,138.7200,1.799981
FILLER_47_109,VPWR,li1,56.3500,138.7200,1.799981
FILLER_47_100,VPWR,li1,51.7500,138.7200,1.799980
FILLER_47_97,VPWR,li1,50.8300,138.7200,1.799980
FILLER_47_86,VPWR,li1,45.3100,138.7200,1.799982
FILLER_47_83,VPWR,li1,44.3900,138.7200,1.799983
FILLER_47_80,VPWR,li1,43.0100,138.7200,1.799984
FILLER_47_77,VPWR,li1,41.6300,138.7200,1.799984
FILLER_47_74,VPWR,li1,40.2500,138.7200,1.799985
FILLER_47_63,VPWR,li1,35.1900,138.7200,1.799986
FILLER_47_54,VPWR,li1,30.8200,138.7200,1.799988
FILLER_47_51,VPWR,li1,29.6700,138.7200,1.799989
FILLER_47_48,VPWR,li1,28.2900,138.7200,1.799990
FILLER_47_45,VPWR,li1,26.9100,138.7200,1.799990
FILLER_47_42,VPWR,li1,25.5300,138.7200,1.799991
FILLER_47_39,VPWR,li1,24.1500,138.7200,1.799991
FILLER_47_36,VPWR,li1,22.7700,138.7200,1.799991
FILLER_47_33,VPWR,li1,21.3900,138.7200,1.799992
FILLER_47_3,VPWR,li1,7.3600,138.7200,1.799997
FILLER_46_317,VPWR,li1,152.0300,138.7200,1.799979
FILLER_46_292,VPWR,li1,140.5300,138.7200,1.799979
FILLER_46_289,VPWR,li1,139.1500,138.7200,1.799980
FILLER_46_286,VPWR,li1,137.7700,138.7200,1.799980
FILLER_46_283,VPWR,li1,136.3900,138.7200,1.799980
FILLER_46_280,VPWR,li1,135.0100,138.7200,1.799980
FILLER_46_277,VPWR,li1,133.6300,138.7200,1.799980
FILLER_46_253,VPWR,li1,122.5900,138.7200,1.799982
FILLER_46_250,VPWR,li1,120.9800,138.7200,1.799983
FILLER_46_247,VPWR,li1,119.8300,138.7200,1.799983
FILLER_46_244,VPWR,li1,118.4500,138.7200,1.799984
FILLER_46_241,VPWR,li1,117.0700,138.7200,1.799984
FILLER_46_238,VPWR,li1,115.6900,138.7200,1.799984
FILLER_46_235,VPWR,li1,114.3100,138.7200,1.799985
FILLER_46_232,VPWR,li1,112.9300,138.7200,1.799985
FILLER_46_229,VPWR,li1,111.5500,138.7200,1.799986
FILLER_46_206,VPWR,li1,100.9700,138.7200,1.799992
FILLER_46_203,VPWR,li1,99.5900,138.7200,1.799991
FILLER_46_200,VPWR,li1,98.2100,138.7200,1.799991
FILLER_46_197,VPWR,li1,96.8300,138.7200,1.799991
FILLER_46_180,VPWR,li1,89.0100,138.7200,1.799989
FILLER_46_177,VPWR,li1,87.6300,138.7200,1.799988
FILLER_46_174,VPWR,li1,86.2500,138.7200,1.799988
FILLER_46_171,VPWR,li1,84.8700,138.7200,1.799988
FILLER_46_168,VPWR,li1,83.4900,138.7200,1.799987
FILLER_46_165,VPWR,li1,82.1100,138.7200,1.799987
FILLER_46_159,VPWR,li1,78.8900,138.7200,1.799986
FILLER_46_156,VPWR,li1,77.9700,138.7200,1.799986
FILLER_46_153,VPWR,li1,76.5900,138.7200,1.799986
FILLER_46_150,VPWR,li1,75.2100,138.7200,1.799985
FILLER_46_147,VPWR,li1,73.8300,138.7200,1.799985
FILLER_46_144,VPWR,li1,72.4500,138.7200,1.799985
FILLER_46_141,VPWR,li1,71.0700,138.7200,1.799985
FILLER_46_139,VPWR,li1,69.6900,138.7200,1.799984
FILLER_46_136,VPWR,li1,68.7700,138.7200,1.799984
FILLER_46_127,VPWR,li1,64.1700,138.7200,1.799983
FILLER_46_111,VPWR,li1,57.0400,138.7200,1.799981
FILLER_46_88,VPWR,li1,46.6900,138.7200,1.799982
FILLER_46_85,VPWR,li1,45.3100,138.7200,1.799982
FILLER_46_81,VPWR,li1,43.4700,138.7200,1.799983
FILLER_46_78,VPWR,li1,42.0900,138.7200,1.799984
FILLER_46_75,VPWR,li1,40.7100,138.7200,1.799985
FILLER_46_72,VPWR,li1,39.3300,138.7200,1.799985
FILLER_46_52,VPWR,li1,29.6700,138.7200,1.799989
FILLER_46_49,VPWR,li1,28.7500,138.7200,1.799989
FILLER_46_46,VPWR,li1,27.3700,138.7200,1.799990
FILLER_46_43,VPWR,li1,25.9900,138.7200,1.799991
FILLER_46_40,VPWR,li1,24.6100,138.7200,1.799991
FILLER_46_37,VPWR,li1,23.2300,138.7200,1.799991
FILLER_46_25,VPWR,li1,17.7100,138.7200,1.799993
FILLER_46_22,VPWR,li1,16.3300,138.7200,1.799994
FILLER_46_6,VPWR,li1,8.5100,138.7200,1.799997
FILLER_46_3,VPWR,li1,7.5900,138.7200,1.799997
FILLER_45_319,VPWR,li1,152.4900,133.2800,1.799944
FILLER_45_316,VPWR,li1,151.5700,133.2800,1.799944
FILLER_45_313,VPWR,li1,150.1900,133.2800,1.799944
FILLER_45_289,VPWR,li1,139.1500,133.2800,1.799944
FILLER_45_286,VPWR,li1,137.7700,133.2800,1.799944
FILLER_45_278,VPWR,li1,133.8600,133.2800,1.799945
FILLER_45_242,VPWR,li1,117.0700,133.2800,1.799963
FILLER_45_239,VPWR,li1,116.1500,133.2800,1.799963
FILLER_45_236,VPWR,li1,114.7700,133.2800,1.799966
FILLER_45_233,VPWR,li1,113.3900,133.2800,1.799966
FILLER_45_223,VPWR,li1,108.3300,133.2800,1.799973
FILLER_45_215,VPWR,li1,104.6500,133.2800,1.799979
FILLER_45_212,VPWR,li1,103.7300,133.2800,1.799982
FILLER_45_209,VPWR,li1,102.3500,133.2800,1.799982
FILLER_45_187,VPWR,li1,92.0000,133.2800,1.799978
FILLER_45_175,VPWR,li1,86.4800,133.2800,1.799976
FILLER_45_172,VPWR,li1,85.3300,133.2800,1.799975
FILLER_45_169,VPWR,li1,83.9500,133.2800,1.799975
FILLER_45_161,VPWR,li1,80.0400,133.2800,1.799973
FILLER_45_158,VPWR,li1,78.8900,133.2800,1.799973
FILLER_45_155,VPWR,li1,77.5100,133.2800,1.799971
FILLER_45_152,VPWR,li1,76.1300,133.2800,1.799971
FILLER_45_149,VPWR,li1,74.7500,133.2800,1.799970
FILLER_45_146,VPWR,li1,73.3700,133.2800,1.799970
FILLER_45_143,VPWR,li1,71.9900,133.2800,1.799970
FILLER_45_140,VPWR,li1,70.6100,133.2800,1.799969
FILLER_45_137,VPWR,li1,69.2300,133.2800,1.799968
FILLER_45_134,VPWR,li1,67.8500,133.2800,1.799968
FILLER_45_113,VPWR,li1,57.7300,133.2800,1.799967
FILLER_45_110,VPWR,li1,56.5800,133.2800,1.799967
FILLER_45_107,VPWR,li1,55.4300,133.2800,1.799968
FILLER_45_84,VPWR,li1,44.6200,133.2800,1.799972
FILLER_45_81,VPWR,li1,43.4700,133.2800,1.799972
FILLER_45_78,VPWR,li1,42.0900,133.2800,1.799973
FILLER_45_47,VPWR,li1,27.8300,133.2800,1.799981
FILLER_45_44,VPWR,li1,26.4500,133.2800,1.799983
FILLER_45_41,VPWR,li1,25.0700,133.2800,1.799983
FILLER_45_38,VPWR,li1,23.6900,133.2800,1.799985
FILLER_45_35,VPWR,li1,22.3100,133.2800,1.799986
FILLER_45_6,VPWR,li1,8.5100,133.2800,1.799995
FILLER_45_3,VPWR,li1,7.5900,133.2800,1.799995
FILLER_44_318,VPWR,li1,152.2600,133.2800,1.799944
FILLER_44_315,VPWR,li1,151.1100,133.2800,1.799944
FILLER_44_312,VPWR,li1,149.7300,133.2800,1.799944
FILLER_44_309,VPWR,li1,148.3500,133.2800,1.799944
FILLER_44_306,VPWR,li1,146.7400,133.2800,1.799944
FILLER_44_298,VPWR,li1,143.0600,133.2800,1.799944
FILLER_44_295,VPWR,li1,141.9100,133.2800,1.799944
FILLER_44_292,VPWR,li1,140.5300,133.2800,1.799944
FILLER_44_289,VPWR,li1,139.1500,133.2800,1.799944
FILLER_44_286,VPWR,li1,137.7700,133.2800,1.799944
FILLER_44_264,VPWR,li1,127.4200,133.2800,1.799948
FILLER_44_256,VPWR,li1,123.5100,133.2800,1.799953
FILLER_44_253,VPWR,li1,122.5900,133.2800,1.799953
FILLER_44_249,VPWR,li1,120.7500,133.2800,1.799956
FILLER_44_246,VPWR,li1,119.3700,133.2800,1.799960
FILLER_44_243,VPWR,li1,117.9900,133.2800,1.799960
FILLER_44_206,VPWR,li1,100.5100,133.2800,1.799985
FILLER_44_203,VPWR,li1,99.5900,133.2800,1.799982
FILLER_44_200,VPWR,li1,98.2100,133.2800,1.799982
FILLER_44_197,VPWR,li1,96.8300,133.2800,1.799980
FILLER_44_150,VPWR,li1,74.9800,133.2800,1.799970
FILLER_44_147,VPWR,li1,73.8300,133.2800,1.799970
FILLER_44_144,VPWR,li1,72.4500,133.2800,1.799970
FILLER_44_141,VPWR,li1,71.0700,133.2800,1.799969
FILLER_44_138,VPWR,li1,69.4600,133.2800,1.799968
FILLER_44_135,VPWR,li1,68.3100,133.2800,1.799968
FILLER_44_104,VPWR,li1,53.8200,133.2800,1.799968
FILLER_44_85,VPWR,li1,45.3100,133.2800,1.799972
FILLER_44_82,VPWR,li1,43.7000,133.2800,1.799972
FILLER_44_40,VPWR,li1,24.1500,133.2800,1.799985
FILLER_44_37,VPWR,li1,23.2300,133.2800,1.799985
FILLER_44_6,VPWR,li1,8.5100,133.2800,1.799995
FILLER_44_3,VPWR,li1,7.5900,133.2800,1.799995
FILLER_43_311,VPWR,li1,148.8100,127.8400,1.799963
FILLER_43_308,VPWR,li1,147.8900,127.8400,1.799963
FILLER_43_300,VPWR,li1,144.2100,127.8400,1.799963
FILLER_43_291,VPWR,li1,139.8400,127.8400,1.799963
FILLER_43_287,VPWR,li1,137.7700,127.8400,1.799963
FILLER_43_284,VPWR,li1,136.8500,127.8400,1.799963
FILLER_43_281,VPWR,li1,135.4700,127.8400,1.799963
FILLER_43_278,VPWR,li1,133.8600,127.8400,1.799964
FILLER_43_241,VPWR,li1,117.0700,127.8400,1.799976
FILLER_43_202,VPWR,li1,98.6700,127.8400,1.799988
FILLER_43_199,VPWR,li1,97.7500,127.8400,1.799988
FILLER_43_175,VPWR,li1,86.7100,127.8400,1.799981
FILLER_43_144,VPWR,li1,72.4500,127.8400,1.799974
FILLER_43_113,VPWR,li1,58.1900,127.8400,1.799972
FILLER_43_111,VPWR,li1,56.8100,127.8400,1.799972
FILLER_43_108,VPWR,li1,55.8900,127.8400,1.799972
FILLER_43_105,VPWR,li1,54.5100,127.8400,1.799972
FILLER_43_96,VPWR,li1,49.9100,127.8400,1.799972
FILLER_43_93,VPWR,li1,48.9900,127.8400,1.799972
FILLER_43_90,VPWR,li1,47.6100,127.8400,1.799972
FILLER_43_87,VPWR,li1,46.2300,127.8400,1.799972
FILLER_43_84,VPWR,li1,44.8500,127.8400,1.799972
FILLER_43_81,VPWR,li1,43.4700,127.8400,1.799972
FILLER_43_78,VPWR,li1,42.0900,127.8400,1.799972
FILLER_43_46,VPWR,li1,27.3700,127.8400,1.799980
FILLER_43_43,VPWR,li1,25.9900,127.8400,1.799982
FILLER_43_40,VPWR,li1,24.6100,127.8400,1.799984
FILLER_43_37,VPWR,li1,23.2300,127.8400,1.799984
FILLER_43_34,VPWR,li1,21.8500,127.8400,1.799986
FILLER_43_28,VPWR,li1,18.6300,127.8400,1.799988
FILLER_43_14,VPWR,li1,12.4200,127.8400,1.799993
FILLER_43_11,VPWR,li1,11.2700,127.8400,1.799995
FILLER_42_318,VPWR,li1,152.2600,127.8400,1.799963
FILLER_42_315,VPWR,li1,151.1100,127.8400,1.799963
FILLER_42_312,VPWR,li1,149.7300,127.8400,1.799963
FILLER_42_309,VPWR,li1,148.3500,127.8400,1.799963
FILLER_42_292,VPWR,li1,140.3000,127.8400,1.799963
FILLER_42_270,VPWR,li1,130.1800,127.8400,1.799966
FILLER_42_250,VPWR,li1,120.9800,127.8400,1.799974
FILLER_42_247,VPWR,li1,119.8300,127.8400,1.799974
FILLER_42_208,VPWR,li1,101.6600,127.8400,1.799990
FILLER_42_205,VPWR,li1,100.5100,127.8400,1.799990
FILLER_42_174,VPWR,li1,85.7900,127.8400,1.799980
FILLER_42_171,VPWR,li1,84.8700,127.8400,1.799980
FILLER_42_147,VPWR,li1,73.8300,127.8400,1.799975
FILLER_42_144,VPWR,li1,72.4500,127.8400,1.799974
FILLER_42_141,VPWR,li1,71.0700,127.8400,1.799974
FILLER_42_139,VPWR,li1,69.6900,127.8400,1.799973
FILLER_42_136,VPWR,li1,68.7700,127.8400,1.799973
FILLER_42_112,VPWR,li1,57.7300,127.8400,1.799972
FILLER_42_109,VPWR,li1,56.3500,127.8400,1.799972
FILLER_42_106,VPWR,li1,54.9700,127.8400,1.799972
FILLER_42_82,VPWR,li1,43.7000,127.8400,1.799972
FILLER_42_79,VPWR,li1,42.5500,127.8400,1.799972
FILLER_42_51,VPWR,li1,29.6700,127.8400,1.799978
FILLER_42_48,VPWR,li1,28.2900,127.8400,1.799980
FILLER_42_45,VPWR,li1,26.9100,127.8400,1.799982
FILLER_42_42,VPWR,li1,25.5300,127.8400,1.799982
FILLER_42_32,VPWR,li1,20.7000,127.8400,1.799986
FILLER_42_29,VPWR,li1,19.5500,127.8400,1.799988
FILLER_42_17,VPWR,li1,14.0300,127.8400,1.799993
FILLER_42_14,VPWR,li1,12.6500,127.8400,1.799993
FILLER_42_11,VPWR,li1,11.2700,127.8400,1.799995
FILLER_42_6,VPWR,li1,8.7400,127.8400,1.799995
FILLER_42_3,VPWR,li1,7.5900,127.8400,1.799995
FILLER_41_319,VPWR,li1,152.4900,122.4000,1.799973
FILLER_41_316,VPWR,li1,151.5700,122.4000,1.799973
FILLER_41_289,VPWR,li1,138.6900,122.4000,1.799974
FILLER_41_261,VPWR,li1,126.2700,122.4000,1.799976
FILLER_41_248,VPWR,li1,120.2900,122.4000,1.799979
FILLER_41_236,VPWR,li1,114.3100,122.4000,1.799983
FILLER_41_233,VPWR,li1,113.3900,122.4000,1.799983
FILLER_41_223,VPWR,li1,108.3300,122.4000,1.799989
FILLER_41_213,VPWR,li1,104.1900,122.4000,1.799992
FILLER_41_210,VPWR,li1,102.8100,122.4000,1.799992
FILLER_41_207,VPWR,li1,101.4300,122.4000,1.799993
FILLER_41_190,VPWR,li1,93.1500,122.4000,1.799993
FILLER_41_169,VPWR,li1,83.9500,122.4000,1.799992
FILLER_41_145,VPWR,li1,72.9100,122.4000,1.799990
FILLER_41_142,VPWR,li1,71.5300,122.4000,1.799990
FILLER_41_139,VPWR,li1,70.1500,122.4000,1.799990
FILLER_41_136,VPWR,li1,68.7700,122.4000,1.799989
FILLER_41_116,VPWR,li1,59.5700,122.4000,1.799988
FILLER_41_113,VPWR,li1,58.1900,122.4000,1.799987
FILLER_41_82,VPWR,li1,43.4700,122.4000,1.799985
FILLER_41_79,VPWR,li1,42.5500,122.4000,1.799985
FILLER_41_57,VPWR,li1,31.9700,122.4000,1.799985
FILLER_41_48,VPWR,li1,28.0600,122.4000,1.799985
FILLER_41_45,VPWR,li1,26.9100,122.4000,1.799984
FILLER_41_42,VPWR,li1,25.5300,122.4000,1.799984
FILLER_41_3,VPWR,li1,7.5900,122.4000,1.799995
FILLER_40_309,VPWR,li1,148.3500,122.4000,1.799973
FILLER_40_287,VPWR,li1,137.7700,122.4000,1.799974
FILLER_40_264,VPWR,li1,127.4200,122.4000,1.799976
FILLER_40_249,VPWR,li1,120.7500,122.4000,1.799979
FILLER_40_246,VPWR,li1,119.3700,122.4000,1.799980
FILLER_40_223,VPWR,li1,108.5600,122.4000,1.799987
FILLER_40_215,VPWR,li1,104.8800,122.4000,1.799990
FILLER_40_212,VPWR,li1,103.7300,122.4000,1.799992
FILLER_40_209,VPWR,li1,102.3500,122.4000,1.799993
FILLER_40_206,VPWR,li1,100.9700,122.4000,1.799993
FILLER_40_203,VPWR,li1,99.5900,122.4000,1.799995
FILLER_40_200,VPWR,li1,98.2100,122.4000,1.799994
FILLER_40_197,VPWR,li1,96.8300,122.4000,1.799994
FILLER_40_193,VPWR,li1,94.9900,122.4000,1.799994
FILLER_40_190,VPWR,li1,93.6100,122.4000,1.799993
FILLER_40_187,VPWR,li1,92.2300,122.4000,1.799993
FILLER_40_178,VPWR,li1,87.8600,122.4000,1.799993
FILLER_40_175,VPWR,li1,86.7100,122.4000,1.799992
FILLER_40_172,VPWR,li1,85.3300,122.4000,1.799992
FILLER_40_169,VPWR,li1,83.9500,122.4000,1.799992
FILLER_40_166,VPWR,li1,82.5700,122.4000,1.799992
FILLER_40_159,VPWR,li1,79.1200,122.4000,1.799991
FILLER_40_156,VPWR,li1,77.9700,122.4000,1.799991
FILLER_40_153,VPWR,li1,76.5900,122.4000,1.799991
FILLER_40_150,VPWR,li1,75.2100,122.4000,1.799990
FILLER_40_147,VPWR,li1,73.8300,122.4000,1.799990
FILLER_40_144,VPWR,li1,72.4500,122.4000,1.799990
FILLER_40_141,VPWR,li1,71.0700,122.4000,1.799990
FILLER_40_138,VPWR,li1,69.4600,122.4000,1.799989
FILLER_40_135,VPWR,li1,68.3100,122.4000,1.799989
FILLER_40_129,VPWR,li1,65.0900,122.4000,1.799988
FILLER_40_126,VPWR,li1,64.1700,122.4000,1.799988
FILLER_40_123,VPWR,li1,62.7900,122.4000,1.799988
FILLER_40_120,VPWR,li1,61.4100,122.4000,1.799988
FILLER_40_117,VPWR,li1,60.0300,122.4000,1.799988
FILLER_40_114,VPWR,li1,58.6500,122.4000,1.799987
FILLER_40_98,VPWR,li1,50.8300,122.4000,1.799986
FILLER_40_85,VPWR,li1,44.8500,122.4000,1.799986
FILLER_40_82,VPWR,li1,43.7000,122.4000,1.799985
FILLER_40_79,VPWR,li1,42.5500,122.4000,1.799985
FILLER_40_76,VPWR,li1,41.1700,122.4000,1.799985
FILLER_40_58,VPWR,li1,32.6600,122.4000,1.799985
FILLER_40_55,VPWR,li1,31.5100,122.4000,1.799985
FILLER_40_32,VPWR,li1,20.9300,122.4000,1.799987
FILLER_40_29,VPWR,li1,19.5500,122.4000,1.799989
FILLER_40_25,VPWR,li1,17.7100,122.4000,1.799990
FILLER_40_3,VPWR,li1,7.1300,122.4000,1.799995
FILLER_39_292,VPWR,li1,140.0700,116.9600,1.799960
FILLER_39_289,VPWR,li1,139.1500,116.9600,1.799960
FILLER_39_252,VPWR,li1,121.6700,116.9600,1.799968
FILLER_39_249,VPWR,li1,120.7500,116.9600,1.799968
FILLER_39_246,VPWR,li1,119.3700,116.9600,1.799969
FILLER_39_228,VPWR,li1,111.0900,116.9600,1.799976
FILLER_39_225,VPWR,li1,109.7100,116.9600,1.799976
FILLER_39_223,VPWR,li1,108.3300,116.9600,1.799979
FILLER_39_220,VPWR,li1,107.4100,116.9600,1.799979
FILLER_39_217,VPWR,li1,106.0300,116.9600,1.799981
FILLER_39_214,VPWR,li1,104.6500,116.9600,1.799981
FILLER_39_202,VPWR,li1,98.6700,116.9600,1.799983
FILLER_39_199,VPWR,li1,97.7500,116.9600,1.799982
FILLER_39_196,VPWR,li1,96.3700,116.9600,1.799980
FILLER_39_193,VPWR,li1,94.9900,116.9600,1.799980
FILLER_39_190,VPWR,li1,93.6100,116.9600,1.799978
FILLER_39_187,VPWR,li1,92.2300,116.9600,1.799976
FILLER_39_184,VPWR,li1,90.8500,116.9600,1.799976
FILLER_39_181,VPWR,li1,89.4700,116.9600,1.799974
FILLER_39_178,VPWR,li1,88.0900,116.9600,1.799974
FILLER_39_175,VPWR,li1,86.7100,116.9600,1.799971
FILLER_39_172,VPWR,li1,85.3300,116.9600,1.799971
FILLER_39_169,VPWR,li1,83.9500,116.9600,1.799969
FILLER_39_166,VPWR,li1,82.3400,116.9600,1.799968
FILLER_39_163,VPWR,li1,81.1900,116.9600,1.799968
FILLER_39_160,VPWR,li1,79.8100,116.9600,1.799965
FILLER_39_157,VPWR,li1,78.4300,116.9600,1.799965
FILLER_39_148,VPWR,li1,73.8300,116.9600,1.799964
FILLER_39_140,VPWR,li1,70.1500,116.9600,1.799963
FILLER_39_137,VPWR,li1,69.2300,116.9600,1.799963
FILLER_39_128,VPWR,li1,64.6300,116.9600,1.799962
FILLER_39_125,VPWR,li1,63.7100,116.9600,1.799962
FILLER_39_99,VPWR,li1,51.5200,116.9600,1.799965
FILLER_39_82,VPWR,li1,43.7000,116.9600,1.799971
FILLER_39_79,VPWR,li1,42.5500,116.9600,1.799971
FILLER_39_69,VPWR,li1,37.7200,116.9600,1.799974
FILLER_39_60,VPWR,li1,33.3500,116.9600,1.799977
FILLER_39_57,VPWR,li1,32.4300,116.9600,1.799977
FILLER_39_48,VPWR,li1,28.0600,116.9600,1.799981
FILLER_39_45,VPWR,li1,26.9100,116.9600,1.799982
FILLER_39_35,VPWR,li1,22.0800,116.9600,1.799986
FILLER_39_6,VPWR,li1,8.5100,116.9600,1.799995
FILLER_39_3,VPWR,li1,7.5900,116.9600,1.799995
FILLER_38_317,VPWR,li1,152.0300,116.9600,1.799959
FILLER_38_285,VPWR,li1,137.0800,116.9600,1.799961
FILLER_38_282,VPWR,li1,135.9300,116.9600,1.799961
FILLER_38_272,VPWR,li1,131.1000,116.9600,1.799962
FILLER_38_269,VPWR,li1,129.9500,116.9600,1.799962
FILLER_38_256,VPWR,li1,123.7400,116.9600,1.799966
FILLER_38_253,VPWR,li1,122.5900,116.9600,1.799966
FILLER_38_251,VPWR,li1,121.2100,116.9600,1.799968
FILLER_38_248,VPWR,li1,120.2900,116.9600,1.799969
FILLER_38_245,VPWR,li1,118.9100,116.9600,1.799969
FILLER_38_242,VPWR,li1,117.5300,116.9600,1.799971
FILLER_38_239,VPWR,li1,116.1500,116.9600,1.799972
FILLER_38_236,VPWR,li1,114.7700,116.9600,1.799972
FILLER_38_223,VPWR,li1,108.5600,116.9600,1.799979
FILLER_38_220,VPWR,li1,107.4100,116.9600,1.799979
FILLER_38_200,VPWR,li1,97.7500,116.9600,1.799982
FILLER_38_197,VPWR,li1,96.8300,116.9600,1.799982
FILLER_38_193,VPWR,li1,94.9900,116.9600,1.799980
FILLER_38_187,VPWR,li1,91.7700,116.9600,1.799976
FILLER_38_184,VPWR,li1,90.8500,116.9600,1.799976
FILLER_38_181,VPWR,li1,89.4700,116.9600,1.799974
FILLER_38_178,VPWR,li1,88.0900,116.9600,1.799974
FILLER_38_149,VPWR,li1,74.5200,116.9600,1.799964
FILLER_38_134,VPWR,li1,67.3900,116.9600,1.799963
FILLER_38_113,VPWR,li1,57.9600,116.9600,1.799963
FILLER_38_110,VPWR,li1,56.8100,116.9600,1.799963
FILLER_38_100,VPWR,li1,51.9800,116.9600,1.799965
FILLER_38_91,VPWR,li1,47.6100,116.9600,1.799968
FILLER_38_88,VPWR,li1,46.6900,116.9600,1.799968
FILLER_38_85,VPWR,li1,45.3100,116.9600,1.799969
FILLER_38_81,VPWR,li1,43.4700,116.9600,1.799971
FILLER_38_78,VPWR,li1,42.0900,116.9600,1.799971
FILLER_38_49,VPWR,li1,28.7500,116.9600,1.799981
FILLER_38_46,VPWR,li1,27.3700,116.9600,1.799982
FILLER_38_43,VPWR,li1,25.9900,116.9600,1.799982
FILLER_38_40,VPWR,li1,24.6100,116.9600,1.799984
FILLER_38_37,VPWR,li1,23.2300,116.9600,1.799984
FILLER_38_3,VPWR,li1,7.3600,116.9600,1.799995
FILLER_37_318,VPWR,li1,152.2600,111.5200,1.799988
FILLER_37_315,VPWR,li1,151.1100,111.5200,1.799988
FILLER_37_296,VPWR,li1,142.1400,111.5200,1.799988
FILLER_37_293,VPWR,li1,140.9900,111.5200,1.799988
FILLER_37_290,VPWR,li1,139.6100,111.5200,1.799988
FILLER_37_287,VPWR,li1,138.2300,111.5200,1.799988
FILLER_37_284,VPWR,li1,136.8500,111.5200,1.799988
FILLER_37_281,VPWR,li1,135.4700,111.5200,1.799988
FILLER_37_278,VPWR,li1,133.8600,111.5200,1.799988
FILLER_37_275,VPWR,li1,132.7100,111.5200,1.799988
FILLER_37_267,VPWR,li1,128.8000,111.5200,1.799988
FILLER_37_264,VPWR,li1,127.6500,111.5200,1.799988
FILLER_37_261,VPWR,li1,126.2700,111.5200,1.799988
FILLER_37_251,VPWR,li1,121.4400,111.5200,1.799989
FILLER_37_248,VPWR,li1,120.2900,111.5200,1.799989
FILLER_37_245,VPWR,li1,118.9100,111.5200,1.799989
FILLER_37_242,VPWR,li1,117.5300,111.5200,1.799989
FILLER_37_239,VPWR,li1,116.1500,111.5200,1.799989
FILLER_37_221,VPWR,li1,107.8700,111.5200,1.799991
FILLER_37_169,VPWR,li1,83.4900,111.5200,1.799979
FILLER_37_165,VPWR,li1,82.1100,111.5200,1.799979
FILLER_37_113,VPWR,li1,57.9600,111.5200,1.799971
FILLER_37_109,VPWR,li1,56.3500,111.5200,1.799970
FILLER_37_86,VPWR,li1,45.5400,111.5200,1.799970
FILLER_37_83,VPWR,li1,44.3900,111.5200,1.799970
FILLER_37_48,VPWR,li1,27.8300,111.5200,1.799979
FILLER_37_45,VPWR,li1,26.9100,111.5200,1.799981
FILLER_37_42,VPWR,li1,25.5300,111.5200,1.799981
FILLER_37_3,VPWR,li1,7.1300,111.5200,1.799994
FILLER_36_318,VPWR,li1,152.2600,111.5200,1.799988
FILLER_36_315,VPWR,li1,151.1100,111.5200,1.799988
FILLER_36_312,VPWR,li1,149.7300,111.5200,1.799988
FILLER_36_309,VPWR,li1,148.3500,111.5200,1.799988
FILLER_36_306,VPWR,li1,146.7400,111.5200,1.799988
FILLER_36_303,VPWR,li1,145.5900,111.5200,1.799988
FILLER_36_300,VPWR,li1,144.2100,111.5200,1.799988
FILLER_36_297,VPWR,li1,142.8300,111.5200,1.799988
FILLER_36_291,VPWR,li1,139.6100,111.5200,1.799988
FILLER_36_288,VPWR,li1,138.6900,111.5200,1.799988
FILLER_36_285,VPWR,li1,137.3100,111.5200,1.799988
FILLER_36_277,VPWR,li1,133.6300,111.5200,1.799988
FILLER_36_253,VPWR,li1,122.5900,111.5200,1.799989
FILLER_36_242,VPWR,li1,117.3000,111.5200,1.799989
FILLER_36_197,VPWR,li1,96.8300,111.5200,1.799988
FILLER_36_194,VPWR,li1,95.2200,111.5200,1.799988
FILLER_36_162,VPWR,li1,80.7300,111.5200,1.799978
FILLER_36_137,VPWR,li1,69.2300,111.5200,1.799973
FILLER_36_113,VPWR,li1,58.1900,111.5200,1.799971
FILLER_36_85,VPWR,li1,44.8500,111.5200,1.799970
FILLER_36_83,VPWR,li1,43.9300,111.5200,1.799971
FILLER_36_80,VPWR,li1,43.0100,111.5200,1.799971
FILLER_36_46,VPWR,li1,27.1400,111.5200,1.799981
FILLER_36_43,VPWR,li1,25.9900,111.5200,1.799981
FILLER_36_40,VPWR,li1,24.6100,111.5200,1.799982
FILLER_36_37,VPWR,li1,23.2300,111.5200,1.799984
FILLER_36_34,VPWR,li1,21.8500,111.5200,1.799984
FILLER_36_6,VPWR,li1,8.5100,111.5200,1.799994
FILLER_36_3,VPWR,li1,7.5900,111.5200,1.799994
FILLER_35_317,VPWR,li1,152.0300,106.0800,1.799974
FILLER_35_314,VPWR,li1,150.6500,106.0800,1.799974
FILLER_35_311,VPWR,li1,149.2700,106.0800,1.799974
FILLER_35_308,VPWR,li1,147.8900,106.0800,1.799974
FILLER_35_305,VPWR,li1,146.5100,106.0800,1.799974
FILLER_35_288,VPWR,li1,138.4600,106.0800,1.799974
FILLER_35_278,VPWR,li1,133.8600,106.0800,1.799975
FILLER_35_275,VPWR,li1,132.7100,106.0800,1.799975
FILLER_35_272,VPWR,li1,131.3300,106.0800,1.799975
FILLER_35_269,VPWR,li1,129.9500,106.0800,1.799975
FILLER_35_266,VPWR,li1,128.5700,106.0800,1.799975
FILLER_35_233,VPWR,li1,113.3900,106.0800,1.799978
FILLER_35_221,VPWR,li1,107.8700,106.0800,1.799984
FILLER_35_196,VPWR,li1,95.9100,106.0800,1.799986
FILLER_35_169,VPWR,li1,83.7200,106.0800,1.799976
FILLER_35_162,VPWR,li1,80.2700,106.0800,1.799973
FILLER_35_159,VPWR,li1,79.3500,106.0800,1.799971
FILLER_35_156,VPWR,li1,77.9700,106.0800,1.799971
FILLER_35_153,VPWR,li1,76.5900,106.0800,1.799970
FILLER_35_150,VPWR,li1,75.2100,106.0800,1.799968
FILLER_35_136,VPWR,li1,68.3100,106.0800,1.799964
FILLER_35_133,VPWR,li1,67.3900,106.0800,1.799964
FILLER_35_130,VPWR,li1,66.0100,106.0800,1.799962
FILLER_35_127,VPWR,li1,64.6300,106.0800,1.799962
FILLER_35_116,VPWR,li1,59.3400,106.0800,1.799958
FILLER_35_113,VPWR,li1,58.1900,106.0800,1.799956
FILLER_35_111,VPWR,li1,56.8100,106.0800,1.799956
FILLER_35_103,VPWR,li1,53.1300,106.0800,1.799956
FILLER_35_90,VPWR,li1,47.3800,106.0800,1.799955
FILLER_35_68,VPWR,li1,37.2600,106.0800,1.799959
FILLER_35_40,VPWR,li1,24.1500,106.0800,1.799975
FILLER_35_37,VPWR,li1,23.2300,106.0800,1.799975
FILLER_35_34,VPWR,li1,21.8500,106.0800,1.799978
FILLER_35_31,VPWR,li1,20.4700,106.0800,1.799980
FILLER_35_28,VPWR,li1,19.0900,106.0800,1.799980
FILLER_35_15,VPWR,li1,12.6500,106.0800,1.799989
FILLER_35_12,VPWR,li1,11.7300,106.0800,1.799989
FILLER_35_9,VPWR,li1,10.3500,106.0800,1.799993
FILLER_35_6,VPWR,li1,8.9700,106.0800,1.799993
FILLER_35_3,VPWR,li1,7.5900,106.0800,1.799993
FILLER_34_319,VPWR,li1,152.4900,106.0800,1.799974
FILLER_34_309,VPWR,li1,148.1200,106.0800,1.799974
FILLER_34_306,VPWR,li1,146.7400,106.0800,1.799974
FILLER_34_303,VPWR,li1,145.5900,106.0800,1.799974
FILLER_34_272,VPWR,li1,131.3300,106.0800,1.799975
FILLER_34_269,VPWR,li1,129.9500,106.0800,1.799975
FILLER_34_266,VPWR,li1,128.5700,106.0800,1.799975
FILLER_34_223,VPWR,li1,108.3300,106.0800,1.799982
FILLER_34_213,VPWR,li1,103.9600,106.0800,1.799987
FILLER_34_197,VPWR,li1,96.3700,106.0800,1.799986
FILLER_34_160,VPWR,li1,79.5800,106.0800,1.799971
FILLER_34_157,VPWR,li1,78.4300,106.0800,1.799971
FILLER_34_154,VPWR,li1,77.0500,106.0800,1.799970
FILLER_34_151,VPWR,li1,75.6700,106.0800,1.799970
FILLER_34_148,VPWR,li1,74.2900,106.0800,1.799968
FILLER_34_139,VPWR,li1,69.6900,106.0800,1.799965
FILLER_34_136,VPWR,li1,68.7700,106.0800,1.799964
FILLER_34_133,VPWR,li1,67.3900,106.0800,1.799964
FILLER_34_130,VPWR,li1,66.0100,106.0800,1.799962
FILLER_34_127,VPWR,li1,64.6300,106.0800,1.799962
FILLER_34_124,VPWR,li1,63.2500,106.0800,1.799960
FILLER_34_101,VPWR,li1,52.6700,106.0800,1.799956
FILLER_34_85,VPWR,li1,45.0800,106.0800,1.799955
FILLER_34_83,VPWR,li1,43.9300,106.0800,1.799955
FILLER_34_47,VPWR,li1,27.6000,106.0800,1.799969
FILLER_34_44,VPWR,li1,26.4500,106.0800,1.799972
FILLER_34_41,VPWR,li1,25.0700,106.0800,1.799972
FILLER_34_38,VPWR,li1,23.6900,106.0800,1.799975
FILLER_34_35,VPWR,li1,22.3100,106.0800,1.799978
FILLER_34_32,VPWR,li1,20.9300,106.0800,1.799978
FILLER_34_29,VPWR,li1,19.5500,106.0800,1.799980
FILLER_34_27,VPWR,li1,18.1700,106.0800,1.799982
FILLER_34_24,VPWR,li1,17.2500,106.0800,1.799982
FILLER_34_15,VPWR,li1,12.8800,106.0800,1.799989
FILLER_34_12,VPWR,li1,11.7300,106.0800,1.799989
FILLER_34_9,VPWR,li1,10.3500,106.0800,1.799993
FILLER_34_6,VPWR,li1,8.9700,106.0800,1.799993
FILLER_34_3,VPWR,li1,7.5900,106.0800,1.799993
FILLER_33_290,VPWR,li1,139.3800,100.6400,1.799957
FILLER_33_273,VPWR,li1,131.3300,100.6400,1.799962
FILLER_33_270,VPWR,li1,130.4100,100.6400,1.799963
FILLER_33_267,VPWR,li1,129.0300,100.6400,1.799965
FILLER_33_264,VPWR,li1,127.6500,100.6400,1.799965
FILLER_33_261,VPWR,li1,126.2700,100.6400,1.799967
FILLER_33_234,VPWR,li1,113.3900,100.6400,1.799979
FILLER_33_231,VPWR,li1,112.4700,100.6400,1.799979
FILLER_33_215,VPWR,li1,104.8800,100.6400,1.799987
FILLER_33_212,VPWR,li1,103.7300,100.6400,1.799989
FILLER_33_203,VPWR,li1,99.3600,100.6400,1.799989
FILLER_33_200,VPWR,li1,98.2100,100.6400,1.799989
FILLER_33_169,VPWR,li1,83.7200,100.6400,1.799984
FILLER_33_165,VPWR,li1,82.1100,100.6400,1.799984
FILLER_33_162,VPWR,li1,80.7300,100.6400,1.799984
FILLER_33_159,VPWR,li1,79.3500,100.6400,1.799984
FILLER_33_156,VPWR,li1,77.9700,100.6400,1.799984
FILLER_33_153,VPWR,li1,76.5900,100.6400,1.799984
FILLER_33_150,VPWR,li1,75.2100,100.6400,1.799984
FILLER_33_147,VPWR,li1,73.8300,100.6400,1.799984
FILLER_33_144,VPWR,li1,72.4500,100.6400,1.799984
FILLER_33_141,VPWR,li1,71.0700,100.6400,1.799984
FILLER_33_138,VPWR,li1,69.6900,100.6400,1.799984
FILLER_33_128,VPWR,li1,65.0900,100.6400,1.799984
FILLER_33_125,VPWR,li1,63.7100,100.6400,1.799984
FILLER_33_122,VPWR,li1,62.3300,100.6400,1.799984
FILLER_33_119,VPWR,li1,60.9500,100.6400,1.799984
FILLER_33_116,VPWR,li1,59.5700,100.6400,1.799984
FILLER_33_113,VPWR,li1,58.1900,100.6400,1.799984
FILLER_33_111,VPWR,li1,56.8100,100.6400,1.799984
FILLER_33_108,VPWR,li1,55.8900,100.6400,1.799984
FILLER_33_90,VPWR,li1,47.3800,100.6400,1.799983
FILLER_33_87,VPWR,li1,46.2300,100.6400,1.799983
FILLER_33_79,VPWR,li1,42.0900,100.6400,1.799983
FILLER_33_76,VPWR,li1,41.1700,100.6400,1.799983
FILLER_33_65,VPWR,li1,36.1100,100.6400,1.799983
FILLER_33_53,VPWR,li1,30.5900,100.6400,1.799983
FILLER_33_50,VPWR,li1,29.2100,100.6400,1.799983
FILLER_33_24,VPWR,li1,16.7900,100.6400,1.799989
FILLER_33_6,VPWR,li1,8.9700,100.6400,1.799995
FILLER_33_3,VPWR,li1,7.5900,100.6400,1.799995
FILLER_32_309,VPWR,li1,148.3500,100.6400,1.799957
FILLER_32_274,VPWR,li1,131.7900,100.6400,1.799962
FILLER_32_271,VPWR,li1,130.8700,100.6400,1.799963
FILLER_32_268,VPWR,li1,129.4900,100.6400,1.799963
FILLER_32_265,VPWR,li1,128.1100,100.6400,1.799965
FILLER_32_262,VPWR,li1,126.7300,100.6400,1.799967
FILLER_32_259,VPWR,li1,125.3500,100.6400,1.799967
FILLER_32_250,VPWR,li1,120.9800,100.6400,1.799971
FILLER_32_247,VPWR,li1,119.8300,100.6400,1.799974
FILLER_32_244,VPWR,li1,118.4500,100.6400,1.799974
FILLER_32_241,VPWR,li1,117.0700,100.6400,1.799976
FILLER_32_238,VPWR,li1,115.6900,100.6400,1.799976
FILLER_32_230,VPWR,li1,112.0100,100.6400,1.799981
FILLER_32_227,VPWR,li1,110.6300,100.6400,1.799981
FILLER_32_224,VPWR,li1,109.2500,100.6400,1.799983
FILLER_32_218,VPWR,li1,106.0300,100.6400,1.799987
FILLER_32_215,VPWR,li1,105.1100,100.6400,1.799987
FILLER_32_212,VPWR,li1,103.7300,100.6400,1.799989
FILLER_32_209,VPWR,li1,102.3500,100.6400,1.799989
FILLER_32_206,VPWR,li1,100.9700,100.6400,1.799991
FILLER_32_203,VPWR,li1,99.5900,100.6400,1.799989
FILLER_32_200,VPWR,li1,98.2100,100.6400,1.799989
FILLER_32_197,VPWR,li1,96.8300,100.6400,1.799987
FILLER_32_194,VPWR,li1,95.2200,100.6400,1.799986
FILLER_32_191,VPWR,li1,94.0700,100.6400,1.799986
FILLER_32_182,VPWR,li1,89.4700,100.6400,1.799984
FILLER_32_164,VPWR,li1,81.1900,100.6400,1.799984
FILLER_32_161,VPWR,li1,80.2700,100.6400,1.799984
FILLER_32_158,VPWR,li1,78.8900,100.6400,1.799984
FILLER_32_155,VPWR,li1,77.5100,100.6400,1.799984
FILLER_32_137,VPWR,li1,69.2300,100.6400,1.799984
FILLER_32_119,VPWR,li1,60.4900,100.6400,1.799984
FILLER_32_116,VPWR,li1,59.5700,100.6400,1.799984
FILLER_32_113,VPWR,li1,58.1900,100.6400,1.799984
FILLER_32_110,VPWR,li1,56.8100,100.6400,1.799984
FILLER_32_92,VPWR,li1,48.3000,100.6400,1.799983
FILLER_32_89,VPWR,li1,47.1500,100.6400,1.799983
FILLER_32_85,VPWR,li1,44.8500,100.6400,1.799983
FILLER_32_81,VPWR,li1,43.4700,100.6400,1.799983
FILLER_32_78,VPWR,li1,42.0900,100.6400,1.799983
FILLER_32_75,VPWR,li1,40.7100,100.6400,1.799983
FILLER_32_72,VPWR,li1,39.3300,100.6400,1.799983
FILLER_32_43,VPWR,li1,25.5300,100.6400,1.799984
FILLER_32_40,VPWR,li1,24.6100,100.6400,1.799984
FILLER_32_29,VPWR,li1,19.5500,100.6400,1.799988
FILLER_32_6,VPWR,li1,8.5100,100.6400,1.799995
FILLER_32_3,VPWR,li1,7.5900,100.6400,1.799995
FILLER_31_319,VPWR,li1,152.4900,95.2000,1.799987
FILLER_31_290,VPWR,li1,139.6100,95.2000,1.799988
FILLER_31_287,VPWR,li1,138.2300,95.2000,1.799988
FILLER_31_284,VPWR,li1,136.8500,95.2000,1.799988
FILLER_31_281,VPWR,li1,135.4700,95.2000,1.799988
FILLER_31_279,VPWR,li1,134.0900,95.2000,1.799988
FILLER_31_276,VPWR,li1,133.1700,95.2000,1.799988
FILLER_31_273,VPWR,li1,131.7900,95.2000,1.799988
FILLER_31_249,VPWR,li1,120.7500,95.2000,1.799990
FILLER_31_243,VPWR,li1,117.9900,95.2000,1.799991
FILLER_31_235,VPWR,li1,113.8500,95.2000,1.799992
FILLER_31_225,VPWR,li1,109.7100,95.2000,1.799993
FILLER_31_221,VPWR,li1,107.8700,95.2000,1.799993
FILLER_31_211,VPWR,li1,103.0400,95.2000,1.799995
FILLER_31_165,VPWR,li1,82.1100,95.2000,1.799987
FILLER_31_116,VPWR,li1,59.3400,95.2000,1.799985
FILLER_31_113,VPWR,li1,58.1900,95.2000,1.799985
FILLER_31_101,VPWR,li1,52.6700,95.2000,1.799985
FILLER_31_85,VPWR,li1,44.8500,95.2000,1.799987
FILLER_31_82,VPWR,li1,43.9300,95.2000,1.799988
FILLER_31_79,VPWR,li1,42.5500,95.2000,1.799988
FILLER_31_76,VPWR,li1,41.1700,95.2000,1.799988
FILLER_31_73,VPWR,li1,39.7900,95.2000,1.799988
FILLER_31_57,VPWR,li1,32.2000,95.2000,1.799990
FILLER_31_37,VPWR,li1,22.7700,95.2000,1.799993
FILLER_31_34,VPWR,li1,21.8500,95.2000,1.799993
FILLER_31_6,VPWR,li1,8.7400,95.2000,1.799997
FILLER_31_3,VPWR,li1,7.5900,95.2000,1.799997
FILLER_30_318,VPWR,li1,152.2600,95.2000,1.799987
FILLER_30_315,VPWR,li1,151.1100,95.2000,1.799987
FILLER_30_312,VPWR,li1,149.7300,95.2000,1.799987
FILLER_30_309,VPWR,li1,148.3500,95.2000,1.799987
FILLER_30_305,VPWR,li1,146.5100,95.2000,1.799987
FILLER_30_302,VPWR,li1,145.1300,95.2000,1.799987
FILLER_30_299,VPWR,li1,143.7500,95.2000,1.799987
FILLER_30_296,VPWR,li1,142.3700,95.2000,1.799987
FILLER_30_286,VPWR,li1,137.7700,95.2000,1.799988
FILLER_30_283,VPWR,li1,136.3900,95.2000,1.799988
FILLER_30_280,VPWR,li1,135.0100,95.2000,1.799988
FILLER_30_277,VPWR,li1,133.6300,95.2000,1.799988
FILLER_30_274,VPWR,li1,132.2500,95.2000,1.799988
FILLER_30_265,VPWR,li1,127.6500,95.2000,1.799989
FILLER_30_256,VPWR,li1,123.5100,95.2000,1.799990
FILLER_30_253,VPWR,li1,122.5900,95.2000,1.799990
FILLER_30_242,VPWR,li1,117.0700,95.2000,1.799992
FILLER_30_224,VPWR,li1,109.2500,95.2000,1.799993
FILLER_30_200,VPWR,li1,97.7500,95.2000,1.799994
FILLER_30_197,VPWR,li1,96.8300,95.2000,1.799993
FILLER_30_187,VPWR,li1,91.7700,95.2000,1.799990
FILLER_30_149,VPWR,li1,74.7500,95.2000,1.799985
FILLER_30_116,VPWR,li1,59.5700,95.2000,1.799985
FILLER_30_94,VPWR,li1,48.9900,95.2000,1.799986
FILLER_30_91,VPWR,li1,48.0700,95.2000,1.799987
FILLER_30_88,VPWR,li1,46.6900,95.2000,1.799987
FILLER_30_85,VPWR,li1,45.3100,95.2000,1.799987
FILLER_30_65,VPWR,li1,36.1100,95.2000,1.799989
FILLER_30_41,VPWR,li1,25.0700,95.2000,1.799992
FILLER_30_38,VPWR,li1,23.6900,95.2000,1.799993
FILLER_30_35,VPWR,li1,22.3100,95.2000,1.799993
FILLER_30_32,VPWR,li1,20.9300,95.2000,1.799993
FILLER_30_29,VPWR,li1,19.5500,95.2000,1.799994
FILLER_30_15,VPWR,li1,12.6500,95.2000,1.799996
FILLER_30_12,VPWR,li1,11.7300,95.2000,1.799997
FILLER_30_9,VPWR,li1,10.3500,95.2000,1.799997
FILLER_30_6,VPWR,li1,8.9700,95.2000,1.799997
FILLER_30_3,VPWR,li1,7.5900,95.2000,1.799997
FILLER_29_318,VPWR,li1,152.2600,89.7600,1.799984
FILLER_29_315,VPWR,li1,151.1100,89.7600,1.799984
FILLER_29_312,VPWR,li1,149.7300,89.7600,1.799984
FILLER_29_309,VPWR,li1,148.3500,89.7600,1.799984
FILLER_29_279,VPWR,li1,134.0900,89.7600,1.799985
FILLER_29_276,VPWR,li1,133.1700,89.7600,1.799985
FILLER_29_273,VPWR,li1,131.7900,89.7600,1.799985
FILLER_29_246,VPWR,li1,119.3700,89.7600,1.799987
FILLER_29_222,VPWR,li1,108.1000,89.7600,1.799992
FILLER_29_215,VPWR,li1,104.8800,89.7600,1.799994
FILLER_29_182,VPWR,li1,89.9300,89.7600,1.799992
FILLER_29_119,VPWR,li1,60.9500,89.7600,1.799989
FILLER_29_116,VPWR,li1,59.5700,89.7600,1.799988
FILLER_29_113,VPWR,li1,58.1900,89.7600,1.799988
FILLER_29_88,VPWR,li1,46.6900,89.7600,1.799988
FILLER_29_57,VPWR,li1,32.4300,89.7600,1.799990
FILLER_29_55,VPWR,li1,31.0500,89.7600,1.799991
FILLER_29_52,VPWR,li1,30.1300,89.7600,1.799991
FILLER_29_49,VPWR,li1,28.7500,89.7600,1.799992
FILLER_29_46,VPWR,li1,27.3700,89.7600,1.799992
FILLER_29_43,VPWR,li1,25.9900,89.7600,1.799993
FILLER_29_40,VPWR,li1,24.6100,89.7600,1.799993
FILLER_29_37,VPWR,li1,23.2300,89.7600,1.799993
FILLER_29_26,VPWR,li1,17.7100,89.7600,1.799995
FILLER_29_9,VPWR,li1,10.1200,89.7600,1.799998
FILLER_29_6,VPWR,li1,8.9700,89.7600,1.799998
FILLER_29_3,VPWR,li1,7.5900,89.7600,1.799998
FILLER_28_317,VPWR,li1,152.0300,89.7600,1.799984
FILLER_28_305,VPWR,li1,146.5100,89.7600,1.799984
FILLER_28_292,VPWR,li1,140.0700,89.7600,1.799984
FILLER_28_283,VPWR,li1,136.1600,89.7600,1.799985
FILLER_28_280,VPWR,li1,135.0100,89.7600,1.799985
FILLER_28_277,VPWR,li1,133.6300,89.7600,1.799985
FILLER_28_274,VPWR,li1,132.2500,89.7600,1.799985
FILLER_28_271,VPWR,li1,130.8700,89.7600,1.799985
FILLER_28_268,VPWR,li1,129.4900,89.7600,1.799985
FILLER_28_253,VPWR,li1,122.1300,89.7600,1.799987
FILLER_28_221,VPWR,li1,107.6400,89.7600,1.799992
FILLER_28_218,VPWR,li1,106.4900,89.7600,1.799992
FILLER_28_215,VPWR,li1,105.1100,89.7600,1.799994
FILLER_28_212,VPWR,li1,103.7300,89.7600,1.799994
FILLER_28_200,VPWR,li1,98.2100,89.7600,1.799994
FILLER_28_197,VPWR,li1,96.8300,89.7600,1.799993
FILLER_28_173,VPWR,li1,85.5600,89.7600,1.799991
FILLER_28_170,VPWR,li1,84.4100,89.7600,1.799991
FILLER_28_156,VPWR,li1,77.9700,89.7600,1.799990
FILLER_28_137,VPWR,li1,69.2300,89.7600,1.799989
FILLER_28_134,VPWR,li1,67.8500,89.7600,1.799989
FILLER_28_131,VPWR,li1,66.4700,89.7600,1.799989
FILLER_28_128,VPWR,li1,65.0900,89.7600,1.799989
FILLER_28_125,VPWR,li1,63.7100,89.7600,1.799989
FILLER_28_122,VPWR,li1,62.3300,89.7600,1.799989
FILLER_28_119,VPWR,li1,60.9500,89.7600,1.799989
FILLER_28_116,VPWR,li1,59.5700,89.7600,1.799988
FILLER_28_113,VPWR,li1,58.1900,89.7600,1.799988
FILLER_28_94,VPWR,li1,49.2200,89.7600,1.799988
FILLER_28_91,VPWR,li1,48.0700,89.7600,1.799988
FILLER_28_88,VPWR,li1,46.6900,89.7600,1.799988
FILLER_28_85,VPWR,li1,45.3100,89.7600,1.799988
FILLER_28_55,VPWR,li1,31.5100,89.7600,1.799991
FILLER_28_52,VPWR,li1,30.1300,89.7600,1.799991
FILLER_28_49,VPWR,li1,28.7500,89.7600,1.799992
FILLER_28_46,VPWR,li1,27.3700,89.7600,1.799992
FILLER_28_43,VPWR,li1,25.9900,89.7600,1.799993
FILLER_28_40,VPWR,li1,24.6100,89.7600,1.799993
FILLER_28_37,VPWR,li1,23.2300,89.7600,1.799993
FILLER_28_34,VPWR,li1,21.8500,89.7600,1.799993
FILLER_28_26,VPWR,li1,17.9400,89.7600,1.799995
FILLER_28_3,VPWR,li1,7.3600,89.7600,1.799998
FILLER_27_318,VPWR,li1,152.2600,84.3200,1.799974
FILLER_27_315,VPWR,li1,151.1100,84.3200,1.799974
FILLER_27_287,VPWR,li1,137.7700,84.3200,1.799975
FILLER_27_284,VPWR,li1,136.8500,84.3200,1.799975
FILLER_27_281,VPWR,li1,135.4700,84.3200,1.799975
FILLER_27_278,VPWR,li1,133.8600,84.3200,1.799975
FILLER_27_275,VPWR,li1,132.7100,84.3200,1.799976
FILLER_27_272,VPWR,li1,131.3300,84.3200,1.799976
FILLER_27_269,VPWR,li1,129.9500,84.3200,1.799976
FILLER_27_266,VPWR,li1,128.5700,84.3200,1.799976
FILLER_27_263,VPWR,li1,127.1900,84.3200,1.799976
FILLER_27_240,VPWR,li1,116.3800,84.3200,1.799978
FILLER_27_237,VPWR,li1,115.2300,84.3200,1.799978
FILLER_27_234,VPWR,li1,113.8500,84.3200,1.799979
FILLER_27_231,VPWR,li1,112.4700,84.3200,1.799979
FILLER_27_228,VPWR,li1,111.0900,84.3200,1.799979
FILLER_27_225,VPWR,li1,109.7100,84.3200,1.799979
FILLER_27_221,VPWR,li1,107.8700,84.3200,1.799981
FILLER_27_218,VPWR,li1,106.4900,84.3200,1.799984
FILLER_27_215,VPWR,li1,105.1100,84.3200,1.799984
FILLER_27_212,VPWR,li1,103.7300,84.3200,1.799986
FILLER_27_209,VPWR,li1,102.3500,84.3200,1.799986
FILLER_27_202,VPWR,li1,98.9000,84.3200,1.799985
FILLER_27_199,VPWR,li1,97.7500,84.3200,1.799983
FILLER_27_196,VPWR,li1,96.3700,84.3200,1.799983
FILLER_27_189,VPWR,li1,92.9200,84.3200,1.799979
FILLER_27_186,VPWR,li1,91.7700,84.3200,1.799976
FILLER_27_183,VPWR,li1,90.3900,84.3200,1.799976
FILLER_27_172,VPWR,li1,85.3300,84.3200,1.799969
FILLER_27_169,VPWR,li1,83.9500,84.3200,1.799969
FILLER_27_165,VPWR,li1,82.1100,84.3200,1.799970
FILLER_27_162,VPWR,li1,80.7300,84.3200,1.799970
FILLER_27_159,VPWR,li1,79.3500,84.3200,1.799971
FILLER_27_156,VPWR,li1,77.9700,84.3200,1.799971
FILLER_27_153,VPWR,li1,76.5900,84.3200,1.799972
FILLER_27_150,VPWR,li1,75.2100,84.3200,1.799973
FILLER_27_147,VPWR,li1,73.8300,84.3200,1.799973
FILLER_27_138,VPWR,li1,69.2300,84.3200,1.799974
FILLER_27_135,VPWR,li1,68.3100,84.3200,1.799975
FILLER_27_132,VPWR,li1,66.9300,84.3200,1.799975
FILLER_27_129,VPWR,li1,65.5500,84.3200,1.799976
FILLER_27_126,VPWR,li1,64.1700,84.3200,1.799977
FILLER_27_123,VPWR,li1,62.7900,84.3200,1.799977
FILLER_27_113,VPWR,li1,58.1900,84.3200,1.799978
FILLER_27_111,VPWR,li1,56.8100,84.3200,1.799979
FILLER_27_108,VPWR,li1,55.8900,84.3200,1.799979
FILLER_27_105,VPWR,li1,54.5100,84.3200,1.799980
FILLER_27_102,VPWR,li1,53.1300,84.3200,1.799980
FILLER_27_94,VPWR,li1,49.4500,84.3200,1.799982
FILLER_27_91,VPWR,li1,48.0700,84.3200,1.799983
FILLER_27_88,VPWR,li1,46.6900,84.3200,1.799983
FILLER_27_85,VPWR,li1,45.3100,84.3200,1.799983
FILLER_27_66,VPWR,li1,36.5700,84.3200,1.799986
FILLER_27_63,VPWR,li1,35.1900,84.3200,1.799987
FILLER_27_60,VPWR,li1,33.8100,84.3200,1.799988
FILLER_27_57,VPWR,li1,32.4300,84.3200,1.799988
FILLER_27_54,VPWR,li1,30.8200,84.3200,1.799989
FILLER_27_51,VPWR,li1,29.6700,84.3200,1.799989
FILLER_27_48,VPWR,li1,28.2900,84.3200,1.799989
FILLER_27_45,VPWR,li1,26.9100,84.3200,1.799990
FILLER_27_42,VPWR,li1,25.5300,84.3200,1.799990
FILLER_27_39,VPWR,li1,24.1500,84.3200,1.799991
FILLER_27_36,VPWR,li1,22.7700,84.3200,1.799992
FILLER_27_9,VPWR,li1,9.8900,84.3200,1.799997
FILLER_27_6,VPWR,li1,8.9700,84.3200,1.799997
FILLER_27_3,VPWR,li1,7.5900,84.3200,1.799997
FILLER_26_317,VPWR,li1,152.0300,84.3200,1.799974
FILLER_26_306,VPWR,li1,146.7400,84.3200,1.799974
FILLER_26_283,VPWR,li1,135.9300,84.3200,1.799975
FILLER_26_280,VPWR,li1,135.0100,84.3200,1.799975
FILLER_26_277,VPWR,li1,133.6300,84.3200,1.799975
FILLER_26_274,VPWR,li1,132.2500,84.3200,1.799976
FILLER_26_271,VPWR,li1,130.8700,84.3200,1.799976
FILLER_26_268,VPWR,li1,129.4900,84.3200,1.799976
FILLER_26_265,VPWR,li1,128.1100,84.3200,1.799976
FILLER_26_262,VPWR,li1,126.7300,84.3200,1.799976
FILLER_26_259,VPWR,li1,125.3500,84.3200,1.799976
FILLER_26_256,VPWR,li1,123.9700,84.3200,1.799977
FILLER_26_253,VPWR,li1,122.5900,84.3200,1.799977
FILLER_26_249,VPWR,li1,120.7500,84.3200,1.799977
FILLER_26_246,VPWR,li1,119.3700,84.3200,1.799977
FILLER_26_243,VPWR,li1,117.9900,84.3200,1.799977
FILLER_26_240,VPWR,li1,116.6100,84.3200,1.799978
FILLER_26_237,VPWR,li1,115.2300,84.3200,1.799978
FILLER_26_209,VPWR,li1,101.8900,84.3200,1.799988
FILLER_26_206,VPWR,li1,100.9700,84.3200,1.799988
FILLER_26_203,VPWR,li1,99.5900,84.3200,1.799985
FILLER_26_200,VPWR,li1,98.2100,84.3200,1.799985
FILLER_26_197,VPWR,li1,96.8300,84.3200,1.799983
FILLER_26_193,VPWR,li1,94.9900,84.3200,1.799981
FILLER_26_190,VPWR,li1,93.6100,84.3200,1.799979
FILLER_26_187,VPWR,li1,92.2300,84.3200,1.799979
FILLER_26_184,VPWR,li1,90.8500,84.3200,1.799976
FILLER_26_181,VPWR,li1,89.4700,84.3200,1.799973
FILLER_26_158,VPWR,li1,78.8900,84.3200,1.799971
FILLER_26_155,VPWR,li1,77.5100,84.3200,1.799972
FILLER_26_152,VPWR,li1,76.1300,84.3200,1.799972
FILLER_26_149,VPWR,li1,74.7500,84.3200,1.799973
FILLER_26_130,VPWR,li1,66.0100,84.3200,1.799976
FILLER_26_116,VPWR,li1,59.5700,84.3200,1.799978
FILLER_26_106,VPWR,li1,54.7400,84.3200,1.799980
FILLER_26_103,VPWR,li1,53.5900,84.3200,1.799980
FILLER_26_100,VPWR,li1,52.2100,84.3200,1.799981
FILLER_26_97,VPWR,li1,50.8300,84.3200,1.799982
FILLER_26_94,VPWR,li1,49.4500,84.3200,1.799982
FILLER_26_91,VPWR,li1,48.0700,84.3200,1.799983
FILLER_26_88,VPWR,li1,46.6900,84.3200,1.799983
FILLER_26_85,VPWR,li1,45.3100,84.3200,1.799983
FILLER_26_68,VPWR,li1,37.0300,84.3200,1.799986
FILLER_26_65,VPWR,li1,36.1100,84.3200,1.799987
FILLER_26_62,VPWR,li1,34.7300,84.3200,1.799987
FILLER_26_59,VPWR,li1,33.3500,84.3200,1.799988
FILLER_26_56,VPWR,li1,31.9700,84.3200,1.799989
FILLER_26_53,VPWR,li1,30.5900,84.3200,1.799989
FILLER_26_38,VPWR,li1,23.4600,84.3200,1.799991
FILLER_26_29,VPWR,li1,19.0900,84.3200,1.799993
FILLER_26_26,VPWR,li1,17.9400,84.3200,1.799993
FILLER_26_18,VPWR,li1,14.0300,84.3200,1.799995
FILLER_26_15,VPWR,li1,13.1100,84.3200,1.799995
FILLER_26_12,VPWR,li1,11.7300,84.3200,1.799996
FILLER_26_9,VPWR,li1,10.3500,84.3200,1.799997
FILLER_26_6,VPWR,li1,8.9700,84.3200,1.799997
FILLER_26_3,VPWR,li1,7.5900,84.3200,1.799997
FILLER_25_318,VPWR,li1,152.2600,78.8800,1.799963
FILLER_25_287,VPWR,li1,138.0000,78.8800,1.799965
FILLER_25_246,VPWR,li1,118.9100,78.8800,1.799976
FILLER_25_243,VPWR,li1,117.9900,78.8800,1.799976
FILLER_25_240,VPWR,li1,116.6100,78.8800,1.799978
FILLER_25_237,VPWR,li1,115.2300,78.8800,1.799978
FILLER_25_234,VPWR,li1,113.8500,78.8800,1.799980
FILLER_25_231,VPWR,li1,112.4700,78.8800,1.799982
FILLER_25_228,VPWR,li1,111.0900,78.8800,1.799982
FILLER_25_225,VPWR,li1,109.7100,78.8800,1.799985
FILLER_25_222,VPWR,li1,108.1000,78.8800,1.799985
FILLER_25_205,VPWR,li1,100.5100,78.8800,1.799993
FILLER_25_202,VPWR,li1,99.1300,78.8800,1.799993
FILLER_25_199,VPWR,li1,97.7500,78.8800,1.799993
FILLER_25_178,VPWR,li1,87.6300,78.8800,1.799992
FILLER_25_167,VPWR,li1,82.5700,78.8800,1.799991
FILLER_25_164,VPWR,li1,81.6500,78.8800,1.799991
FILLER_25_161,VPWR,li1,80.2700,78.8800,1.799991
FILLER_25_158,VPWR,li1,78.8900,78.8800,1.799991
FILLER_25_155,VPWR,li1,77.5100,78.8800,1.799990
FILLER_25_152,VPWR,li1,76.1300,78.8800,1.799990
FILLER_25_149,VPWR,li1,74.7500,78.8800,1.799990
FILLER_25_146,VPWR,li1,73.3700,78.8800,1.799990
FILLER_25_138,VPWR,li1,69.4600,78.8800,1.799989
FILLER_25_116,VPWR,li1,59.1100,78.8800,1.799988
FILLER_25_113,VPWR,li1,58.1900,78.8800,1.799988
FILLER_25_97,VPWR,li1,50.3700,78.8800,1.799989
FILLER_25_94,VPWR,li1,49.4500,78.8800,1.799989
FILLER_25_69,VPWR,li1,37.4900,78.8800,1.799990
FILLER_25_66,VPWR,li1,36.5700,78.8800,1.799990
FILLER_25_63,VPWR,li1,35.1900,78.8800,1.799991
FILLER_25_60,VPWR,li1,33.8100,78.8800,1.799991
FILLER_25_57,VPWR,li1,32.4300,78.8800,1.799991
FILLER_25_55,VPWR,li1,31.0500,78.8800,1.799991
FILLER_25_31,VPWR,li1,20.0100,78.8800,1.799995
FILLER_25_28,VPWR,li1,19.0900,78.8800,1.799995
FILLER_25_21,VPWR,li1,15.6400,78.8800,1.799996
FILLER_25_18,VPWR,li1,14.4900,78.8800,1.799997
FILLER_25_15,VPWR,li1,13.1100,78.8800,1.799997
FILLER_25_12,VPWR,li1,11.7300,78.8800,1.799997
FILLER_25_9,VPWR,li1,10.3500,78.8800,1.799998
FILLER_25_6,VPWR,li1,8.9700,78.8800,1.799998
FILLER_25_3,VPWR,li1,7.5900,78.8800,1.799998
FILLER_24_318,VPWR,li1,152.2600,78.8800,1.799963
FILLER_24_315,VPWR,li1,151.1100,78.8800,1.799963
FILLER_24_312,VPWR,li1,149.7300,78.8800,1.799963
FILLER_24_309,VPWR,li1,148.3500,78.8800,1.799963
FILLER_24_286,VPWR,li1,137.3100,78.8800,1.799965
FILLER_24_275,VPWR,li1,132.7100,78.8800,1.799966
FILLER_24_253,VPWR,li1,122.3600,78.8800,1.799973
FILLER_24_250,VPWR,li1,120.9800,78.8800,1.799974
FILLER_24_247,VPWR,li1,119.8300,78.8800,1.799974
FILLER_24_238,VPWR,li1,115.4600,78.8800,1.799978
FILLER_24_235,VPWR,li1,114.3100,78.8800,1.799980
FILLER_24_232,VPWR,li1,112.9300,78.8800,1.799980
FILLER_24_229,VPWR,li1,111.5500,78.8800,1.799982
FILLER_24_197,VPWR,li1,96.8300,78.8800,1.799993
FILLER_24_193,VPWR,li1,94.9900,78.8800,1.799993
FILLER_24_190,VPWR,li1,93.6100,78.8800,1.799993
FILLER_24_187,VPWR,li1,92.2300,78.8800,1.799993
FILLER_24_168,VPWR,li1,83.2600,78.8800,1.799991
FILLER_24_165,VPWR,li1,82.1100,78.8800,1.799991
FILLER_24_162,VPWR,li1,80.7300,78.8800,1.799991
FILLER_24_159,VPWR,li1,79.3500,78.8800,1.799991
FILLER_24_156,VPWR,li1,77.9700,78.8800,1.799990
FILLER_24_153,VPWR,li1,76.5900,78.8800,1.799990
FILLER_24_150,VPWR,li1,75.2100,78.8800,1.799990
FILLER_24_147,VPWR,li1,73.8300,78.8800,1.799990
FILLER_24_144,VPWR,li1,72.4500,78.8800,1.799990
FILLER_24_141,VPWR,li1,71.0700,78.8800,1.799989
FILLER_24_138,VPWR,li1,69.4600,78.8800,1.799989
FILLER_24_135,VPWR,li1,68.3100,78.8800,1.799989
FILLER_24_116,VPWR,li1,59.1100,78.8800,1.799988
FILLER_24_93,VPWR,li1,48.7600,78.8800,1.799989
FILLER_24_61,VPWR,li1,34.0400,78.8800,1.799991
FILLER_24_29,VPWR,li1,19.5500,78.8800,1.799995
FILLER_24_26,VPWR,li1,17.9400,78.8800,1.799995
FILLER_24_23,VPWR,li1,16.7900,78.8800,1.799996
FILLER_24_20,VPWR,li1,15.4100,78.8800,1.799996
FILLER_24_12,VPWR,li1,11.7300,78.8800,1.799997
FILLER_24_9,VPWR,li1,10.3500,78.8800,1.799998
FILLER_24_6,VPWR,li1,8.9700,78.8800,1.799998
FILLER_24_3,VPWR,li1,7.5900,78.8800,1.799998
FILLER_23_317,VPWR,li1,152.0300,73.4400,1.799980
FILLER_23_314,VPWR,li1,150.6500,73.4400,1.799980
FILLER_23_311,VPWR,li1,149.2700,73.4400,1.799980
FILLER_23_308,VPWR,li1,147.8900,73.4400,1.799980
FILLER_23_305,VPWR,li1,146.5100,73.4400,1.799980
FILLER_23_302,VPWR,li1,145.1300,73.4400,1.799980
FILLER_23_268,VPWR,li1,129.2600,73.4400,1.799982
FILLER_23_244,VPWR,li1,118.4500,73.4400,1.799985
FILLER_23_241,VPWR,li1,117.0700,73.4400,1.799985
FILLER_23_221,VPWR,li1,107.8700,73.4400,1.799989
FILLER_23_190,VPWR,li1,93.6100,73.4400,1.799988
FILLER_23_166,VPWR,li1,82.3400,73.4400,1.799982
FILLER_23_163,VPWR,li1,81.1900,73.4400,1.799982
FILLER_23_160,VPWR,li1,79.8100,73.4400,1.799980
FILLER_23_157,VPWR,li1,78.4300,73.4400,1.799980
FILLER_23_154,VPWR,li1,77.0500,73.4400,1.799980
FILLER_23_151,VPWR,li1,75.6700,73.4400,1.799979
FILLER_23_148,VPWR,li1,74.2900,73.4400,1.799979
FILLER_23_145,VPWR,li1,72.9100,73.4400,1.799978
FILLER_23_130,VPWR,li1,65.7800,73.4400,1.799975
FILLER_23_111,VPWR,li1,56.8100,73.4400,1.799972
FILLER_23_108,VPWR,li1,55.8900,73.4400,1.799972
FILLER_23_105,VPWR,li1,54.5100,73.4400,1.799972
FILLER_23_60,VPWR,li1,33.8100,73.4400,1.799978
FILLER_23_57,VPWR,li1,32.4300,73.4400,1.799979
FILLER_23_32,VPWR,li1,20.9300,73.4400,1.799986
FILLER_23_9,VPWR,li1,10.1200,73.4400,1.799995
FILLER_23_6,VPWR,li1,8.9700,73.4400,1.799995
FILLER_23_3,VPWR,li1,7.5900,73.4400,1.799995
FILLER_22_318,VPWR,li1,152.2600,73.4400,1.799980
FILLER_22_315,VPWR,li1,151.1100,73.4400,1.799980
FILLER_22_312,VPWR,li1,149.7300,73.4400,1.799980
FILLER_22_309,VPWR,li1,148.3500,73.4400,1.799980
FILLER_22_307,VPWR,li1,146.9700,73.4400,1.799980
FILLER_22_304,VPWR,li1,146.0500,73.4400,1.799980
FILLER_22_301,VPWR,li1,144.6700,73.4400,1.799980
FILLER_22_298,VPWR,li1,143.2900,73.4400,1.799980
FILLER_22_264,VPWR,li1,127.1900,73.4400,1.799982
FILLER_22_261,VPWR,li1,126.2700,73.4400,1.799982
FILLER_22_243,VPWR,li1,117.5300,73.4400,1.799985
FILLER_22_240,VPWR,li1,116.6100,73.4400,1.799985
FILLER_22_218,VPWR,li1,106.0300,73.4400,1.799990
FILLER_22_195,VPWR,li1,95.4500,73.4400,1.799989
FILLER_22_192,VPWR,li1,94.5300,73.4400,1.799988
FILLER_22_189,VPWR,li1,93.1500,73.4400,1.799988
FILLER_22_186,VPWR,li1,91.7700,73.4400,1.799986
FILLER_22_183,VPWR,li1,90.3900,73.4400,1.799986
FILLER_22_161,VPWR,li1,79.8100,73.4400,1.799980
FILLER_22_158,VPWR,li1,78.8900,73.4400,1.799980
FILLER_22_155,VPWR,li1,77.5100,73.4400,1.799980
FILLER_22_152,VPWR,li1,76.1300,73.4400,1.799980
FILLER_22_129,VPWR,li1,65.3200,73.4400,1.799975
FILLER_22_126,VPWR,li1,64.1700,73.4400,1.799975
FILLER_22_62,VPWR,li1,34.2700,73.4400,1.799978
FILLER_22_59,VPWR,li1,33.3500,73.4400,1.799978
FILLER_22_29,VPWR,li1,19.3200,73.4400,1.799988
FILLER_22_26,VPWR,li1,17.9400,73.4400,1.799988
FILLER_22_3,VPWR,li1,7.3600,73.4400,1.799995
FILLER_21_318,VPWR,li1,152.2600,68.0000,1.799957
FILLER_21_315,VPWR,li1,151.1100,68.0000,1.799957
FILLER_21_312,VPWR,li1,149.7300,68.0000,1.799957
FILLER_21_309,VPWR,li1,148.3500,68.0000,1.799957
FILLER_21_306,VPWR,li1,146.9700,68.0000,1.799957
FILLER_21_297,VPWR,li1,142.6000,68.0000,1.799957
FILLER_21_294,VPWR,li1,141.4500,68.0000,1.799957
FILLER_21_291,VPWR,li1,140.0700,68.0000,1.799959
FILLER_21_288,VPWR,li1,138.6900,68.0000,1.799959
FILLER_21_266,VPWR,li1,128.1100,68.0000,1.799966
FILLER_21_236,VPWR,li1,114.3100,68.0000,1.799977
FILLER_21_233,VPWR,li1,113.3900,68.0000,1.799977
FILLER_21_223,VPWR,li1,108.3300,68.0000,1.799981
FILLER_21_220,VPWR,li1,107.4100,68.0000,1.799983
FILLER_21_202,VPWR,li1,98.9000,68.0000,1.799986
FILLER_21_199,VPWR,li1,97.7500,68.0000,1.799986
FILLER_21_196,VPWR,li1,96.3700,68.0000,1.799983
FILLER_21_193,VPWR,li1,94.9900,68.0000,1.799981
FILLER_21_190,VPWR,li1,93.6100,68.0000,1.799979
FILLER_21_187,VPWR,li1,92.2300,68.0000,1.799979
FILLER_21_184,VPWR,li1,90.8500,68.0000,1.799975
FILLER_21_165,VPWR,li1,82.1100,68.0000,1.799965
FILLER_21_139,VPWR,li1,69.9200,68.0000,1.799954
FILLER_21_132,VPWR,li1,66.7000,68.0000,1.799954
FILLER_21_119,VPWR,li1,60.7200,68.0000,1.799951
FILLER_21_116,VPWR,li1,59.5700,68.0000,1.799951
FILLER_21_113,VPWR,li1,58.1900,68.0000,1.799950
FILLER_21_110,VPWR,li1,56.5800,68.0000,1.799950
FILLER_21_107,VPWR,li1,55.4300,68.0000,1.799949
FILLER_21_104,VPWR,li1,54.0500,68.0000,1.799949
FILLER_21_87,VPWR,li1,45.7700,68.0000,1.799952
FILLER_21_63,VPWR,li1,35.1900,68.0000,1.799957
FILLER_21_60,VPWR,li1,33.8100,68.0000,1.799957
FILLER_21_57,VPWR,li1,32.4300,68.0000,1.799960
FILLER_21_54,VPWR,li1,30.8200,68.0000,1.799960
FILLER_21_12,VPWR,li1,11.2700,68.0000,1.799987
FILLER_21_9,VPWR,li1,10.3500,68.0000,1.799990
FILLER_21_6,VPWR,li1,8.9700,68.0000,1.799990
FILLER_21_3,VPWR,li1,7.5900,68.0000,1.799990
FILLER_20_318,VPWR,li1,152.2600,68.0000,1.799957
FILLER_20_315,VPWR,li1,151.1100,68.0000,1.799957
FILLER_20_312,VPWR,li1,149.7300,68.0000,1.799957
FILLER_20_309,VPWR,li1,148.3500,68.0000,1.799957
FILLER_20_285,VPWR,li1,137.3100,68.0000,1.799961
FILLER_20_282,VPWR,li1,135.9300,68.0000,1.799962
FILLER_20_279,VPWR,li1,134.5500,68.0000,1.799962
FILLER_20_272,VPWR,li1,131.1000,68.0000,1.799965
FILLER_20_269,VPWR,li1,129.9500,68.0000,1.799965
FILLER_20_266,VPWR,li1,128.5700,68.0000,1.799966
FILLER_20_253,VPWR,li1,122.3600,68.0000,1.799971
FILLER_20_251,VPWR,li1,121.2100,68.0000,1.799971
FILLER_20_236,VPWR,li1,114.7700,68.0000,1.799977
FILLER_20_233,VPWR,li1,113.3900,68.0000,1.799977
FILLER_20_230,VPWR,li1,112.0100,68.0000,1.799979
FILLER_20_227,VPWR,li1,110.6300,68.0000,1.799979
FILLER_20_218,VPWR,li1,106.0300,68.0000,1.799983
FILLER_20_209,VPWR,li1,102.1200,68.0000,1.799986
FILLER_20_206,VPWR,li1,100.9700,68.0000,1.799988
FILLER_20_203,VPWR,li1,99.5900,68.0000,1.799988
FILLER_20_200,VPWR,li1,98.2100,68.0000,1.799986
FILLER_20_197,VPWR,li1,96.8300,68.0000,1.799983
FILLER_20_194,VPWR,li1,95.2200,68.0000,1.799981
FILLER_20_191,VPWR,li1,94.0700,68.0000,1.799981
FILLER_20_188,VPWR,li1,92.6900,68.0000,1.799979
FILLER_20_164,VPWR,li1,81.6500,68.0000,1.799965
FILLER_20_161,VPWR,li1,80.2700,68.0000,1.799963
FILLER_20_127,VPWR,li1,64.4000,68.0000,1.799953
FILLER_20_124,VPWR,li1,63.2500,68.0000,1.799952
FILLER_20_121,VPWR,li1,61.8700,68.0000,1.799952
FILLER_20_118,VPWR,li1,60.4900,68.0000,1.799951
FILLER_20_97,VPWR,li1,50.3700,68.0000,1.799951
FILLER_20_94,VPWR,li1,49.4500,68.0000,1.799951
FILLER_20_85,VPWR,li1,45.0800,68.0000,1.799952
FILLER_20_76,VPWR,li1,41.1700,68.0000,1.799954
FILLER_20_73,VPWR,li1,39.7900,68.0000,1.799954
FILLER_20_70,VPWR,li1,38.4100,68.0000,1.799955
FILLER_20_67,VPWR,li1,37.0300,68.0000,1.799955
FILLER_20_50,VPWR,li1,28.7500,68.0000,1.799961
FILLER_20_47,VPWR,li1,27.8300,68.0000,1.799964
FILLER_20_44,VPWR,li1,26.4500,68.0000,1.799964
FILLER_20_36,VPWR,li1,22.7700,68.0000,1.799968
FILLER_20_22,VPWR,li1,15.8700,68.0000,1.799981
FILLER_20_15,VPWR,li1,12.8800,68.0000,1.799987
FILLER_20_12,VPWR,li1,11.7300,68.0000,1.799987
FILLER_20_9,VPWR,li1,10.3500,68.0000,1.799990
FILLER_20_6,VPWR,li1,8.9700,68.0000,1.799990
FILLER_20_3,VPWR,li1,7.5900,68.0000,1.799990
FILLER_19_290,VPWR,li1,139.6100,62.5600,1.799973
FILLER_19_287,VPWR,li1,138.2300,62.5600,1.799973
FILLER_19_284,VPWR,li1,136.8500,62.5600,1.799973
FILLER_19_281,VPWR,li1,135.4700,62.5600,1.799973
FILLER_19_278,VPWR,li1,133.8600,62.5600,1.799973
FILLER_19_275,VPWR,li1,132.7100,62.5600,1.799974
FILLER_19_272,VPWR,li1,131.3300,62.5600,1.799974
FILLER_19_269,VPWR,li1,129.9500,62.5600,1.799974
FILLER_19_266,VPWR,li1,128.5700,62.5600,1.799974
FILLER_19_263,VPWR,li1,127.1900,62.5600,1.799974
FILLER_19_240,VPWR,li1,116.3800,62.5600,1.799979
FILLER_19_237,VPWR,li1,115.2300,62.5600,1.799980
FILLER_19_234,VPWR,li1,113.8500,62.5600,1.799981
FILLER_19_231,VPWR,li1,112.4700,62.5600,1.799981
FILLER_19_228,VPWR,li1,111.0900,62.5600,1.799983
FILLER_19_225,VPWR,li1,109.7100,62.5600,1.799984
FILLER_19_223,VPWR,li1,108.3300,62.5600,1.799984
FILLER_19_213,VPWR,li1,104.1900,62.5600,1.799986
FILLER_19_210,VPWR,li1,102.8100,62.5600,1.799987
FILLER_19_207,VPWR,li1,101.4300,62.5600,1.799989
FILLER_19_184,VPWR,li1,90.8500,62.5600,1.799983
FILLER_19_181,VPWR,li1,89.4700,62.5600,1.799983
FILLER_19_178,VPWR,li1,88.0900,62.5600,1.799983
FILLER_19_169,VPWR,li1,83.4900,62.5600,1.799982
FILLER_19_159,VPWR,li1,79.1200,62.5600,1.799981
FILLER_19_156,VPWR,li1,77.9700,62.5600,1.799981
FILLER_19_133,VPWR,li1,67.1600,62.5600,1.799980
FILLER_19_130,VPWR,li1,66.0100,62.5600,1.799980
FILLER_19_127,VPWR,li1,64.6300,62.5600,1.799980
FILLER_19_124,VPWR,li1,63.2500,62.5600,1.799980
FILLER_19_116,VPWR,li1,59.5700,62.5600,1.799980
FILLER_19_113,VPWR,li1,58.1900,62.5600,1.799980
FILLER_19_85,VPWR,li1,45.3100,62.5600,1.799980
FILLER_19_82,VPWR,li1,43.9300,62.5600,1.799980
FILLER_19_79,VPWR,li1,42.5500,62.5600,1.799980
FILLER_19_76,VPWR,li1,41.1700,62.5600,1.799980
FILLER_19_48,VPWR,li1,27.8300,62.5600,1.799985
FILLER_19_45,VPWR,li1,26.9100,62.5600,1.799986
FILLER_19_42,VPWR,li1,25.5300,62.5600,1.799986
FILLER_19_39,VPWR,li1,24.1500,62.5600,1.799987
FILLER_19_31,VPWR,li1,20.4700,62.5600,1.799990
FILLER_19_28,VPWR,li1,19.0900,62.5600,1.799990
FILLER_19_15,VPWR,li1,13.1100,62.5600,1.799994
FILLER_19_12,VPWR,li1,11.7300,62.5600,1.799995
FILLER_19_9,VPWR,li1,10.3500,62.5600,1.799996
FILLER_19_6,VPWR,li1,8.9700,62.5600,1.799996
FILLER_19_3,VPWR,li1,7.5900,62.5600,1.799996
FILLER_18_319,VPWR,li1,152.4900,62.5600,1.799972
FILLER_18_281,VPWR,li1,135.2400,62.5600,1.799973
FILLER_18_278,VPWR,li1,134.0900,62.5600,1.799973
FILLER_18_275,VPWR,li1,132.7100,62.5600,1.799974
FILLER_18_272,VPWR,li1,131.3300,62.5600,1.799974
FILLER_18_253,VPWR,li1,122.1300,62.5600,1.799977
FILLER_18_250,VPWR,li1,120.9800,62.5600,1.799977
FILLER_18_241,VPWR,li1,116.8400,62.5600,1.799979
FILLER_18_238,VPWR,li1,115.6900,62.5600,1.799980
FILLER_18_235,VPWR,li1,114.3100,62.5600,1.799980
FILLER_18_232,VPWR,li1,112.9300,62.5600,1.799981
FILLER_18_180,VPWR,li1,88.7800,62.5600,1.799983
FILLER_18_177,VPWR,li1,87.6300,62.5600,1.799983
FILLER_18_166,VPWR,li1,82.5700,62.5600,1.799982
FILLER_18_141,VPWR,li1,70.8400,62.5600,1.799980
FILLER_18_124,VPWR,li1,62.7900,62.5600,1.799980
FILLER_18_121,VPWR,li1,61.8700,62.5600,1.799980
FILLER_18_112,VPWR,li1,57.2700,62.5600,1.799980
FILLER_18_109,VPWR,li1,56.3500,62.5600,1.799980
FILLER_18_106,VPWR,li1,54.9700,62.5600,1.799980
FILLER_18_82,VPWR,li1,43.7000,62.5600,1.799980
FILLER_18_79,VPWR,li1,42.5500,62.5600,1.799980
FILLER_18_76,VPWR,li1,41.1700,62.5600,1.799980
FILLER_18_73,VPWR,li1,39.7900,62.5600,1.799980
FILLER_18_70,VPWR,li1,38.4100,62.5600,1.799980
FILLER_18_47,VPWR,li1,27.6000,62.5600,1.799985
FILLER_18_44,VPWR,li1,26.4500,62.5600,1.799986
FILLER_18_41,VPWR,li1,25.0700,62.5600,1.799987
FILLER_18_38,VPWR,li1,23.6900,62.5600,1.799987
FILLER_18_35,VPWR,li1,22.3100,62.5600,1.799989
FILLER_18_32,VPWR,li1,20.9300,62.5600,1.799989
FILLER_18_29,VPWR,li1,19.5500,62.5600,1.799990
FILLER_18_12,VPWR,li1,11.2700,62.5600,1.799995
FILLER_18_9,VPWR,li1,10.3500,62.5600,1.799996
FILLER_18_6,VPWR,li1,8.9700,62.5600,1.799996
FILLER_18_3,VPWR,li1,7.5900,62.5600,1.799996
FILLER_17_318,VPWR,li1,152.2600,57.1200,1.799963
FILLER_17_284,VPWR,li1,136.3900,57.1200,1.799964
FILLER_17_281,VPWR,li1,135.4700,57.1200,1.799965
FILLER_17_277,VPWR,li1,133.6300,57.1200,1.799965
FILLER_17_274,VPWR,li1,132.2500,57.1200,1.799965
FILLER_17_271,VPWR,li1,130.8700,57.1200,1.799966
FILLER_17_237,VPWR,li1,115.0000,57.1200,1.799976
FILLER_17_234,VPWR,li1,113.8500,57.1200,1.799976
FILLER_17_231,VPWR,li1,112.4700,57.1200,1.799979
FILLER_17_228,VPWR,li1,111.0900,57.1200,1.799979
FILLER_17_225,VPWR,li1,109.7100,57.1200,1.799980
FILLER_17_172,VPWR,li1,85.1000,57.1200,1.799979
FILLER_17_169,VPWR,li1,83.9500,57.1200,1.799979
FILLER_17_167,VPWR,li1,82.5700,57.1200,1.799978
FILLER_17_164,VPWR,li1,81.6500,57.1200,1.799978
FILLER_17_133,VPWR,li1,67.1600,57.1200,1.799973
FILLER_17_130,VPWR,li1,66.0100,57.1200,1.799972
FILLER_17_127,VPWR,li1,64.6300,57.1200,1.799972
FILLER_17_124,VPWR,li1,63.2500,57.1200,1.799972
FILLER_17_81,VPWR,li1,43.4700,57.1200,1.799976
FILLER_17_78,VPWR,li1,42.0900,57.1200,1.799977
FILLER_17_41,VPWR,li1,24.8400,57.1200,1.799986
FILLER_17_38,VPWR,li1,23.6900,57.1200,1.799986
FILLER_17_35,VPWR,li1,22.3100,57.1200,1.799988
FILLER_17_32,VPWR,li1,20.9300,57.1200,1.799988
FILLER_17_9,VPWR,li1,10.1200,57.1200,1.799995
FILLER_17_6,VPWR,li1,8.9700,57.1200,1.799995
FILLER_17_3,VPWR,li1,7.5900,57.1200,1.799995
FILLER_16_318,VPWR,li1,152.2600,57.1200,1.799963
FILLER_16_315,VPWR,li1,151.1100,57.1200,1.799963
FILLER_16_312,VPWR,li1,149.7300,57.1200,1.799963
FILLER_16_309,VPWR,li1,148.3500,57.1200,1.799963
FILLER_16_305,VPWR,li1,146.5100,57.1200,1.799963
FILLER_16_281,VPWR,li1,135.4700,57.1200,1.799965
FILLER_16_278,VPWR,li1,134.0900,57.1200,1.799965
FILLER_16_275,VPWR,li1,132.7100,57.1200,1.799965
FILLER_16_272,VPWR,li1,131.3300,57.1200,1.799966
FILLER_16_269,VPWR,li1,129.9500,57.1200,1.799966
FILLER_16_266,VPWR,li1,128.5700,57.1200,1.799966
FILLER_16_238,VPWR,li1,115.4600,57.1200,1.799976
FILLER_16_235,VPWR,li1,114.3100,57.1200,1.799976
FILLER_16_193,VPWR,li1,94.9900,57.1200,1.799983
FILLER_16_190,VPWR,li1,93.6100,57.1200,1.799983
FILLER_16_166,VPWR,li1,82.5700,57.1200,1.799978
FILLER_16_163,VPWR,li1,81.1900,57.1200,1.799977
FILLER_16_160,VPWR,li1,79.8100,57.1200,1.799977
FILLER_16_157,VPWR,li1,78.4300,57.1200,1.799976
FILLER_16_154,VPWR,li1,77.0500,57.1200,1.799976
FILLER_16_129,VPWR,li1,65.5500,57.1200,1.799972
FILLER_16_126,VPWR,li1,64.1700,57.1200,1.799972
FILLER_16_123,VPWR,li1,62.7900,57.1200,1.799972
FILLER_16_120,VPWR,li1,61.4100,57.1200,1.799971
FILLER_16_117,VPWR,li1,60.0300,57.1200,1.799971
FILLER_16_88,VPWR,li1,46.2300,57.1200,1.799975
FILLER_16_85,VPWR,li1,45.3100,57.1200,1.799975
FILLER_16_83,VPWR,li1,43.9300,57.1200,1.799976
FILLER_16_80,VPWR,li1,43.0100,57.1200,1.799977
FILLER_16_77,VPWR,li1,41.6300,57.1200,1.799977
FILLER_16_47,VPWR,li1,27.6000,57.1200,1.799984
FILLER_16_44,VPWR,li1,26.4500,57.1200,1.799984
FILLER_16_6,VPWR,li1,8.5100,57.1200,1.799995
FILLER_16_3,VPWR,li1,7.5900,57.1200,1.799995
FILLER_15_318,VPWR,li1,152.2600,51.6800,1.799990
FILLER_15_315,VPWR,li1,151.1100,51.6800,1.799990
FILLER_15_312,VPWR,li1,149.7300,51.6800,1.799990
FILLER_15_309,VPWR,li1,148.3500,51.6800,1.799990
FILLER_15_306,VPWR,li1,146.9700,51.6800,1.799990
FILLER_15_303,VPWR,li1,145.5900,51.6800,1.799990
FILLER_15_295,VPWR,li1,141.6800,51.6800,1.799990
FILLER_15_287,VPWR,li1,137.7700,51.6800,1.799990
FILLER_15_284,VPWR,li1,136.8500,51.6800,1.799990
FILLER_15_281,VPWR,li1,135.4700,51.6800,1.799990
FILLER_15_278,VPWR,li1,133.8600,51.6800,1.799990
FILLER_15_275,VPWR,li1,132.7100,51.6800,1.799990
FILLER_15_272,VPWR,li1,131.3300,51.6800,1.799990
FILLER_15_240,VPWR,li1,116.6100,51.6800,1.799992
FILLER_15_237,VPWR,li1,115.2300,51.6800,1.799993
FILLER_15_234,VPWR,li1,113.8500,51.6800,1.799993
FILLER_15_231,VPWR,li1,112.4700,51.6800,1.799993
FILLER_15_228,VPWR,li1,111.0900,51.6800,1.799993
FILLER_15_225,VPWR,li1,109.7100,51.6800,1.799994
FILLER_15_208,VPWR,li1,101.8900,51.6800,1.799996
FILLER_15_165,VPWR,li1,82.1100,51.6800,1.799987
FILLER_15_162,VPWR,li1,80.7300,51.6800,1.799986
FILLER_15_159,VPWR,li1,79.3500,51.6800,1.799985
FILLER_15_156,VPWR,li1,77.9700,51.6800,1.799985
FILLER_15_134,VPWR,li1,67.3900,51.6800,1.799981
FILLER_15_131,VPWR,li1,66.4700,51.6800,1.799980
FILLER_15_128,VPWR,li1,65.0900,51.6800,1.799980
FILLER_15_125,VPWR,li1,63.7100,51.6800,1.799980
FILLER_15_122,VPWR,li1,62.3300,51.6800,1.799979
FILLER_15_119,VPWR,li1,60.9500,51.6800,1.799979
FILLER_15_116,VPWR,li1,59.5700,51.6800,1.799979
FILLER_15_113,VPWR,li1,58.1900,51.6800,1.799978
FILLER_15_111,VPWR,li1,56.8100,51.6800,1.799978
FILLER_15_89,VPWR,li1,46.9200,51.6800,1.799979
FILLER_15_86,VPWR,li1,45.7700,51.6800,1.799979
FILLER_15_83,VPWR,li1,44.3900,51.6800,1.799979
FILLER_15_80,VPWR,li1,43.0100,51.6800,1.799980
FILLER_15_77,VPWR,li1,41.6300,51.6800,1.799980
FILLER_15_74,VPWR,li1,40.2500,51.6800,1.799980
FILLER_15_57,VPWR,li1,31.9700,51.6800,1.799981
FILLER_15_40,VPWR,li1,24.6100,51.6800,1.799984
FILLER_15_37,VPWR,li1,23.2300,51.6800,1.799984
FILLER_15_3,VPWR,li1,7.1300,51.6800,1.799995
FILLER_14_318,VPWR,li1,152.2600,51.6800,1.799990
FILLER_14_315,VPWR,li1,151.1100,51.6800,1.799990
FILLER_14_312,VPWR,li1,149.7300,51.6800,1.799990
FILLER_14_309,VPWR,li1,148.3500,51.6800,1.799990
FILLER_14_307,VPWR,li1,146.9700,51.6800,1.799990
FILLER_14_304,VPWR,li1,146.0500,51.6800,1.799990
FILLER_14_301,VPWR,li1,144.6700,51.6800,1.799990
FILLER_14_298,VPWR,li1,143.2900,51.6800,1.799990
FILLER_14_295,VPWR,li1,141.9100,51.6800,1.799990
FILLER_14_292,VPWR,li1,140.5300,51.6800,1.799990
FILLER_14_289,VPWR,li1,139.1500,51.6800,1.799990
FILLER_14_286,VPWR,li1,137.7700,51.6800,1.799990
FILLER_14_283,VPWR,li1,136.3900,51.6800,1.799990
FILLER_14_280,VPWR,li1,135.0100,51.6800,1.799990
FILLER_14_277,VPWR,li1,133.6300,51.6800,1.799990
FILLER_14_274,VPWR,li1,132.2500,51.6800,1.799990
FILLER_14_246,VPWR,li1,118.9100,51.6800,1.799991
FILLER_14_243,VPWR,li1,117.9900,51.6800,1.799992
FILLER_14_240,VPWR,li1,116.6100,51.6800,1.799992
FILLER_14_237,VPWR,li1,115.2300,51.6800,1.799993
FILLER_14_234,VPWR,li1,113.8500,51.6800,1.799993
FILLER_14_231,VPWR,li1,112.4700,51.6800,1.799993
FILLER_14_228,VPWR,li1,111.0900,51.6800,1.799993
FILLER_14_225,VPWR,li1,109.7100,51.6800,1.799994
FILLER_14_222,VPWR,li1,108.3300,51.6800,1.799994
FILLER_14_197,VPWR,li1,96.6000,51.6800,1.799993
FILLER_14_194,VPWR,li1,95.2200,51.6800,1.799992
FILLER_14_191,VPWR,li1,94.0700,51.6800,1.799992
FILLER_14_182,VPWR,li1,89.4700,51.6800,1.799989
FILLER_14_179,VPWR,li1,88.5500,51.6800,1.799989
FILLER_14_158,VPWR,li1,78.8900,51.6800,1.799985
FILLER_14_155,VPWR,li1,77.5100,51.6800,1.799984
FILLER_14_152,VPWR,li1,76.1300,51.6800,1.799984
FILLER_14_149,VPWR,li1,74.7500,51.6800,1.799983
FILLER_14_146,VPWR,li1,73.3700,51.6800,1.799983
FILLER_14_138,VPWR,li1,69.4600,51.6800,1.799982
FILLER_14_135,VPWR,li1,68.3100,51.6800,1.799981
FILLER_14_132,VPWR,li1,66.9300,51.6800,1.799980
FILLER_14_129,VPWR,li1,65.5500,51.6800,1.799980
FILLER_14_126,VPWR,li1,64.1700,51.6800,1.799980
FILLER_14_123,VPWR,li1,62.7900,51.6800,1.799979
FILLER_14_120,VPWR,li1,61.4100,51.6800,1.799979
FILLER_14_117,VPWR,li1,60.0300,51.6800,1.799979
FILLER_14_91,VPWR,li1,47.8400,51.6800,1.799979
FILLER_14_88,VPWR,li1,46.6900,51.6800,1.799979
FILLER_14_85,VPWR,li1,45.3100,51.6800,1.799979
FILLER_14_82,VPWR,li1,43.7000,51.6800,1.799980
FILLER_14_79,VPWR,li1,42.5500,51.6800,1.799980
FILLER_14_76,VPWR,li1,41.1700,51.6800,1.799980
FILLER_14_73,VPWR,li1,39.7900,51.6800,1.799980
FILLER_14_70,VPWR,li1,38.4100,51.6800,1.799980
FILLER_14_67,VPWR,li1,37.0300,51.6800,1.799980
FILLER_14_64,VPWR,li1,35.6500,51.6800,1.799980
FILLER_14_54,VPWR,li1,31.0500,51.6800,1.799981
FILLER_14_6,VPWR,li1,8.7400,51.6800,1.799995
FILLER_14_3,VPWR,li1,7.5900,51.6800,1.799995
FILLER_13_319,VPWR,li1,152.4900,46.2400,1.799995
FILLER_13_316,VPWR,li1,151.5700,46.2400,1.799995
FILLER_13_296,VPWR,li1,142.1400,46.2400,1.799995
FILLER_13_293,VPWR,li1,140.9900,46.2400,1.799995
FILLER_13_284,VPWR,li1,136.6200,46.2400,1.799995
FILLER_13_281,VPWR,li1,135.4700,46.2400,1.799995
FILLER_13_255,VPWR,li1,123.2800,46.2400,1.799995
FILLER_13_252,VPWR,li1,122.1300,46.2400,1.799995
FILLER_13_249,VPWR,li1,120.7500,46.2400,1.799995
FILLER_13_246,VPWR,li1,119.3700,46.2400,1.799995
FILLER_13_243,VPWR,li1,117.9900,46.2400,1.799996
FILLER_13_240,VPWR,li1,116.6100,46.2400,1.799996
FILLER_13_237,VPWR,li1,115.2300,46.2400,1.799996
FILLER_13_234,VPWR,li1,113.8500,46.2400,1.799996
FILLER_13_231,VPWR,li1,112.4700,46.2400,1.799996
FILLER_13_228,VPWR,li1,111.0900,46.2400,1.799996
FILLER_13_225,VPWR,li1,109.7100,46.2400,1.799996
FILLER_13_216,VPWR,li1,105.5700,46.2400,1.799998
FILLER_13_213,VPWR,li1,104.1900,46.2400,1.799998
FILLER_13_210,VPWR,li1,102.8100,46.2400,1.799998
FILLER_13_207,VPWR,li1,101.4300,46.2400,1.799998
FILLER_13_204,VPWR,li1,100.0500,46.2400,1.799998
FILLER_13_201,VPWR,li1,98.6700,46.2400,1.799998
FILLER_13_198,VPWR,li1,97.2900,46.2400,1.799998
FILLER_13_195,VPWR,li1,95.9100,46.2400,1.799998
FILLER_13_192,VPWR,li1,94.5300,46.2400,1.799998
FILLER_13_172,VPWR,li1,84.8700,46.2400,1.799998
FILLER_13_169,VPWR,li1,83.9500,46.2400,1.799998
FILLER_13_167,VPWR,li1,82.5700,46.2400,1.799997
FILLER_13_164,VPWR,li1,81.6500,46.2400,1.799997
FILLER_13_161,VPWR,li1,80.2700,46.2400,1.799997
FILLER_13_158,VPWR,li1,78.8900,46.2400,1.799997
FILLER_13_155,VPWR,li1,77.5100,46.2400,1.799997
FILLER_13_152,VPWR,li1,76.1300,46.2400,1.799997
FILLER_13_137,VPWR,li1,68.7700,46.2400,1.799997
FILLER_13_134,VPWR,li1,67.8500,46.2400,1.799997
FILLER_13_131,VPWR,li1,66.4700,46.2400,1.799997
FILLER_13_128,VPWR,li1,65.0900,46.2400,1.799997
FILLER_13_125,VPWR,li1,63.7100,46.2400,1.799997
FILLER_13_122,VPWR,li1,62.3300,46.2400,1.799996
FILLER_13_119,VPWR,li1,60.9500,46.2400,1.799996
FILLER_13_116,VPWR,li1,59.5700,46.2400,1.799996
FILLER_13_113,VPWR,li1,58.1900,46.2400,1.799996
FILLER_13_88,VPWR,li1,46.6900,46.2400,1.799996
FILLER_13_85,VPWR,li1,45.3100,46.2400,1.799996
FILLER_13_82,VPWR,li1,43.9300,46.2400,1.799996
FILLER_13_79,VPWR,li1,42.5500,46.2400,1.799997
FILLER_13_76,VPWR,li1,41.1700,46.2400,1.799997
FILLER_13_73,VPWR,li1,39.7900,46.2400,1.799997
FILLER_13_48,VPWR,li1,28.2900,46.2400,1.799997
FILLER_13_45,VPWR,li1,26.9100,46.2400,1.799998
FILLER_13_42,VPWR,li1,25.5300,46.2400,1.799998
FILLER_13_39,VPWR,li1,24.1500,46.2400,1.799998
FILLER_13_36,VPWR,li1,22.7700,46.2400,1.799998
FILLER_13_33,VPWR,li1,21.3900,46.2400,1.799998
FILLER_13_30,VPWR,li1,20.0100,46.2400,1.799998
FILLER_13_19,VPWR,li1,14.9500,46.2400,1.799998
FILLER_13_12,VPWR,li1,11.5000,46.2400,1.799999
FILLER_13_9,VPWR,li1,10.3500,46.2400,1.799999
FILLER_13_6,VPWR,li1,8.9700,46.2400,1.799999
FILLER_13_3,VPWR,li1,7.5900,46.2400,1.799999
FILLER_12_318,VPWR,li1,152.2600,46.2400,1.799995
FILLER_12_315,VPWR,li1,151.1100,46.2400,1.799995
FILLER_12_306,VPWR,li1,146.7400,46.2400,1.799995
FILLER_12_285,VPWR,li1,136.8500,46.2400,1.799995
FILLER_12_245,VPWR,li1,118.6800,46.2400,1.799995
FILLER_12_242,VPWR,li1,117.5300,46.2400,1.799996
FILLER_12_239,VPWR,li1,116.1500,46.2400,1.799996
FILLER_12_236,VPWR,li1,114.7700,46.2400,1.799996
FILLER_12_233,VPWR,li1,113.3900,46.2400,1.799996
FILLER_12_209,VPWR,li1,102.3500,46.2400,1.799998
FILLER_12_206,VPWR,li1,100.9700,46.2400,1.799998
FILLER_12_203,VPWR,li1,99.5900,46.2400,1.799998
FILLER_12_200,VPWR,li1,98.2100,46.2400,1.799998
FILLER_12_197,VPWR,li1,96.8300,46.2400,1.799998
FILLER_12_195,VPWR,li1,95.4500,46.2400,1.799998
FILLER_12_185,VPWR,li1,91.0800,46.2400,1.799998
FILLER_12_173,VPWR,li1,85.5600,46.2400,1.799998
FILLER_12_170,VPWR,li1,84.4100,46.2400,1.799998
FILLER_12_167,VPWR,li1,83.0300,46.2400,1.799997
FILLER_12_164,VPWR,li1,81.6500,46.2400,1.799997
FILLER_12_161,VPWR,li1,80.2700,46.2400,1.799997
FILLER_12_158,VPWR,li1,78.8900,46.2400,1.799997
FILLER_12_144,VPWR,li1,71.9900,46.2400,1.799997
FILLER_12_141,VPWR,li1,71.0700,46.2400,1.799997
FILLER_12_130,VPWR,li1,66.0100,46.2400,1.799997
FILLER_12_127,VPWR,li1,64.6300,46.2400,1.799997
FILLER_12_124,VPWR,li1,63.2500,46.2400,1.799996
FILLER_12_121,VPWR,li1,61.8700,46.2400,1.799996
FILLER_12_85,VPWR,li1,45.0800,46.2400,1.799996
FILLER_12_83,VPWR,li1,43.9300,46.2400,1.799996
FILLER_12_80,VPWR,li1,43.0100,46.2400,1.799997
FILLER_12_77,VPWR,li1,41.6300,46.2400,1.799997
FILLER_12_56,VPWR,li1,31.5100,46.2400,1.799997
FILLER_12_50,VPWR,li1,28.7500,46.2400,1.799997
FILLER_12_47,VPWR,li1,27.8300,46.2400,1.799997
FILLER_12_44,VPWR,li1,26.4500,46.2400,1.799998
FILLER_12_41,VPWR,li1,25.0700,46.2400,1.799998
FILLER_12_38,VPWR,li1,23.6900,46.2400,1.799998
FILLER_12_35,VPWR,li1,22.3100,46.2400,1.799998
FILLER_12_32,VPWR,li1,20.9300,46.2400,1.799998
FILLER_12_29,VPWR,li1,19.5500,46.2400,1.799998
FILLER_12_6,VPWR,li1,8.5100,46.2400,1.799999
FILLER_12_3,VPWR,li1,7.5900,46.2400,1.799999
FILLER_11_317,VPWR,li1,152.0300,40.8000,1.799952
FILLER_11_314,VPWR,li1,150.6500,40.8000,1.799952
FILLER_11_291,VPWR,li1,139.8400,40.8000,1.799953
FILLER_11_288,VPWR,li1,138.6900,40.8000,1.799953
FILLER_11_243,VPWR,li1,117.7600,40.8000,1.799968
FILLER_11_240,VPWR,li1,116.6100,40.8000,1.799970
FILLER_11_237,VPWR,li1,115.2300,40.8000,1.799970
FILLER_11_190,VPWR,li1,93.1500,40.8000,1.799977
FILLER_11_187,VPWR,li1,92.2300,40.8000,1.799977
FILLER_11_172,VPWR,li1,85.1000,40.8000,1.799971
FILLER_11_169,VPWR,li1,83.9500,40.8000,1.799971
FILLER_11_165,VPWR,li1,82.1100,40.8000,1.799970
FILLER_11_162,VPWR,li1,80.7300,40.8000,1.799969
FILLER_11_125,VPWR,li1,63.2500,40.8000,1.799959
FILLER_11_122,VPWR,li1,62.3300,40.8000,1.799959
FILLER_11_119,VPWR,li1,60.9500,40.8000,1.799959
FILLER_11_111,VPWR,li1,56.8100,40.8000,1.799960
FILLER_11_83,VPWR,li1,44.3900,40.8000,1.799962
FILLER_11_80,VPWR,li1,43.0100,40.8000,1.799963
FILLER_11_77,VPWR,li1,41.6300,40.8000,1.799963
FILLER_11_47,VPWR,li1,27.6000,40.8000,1.799972
FILLER_11_44,VPWR,li1,26.4500,40.8000,1.799975
FILLER_11_41,VPWR,li1,25.0700,40.8000,1.799977
FILLER_11_38,VPWR,li1,23.6900,40.8000,1.799977
FILLER_11_35,VPWR,li1,22.3100,40.8000,1.799980
FILLER_11_32,VPWR,li1,20.9300,40.8000,1.799980
FILLER_11_27,VPWR,li1,18.4000,40.8000,1.799983
FILLER_11_24,VPWR,li1,17.2500,40.8000,1.799985
FILLER_11_21,VPWR,li1,15.8700,40.8000,1.799985
FILLER_11_18,VPWR,li1,14.4900,40.8000,1.799988
FILLER_11_15,VPWR,li1,13.1100,40.8000,1.799990
FILLER_11_12,VPWR,li1,11.7300,40.8000,1.799990
FILLER_11_9,VPWR,li1,10.3500,40.8000,1.799993
FILLER_11_6,VPWR,li1,8.9700,40.8000,1.799993
FILLER_11_3,VPWR,li1,7.5900,40.8000,1.799993
FILLER_10_319,VPWR,li1,152.4900,40.8000,1.799952
FILLER_10_316,VPWR,li1,151.5700,40.8000,1.799952
FILLER_10_285,VPWR,li1,137.0800,40.8000,1.799954
FILLER_10_282,VPWR,li1,135.9300,40.8000,1.799954
FILLER_10_250,VPWR,li1,120.9800,40.8000,1.799965
FILLER_10_247,VPWR,li1,119.8300,40.8000,1.799965
FILLER_10_244,VPWR,li1,118.4500,40.8000,1.799968
FILLER_10_241,VPWR,li1,117.0700,40.8000,1.799968
FILLER_10_238,VPWR,li1,115.6900,40.8000,1.799970
FILLER_10_194,VPWR,li1,95.2200,40.8000,1.799978
FILLER_10_191,VPWR,li1,94.0700,40.8000,1.799978
FILLER_10_161,VPWR,li1,80.0400,40.8000,1.799969
FILLER_10_139,VPWR,li1,69.6900,40.8000,1.799962
FILLER_10_88,VPWR,li1,46.6900,40.8000,1.799962
FILLER_10_85,VPWR,li1,45.3100,40.8000,1.799962
FILLER_10_83,VPWR,li1,43.9300,40.8000,1.799962
FILLER_10_38,VPWR,li1,23.4600,40.8000,1.799977
FILLER_10_35,VPWR,li1,22.3100,40.8000,1.799980
FILLER_10_32,VPWR,li1,20.9300,40.8000,1.799980
FILLER_10_29,VPWR,li1,19.5500,40.8000,1.799983
FILLER_10_26,VPWR,li1,17.9400,40.8000,1.799983
FILLER_10_18,VPWR,li1,14.0300,40.8000,1.799988
FILLER_10_15,VPWR,li1,13.1100,40.8000,1.799990
FILLER_10_12,VPWR,li1,11.7300,40.8000,1.799990
FILLER_10_9,VPWR,li1,10.3500,40.8000,1.799993
FILLER_10_6,VPWR,li1,8.9700,40.8000,1.799993
FILLER_10_3,VPWR,li1,7.5900,40.8000,1.799993
FILLER_9_318,VPWR,li1,152.2600,35.3600,1.799954
FILLER_9_315,VPWR,li1,151.1100,35.3600,1.799954
FILLER_9_312,VPWR,li1,149.7300,35.3600,1.799954
FILLER_9_284,VPWR,li1,136.6200,35.3600,1.799955
FILLER_9_281,VPWR,li1,135.4700,35.3600,1.799955
FILLER_9_279,VPWR,li1,134.0900,35.3600,1.799955
FILLER_9_273,VPWR,li1,131.3300,35.3600,1.799955
FILLER_9_242,VPWR,li1,117.5300,35.3600,1.799965
FILLER_9_239,VPWR,li1,116.1500,35.3600,1.799965
FILLER_9_200,VPWR,li1,98.2100,35.3600,1.799985
FILLER_9_197,VPWR,li1,96.8300,35.3600,1.799984
FILLER_9_194,VPWR,li1,95.4500,35.3600,1.799984
FILLER_9_191,VPWR,li1,94.0700,35.3600,1.799982
FILLER_9_169,VPWR,li1,83.4900,35.3600,1.799978
FILLER_9_166,VPWR,li1,82.3400,35.3600,1.799977
FILLER_9_163,VPWR,li1,81.1900,35.3600,1.799977
FILLER_9_160,VPWR,li1,79.8100,35.3600,1.799976
FILLER_9_131,VPWR,li1,66.2400,35.3600,1.799971
FILLER_9_128,VPWR,li1,65.0900,35.3600,1.799970
FILLER_9_125,VPWR,li1,63.7100,35.3600,1.799970
FILLER_9_122,VPWR,li1,62.3300,35.3600,1.799970
FILLER_9_119,VPWR,li1,60.9500,35.3600,1.799969
FILLER_9_116,VPWR,li1,59.5700,35.3600,1.799969
FILLER_9_113,VPWR,li1,58.1900,35.3600,1.799968
FILLER_9_90,VPWR,li1,47.1500,35.3600,1.799971
FILLER_9_87,VPWR,li1,46.2300,35.3600,1.799971
FILLER_9_84,VPWR,li1,44.8500,35.3600,1.799972
FILLER_9_81,VPWR,li1,43.4700,35.3600,1.799973
FILLER_9_78,VPWR,li1,42.0900,35.3600,1.799973
FILLER_9_46,VPWR,li1,27.3700,35.3600,1.799982
FILLER_9_39,VPWR,li1,23.6900,35.3600,1.799984
FILLER_9_9,VPWR,li1,10.3500,35.3600,1.799995
FILLER_9_6,VPWR,li1,8.9700,35.3600,1.799995
FILLER_9_3,VPWR,li1,7.5900,35.3600,1.799995
FILLER_8_318,VPWR,li1,152.2600,35.3600,1.799954
FILLER_8_315,VPWR,li1,151.1100,35.3600,1.799954
FILLER_8_312,VPWR,li1,149.7300,35.3600,1.799954
FILLER_8_309,VPWR,li1,148.3500,35.3600,1.799954
FILLER_8_307,VPWR,li1,146.9700,35.3600,1.799954
FILLER_8_304,VPWR,li1,146.0500,35.3600,1.799954
FILLER_8_292,VPWR,li1,140.0700,35.3600,1.799954
FILLER_8_289,VPWR,li1,139.1500,35.3600,1.799954
FILLER_8_286,VPWR,li1,137.7700,35.3600,1.799954
FILLER_8_283,VPWR,li1,136.3900,35.3600,1.799955
FILLER_8_280,VPWR,li1,135.0100,35.3600,1.799955
FILLER_8_277,VPWR,li1,133.6300,35.3600,1.799955
FILLER_8_274,VPWR,li1,132.2500,35.3600,1.799955
FILLER_8_243,VPWR,li1,117.7600,35.3600,1.799965
FILLER_8_240,VPWR,li1,116.6100,35.3600,1.799965
FILLER_8_237,VPWR,li1,115.2300,35.3600,1.799967
FILLER_8_234,VPWR,li1,113.8500,35.3600,1.799967
FILLER_8_213,VPWR,li1,103.7300,35.3600,1.799981
FILLER_8_203,VPWR,li1,99.5900,35.3600,1.799985
FILLER_8_200,VPWR,li1,98.2100,35.3600,1.799985
FILLER_8_197,VPWR,li1,96.8300,35.3600,1.799984
FILLER_8_194,VPWR,li1,95.2200,35.3600,1.799984
FILLER_8_191,VPWR,li1,94.0700,35.3600,1.799982
FILLER_8_188,VPWR,li1,92.6900,35.3600,1.799982
FILLER_8_174,VPWR,li1,85.7900,35.3600,1.799978
FILLER_8_171,VPWR,li1,84.8700,35.3600,1.799978
FILLER_8_168,VPWR,li1,83.4900,35.3600,1.799978
FILLER_8_165,VPWR,li1,82.1100,35.3600,1.799977
FILLER_8_162,VPWR,li1,80.7300,35.3600,1.799976
FILLER_8_159,VPWR,li1,79.3500,35.3600,1.799976
FILLER_8_156,VPWR,li1,77.9700,35.3600,1.799975
FILLER_8_153,VPWR,li1,76.5900,35.3600,1.799975
FILLER_8_144,VPWR,li1,71.9900,35.3600,1.799973
FILLER_8_141,VPWR,li1,71.0700,35.3600,1.799972
FILLER_8_121,VPWR,li1,61.6400,35.3600,1.799970
FILLER_8_118,VPWR,li1,60.4900,35.3600,1.799969
FILLER_8_88,VPWR,li1,46.6900,35.3600,1.799971
FILLER_8_85,VPWR,li1,45.3100,35.3600,1.799972
FILLER_8_81,VPWR,li1,43.4700,35.3600,1.799973
FILLER_8_78,VPWR,li1,42.0900,35.3600,1.799973
FILLER_8_75,VPWR,li1,40.7100,35.3600,1.799975
FILLER_8_72,VPWR,li1,39.3300,35.3600,1.799975
FILLER_8_69,VPWR,li1,37.9500,35.3600,1.799976
FILLER_8_42,VPWR,li1,25.0700,35.3600,1.799984
FILLER_8_39,VPWR,li1,24.1500,35.3600,1.799984
FILLER_8_6,VPWR,li1,8.5100,35.3600,1.799995
FILLER_8_3,VPWR,li1,7.5900,35.3600,1.799995
FILLER_7_319,VPWR,li1,152.4900,29.9200,1.799996
FILLER_7_316,VPWR,li1,151.5700,29.9200,1.799996
FILLER_7_313,VPWR,li1,150.1900,29.9200,1.799996
FILLER_7_310,VPWR,li1,148.8100,29.9200,1.799996
FILLER_7_307,VPWR,li1,147.4300,29.9200,1.799996
FILLER_7_299,VPWR,li1,143.5200,29.9200,1.799996
FILLER_7_296,VPWR,li1,142.3700,29.9200,1.799996
FILLER_7_293,VPWR,li1,140.9900,29.9200,1.799996
FILLER_7_290,VPWR,li1,139.6100,29.9200,1.799996
FILLER_7_287,VPWR,li1,138.2300,29.9200,1.799996
FILLER_7_284,VPWR,li1,136.8500,29.9200,1.799996
FILLER_7_281,VPWR,li1,135.4700,29.9200,1.799996
FILLER_7_279,VPWR,li1,134.0900,29.9200,1.799996
FILLER_7_276,VPWR,li1,133.1700,29.9200,1.799996
FILLER_7_249,VPWR,li1,120.7500,29.9200,1.799996
FILLER_7_246,VPWR,li1,119.3700,29.9200,1.799997
FILLER_7_243,VPWR,li1,117.9900,29.9200,1.799997
FILLER_7_240,VPWR,li1,116.6100,29.9200,1.799997
FILLER_7_237,VPWR,li1,115.2300,29.9200,1.799997
FILLER_7_234,VPWR,li1,113.8500,29.9200,1.799997
FILLER_7_231,VPWR,li1,112.4700,29.9200,1.799997
FILLER_7_222,VPWR,li1,108.1000,29.9200,1.799998
FILLER_7_204,VPWR,li1,100.0500,29.9200,1.799998
FILLER_7_201,VPWR,li1,98.6700,29.9200,1.799998
FILLER_7_198,VPWR,li1,97.2900,29.9200,1.799998
FILLER_7_195,VPWR,li1,95.9100,29.9200,1.799998
FILLER_7_192,VPWR,li1,94.5300,29.9200,1.799998
FILLER_7_189,VPWR,li1,93.1500,29.9200,1.799998
FILLER_7_186,VPWR,li1,91.7700,29.9200,1.799997
FILLER_7_183,VPWR,li1,90.3900,29.9200,1.799997
FILLER_7_175,VPWR,li1,86.2500,29.9200,1.799997
FILLER_7_172,VPWR,li1,85.3300,29.9200,1.799997
FILLER_7_169,VPWR,li1,83.9500,29.9200,1.799997
FILLER_7_167,VPWR,li1,82.5700,29.9200,1.799996
FILLER_7_164,VPWR,li1,81.6500,29.9200,1.799996
FILLER_7_161,VPWR,li1,80.2700,29.9200,1.799996
FILLER_7_158,VPWR,li1,78.8900,29.9200,1.799996
FILLER_7_155,VPWR,li1,77.5100,29.9200,1.799996
FILLER_7_131,VPWR,li1,66.4700,29.9200,1.799995
FILLER_7_128,VPWR,li1,65.0900,29.9200,1.799995
FILLER_7_125,VPWR,li1,63.7100,29.9200,1.799995
FILLER_7_122,VPWR,li1,62.3300,29.9200,1.799995
FILLER_7_119,VPWR,li1,60.9500,29.9200,1.799995
FILLER_7_116,VPWR,li1,59.5700,29.9200,1.799995
FILLER_7_113,VPWR,li1,58.1900,29.9200,1.799995
FILLER_7_91,VPWR,li1,47.6100,29.9200,1.799995
FILLER_7_88,VPWR,li1,46.6900,29.9200,1.799995
FILLER_7_85,VPWR,li1,45.3100,29.9200,1.799995
FILLER_7_82,VPWR,li1,43.9300,29.9200,1.799996
FILLER_7_79,VPWR,li1,42.5500,29.9200,1.799996
FILLER_7_76,VPWR,li1,41.1700,29.9200,1.799996
FILLER_7_73,VPWR,li1,39.7900,29.9200,1.799996
FILLER_7_70,VPWR,li1,38.4100,29.9200,1.799996
FILLER_7_67,VPWR,li1,37.0300,29.9200,1.799996
FILLER_7_64,VPWR,li1,35.6500,29.9200,1.799996
FILLER_7_55,VPWR,li1,31.0500,29.9200,1.799997
FILLER_7_52,VPWR,li1,30.1300,29.9200,1.799997
FILLER_7_49,VPWR,li1,28.7500,29.9200,1.799997
FILLER_7_46,VPWR,li1,27.3700,29.9200,1.799998
FILLER_7_43,VPWR,li1,25.9900,29.9200,1.799998
FILLER_7_40,VPWR,li1,24.6100,29.9200,1.799998
FILLER_7_37,VPWR,li1,23.2300,29.9200,1.799998
FILLER_7_34,VPWR,li1,21.8500,29.9200,1.799998
FILLER_7_12,VPWR,li1,11.5000,29.9200,1.799999
FILLER_7_9,VPWR,li1,10.3500,29.9200,1.799999
FILLER_7_6,VPWR,li1,8.9700,29.9200,1.799999
FILLER_7_3,VPWR,li1,7.5900,29.9200,1.799999
FILLER_6_318,VPWR,li1,152.2600,29.9200,1.799996
FILLER_6_315,VPWR,li1,151.1100,29.9200,1.799996
FILLER_6_312,VPWR,li1,149.7300,29.9200,1.799996
FILLER_6_309,VPWR,li1,148.3500,29.9200,1.799996
FILLER_6_305,VPWR,li1,146.5100,29.9200,1.799996
FILLER_6_297,VPWR,li1,142.3700,29.9200,1.799996
FILLER_6_294,VPWR,li1,141.4500,29.9200,1.799996
FILLER_6_291,VPWR,li1,140.0700,29.9200,1.799996
FILLER_6_288,VPWR,li1,138.6900,29.9200,1.799996
FILLER_6_285,VPWR,li1,137.3100,29.9200,1.799996
FILLER_6_282,VPWR,li1,135.9300,29.9200,1.799996
FILLER_6_250,VPWR,li1,120.9800,29.9200,1.799996
FILLER_6_247,VPWR,li1,119.8300,29.9200,1.799996
FILLER_6_244,VPWR,li1,118.4500,29.9200,1.799997
FILLER_6_241,VPWR,li1,117.0700,29.9200,1.799997
FILLER_6_238,VPWR,li1,115.6900,29.9200,1.799997
FILLER_6_235,VPWR,li1,114.3100,29.9200,1.799997
FILLER_6_232,VPWR,li1,112.9300,29.9200,1.799997
FILLER_6_229,VPWR,li1,111.5500,29.9200,1.799997
FILLER_6_215,VPWR,li1,104.8800,29.9200,1.799998
FILLER_6_212,VPWR,li1,103.7300,29.9200,1.799998
FILLER_6_209,VPWR,li1,102.3500,29.9200,1.799998
FILLER_6_206,VPWR,li1,100.9700,29.9200,1.799999
FILLER_6_203,VPWR,li1,99.5900,29.9200,1.799998
FILLER_6_200,VPWR,li1,98.2100,29.9200,1.799998
FILLER_6_197,VPWR,li1,96.8300,29.9200,1.799998
FILLER_6_195,VPWR,li1,95.4500,29.9200,1.799998
FILLER_6_192,VPWR,li1,94.5300,29.9200,1.799998
FILLER_6_173,VPWR,li1,85.7900,29.9200,1.799997
FILLER_6_170,VPWR,li1,84.4100,29.9200,1.799997
FILLER_6_167,VPWR,li1,83.0300,29.9200,1.799996
FILLER_6_164,VPWR,li1,81.6500,29.9200,1.799996
FILLER_6_161,VPWR,li1,80.2700,29.9200,1.799996
FILLER_6_158,VPWR,li1,78.8900,29.9200,1.799996
FILLER_6_155,VPWR,li1,77.5100,29.9200,1.799996
FILLER_6_152,VPWR,li1,76.1300,29.9200,1.799995
FILLER_6_149,VPWR,li1,74.7500,29.9200,1.799995
FILLER_6_146,VPWR,li1,73.3700,29.9200,1.799995
FILLER_6_137,VPWR,li1,69.2300,29.9200,1.799995
FILLER_6_134,VPWR,li1,67.8500,29.9200,1.799995
FILLER_6_131,VPWR,li1,66.4700,29.9200,1.799995
FILLER_6_128,VPWR,li1,65.0900,29.9200,1.799995
FILLER_6_125,VPWR,li1,63.7100,29.9200,1.799995
FILLER_6_122,VPWR,li1,62.3300,29.9200,1.799995
FILLER_6_119,VPWR,li1,60.9500,29.9200,1.799995
FILLER_6_116,VPWR,li1,59.5700,29.9200,1.799995
FILLER_6_113,VPWR,li1,58.1900,29.9200,1.799995
FILLER_6_110,VPWR,li1,56.8100,29.9200,1.799995
FILLER_6_107,VPWR,li1,55.4300,29.9200,1.799995
FILLER_6_85,VPWR,li1,44.8500,29.9200,1.799996
FILLER_6_81,VPWR,li1,43.4700,29.9200,1.799996
FILLER_6_78,VPWR,li1,42.0900,29.9200,1.799996
FILLER_6_75,VPWR,li1,40.7100,29.9200,1.799996
FILLER_6_72,VPWR,li1,39.3300,29.9200,1.799996
FILLER_6_69,VPWR,li1,37.9500,29.9200,1.799996
FILLER_6_66,VPWR,li1,36.5700,29.9200,1.799996
FILLER_6_63,VPWR,li1,35.1900,29.9200,1.799996
FILLER_6_60,VPWR,li1,33.8100,29.9200,1.799997
FILLER_6_53,VPWR,li1,30.1300,29.9200,1.799997
FILLER_6_50,VPWR,li1,29.2100,29.9200,1.799997
FILLER_6_47,VPWR,li1,27.8300,29.9200,1.799997
FILLER_6_44,VPWR,li1,26.4500,29.9200,1.799998
FILLER_6_41,VPWR,li1,25.0700,29.9200,1.799998
FILLER_6_38,VPWR,li1,23.6900,29.9200,1.799998
FILLER_6_35,VPWR,li1,22.3100,29.9200,1.799998
FILLER_6_32,VPWR,li1,20.9300,29.9200,1.799998
FILLER_6_29,VPWR,li1,19.5500,29.9200,1.799998
FILLER_6_27,VPWR,li1,18.1700,29.9200,1.799998
FILLER_6_24,VPWR,li1,17.2500,29.9200,1.799998
FILLER_6_9,VPWR,li1,10.3500,29.9200,1.799999
FILLER_6_6,VPWR,li1,8.9700,29.9200,1.799999
FILLER_6_3,VPWR,li1,7.5900,29.9200,1.799999
FILLER_5_298,VPWR,li1,142.8300,24.4800,1.799986
FILLER_5_295,VPWR,li1,141.9100,24.4800,1.799986
FILLER_5_287,VPWR,li1,137.7700,24.4800,1.799987
FILLER_5_284,VPWR,li1,136.8500,24.4800,1.799988
FILLER_5_281,VPWR,li1,135.4700,24.4800,1.799988
FILLER_5_277,VPWR,li1,133.6300,24.4800,1.799988
FILLER_5_274,VPWR,li1,132.2500,24.4800,1.799989
FILLER_5_271,VPWR,li1,130.8700,24.4800,1.799989
FILLER_5_268,VPWR,li1,129.4900,24.4800,1.799989
FILLER_5_265,VPWR,li1,128.1100,24.4800,1.799989
FILLER_5_246,VPWR,li1,118.9100,24.4800,1.799992
FILLER_5_243,VPWR,li1,117.9900,24.4800,1.799992
FILLER_5_240,VPWR,li1,116.6100,24.4800,1.799992
FILLER_5_237,VPWR,li1,115.2300,24.4800,1.799993
FILLER_5_234,VPWR,li1,113.8500,24.4800,1.799993
FILLER_5_231,VPWR,li1,112.4700,24.4800,1.799993
FILLER_5_205,VPWR,li1,100.2800,24.4800,1.799997
FILLER_5_202,VPWR,li1,99.1300,24.4800,1.799996
FILLER_5_199,VPWR,li1,97.7500,24.4800,1.799996
FILLER_5_196,VPWR,li1,96.3700,24.4800,1.799996
FILLER_5_193,VPWR,li1,94.9900,24.4800,1.799995
FILLER_5_169,VPWR,li1,83.9500,24.4800,1.799993
FILLER_5_167,VPWR,li1,82.5700,24.4800,1.799993
FILLER_5_164,VPWR,li1,81.6500,24.4800,1.799993
FILLER_5_161,VPWR,li1,80.2700,24.4800,1.799993
FILLER_5_158,VPWR,li1,78.8900,24.4800,1.799992
FILLER_5_155,VPWR,li1,77.5100,24.4800,1.799992
FILLER_5_152,VPWR,li1,76.1300,24.4800,1.799992
FILLER_5_128,VPWR,li1,65.0900,24.4800,1.799991
FILLER_5_125,VPWR,li1,63.7100,24.4800,1.799991
FILLER_5_122,VPWR,li1,62.3300,24.4800,1.799991
FILLER_5_119,VPWR,li1,60.9500,24.4800,1.799991
FILLER_5_116,VPWR,li1,59.5700,24.4800,1.799991
FILLER_5_113,VPWR,li1,58.1900,24.4800,1.799991
FILLER_5_83,VPWR,li1,43.9300,24.4800,1.799992
FILLER_5_80,VPWR,li1,43.0100,24.4800,1.799992
FILLER_5_77,VPWR,li1,41.6300,24.4800,1.799992
FILLER_5_74,VPWR,li1,40.2500,24.4800,1.799992
FILLER_5_71,VPWR,li1,38.8700,24.4800,1.799992
FILLER_5_68,VPWR,li1,37.4900,24.4800,1.799993
FILLER_5_65,VPWR,li1,36.1100,24.4800,1.799993
FILLER_5_57,VPWR,li1,31.9700,24.4800,1.799993
FILLER_5_46,VPWR,li1,27.3700,24.4800,1.799994
FILLER_5_43,VPWR,li1,25.9900,24.4800,1.799994
FILLER_5_40,VPWR,li1,24.6100,24.4800,1.799995
FILLER_5_37,VPWR,li1,23.2300,24.4800,1.799995
FILLER_5_34,VPWR,li1,21.8500,24.4800,1.799995
FILLER_5_31,VPWR,li1,20.4700,24.4800,1.799996
FILLER_5_28,VPWR,li1,19.0900,24.4800,1.799996
FILLER_5_25,VPWR,li1,17.7100,24.4800,1.799996
FILLER_5_12,VPWR,li1,11.5000,24.4800,1.799998
FILLER_5_9,VPWR,li1,10.3500,24.4800,1.799998
FILLER_5_6,VPWR,li1,8.9700,24.4800,1.799998
FILLER_5_3,VPWR,li1,7.5900,24.4800,1.799998
FILLER_4_319,VPWR,li1,152.4900,24.4800,1.799986
FILLER_4_316,VPWR,li1,151.5700,24.4800,1.799986
FILLER_4_306,VPWR,li1,146.7400,24.4800,1.799986
FILLER_4_277,VPWR,li1,133.6300,24.4800,1.799988
FILLER_4_274,VPWR,li1,132.2500,24.4800,1.799989
FILLER_4_271,VPWR,li1,130.8700,24.4800,1.799989
FILLER_4_253,VPWR,li1,122.3600,24.4800,1.799991
FILLER_4_244,VPWR,li1,118.4500,24.4800,1.799992
FILLER_4_241,VPWR,li1,117.0700,24.4800,1.799992
FILLER_4_238,VPWR,li1,115.6900,24.4800,1.799993
FILLER_4_235,VPWR,li1,114.3100,24.4800,1.799993
FILLER_4_232,VPWR,li1,112.9300,24.4800,1.799993
FILLER_4_209,VPWR,li1,102.1200,24.4800,1.799996
FILLER_4_206,VPWR,li1,100.9700,24.4800,1.799997
FILLER_4_203,VPWR,li1,99.5900,24.4800,1.799996
FILLER_4_200,VPWR,li1,98.2100,24.4800,1.799996
FILLER_4_197,VPWR,li1,96.8300,24.4800,1.799996
FILLER_4_195,VPWR,li1,95.4500,24.4800,1.799995
FILLER_4_192,VPWR,li1,94.5300,24.4800,1.799995
FILLER_4_166,VPWR,li1,82.3400,24.4800,1.799993
FILLER_4_163,VPWR,li1,81.1900,24.4800,1.799993
FILLER_4_160,VPWR,li1,79.8100,24.4800,1.799992
FILLER_4_157,VPWR,li1,78.4300,24.4800,1.799992
FILLER_4_125,VPWR,li1,63.7100,24.4800,1.799991
FILLER_4_122,VPWR,li1,62.3300,24.4800,1.799991
FILLER_4_119,VPWR,li1,60.9500,24.4800,1.799991
FILLER_4_85,VPWR,li1,45.3100,24.4800,1.799992
FILLER_4_83,VPWR,li1,43.9300,24.4800,1.799992
FILLER_4_80,VPWR,li1,43.0100,24.4800,1.799992
FILLER_4_77,VPWR,li1,41.6300,24.4800,1.799992
FILLER_4_74,VPWR,li1,40.2500,24.4800,1.799992
FILLER_4_47,VPWR,li1,27.3700,24.4800,1.799994
FILLER_4_44,VPWR,li1,26.4500,24.4800,1.799994
FILLER_4_41,VPWR,li1,25.0700,24.4800,1.799995
FILLER_4_38,VPWR,li1,23.6900,24.4800,1.799995
FILLER_4_35,VPWR,li1,22.3100,24.4800,1.799995
FILLER_4_32,VPWR,li1,20.9300,24.4800,1.799996
FILLER_4_29,VPWR,li1,19.5500,24.4800,1.799996
FILLER_4_6,VPWR,li1,8.5100,24.4800,1.799998
FILLER_4_3,VPWR,li1,7.5900,24.4800,1.799998
FILLER_3_317,VPWR,li1,152.0300,19.0400,1.799988
FILLER_3_314,VPWR,li1,150.6500,19.0400,1.799988
FILLER_3_311,VPWR,li1,149.2700,19.0400,1.799988
FILLER_3_274,VPWR,li1,131.7900,19.0400,1.799989
FILLER_3_271,VPWR,li1,130.8700,19.0400,1.799989
FILLER_3_242,VPWR,li1,117.3000,19.0400,1.799991
FILLER_3_239,VPWR,li1,116.1500,19.0400,1.799992
FILLER_3_236,VPWR,li1,114.7700,19.0400,1.799992
FILLER_3_199,VPWR,li1,97.2900,19.0400,1.799994
FILLER_3_169,VPWR,li1,83.7200,19.0400,1.799990
FILLER_3_165,VPWR,li1,82.1100,19.0400,1.799990
FILLER_3_121,VPWR,li1,61.8700,19.0400,1.799988
FILLER_3_118,VPWR,li1,60.4900,19.0400,1.799988
FILLER_3_87,VPWR,li1,46.0000,19.0400,1.799989
FILLER_3_84,VPWR,li1,44.8500,19.0400,1.799989
FILLER_3_81,VPWR,li1,43.4700,19.0400,1.799989
FILLER_3_78,VPWR,li1,42.0900,19.0400,1.799989
FILLER_3_33,VPWR,li1,21.3900,19.0400,1.799994
FILLER_3_30,VPWR,li1,20.0100,19.0400,1.799995
FILLER_3_27,VPWR,li1,18.6300,19.0400,1.799996
FILLER_3_24,VPWR,li1,17.2500,19.0400,1.799996
FILLER_3_15,VPWR,li1,12.8800,19.0400,1.799997
FILLER_3_12,VPWR,li1,11.7300,19.0400,1.799997
FILLER_3_9,VPWR,li1,10.3500,19.0400,1.799998
FILLER_3_6,VPWR,li1,8.9700,19.0400,1.799998
FILLER_3_3,VPWR,li1,7.5900,19.0400,1.799998
FILLER_2_318,VPWR,li1,152.2600,19.0400,1.799988
FILLER_2_315,VPWR,li1,151.1100,19.0400,1.799988
FILLER_2_312,VPWR,li1,149.7300,19.0400,1.799988
FILLER_2_309,VPWR,li1,148.3500,19.0400,1.799988
FILLER_2_305,VPWR,li1,146.5100,19.0400,1.799988
FILLER_2_302,VPWR,li1,145.1300,19.0400,1.799988
FILLER_2_277,VPWR,li1,133.1700,19.0400,1.799988
FILLER_2_274,VPWR,li1,132.2500,19.0400,1.799989
FILLER_2_243,VPWR,li1,117.7600,19.0400,1.799991
FILLER_2_240,VPWR,li1,116.6100,19.0400,1.799991
FILLER_2_237,VPWR,li1,115.2300,19.0400,1.799992
FILLER_2_234,VPWR,li1,113.8500,19.0400,1.799992
FILLER_2_231,VPWR,li1,112.4700,19.0400,1.799992
FILLER_2_207,VPWR,li1,101.4300,19.0400,1.799996
FILLER_2_197,VPWR,li1,96.6000,19.0400,1.799994
FILLER_2_194,VPWR,li1,95.2200,19.0400,1.799993
FILLER_2_191,VPWR,li1,94.0700,19.0400,1.799993
FILLER_2_163,VPWR,li1,80.9600,19.0400,1.799990
FILLER_2_160,VPWR,li1,79.8100,19.0400,1.799990
FILLER_2_157,VPWR,li1,78.4300,19.0400,1.799990
FILLER_2_154,VPWR,li1,77.0500,19.0400,1.799990
FILLER_2_131,VPWR,li1,66.2400,19.0400,1.799989
FILLER_2_128,VPWR,li1,65.0900,19.0400,1.799989
FILLER_2_125,VPWR,li1,63.7100,19.0400,1.799988
FILLER_2_122,VPWR,li1,62.3300,19.0400,1.799988
FILLER_2_119,VPWR,li1,60.9500,19.0400,1.799988
FILLER_2_85,VPWR,li1,45.0800,19.0400,1.799989
FILLER_2_81,VPWR,li1,43.4700,19.0400,1.799989
FILLER_2_78,VPWR,li1,42.0900,19.0400,1.799989
FILLER_2_75,VPWR,li1,40.7100,19.0400,1.799989
FILLER_2_47,VPWR,li1,27.3700,19.0400,1.799992
FILLER_2_44,VPWR,li1,26.4500,19.0400,1.799992
FILLER_2_41,VPWR,li1,25.0700,19.0400,1.799993
FILLER_2_38,VPWR,li1,23.6900,19.0400,1.799993
FILLER_2_35,VPWR,li1,22.3100,19.0400,1.799994
FILLER_2_32,VPWR,li1,20.9300,19.0400,1.799995
FILLER_2_29,VPWR,li1,19.5500,19.0400,1.799995
FILLER_2_27,VPWR,li1,18.1700,19.0400,1.799996
FILLER_2_21,VPWR,li1,15.6400,19.0400,1.799996
FILLER_2_18,VPWR,li1,14.4900,19.0400,1.799996
FILLER_2_15,VPWR,li1,13.1100,19.0400,1.799997
FILLER_2_12,VPWR,li1,11.7300,19.0400,1.799997
FILLER_2_9,VPWR,li1,10.3500,19.0400,1.799998
FILLER_2_6,VPWR,li1,8.9700,19.0400,1.799998
FILLER_2_3,VPWR,li1,7.5900,19.0400,1.799998
FILLER_1_317,VPWR,li1,152.0300,13.6000,1.799995
FILLER_1_314,VPWR,li1,150.6500,13.6000,1.799995
FILLER_1_311,VPWR,li1,149.2700,13.6000,1.799995
FILLER_1_308,VPWR,li1,147.8900,13.6000,1.799995
FILLER_1_305,VPWR,li1,146.5100,13.6000,1.799995
FILLER_1_302,VPWR,li1,145.1300,13.6000,1.799995
FILLER_1_299,VPWR,li1,143.7500,13.6000,1.799995
FILLER_1_296,VPWR,li1,142.3700,13.6000,1.799995
FILLER_1_284,VPWR,li1,136.6200,13.6000,1.799995
FILLER_1_281,VPWR,li1,135.4700,13.6000,1.799995
FILLER_1_278,VPWR,li1,133.8600,13.6000,1.799995
FILLER_1_275,VPWR,li1,132.7100,13.6000,1.799995
FILLER_1_272,VPWR,li1,131.3300,13.6000,1.799995
FILLER_1_269,VPWR,li1,129.9500,13.6000,1.799995
FILLER_1_266,VPWR,li1,128.5700,13.6000,1.799995
FILLER_1_242,VPWR,li1,117.5300,13.6000,1.799996
FILLER_1_239,VPWR,li1,116.1500,13.6000,1.799996
FILLER_1_236,VPWR,li1,114.7700,13.6000,1.799996
FILLER_1_233,VPWR,li1,113.3900,13.6000,1.799996
FILLER_1_230,VPWR,li1,112.0100,13.6000,1.799996
FILLER_1_202,VPWR,li1,98.6700,13.6000,1.799998
FILLER_1_196,VPWR,li1,96.3700,13.6000,1.799997
FILLER_1_193,VPWR,li1,94.9900,13.6000,1.799997
FILLER_1_190,VPWR,li1,93.6100,13.6000,1.799997
FILLER_1_187,VPWR,li1,92.2300,13.6000,1.799997
FILLER_1_172,VPWR,li1,84.8700,13.6000,1.799996
FILLER_1_169,VPWR,li1,83.9500,13.6000,1.799996
FILLER_1_167,VPWR,li1,82.5700,13.6000,1.799996
FILLER_1_164,VPWR,li1,81.6500,13.6000,1.799996
FILLER_1_161,VPWR,li1,80.2700,13.6000,1.799995
FILLER_1_158,VPWR,li1,78.8900,13.6000,1.799995
FILLER_1_155,VPWR,li1,77.5100,13.6000,1.799995
FILLER_1_131,VPWR,li1,66.4700,13.6000,1.799994
FILLER_1_128,VPWR,li1,65.0900,13.6000,1.799994
FILLER_1_125,VPWR,li1,63.7100,13.6000,1.799994
FILLER_1_122,VPWR,li1,62.3300,13.6000,1.799994
FILLER_1_119,VPWR,li1,60.9500,13.6000,1.799994
FILLER_1_116,VPWR,li1,59.5700,13.6000,1.799994
FILLER_1_113,VPWR,li1,58.1900,13.6000,1.799994
FILLER_1_110,VPWR,li1,56.5800,13.6000,1.799994
FILLER_1_88,VPWR,li1,46.2300,13.6000,1.799995
FILLER_1_85,VPWR,li1,45.3100,13.6000,1.799995
FILLER_1_82,VPWR,li1,43.9300,13.6000,1.799995
FILLER_1_79,VPWR,li1,42.5500,13.6000,1.799995
FILLER_1_76,VPWR,li1,41.1700,13.6000,1.799996
FILLER_1_73,VPWR,li1,39.7900,13.6000,1.799996
FILLER_1_70,VPWR,li1,38.4100,13.6000,1.799996
FILLER_1_67,VPWR,li1,37.0300,13.6000,1.799996
FILLER_1_48,VPWR,li1,27.8300,13.6000,1.799997
FILLER_1_45,VPWR,li1,26.9100,13.6000,1.799997
FILLER_1_42,VPWR,li1,25.5300,13.6000,1.799998
FILLER_1_39,VPWR,li1,24.1500,13.6000,1.799998
FILLER_1_36,VPWR,li1,22.7700,13.6000,1.799998
FILLER_1_33,VPWR,li1,21.3900,13.6000,1.799998
FILLER_1_30,VPWR,li1,20.0100,13.6000,1.799998
FILLER_1_27,VPWR,li1,18.6300,13.6000,1.799998
FILLER_1_24,VPWR,li1,17.2500,13.6000,1.799998
FILLER_1_21,VPWR,li1,15.8700,13.6000,1.799999
FILLER_1_18,VPWR,li1,14.4900,13.6000,1.799999
FILLER_1_15,VPWR,li1,13.1100,13.6000,1.799999
FILLER_1_12,VPWR,li1,11.7300,13.6000,1.799999
FILLER_1_9,VPWR,li1,10.3500,13.6000,1.799999
FILLER_1_6,VPWR,li1,8.9700,13.6000,1.799999
FILLER_1_3,VPWR,li1,7.5900,13.6000,1.799999
FILLER_0_318,VPWR,li1,152.2600,13.6000,1.799995
FILLER_0_315,VPWR,li1,151.1100,13.6000,1.799995
FILLER_0_312,VPWR,li1,149.7300,13.6000,1.799995
FILLER_0_309,VPWR,li1,148.3500,13.6000,1.799995
FILLER_0_305,VPWR,li1,146.5100,13.6000,1.799995
FILLER_0_302,VPWR,li1,145.1300,13.6000,1.799995
FILLER_0_299,VPWR,li1,143.7500,13.6000,1.799995
FILLER_0_290,VPWR,li1,139.1500,13.6000,1.799995
FILLER_0_287,VPWR,li1,138.2300,13.6000,1.799995
FILLER_0_284,VPWR,li1,136.8500,13.6000,1.799995
FILLER_0_281,VPWR,li1,135.4700,13.6000,1.799995
FILLER_0_277,VPWR,li1,133.6300,13.6000,1.799995
FILLER_0_274,VPWR,li1,132.2500,13.6000,1.799995
FILLER_0_271,VPWR,li1,130.8700,13.6000,1.799995
FILLER_0_268,VPWR,li1,129.4900,13.6000,1.799995
FILLER_0_265,VPWR,li1,128.1100,13.6000,1.799995
FILLER_0_262,VPWR,li1,126.7300,13.6000,1.799995
FILLER_0_259,VPWR,li1,125.3500,13.6000,1.799995
FILLER_0_256,VPWR,li1,123.9700,13.6000,1.799995
FILLER_0_253,VPWR,li1,122.5900,13.6000,1.799995
FILLER_0_249,VPWR,li1,120.7500,13.6000,1.799995
FILLER_0_246,VPWR,li1,119.3700,13.6000,1.799996
FILLER_0_243,VPWR,li1,117.9900,13.6000,1.799996
FILLER_0_240,VPWR,li1,116.6100,13.6000,1.799996
FILLER_0_237,VPWR,li1,115.2300,13.6000,1.799996
FILLER_0_234,VPWR,li1,113.8500,13.6000,1.799996
FILLER_0_231,VPWR,li1,112.4700,13.6000,1.799996
FILLER_0_228,VPWR,li1,111.0900,13.6000,1.799997
FILLER_0_225,VPWR,li1,109.7100,13.6000,1.799997
FILLER_0_223,VPWR,li1,108.3300,13.6000,1.799997
FILLER_0_220,VPWR,li1,107.4100,13.6000,1.799997
FILLER_0_203,VPWR,li1,99.3600,13.6000,1.799998
FILLER_0_200,VPWR,li1,98.2100,13.6000,1.799998
FILLER_0_197,VPWR,li1,96.8300,13.6000,1.799998
FILLER_0_193,VPWR,li1,94.9900,13.6000,1.799997
FILLER_0_190,VPWR,li1,93.6100,13.6000,1.799997
FILLER_0_187,VPWR,li1,92.2300,13.6000,1.799997
FILLER_0_184,VPWR,li1,90.8500,13.6000,1.799997
FILLER_0_181,VPWR,li1,89.4700,13.6000,1.799997
FILLER_0_178,VPWR,li1,88.0900,13.6000,1.799996
FILLER_0_175,VPWR,li1,86.7100,13.6000,1.799996
FILLER_0_172,VPWR,li1,85.3300,13.6000,1.799996
FILLER_0_169,VPWR,li1,83.9500,13.6000,1.799996
FILLER_0_165,VPWR,li1,82.1100,13.6000,1.799996
FILLER_0_162,VPWR,li1,80.7300,13.6000,1.799996
FILLER_0_159,VPWR,li1,79.3500,13.6000,1.799995
FILLER_0_156,VPWR,li1,77.9700,13.6000,1.799995
FILLER_0_153,VPWR,li1,76.5900,13.6000,1.799995
FILLER_0_150,VPWR,li1,75.2100,13.6000,1.799995
FILLER_0_147,VPWR,li1,73.8300,13.6000,1.799995
FILLER_0_144,VPWR,li1,72.4500,13.6000,1.799994
FILLER_0_141,VPWR,li1,71.0700,13.6000,1.799994
FILLER_0_139,VPWR,li1,69.6900,13.6000,1.799994
FILLER_0_136,VPWR,li1,68.7700,13.6000,1.799994
FILLER_0_133,VPWR,li1,67.3900,13.6000,1.799994
FILLER_0_130,VPWR,li1,66.0100,13.6000,1.799994
FILLER_0_127,VPWR,li1,64.6300,13.6000,1.799994
FILLER_0_116,VPWR,li1,59.5700,13.6000,1.799994
FILLER_0_113,VPWR,li1,58.1900,13.6000,1.799994
FILLER_0_111,VPWR,li1,56.8100,13.6000,1.799994
FILLER_0_108,VPWR,li1,55.8900,13.6000,1.799994
FILLER_0_105,VPWR,li1,54.5100,13.6000,1.799994
FILLER_0_91,VPWR,li1,47.6100,13.6000,1.799995
FILLER_0_88,VPWR,li1,46.6900,13.6000,1.799995
FILLER_0_85,VPWR,li1,45.3100,13.6000,1.799995
FILLER_0_83,VPWR,li1,43.9300,13.6000,1.799995
FILLER_0_80,VPWR,li1,43.0100,13.6000,1.799995
FILLER_0_77,VPWR,li1,41.6300,13.6000,1.799996
FILLER_0_74,VPWR,li1,40.2500,13.6000,1.799996
FILLER_0_71,VPWR,li1,38.8700,13.6000,1.799996
FILLER_0_68,VPWR,li1,37.4900,13.6000,1.799996
FILLER_0_65,VPWR,li1,36.1100,13.6000,1.799996
FILLER_0_62,VPWR,li1,34.7300,13.6000,1.799996
FILLER_0_53,VPWR,li1,30.5900,13.6000,1.799997
FILLER_0_50,VPWR,li1,29.2100,13.6000,1.799997
FILLER_0_47,VPWR,li1,27.8300,13.6000,1.799997
FILLER_0_44,VPWR,li1,26.4500,13.6000,1.799997
FILLER_0_41,VPWR,li1,25.0700,13.6000,1.799998
FILLER_0_32,VPWR,li1,20.4700,13.6000,1.799998
FILLER_0_29,VPWR,li1,19.5500,13.6000,1.799998
FILLER_0_27,VPWR,li1,18.1700,13.6000,1.799998
FILLER_0_24,VPWR,li1,17.2500,13.6000,1.799998
FILLER_0_21,VPWR,li1,15.8700,13.6000,1.799999
FILLER_0_18,VPWR,li1,14.4900,13.6000,1.799999
FILLER_0_15,VPWR,li1,13.1100,13.6000,1.799999
FILLER_0_12,VPWR,li1,11.7300,13.6000,1.799999
FILLER_0_9,VPWR,li1,10.3500,13.6000,1.799999
FILLER_0_6,VPWR,li1,8.9700,13.6000,1.799999
FILLER_0_3,VPWR,li1,7.5900,13.6000,1.799999
hold203,VPWR,li1,62.5600,78.8800,1.799988
hold202,VPWR,li1,144.4400,84.3200,1.799974
hold201,VPWR,li1,79.5800,68.0000,1.799963
hold200,VPWR,li1,51.9800,155.0400,1.800000
hold199,VPWR,li1,37.2600,122.4000,1.799985
hold198,VPWR,li1,77.7400,122.4000,1.799991
hold197,VPWR,li1,112.2400,133.2800,1.799970
hold196,VPWR,li1,93.8400,149.6000,1.799993
hold195,VPWR,li1,149.5000,84.3200,1.799974
hold194,VPWR,li1,20.7000,133.2800,1.799986
hold193,VPWR,li1,16.5600,62.5600,1.799993
hold192,VPWR,li1,11.5000,100.6400,1.799995
hold191,VPWR,li1,110.8600,149.6000,1.799990
hold190,VPWR,li1,21.6200,73.4400,1.799986
hold189,VPWR,li1,96.6000,149.6000,1.799994
hold188,VPWR,li1,16.5600,116.9600,1.799990
hold187,VPWR,li1,28.5200,73.4400,1.799981
hold186,VPWR,li1,133.4000,46.2400,1.799995
hold185,VPWR,li1,21.1600,84.3200,1.799992
hold184,VPWR,li1,83.7200,133.2800,1.799975
hold183,VPWR,li1,105.3400,106.0800,1.799987
hold182,VPWR,li1,97.9800,106.0800,1.799988
hold181,VPWR,li1,67.1600,155.0400,1.800000
hold180,VPWR,li1,13.8000,138.7200,1.799995
hold179,VPWR,li1,119.6000,106.0800,1.799976
hold178,VPWR,li1,119.6000,111.5200,1.799989
hold177,VPWR,li1,97.9800,127.8400,1.799988
hold176,VPWR,li1,22.0800,100.6400,1.799985
hold175,VPWR,li1,150.8800,100.6400,1.799957
hold174,VPWR,li1,20.7000,57.1200,1.799988
hold173,VPWR,li1,65.7800,133.2800,1.799967
hold172,VPWR,li1,15.6400,89.7600,1.799995
hold171,VPWR,li1,28.9800,78.8800,1.799992
hold170,VPWR,li1,92.4600,144.1600,1.799993
hold169,VPWR,li1,55.2000,149.6000,1.799987
hold168,VPWR,li1,85.1000,144.1600,1.799991
hold167,VPWR,li1,149.5000,89.7600,1.799984
hold166,VPWR,li1,12.8800,116.9600,1.799993
hold165,VPWR,li1,85.1000,89.7600,1.799991
hold164,VPWR,li1,73.1400,62.5600,1.799980
hold163,VPWR,li1,149.5000,116.9600,1.799959
hold162,VPWR,li1,140.7600,106.0800,1.799974
hold161,VPWR,li1,62.1000,84.3200,1.799978
hold160,VPWR,li1,129.7200,95.2000,1.799989
hold159,VPWR,li1,150.8800,122.4000,1.799973
hold158,VPWR,li1,108.1000,68.0000,1.799981
hold157,VPWR,li1,133.4000,40.8000,1.799954
hold156,VPWR,li1,93.8400,62.5600,1.799984
hold155,VPWR,li1,110.8600,73.4400,1.799987
hold154,VPWR,li1,110.8600,35.3600,1.799970
hold153,VPWR,li1,51.5200,62.5600,1.799980
hold152,VPWR,li1,145.3600,127.8400,1.799963
hold151,VPWR,li1,125.5800,95.2000,1.799989
hold150,VPWR,li1,110.8600,133.2800,1.799970
hold149,VPWR,li1,113.6200,111.5200,1.799990
hold148,VPWR,li1,99.8200,95.2000,1.799995
hold147,VPWR,li1,93.8400,95.2000,1.799992
hold146,VPWR,li1,112.7000,149.6000,1.799989
hold145,VPWR,li1,126.9600,29.9200,1.799996
hold144,VPWR,li1,133.4000,116.9600,1.799961
hold143,VPWR,li1,37.7200,138.7200,1.799985
hold142,VPWR,li1,91.5400,51.6800,1.799991
hold141,VPWR,li1,55.6600,24.4800,1.799991
hold140,VPWR,li1,101.6600,106.0800,1.799990
hold139,VPWR,li1,110.8600,106.0800,1.799980
hold138,VPWR,li1,79.5800,111.5200,1.799978
hold137,VPWR,li1,85.5600,62.5600,1.799982
hold136,VPWR,li1,76.8200,62.5600,1.799981
hold135,VPWR,li1,140.3000,78.8800,1.799964
hold134,VPWR,li1,142.6000,149.6000,1.799984
hold133,VPWR,li1,132.0200,138.7200,1.799980
hold132,VPWR,li1,119.6000,144.1600,1.799990
hold131,VPWR,li1,141.6800,155.0400,1.799995
hold130,VPWR,li1,149.5000,138.7200,1.799979
hold129,VPWR,li1,150.4200,144.1600,1.799987
hold128,VPWR,li1,91.5400,100.6400,1.799984
hold127,VPWR,li1,119.6000,149.6000,1.799987
hold126,VPWR,li1,77.2800,95.2000,1.799986
hold125,VPWR,li1,104.8800,68.0000,1.799984
hold124,VPWR,li1,65.3200,116.9600,1.799962
hold123,VPWR,li1,127.4200,155.0400,1.799996
hold122,VPWR,li1,92.9200,111.5200,1.799986
hold121,VPWR,li1,132.4800,155.0400,1.799995
hold120,VPWR,li1,132.4800,149.6000,1.799984
hold119,VPWR,li1,40.0200,116.9600,1.799972
hold118,VPWR,li1,66.7000,116.9600,1.799963
hold117,VPWR,li1,111.7800,95.2000,1.799992
hold116,VPWR,li1,81.8800,89.7600,1.799990
hold115,VPWR,li1,150.4200,106.0800,1.799974
hold114,VPWR,li1,117.7600,122.4000,1.799980
hold113,VPWR,li1,38.6400,122.4000,1.799985
hold112,VPWR,li1,34.5000,95.2000,1.799989
hold111,VPWR,li1,33.5800,100.6400,1.799983
hold110,VPWR,li1,72.2200,116.9600,1.799964
hold109,VPWR,li1,91.5400,106.0800,1.799981
hold108,VPWR,li1,106.7200,62.5600,1.799985
hold107,VPWR,li1,110.4000,62.5600,1.799983
hold106,VPWR,li1,63.4800,89.7600,1.799989
hold105,VPWR,li1,71.3000,89.7600,1.799989
hold104,VPWR,li1,46.9200,78.8800,1.799989
hold103,VPWR,li1,54.2800,116.9600,1.799963
hold102,VPWR,li1,62.5600,100.6400,1.799984
hold101,VPWR,li1,72.2200,100.6400,1.799984
hold100,VPWR,li1,35.4200,116.9600,1.799976
hold99,VPWR,li1,17.4800,46.2400,1.799998
hold98,VPWR,li1,53.8200,138.7200,1.799981
hold97,VPWR,li1,49.6800,116.9600,1.799966
hold96,VPWR,li1,46.0000,73.4400,1.799972
hold95,VPWR,li1,42.3200,84.3200,1.799984
hold94,VPWR,li1,42.7800,84.3200,1.799984
hold93,VPWR,li1,42.3200,95.2000,1.799988
hold92,VPWR,li1,29.4400,106.0800,1.799967
hold91,VPWR,li1,47.8400,68.0000,1.799952
hold90,VPWR,li1,51.9800,127.8400,1.799972
hold89,VPWR,li1,55.2000,122.4000,1.799987
hold88,VPWR,li1,16.5600,127.8400,1.799990
clkload6,VPWR,li1,132.9400,100.6400,1.799962
clkload5,VPWR,li1,110.4000,116.9600,1.799976
clkload4,VPWR,li1,90.6200,62.5600,1.799983
clkload3,VPWR,li1,114.0800,35.3600,1.799967
clkload2,VPWR,li1,42.3200,106.0800,1.799955
clkload1,VPWR,li1,68.5400,68.0000,1.799954
clkload0,VPWR,li1,25.3000,40.8000,1.799975
clkbuf_5_31__f_clk,VPWR,li1,132.4800,133.2800,1.799945
clkbuf_5_30__f_clk,VPWR,li1,124.6600,133.2800,1.799950
clkbuf_5_29__f_clk,VPWR,li1,136.6200,100.6400,1.799957
clkbuf_5_28__f_clk,VPWR,li1,135.2400,127.8400,1.799963
clkbuf_5_27__f_clk,VPWR,li1,106.2600,138.7200,1.799988
clkbuf_5_26__f_clk,VPWR,li1,97.0600,133.2800,1.799980
clkbuf_5_25__f_clk,VPWR,li1,113.1600,106.0800,1.799978
clkbuf_5_24__f_clk,VPWR,li1,92.9200,100.6400,1.799984
clkbuf_5_23__f_clk,VPWR,li1,142.6000,68.0000,1.799957
clkbuf_5_22__f_clk,VPWR,li1,127.4200,78.8800,1.799967
clkbuf_5_21__f_clk,VPWR,li1,129.7200,40.8000,1.799955
clkbuf_5_20__f_clk,VPWR,li1,126.5000,35.3600,1.799956
clkbuf_5_19__f_clk,VPWR,li1,109.9400,84.3200,1.799979
clkbuf_5_18__f_clk,VPWR,li1,96.1400,62.5600,1.799985
clkbuf_5_17__f_clk,VPWR,li1,108.5600,35.3600,1.799972
clkbuf_5_16__f_clk,VPWR,li1,97.9800,40.8000,1.799981
clkbuf_5_15__f_clk,VPWR,li1,62.5600,133.2800,1.799965
clkbuf_5_14__f_clk,VPWR,li1,51.9800,138.7200,1.799980
clkbuf_5_13__f_clk,VPWR,li1,79.5800,116.9600,1.799965
clkbuf_5_12__f_clk,VPWR,li1,57.9600,106.0800,1.799956
clkbuf_5_11__f_clk,VPWR,li1,37.2600,127.8400,1.799972
clkbuf_5_10__f_clk,VPWR,li1,26.2200,122.4000,1.799984
clkbuf_5_9__f_clk,VPWR,li1,42.3200,106.0800,1.799955
clkbuf_5_8__f_clk,VPWR,li1,23.9200,100.6400,1.799984
clkbuf_5_7__f_clk,VPWR,li1,74.9800,68.0000,1.799958
clkbuf_5_6__f_clk,VPWR,li1,55.2000,68.0000,1.799949
clkbuf_5_5__f_clk,VPWR,li1,64.8600,40.8000,1.799959
clkbuf_5_4__f_clk,VPWR,li1,55.2000,35.3600,1.799968
clkbuf_5_3__f_clk,VPWR,li1,49.2200,73.4400,1.799970
clkbuf_5_2__f_clk,VPWR,li1,25.7600,68.0000,1.799965
clkbuf_5_1__f_clk,VPWR,li1,36.3400,40.8000,1.799964
clkbuf_5_0__f_clk,VPWR,li1,25.7600,51.6800,1.799982
clkbuf_4_15_0_clk,VPWR,li1,124.4300,122.4000,1.799977
clkbuf_4_14_0_clk,VPWR,li1,126.7300,116.9600,1.799963
clkbuf_4_13_0_clk,VPWR,li1,101.4300,116.9600,1.799985
clkbuf_4_12_0_clk,VPWR,li1,100.5100,116.9600,1.799985
clkbuf_4_11_0_clk,VPWR,li1,127.6500,57.1200,1.799966
clkbuf_4_10_0_clk,VPWR,li1,124.8900,62.5600,1.799975
clkbuf_4_9_0_clk,VPWR,li1,102.3500,62.5600,1.799987
clkbuf_4_8_0_clk,VPWR,li1,98.6700,57.1200,1.799986
clkbuf_4_7_0_clk,VPWR,li1,54.5100,116.9600,1.799963
clkbuf_4_6_0_clk,VPWR,li1,60.9500,116.9600,1.799962
clkbuf_4_5_0_clk,VPWR,li1,39.7900,111.5200,1.799971
clkbuf_4_4_0_clk,VPWR,li1,34.2700,106.0800,1.799961
clkbuf_4_3_0_clk,VPWR,li1,60.0300,57.1200,1.799971
clkbuf_4_2_0_clk,VPWR,li1,56.8100,51.6800,1.799978
clkbuf_4_1_0_clk,VPWR,li1,34.2700,62.5600,1.799981
clkbuf_4_0_0_clk,VPWR,li1,33.8100,68.0000,1.799957
clkbuf_0_clk,VPWR,li1,84.1800,84.3200,1.799969
riscv_soc_top,VPWR,li1,100.5100,155.0400,1.799999
fanout84,VPWR,li1,136.6200,122.4000,1.799974
fanout83,VPWR,li1,127.8800,127.8400,1.799968
fanout82,VPWR,li1,23.0000,127.8400,1.799984
fanout81,VPWR,li1,98.9000,122.4000,1.799995
fanout80,VPWR,li1,117.3000,127.8400,1.799976
fanout79,VPWR,li1,136.6200,116.9600,1.799961
fanout78,VPWR,li1,116.8400,116.9600,1.799971
fanout77,VPWR,li1,145.3600,122.4000,1.799973
fanout76,VPWR,li1,123.7400,100.6400,1.799969
fanout75,VPWR,li1,93.8400,133.2800,1.799979
fanout74,VPWR,li1,95.2200,122.4000,1.799994
fanout73,VPWR,li1,104.8800,116.9600,1.799981
fanout72,VPWR,li1,90.1600,106.0800,1.799981
fanout71,VPWR,li1,123.7400,73.4400,1.799983
fanout70,VPWR,li1,135.2400,78.8800,1.799966
fanout69,VPWR,li1,126.0400,68.0000,1.799968
fanout68,VPWR,li1,149.0400,46.2400,1.799995
fanout67,VPWR,li1,129.2600,46.2400,1.799995
fanout66,VPWR,li1,89.7000,78.8800,1.799992
fanout65,VPWR,li1,114.5400,73.4400,1.799986
fanout64,VPWR,li1,87.8600,84.3200,1.799973
fanout63,VPWR,li1,93.3800,46.2400,1.799998
fanout62,VPWR,li1,24.3800,116.9600,1.799984
fanout61,VPWR,li1,47.8400,133.2800,1.799970
fanout60,VPWR,li1,51.5200,133.2800,1.799969
fanout59,VPWR,li1,66.2400,138.7200,1.799983
fanout58,VPWR,li1,75.9000,116.9600,1.799965
fanout57,VPWR,li1,52.9000,122.4000,1.799987
fanout56,VPWR,li1,23.0000,122.4000,1.799986
fanout55,VPWR,li1,34.9600,122.4000,1.799985
fanout54,VPWR,li1,20.7000,116.9600,1.799986
fanout53,VPWR,li1,55.2000,78.8800,1.799988
fanout52,VPWR,li1,57.0400,84.3200,1.799979
fanout51,VPWR,li1,78.2000,40.8000,1.799967
fanout50,VPWR,li1,55.2000,46.2400,1.799996
fanout49,VPWR,li1,25.3000,78.8800,1.799993
fanout48,VPWR,li1,46.4600,78.8800,1.799989
fanout47,VPWR,li1,28.0600,84.3200,1.799989
fanout46,VPWR,li1,16.5600,51.6800,1.799990
fanout45,VPWR,li1,71.3000,84.3200,1.799974
fanout44,VPWR,li1,50.6000,100.6400,1.799984
fanout43,VPWR,li1,55.2000,95.2000,1.799985
fanout42,VPWR,li1,53.3600,100.6400,1.799984
fanout41,VPWR,li1,74.5200,57.1200,1.799975
fanout40,VPWR,li1,72.2200,95.2000,1.799985
fanout39,VPWR,li1,54.2800,100.6400,1.799984
fanout38,VPWR,li1,123.7400,106.0800,1.799976
fanout37,VPWR,li1,93.8400,106.0800,1.799984
fanout36,VPWR,li1,55.2000,62.5600,1.799980
fanout35,VPWR,li1,55.2000,29.9200,1.799995
fanout34,VPWR,li1,41.8600,40.8000,1.799963
fanout33,VPWR,li1,119.6000,73.4400,1.799985
fanout32,VPWR,li1,124.2000,78.8800,1.799970
fanout31,VPWR,li1,123.2800,40.8000,1.799963
fanout30,VPWR,li1,133.4000,29.9200,1.799996
fanout29,VPWR,li1,74.0600,46.2400,1.799997
fanout28,VPWR,li1,97.9800,62.5600,1.799986
fanout27,VPWR,li1,73.6000,46.2400,1.799997
fanout26,VPWR,li1,74.0600,35.3600,1.799974
fanout25,VPWR,li1,125.1200,144.1600,1.799989
fanout24,VPWR,li1,132.0200,144.1600,1.799988
fanout23,VPWR,li1,99.3600,149.6000,1.799995
fanout22,VPWR,li1,93.8400,138.7200,1.799990
fanout21,VPWR,li1,61.6400,149.6000,1.799987
fanout20,VPWR,li1,41.4000,133.2800,1.799973
fanout19,VPWR,li1,20.7000,138.7200,1.799992
fanout18,VPWR,li1,31.7400,78.8800,1.799991
fanout17,VPWR,li1,59.3400,62.5600,1.799980
fanout16,VPWR,li1,51.5200,46.2400,1.799996
fanout15,VPWR,li1,38.6400,62.5600,1.799980
fanout14,VPWR,li1,28.5200,40.8000,1.799972
fanout13,VPWR,li1,105.8000,51.6800,1.799994
fanout12,VPWR,li1,87.4000,57.1200,1.799980
fanout11,VPWR,li1,98.9000,19.0400,1.799995
fanout10,VPWR,li1,130.6400,29.9200,1.799996
fanout9,VPWR,li1,128.8000,51.6800,1.799990
fanout8,VPWR,li1,123.2800,29.9200,1.799996
output7,VPWR,li1,150.8800,127.8400,1.799963
output6,VPWR,li1,141.2200,155.0400,1.799995
output5,VPWR,li1,22.5400,13.6000,1.799998
output4,VPWR,li1,62.1000,13.6000,1.799994
output3,VPWR,li1,101.6600,13.6000,1.799998
output2,VPWR,li1,141.2200,13.6000,1.799995
input1,VPWR,li1,8.7400,127.8400,1.799995
_1055__87,VPWR,li1,9.8900,127.8400,1.799995
riscv_soc_top_86,VPWR,li1,21.3900,155.0400,1.800000
riscv_soc_top_85,VPWR,li1,60.9500,155.0400,1.800000
TAP_TAPCELL_ROW_53_415,VPWR,li1,147.4300,155.3460,1.799995
TAP_TAPCELL_ROW_53_414,VPWR,li1,134.5500,155.3460,1.799995
TAP_TAPCELL_ROW_53_413,VPWR,li1,121.6700,155.3460,1.799997
TAP_TAPCELL_ROW_53_412,VPWR,li1,108.7900,155.3460,1.799998
TAP_TAPCELL_ROW_53_411,VPWR,li1,95.9100,155.3460,1.799999
TAP_TAPCELL_ROW_53_410,VPWR,li1,83.0300,155.3460,1.799999
TAP_TAPCELL_ROW_53_409,VPWR,li1,70.1500,155.3460,1.800000
TAP_TAPCELL_ROW_53_408,VPWR,li1,57.2700,155.3460,1.800000
TAP_TAPCELL_ROW_53_407,VPWR,li1,44.3900,155.3460,1.800000
TAP_TAPCELL_ROW_53_406,VPWR,li1,31.5100,155.3460,1.800000
TAP_TAPCELL_ROW_53_405,VPWR,li1,18.6300,155.3460,1.800000
TAP_TAPCELL_ROW_52_404,VPWR,li1,147.4300,154.7330,1.799995
TAP_TAPCELL_ROW_52_403,VPWR,li1,121.6700,154.7330,1.799997
TAP_TAPCELL_ROW_52_402,VPWR,li1,95.9100,154.7330,1.799999
TAP_TAPCELL_ROW_52_401,VPWR,li1,70.1500,154.7330,1.800000
TAP_TAPCELL_ROW_52_400,VPWR,li1,44.3900,154.7330,1.800000
TAP_TAPCELL_ROW_52_399,VPWR,li1,18.6300,154.7330,1.800000
TAP_TAPCELL_ROW_51_398,VPWR,li1,134.5500,149.9060,1.799984
TAP_TAPCELL_ROW_51_397,VPWR,li1,108.7900,149.9060,1.799991
TAP_TAPCELL_ROW_51_396,VPWR,li1,83.0300,149.9060,1.799989
TAP_TAPCELL_ROW_51_395,VPWR,li1,57.2700,149.9060,1.799987
TAP_TAPCELL_ROW_51_394,VPWR,li1,31.5100,149.9060,1.799992
TAP_TAPCELL_ROW_50_393,VPWR,li1,147.4300,149.2930,1.799984
TAP_TAPCELL_ROW_50_392,VPWR,li1,121.6700,149.2930,1.799986
TAP_TAPCELL_ROW_50_391,VPWR,li1,95.9100,149.2930,1.799994
TAP_TAPCELL_ROW_50_390,VPWR,li1,70.1500,149.2930,1.799987
TAP_TAPCELL_ROW_50_389,VPWR,li1,44.3900,149.2930,1.799988
TAP_TAPCELL_ROW_50_388,VPWR,li1,18.6300,149.2930,1.799996
TAP_TAPCELL_ROW_49_387,VPWR,li1,134.5500,144.4660,1.799988
TAP_TAPCELL_ROW_49_386,VPWR,li1,108.7900,144.4660,1.799992
TAP_TAPCELL_ROW_49_385,VPWR,li1,83.0300,144.4660,1.799990
TAP_TAPCELL_ROW_49_384,VPWR,li1,57.2700,144.4660,1.799988
TAP_TAPCELL_ROW_49_383,VPWR,li1,31.5100,144.4660,1.799992
TAP_TAPCELL_ROW_48_382,VPWR,li1,147.4300,143.8530,1.799987
TAP_TAPCELL_ROW_48_381,VPWR,li1,121.6700,143.8530,1.799990
TAP_TAPCELL_ROW_48_380,VPWR,li1,95.9100,143.8530,1.799994
TAP_TAPCELL_ROW_48_379,VPWR,li1,70.1500,143.8530,1.799988
TAP_TAPCELL_ROW_48_378,VPWR,li1,44.3900,143.8530,1.799990
TAP_TAPCELL_ROW_48_377,VPWR,li1,18.6300,143.8530,1.799996
TAP_TAPCELL_ROW_47_376,VPWR,li1,134.5500,139.0260,1.799980
TAP_TAPCELL_ROW_47_375,VPWR,li1,108.7900,139.0260,1.799987
TAP_TAPCELL_ROW_47_374,VPWR,li1,83.0300,139.0260,1.799987
TAP_TAPCELL_ROW_47_373,VPWR,li1,57.2700,139.0260,1.799981
TAP_TAPCELL_ROW_47_372,VPWR,li1,31.5100,139.0260,1.799988
TAP_TAPCELL_ROW_46_371,VPWR,li1,147.4300,138.4130,1.799979
TAP_TAPCELL_ROW_46_370,VPWR,li1,121.6700,138.4130,1.799982
TAP_TAPCELL_ROW_46_369,VPWR,li1,95.9100,138.4130,1.799991
TAP_TAPCELL_ROW_46_368,VPWR,li1,70.1500,138.4130,1.799984
TAP_TAPCELL_ROW_46_367,VPWR,li1,44.3900,138.4130,1.799983
TAP_TAPCELL_ROW_46_366,VPWR,li1,18.6300,138.4130,1.799993
TAP_TAPCELL_ROW_45_365,VPWR,li1,134.5500,133.5860,1.799945
TAP_TAPCELL_ROW_45_364,VPWR,li1,108.7900,133.5860,1.799973
TAP_TAPCELL_ROW_45_363,VPWR,li1,83.0300,133.5860,1.799974
TAP_TAPCELL_ROW_45_362,VPWR,li1,57.2700,133.5860,1.799967
TAP_TAPCELL_ROW_45_361,VPWR,li1,31.5100,133.5860,1.799980
TAP_TAPCELL_ROW_44_360,VPWR,li1,147.4300,132.9730,1.799944
TAP_TAPCELL_ROW_44_359,VPWR,li1,121.6700,132.9730,1.799956
TAP_TAPCELL_ROW_44_358,VPWR,li1,95.9100,132.9730,1.799980
TAP_TAPCELL_ROW_44_357,VPWR,li1,70.1500,132.9730,1.799969
TAP_TAPCELL_ROW_44_356,VPWR,li1,44.3900,132.9730,1.799972
TAP_TAPCELL_ROW_44_355,VPWR,li1,18.6300,132.9730,1.799988
TAP_TAPCELL_ROW_43_354,VPWR,li1,134.5500,128.1460,1.799963
TAP_TAPCELL_ROW_43_353,VPWR,li1,108.7900,128.1460,1.799982
TAP_TAPCELL_ROW_43_352,VPWR,li1,83.0300,128.1460,1.799979
TAP_TAPCELL_ROW_43_351,VPWR,li1,57.2700,128.1460,1.799972
TAP_TAPCELL_ROW_43_350,VPWR,li1,31.5100,128.1460,1.799977
TAP_TAPCELL_ROW_42_349,VPWR,li1,147.4300,127.5330,1.799963
TAP_TAPCELL_ROW_42_348,VPWR,li1,121.6700,127.5330,1.799972
TAP_TAPCELL_ROW_42_347,VPWR,li1,95.9100,127.5330,1.799986
TAP_TAPCELL_ROW_42_346,VPWR,li1,70.1500,127.5330,1.799973
TAP_TAPCELL_ROW_42_345,VPWR,li1,44.3900,127.5330,1.799972
TAP_TAPCELL_ROW_42_344,VPWR,li1,18.6300,127.5330,1.799988
TAP_TAPCELL_ROW_41_343,VPWR,li1,134.5500,122.7060,1.799974
TAP_TAPCELL_ROW_41_342,VPWR,li1,108.7900,122.7060,1.799987
TAP_TAPCELL_ROW_41_341,VPWR,li1,83.0300,122.7060,1.799992
TAP_TAPCELL_ROW_41_340,VPWR,li1,57.2700,122.7060,1.799987
TAP_TAPCELL_ROW_41_339,VPWR,li1,31.5100,122.7060,1.799985
TAP_TAPCELL_ROW_40_338,VPWR,li1,147.4300,122.0930,1.799973
TAP_TAPCELL_ROW_40_337,VPWR,li1,121.6700,122.0930,1.799979
TAP_TAPCELL_ROW_40_336,VPWR,li1,95.9100,122.0930,1.799994
TAP_TAPCELL_ROW_40_335,VPWR,li1,70.1500,122.0930,1.799990
TAP_TAPCELL_ROW_40_334,VPWR,li1,44.3900,122.0930,1.799986
TAP_TAPCELL_ROW_40_333,VPWR,li1,18.6300,122.0930,1.799989
TAP_TAPCELL_ROW_39_332,VPWR,li1,134.5500,117.2660,1.799961
TAP_TAPCELL_ROW_39_331,VPWR,li1,108.7900,117.2660,1.799979
TAP_TAPCELL_ROW_39_330,VPWR,li1,83.0300,117.2660,1.799969
TAP_TAPCELL_ROW_39_329,VPWR,li1,57.2700,117.2660,1.799963
TAP_TAPCELL_ROW_39_328,VPWR,li1,31.5100,117.2660,1.799979
TAP_TAPCELL_ROW_38_327,VPWR,li1,147.4300,116.6530,1.799959
TAP_TAPCELL_ROW_38_326,VPWR,li1,121.6700,116.6530,1.799968
TAP_TAPCELL_ROW_38_325,VPWR,li1,95.9100,116.6530,1.799980
TAP_TAPCELL_ROW_38_324,VPWR,li1,70.1500,116.6530,1.799963
TAP_TAPCELL_ROW_38_323,VPWR,li1,44.3900,116.6530,1.799969
TAP_TAPCELL_ROW_38_322,VPWR,li1,18.6300,116.6530,1.799988
TAP_TAPCELL_ROW_37_321,VPWR,li1,134.5500,111.8260,1.799988
TAP_TAPCELL_ROW_37_320,VPWR,li1,108.7900,111.8260,1.799991
TAP_TAPCELL_ROW_37_319,VPWR,li1,83.0300,111.8260,1.799979
TAP_TAPCELL_ROW_37_318,VPWR,li1,57.2700,111.8260,1.799970
TAP_TAPCELL_ROW_37_317,VPWR,li1,31.5100,111.8260,1.799976
TAP_TAPCELL_ROW_36_316,VPWR,li1,147.4300,111.2130,1.799988
TAP_TAPCELL_ROW_36_315,VPWR,li1,121.6700,111.2130,1.799989
TAP_TAPCELL_ROW_36_314,VPWR,li1,95.9100,111.2130,1.799988
TAP_TAPCELL_ROW_36_313,VPWR,li1,70.1500,111.2130,1.799973
TAP_TAPCELL_ROW_36_312,VPWR,li1,44.3900,111.2130,1.799970
TAP_TAPCELL_ROW_36_311,VPWR,li1,18.6300,111.2130,1.799987
TAP_TAPCELL_ROW_35_310,VPWR,li1,134.5500,106.3860,1.799975
TAP_TAPCELL_ROW_35_309,VPWR,li1,108.7900,106.3860,1.799982
TAP_TAPCELL_ROW_35_308,VPWR,li1,83.0300,106.3860,1.799974
TAP_TAPCELL_ROW_35_307,VPWR,li1,57.2700,106.3860,1.799956
TAP_TAPCELL_ROW_35_306,VPWR,li1,31.5100,106.3860,1.799964
TAP_TAPCELL_ROW_34_305,VPWR,li1,147.4300,105.7730,1.799974
TAP_TAPCELL_ROW_34_304,VPWR,li1,121.6700,105.7730,1.799976
TAP_TAPCELL_ROW_34_303,VPWR,li1,95.9100,105.7730,1.799986
TAP_TAPCELL_ROW_34_302,VPWR,li1,70.1500,105.7730,1.799965
TAP_TAPCELL_ROW_34_301,VPWR,li1,44.3900,105.7730,1.799955
TAP_TAPCELL_ROW_34_300,VPWR,li1,18.6300,105.7730,1.799982
TAP_TAPCELL_ROW_33_299,VPWR,li1,134.5500,100.9460,1.799959
TAP_TAPCELL_ROW_33_298,VPWR,li1,108.7900,100.9460,1.799983
TAP_TAPCELL_ROW_33_297,VPWR,li1,83.0300,100.9460,1.799984
TAP_TAPCELL_ROW_33_296,VPWR,li1,57.2700,100.9460,1.799984
TAP_TAPCELL_ROW_33_295,VPWR,li1,31.5100,100.9460,1.799983
TAP_TAPCELL_ROW_32_294,VPWR,li1,147.4300,100.3330,1.799957
TAP_TAPCELL_ROW_32_293,VPWR,li1,121.6700,100.3330,1.799971
TAP_TAPCELL_ROW_32_292,VPWR,li1,95.9100,100.3330,1.799987
TAP_TAPCELL_ROW_32_291,VPWR,li1,70.1500,100.3330,1.799984
TAP_TAPCELL_ROW_32_290,VPWR,li1,44.3900,100.3330,1.799983
TAP_TAPCELL_ROW_32_289,VPWR,li1,18.6300,100.3330,1.799988
TAP_TAPCELL_ROW_31_288,VPWR,li1,134.5500,95.5060,1.799988
TAP_TAPCELL_ROW_31_287,VPWR,li1,108.7900,95.5060,1.799993
TAP_TAPCELL_ROW_31_286,VPWR,li1,83.0300,95.5060,1.799987
TAP_TAPCELL_ROW_31_285,VPWR,li1,57.2700,95.5060,1.799985
TAP_TAPCELL_ROW_31_284,VPWR,li1,31.5100,95.5060,1.799990
TAP_TAPCELL_ROW_30_283,VPWR,li1,147.4300,94.8930,1.799987
TAP_TAPCELL_ROW_30_282,VPWR,li1,121.6700,94.8930,1.799990
TAP_TAPCELL_ROW_30_281,VPWR,li1,95.9100,94.8930,1.799993
TAP_TAPCELL_ROW_30_280,VPWR,li1,70.1500,94.8930,1.799985
TAP_TAPCELL_ROW_30_279,VPWR,li1,44.3900,94.8930,1.799987
TAP_TAPCELL_ROW_30_278,VPWR,li1,18.6300,94.8930,1.799994
TAP_TAPCELL_ROW_29_277,VPWR,li1,134.5500,90.0660,1.799985
TAP_TAPCELL_ROW_29_276,VPWR,li1,108.7900,90.0660,1.799991
TAP_TAPCELL_ROW_29_275,VPWR,li1,83.0300,90.0660,1.799990
TAP_TAPCELL_ROW_29_274,VPWR,li1,57.2700,90.0660,1.799988
TAP_TAPCELL_ROW_29_273,VPWR,li1,31.5100,90.0660,1.799991
TAP_TAPCELL_ROW_28_272,VPWR,li1,147.4300,89.4530,1.799984
TAP_TAPCELL_ROW_28_271,VPWR,li1,121.6700,89.4530,1.799987
TAP_TAPCELL_ROW_28_270,VPWR,li1,95.9100,89.4530,1.799993
TAP_TAPCELL_ROW_28_269,VPWR,li1,70.1500,89.4530,1.799989
TAP_TAPCELL_ROW_28_268,VPWR,li1,44.3900,89.4530,1.799989
TAP_TAPCELL_ROW_28_267,VPWR,li1,18.6300,89.4530,1.799995
TAP_TAPCELL_ROW_27_266,VPWR,li1,134.5500,84.6260,1.799975
TAP_TAPCELL_ROW_27_265,VPWR,li1,108.7900,84.6260,1.799981
TAP_TAPCELL_ROW_27_264,VPWR,li1,83.0300,84.6260,1.799970
TAP_TAPCELL_ROW_27_263,VPWR,li1,57.2700,84.6260,1.799979
TAP_TAPCELL_ROW_27_262,VPWR,li1,31.5100,84.6260,1.799989
TAP_TAPCELL_ROW_26_261,VPWR,li1,147.4300,84.0130,1.799974
TAP_TAPCELL_ROW_26_260,VPWR,li1,121.6700,84.0130,1.799977
TAP_TAPCELL_ROW_26_259,VPWR,li1,95.9100,84.0130,1.799981
TAP_TAPCELL_ROW_26_258,VPWR,li1,70.1500,84.0130,1.799974
TAP_TAPCELL_ROW_26_257,VPWR,li1,44.3900,84.0130,1.799983
TAP_TAPCELL_ROW_26_256,VPWR,li1,18.6300,84.0130,1.799993
TAP_TAPCELL_ROW_25_255,VPWR,li1,134.5500,79.1860,1.799966
TAP_TAPCELL_ROW_25_254,VPWR,li1,108.7900,79.1860,1.799985
TAP_TAPCELL_ROW_25_253,VPWR,li1,83.0300,79.1860,1.799991
TAP_TAPCELL_ROW_25_252,VPWR,li1,57.2700,79.1860,1.799988
TAP_TAPCELL_ROW_25_251,VPWR,li1,31.5100,79.1860,1.799991
TAP_TAPCELL_ROW_24_250,VPWR,li1,147.4300,78.5730,1.799963
TAP_TAPCELL_ROW_24_249,VPWR,li1,121.6700,78.5730,1.799973
TAP_TAPCELL_ROW_24_248,VPWR,li1,95.9100,78.5730,1.799993
TAP_TAPCELL_ROW_24_247,VPWR,li1,70.1500,78.5730,1.799989
TAP_TAPCELL_ROW_24_246,VPWR,li1,44.3900,78.5730,1.799989
TAP_TAPCELL_ROW_24_245,VPWR,li1,18.6300,78.5730,1.799995
TAP_TAPCELL_ROW_23_244,VPWR,li1,134.5500,73.7460,1.799981
TAP_TAPCELL_ROW_23_243,VPWR,li1,108.7900,73.7460,1.799989
TAP_TAPCELL_ROW_23_242,VPWR,li1,83.0300,73.7460,1.799982
TAP_TAPCELL_ROW_23_241,VPWR,li1,57.2700,73.7460,1.799972
TAP_TAPCELL_ROW_23_240,VPWR,li1,31.5100,73.7460,1.799979
TAP_TAPCELL_ROW_22_239,VPWR,li1,147.4300,73.1330,1.799980
TAP_TAPCELL_ROW_22_238,VPWR,li1,121.6700,73.1330,1.799984
TAP_TAPCELL_ROW_22_237,VPWR,li1,95.9100,73.1330,1.799989
TAP_TAPCELL_ROW_22_236,VPWR,li1,70.1500,73.1330,1.799977
TAP_TAPCELL_ROW_22_235,VPWR,li1,44.3900,73.1330,1.799972
TAP_TAPCELL_ROW_22_234,VPWR,li1,18.6300,73.1330,1.799988
TAP_TAPCELL_ROW_21_233,VPWR,li1,134.5500,68.3060,1.799962
TAP_TAPCELL_ROW_21_232,VPWR,li1,108.7900,68.3060,1.799981
TAP_TAPCELL_ROW_21_231,VPWR,li1,83.0300,68.3060,1.799965
TAP_TAPCELL_ROW_21_230,VPWR,li1,57.2700,68.3060,1.799950
TAP_TAPCELL_ROW_21_229,VPWR,li1,31.5100,68.3060,1.799960
TAP_TAPCELL_ROW_20_228,VPWR,li1,147.4300,67.6930,1.799957
TAP_TAPCELL_ROW_20_227,VPWR,li1,121.6700,67.6930,1.799971
TAP_TAPCELL_ROW_20_226,VPWR,li1,95.9100,67.6930,1.799983
TAP_TAPCELL_ROW_20_225,VPWR,li1,70.1500,67.6930,1.799954
TAP_TAPCELL_ROW_20_224,VPWR,li1,44.3900,67.6930,1.799953
TAP_TAPCELL_ROW_20_223,VPWR,li1,18.6300,67.6930,1.799975
TAP_TAPCELL_ROW_19_222,VPWR,li1,134.5500,62.8660,1.799973
TAP_TAPCELL_ROW_19_221,VPWR,li1,108.7900,62.8660,1.799984
TAP_TAPCELL_ROW_19_220,VPWR,li1,83.0300,62.8660,1.799982
TAP_TAPCELL_ROW_19_219,VPWR,li1,57.2700,62.8660,1.799980
TAP_TAPCELL_ROW_19_218,VPWR,li1,31.5100,62.8660,1.799982
TAP_TAPCELL_ROW_18_217,VPWR,li1,147.4300,62.2530,1.799972
TAP_TAPCELL_ROW_18_216,VPWR,li1,121.6700,62.2530,1.799977
TAP_TAPCELL_ROW_18_215,VPWR,li1,95.9100,62.2530,1.799985
TAP_TAPCELL_ROW_18_214,VPWR,li1,70.1500,62.2530,1.799980
TAP_TAPCELL_ROW_18_213,VPWR,li1,44.3900,62.2530,1.799980
TAP_TAPCELL_ROW_18_212,VPWR,li1,18.6300,62.2530,1.799991
TAP_TAPCELL_ROW_17_211,VPWR,li1,134.5500,57.4260,1.799965
TAP_TAPCELL_ROW_17_210,VPWR,li1,108.7900,57.4260,1.799980
TAP_TAPCELL_ROW_17_209,VPWR,li1,83.0300,57.4260,1.799978
TAP_TAPCELL_ROW_17_208,VPWR,li1,57.2700,57.4260,1.799971
TAP_TAPCELL_ROW_17_207,VPWR,li1,31.5100,57.4260,1.799981
TAP_TAPCELL_ROW_16_206,VPWR,li1,147.4300,56.8130,1.799963
TAP_TAPCELL_ROW_16_205,VPWR,li1,121.6700,56.8130,1.799970
TAP_TAPCELL_ROW_16_204,VPWR,li1,95.9100,56.8130,1.799984
TAP_TAPCELL_ROW_16_203,VPWR,li1,70.1500,56.8130,1.799973
TAP_TAPCELL_ROW_16_202,VPWR,li1,44.3900,56.8130,1.799976
TAP_TAPCELL_ROW_16_201,VPWR,li1,18.6300,56.8130,1.799989
TAP_TAPCELL_ROW_15_200,VPWR,li1,134.5500,51.9860,1.799990
TAP_TAPCELL_ROW_15_199,VPWR,li1,108.7900,51.9860,1.799994
TAP_TAPCELL_ROW_15_198,VPWR,li1,83.0300,51.9860,1.799987
TAP_TAPCELL_ROW_15_197,VPWR,li1,57.2700,51.9860,1.799978
TAP_TAPCELL_ROW_15_196,VPWR,li1,31.5100,51.9860,1.799981
TAP_TAPCELL_ROW_14_195,VPWR,li1,147.4300,51.3730,1.799990
TAP_TAPCELL_ROW_14_194,VPWR,li1,121.6700,51.3730,1.799991
TAP_TAPCELL_ROW_14_193,VPWR,li1,95.9100,51.3730,1.799993
TAP_TAPCELL_ROW_14_192,VPWR,li1,70.1500,51.3730,1.799982
TAP_TAPCELL_ROW_14_191,VPWR,li1,44.3900,51.3730,1.799979
TAP_TAPCELL_ROW_14_190,VPWR,li1,18.6300,51.3730,1.799988
TAP_TAPCELL_ROW_13_189,VPWR,li1,134.5500,46.5460,1.799995
TAP_TAPCELL_ROW_13_188,VPWR,li1,108.7900,46.5460,1.799997
TAP_TAPCELL_ROW_13_187,VPWR,li1,83.0300,46.5460,1.799997
TAP_TAPCELL_ROW_13_186,VPWR,li1,57.2700,46.5460,1.799996
TAP_TAPCELL_ROW_13_185,VPWR,li1,31.5100,46.5460,1.799997
TAP_TAPCELL_ROW_12_184,VPWR,li1,147.4300,45.9330,1.799995
TAP_TAPCELL_ROW_12_183,VPWR,li1,121.6700,45.9330,1.799995
TAP_TAPCELL_ROW_12_182,VPWR,li1,95.9100,45.9330,1.799998
TAP_TAPCELL_ROW_12_181,VPWR,li1,70.1500,45.9330,1.799997
TAP_TAPCELL_ROW_12_180,VPWR,li1,44.3900,45.9330,1.799996
TAP_TAPCELL_ROW_12_179,VPWR,li1,18.6300,45.9330,1.799998
TAP_TAPCELL_ROW_11_178,VPWR,li1,134.5500,41.1060,1.799954
TAP_TAPCELL_ROW_11_177,VPWR,li1,108.7900,41.1060,1.799977
TAP_TAPCELL_ROW_11_176,VPWR,li1,83.0300,41.1060,1.799970
TAP_TAPCELL_ROW_11_175,VPWR,li1,57.2700,41.1060,1.799959
TAP_TAPCELL_ROW_11_174,VPWR,li1,31.5100,41.1060,1.799968
TAP_TAPCELL_ROW_10_173,VPWR,li1,147.4300,40.4930,1.799952
TAP_TAPCELL_ROW_10_172,VPWR,li1,121.6700,40.4930,1.799963
TAP_TAPCELL_ROW_10_171,VPWR,li1,95.9100,40.4930,1.799980
TAP_TAPCELL_ROW_10_170,VPWR,li1,70.1500,40.4930,1.799962
TAP_TAPCELL_ROW_10_169,VPWR,li1,44.3900,40.4930,1.799962
TAP_TAPCELL_ROW_10_168,VPWR,li1,18.6300,40.4930,1.799983
TAP_TAPCELL_ROW_9_167,VPWR,li1,134.5500,35.6660,1.799955
TAP_TAPCELL_ROW_9_166,VPWR,li1,108.7900,35.6660,1.799972
TAP_TAPCELL_ROW_9_165,VPWR,li1,83.0300,35.6660,1.799978
TAP_TAPCELL_ROW_9_164,VPWR,li1,57.2700,35.6660,1.799968
TAP_TAPCELL_ROW_9_163,VPWR,li1,31.5100,35.6660,1.799979
TAP_TAPCELL_ROW_8_162,VPWR,li1,147.4300,35.0530,1.799954
TAP_TAPCELL_ROW_8_161,VPWR,li1,121.6700,35.0530,1.799960
TAP_TAPCELL_ROW_8_160,VPWR,li1,95.9100,35.0530,1.799984
TAP_TAPCELL_ROW_8_159,VPWR,li1,70.1500,35.0530,1.799972
TAP_TAPCELL_ROW_8_158,VPWR,li1,44.3900,35.0530,1.799972
TAP_TAPCELL_ROW_8_157,VPWR,li1,18.6300,35.0530,1.799988
TAP_TAPCELL_ROW_7_156,VPWR,li1,134.5500,30.2260,1.799996
TAP_TAPCELL_ROW_7_155,VPWR,li1,108.7900,30.2260,1.799998
TAP_TAPCELL_ROW_7_154,VPWR,li1,83.0300,30.2260,1.799996
TAP_TAPCELL_ROW_7_153,VPWR,li1,57.2700,30.2260,1.799995
TAP_TAPCELL_ROW_7_152,VPWR,li1,31.5100,30.2260,1.799997
TAP_TAPCELL_ROW_6_151,VPWR,li1,147.4300,29.6130,1.799996
TAP_TAPCELL_ROW_6_150,VPWR,li1,121.6700,29.6130,1.799996
TAP_TAPCELL_ROW_6_149,VPWR,li1,95.9100,29.6130,1.799998
TAP_TAPCELL_ROW_6_148,VPWR,li1,70.1500,29.6130,1.799995
TAP_TAPCELL_ROW_6_147,VPWR,li1,44.3900,29.6130,1.799996
TAP_TAPCELL_ROW_6_146,VPWR,li1,18.6300,29.6130,1.799998
TAP_TAPCELL_ROW_5_145,VPWR,li1,134.5500,24.7860,1.799988
TAP_TAPCELL_ROW_5_144,VPWR,li1,108.7900,24.7860,1.799994
TAP_TAPCELL_ROW_5_143,VPWR,li1,83.0300,24.7860,1.799993
TAP_TAPCELL_ROW_5_142,VPWR,li1,57.2700,24.7860,1.799991
TAP_TAPCELL_ROW_5_141,VPWR,li1,31.5100,24.7860,1.799993
TAP_TAPCELL_ROW_4_140,VPWR,li1,147.4300,24.1730,1.799986
TAP_TAPCELL_ROW_4_139,VPWR,li1,121.6700,24.1730,1.799991
TAP_TAPCELL_ROW_4_138,VPWR,li1,95.9100,24.1730,1.799995
TAP_TAPCELL_ROW_4_137,VPWR,li1,70.1500,24.1730,1.799991
TAP_TAPCELL_ROW_4_136,VPWR,li1,44.3900,24.1730,1.799992
TAP_TAPCELL_ROW_4_135,VPWR,li1,18.6300,24.1730,1.799996
TAP_TAPCELL_ROW_3_134,VPWR,li1,134.5500,19.3460,1.799988
TAP_TAPCELL_ROW_3_133,VPWR,li1,108.7900,19.3460,1.799993
TAP_TAPCELL_ROW_3_132,VPWR,li1,83.0300,19.3460,1.799990
TAP_TAPCELL_ROW_3_131,VPWR,li1,57.2700,19.3460,1.799988
TAP_TAPCELL_ROW_3_130,VPWR,li1,31.5100,19.3460,1.799991
TAP_TAPCELL_ROW_2_129,VPWR,li1,147.4300,18.7330,1.799988
TAP_TAPCELL_ROW_2_128,VPWR,li1,121.6700,18.7330,1.799990
TAP_TAPCELL_ROW_2_127,VPWR,li1,95.9100,18.7330,1.799994
TAP_TAPCELL_ROW_2_126,VPWR,li1,70.1500,18.7330,1.799989
TAP_TAPCELL_ROW_2_125,VPWR,li1,44.3900,18.7330,1.799989
TAP_TAPCELL_ROW_2_124,VPWR,li1,18.6300,18.7330,1.799996
TAP_TAPCELL_ROW_1_123,VPWR,li1,134.5500,13.9060,1.799995
TAP_TAPCELL_ROW_1_122,VPWR,li1,108.7900,13.9060,1.799997
TAP_TAPCELL_ROW_1_121,VPWR,li1,83.0300,13.9060,1.799996
TAP_TAPCELL_ROW_1_120,VPWR,li1,57.2700,13.9060,1.799994
TAP_TAPCELL_ROW_1_119,VPWR,li1,31.5100,13.9060,1.799997
TAP_TAPCELL_ROW_0_118,VPWR,li1,147.4300,13.2930,1.799995
TAP_TAPCELL_ROW_0_117,VPWR,li1,134.5500,13.2930,1.799995
TAP_TAPCELL_ROW_0_116,VPWR,li1,121.6700,13.2930,1.799995
TAP_TAPCELL_ROW_0_115,VPWR,li1,108.7900,13.2930,1.799997
TAP_TAPCELL_ROW_0_114,VPWR,li1,95.9100,13.2930,1.799997
TAP_TAPCELL_ROW_0_113,VPWR,li1,83.0300,13.2930,1.799996
TAP_TAPCELL_ROW_0_112,VPWR,li1,70.1500,13.2930,1.799994
TAP_TAPCELL_ROW_0_111,VPWR,li1,57.2700,13.2930,1.799994
TAP_TAPCELL_ROW_0_110,VPWR,li1,44.3900,13.2930,1.799995
TAP_TAPCELL_ROW_0_109,VPWR,li1,31.5100,13.2930,1.799997
TAP_TAPCELL_ROW_0_108,VPWR,li1,18.6300,13.2930,1.799998
PHY_EDGE_ROW_53_Left_107,VPWR,li1,6.2100,155.0400,1.800000
PHY_EDGE_ROW_52_Left_106,VPWR,li1,6.2100,155.0400,1.800000
PHY_EDGE_ROW_51_Left_105,VPWR,li1,6.2100,149.6000,1.799998
PHY_EDGE_ROW_50_Left_104,VPWR,li1,6.2100,149.6000,1.799998
PHY_EDGE_ROW_49_Left_103,VPWR,li1,6.2100,144.1600,1.799998
PHY_EDGE_ROW_48_Left_102,VPWR,li1,6.2100,144.1600,1.799998
PHY_EDGE_ROW_47_Left_101,VPWR,li1,6.2100,138.7200,1.799997
PHY_EDGE_ROW_46_Left_100,VPWR,li1,6.2100,138.7200,1.799997
PHY_EDGE_ROW_45_Left_99,VPWR,li1,6.2100,133.2800,1.799995
PHY_EDGE_ROW_44_Left_98,VPWR,li1,6.2100,133.2800,1.799995
PHY_EDGE_ROW_43_Left_97,VPWR,li1,6.2100,127.8400,1.799995
PHY_EDGE_ROW_42_Left_96,VPWR,li1,6.2100,127.8400,1.799995
PHY_EDGE_ROW_41_Left_95,VPWR,li1,6.2100,122.4000,1.799995
PHY_EDGE_ROW_40_Left_94,VPWR,li1,6.2100,122.4000,1.799995
PHY_EDGE_ROW_39_Left_93,VPWR,li1,6.2100,116.9600,1.799995
PHY_EDGE_ROW_38_Left_92,VPWR,li1,6.2100,116.9600,1.799995
PHY_EDGE_ROW_37_Left_91,VPWR,li1,6.2100,111.5200,1.799994
PHY_EDGE_ROW_36_Left_90,VPWR,li1,6.2100,111.5200,1.799994
PHY_EDGE_ROW_35_Left_89,VPWR,li1,6.2100,106.0800,1.799993
PHY_EDGE_ROW_34_Left_88,VPWR,li1,6.2100,106.0800,1.799993
PHY_EDGE_ROW_33_Left_87,VPWR,li1,6.2100,100.6400,1.799995
PHY_EDGE_ROW_32_Left_86,VPWR,li1,6.2100,100.6400,1.799995
PHY_EDGE_ROW_31_Left_85,VPWR,li1,6.2100,95.2000,1.799997
PHY_EDGE_ROW_30_Left_84,VPWR,li1,6.2100,95.2000,1.799997
PHY_EDGE_ROW_29_Left_83,VPWR,li1,6.2100,89.7600,1.799998
PHY_EDGE_ROW_28_Left_82,VPWR,li1,6.2100,89.7600,1.799998
PHY_EDGE_ROW_27_Left_81,VPWR,li1,6.2100,84.3200,1.799997
PHY_EDGE_ROW_26_Left_80,VPWR,li1,6.2100,84.3200,1.799997
PHY_EDGE_ROW_25_Left_79,VPWR,li1,6.2100,78.8800,1.799998
PHY_EDGE_ROW_24_Left_78,VPWR,li1,6.2100,78.8800,1.799998
PHY_EDGE_ROW_23_Left_77,VPWR,li1,6.2100,73.4400,1.799995
PHY_EDGE_ROW_22_Left_76,VPWR,li1,6.2100,73.4400,1.799995
PHY_EDGE_ROW_21_Left_75,VPWR,li1,6.2100,68.0000,1.799990
PHY_EDGE_ROW_20_Left_74,VPWR,li1,6.2100,68.0000,1.799990
PHY_EDGE_ROW_19_Left_73,VPWR,li1,6.2100,62.5600,1.799996
PHY_EDGE_ROW_18_Left_72,VPWR,li1,6.2100,62.5600,1.799996
PHY_EDGE_ROW_17_Left_71,VPWR,li1,6.2100,57.1200,1.799995
PHY_EDGE_ROW_16_Left_70,VPWR,li1,6.2100,57.1200,1.799995
PHY_EDGE_ROW_15_Left_69,VPWR,li1,6.2100,51.6800,1.799995
PHY_EDGE_ROW_14_Left_68,VPWR,li1,6.2100,51.6800,1.799995
PHY_EDGE_ROW_13_Left_67,VPWR,li1,6.2100,46.2400,1.799999
PHY_EDGE_ROW_12_Left_66,VPWR,li1,6.2100,46.2400,1.799999
PHY_EDGE_ROW_11_Left_65,VPWR,li1,6.2100,40.8000,1.799993
PHY_EDGE_ROW_10_Left_64,VPWR,li1,6.2100,40.8000,1.799993
PHY_EDGE_ROW_9_Left_63,VPWR,li1,6.2100,35.3600,1.799995
PHY_EDGE_ROW_8_Left_62,VPWR,li1,6.2100,35.3600,1.799995
PHY_EDGE_ROW_7_Left_61,VPWR,li1,6.2100,29.9200,1.799999
PHY_EDGE_ROW_6_Left_60,VPWR,li1,6.2100,29.9200,1.799999
PHY_EDGE_ROW_5_Left_59,VPWR,li1,6.2100,24.4800,1.799998
PHY_EDGE_ROW_4_Left_58,VPWR,li1,6.2100,24.4800,1.799998
PHY_EDGE_ROW_3_Left_57,VPWR,li1,6.2100,19.0400,1.799998
PHY_EDGE_ROW_2_Left_56,VPWR,li1,6.2100,19.0400,1.799998
PHY_EDGE_ROW_1_Left_55,VPWR,li1,6.2100,13.6000,1.799999
PHY_EDGE_ROW_0_Left_54,VPWR,li1,6.2100,13.6000,1.799999
PHY_EDGE_ROW_53_Right_53,VPWR,li1,153.4100,155.0400,1.799995
PHY_EDGE_ROW_52_Right_52,VPWR,li1,153.4100,155.0400,1.799995
PHY_EDGE_ROW_51_Right_51,VPWR,li1,153.4100,149.6000,1.799984
PHY_EDGE_ROW_50_Right_50,VPWR,li1,153.4100,149.6000,1.799984
PHY_EDGE_ROW_49_Right_49,VPWR,li1,153.4100,144.1600,1.799987
PHY_EDGE_ROW_48_Right_48,VPWR,li1,153.4100,144.1600,1.799987
PHY_EDGE_ROW_47_Right_47,VPWR,li1,153.4100,138.7200,1.799979
PHY_EDGE_ROW_46_Right_46,VPWR,li1,153.4100,138.7200,1.799979
PHY_EDGE_ROW_45_Right_45,VPWR,li1,153.4100,133.2800,1.799944
PHY_EDGE_ROW_44_Right_44,VPWR,li1,153.4100,133.2800,1.799944
PHY_EDGE_ROW_43_Right_43,VPWR,li1,153.4100,127.8400,1.799963
PHY_EDGE_ROW_42_Right_42,VPWR,li1,153.4100,127.8400,1.799963
PHY_EDGE_ROW_41_Right_41,VPWR,li1,153.4100,122.4000,1.799973
PHY_EDGE_ROW_40_Right_40,VPWR,li1,153.4100,122.4000,1.799973
PHY_EDGE_ROW_39_Right_39,VPWR,li1,153.4100,116.9600,1.799959
PHY_EDGE_ROW_38_Right_38,VPWR,li1,153.4100,116.9600,1.799959
PHY_EDGE_ROW_37_Right_37,VPWR,li1,153.4100,111.5200,1.799988
PHY_EDGE_ROW_36_Right_36,VPWR,li1,153.4100,111.5200,1.799988
PHY_EDGE_ROW_35_Right_35,VPWR,li1,153.4100,106.0800,1.799974
PHY_EDGE_ROW_34_Right_34,VPWR,li1,153.4100,106.0800,1.799974
PHY_EDGE_ROW_33_Right_33,VPWR,li1,153.4100,100.6400,1.799957
PHY_EDGE_ROW_32_Right_32,VPWR,li1,153.4100,100.6400,1.799957
PHY_EDGE_ROW_31_Right_31,VPWR,li1,153.4100,95.2000,1.799987
PHY_EDGE_ROW_30_Right_30,VPWR,li1,153.4100,95.2000,1.799987
PHY_EDGE_ROW_29_Right_29,VPWR,li1,153.4100,89.7600,1.799984
PHY_EDGE_ROW_28_Right_28,VPWR,li1,153.4100,89.7600,1.799984
PHY_EDGE_ROW_27_Right_27,VPWR,li1,153.4100,84.3200,1.799974
PHY_EDGE_ROW_26_Right_26,VPWR,li1,153.4100,84.3200,1.799974
PHY_EDGE_ROW_25_Right_25,VPWR,li1,153.4100,78.8800,1.799963
PHY_EDGE_ROW_24_Right_24,VPWR,li1,153.4100,78.8800,1.799963
PHY_EDGE_ROW_23_Right_23,VPWR,li1,153.4100,73.4400,1.799980
PHY_EDGE_ROW_22_Right_22,VPWR,li1,153.4100,73.4400,1.799980
PHY_EDGE_ROW_21_Right_21,VPWR,li1,153.4100,68.0000,1.799957
PHY_EDGE_ROW_20_Right_20,VPWR,li1,153.4100,68.0000,1.799957
PHY_EDGE_ROW_19_Right_19,VPWR,li1,153.4100,62.5600,1.799972
PHY_EDGE_ROW_18_Right_18,VPWR,li1,153.4100,62.5600,1.799972
PHY_EDGE_ROW_17_Right_17,VPWR,li1,153.4100,57.1200,1.799963
PHY_EDGE_ROW_16_Right_16,VPWR,li1,153.4100,57.1200,1.799963
PHY_EDGE_ROW_15_Right_15,VPWR,li1,153.4100,51.6800,1.799990
PHY_EDGE_ROW_14_Right_14,VPWR,li1,153.4100,51.6800,1.799990
PHY_EDGE_ROW_13_Right_13,VPWR,li1,153.4100,46.2400,1.799995
PHY_EDGE_ROW_12_Right_12,VPWR,li1,153.4100,46.2400,1.799995
PHY_EDGE_ROW_11_Right_11,VPWR,li1,153.4100,40.8000,1.799952
PHY_EDGE_ROW_10_Right_10,VPWR,li1,153.4100,40.8000,1.799952
PHY_EDGE_ROW_9_Right_9,VPWR,li1,153.4100,35.3600,1.799954
PHY_EDGE_ROW_8_Right_8,VPWR,li1,153.4100,35.3600,1.799954
PHY_EDGE_ROW_7_Right_7,VPWR,li1,153.4100,29.9200,1.799996
PHY_EDGE_ROW_6_Right_6,VPWR,li1,153.4100,29.9200,1.799996
PHY_EDGE_ROW_5_Right_5,VPWR,li1,153.4100,24.4800,1.799986
PHY_EDGE_ROW_4_Right_4,VPWR,li1,153.4100,24.4800,1.799986
PHY_EDGE_ROW_3_Right_3,VPWR,li1,153.4100,19.0400,1.799988
PHY_EDGE_ROW_2_Right_2,VPWR,li1,153.4100,19.0400,1.799988
PHY_EDGE_ROW_1_Right_1,VPWR,li1,153.4100,13.6000,1.799995
PHY_EDGE_ROW_0_Right_0,VPWR,li1,153.4100,13.6000,1.799995
_1205_,VPWR,li1,135.7000,149.6000,1.799984
_1204_,VPWR,li1,17.0200,19.0400,1.799996
_1203_,VPWR,li1,59.3400,19.0400,1.799988
_1202_,VPWR,li1,98.4400,19.0400,1.799995
_1201_,VPWR,li1,138.0000,13.6000,1.799995
_1196_,VPWR,li1,108.3300,144.1600,1.799992
_1195_,VPWR,li1,106.0300,149.6000,1.799992
_1194_,VPWR,li1,103.7300,144.1600,1.799994
_1193_,VPWR,li1,89.9300,149.6000,1.799991
_1192_,VPWR,li1,87.1700,149.6000,1.799990
_1191_,VPWR,li1,94.0700,138.7200,1.799990
_1190_,VPWR,li1,92.2300,127.8400,1.799983
_1189_,VPWR,li1,90.8500,127.8400,1.799983
_1188_,VPWR,li1,79.3500,127.8400,1.799976
_1187_,VPWR,li1,77.9700,127.8400,1.799976
_1186_,VPWR,li1,77.9700,144.1600,1.799989
_1185_,VPWR,li1,79.3500,144.1600,1.799989
_1184_,VPWR,li1,66.9300,127.8400,1.799973
_1183_,VPWR,li1,63.2500,127.8400,1.799972
_1182_,VPWR,li1,59.1100,133.2800,1.799966
_1181_,VPWR,li1,63.7100,149.6000,1.799986
_1180_,VPWR,li1,65.0900,144.1600,1.799988
_1179_,VPWR,li1,68.3100,149.6000,1.799987
_1178_,VPWR,li1,49.4500,149.6000,1.799987
_1177_,VPWR,li1,48.0700,144.1600,1.799989
_1176_,VPWR,li1,47.1500,149.6000,1.799988
_1175_,VPWR,li1,49.9100,133.2800,1.799969
_1174_,VPWR,li1,126.7300,40.8000,1.799958
_1173_,VPWR,li1,126.7300,46.2400,1.799995
_1172_,VPWR,li1,126.7300,51.6800,1.799990
_1171_,VPWR,li1,122.1300,51.6800,1.799991
_1170_,VPWR,li1,120.2900,57.1200,1.799972
_1169_,VPWR,li1,119.3700,68.0000,1.799972
_1168_,VPWR,li1,139.6100,73.4400,1.799980
_1167_,VPWR,li1,123.9700,73.4400,1.799983
_1166_,VPWR,li1,132.2500,73.4400,1.799981
_1165_,VPWR,li1,147.8900,62.5600,1.799972
_1164_,VPWR,li1,141.4500,57.1200,1.799963
_1163_,VPWR,li1,140.9900,57.1200,1.799963
_1162_,VPWR,li1,145.1300,40.8000,1.799952
_1161_,VPWR,li1,142.3700,40.8000,1.799952
_1160_,VPWR,li1,141.9100,35.3600,1.799954
_1159_,VPWR,li1,147.8900,24.4800,1.799986
_1158_,VPWR,li1,141.4500,24.4800,1.799986
_1157_,VPWR,li1,139.6100,19.0400,1.799988
_1156_,VPWR,li1,126.7300,19.0400,1.799989
_1155_,VPWR,li1,123.0500,13.6000,1.799995
_1154_,VPWR,li1,126.7300,29.9200,1.799996
_1153_,VPWR,li1,126.7300,35.3600,1.799956
_1152_,VPWR,li1,94.0700,57.1200,1.799983
_1151_,VPWR,li1,103.7300,57.1200,1.799985
_1150_,VPWR,li1,106.0300,57.1200,1.799983
_1149_,VPWR,li1,103.7300,35.3600,1.799981
_1148_,VPWR,li1,107.4100,40.8000,1.799977
_1147_,VPWR,li1,107.8700,46.2400,1.799997
_1146_,VPWR,li1,107.4100,24.4800,1.799994
_1145_,VPWR,li1,103.7300,13.6000,1.799997
_1144_,VPWR,li1,106.9500,19.0400,1.799994
_1143_,VPWR,li1,89.4700,24.4800,1.799994
_1142_,VPWR,li1,89.0100,19.0400,1.799991
_1141_,VPWR,li1,88.5500,19.0400,1.799991
_1140_,VPWR,li1,71.9900,13.6000,1.799994
_1139_,VPWR,li1,70.6100,24.4800,1.799991
_1138_,VPWR,li1,70.6100,19.0400,1.799989
_1137_,VPWR,li1,71.9900,29.9200,1.799995
_1136_,VPWR,li1,71.5300,35.3600,1.799972
_1135_,VPWR,li1,71.5300,40.8000,1.799963
_1134_,VPWR,li1,88.5500,35.3600,1.799980
_1133_,VPWR,li1,88.5500,40.8000,1.799974
_1132_,VPWR,li1,88.0900,51.6800,1.799989
_1131_,VPWR,li1,88.0900,57.1200,1.799980
_1130_,VPWR,li1,49.4500,62.5600,1.799979
_1129_,VPWR,li1,52.2100,57.1200,1.799972
_1128_,VPWR,li1,54.5100,57.1200,1.799972
_1127_,VPWR,li1,52.6700,46.2400,1.799996
_1126_,VPWR,li1,55.4300,40.8000,1.799960
_1125_,VPWR,li1,52.2100,35.3600,1.799969
_1124_,VPWR,li1,36.5700,57.1200,1.799978
_1123_,VPWR,li1,32.8900,57.1200,1.799981
_1122_,VPWR,li1,32.8900,62.5600,1.799982
_1121_,VPWR,li1,35.1900,40.8000,1.799964
_1120_,VPWR,li1,36.5700,35.3600,1.799976
_1119_,VPWR,li1,32.4300,35.3600,1.799979
_1118_,VPWR,li1,15.8700,35.3600,1.799990
_1117_,VPWR,li1,13.5700,35.3600,1.799992
_1116_,VPWR,li1,13.5700,24.4800,1.799997
_1115_,VPWR,li1,36.5700,19.0400,1.799990
_1114_,VPWR,li1,32.4300,19.0400,1.799991
_1113_,VPWR,li1,32.4300,24.4800,1.799993
_1112_,VPWR,li1,51.2900,13.6000,1.799994
_1111_,VPWR,li1,53.5900,19.0400,1.799988
_1110_,VPWR,li1,52.2100,24.4800,1.799991
_1109_,VPWR,li1,49.9100,29.9200,1.799995
_1108_,VPWR,li1,33.3500,144.1600,1.799991
_1107_,VPWR,li1,36.5700,133.2800,1.799976
_1106_,VPWR,li1,34.7300,133.2800,1.799977
_1105_,VPWR,li1,36.5700,127.8400,1.799972
_1104_,VPWR,li1,16.7900,133.2800,1.799989
_1103_,VPWR,li1,15.8700,138.7200,1.799994
_1102_,VPWR,li1,13.5700,133.2800,1.799992
_1101_,VPWR,li1,16.7900,116.9600,1.799990
_1100_,VPWR,li1,17.7100,111.5200,1.799987
_1099_,VPWR,li1,13.5700,111.5200,1.799991
_1098_,VPWR,li1,16.3300,95.2000,1.799995
_1097_,VPWR,li1,13.5700,100.6400,1.799992
_1096_,VPWR,li1,12.6500,89.7600,1.799996
_1095_,VPWR,li1,17.2500,84.3200,1.799994
_1094_,VPWR,li1,25.0700,78.8800,1.799993
_1093_,VPWR,li1,26.4500,73.4400,1.799983
_1092_,VPWR,li1,16.3300,68.0000,1.799978
_1091_,VPWR,li1,12.6500,73.4400,1.799992
_1090_,VPWR,li1,15.4100,57.1200,1.799991
_1089_,VPWR,li1,13.5700,57.1200,1.799993
_1088_,VPWR,li1,15.4100,51.6800,1.799990
_1087_,VPWR,li1,13.5700,46.2400,1.799998
_1086_,VPWR,li1,146.0500,122.4000,1.799973
_1085_,VPWR,li1,145.1300,116.9600,1.799959
_1084_,VPWR,li1,142.3700,116.9600,1.799959
_1083_,VPWR,li1,145.1300,95.2000,1.799987
_1082_,VPWR,li1,136.8500,106.0800,1.799974
_1081_,VPWR,li1,144.6700,100.6400,1.799957
_1080_,VPWR,li1,145.5900,84.3200,1.799974
_1079_,VPWR,li1,146.9700,78.8800,1.799963
_1078_,VPWR,li1,139.6100,89.7600,1.799984
_1077_,VPWR,li1,142.3700,78.8800,1.799964
_1076_,VPWR,li1,121.6700,84.3200,1.799977
_1075_,VPWR,li1,77.9700,89.7600,1.799990
_1074_,VPWR,li1,74.2900,95.2000,1.799985
_1073_,VPWR,li1,30.5900,100.6400,1.799983
_1072_,VPWR,li1,30.5900,95.2000,1.799990
_1071_,VPWR,li1,72.4500,51.6800,1.799982
_1070_,VPWR,li1,54.0500,95.2000,1.799985
_1069_,VPWR,li1,52.2100,89.7600,1.799988
_1068_,VPWR,li1,34.2700,116.9600,1.799976
_1067_,VPWR,li1,36.5700,111.5200,1.799973
_1066_,VPWR,li1,49.4500,127.8400,1.799972
_1065_,VPWR,li1,48.5300,122.4000,1.799986
_1064_,VPWR,li1,32.8900,106.0800,1.799964
_1063_,VPWR,li1,32.4300,111.5200,1.799976
_1062_,VPWR,li1,72.9100,111.5200,1.799974
_1061_,VPWR,li1,75.2100,111.5200,1.799975
_1060_,VPWR,li1,63.2500,111.5200,1.799971
_1059_,VPWR,li1,63.7100,111.5200,1.799971
_1058_,VPWR,li1,50.8300,111.5200,1.799970
_1057_,VPWR,li1,49.9100,111.5200,1.799970
_1056_,VPWR,li1,16.3300,122.4000,1.799990
_1055_,VPWR,li1,12.1900,122.4000,1.799993
_1054_,VPWR,li1,106.0300,78.8800,1.799987
_1053_,VPWR,li1,100.9700,73.4400,1.799992
_1052_,VPWR,li1,102.3500,73.4400,1.799991
_1051_,VPWR,li1,54.0500,78.8800,1.799988
_1050_,VPWR,li1,64.1700,78.8800,1.799988
_1049_,VPWR,li1,58.6500,73.4400,1.799973
_1048_,VPWR,li1,126.7300,116.9600,1.799963
_1047_,VPWR,li1,128.1100,111.5200,1.799988
_1046_,VPWR,li1,126.2700,127.8400,1.799968
_1045_,VPWR,li1,132.7100,122.4000,1.799975
_1044_,VPWR,li1,113.8500,122.4000,1.799983
_1043_,VPWR,li1,106.9500,127.8400,1.799984
_1042_,VPWR,li1,105.5700,133.2800,1.799979
_1041_,VPWR,li1,103.7300,127.8400,1.799987
_1040_,VPWR,li1,128.1100,138.7200,1.799981
_1039_,VPWR,li1,121.2100,138.7200,1.799983
_1038_,VPWR,li1,119.3700,144.1600,1.799990
_1037_,VPWR,li1,120.2900,149.6000,1.799987
_1036_,VPWR,li1,126.7300,149.6000,1.799985
_1035_,VPWR,li1,135.0100,155.0400,1.799995
_1034_,VPWR,li1,139.6100,149.6000,1.799984
_1033_,VPWR,li1,143.7500,144.1600,1.799987
_1032_,VPWR,li1,144.6700,138.7200,1.799979
_1031_,VPWR,li1,144.6700,133.2800,1.799944
_1030_,VPWR,li1,126.2700,89.7600,1.799986
_1029_,VPWR,li1,126.2700,95.2000,1.799989
_1028_,VPWR,li1,92.6900,111.5200,1.799986
_1027_,VPWR,li1,86.2500,111.5200,1.799982
_1026_,VPWR,li1,72.4500,62.5600,1.799980
_1025_,VPWR,li1,111.0900,73.4400,1.799987
_1024_,VPWR,li1,39.3300,78.8800,1.799990
_1023_,VPWR,li1,40.7100,68.0000,1.799954
_1022_,VPWR,li1,37.0300,89.7600,1.799989
_1021_,VPWR,li1,65.0900,95.2000,1.799984
_1020_,VPWR,li1,39.3300,73.4400,1.799974
_1019_,VPWR,li1,39.3300,73.4400,1.799974
_1018_,VPWR,li1,37.9500,89.7600,1.799989
_1017_,VPWR,li1,64.6300,95.2000,1.799984
_1016_,VPWR,li1,97.7500,95.2000,1.799994
_1015_,VPWR,li1,88.0900,73.4400,1.799985
_1014_,VPWR,li1,102.3500,111.5200,1.799992
_1013_,VPWR,li1,118.9100,106.0800,1.799976
_1012_,VPWR,li1,84.8700,106.0800,1.799976
_1011_,VPWR,li1,90.8500,89.7600,1.799992
_1010_,VPWR,li1,76.1300,57.1200,1.799975
_1009_,VPWR,li1,112.0100,111.5200,1.799990
_1008_,VPWR,li1,83.9500,95.2000,1.799988
_1007_,VPWR,li1,84.8700,73.4400,1.799983
_1006_,VPWR,li1,102.3500,111.5200,1.799992
_1005_,VPWR,li1,115.2300,89.7600,1.799989
_1004_,VPWR,li1,88.0900,95.2000,1.799989
_1003_,VPWR,li1,99.5900,89.7600,1.799994
_1002_,VPWR,li1,87.1700,68.0000,1.799972
_1001_,VPWR,li1,113.8500,89.7600,1.799989
_1000_,VPWR,li1,113.3900,116.9600,1.799974
_0999_,VPWR,li1,123.2800,122.4000,1.799977
_0998_,VPWR,li1,106.7200,122.4000,1.799989
_0997_,VPWR,li1,115.6900,133.2800,1.799963
_0996_,VPWR,li1,113.6200,127.8400,1.799978
_0995_,VPWR,li1,106.4900,133.2800,1.799976
_0994_,VPWR,li1,111.0900,127.8400,1.799980
_0993_,VPWR,li1,106.4900,122.4000,1.799990
_0992_,VPWR,li1,114.7700,127.8400,1.799978
_0991_,VPWR,li1,125.3500,133.2800,1.799950
_0990_,VPWR,li1,131.3300,133.2800,1.799945
_0989_,VPWR,li1,127.6500,138.7200,1.799981
_0988_,VPWR,li1,118.6800,133.2800,1.799960
_0987_,VPWR,li1,116.1500,144.1600,1.799991
_0986_,VPWR,li1,125.5800,144.1600,1.799989
_0985_,VPWR,li1,116.1500,149.6000,1.799989
_0984_,VPWR,li1,123.7400,155.0400,1.799997
_0983_,VPWR,li1,126.7300,149.6000,1.799985
_0982_,VPWR,li1,129.7200,144.1600,1.799989
_0981_,VPWR,li1,133.1700,149.6000,1.799984
_0980_,VPWR,li1,132.9400,144.1600,1.799988
_0979_,VPWR,li1,138.2300,149.6000,1.799984
_0978_,VPWR,li1,145.8200,149.6000,1.799984
_0977_,VPWR,li1,137.3100,144.1600,1.799988
_0976_,VPWR,li1,145.8200,144.1600,1.799987
_0975_,VPWR,li1,142.8300,144.1600,1.799987
_0974_,VPWR,li1,145.8200,138.7200,1.799979
_0973_,VPWR,li1,142.8300,138.7200,1.799979
_0972_,VPWR,li1,144.9000,133.2800,1.799944
_0971_,VPWR,li1,132.2500,127.8400,1.799964
_0970_,VPWR,li1,135.9300,133.2800,1.799945
_0969_,VPWR,li1,129.0300,122.4000,1.799975
_0968_,VPWR,li1,127.1900,89.7600,1.799986
_0967_,VPWR,li1,123.9700,89.7600,1.799986
_0966_,VPWR,li1,85.7900,111.5200,1.799982
_0965_,VPWR,li1,81.6500,106.0800,1.799974
_0964_,VPWR,li1,86.2500,106.0800,1.799978
_0963_,VPWR,li1,82.1100,100.6400,1.799984
_0962_,VPWR,li1,86.2500,100.6400,1.799984
_0961_,VPWR,li1,68.0800,57.1200,1.799973
_0960_,VPWR,li1,64.1700,62.5600,1.799980
_0959_,VPWR,li1,110.8600,68.0000,1.799979
_0958_,VPWR,li1,103.7300,84.3200,1.799986
_0957_,VPWR,li1,39.3300,78.8800,1.799990
_0956_,VPWR,li1,47.1500,68.0000,1.799952
_0955_,VPWR,li1,39.1000,84.3200,1.799985
_0954_,VPWR,li1,67.3900,89.7600,1.799989
_0953_,VPWR,li1,38.8700,84.3200,1.799985
_0952_,VPWR,li1,49.4500,73.4400,1.799970
_0951_,VPWR,li1,38.6400,95.2000,1.799989
_0950_,VPWR,li1,66.4700,100.6400,1.799984
_0949_,VPWR,li1,112.2400,144.1600,1.799992
_0948_,VPWR,li1,105.1100,155.0400,1.799999
_0947_,VPWR,li1,101.6600,144.1600,1.799996
_0946_,VPWR,li1,97.7500,144.1600,1.799995
_0945_,VPWR,li1,102.3500,149.6000,1.799993
_0944_,VPWR,li1,89.4700,144.1600,1.799992
_0943_,VPWR,li1,95.9100,144.1600,1.799994
_0942_,VPWR,li1,86.2500,155.0400,1.799999
_0941_,VPWR,li1,90.3900,155.0400,1.799999
_0940_,VPWR,li1,92.6900,144.1600,1.799993
_0939_,VPWR,li1,90.8500,138.7200,1.799989
_0938_,VPWR,li1,90.3900,133.2800,1.799978
_0937_,VPWR,li1,89.9300,122.4000,1.799993
_0936_,VPWR,li1,85.7900,122.4000,1.799992
_0935_,VPWR,li1,89.9300,122.4000,1.799993
_0934_,VPWR,li1,81.1900,122.4000,1.799992
_0933_,VPWR,li1,74.7500,122.4000,1.799990
_0932_,VPWR,li1,77.0500,133.2800,1.799971
_0931_,VPWR,li1,80.2700,133.2800,1.799973
_0930_,VPWR,li1,78.8900,149.6000,1.799989
_0929_,VPWR,li1,79.3500,149.6000,1.799989
_0928_,VPWR,li1,77.9700,138.7200,1.799986
_0927_,VPWR,li1,80.9600,138.7200,1.799987
_0926_,VPWR,li1,66.4700,122.4000,1.799989
_0925_,VPWR,li1,63.7100,122.4000,1.799988
_0924_,VPWR,li1,60.4900,127.8400,1.799972
_0923_,VPWR,li1,62.3300,138.7200,1.799982
_0922_,VPWR,li1,59.1100,138.7200,1.799982
_0921_,VPWR,li1,59.1100,138.7200,1.799982
_0920_,VPWR,li1,57.2700,149.6000,1.799987
_0919_,VPWR,li1,64.4000,155.0400,1.800000
_0918_,VPWR,li1,62.3300,144.1600,1.799988
_0917_,VPWR,li1,66.4700,144.1600,1.799988
_0916_,VPWR,li1,68.3100,155.0400,1.800000
_0915_,VPWR,li1,71.3000,144.1600,1.799988
_0914_,VPWR,li1,48.5300,155.0400,1.800000
_0913_,VPWR,li1,54.9700,155.0400,1.800000
_0912_,VPWR,li1,47.6100,144.1600,1.799989
_0911_,VPWR,li1,48.0700,155.0400,1.800000
_0910_,VPWR,li1,42.5500,149.6000,1.799989
_0909_,VPWR,li1,46.6900,138.7200,1.799982
_0908_,VPWR,li1,48.9900,138.7200,1.799981
_0907_,VPWR,li1,33.1200,138.7200,1.799987
_0906_,VPWR,li1,34.2700,138.7200,1.799987
_0905_,VPWR,li1,40.4800,122.4000,1.799985
_0904_,VPWR,li1,28.2900,133.2800,1.799981
_0903_,VPWR,li1,31.5100,127.8400,1.799977
_0902_,VPWR,li1,29.6700,127.8400,1.799978
_0901_,VPWR,li1,25.5300,133.2800,1.799983
_0900_,VPWR,li1,31.0500,138.7200,1.799988
_0899_,VPWR,li1,16.7900,127.8400,1.799990
_0898_,VPWR,li1,10.3500,133.2800,1.799995
_0897_,VPWR,li1,9.4300,138.7200,1.799997
_0896_,VPWR,li1,14.0300,144.1600,1.799997
_0895_,VPWR,li1,10.3500,138.7200,1.799997
_0894_,VPWR,li1,20.0100,127.8400,1.799988
_0893_,VPWR,li1,9.8900,122.4000,1.799995
_0892_,VPWR,li1,8.5100,111.5200,1.799994
_0891_,VPWR,li1,11.2700,111.5200,1.799994
_0890_,VPWR,li1,9.4300,116.9600,1.799995
_0889_,VPWR,li1,14.4900,106.0800,1.799986
_0888_,VPWR,li1,17.2500,106.0800,1.799982
_0887_,VPWR,li1,14.9500,106.0800,1.799986
_0886_,VPWR,li1,18.1700,100.6400,1.799989
_0885_,VPWR,li1,14.9500,100.6400,1.799992
_0884_,VPWR,li1,10.3500,95.2000,1.799997
_0883_,VPWR,li1,12.1900,89.7600,1.799996
_0882_,VPWR,li1,11.2700,84.3200,1.799996
_0881_,VPWR,li1,15.8700,84.3200,1.799994
_0880_,VPWR,li1,17.2500,78.8800,1.799995
_0879_,VPWR,li1,21.8500,78.8800,1.799994
_0878_,VPWR,li1,25.0700,84.3200,1.799991
_0877_,VPWR,li1,25.0700,73.4400,1.799983
_0876_,VPWR,li1,22.3100,62.5600,1.799989
_0875_,VPWR,li1,15.4100,73.4400,1.799990
_0874_,VPWR,li1,20.4700,68.0000,1.799972
_0873_,VPWR,li1,12.1900,73.4400,1.799992
_0872_,VPWR,li1,13.5700,78.8800,1.799997
_0871_,VPWR,li1,13.1100,62.5600,1.799994
_0870_,VPWR,li1,20.0100,51.6800,1.799988
_0869_,VPWR,li1,13.1100,51.6800,1.799992
_0868_,VPWR,li1,14.9500,62.5600,1.799993
_0867_,VPWR,li1,8.9700,51.6800,1.799995
_0866_,VPWR,li1,10.3500,51.6800,1.799995
_0865_,VPWR,li1,13.1100,46.2400,1.799998
_0864_,VPWR,li1,47.8400,62.5600,1.799979
_0863_,VPWR,li1,52.2100,68.0000,1.799950
_0862_,VPWR,li1,45.7700,57.1200,1.799975
_0861_,VPWR,li1,52.4400,51.6800,1.799978
_0860_,VPWR,li1,48.9900,51.6800,1.799979
_0859_,VPWR,li1,53.5900,51.6800,1.799978
_0858_,VPWR,li1,48.9900,40.8000,1.799961
_0857_,VPWR,li1,48.5300,46.2400,1.799996
_0856_,VPWR,li1,59.3400,46.2400,1.799996
_0855_,VPWR,li1,51.7500,29.9200,1.799995
_0854_,VPWR,li1,53.5900,40.8000,1.799960
_0853_,VPWR,li1,48.9900,35.3600,1.799970
_0852_,VPWR,li1,48.9900,40.8000,1.799961
_0851_,VPWR,li1,46.2300,40.8000,1.799962
_0850_,VPWR,li1,46.6900,46.2400,1.799996
_0849_,VPWR,li1,33.3500,51.6800,1.799981
_0848_,VPWR,li1,38.1800,51.6800,1.799980
_0847_,VPWR,li1,34.5000,51.6800,1.799981
_0846_,VPWR,li1,29.6700,51.6800,1.799981
_0845_,VPWR,li1,28.2900,57.1200,1.799983
_0844_,VPWR,li1,29.6700,62.5600,1.799983
_0843_,VPWR,li1,30.1300,68.0000,1.799961
_0842_,VPWR,li1,26.6800,51.6800,1.799982
_0841_,VPWR,li1,29.6700,35.3600,1.799980
_0840_,VPWR,li1,37.7200,46.2400,1.799997
_0839_,VPWR,li1,34.0400,46.2400,1.799997
_0838_,VPWR,li1,33.3500,29.9200,1.799997
_0837_,VPWR,li1,34.7300,46.2400,1.799997
_0836_,VPWR,li1,29.6700,40.8000,1.799970
_0835_,VPWR,li1,26.4500,35.3600,1.799982
_0834_,VPWR,li1,25.3000,35.3600,1.799984
_0833_,VPWR,li1,15.8700,40.8000,1.799985
_0832_,VPWR,li1,22.0800,35.3600,1.799986
_0831_,VPWR,li1,21.1600,35.3600,1.799986
_0830_,VPWR,li1,14.9500,29.9200,1.799999
_0829_,VPWR,li1,14.9500,29.9200,1.799999
_0828_,VPWR,li1,14.9500,19.0400,1.799996
_0827_,VPWR,li1,13.1100,24.4800,1.799997
_0826_,VPWR,li1,15.6400,24.4800,1.799997
_0825_,VPWR,li1,29.6700,24.4800,1.799993
_0824_,VPWR,li1,31.7400,29.9200,1.799997
_0823_,VPWR,li1,34.0400,13.6000,1.799996
_0822_,VPWR,li1,29.6700,13.6000,1.799997
_0821_,VPWR,li1,28.2900,19.0400,1.799992
_0820_,VPWR,li1,23.6900,19.0400,1.799993
_0819_,VPWR,li1,32.8900,13.6000,1.799997
_0818_,VPWR,li1,38.6400,19.0400,1.799990
_0817_,VPWR,li1,49.4500,13.6000,1.799995
_0816_,VPWR,li1,52.4400,13.6000,1.799994
_0815_,VPWR,li1,51.5200,24.4800,1.799991
_0814_,VPWR,li1,47.1500,19.0400,1.799989
_0813_,VPWR,li1,52.6700,19.0400,1.799988
_0812_,VPWR,li1,45.7700,24.4800,1.799992
_0811_,VPWR,li1,48.9900,29.9200,1.799995
_0810_,VPWR,li1,58.8800,24.4800,1.799991
_0809_,VPWR,li1,47.6100,24.4800,1.799991
_0808_,VPWR,li1,61.4100,62.5600,1.799980
_0807_,VPWR,li1,94.7600,51.6800,1.799992
_0806_,VPWR,li1,98.9000,51.6800,1.799994
_0805_,VPWR,li1,106.4900,62.5600,1.799985
_0804_,VPWR,li1,100.9700,51.6800,1.799996
_0803_,VPWR,li1,105.5700,51.6800,1.799994
_0802_,VPWR,li1,101.8900,35.3600,1.799987
_0801_,VPWR,li1,105.5700,29.9200,1.799998
_0800_,VPWR,li1,100.9700,40.8000,1.799985
_0799_,VPWR,li1,105.5700,40.8000,1.799980
_0798_,VPWR,li1,113.6200,40.8000,1.799971
_0797_,VPWR,li1,110.6300,40.8000,1.799974
_0796_,VPWR,li1,97.7500,40.8000,1.799981
_0795_,VPWR,li1,107.4100,46.2400,1.799997
_0794_,VPWR,li1,113.3900,40.8000,1.799971
_0793_,VPWR,li1,102.3500,24.4800,1.799996
_0792_,VPWR,li1,110.4000,24.4800,1.799994
_0791_,VPWR,li1,106.2600,24.4800,1.799994
_0790_,VPWR,li1,100.9700,19.0400,1.799996
_0789_,VPWR,li1,105.5700,19.0400,1.799994
_0788_,VPWR,li1,105.1100,13.6000,1.799997
_0787_,VPWR,li1,110.1700,13.6000,1.799997
_0786_,VPWR,li1,110.4000,19.0400,1.799993
_0785_,VPWR,li1,88.0900,29.9200,1.799997
_0784_,VPWR,li1,92.4600,29.9200,1.799998
_0783_,VPWR,li1,88.7800,29.9200,1.799997
_0782_,VPWR,li1,89.9300,13.6000,1.799997
_0781_,VPWR,li1,88.5500,24.4800,1.799994
_0780_,VPWR,li1,86.7100,13.6000,1.799996
_0779_,VPWR,li1,92.6900,24.4800,1.799995
_0778_,VPWR,li1,84.1800,24.4800,1.799993
_0777_,VPWR,li1,68.3100,19.0400,1.799989
_0776_,VPWR,li1,80.0400,19.0400,1.799990
_0775_,VPWR,li1,72.6800,24.4800,1.799992
_0774_,VPWR,li1,64.1700,19.0400,1.799989
_0773_,VPWR,li1,73.3700,19.0400,1.799989
_0772_,VPWR,li1,68.3100,24.4800,1.799991
_0771_,VPWR,li1,71.5300,29.9200,1.799995
_0770_,VPWR,li1,76.3600,24.4800,1.799992
_0769_,VPWR,li1,63.7100,35.3600,1.799970
_0768_,VPWR,li1,77.7400,35.3600,1.799975
_0767_,VPWR,li1,67.6200,35.3600,1.799971
_0766_,VPWR,li1,65.0900,40.8000,1.799960
_0765_,VPWR,li1,73.3700,40.8000,1.799964
_0764_,VPWR,li1,68.3100,46.2400,1.799997
_0763_,VPWR,li1,71.5300,51.6800,1.799982
_0762_,VPWR,li1,70.3800,46.2400,1.799997
_0761_,VPWR,li1,82.1100,40.8000,1.799970
_0760_,VPWR,li1,90.6200,35.3600,1.799981
_0759_,VPWR,li1,88.3200,46.2400,1.799998
_0758_,VPWR,li1,87.6300,35.3600,1.799980
_0757_,VPWR,li1,88.5500,40.8000,1.799974
_0756_,VPWR,li1,86.7100,46.2400,1.799998
_0755_,VPWR,li1,80.7300,51.6800,1.799986
_0754_,VPWR,li1,83.2600,51.6800,1.799987
_0753_,VPWR,li1,86.2500,51.6800,1.799988
_0752_,VPWR,li1,71.5300,57.1200,1.799974
_0751_,VPWR,li1,120.0600,35.3600,1.799962
_0750_,VPWR,li1,120.2900,46.2400,1.799995
_0749_,VPWR,li1,119.8300,40.8000,1.799965
_0748_,VPWR,li1,125.5800,46.2400,1.799995
_0747_,VPWR,li1,129.0300,62.5600,1.799974
_0746_,VPWR,li1,124.8900,57.1200,1.799968
_0745_,VPWR,li1,119.8300,57.1200,1.799972
_0744_,VPWR,li1,117.0700,57.1200,1.799974
_0743_,VPWR,li1,124.6600,62.5600,1.799975
_0742_,VPWR,li1,118.9100,62.5600,1.799978
_0741_,VPWR,li1,119.8300,62.5600,1.799978
_0740_,VPWR,li1,117.5300,78.8800,1.799976
_0739_,VPWR,li1,119.3700,68.0000,1.799972
_0738_,VPWR,li1,126.7300,68.0000,1.799968
_0737_,VPWR,li1,116.6100,68.0000,1.799975
_0736_,VPWR,li1,136.3900,68.0000,1.799961
_0735_,VPWR,li1,136.1600,78.8800,1.799966
_0734_,VPWR,li1,132.0200,73.4400,1.799981
_0733_,VPWR,li1,120.7500,78.8800,1.799974
_0732_,VPWR,li1,129.0300,78.8800,1.799967
_0731_,VPWR,li1,129.9500,68.0000,1.799965
_0730_,VPWR,li1,133.1700,78.8800,1.799966
_0729_,VPWR,li1,132.9400,68.0000,1.799963
_0728_,VPWR,li1,144.6700,68.0000,1.799957
_0727_,VPWR,li1,141.6800,62.5600,1.799973
_0726_,VPWR,li1,149.9600,62.5600,1.799972
_0725_,VPWR,li1,139.6100,51.6800,1.799990
_0724_,VPWR,li1,141.9100,62.5600,1.799973
_0723_,VPWR,li1,137.3100,62.5600,1.799973
_0722_,VPWR,li1,146.0500,62.5600,1.799972
_0721_,VPWR,li1,143.5200,51.6800,1.799990
_0720_,VPWR,li1,138.6900,46.2400,1.799995
_0719_,VPWR,li1,149.0400,46.2400,1.799995
_0718_,VPWR,li1,144.9000,46.2400,1.799995
_0717_,VPWR,li1,138.6900,46.2400,1.799995
_0716_,VPWR,li1,143.2900,46.2400,1.799995
_0715_,VPWR,li1,136.3900,40.8000,1.799954
_0714_,VPWR,li1,141.4500,35.3600,1.799954
_0713_,VPWR,li1,143.9800,35.3600,1.799954
_0712_,VPWR,li1,144.2100,29.9200,1.799996
_0711_,VPWR,li1,145.3600,29.9200,1.799996
_0710_,VPWR,li1,146.2800,19.0400,1.799988
_0709_,VPWR,li1,139.6100,24.4800,1.799987
_0708_,VPWR,li1,140.9900,19.0400,1.799988
_0707_,VPWR,li1,136.3900,19.0400,1.799988
_0706_,VPWR,li1,135.4700,24.4800,1.799988
_0705_,VPWR,li1,140.3000,13.6000,1.799995
_0704_,VPWR,li1,119.8300,19.0400,1.799991
_0703_,VPWR,li1,128.8000,24.4800,1.799989
_0702_,VPWR,li1,125.1200,24.4800,1.799990
_0701_,VPWR,li1,119.3700,19.0400,1.799991
_0700_,VPWR,li1,123.9700,19.0400,1.799990
_0699_,VPWR,li1,123.0500,24.4800,1.799991
_0698_,VPWR,li1,120.2900,24.4800,1.799991
_0697_,VPWR,li1,126.0400,24.4800,1.799990
_0696_,VPWR,li1,119.8300,35.3600,1.799962
_0695_,VPWR,li1,87.6300,68.0000,1.799972
_0694_,VPWR,li1,142.1400,127.8400,1.799963
_0693_,VPWR,li1,141.9100,122.4000,1.799974
_0692_,VPWR,li1,139.1500,122.4000,1.799974
_0691_,VPWR,li1,144.2100,111.5200,1.799988
_0690_,VPWR,li1,149.2700,111.5200,1.799988
_0689_,VPWR,li1,144.2100,106.0800,1.799974
_0688_,VPWR,li1,143.2900,106.0800,1.799974
_0687_,VPWR,li1,136.3900,106.0800,1.799974
_0686_,VPWR,li1,136.8500,100.6400,1.799957
_0685_,VPWR,li1,143.0600,100.6400,1.799957
_0684_,VPWR,li1,151.1100,95.2000,1.799987
_0683_,VPWR,li1,144.2100,89.7600,1.799984
_0682_,VPWR,li1,141.4500,89.7600,1.799984
_0681_,VPWR,li1,140.9900,84.3200,1.799974
_0680_,VPWR,li1,137.7700,84.3200,1.799975
_0679_,VPWR,li1,138.2300,89.7600,1.799984
_0678_,VPWR,li1,140.0700,95.2000,1.799988
_0677_,VPWR,li1,141.4500,73.4400,1.799980
_0676_,VPWR,li1,140.9900,111.5200,1.799988
_0675_,VPWR,li1,135.4700,111.5200,1.799988
_0674_,VPWR,li1,132.9400,116.9600,1.799961
_0673_,VPWR,li1,75.4400,89.7600,1.799989
_0672_,VPWR,li1,71.9900,89.7600,1.799989
_0671_,VPWR,li1,71.3000,78.8800,1.799989
_0670_,VPWR,li1,72.2200,84.3200,1.799974
_0669_,VPWR,li1,75.4400,100.6400,1.799984
_0668_,VPWR,li1,24.3800,95.2000,1.799993
_0667_,VPWR,li1,27.1400,95.2000,1.799991
_0666_,VPWR,li1,37.7200,95.2000,1.799989
_0665_,VPWR,li1,50.1400,106.0800,1.799956
_0664_,VPWR,li1,49.2200,116.9600,1.799966
_0663_,VPWR,li1,61.6400,116.9600,1.799962
_0662_,VPWR,li1,58.8800,116.9600,1.799962
_0661_,VPWR,li1,56.1200,111.5200,1.799970
_0660_,VPWR,li1,70.8400,106.0800,1.799965
_0659_,VPWR,li1,71.9900,116.9600,1.799964
_0658_,VPWR,li1,68.3100,84.3200,1.799975
_0657_,VPWR,li1,68.7700,116.9600,1.799963
_0656_,VPWR,li1,66.4700,122.4000,1.799989
_0655_,VPWR,li1,29.6700,111.5200,1.799978
_0654_,VPWR,li1,25.9900,106.0800,1.799972
_0653_,VPWR,li1,56.1200,89.7600,1.799988
_0652_,VPWR,li1,45.7700,116.9600,1.799969
_0651_,VPWR,li1,48.9900,122.4000,1.799986
_0650_,VPWR,li1,29.9000,116.9600,1.799979
_0649_,VPWR,li1,29.9000,122.4000,1.799985
_0648_,VPWR,li1,40.2500,116.9600,1.799972
_0647_,VPWR,li1,53.3600,89.7600,1.799988
_0646_,VPWR,li1,60.4900,84.3200,1.799978
_0645_,VPWR,li1,134.0900,19.0400,1.799988
_0644_,VPWR,li1,132.7100,35.3600,1.799955
_0643_,VPWR,li1,132.7100,46.2400,1.799995
_0642_,VPWR,li1,120.2900,51.6800,1.799991
_0641_,VPWR,li1,124.2000,68.0000,1.799969
_0640_,VPWR,li1,138.6900,73.4400,1.799980
_0639_,VPWR,li1,132.7100,68.0000,1.799963
_0638_,VPWR,li1,147.8900,57.1200,1.799963
_0637_,VPWR,li1,150.6500,57.1200,1.799963
_0636_,VPWR,li1,149.2700,40.8000,1.799952
_0635_,VPWR,li1,147.8900,35.3600,1.799954
_0634_,VPWR,li1,149.2700,24.4800,1.799986
_0633_,VPWR,li1,133.1700,19.0400,1.799988
_0632_,VPWR,li1,128.5700,19.0400,1.799989
_0631_,VPWR,li1,120.2900,24.4800,1.799991
_0630_,VPWR,li1,97.7500,13.6000,1.799998
_0629_,VPWR,li1,98.2100,51.6800,1.799994
_0628_,VPWR,li1,112.2400,57.1200,1.799979
_0627_,VPWR,li1,106.9500,29.9200,1.799998
_0626_,VPWR,li1,110.4000,29.9200,1.799998
_0625_,VPWR,li1,102.1200,29.9200,1.799999
_0624_,VPWR,li1,109.7100,29.9200,1.799998
_0623_,VPWR,li1,112.9300,19.0400,1.799992
_0622_,VPWR,li1,95.4500,19.0400,1.799993
_0621_,VPWR,li1,82.5700,19.0400,1.799990
_0620_,VPWR,li1,77.0500,19.0400,1.799990
_0619_,VPWR,li1,65.5500,24.4800,1.799991
_0618_,VPWR,li1,77.9700,40.8000,1.799967
_0617_,VPWR,li1,77.0500,46.2400,1.799997
_0616_,VPWR,li1,92.2300,46.2400,1.799998
_0615_,VPWR,li1,89.4700,46.2400,1.799998
_0614_,VPWR,li1,56.3500,19.0400,1.799988
_0613_,VPWR,li1,43.0100,68.0000,1.799953
_0612_,VPWR,li1,48.0700,57.1200,1.799974
_0611_,VPWR,li1,49.4500,51.6800,1.799979
_0610_,VPWR,li1,58.8800,40.8000,1.799959
_0609_,VPWR,li1,39.3300,57.1200,1.799977
_0608_,VPWR,li1,30.1300,46.2400,1.799997
_0607_,VPWR,li1,39.3300,46.2400,1.799997
_0606_,VPWR,li1,30.1300,46.2400,1.799997
_0605_,VPWR,li1,19.5500,29.9200,1.799998
_0604_,VPWR,li1,12.1900,29.9200,1.799999
_0603_,VPWR,li1,33.8100,24.4800,1.799993
_0602_,VPWR,li1,38.4100,24.4800,1.799992
_0601_,VPWR,li1,48.0700,19.0400,1.799989
_0600_,VPWR,li1,58.6500,19.0400,1.799988
_0599_,VPWR,li1,19.5500,40.8000,1.799983
_0598_,VPWR,li1,37.4900,138.7200,1.799985
_0597_,VPWR,li1,33.8100,122.4000,1.799985
_0596_,VPWR,li1,29.9000,133.2800,1.799980
_0595_,VPWR,li1,16.7900,144.1600,1.799996
_0594_,VPWR,li1,11.7300,144.1600,1.799998
_0593_,VPWR,li1,14.0300,127.8400,1.799993
_0592_,VPWR,li1,10.3500,116.9600,1.799995
_0591_,VPWR,li1,23.6900,111.5200,1.799982
_0590_,VPWR,li1,20.0100,111.5200,1.799985
_0589_,VPWR,li1,16.7900,95.2000,1.799995
_0588_,VPWR,li1,14.0300,95.2000,1.799996
_0587_,VPWR,li1,21.3900,89.7600,1.799994
_0586_,VPWR,li1,20.0100,89.7600,1.799994
_0585_,VPWR,li1,19.0900,89.7600,1.799995
_0584_,VPWR,li1,18.6300,73.4400,1.799988
_0583_,VPWR,li1,24.6100,68.0000,1.799965
_0582_,VPWR,li1,31.5100,73.4400,1.799979
_0581_,VPWR,li1,17.2500,68.0000,1.799978
_0580_,VPWR,li1,14.4900,68.0000,1.799981
_0579_,VPWR,li1,24.1500,57.1200,1.799986
_0578_,VPWR,li1,17.2500,62.5600,1.799991
_0577_,VPWR,li1,21.3900,51.6800,1.799985
_0576_,VPWR,li1,75.6700,149.6000,1.799988
_0575_,VPWR,li1,104.6500,138.7200,1.799988
_0574_,VPWR,li1,106.9500,149.6000,1.799992
_0573_,VPWR,li1,98.2100,155.0400,1.799999
_0572_,VPWR,li1,88.0900,133.2800,1.799976
_0571_,VPWR,li1,87.1700,133.2800,1.799976
_0570_,VPWR,li1,90.3900,133.2800,1.799978
_0569_,VPWR,li1,80.7300,122.4000,1.799991
_0568_,VPWR,li1,81.6500,133.2800,1.799974
_0567_,VPWR,li1,84.6400,127.8400,1.799979
_0566_,VPWR,li1,85.3300,144.1600,1.799991
_0565_,VPWR,li1,80.2700,138.7200,1.799986
_0564_,VPWR,li1,66.0100,138.7200,1.799983
_0563_,VPWR,li1,61.4100,122.4000,1.799988
_0562_,VPWR,li1,61.4100,138.7200,1.799982
_0561_,VPWR,li1,71.9900,149.6000,1.799987
_0560_,VPWR,li1,68.7700,138.7200,1.799984
_0559_,VPWR,li1,50.8300,144.1600,1.799989
_0558_,VPWR,li1,45.7700,155.0400,1.800000
_0557_,VPWR,li1,54.0500,144.1600,1.799989
_0556_,VPWR,li1,94.5300,155.0400,1.799999
_0555_,VPWR,li1,50.8300,89.7600,1.799988
_0554_,VPWR,li1,51.2900,84.3200,1.799981
_0553_,VPWR,li1,106.9500,100.6400,1.799985
_0552_,VPWR,li1,112.9300,116.9600,1.799974
_0551_,VPWR,li1,92.6900,89.7600,1.799992
_0550_,VPWR,li1,85.7900,116.9600,1.799971
_0549_,VPWR,li1,101.6600,106.0800,1.799990
_0548_,VPWR,li1,115.6900,100.6400,1.799976
_0547_,VPWR,li1,113.8500,100.6400,1.799979
_0546_,VPWR,li1,85.7900,78.8800,1.799992
_0545_,VPWR,li1,84.8700,68.0000,1.799969
_0544_,VPWR,li1,89.4700,68.0000,1.799975
_0543_,VPWR,li1,67.8500,73.4400,1.799976
_0542_,VPWR,li1,109.2500,89.7600,1.799991
_0541_,VPWR,li1,115.2300,95.2000,1.799992
_0540_,VPWR,li1,100.9700,89.7600,1.799995
_0539_,VPWR,li1,87.4000,100.6400,1.799984
_0538_,VPWR,li1,94.5300,106.0800,1.799984
_0537_,VPWR,li1,112.0100,95.2000,1.799992
_0536_,VPWR,li1,115.6900,95.2000,1.799992
_0535_,VPWR,li1,85.3300,78.8800,1.799992
_0534_,VPWR,li1,81.1900,62.5600,1.799982
_0533_,VPWR,li1,74.7500,73.4400,1.799979
_0532_,VPWR,li1,67.6200,73.4400,1.799976
_0531_,VPWR,li1,72.2200,73.4400,1.799978
_0530_,VPWR,li1,103.2700,78.8800,1.799989
_0529_,VPWR,li1,95.9100,73.4400,1.799989
_0528_,VPWR,li1,104.1900,68.0000,1.799984
_0527_,VPWR,li1,99.3600,78.8800,1.799993
_0526_,VPWR,li1,90.1600,78.8800,1.799992
_0525_,VPWR,li1,100.5100,84.3200,1.799988
_0524_,VPWR,li1,101.2000,68.0000,1.799988
_0523_,VPWR,li1,106.4900,78.8800,1.799987
_0522_,VPWR,li1,94.7600,78.8800,1.799993
_0521_,VPWR,li1,94.5300,84.3200,1.799981
_0520_,VPWR,li1,61.8700,73.4400,1.799974
_0519_,VPWR,li1,58.6500,73.4400,1.799973
_0518_,VPWR,li1,66.0100,78.8800,1.799989
_0517_,VPWR,li1,60.0300,78.8800,1.799988
_0516_,VPWR,li1,75.6700,68.0000,1.799958
_0515_,VPWR,li1,51.9800,78.8800,1.799988
_0514_,VPWR,li1,50.1400,95.2000,1.799986
_0513_,VPWR,li1,43.0100,78.8800,1.799989
_0512_,VPWR,li1,44.3900,89.7600,1.799989
_0511_,VPWR,li1,67.3900,100.6400,1.799984
_0510_,VPWR,li1,52.4400,73.4400,1.799971
_0509_,VPWR,li1,39.3300,106.0800,1.799957
_0508_,VPWR,li1,42.5500,111.5200,1.799971
_0507_,VPWR,li1,49.6800,100.6400,1.799983
_0506_,VPWR,li1,54.9700,106.0800,1.799956
_0505_,VPWR,li1,49.6800,106.0800,1.799956
_0504_,VPWR,li1,43.9300,100.6400,1.799983
_0503_,VPWR,li1,56.3500,122.4000,1.799987
_0502_,VPWR,li1,46.9200,106.0800,1.799955
_0501_,VPWR,li1,38.6400,100.6400,1.799983
_0500_,VPWR,li1,37.0300,100.6400,1.799983
_0499_,VPWR,li1,29.9000,95.2000,1.799990
_0498_,VPWR,li1,71.9900,106.0800,1.799967
_0497_,VPWR,li1,46.2300,122.4000,1.799986
_0496_,VPWR,li1,46.6900,95.2000,1.799987
_0495_,VPWR,li1,80.2700,95.2000,1.799987
_0494_,VPWR,li1,61.8700,106.0800,1.799960
_0493_,VPWR,li1,43.0100,89.7600,1.799989
_0492_,VPWR,li1,132.7100,122.4000,1.799975
_0491_,VPWR,li1,130.6400,111.5200,1.799988
_0490_,VPWR,li1,123.9700,127.8400,1.799970
_0489_,VPWR,li1,125.8100,106.0800,1.799976
_0488_,VPWR,li1,123.7400,111.5200,1.799988
_0487_,VPWR,li1,119.6000,127.8400,1.799974
_0486_,VPWR,li1,110.8600,122.4000,1.799985
_0485_,VPWR,li1,146.0500,127.8400,1.799963
_0484_,VPWR,li1,140.0700,122.4000,1.799974
_0483_,VPWR,li1,151.3400,116.9600,1.799959
_0482_,VPWR,li1,146.9700,111.5200,1.799988
_0481_,VPWR,li1,151.1100,100.6400,1.799957
_0480_,VPWR,li1,146.0500,100.6400,1.799957
_0479_,VPWR,li1,146.0500,89.7600,1.799984
_0478_,VPWR,li1,139.3800,84.3200,1.799975
_0477_,VPWR,li1,120.7500,89.7600,1.799987
_0476_,VPWR,li1,123.2800,100.6400,1.799969
_0475_,VPWR,li1,126.7300,106.0800,1.799976
_0474_,VPWR,li1,119.3700,95.2000,1.799991
_0473_,VPWR,li1,119.8300,100.6400,1.799974
_0472_,VPWR,li1,141.9100,127.8400,1.799963
_0471_,VPWR,li1,69.4600,57.1200,1.799973
_0470_,VPWR,li1,66.0100,68.0000,1.799953
_0469_,VPWR,li1,101.4300,100.6400,1.799991
_0468_,VPWR,li1,84.1800,100.6400,1.799984
_0467_,VPWR,li1,93.1500,116.9600,1.799978
_0466_,VPWR,li1,107.4100,100.6400,1.799985
_0465_,VPWR,li1,110.4000,100.6400,1.799983
_0464_,VPWR,li1,85.1000,62.5600,1.799982
_0463_,VPWR,li1,64.8600,68.0000,1.799953
_0462_,VPWR,li1,62.3300,68.0000,1.799952
_0461_,VPWR,li1,98.2100,106.0800,1.799988
_0460_,VPWR,li1,90.1600,95.2000,1.799990
_0459_,VPWR,li1,88.0900,89.7600,1.799991
_0458_,VPWR,li1,102.8100,95.2000,1.799995
_0457_,VPWR,li1,106.2600,95.2000,1.799994
_0456_,VPWR,li1,106.4900,89.7600,1.799992
_0455_,VPWR,li1,110.4000,111.5200,1.799990
_0454_,VPWR,li1,106.2600,106.0800,1.799984
_0453_,VPWR,li1,105.3400,95.2000,1.799994
_0452_,VPWR,li1,67.6200,62.5600,1.799980
_0451_,VPWR,li1,71.9900,68.0000,1.799956
_0450_,VPWR,li1,80.2700,62.5600,1.799981
_0449_,VPWR,li1,64.6300,84.3200,1.799976
_0448_,VPWR,li1,70.6100,73.4400,1.799977
_0447_,VPWR,li1,68.3100,68.0000,1.799954
_0446_,VPWR,li1,135.9300,46.2400,1.799995
_0445_,VPWR,li1,103.2700,51.6800,1.799995
_0444_,VPWR,li1,50.3700,68.0000,1.799951
_0443_,VPWR,li1,73.8300,106.0800,1.799968
_0442_,VPWR,li1,120.7500,89.7600,1.799987
_0441_,VPWR,li1,119.3700,95.2000,1.799991
_0440_,VPWR,li1,79.3500,89.7600,1.799990
_0439_,VPWR,li1,45.7700,100.6400,1.799983
_0438_,VPWR,li1,52.2100,106.0800,1.799956
_0437_,VPWR,li1,138.6900,127.8400,1.799963
_0436_,VPWR,li1,64.6300,73.4400,1.799975
_0435_,VPWR,li1,115.2300,122.4000,1.799982
