
===========================================================================
report_checks -path_delay min (Hold)
============================================================================
======================= nom_ss_100C_1v60 Corner ===================================

Startpoint: _197_ (rising edge-triggered flip-flop clocked by clk)
Endpoint: _221_ (rising edge-triggered flip-flop clocked by clk)
Path Group: clk
Path Type: min

Fanout         Cap        Slew       Delay        Time   Description
---------------------------------------------------------------------------------------------
                      0.150000    0.000000    0.000000   clock clk (rise edge)
                                  0.000000    0.000000   clock network delay (ideal)
                      0.150000    0.000000    0.000000 ^ _197_/CLK (sky130_fd_sc_hd__dfrtp_2)
     4    0.014056    0.149454    0.795756    0.795756 ^ _197_/Q (sky130_fd_sc_hd__dfrtp_2)
                                                         counter[10] (net)
                      0.149454    0.000000    0.795756 ^ _221_/D (sky130_fd_sc_hd__dfrtp_2)
                                              0.795756   data arrival time

                      0.150000    0.000000    0.000000   clock clk (rise edge)
                                  0.000000    0.000000   clock network delay (ideal)
                                  0.250000    0.250000   clock uncertainty
                                  0.000000    0.250000   clock reconvergence pessimism
                                              0.250000 ^ _221_/CLK (sky130_fd_sc_hd__dfrtp_2)
                                 -0.081825    0.168175   library hold time
                                              0.168175   data required time
---------------------------------------------------------------------------------------------
                                              0.168175   data required time
                                             -0.795756   data arrival time
---------------------------------------------------------------------------------------------
                                              0.627581   slack (MET)


Startpoint: _202_ (rising edge-triggered flip-flop clocked by clk)
Endpoint: _226_ (rising edge-triggered flip-flop clocked by clk)
Path Group: clk
Path Type: min

Fanout         Cap        Slew       Delay        Time   Description
---------------------------------------------------------------------------------------------
                      0.150000    0.000000    0.000000   clock clk (rise edge)
                                  0.000000    0.000000   clock network delay (ideal)
                      0.150000    0.000000    0.000000 ^ _202_/CLK (sky130_fd_sc_hd__dfrtp_2)
     4    0.015259    0.157519    0.803994    0.803994 ^ _202_/Q (sky130_fd_sc_hd__dfrtp_2)
                                                         counter[15] (net)
                      0.157519    0.000000    0.803994 ^ _226_/D (sky130_fd_sc_hd__dfrtp_2)
                                              0.803994   data arrival time

                      0.150000    0.000000    0.000000   clock clk (rise edge)
                                  0.000000    0.000000   clock network delay (ideal)
                                  0.250000    0.250000   clock uncertainty
                                  0.000000    0.250000   clock reconvergence pessimism
                                              0.250000 ^ _226_/CLK (sky130_fd_sc_hd__dfrtp_2)
                                 -0.083657    0.166343   library hold time
                                              0.166343   data required time
---------------------------------------------------------------------------------------------
                                              0.166343   data required time
                                             -0.803994   data arrival time
---------------------------------------------------------------------------------------------
                                              0.637651   slack (MET)


Startpoint: _196_ (rising edge-triggered flip-flop clocked by clk)
Endpoint: _220_ (rising edge-triggered flip-flop clocked by clk)
Path Group: clk
Path Type: min

Fanout         Cap        Slew       Delay        Time   Description
---------------------------------------------------------------------------------------------
                      0.150000    0.000000    0.000000   clock clk (rise edge)
                                  0.000000    0.000000   clock network delay (ideal)
                      0.150000    0.000000    0.000000 ^ _196_/CLK (sky130_fd_sc_hd__dfrtp_2)
     5    0.019817    0.188261    0.833275    0.833275 ^ _196_/Q (sky130_fd_sc_hd__dfrtp_2)
                                                         counter[9] (net)
                      0.188261    0.000000    0.833275 ^ _220_/D (sky130_fd_sc_hd__dfrtp_2)
                                              0.833275   data arrival time

                      0.150000    0.000000    0.000000   clock clk (rise edge)
                                  0.000000    0.000000   clock network delay (ideal)
                                  0.250000    0.250000   clock uncertainty
                                  0.000000    0.250000   clock reconvergence pessimism
                                              0.250000 ^ _220_/CLK (sky130_fd_sc_hd__dfrtp_2)
                                 -0.090643    0.159357   library hold time
                                              0.159357   data required time
---------------------------------------------------------------------------------------------
                                              0.159357   data required time
                                             -0.833275   data arrival time
---------------------------------------------------------------------------------------------
                                              0.673917   slack (MET)


Startpoint: _200_ (rising edge-triggered flip-flop clocked by clk)
Endpoint: _224_ (rising edge-triggered flip-flop clocked by clk)
Path Group: clk
Path Type: min

Fanout         Cap        Slew       Delay        Time   Description
---------------------------------------------------------------------------------------------
                      0.150000    0.000000    0.000000   clock clk (rise edge)
                                  0.000000    0.000000   clock network delay (ideal)
                      0.150000    0.000000    0.000000 ^ _200_/CLK (sky130_fd_sc_hd__dfrtp_2)
     6    0.020375    0.192082    0.836265    0.836265 ^ _200_/Q (sky130_fd_sc_hd__dfrtp_2)
                                                         counter[13] (net)
                      0.192082    0.000000    0.836265 ^ _224_/D (sky130_fd_sc_hd__dfrtp_2)
                                              0.836265   data arrival time

                      0.150000    0.000000    0.000000   clock clk (rise edge)
                                  0.000000    0.000000   clock network delay (ideal)
                                  0.250000    0.250000   clock uncertainty
                                  0.000000    0.250000   clock reconvergence pessimism
                                              0.250000 ^ _224_/CLK (sky130_fd_sc_hd__dfrtp_2)
                                 -0.091511    0.158489   library hold time
                                              0.158489   data required time
---------------------------------------------------------------------------------------------
                                              0.158489   data required time
                                             -0.836265   data arrival time
---------------------------------------------------------------------------------------------
                                              0.677776   slack (MET)


Startpoint: _198_ (rising edge-triggered flip-flop clocked by clk)
Endpoint: _222_ (rising edge-triggered flip-flop clocked by clk)
Path Group: clk
Path Type: min

Fanout         Cap        Slew       Delay        Time   Description
---------------------------------------------------------------------------------------------
                      0.150000    0.000000    0.000000   clock clk (rise edge)
                                  0.000000    0.000000   clock network delay (ideal)
                      0.150000    0.000000    0.000000 ^ _198_/CLK (sky130_fd_sc_hd__dfrtp_2)
     8    0.022994    0.210017    0.850302    0.850302 ^ _198_/Q (sky130_fd_sc_hd__dfrtp_2)
                                                         counter[11] (net)
                      0.210017    0.000000    0.850302 ^ _222_/D (sky130_fd_sc_hd__dfrtp_2)
                                              0.850302   data arrival time

                      0.150000    0.000000    0.000000   clock clk (rise edge)
                                  0.000000    0.000000   clock network delay (ideal)
                                  0.250000    0.250000   clock uncertainty
                                  0.000000    0.250000   clock reconvergence pessimism
                                              0.250000 ^ _222_/CLK (sky130_fd_sc_hd__dfrtp_2)
                                 -0.095586    0.154414   library hold time
                                              0.154414   data required time
---------------------------------------------------------------------------------------------
                                              0.154414   data required time
                                             -0.850302   data arrival time
---------------------------------------------------------------------------------------------
                                              0.695887   slack (MET)


Startpoint: _201_ (rising edge-triggered flip-flop clocked by clk)
Endpoint: _225_ (rising edge-triggered flip-flop clocked by clk)
Path Group: clk
Path Type: min

Fanout         Cap        Slew       Delay        Time   Description
---------------------------------------------------------------------------------------------
                      0.150000    0.000000    0.000000   clock clk (rise edge)
                                  0.000000    0.000000   clock network delay (ideal)
                      0.150000    0.000000    0.000000 ^ _201_/CLK (sky130_fd_sc_hd__dfrtp_2)
     5    0.023609    0.214228    0.853598    0.853598 ^ _201_/Q (sky130_fd_sc_hd__dfrtp_2)
                                                         counter[14] (net)
                      0.214228    0.000000    0.853598 ^ _225_/D (sky130_fd_sc_hd__dfrtp_2)
                                              0.853598   data arrival time

                      0.150000    0.000000    0.000000   clock clk (rise edge)
                                  0.000000    0.000000   clock network delay (ideal)
                                  0.250000    0.250000   clock uncertainty
                                  0.000000    0.250000   clock reconvergence pessimism
                                              0.250000 ^ _225_/CLK (sky130_fd_sc_hd__dfrtp_2)
                                 -0.096543    0.153457   library hold time
                                              0.153457   data required time
---------------------------------------------------------------------------------------------
                                              0.153457   data required time
                                             -0.853598   data arrival time
---------------------------------------------------------------------------------------------
                                              0.700140   slack (MET)


Startpoint: _195_ (rising edge-triggered flip-flop clocked by clk)
Endpoint: _219_ (rising edge-triggered flip-flop clocked by clk)
Path Group: clk
Path Type: min

Fanout         Cap        Slew       Delay        Time   Description
---------------------------------------------------------------------------------------------
                      0.150000    0.000000    0.000000   clock clk (rise edge)
                                  0.000000    0.000000   clock network delay (ideal)
                      0.150000    0.000000    0.000000 ^ _195_/CLK (sky130_fd_sc_hd__dfrtp_2)
     6    0.028729    0.249289    0.881038    0.881038 ^ _195_/Q (sky130_fd_sc_hd__dfrtp_2)
                                                         counter[8] (net)
                      0.249289    0.000000    0.881038 ^ _219_/D (sky130_fd_sc_hd__dfrtp_2)
                                              0.881038   data arrival time

                      0.150000    0.000000    0.000000   clock clk (rise edge)
                                  0.000000    0.000000   clock network delay (ideal)
                                  0.250000    0.250000   clock uncertainty
                                  0.000000    0.250000   clock reconvergence pessimism
                                              0.250000 ^ _219_/CLK (sky130_fd_sc_hd__dfrtp_2)
                                 -0.104509    0.145491   library hold time
                                              0.145491   data required time
---------------------------------------------------------------------------------------------
                                              0.145491   data required time
                                             -0.881038   data arrival time
---------------------------------------------------------------------------------------------
                                              0.735547   slack (MET)


Startpoint: _199_ (rising edge-triggered flip-flop clocked by clk)
Endpoint: _223_ (rising edge-triggered flip-flop clocked by clk)
Path Group: clk
Path Type: min

Fanout         Cap        Slew       Delay        Time   Description
---------------------------------------------------------------------------------------------
                      0.150000    0.000000    0.000000   clock clk (rise edge)
                                  0.000000    0.000000   clock network delay (ideal)
                      0.150000    0.000000    0.000000 ^ _199_/CLK (sky130_fd_sc_hd__dfrtp_2)
     7    0.029526    0.254746    0.885310    0.885310 ^ _199_/Q (sky130_fd_sc_hd__dfrtp_2)
                                                         counter[12] (net)
                      0.254746    0.000000    0.885310 ^ _223_/D (sky130_fd_sc_hd__dfrtp_2)
                                              0.885310   data arrival time

                      0.150000    0.000000    0.000000   clock clk (rise edge)
                                  0.000000    0.000000   clock network delay (ideal)
                                  0.250000    0.250000   clock uncertainty
                                  0.000000    0.250000   clock reconvergence pessimism
                                              0.250000 ^ _223_/CLK (sky130_fd_sc_hd__dfrtp_2)
                                 -0.105749    0.144251   library hold time
                                              0.144251   data required time
---------------------------------------------------------------------------------------------
                                              0.144251   data required time
                                             -0.885310   data arrival time
---------------------------------------------------------------------------------------------
                                              0.741059   slack (MET)


Startpoint: _187_ (rising edge-triggered flip-flop clocked by clk)
Endpoint: _187_ (rising edge-triggered flip-flop clocked by clk)
Path Group: clk
Path Type: min

Fanout         Cap        Slew       Delay        Time   Description
---------------------------------------------------------------------------------------------
                      0.150000    0.000000    0.000000   clock clk (rise edge)
                                  0.000000    0.000000   clock network delay (ideal)
                      0.150000    0.000000    0.000000 ^ _187_/CLK (sky130_fd_sc_hd__dfrtp_2)
     6    0.023950    0.216563    0.855425    0.855425 ^ _187_/Q (sky130_fd_sc_hd__dfrtp_2)
                                                         counter[0] (net)
                      0.216563    0.000000    0.855425 ^ _077_/A (sky130_fd_sc_hd__inv_2)
     1    0.001838    0.044163    0.090029    0.945454 v _077_/Y (sky130_fd_sc_hd__inv_2)
                                                         _000_ (net)
                      0.044163    0.000000    0.945454 v _187_/D (sky130_fd_sc_hd__dfrtp_2)
                                              0.945454   data arrival time

                      0.150000    0.000000    0.000000   clock clk (rise edge)
                                  0.000000    0.000000   clock network delay (ideal)
                                  0.250000    0.250000   clock uncertainty
                                  0.000000    0.250000   clock reconvergence pessimism
                                              0.250000 ^ _187_/CLK (sky130_fd_sc_hd__dfrtp_2)
                                 -0.060794    0.189206   library hold time
                                              0.189206   data required time
---------------------------------------------------------------------------------------------
                                              0.189206   data required time
                                             -0.945454   data arrival time
---------------------------------------------------------------------------------------------
                                              0.756249   slack (MET)


Startpoint: _218_ (rising edge-triggered flip-flop clocked by clk)
Endpoint: _218_ (rising edge-triggered flip-flop clocked by clk)
Path Group: clk
Path Type: min

Fanout         Cap        Slew       Delay        Time   Description
---------------------------------------------------------------------------------------------
                      0.150000    0.000000    0.000000   clock clk (rise edge)
                                  0.000000    0.000000   clock network delay (ideal)
                      0.150000    0.000000    0.000000 ^ _218_/CLK (sky130_fd_sc_hd__dfrtp_2)
     2    0.018784    0.181188    0.827738    0.827738 ^ _218_/Q (sky130_fd_sc_hd__dfrtp_2)
                                                         counter[31] (net)
                      0.181188    0.000000    0.827738 ^ _184_/A (sky130_fd_sc_hd__xor2_2)
     1    0.001838    0.049699    0.153327    0.981065 v _184_/X (sky130_fd_sc_hd__xor2_2)
                                                         _024_ (net)
                      0.049699    0.000000    0.981065 v _218_/D (sky130_fd_sc_hd__dfrtp_2)
                                              0.981065   data arrival time

                      0.150000    0.000000    0.000000   clock clk (rise edge)
                                  0.000000    0.000000   clock network delay (ideal)
                                  0.250000    0.250000   clock uncertainty
                                  0.000000    0.250000   clock reconvergence pessimism
                                              0.250000 ^ _218_/CLK (sky130_fd_sc_hd__dfrtp_2)
                                 -0.062823    0.187177   library hold time
                                              0.187177   data required time
---------------------------------------------------------------------------------------------
                                              0.187177   data required time
                                             -0.981065   data arrival time
---------------------------------------------------------------------------------------------
                                              0.793888   slack (MET)


Startpoint: _217_ (rising edge-triggered flip-flop clocked by clk)
Endpoint: _217_ (rising edge-triggered flip-flop clocked by clk)
Path Group: clk
Path Type: min

Fanout         Cap        Slew       Delay        Time   Description
---------------------------------------------------------------------------------------------
                      0.150000    0.000000    0.000000   clock clk (rise edge)
                                  0.000000    0.000000   clock network delay (ideal)
                      0.150000    0.000000    0.000000 ^ _217_/CLK (sky130_fd_sc_hd__dfrtp_2)
     3    0.020238    0.191144    0.835531    0.835531 ^ _217_/Q (sky130_fd_sc_hd__dfrtp_2)
                                                         counter[30] (net)
                      0.191144    0.000000    0.835531 ^ _183_/A (sky130_fd_sc_hd__xor2_2)
     1    0.001838    0.049717    0.157058    0.992589 v _183_/X (sky130_fd_sc_hd__xor2_2)
                                                         _023_ (net)
                      0.049717    0.000000    0.992589 v _217_/D (sky130_fd_sc_hd__dfrtp_2)
                                              0.992589   data arrival time

                      0.150000    0.000000    0.000000   clock clk (rise edge)
                                  0.000000    0.000000   clock network delay (ideal)
                                  0.250000    0.250000   clock uncertainty
                                  0.000000    0.250000   clock reconvergence pessimism
                                              0.250000 ^ _217_/CLK (sky130_fd_sc_hd__dfrtp_2)
                                 -0.062830    0.187170   library hold time
                                              0.187170   data required time
---------------------------------------------------------------------------------------------
                                              0.187170   data required time
                                             -0.992589   data arrival time
---------------------------------------------------------------------------------------------
                                              0.805419   slack (MET)


Startpoint: _189_ (rising edge-triggered flip-flop clocked by clk)
Endpoint: _189_ (rising edge-triggered flip-flop clocked by clk)
Path Group: clk
Path Type: min

Fanout         Cap        Slew       Delay        Time   Description
---------------------------------------------------------------------------------------------
                      0.150000    0.000000    0.000000   clock clk (rise edge)
                                  0.000000    0.000000   clock network delay (ideal)
                      0.150000    0.000000    0.000000 ^ _189_/CLK (sky130_fd_sc_hd__dfrtp_2)
     4    0.022440    0.206223    0.847332    0.847332 ^ _189_/Q (sky130_fd_sc_hd__dfrtp_2)
                                                         counter[2] (net)
                      0.206223    0.000000    0.847332 ^ _113_/A (sky130_fd_sc_hd__xnor2_2)
     1    0.001838    0.052243    0.167090    1.014423 v _113_/Y (sky130_fd_sc_hd__xnor2_2)
                                                         _022_ (net)
                      0.052243    0.000000    1.014423 v _189_/D (sky130_fd_sc_hd__dfrtp_2)
                                              1.014423   data arrival time

                      0.150000    0.000000    0.000000   clock clk (rise edge)
                                  0.000000    0.000000   clock network delay (ideal)
                                  0.250000    0.250000   clock uncertainty
                                  0.000000    0.250000   clock reconvergence pessimism
                                              0.250000 ^ _189_/CLK (sky130_fd_sc_hd__dfrtp_2)
                                 -0.063755    0.186245   library hold time
                                              0.186245   data required time
---------------------------------------------------------------------------------------------
                                              0.186245   data required time
                                             -1.014423   data arrival time
---------------------------------------------------------------------------------------------
                                              0.828178   slack (MET)


Startpoint: _201_ (rising edge-triggered flip-flop clocked by clk)
Endpoint: _201_ (rising edge-triggered flip-flop clocked by clk)
Path Group: clk
Path Type: min

Fanout         Cap        Slew       Delay        Time   Description
---------------------------------------------------------------------------------------------
                      0.150000    0.000000    0.000000   clock clk (rise edge)
                                  0.000000    0.000000   clock network delay (ideal)
                      0.150000    0.000000    0.000000 ^ _201_/CLK (sky130_fd_sc_hd__dfrtp_2)
     5    0.023609    0.214228    0.853598    0.853598 ^ _201_/Q (sky130_fd_sc_hd__dfrtp_2)
                                                         counter[14] (net)
                      0.214228    0.000000    0.853598 ^ _142_/A (sky130_fd_sc_hd__xor2_2)
     1    0.001838    0.049758    0.165710    1.019308 v _142_/X (sky130_fd_sc_hd__xor2_2)
                                                         _005_ (net)
                      0.049758    0.000000    1.019308 v _201_/D (sky130_fd_sc_hd__dfrtp_2)
                                              1.019308   data arrival time

                      0.150000    0.000000    0.000000   clock clk (rise edge)
                                  0.000000    0.000000   clock network delay (ideal)
                                  0.250000    0.250000   clock uncertainty
                                  0.000000    0.250000   clock reconvergence pessimism
                                              0.250000 ^ _201_/CLK (sky130_fd_sc_hd__dfrtp_2)
                                 -0.062844    0.187156   library hold time
                                              0.187156   data required time
---------------------------------------------------------------------------------------------
                                              0.187156   data required time
                                             -1.019308   data arrival time
---------------------------------------------------------------------------------------------
                                              0.832152   slack (MET)


Startpoint: _192_ (rising edge-triggered flip-flop clocked by clk)
Endpoint: _192_ (rising edge-triggered flip-flop clocked by clk)
Path Group: clk
Path Type: min

Fanout         Cap        Slew       Delay        Time   Description
---------------------------------------------------------------------------------------------
                      0.150000    0.000000    0.000000   clock clk (rise edge)
                                  0.000000    0.000000   clock network delay (ideal)
                      0.150000    0.000000    0.000000 ^ _192_/CLK (sky130_fd_sc_hd__dfrtp_2)
     5    0.023879    0.216077    0.855045    0.855045 ^ _192_/Q (sky130_fd_sc_hd__dfrtp_2)
                                                         counter[5] (net)
                      0.216077    0.000000    0.855045 ^ _119_/A (sky130_fd_sc_hd__xnor2_2)
     1    0.001838    0.051817    0.170559    1.025604 v _119_/Y (sky130_fd_sc_hd__xnor2_2)
                                                         _027_ (net)
                      0.051817    0.000000    1.025604 v _192_/D (sky130_fd_sc_hd__dfrtp_2)
                                              1.025604   data arrival time

                      0.150000    0.000000    0.000000   clock clk (rise edge)
                                  0.000000    0.000000   clock network delay (ideal)
                                  0.250000    0.250000   clock uncertainty
                                  0.000000    0.250000   clock reconvergence pessimism
                                              0.250000 ^ _192_/CLK (sky130_fd_sc_hd__dfrtp_2)
                                 -0.063599    0.186401   library hold time
                                              0.186401   data required time
---------------------------------------------------------------------------------------------
                                              0.186401   data required time
                                             -1.025604   data arrival time
---------------------------------------------------------------------------------------------
                                              0.839202   slack (MET)


Startpoint: _207_ (rising edge-triggered flip-flop clocked by clk)
Endpoint: _207_ (rising edge-triggered flip-flop clocked by clk)
Path Group: clk
Path Type: min

Fanout         Cap        Slew       Delay        Time   Description
---------------------------------------------------------------------------------------------
                      0.150000    0.000000    0.000000   clock clk (rise edge)
                                  0.000000    0.000000   clock network delay (ideal)
                      0.150000    0.000000    0.000000 ^ _207_/CLK (sky130_fd_sc_hd__dfrtp_2)
     5    0.026181    0.231841    0.867382    0.867382 ^ _207_/Q (sky130_fd_sc_hd__dfrtp_2)
                                                         counter[20] (net)
                      0.231841    0.000000    0.867382 ^ _155_/A (sky130_fd_sc_hd__xor2_2)
     1    0.001838    0.049904    0.171559    1.038941 v _155_/X (sky130_fd_sc_hd__xor2_2)
                                                         _012_ (net)
                      0.049904    0.000000    1.038941 v _207_/D (sky130_fd_sc_hd__dfrtp_2)
                                              1.038941   data arrival time

                      0.150000    0.000000    0.000000   clock clk (rise edge)
                                  0.000000    0.000000   clock network delay (ideal)
                                  0.250000    0.250000   clock uncertainty
                                  0.000000    0.250000   clock reconvergence pessimism
                                              0.250000 ^ _207_/CLK (sky130_fd_sc_hd__dfrtp_2)
                                 -0.062898    0.187102   library hold time
                                              0.187102   data required time
---------------------------------------------------------------------------------------------
                                              0.187102   data required time
                                             -1.038941   data arrival time
---------------------------------------------------------------------------------------------
                                              0.851839   slack (MET)


Startpoint: _204_ (rising edge-triggered flip-flop clocked by clk)
Endpoint: _204_ (rising edge-triggered flip-flop clocked by clk)
Path Group: clk
Path Type: min

Fanout         Cap        Slew       Delay        Time   Description
---------------------------------------------------------------------------------------------
                      0.150000    0.000000    0.000000   clock clk (rise edge)
                                  0.000000    0.000000   clock network delay (ideal)
                      0.150000    0.000000    0.000000 ^ _204_/CLK (sky130_fd_sc_hd__dfrtp_2)
     5    0.025960    0.230327    0.866198    0.866198 ^ _204_/Q (sky130_fd_sc_hd__dfrtp_2)
                                                         counter[17] (net)
                      0.230327    0.000000    0.866198 ^ _148_/A (sky130_fd_sc_hd__xnor2_2)
     1    0.001838    0.051875    0.175013    1.041211 v _148_/Y (sky130_fd_sc_hd__xnor2_2)
                                                         _008_ (net)
                      0.051875    0.000000    1.041211 v _204_/D (sky130_fd_sc_hd__dfrtp_2)
                                              1.041211   data arrival time

                      0.150000    0.000000    0.000000   clock clk (rise edge)
                                  0.000000    0.000000   clock network delay (ideal)
                                  0.250000    0.250000   clock uncertainty
                                  0.000000    0.250000   clock reconvergence pessimism
                                              0.250000 ^ _204_/CLK (sky130_fd_sc_hd__dfrtp_2)
                                 -0.063620    0.186380   library hold time
                                              0.186380   data required time
---------------------------------------------------------------------------------------------
                                              0.186380   data required time
                                             -1.041211   data arrival time
---------------------------------------------------------------------------------------------
                                              0.854831   slack (MET)


Startpoint: _211_ (rising edge-triggered flip-flop clocked by clk)
Endpoint: _211_ (rising edge-triggered flip-flop clocked by clk)
Path Group: clk
Path Type: min

Fanout         Cap        Slew       Delay        Time   Description
---------------------------------------------------------------------------------------------
                      0.150000    0.000000    0.000000   clock clk (rise edge)
                                  0.000000    0.000000   clock network delay (ideal)
                      0.150000    0.000000    0.000000 ^ _211_/CLK (sky130_fd_sc_hd__dfrtp_2)
     6    0.027673    0.242057    0.875378    0.875378 ^ _211_/Q (sky130_fd_sc_hd__dfrtp_2)
                                                         counter[24] (net)
                      0.242057    0.000000    0.875378 ^ _168_/A (sky130_fd_sc_hd__xor2_2)
     1    0.001838    0.049889    0.174455    1.049833 v _168_/X (sky130_fd_sc_hd__xor2_2)
                                                         _016_ (net)
                      0.049889    0.000000    1.049833 v _211_/D (sky130_fd_sc_hd__dfrtp_2)
                                              1.049833   data arrival time

                      0.150000    0.000000    0.000000   clock clk (rise edge)
                                  0.000000    0.000000   clock network delay (ideal)
                                  0.250000    0.250000   clock uncertainty
                                  0.000000    0.250000   clock reconvergence pessimism
                                              0.250000 ^ _211_/CLK (sky130_fd_sc_hd__dfrtp_2)
                                 -0.062892    0.187108   library hold time
                                              0.187108   data required time
---------------------------------------------------------------------------------------------
                                              0.187108   data required time
                                             -1.049833   data arrival time
---------------------------------------------------------------------------------------------
                                              0.862726   slack (MET)


Startpoint: _215_ (rising edge-triggered flip-flop clocked by clk)
Endpoint: _215_ (rising edge-triggered flip-flop clocked by clk)
Path Group: clk
Path Type: min

Fanout         Cap        Slew       Delay        Time   Description
---------------------------------------------------------------------------------------------
                      0.150000    0.000000    0.000000   clock clk (rise edge)
                                  0.000000    0.000000   clock network delay (ideal)
                      0.150000    0.000000    0.000000 ^ _215_/CLK (sky130_fd_sc_hd__dfrtp_2)
     4    0.016878    0.168372    0.815081    0.815081 ^ _215_/Q (sky130_fd_sc_hd__dfrtp_2)
                                                         counter[28] (net)
                      0.168372    0.000000    0.815081 ^ _176_/B1 (sky130_fd_sc_hd__a21oi_2)
     1    0.004246    0.056900    0.094918    0.909999 v _176_/Y (sky130_fd_sc_hd__a21oi_2)
                                                         _072_ (net)
                      0.056900    0.000000    0.909999 v _178_/A (sky130_fd_sc_hd__nor2_2)
     1    0.001853    0.086815    0.138313    1.048312 ^ _178_/Y (sky130_fd_sc_hd__nor2_2)
                                                         _020_ (net)
                      0.086815    0.000000    1.048312 ^ _215_/D (sky130_fd_sc_hd__dfrtp_2)
                                              1.048312   data arrival time

                      0.150000    0.000000    0.000000   clock clk (rise edge)
                                  0.000000    0.000000   clock network delay (ideal)
                                  0.250000    0.250000   clock uncertainty
                                  0.000000    0.250000   clock reconvergence pessimism
                                              0.250000 ^ _215_/CLK (sky130_fd_sc_hd__dfrtp_2)
                                 -0.067592    0.182408   library hold time
                                              0.182408   data required time
---------------------------------------------------------------------------------------------
                                              0.182408   data required time
                                             -1.048312   data arrival time
---------------------------------------------------------------------------------------------
                                              0.865904   slack (MET)


Startpoint: _208_ (rising edge-triggered flip-flop clocked by clk)
Endpoint: _208_ (rising edge-triggered flip-flop clocked by clk)
Path Group: clk
Path Type: min

Fanout         Cap        Slew       Delay        Time   Description
---------------------------------------------------------------------------------------------
                      0.150000    0.000000    0.000000   clock clk (rise edge)
                                  0.000000    0.000000   clock network delay (ideal)
                      0.150000    0.000000    0.000000 ^ _208_/CLK (sky130_fd_sc_hd__dfrtp_2)
     4    0.016922    0.168667    0.815382    0.815382 ^ _208_/Q (sky130_fd_sc_hd__dfrtp_2)
                                                         counter[21] (net)
                      0.168667    0.000000    0.815382 ^ _156_/B1 (sky130_fd_sc_hd__a21oi_2)
     1    0.004185    0.056785    0.094755    0.910138 v _156_/Y (sky130_fd_sc_hd__a21oi_2)
                                                         _059_ (net)
                      0.056785    0.000000    0.910138 v _158_/B1 (sky130_fd_sc_hd__a21oi_2)
     1    0.001853    0.097455    0.137688    1.047826 ^ _158_/Y (sky130_fd_sc_hd__a21oi_2)
                                                         _013_ (net)
                      0.097455    0.000000    1.047826 ^ _208_/D (sky130_fd_sc_hd__dfrtp_2)
                                              1.047826   data arrival time

                      0.150000    0.000000    0.000000   clock clk (rise edge)
                                  0.000000    0.000000   clock network delay (ideal)
                                  0.250000    0.250000   clock uncertainty
                                  0.000000    0.250000   clock reconvergence pessimism
                                              0.250000 ^ _208_/CLK (sky130_fd_sc_hd__dfrtp_2)
                                 -0.070010    0.179990   library hold time
                                              0.179990   data required time
---------------------------------------------------------------------------------------------
                                              0.179990   data required time
                                             -1.047826   data arrival time
---------------------------------------------------------------------------------------------
                                              0.867836   slack (MET)


Startpoint: _194_ (rising edge-triggered flip-flop clocked by clk)
Endpoint: _194_ (rising edge-triggered flip-flop clocked by clk)
Path Group: clk
Path Type: min

Fanout         Cap        Slew       Delay        Time   Description
---------------------------------------------------------------------------------------------
                      0.150000    0.000000    0.000000   clock clk (rise edge)
                                  0.000000    0.000000   clock network delay (ideal)
                      0.150000    0.000000    0.000000 ^ _194_/CLK (sky130_fd_sc_hd__dfrtp_2)
     3    0.013346    0.144694    0.790894    0.790894 ^ _194_/Q (sky130_fd_sc_hd__dfrtp_2)
                                                         counter[7] (net)
                      0.144694    0.000000    0.790894 ^ _125_/A1 (sky130_fd_sc_hd__o21a_2)
     1    0.001853    0.048190    0.269050    1.059944 ^ _125_/X (sky130_fd_sc_hd__o21a_2)
                                                         _029_ (net)
                      0.048190    0.000000    1.059944 ^ _194_/D (sky130_fd_sc_hd__dfrtp_2)
                                              1.059944   data arrival time

                      0.150000    0.000000    0.000000   clock clk (rise edge)
                                  0.000000    0.000000   clock network delay (ideal)
                                  0.250000    0.250000   clock uncertainty
                                  0.000000    0.250000   clock reconvergence pessimism
                                              0.250000 ^ _194_/CLK (sky130_fd_sc_hd__dfrtp_2)
                                 -0.058816    0.191184   library hold time
                                              0.191184   data required time
---------------------------------------------------------------------------------------------
                                              0.191184   data required time
                                             -1.059944   data arrival time
---------------------------------------------------------------------------------------------
                                              0.868760   slack (MET)


Startpoint: _191_ (rising edge-triggered flip-flop clocked by clk)
Endpoint: _191_ (rising edge-triggered flip-flop clocked by clk)
Path Group: clk
Path Type: min

Fanout         Cap        Slew       Delay        Time   Description
---------------------------------------------------------------------------------------------
                      0.150000    0.000000    0.000000   clock clk (rise edge)
                                  0.000000    0.000000   clock network delay (ideal)
                      0.150000    0.000000    0.000000 ^ _191_/CLK (sky130_fd_sc_hd__dfrtp_2)
     6    0.028699    0.249083    0.880877    0.880877 ^ _191_/Q (sky130_fd_sc_hd__dfrtp_2)
                                                         counter[4] (net)
                      0.249083    0.000000    0.880877 ^ _118_/A (sky130_fd_sc_hd__xor2_2)
     1    0.001838    0.049921    0.176446    1.057324 v _118_/X (sky130_fd_sc_hd__xor2_2)
                                                         _026_ (net)
                      0.049921    0.000000    1.057324 v _191_/D (sky130_fd_sc_hd__dfrtp_2)
                                              1.057324   data arrival time

                      0.150000    0.000000    0.000000   clock clk (rise edge)
                                  0.000000    0.000000   clock network delay (ideal)
                                  0.250000    0.250000   clock uncertainty
                                  0.000000    0.250000   clock reconvergence pessimism
                                              0.250000 ^ _191_/CLK (sky130_fd_sc_hd__dfrtp_2)
                                 -0.062904    0.187096   library hold time
                                              0.187096   data required time
---------------------------------------------------------------------------------------------
                                              0.187096   data required time
                                             -1.057324   data arrival time
---------------------------------------------------------------------------------------------
                                              0.870228   slack (MET)


Startpoint: _195_ (rising edge-triggered flip-flop clocked by clk)
Endpoint: _195_ (rising edge-triggered flip-flop clocked by clk)
Path Group: clk
Path Type: min

Fanout         Cap        Slew       Delay        Time   Description
---------------------------------------------------------------------------------------------
                      0.150000    0.000000    0.000000   clock clk (rise edge)
                                  0.000000    0.000000   clock network delay (ideal)
                      0.150000    0.000000    0.000000 ^ _195_/CLK (sky130_fd_sc_hd__dfrtp_2)
     6    0.028729    0.249289    0.881038    0.881038 ^ _195_/Q (sky130_fd_sc_hd__dfrtp_2)
                                                         counter[8] (net)
                      0.249289    0.000000    0.881038 ^ _126_/A (sky130_fd_sc_hd__xnor2_2)
     1    0.001838    0.054560    0.180104    1.061142 v _126_/Y (sky130_fd_sc_hd__xnor2_2)
                                                         _030_ (net)
                      0.054560    0.000000    1.061142 v _195_/D (sky130_fd_sc_hd__dfrtp_2)
                                              1.061142   data arrival time

                      0.150000    0.000000    0.000000   clock clk (rise edge)
                                  0.000000    0.000000   clock network delay (ideal)
                                  0.250000    0.250000   clock uncertainty
                                  0.000000    0.250000   clock reconvergence pessimism
                                              0.250000 ^ _195_/CLK (sky130_fd_sc_hd__dfrtp_2)
                                 -0.064604    0.185396   library hold time
                                              0.185396   data required time
---------------------------------------------------------------------------------------------
                                              0.185396   data required time
                                             -1.061142   data arrival time
---------------------------------------------------------------------------------------------
                                              0.875746   slack (MET)


Startpoint: _199_ (rising edge-triggered flip-flop clocked by clk)
Endpoint: _199_ (rising edge-triggered flip-flop clocked by clk)
Path Group: clk
Path Type: min

Fanout         Cap        Slew       Delay        Time   Description
---------------------------------------------------------------------------------------------
                      0.150000    0.000000    0.000000   clock clk (rise edge)
                                  0.000000    0.000000   clock network delay (ideal)
                      0.150000    0.000000    0.000000 ^ _199_/CLK (sky130_fd_sc_hd__dfrtp_2)
     7    0.029526    0.254746    0.885310    0.885310 ^ _199_/Q (sky130_fd_sc_hd__dfrtp_2)
                                                         counter[12] (net)
                      0.254746    0.000000    0.885310 ^ _137_/A (sky130_fd_sc_hd__xor2_2)
     1    0.001838    0.049853    0.178052    1.063361 v _137_/X (sky130_fd_sc_hd__xor2_2)
                                                         _003_ (net)
                      0.049853    0.000000    1.063361 v _199_/D (sky130_fd_sc_hd__dfrtp_2)
                                              1.063361   data arrival time

                      0.150000    0.000000    0.000000   clock clk (rise edge)
                                  0.000000    0.000000   clock network delay (ideal)
                                  0.250000    0.250000   clock uncertainty
                                  0.000000    0.250000   clock reconvergence pessimism
                                              0.250000 ^ _199_/CLK (sky130_fd_sc_hd__dfrtp_2)
                                 -0.062879    0.187121   library hold time
                                              0.187121   data required time
---------------------------------------------------------------------------------------------
                                              0.187121   data required time
                                             -1.063361   data arrival time
---------------------------------------------------------------------------------------------
                                              0.876240   slack (MET)


Startpoint: _205_ (rising edge-triggered flip-flop clocked by clk)
Endpoint: _205_ (rising edge-triggered flip-flop clocked by clk)
Path Group: clk
Path Type: min

Fanout         Cap        Slew       Delay        Time   Description
---------------------------------------------------------------------------------------------
                      0.150000    0.000000    0.000000   clock clk (rise edge)
                                  0.000000    0.000000   clock network delay (ideal)
                      0.150000    0.000000    0.000000 ^ _205_/CLK (sky130_fd_sc_hd__dfrtp_2)
     4    0.017042    0.169471    0.816204    0.816204 ^ _205_/Q (sky130_fd_sc_hd__dfrtp_2)
                                                         counter[18] (net)
                      0.169471    0.000000    0.816204 ^ _149_/B1 (sky130_fd_sc_hd__a31oi_2)
     1    0.004246    0.061105    0.102382    0.918586 v _149_/Y (sky130_fd_sc_hd__a31oi_2)
                                                         _055_ (net)
                      0.061105    0.000000    0.918586 v _151_/A (sky130_fd_sc_hd__nor2_2)
     1    0.001853    0.086801    0.140177    1.058763 ^ _151_/Y (sky130_fd_sc_hd__nor2_2)
                                                         _009_ (net)
                      0.086801    0.000000    1.058763 ^ _205_/D (sky130_fd_sc_hd__dfrtp_2)
                                              1.058763   data arrival time

                      0.150000    0.000000    0.000000   clock clk (rise edge)
                                  0.000000    0.000000   clock network delay (ideal)
                                  0.250000    0.250000   clock uncertainty
                                  0.000000    0.250000   clock reconvergence pessimism
                                              0.250000 ^ _205_/CLK (sky130_fd_sc_hd__dfrtp_2)
                                 -0.067589    0.182411   library hold time
                                              0.182411   data required time
---------------------------------------------------------------------------------------------
                                              0.182411   data required time
                                             -1.058763   data arrival time
---------------------------------------------------------------------------------------------
                                              0.876352   slack (MET)


Startpoint: _209_ (rising edge-triggered flip-flop clocked by clk)
Endpoint: _209_ (rising edge-triggered flip-flop clocked by clk)
Path Group: clk
Path Type: min

Fanout         Cap        Slew       Delay        Time   Description
---------------------------------------------------------------------------------------------
                      0.150000    0.000000    0.000000   clock clk (rise edge)
                                  0.000000    0.000000   clock network delay (ideal)
                      0.150000    0.000000    0.000000 ^ _209_/CLK (sky130_fd_sc_hd__dfrtp_2)
     5    0.018388    0.178495    0.825421    0.825421 ^ _209_/Q (sky130_fd_sc_hd__dfrtp_2)
                                                         counter[22] (net)
                      0.178495    0.000000    0.825421 ^ _159_/B1 (sky130_fd_sc_hd__a21oi_2)
     1    0.004246    0.059184    0.098185    0.923606 v _159_/Y (sky130_fd_sc_hd__a21oi_2)
                                                         _061_ (net)
                      0.059184    0.000000    0.923606 v _161_/A (sky130_fd_sc_hd__nor2_2)
     1    0.001853    0.086817    0.139325    1.062932 ^ _161_/Y (sky130_fd_sc_hd__nor2_2)
                                                         _014_ (net)
                      0.086817    0.000000    1.062932 ^ _209_/D (sky130_fd_sc_hd__dfrtp_2)
                                              1.062932   data arrival time

                      0.150000    0.000000    0.000000   clock clk (rise edge)
                                  0.000000    0.000000   clock network delay (ideal)
                                  0.250000    0.250000   clock uncertainty
                                  0.000000    0.250000   clock reconvergence pessimism
                                              0.250000 ^ _209_/CLK (sky130_fd_sc_hd__dfrtp_2)
                                 -0.067593    0.182407   library hold time
                                              0.182407   data required time
---------------------------------------------------------------------------------------------
                                              0.182407   data required time
                                             -1.062932   data arrival time
---------------------------------------------------------------------------------------------
                                              0.880524   slack (MET)


Startpoint: _212_ (rising edge-triggered flip-flop clocked by clk)
Endpoint: _212_ (rising edge-triggered flip-flop clocked by clk)
Path Group: clk
Path Type: min

Fanout         Cap        Slew       Delay        Time   Description
---------------------------------------------------------------------------------------------
                      0.150000    0.000000    0.000000   clock clk (rise edge)
                                  0.000000    0.000000   clock network delay (ideal)
                      0.150000    0.000000    0.000000 ^ _212_/CLK (sky130_fd_sc_hd__dfrtp_2)
     5    0.018522    0.179393    0.826334    0.826334 ^ _212_/Q (sky130_fd_sc_hd__dfrtp_2)
                                                         counter[25] (net)
                      0.179393    0.000000    0.826334 ^ _169_/B1 (sky130_fd_sc_hd__a21oi_2)
     1    0.004246    0.059387    0.098475    0.924809 v _169_/Y (sky130_fd_sc_hd__a21oi_2)
                                                         _068_ (net)
                      0.059387    0.000000    0.924809 v _171_/A (sky130_fd_sc_hd__nor2_2)
     1    0.001853    0.086825    0.139415    1.064224 ^ _171_/Y (sky130_fd_sc_hd__nor2_2)
                                                         _017_ (net)
                      0.086825    0.000000    1.064224 ^ _212_/D (sky130_fd_sc_hd__dfrtp_2)
                                              1.064224   data arrival time

                      0.150000    0.000000    0.000000   clock clk (rise edge)
                                  0.000000    0.000000   clock network delay (ideal)
                                  0.250000    0.250000   clock uncertainty
                                  0.000000    0.250000   clock reconvergence pessimism
                                              0.250000 ^ _212_/CLK (sky130_fd_sc_hd__dfrtp_2)
                                 -0.067594    0.182406   library hold time
                                              0.182406   data required time
---------------------------------------------------------------------------------------------
                                              0.182406   data required time
                                             -1.064224   data arrival time
---------------------------------------------------------------------------------------------
                                              0.881819   slack (MET)


Startpoint: _203_ (rising edge-triggered flip-flop clocked by clk)
Endpoint: _203_ (rising edge-triggered flip-flop clocked by clk)
Path Group: clk
Path Type: min

Fanout         Cap        Slew       Delay        Time   Description
---------------------------------------------------------------------------------------------
                      0.150000    0.000000    0.000000   clock clk (rise edge)
                                  0.000000    0.000000   clock network delay (ideal)
                      0.150000    0.000000    0.000000 ^ _203_/CLK (sky130_fd_sc_hd__dfrtp_2)
     6    0.030833    0.263696    0.892314    0.892314 ^ _203_/Q (sky130_fd_sc_hd__dfrtp_2)
                                                         counter[16] (net)
                      0.263696    0.000000    0.892314 ^ _147_/A (sky130_fd_sc_hd__xor2_2)
     1    0.001838    0.049853    0.180588    1.072903 v _147_/X (sky130_fd_sc_hd__xor2_2)
                                                         _007_ (net)
                      0.049853    0.000000    1.072903 v _203_/D (sky130_fd_sc_hd__dfrtp_2)
                                              1.072903   data arrival time

                      0.150000    0.000000    0.000000   clock clk (rise edge)
                                  0.000000    0.000000   clock network delay (ideal)
                                  0.250000    0.250000   clock uncertainty
                                  0.000000    0.250000   clock reconvergence pessimism
                                              0.250000 ^ _203_/CLK (sky130_fd_sc_hd__dfrtp_2)
                                 -0.062879    0.187121   library hold time
                                              0.187121   data required time
---------------------------------------------------------------------------------------------
                                              0.187121   data required time
                                             -1.072903   data arrival time
---------------------------------------------------------------------------------------------
                                              0.885782   slack (MET)


Startpoint: _216_ (rising edge-triggered flip-flop clocked by clk)
Endpoint: _216_ (rising edge-triggered flip-flop clocked by clk)
Path Group: clk
Path Type: min

Fanout         Cap        Slew       Delay        Time   Description
---------------------------------------------------------------------------------------------
                      0.150000    0.000000    0.000000   clock clk (rise edge)
                                  0.000000    0.000000   clock network delay (ideal)
                      0.150000    0.000000    0.000000 ^ _216_/CLK (sky130_fd_sc_hd__dfrtp_2)
     3    0.013348    0.144708    0.790908    0.790908 ^ _216_/Q (sky130_fd_sc_hd__dfrtp_2)
                                                         counter[29] (net)
                      0.144708    0.000000    0.790908 ^ _181_/A1 (sky130_fd_sc_hd__o21ba_2)
     1    0.001853    0.053094    0.290767    1.081675 ^ _181_/X (sky130_fd_sc_hd__o21ba_2)
                                                         _021_ (net)
                      0.053094    0.000000    1.081675 ^ _216_/D (sky130_fd_sc_hd__dfrtp_2)
                                              1.081675   data arrival time

                      0.150000    0.000000    0.000000   clock clk (rise edge)
                                  0.000000    0.000000   clock network delay (ideal)
                                  0.250000    0.250000   clock uncertainty
                                  0.000000    0.250000   clock reconvergence pessimism
                                              0.250000 ^ _216_/CLK (sky130_fd_sc_hd__dfrtp_2)
                                 -0.059930    0.190070   library hold time
                                              0.190070   data required time
---------------------------------------------------------------------------------------------
                                              0.190070   data required time
                                             -1.081675   data arrival time
---------------------------------------------------------------------------------------------
                                              0.891605   slack (MET)


Startpoint: _206_ (rising edge-triggered flip-flop clocked by clk)
Endpoint: _206_ (rising edge-triggered flip-flop clocked by clk)
Path Group: clk
Path Type: min

Fanout         Cap        Slew       Delay        Time   Description
---------------------------------------------------------------------------------------------
                      0.150000    0.000000    0.000000   clock clk (rise edge)
                                  0.000000    0.000000   clock network delay (ideal)
                      0.150000    0.000000    0.000000 ^ _206_/CLK (sky130_fd_sc_hd__dfrtp_2)
     3    0.013406    0.145096    0.791305    0.791305 ^ _206_/Q (sky130_fd_sc_hd__dfrtp_2)
                                                         counter[19] (net)
                      0.145096    0.000000    0.791305 ^ _154_/A1 (sky130_fd_sc_hd__o21ba_2)
     1    0.001853    0.053018    0.290910    1.082215 ^ _154_/X (sky130_fd_sc_hd__o21ba_2)
                                                         _010_ (net)
                      0.053018    0.000000    1.082215 ^ _206_/D (sky130_fd_sc_hd__dfrtp_2)
                                              1.082215   data arrival time

                      0.150000    0.000000    0.000000   clock clk (rise edge)
                                  0.000000    0.000000   clock network delay (ideal)
                                  0.250000    0.250000   clock uncertainty
                                  0.000000    0.250000   clock reconvergence pessimism
                                              0.250000 ^ _206_/CLK (sky130_fd_sc_hd__dfrtp_2)
                                 -0.059913    0.190087   library hold time
                                              0.190087   data required time
---------------------------------------------------------------------------------------------
                                              0.190087   data required time
                                             -1.082215   data arrival time
---------------------------------------------------------------------------------------------
                                              0.892128   slack (MET)


Startpoint: _200_ (rising edge-triggered flip-flop clocked by clk)
Endpoint: _200_ (rising edge-triggered flip-flop clocked by clk)
Path Group: clk
Path Type: min

Fanout         Cap        Slew       Delay        Time   Description
---------------------------------------------------------------------------------------------
                      0.150000    0.000000    0.000000   clock clk (rise edge)
                                  0.000000    0.000000   clock network delay (ideal)
                      0.150000    0.000000    0.000000 ^ _200_/CLK (sky130_fd_sc_hd__dfrtp_2)
     6    0.020375    0.192082    0.836265    0.836265 ^ _200_/Q (sky130_fd_sc_hd__dfrtp_2)
                                                         counter[13] (net)
                      0.192082    0.000000    0.836265 ^ _138_/B1 (sky130_fd_sc_hd__a21oi_2)
     1    0.004246    0.062250    0.102571    0.938836 v _138_/Y (sky130_fd_sc_hd__a21oi_2)
                                                         _049_ (net)
                      0.062250    0.000000    0.938836 v _140_/A (sky130_fd_sc_hd__nor2_2)
     1    0.001853    0.087194    0.140684    1.079520 ^ _140_/Y (sky130_fd_sc_hd__nor2_2)
                                                         _004_ (net)
                      0.087194    0.000000    1.079520 ^ _200_/D (sky130_fd_sc_hd__dfrtp_2)
                                              1.079520   data arrival time

                      0.150000    0.000000    0.000000   clock clk (rise edge)
                                  0.000000    0.000000   clock network delay (ideal)
                                  0.250000    0.250000   clock uncertainty
                                  0.000000    0.250000   clock reconvergence pessimism
                                              0.250000 ^ _200_/CLK (sky130_fd_sc_hd__dfrtp_2)
                                 -0.067678    0.182322   library hold time
                                              0.182322   data required time
---------------------------------------------------------------------------------------------
                                              0.182322   data required time
                                             -1.079520   data arrival time
---------------------------------------------------------------------------------------------
                                              0.897198   slack (MET)


Startpoint: _198_ (rising edge-triggered flip-flop clocked by clk)
Endpoint: _198_ (rising edge-triggered flip-flop clocked by clk)
Path Group: clk
Path Type: min

Fanout         Cap        Slew       Delay        Time   Description
---------------------------------------------------------------------------------------------
                      0.150000    0.000000    0.000000   clock clk (rise edge)
                                  0.000000    0.000000   clock network delay (ideal)
                      0.150000    0.000000    0.000000 ^ _198_/CLK (sky130_fd_sc_hd__dfrtp_2)
     8    0.022994    0.210017    0.850302    0.850302 ^ _198_/Q (sky130_fd_sc_hd__dfrtp_2)
                                                         counter[11] (net)
                      0.210017    0.000000    0.850302 ^ _135_/A (sky130_fd_sc_hd__nor2_2)
     1    0.004181    0.056181    0.127803    0.978105 v _135_/Y (sky130_fd_sc_hd__nor2_2)
                                                         _048_ (net)
                      0.056181    0.000000    0.978105 v _136_/B (sky130_fd_sc_hd__nor2_2)
     1    0.001853    0.086334    0.101640    1.079745 ^ _136_/Y (sky130_fd_sc_hd__nor2_2)
                                                         _002_ (net)
                      0.086334    0.000000    1.079745 ^ _198_/D (sky130_fd_sc_hd__dfrtp_2)
                                              1.079745   data arrival time

                      0.150000    0.000000    0.000000   clock clk (rise edge)
                                  0.000000    0.000000   clock network delay (ideal)
                                  0.250000    0.250000   clock uncertainty
                                  0.000000    0.250000   clock reconvergence pessimism
                                              0.250000 ^ _198_/CLK (sky130_fd_sc_hd__dfrtp_2)
                                 -0.067483    0.182517   library hold time
                                              0.182517   data required time
---------------------------------------------------------------------------------------------
                                              0.182517   data required time
                                             -1.079745   data arrival time
---------------------------------------------------------------------------------------------
                                              0.897228   slack (MET)


Startpoint: _213_ (rising edge-triggered flip-flop clocked by clk)
Endpoint: _213_ (rising edge-triggered flip-flop clocked by clk)
Path Group: clk
Path Type: min

Fanout         Cap        Slew       Delay        Time   Description
---------------------------------------------------------------------------------------------
                      0.150000    0.000000    0.000000   clock clk (rise edge)
                                  0.000000    0.000000   clock network delay (ideal)
                      0.150000    0.000000    0.000000 ^ _213_/CLK (sky130_fd_sc_hd__dfrtp_2)
     4    0.014860    0.154844    0.801262    0.801262 ^ _213_/Q (sky130_fd_sc_hd__dfrtp_2)
                                                         counter[26] (net)
                      0.154844    0.000000    0.801262 ^ _173_/A1 (sky130_fd_sc_hd__o21ba_2)
     1    0.001853    0.053094    0.294503    1.095765 ^ _173_/X (sky130_fd_sc_hd__o21ba_2)
                                                         _018_ (net)
                      0.053094    0.000000    1.095765 ^ _213_/D (sky130_fd_sc_hd__dfrtp_2)
                                              1.095765   data arrival time

                      0.150000    0.000000    0.000000   clock clk (rise edge)
                                  0.000000    0.000000   clock network delay (ideal)
                                  0.250000    0.250000   clock uncertainty
                                  0.000000    0.250000   clock reconvergence pessimism
                                              0.250000 ^ _213_/CLK (sky130_fd_sc_hd__dfrtp_2)
                                 -0.059930    0.190070   library hold time
                                              0.190070   data required time
---------------------------------------------------------------------------------------------
                                              0.190070   data required time
                                             -1.095765   data arrival time
---------------------------------------------------------------------------------------------
                                              0.905695   slack (MET)


Startpoint: _210_ (rising edge-triggered flip-flop clocked by clk)
Endpoint: _210_ (rising edge-triggered flip-flop clocked by clk)
Path Group: clk
Path Type: min

Fanout         Cap        Slew       Delay        Time   Description
---------------------------------------------------------------------------------------------
                      0.150000    0.000000    0.000000   clock clk (rise edge)
                                  0.000000    0.000000   clock network delay (ideal)
                      0.150000    0.000000    0.000000 ^ _210_/CLK (sky130_fd_sc_hd__dfrtp_2)
     4    0.014891    0.155052    0.801474    0.801474 ^ _210_/Q (sky130_fd_sc_hd__dfrtp_2)
                                                         counter[23] (net)
                      0.155052    0.000000    0.801474 ^ _167_/A1 (sky130_fd_sc_hd__o21ba_2)
     1    0.001853    0.053093    0.294580    1.096054 ^ _167_/X (sky130_fd_sc_hd__o21ba_2)
                                                         _015_ (net)
                      0.053093    0.000000    1.096054 ^ _210_/D (sky130_fd_sc_hd__dfrtp_2)
                                              1.096054   data arrival time

                      0.150000    0.000000    0.000000   clock clk (rise edge)
                                  0.000000    0.000000   clock network delay (ideal)
                                  0.250000    0.250000   clock uncertainty
                                  0.000000    0.250000   clock reconvergence pessimism
                                              0.250000 ^ _210_/CLK (sky130_fd_sc_hd__dfrtp_2)
                                 -0.059930    0.190070   library hold time
                                              0.190070   data required time
---------------------------------------------------------------------------------------------
                                              0.190070   data required time
                                             -1.096054   data arrival time
---------------------------------------------------------------------------------------------
                                              0.905984   slack (MET)


Startpoint: _214_ (rising edge-triggered flip-flop clocked by clk)
Endpoint: _214_ (rising edge-triggered flip-flop clocked by clk)
Path Group: clk
Path Type: min

Fanout         Cap        Slew       Delay        Time   Description
---------------------------------------------------------------------------------------------
                      0.150000    0.000000    0.000000   clock clk (rise edge)
                                  0.000000    0.000000   clock network delay (ideal)
                      0.150000    0.000000    0.000000 ^ _214_/CLK (sky130_fd_sc_hd__dfrtp_2)
     3    0.012866    0.141476    0.787607    0.787607 ^ _214_/Q (sky130_fd_sc_hd__dfrtp_2)
                                                         counter[27] (net)
                      0.141476    0.000000    0.787607 ^ _175_/B2 (sky130_fd_sc_hd__o2bb2a_2)
     1    0.001853    0.062106    0.308911    1.096519 ^ _175_/X (sky130_fd_sc_hd__o2bb2a_2)
                                                         _019_ (net)
                      0.062106    0.000000    1.096519 ^ _214_/D (sky130_fd_sc_hd__dfrtp_2)
                                              1.096519   data arrival time

                      0.150000    0.000000    0.000000   clock clk (rise edge)
                                  0.000000    0.000000   clock network delay (ideal)
                                  0.250000    0.250000   clock uncertainty
                                  0.000000    0.250000   clock reconvergence pessimism
                                              0.250000 ^ _214_/CLK (sky130_fd_sc_hd__dfrtp_2)
                                 -0.061978    0.188022   library hold time
                                              0.188022   data required time
---------------------------------------------------------------------------------------------
                                              0.188022   data required time
                                             -1.096519   data arrival time
---------------------------------------------------------------------------------------------
                                              0.908496   slack (MET)


Startpoint: _202_ (rising edge-triggered flip-flop clocked by clk)
Endpoint: _202_ (rising edge-triggered flip-flop clocked by clk)
Path Group: clk
Path Type: min

Fanout         Cap        Slew       Delay        Time   Description
---------------------------------------------------------------------------------------------
                      0.150000    0.000000    0.000000   clock clk (rise edge)
                                  0.000000    0.000000   clock network delay (ideal)
                      0.150000    0.000000    0.000000 ^ _202_/CLK (sky130_fd_sc_hd__dfrtp_2)
     4    0.015259    0.157519    0.803994    0.803994 ^ _202_/Q (sky130_fd_sc_hd__dfrtp_2)
                                                         counter[15] (net)
                      0.157519    0.000000    0.803994 ^ _145_/A1 (sky130_fd_sc_hd__o21ba_2)
     1    0.001853    0.053168    0.295489    1.099483 ^ _145_/X (sky130_fd_sc_hd__o21ba_2)
                                                         _006_ (net)
                      0.053168    0.000000    1.099483 ^ _202_/D (sky130_fd_sc_hd__dfrtp_2)
                                              1.099483   data arrival time

                      0.150000    0.000000    0.000000   clock clk (rise edge)
                                  0.000000    0.000000   clock network delay (ideal)
                                  0.250000    0.250000   clock uncertainty
                                  0.000000    0.250000   clock reconvergence pessimism
                                              0.250000 ^ _202_/CLK (sky130_fd_sc_hd__dfrtp_2)
                                 -0.059947    0.190053   library hold time
                                              0.190053   data required time
---------------------------------------------------------------------------------------------
                                              0.190053   data required time
                                             -1.099483   data arrival time
---------------------------------------------------------------------------------------------
                                              0.909430   slack (MET)


Startpoint: _186_ (rising edge-triggered flip-flop clocked by clk)
Endpoint: _186_ (rising edge-triggered flip-flop clocked by clk)
Path Group: clk
Path Type: min

Fanout         Cap        Slew       Delay        Time   Description
---------------------------------------------------------------------------------------------
                      0.150000    0.000000    0.000000   clock clk (rise edge)
                                  0.000000    0.000000   clock network delay (ideal)
                      0.150000    0.000000    0.000000 ^ _186_/CLK (sky130_fd_sc_hd__dfrtp_2)
     2    0.042834    0.345877    0.956633    0.956633 ^ _186_/Q (sky130_fd_sc_hd__dfrtp_2)
                                                         uart_tx (net)
                      0.345877    0.000000    0.956633 ^ _185_/A (sky130_fd_sc_hd__xor2_2)
     1    0.001838    0.049662    0.203882    1.160515 v _185_/X (sky130_fd_sc_hd__xor2_2)
                                                         _032_ (net)
                      0.049662    0.000000    1.160515 v _186_/D (sky130_fd_sc_hd__dfrtp_2)
                                              1.160515   data arrival time

                      0.150000    0.000000    0.000000   clock clk (rise edge)
                                  0.000000    0.000000   clock network delay (ideal)
                                  0.250000    0.250000   clock uncertainty
                                  0.000000    0.250000   clock reconvergence pessimism
                                              0.250000 ^ _186_/CLK (sky130_fd_sc_hd__dfrtp_2)
                                 -0.062809    0.187191   library hold time
                                              0.187191   data required time
---------------------------------------------------------------------------------------------
                                              0.187191   data required time
                                             -1.160515   data arrival time
---------------------------------------------------------------------------------------------
                                              0.973324   slack (MET)


Startpoint: _190_ (rising edge-triggered flip-flop clocked by clk)
Endpoint: _190_ (rising edge-triggered flip-flop clocked by clk)
Path Group: clk
Path Type: min

Fanout         Cap        Slew       Delay        Time   Description
---------------------------------------------------------------------------------------------
                      0.150000    0.000000    0.000000   clock clk (rise edge)
                                  0.000000    0.000000   clock network delay (ideal)
                      0.150000    0.000000    0.000000 ^ _190_/CLK (sky130_fd_sc_hd__dfrtp_2)
     3    0.013405    0.145090    0.791298    0.791298 ^ _190_/Q (sky130_fd_sc_hd__dfrtp_2)
                                                         counter[3] (net)
                      0.145090    0.000000    0.791298 ^ _115_/B1 (sky130_fd_sc_hd__a31o_2)
     1    0.001604    0.046855    0.186731    0.978029 ^ _115_/X (sky130_fd_sc_hd__a31o_2)
                                                         _036_ (net)
                      0.046855    0.000000    0.978029 ^ _116_/B (sky130_fd_sc_hd__and2b_2)
     1    0.001853    0.057673    0.244299    1.222328 ^ _116_/X (sky130_fd_sc_hd__and2b_2)
                                                         _025_ (net)
                      0.057673    0.000000    1.222328 ^ _190_/D (sky130_fd_sc_hd__dfrtp_2)
                                              1.222328   data arrival time

                      0.150000    0.000000    0.000000   clock clk (rise edge)
                                  0.000000    0.000000   clock network delay (ideal)
                                  0.250000    0.250000   clock uncertainty
                                  0.000000    0.250000   clock reconvergence pessimism
                                              0.250000 ^ _190_/CLK (sky130_fd_sc_hd__dfrtp_2)
                                 -0.060971    0.189029   library hold time
                                              0.189029   data required time
---------------------------------------------------------------------------------------------
                                              0.189029   data required time
                                             -1.222328   data arrival time
---------------------------------------------------------------------------------------------
                                              1.033299   slack (MET)


Startpoint: _197_ (rising edge-triggered flip-flop clocked by clk)
Endpoint: _197_ (rising edge-triggered flip-flop clocked by clk)
Path Group: clk
Path Type: min

Fanout         Cap        Slew       Delay        Time   Description
---------------------------------------------------------------------------------------------
                      0.150000    0.000000    0.000000   clock clk (rise edge)
                                  0.000000    0.000000   clock network delay (ideal)
                      0.150000    0.000000    0.000000 ^ _197_/CLK (sky130_fd_sc_hd__dfrtp_2)
     4    0.014056    0.149454    0.795756    0.795756 ^ _197_/Q (sky130_fd_sc_hd__dfrtp_2)
                                                         counter[10] (net)
                      0.149454    0.000000    0.795756 ^ _132_/B1_N (sky130_fd_sc_hd__o21ba_2)
     1    0.004181    0.054580    0.326876    1.122632 v _132_/X (sky130_fd_sc_hd__o21ba_2)
                                                         _046_ (net)
                      0.054580    0.000000    1.122632 v _133_/B (sky130_fd_sc_hd__nor2_2)
     1    0.001853    0.086356    0.101084    1.223717 ^ _133_/Y (sky130_fd_sc_hd__nor2_2)
                                                         _001_ (net)
                      0.086356    0.000000    1.223717 ^ _197_/D (sky130_fd_sc_hd__dfrtp_2)
                                              1.223717   data arrival time

                      0.150000    0.000000    0.000000   clock clk (rise edge)
                                  0.000000    0.000000   clock network delay (ideal)
                                  0.250000    0.250000   clock uncertainty
                                  0.000000    0.250000   clock reconvergence pessimism
                                              0.250000 ^ _197_/CLK (sky130_fd_sc_hd__dfrtp_2)
                                 -0.067488    0.182512   library hold time
                                              0.182512   data required time
---------------------------------------------------------------------------------------------
                                              0.182512   data required time
                                             -1.223717   data arrival time
---------------------------------------------------------------------------------------------
                                              1.041205   slack (MET)


Startpoint: _193_ (rising edge-triggered flip-flop clocked by clk)
Endpoint: _193_ (rising edge-triggered flip-flop clocked by clk)
Path Group: clk
Path Type: min

Fanout         Cap        Slew       Delay        Time   Description
---------------------------------------------------------------------------------------------
                      0.150000    0.000000    0.000000   clock clk (rise edge)
                                  0.000000    0.000000   clock network delay (ideal)
                      0.150000    0.000000    0.000000 ^ _193_/CLK (sky130_fd_sc_hd__dfrtp_2)
     4    0.014859    0.154837    0.801255    0.801255 ^ _193_/Q (sky130_fd_sc_hd__dfrtp_2)
                                                         counter[6] (net)
                      0.154837    0.000000    0.801255 ^ _121_/B1 (sky130_fd_sc_hd__a31o_2)
     1    0.001604    0.046923    0.191146    0.992402 ^ _121_/X (sky130_fd_sc_hd__a31o_2)
                                                         _039_ (net)
                      0.046923    0.000000    0.992402 ^ _122_/B (sky130_fd_sc_hd__and2b_2)
     1    0.001853    0.057607    0.244326    1.236727 ^ _122_/X (sky130_fd_sc_hd__and2b_2)
                                                         _028_ (net)
                      0.057607    0.000000    1.236727 ^ _193_/D (sky130_fd_sc_hd__dfrtp_2)
                                              1.236727   data arrival time

                      0.150000    0.000000    0.000000   clock clk (rise edge)
                                  0.000000    0.000000   clock network delay (ideal)
                                  0.250000    0.250000   clock uncertainty
                                  0.000000    0.250000   clock reconvergence pessimism
                                              0.250000 ^ _193_/CLK (sky130_fd_sc_hd__dfrtp_2)
                                 -0.060956    0.189044   library hold time
                                              0.189044   data required time
---------------------------------------------------------------------------------------------
                                              0.189044   data required time
                                             -1.236727   data arrival time
---------------------------------------------------------------------------------------------
                                              1.047683   slack (MET)


Startpoint: _196_ (rising edge-triggered flip-flop clocked by clk)
Endpoint: _196_ (rising edge-triggered flip-flop clocked by clk)
Path Group: clk
Path Type: min

Fanout         Cap        Slew       Delay        Time   Description
---------------------------------------------------------------------------------------------
                      0.150000    0.000000    0.000000   clock clk (rise edge)
                                  0.000000    0.000000   clock network delay (ideal)
                      0.150000    0.000000    0.000000 ^ _196_/CLK (sky130_fd_sc_hd__dfrtp_2)
     5    0.019817    0.188261    0.833275    0.833275 ^ _196_/Q (sky130_fd_sc_hd__dfrtp_2)
                                                         counter[9] (net)
                      0.188261    0.000000    0.833275 ^ _129_/B1 (sky130_fd_sc_hd__a31o_2)
     1    0.002491    0.054449    0.213924    1.047199 ^ _129_/X (sky130_fd_sc_hd__a31o_2)
                                                         _044_ (net)
                      0.054449    0.000000    1.047199 ^ _130_/B1 (sky130_fd_sc_hd__o21a_2)
     1    0.001853    0.048177    0.219625    1.266823 ^ _130_/X (sky130_fd_sc_hd__o21a_2)
                                                         _031_ (net)
                      0.048177    0.000000    1.266823 ^ _196_/D (sky130_fd_sc_hd__dfrtp_2)
                                              1.266823   data arrival time

                      0.150000    0.000000    0.000000   clock clk (rise edge)
                                  0.000000    0.000000   clock network delay (ideal)
                                  0.250000    0.250000   clock uncertainty
                                  0.000000    0.250000   clock reconvergence pessimism
                                              0.250000 ^ _196_/CLK (sky130_fd_sc_hd__dfrtp_2)
                                 -0.058813    0.191187   library hold time
                                              0.191187   data required time
---------------------------------------------------------------------------------------------
                                              0.191187   data required time
                                             -1.266823   data arrival time
---------------------------------------------------------------------------------------------
                                              1.075636   slack (MET)


Startpoint: _188_ (rising edge-triggered flip-flop clocked by clk)
Endpoint: _188_ (rising edge-triggered flip-flop clocked by clk)
Path Group: clk
Path Type: min

Fanout         Cap        Slew       Delay        Time   Description
---------------------------------------------------------------------------------------------
                      0.150000    0.000000    0.000000   clock clk (rise edge)
                                  0.000000    0.000000   clock network delay (ideal)
                      0.150000    0.000000    0.000000 ^ _188_/CLK (sky130_fd_sc_hd__dfrtp_2)
     5    0.019365    0.185166    0.830852    0.830852 ^ _188_/Q (sky130_fd_sc_hd__dfrtp_2)
                                                         counter[1] (net)
                      0.185166    0.000000    0.830852 ^ _111_/B (sky130_fd_sc_hd__or2_2)
     1    0.001460    0.040590    0.215328    1.046180 ^ _111_/X (sky130_fd_sc_hd__or2_2)
                                                         _034_ (net)
                      0.040590    0.000000    1.046180 ^ _112_/B (sky130_fd_sc_hd__and2_2)
     1    0.001853    0.061084    0.238251    1.284431 ^ _112_/X (sky130_fd_sc_hd__and2_2)
                                                         _011_ (net)
                      0.061084    0.000000    1.284431 ^ _188_/D (sky130_fd_sc_hd__dfrtp_2)
                                              1.284431   data arrival time

                      0.150000    0.000000    0.000000   clock clk (rise edge)
                                  0.000000    0.000000   clock network delay (ideal)
                                  0.250000    0.250000   clock uncertainty
                                  0.000000    0.250000   clock reconvergence pessimism
                                              0.250000 ^ _188_/CLK (sky130_fd_sc_hd__dfrtp_2)
                                 -0.061746    0.188254   library hold time
                                              0.188254   data required time
---------------------------------------------------------------------------------------------
                                              0.188254   data required time
                                             -1.284431   data arrival time
---------------------------------------------------------------------------------------------
                                              1.096177   slack (MET)


Startpoint: rst_n (input port clocked by clk)
Endpoint: _186_ (removal check against rising-edge clock clk)
Path Group: asynchronous
Path Type: min

Fanout         Cap        Slew       Delay        Time   Description
---------------------------------------------------------------------------------------------
                      0.150000    0.000000    0.000000   clock clk (rise edge)
                                  0.000000    0.000000   clock network delay (ideal)
                                  2.000000    2.000000 ^ input external delay
    41    0.133783    0.961369    0.670725    2.670725 ^ rst_n (in)
                                                         rst_n (net)
                      0.961369    0.000000    2.670725 ^ _186_/RESET_B (sky130_fd_sc_hd__dfrtp_2)
                                              2.670725   data arrival time

                      0.150000    0.000000    0.000000   clock clk (rise edge)
                                  0.000000    0.000000   clock network delay (ideal)
                                  0.250000    0.250000   clock uncertainty
                                  0.000000    0.250000   clock reconvergence pessimism
                                              0.250000 ^ _186_/CLK (sky130_fd_sc_hd__dfrtp_2)
                                  0.954488    1.204488   library removal time
                                              1.204488   data required time
---------------------------------------------------------------------------------------------
                                              1.204488   data required time
                                             -2.670725   data arrival time
---------------------------------------------------------------------------------------------
                                              1.466237   slack (MET)


Startpoint: rst_n (input port clocked by clk)
Endpoint: _187_ (removal check against rising-edge clock clk)
Path Group: asynchronous
Path Type: min

Fanout         Cap        Slew       Delay        Time   Description
---------------------------------------------------------------------------------------------
                      0.150000    0.000000    0.000000   clock clk (rise edge)
                                  0.000000    0.000000   clock network delay (ideal)
                                  2.000000    2.000000 ^ input external delay
    41    0.133783    0.961369    0.670725    2.670725 ^ rst_n (in)
                                                         rst_n (net)
                      0.961369    0.000000    2.670725 ^ _187_/RESET_B (sky130_fd_sc_hd__dfrtp_2)
                                              2.670725   data arrival time

                      0.150000    0.000000    0.000000   clock clk (rise edge)
                                  0.000000    0.000000   clock network delay (ideal)
                                  0.250000    0.250000   clock uncertainty
                                  0.000000    0.250000   clock reconvergence pessimism
                                              0.250000 ^ _187_/CLK (sky130_fd_sc_hd__dfrtp_2)
                                  0.954488    1.204488   library removal time
                                              1.204488   data required time
---------------------------------------------------------------------------------------------
                                              1.204488   data required time
                                             -2.670725   data arrival time
---------------------------------------------------------------------------------------------
                                              1.466237   slack (MET)


Startpoint: rst_n (input port clocked by clk)
Endpoint: _188_ (removal check against rising-edge clock clk)
Path Group: asynchronous
Path Type: min

Fanout         Cap        Slew       Delay        Time   Description
---------------------------------------------------------------------------------------------
                      0.150000    0.000000    0.000000   clock clk (rise edge)
                                  0.000000    0.000000   clock network delay (ideal)
                                  2.000000    2.000000 ^ input external delay
    41    0.133783    0.961369    0.670725    2.670725 ^ rst_n (in)
                                                         rst_n (net)
                      0.961369    0.000000    2.670725 ^ _188_/RESET_B (sky130_fd_sc_hd__dfrtp_2)
                                              2.670725   data arrival time

                      0.150000    0.000000    0.000000   clock clk (rise edge)
                                  0.000000    0.000000   clock network delay (ideal)
                                  0.250000    0.250000   clock uncertainty
                                  0.000000    0.250000   clock reconvergence pessimism
                                              0.250000 ^ _188_/CLK (sky130_fd_sc_hd__dfrtp_2)
                                  0.954488    1.204488   library removal time
                                              1.204488   data required time
---------------------------------------------------------------------------------------------
                                              1.204488   data required time
                                             -2.670725   data arrival time
---------------------------------------------------------------------------------------------
                                              1.466237   slack (MET)


Startpoint: rst_n (input port clocked by clk)
Endpoint: _189_ (removal check against rising-edge clock clk)
Path Group: asynchronous
Path Type: min

Fanout         Cap        Slew       Delay        Time   Description
---------------------------------------------------------------------------------------------
                      0.150000    0.000000    0.000000   clock clk (rise edge)
                                  0.000000    0.000000   clock network delay (ideal)
                                  2.000000    2.000000 ^ input external delay
    41    0.133783    0.961369    0.670725    2.670725 ^ rst_n (in)
                                                         rst_n (net)
                      0.961369    0.000000    2.670725 ^ _189_/RESET_B (sky130_fd_sc_hd__dfrtp_2)
                                              2.670725   data arrival time

                      0.150000    0.000000    0.000000   clock clk (rise edge)
                                  0.000000    0.000000   clock network delay (ideal)
                                  0.250000    0.250000   clock uncertainty
                                  0.000000    0.250000   clock reconvergence pessimism
                                              0.250000 ^ _189_/CLK (sky130_fd_sc_hd__dfrtp_2)
                                  0.954488    1.204488   library removal time
                                              1.204488   data required time
---------------------------------------------------------------------------------------------
                                              1.204488   data required time
                                             -2.670725   data arrival time
---------------------------------------------------------------------------------------------
                                              1.466237   slack (MET)


Startpoint: rst_n (input port clocked by clk)
Endpoint: _190_ (removal check against rising-edge clock clk)
Path Group: asynchronous
Path Type: min

Fanout         Cap        Slew       Delay        Time   Description
---------------------------------------------------------------------------------------------
                      0.150000    0.000000    0.000000   clock clk (rise edge)
                                  0.000000    0.000000   clock network delay (ideal)
                                  2.000000    2.000000 ^ input external delay
    41    0.133783    0.961369    0.670725    2.670725 ^ rst_n (in)
                                                         rst_n (net)
                      0.961369    0.000000    2.670725 ^ _190_/RESET_B (sky130_fd_sc_hd__dfrtp_2)
                                              2.670725   data arrival time

                      0.150000    0.000000    0.000000   clock clk (rise edge)
                                  0.000000    0.000000   clock network delay (ideal)
                                  0.250000    0.250000   clock uncertainty
                                  0.000000    0.250000   clock reconvergence pessimism
                                              0.250000 ^ _190_/CLK (sky130_fd_sc_hd__dfrtp_2)
                                  0.954488    1.204488   library removal time
                                              1.204488   data required time
---------------------------------------------------------------------------------------------
                                              1.204488   data required time
                                             -2.670725   data arrival time
---------------------------------------------------------------------------------------------
                                              1.466237   slack (MET)


Startpoint: rst_n (input port clocked by clk)
Endpoint: _191_ (removal check against rising-edge clock clk)
Path Group: asynchronous
Path Type: min

Fanout         Cap        Slew       Delay        Time   Description
---------------------------------------------------------------------------------------------
                      0.150000    0.000000    0.000000   clock clk (rise edge)
                                  0.000000    0.000000   clock network delay (ideal)
                                  2.000000    2.000000 ^ input external delay
    41    0.133783    0.961369    0.670725    2.670725 ^ rst_n (in)
                                                         rst_n (net)
                      0.961369    0.000000    2.670725 ^ _191_/RESET_B (sky130_fd_sc_hd__dfrtp_2)
                                              2.670725   data arrival time

                      0.150000    0.000000    0.000000   clock clk (rise edge)
                                  0.000000    0.000000   clock network delay (ideal)
                                  0.250000    0.250000   clock uncertainty
                                  0.000000    0.250000   clock reconvergence pessimism
                                              0.250000 ^ _191_/CLK (sky130_fd_sc_hd__dfrtp_2)
                                  0.954488    1.204488   library removal time
                                              1.204488   data required time
---------------------------------------------------------------------------------------------
                                              1.204488   data required time
                                             -2.670725   data arrival time
---------------------------------------------------------------------------------------------
                                              1.466237   slack (MET)


Startpoint: rst_n (input port clocked by clk)
Endpoint: _192_ (removal check against rising-edge clock clk)
Path Group: asynchronous
Path Type: min

Fanout         Cap        Slew       Delay        Time   Description
---------------------------------------------------------------------------------------------
                      0.150000    0.000000    0.000000   clock clk (rise edge)
                                  0.000000    0.000000   clock network delay (ideal)
                                  2.000000    2.000000 ^ input external delay
    41    0.133783    0.961369    0.670725    2.670725 ^ rst_n (in)
                                                         rst_n (net)
                      0.961369    0.000000    2.670725 ^ _192_/RESET_B (sky130_fd_sc_hd__dfrtp_2)
                                              2.670725   data arrival time

                      0.150000    0.000000    0.000000   clock clk (rise edge)
                                  0.000000    0.000000   clock network delay (ideal)
                                  0.250000    0.250000   clock uncertainty
                                  0.000000    0.250000   clock reconvergence pessimism
                                              0.250000 ^ _192_/CLK (sky130_fd_sc_hd__dfrtp_2)
                                  0.954488    1.204488   library removal time
                                              1.204488   data required time
---------------------------------------------------------------------------------------------
                                              1.204488   data required time
                                             -2.670725   data arrival time
---------------------------------------------------------------------------------------------
                                              1.466237   slack (MET)


Startpoint: rst_n (input port clocked by clk)
Endpoint: _193_ (removal check against rising-edge clock clk)
Path Group: asynchronous
Path Type: min

Fanout         Cap        Slew       Delay        Time   Description
---------------------------------------------------------------------------------------------
                      0.150000    0.000000    0.000000   clock clk (rise edge)
                                  0.000000    0.000000   clock network delay (ideal)
                                  2.000000    2.000000 ^ input external delay
    41    0.133783    0.961369    0.670725    2.670725 ^ rst_n (in)
                                                         rst_n (net)
                      0.961369    0.000000    2.670725 ^ _193_/RESET_B (sky130_fd_sc_hd__dfrtp_2)
                                              2.670725   data arrival time

                      0.150000    0.000000    0.000000   clock clk (rise edge)
                                  0.000000    0.000000   clock network delay (ideal)
                                  0.250000    0.250000   clock uncertainty
                                  0.000000    0.250000   clock reconvergence pessimism
                                              0.250000 ^ _193_/CLK (sky130_fd_sc_hd__dfrtp_2)
                                  0.954488    1.204488   library removal time
                                              1.204488   data required time
---------------------------------------------------------------------------------------------
                                              1.204488   data required time
                                             -2.670725   data arrival time
---------------------------------------------------------------------------------------------
                                              1.466237   slack (MET)


Startpoint: rst_n (input port clocked by clk)
Endpoint: _194_ (removal check against rising-edge clock clk)
Path Group: asynchronous
Path Type: min

Fanout         Cap        Slew       Delay        Time   Description
---------------------------------------------------------------------------------------------
                      0.150000    0.000000    0.000000   clock clk (rise edge)
                                  0.000000    0.000000   clock network delay (ideal)
                                  2.000000    2.000000 ^ input external delay
    41    0.133783    0.961369    0.670725    2.670725 ^ rst_n (in)
                                                         rst_n (net)
                      0.961369    0.000000    2.670725 ^ _194_/RESET_B (sky130_fd_sc_hd__dfrtp_2)
                                              2.670725   data arrival time

                      0.150000    0.000000    0.000000   clock clk (rise edge)
                                  0.000000    0.000000   clock network delay (ideal)
                                  0.250000    0.250000   clock uncertainty
                                  0.000000    0.250000   clock reconvergence pessimism
                                              0.250000 ^ _194_/CLK (sky130_fd_sc_hd__dfrtp_2)
                                  0.954488    1.204488   library removal time
                                              1.204488   data required time
---------------------------------------------------------------------------------------------
                                              1.204488   data required time
                                             -2.670725   data arrival time
---------------------------------------------------------------------------------------------
                                              1.466237   slack (MET)


Startpoint: rst_n (input port clocked by clk)
Endpoint: _195_ (removal check against rising-edge clock clk)
Path Group: asynchronous
Path Type: min

Fanout         Cap        Slew       Delay        Time   Description
---------------------------------------------------------------------------------------------
                      0.150000    0.000000    0.000000   clock clk (rise edge)
                                  0.000000    0.000000   clock network delay (ideal)
                                  2.000000    2.000000 ^ input external delay
    41    0.133783    0.961369    0.670725    2.670725 ^ rst_n (in)
                                                         rst_n (net)
                      0.961369    0.000000    2.670725 ^ _195_/RESET_B (sky130_fd_sc_hd__dfrtp_2)
                                              2.670725   data arrival time

                      0.150000    0.000000    0.000000   clock clk (rise edge)
                                  0.000000    0.000000   clock network delay (ideal)
                                  0.250000    0.250000   clock uncertainty
                                  0.000000    0.250000   clock reconvergence pessimism
                                              0.250000 ^ _195_/CLK (sky130_fd_sc_hd__dfrtp_2)
                                  0.954488    1.204488   library removal time
                                              1.204488   data required time
---------------------------------------------------------------------------------------------
                                              1.204488   data required time
                                             -2.670725   data arrival time
---------------------------------------------------------------------------------------------
                                              1.466237   slack (MET)


Startpoint: rst_n (input port clocked by clk)
Endpoint: _196_ (removal check against rising-edge clock clk)
Path Group: asynchronous
Path Type: min

Fanout         Cap        Slew       Delay        Time   Description
---------------------------------------------------------------------------------------------
                      0.150000    0.000000    0.000000   clock clk (rise edge)
                                  0.000000    0.000000   clock network delay (ideal)
                                  2.000000    2.000000 ^ input external delay
    41    0.133783    0.961369    0.670725    2.670725 ^ rst_n (in)
                                                         rst_n (net)
                      0.961369    0.000000    2.670725 ^ _196_/RESET_B (sky130_fd_sc_hd__dfrtp_2)
                                              2.670725   data arrival time

                      0.150000    0.000000    0.000000   clock clk (rise edge)
                                  0.000000    0.000000   clock network delay (ideal)
                                  0.250000    0.250000   clock uncertainty
                                  0.000000    0.250000   clock reconvergence pessimism
                                              0.250000 ^ _196_/CLK (sky130_fd_sc_hd__dfrtp_2)
                                  0.954488    1.204488   library removal time
                                              1.204488   data required time
---------------------------------------------------------------------------------------------
                                              1.204488   data required time
                                             -2.670725   data arrival time
---------------------------------------------------------------------------------------------
                                              1.466237   slack (MET)


Startpoint: rst_n (input port clocked by clk)
Endpoint: _197_ (removal check against rising-edge clock clk)
Path Group: asynchronous
Path Type: min

Fanout         Cap        Slew       Delay        Time   Description
---------------------------------------------------------------------------------------------
                      0.150000    0.000000    0.000000   clock clk (rise edge)
                                  0.000000    0.000000   clock network delay (ideal)
                                  2.000000    2.000000 ^ input external delay
    41    0.133783    0.961369    0.670725    2.670725 ^ rst_n (in)
                                                         rst_n (net)
                      0.961369    0.000000    2.670725 ^ _197_/RESET_B (sky130_fd_sc_hd__dfrtp_2)
                                              2.670725   data arrival time

                      0.150000    0.000000    0.000000   clock clk (rise edge)
                                  0.000000    0.000000   clock network delay (ideal)
                                  0.250000    0.250000   clock uncertainty
                                  0.000000    0.250000   clock reconvergence pessimism
                                              0.250000 ^ _197_/CLK (sky130_fd_sc_hd__dfrtp_2)
                                  0.954488    1.204488   library removal time
                                              1.204488   data required time
---------------------------------------------------------------------------------------------
                                              1.204488   data required time
                                             -2.670725   data arrival time
---------------------------------------------------------------------------------------------
                                              1.466237   slack (MET)


Startpoint: rst_n (input port clocked by clk)
Endpoint: _198_ (removal check against rising-edge clock clk)
Path Group: asynchronous
Path Type: min

Fanout         Cap        Slew       Delay        Time   Description
---------------------------------------------------------------------------------------------
                      0.150000    0.000000    0.000000   clock clk (rise edge)
                                  0.000000    0.000000   clock network delay (ideal)
                                  2.000000    2.000000 ^ input external delay
    41    0.133783    0.961369    0.670725    2.670725 ^ rst_n (in)
                                                         rst_n (net)
                      0.961369    0.000000    2.670725 ^ _198_/RESET_B (sky130_fd_sc_hd__dfrtp_2)
                                              2.670725   data arrival time

                      0.150000    0.000000    0.000000   clock clk (rise edge)
                                  0.000000    0.000000   clock network delay (ideal)
                                  0.250000    0.250000   clock uncertainty
                                  0.000000    0.250000   clock reconvergence pessimism
                                              0.250000 ^ _198_/CLK (sky130_fd_sc_hd__dfrtp_2)
                                  0.954488    1.204488   library removal time
                                              1.204488   data required time
---------------------------------------------------------------------------------------------
                                              1.204488   data required time
                                             -2.670725   data arrival time
---------------------------------------------------------------------------------------------
                                              1.466237   slack (MET)


Startpoint: rst_n (input port clocked by clk)
Endpoint: _199_ (removal check against rising-edge clock clk)
Path Group: asynchronous
Path Type: min

Fanout         Cap        Slew       Delay        Time   Description
---------------------------------------------------------------------------------------------
                      0.150000    0.000000    0.000000   clock clk (rise edge)
                                  0.000000    0.000000   clock network delay (ideal)
                                  2.000000    2.000000 ^ input external delay
    41    0.133783    0.961369    0.670725    2.670725 ^ rst_n (in)
                                                         rst_n (net)
                      0.961369    0.000000    2.670725 ^ _199_/RESET_B (sky130_fd_sc_hd__dfrtp_2)
                                              2.670725   data arrival time

                      0.150000    0.000000    0.000000   clock clk (rise edge)
                                  0.000000    0.000000   clock network delay (ideal)
                                  0.250000    0.250000   clock uncertainty
                                  0.000000    0.250000   clock reconvergence pessimism
                                              0.250000 ^ _199_/CLK (sky130_fd_sc_hd__dfrtp_2)
                                  0.954488    1.204488   library removal time
                                              1.204488   data required time
---------------------------------------------------------------------------------------------
                                              1.204488   data required time
                                             -2.670725   data arrival time
---------------------------------------------------------------------------------------------
                                              1.466237   slack (MET)


Startpoint: rst_n (input port clocked by clk)
Endpoint: _200_ (removal check against rising-edge clock clk)
Path Group: asynchronous
Path Type: min

Fanout         Cap        Slew       Delay        Time   Description
---------------------------------------------------------------------------------------------
                      0.150000    0.000000    0.000000   clock clk (rise edge)
                                  0.000000    0.000000   clock network delay (ideal)
                                  2.000000    2.000000 ^ input external delay
    41    0.133783    0.961369    0.670725    2.670725 ^ rst_n (in)
                                                         rst_n (net)
                      0.961369    0.000000    2.670725 ^ _200_/RESET_B (sky130_fd_sc_hd__dfrtp_2)
                                              2.670725   data arrival time

                      0.150000    0.000000    0.000000   clock clk (rise edge)
                                  0.000000    0.000000   clock network delay (ideal)
                                  0.250000    0.250000   clock uncertainty
                                  0.000000    0.250000   clock reconvergence pessimism
                                              0.250000 ^ _200_/CLK (sky130_fd_sc_hd__dfrtp_2)
                                  0.954488    1.204488   library removal time
                                              1.204488   data required time
---------------------------------------------------------------------------------------------
                                              1.204488   data required time
                                             -2.670725   data arrival time
---------------------------------------------------------------------------------------------
                                              1.466237   slack (MET)


Startpoint: rst_n (input port clocked by clk)
Endpoint: _201_ (removal check against rising-edge clock clk)
Path Group: asynchronous
Path Type: min

Fanout         Cap        Slew       Delay        Time   Description
---------------------------------------------------------------------------------------------
                      0.150000    0.000000    0.000000   clock clk (rise edge)
                                  0.000000    0.000000   clock network delay (ideal)
                                  2.000000    2.000000 ^ input external delay
    41    0.133783    0.961369    0.670725    2.670725 ^ rst_n (in)
                                                         rst_n (net)
                      0.961369    0.000000    2.670725 ^ _201_/RESET_B (sky130_fd_sc_hd__dfrtp_2)
                                              2.670725   data arrival time

                      0.150000    0.000000    0.000000   clock clk (rise edge)
                                  0.000000    0.000000   clock network delay (ideal)
                                  0.250000    0.250000   clock uncertainty
                                  0.000000    0.250000   clock reconvergence pessimism
                                              0.250000 ^ _201_/CLK (sky130_fd_sc_hd__dfrtp_2)
                                  0.954488    1.204488   library removal time
                                              1.204488   data required time
---------------------------------------------------------------------------------------------
                                              1.204488   data required time
                                             -2.670725   data arrival time
---------------------------------------------------------------------------------------------
                                              1.466237   slack (MET)


Startpoint: rst_n (input port clocked by clk)
Endpoint: _202_ (removal check against rising-edge clock clk)
Path Group: asynchronous
Path Type: min

Fanout         Cap        Slew       Delay        Time   Description
---------------------------------------------------------------------------------------------
                      0.150000    0.000000    0.000000   clock clk (rise edge)
                                  0.000000    0.000000   clock network delay (ideal)
                                  2.000000    2.000000 ^ input external delay
    41    0.133783    0.961369    0.670725    2.670725 ^ rst_n (in)
                                                         rst_n (net)
                      0.961369    0.000000    2.670725 ^ _202_/RESET_B (sky130_fd_sc_hd__dfrtp_2)
                                              2.670725   data arrival time

                      0.150000    0.000000    0.000000   clock clk (rise edge)
                                  0.000000    0.000000   clock network delay (ideal)
                                  0.250000    0.250000   clock uncertainty
                                  0.000000    0.250000   clock reconvergence pessimism
                                              0.250000 ^ _202_/CLK (sky130_fd_sc_hd__dfrtp_2)
                                  0.954488    1.204488   library removal time
                                              1.204488   data required time
---------------------------------------------------------------------------------------------
                                              1.204488   data required time
                                             -2.670725   data arrival time
---------------------------------------------------------------------------------------------
                                              1.466237   slack (MET)


Startpoint: rst_n (input port clocked by clk)
Endpoint: _203_ (removal check against rising-edge clock clk)
Path Group: asynchronous
Path Type: min

Fanout         Cap        Slew       Delay        Time   Description
---------------------------------------------------------------------------------------------
                      0.150000    0.000000    0.000000   clock clk (rise edge)
                                  0.000000    0.000000   clock network delay (ideal)
                                  2.000000    2.000000 ^ input external delay
    41    0.133783    0.961369    0.670725    2.670725 ^ rst_n (in)
                                                         rst_n (net)
                      0.961369    0.000000    2.670725 ^ _203_/RESET_B (sky130_fd_sc_hd__dfrtp_2)
                                              2.670725   data arrival time

                      0.150000    0.000000    0.000000   clock clk (rise edge)
                                  0.000000    0.000000   clock network delay (ideal)
                                  0.250000    0.250000   clock uncertainty
                                  0.000000    0.250000   clock reconvergence pessimism
                                              0.250000 ^ _203_/CLK (sky130_fd_sc_hd__dfrtp_2)
                                  0.954488    1.204488   library removal time
                                              1.204488   data required time
---------------------------------------------------------------------------------------------
                                              1.204488   data required time
                                             -2.670725   data arrival time
---------------------------------------------------------------------------------------------
                                              1.466237   slack (MET)


Startpoint: rst_n (input port clocked by clk)
Endpoint: _204_ (removal check against rising-edge clock clk)
Path Group: asynchronous
Path Type: min

Fanout         Cap        Slew       Delay        Time   Description
---------------------------------------------------------------------------------------------
                      0.150000    0.000000    0.000000   clock clk (rise edge)
                                  0.000000    0.000000   clock network delay (ideal)
                                  2.000000    2.000000 ^ input external delay
    41    0.133783    0.961369    0.670725    2.670725 ^ rst_n (in)
                                                         rst_n (net)
                      0.961369    0.000000    2.670725 ^ _204_/RESET_B (sky130_fd_sc_hd__dfrtp_2)
                                              2.670725   data arrival time

                      0.150000    0.000000    0.000000   clock clk (rise edge)
                                  0.000000    0.000000   clock network delay (ideal)
                                  0.250000    0.250000   clock uncertainty
                                  0.000000    0.250000   clock reconvergence pessimism
                                              0.250000 ^ _204_/CLK (sky130_fd_sc_hd__dfrtp_2)
                                  0.954488    1.204488   library removal time
                                              1.204488   data required time
---------------------------------------------------------------------------------------------
                                              1.204488   data required time
                                             -2.670725   data arrival time
---------------------------------------------------------------------------------------------
                                              1.466237   slack (MET)


Startpoint: rst_n (input port clocked by clk)
Endpoint: _205_ (removal check against rising-edge clock clk)
Path Group: asynchronous
Path Type: min

Fanout         Cap        Slew       Delay        Time   Description
---------------------------------------------------------------------------------------------
                      0.150000    0.000000    0.000000   clock clk (rise edge)
                                  0.000000    0.000000   clock network delay (ideal)
                                  2.000000    2.000000 ^ input external delay
    41    0.133783    0.961369    0.670725    2.670725 ^ rst_n (in)
                                                         rst_n (net)
                      0.961369    0.000000    2.670725 ^ _205_/RESET_B (sky130_fd_sc_hd__dfrtp_2)
                                              2.670725   data arrival time

                      0.150000    0.000000    0.000000   clock clk (rise edge)
                                  0.000000    0.000000   clock network delay (ideal)
                                  0.250000    0.250000   clock uncertainty
                                  0.000000    0.250000   clock reconvergence pessimism
                                              0.250000 ^ _205_/CLK (sky130_fd_sc_hd__dfrtp_2)
                                  0.954488    1.204488   library removal time
                                              1.204488   data required time
---------------------------------------------------------------------------------------------
                                              1.204488   data required time
                                             -2.670725   data arrival time
---------------------------------------------------------------------------------------------
                                              1.466237   slack (MET)


Startpoint: rst_n (input port clocked by clk)
Endpoint: _206_ (removal check against rising-edge clock clk)
Path Group: asynchronous
Path Type: min

Fanout         Cap        Slew       Delay        Time   Description
---------------------------------------------------------------------------------------------
                      0.150000    0.000000    0.000000   clock clk (rise edge)
                                  0.000000    0.000000   clock network delay (ideal)
                                  2.000000    2.000000 ^ input external delay
    41    0.133783    0.961369    0.670725    2.670725 ^ rst_n (in)
                                                         rst_n (net)
                      0.961369    0.000000    2.670725 ^ _206_/RESET_B (sky130_fd_sc_hd__dfrtp_2)
                                              2.670725   data arrival time

                      0.150000    0.000000    0.000000   clock clk (rise edge)
                                  0.000000    0.000000   clock network delay (ideal)
                                  0.250000    0.250000   clock uncertainty
                                  0.000000    0.250000   clock reconvergence pessimism
                                              0.250000 ^ _206_/CLK (sky130_fd_sc_hd__dfrtp_2)
                                  0.954488    1.204488   library removal time
                                              1.204488   data required time
---------------------------------------------------------------------------------------------
                                              1.204488   data required time
                                             -2.670725   data arrival time
---------------------------------------------------------------------------------------------
                                              1.466237   slack (MET)


Startpoint: rst_n (input port clocked by clk)
Endpoint: _207_ (removal check against rising-edge clock clk)
Path Group: asynchronous
Path Type: min

Fanout         Cap        Slew       Delay        Time   Description
---------------------------------------------------------------------------------------------
                      0.150000    0.000000    0.000000   clock clk (rise edge)
                                  0.000000    0.000000   clock network delay (ideal)
                                  2.000000    2.000000 ^ input external delay
    41    0.133783    0.961369    0.670725    2.670725 ^ rst_n (in)
                                                         rst_n (net)
                      0.961369    0.000000    2.670725 ^ _207_/RESET_B (sky130_fd_sc_hd__dfrtp_2)
                                              2.670725   data arrival time

                      0.150000    0.000000    0.000000   clock clk (rise edge)
                                  0.000000    0.000000   clock network delay (ideal)
                                  0.250000    0.250000   clock uncertainty
                                  0.000000    0.250000   clock reconvergence pessimism
                                              0.250000 ^ _207_/CLK (sky130_fd_sc_hd__dfrtp_2)
                                  0.954488    1.204488   library removal time
                                              1.204488   data required time
---------------------------------------------------------------------------------------------
                                              1.204488   data required time
                                             -2.670725   data arrival time
---------------------------------------------------------------------------------------------
                                              1.466237   slack (MET)


Startpoint: rst_n (input port clocked by clk)
Endpoint: _208_ (removal check against rising-edge clock clk)
Path Group: asynchronous
Path Type: min

Fanout         Cap        Slew       Delay        Time   Description
---------------------------------------------------------------------------------------------
                      0.150000    0.000000    0.000000   clock clk (rise edge)
                                  0.000000    0.000000   clock network delay (ideal)
                                  2.000000    2.000000 ^ input external delay
    41    0.133783    0.961369    0.670725    2.670725 ^ rst_n (in)
                                                         rst_n (net)
                      0.961369    0.000000    2.670725 ^ _208_/RESET_B (sky130_fd_sc_hd__dfrtp_2)
                                              2.670725   data arrival time

                      0.150000    0.000000    0.000000   clock clk (rise edge)
                                  0.000000    0.000000   clock network delay (ideal)
                                  0.250000    0.250000   clock uncertainty
                                  0.000000    0.250000   clock reconvergence pessimism
                                              0.250000 ^ _208_/CLK (sky130_fd_sc_hd__dfrtp_2)
                                  0.954488    1.204488   library removal time
                                              1.204488   data required time
---------------------------------------------------------------------------------------------
                                              1.204488   data required time
                                             -2.670725   data arrival time
---------------------------------------------------------------------------------------------
                                              1.466237   slack (MET)


Startpoint: rst_n (input port clocked by clk)
Endpoint: _209_ (removal check against rising-edge clock clk)
Path Group: asynchronous
Path Type: min

Fanout         Cap        Slew       Delay        Time   Description
---------------------------------------------------------------------------------------------
                      0.150000    0.000000    0.000000   clock clk (rise edge)
                                  0.000000    0.000000   clock network delay (ideal)
                                  2.000000    2.000000 ^ input external delay
    41    0.133783    0.961369    0.670725    2.670725 ^ rst_n (in)
                                                         rst_n (net)
                      0.961369    0.000000    2.670725 ^ _209_/RESET_B (sky130_fd_sc_hd__dfrtp_2)
                                              2.670725   data arrival time

                      0.150000    0.000000    0.000000   clock clk (rise edge)
                                  0.000000    0.000000   clock network delay (ideal)
                                  0.250000    0.250000   clock uncertainty
                                  0.000000    0.250000   clock reconvergence pessimism
                                              0.250000 ^ _209_/CLK (sky130_fd_sc_hd__dfrtp_2)
                                  0.954488    1.204488   library removal time
                                              1.204488   data required time
---------------------------------------------------------------------------------------------
                                              1.204488   data required time
                                             -2.670725   data arrival time
---------------------------------------------------------------------------------------------
                                              1.466237   slack (MET)


Startpoint: rst_n (input port clocked by clk)
Endpoint: _210_ (removal check against rising-edge clock clk)
Path Group: asynchronous
Path Type: min

Fanout         Cap        Slew       Delay        Time   Description
---------------------------------------------------------------------------------------------
                      0.150000    0.000000    0.000000   clock clk (rise edge)
                                  0.000000    0.000000   clock network delay (ideal)
                                  2.000000    2.000000 ^ input external delay
    41    0.133783    0.961369    0.670725    2.670725 ^ rst_n (in)
                                                         rst_n (net)
                      0.961369    0.000000    2.670725 ^ _210_/RESET_B (sky130_fd_sc_hd__dfrtp_2)
                                              2.670725   data arrival time

                      0.150000    0.000000    0.000000   clock clk (rise edge)
                                  0.000000    0.000000   clock network delay (ideal)
                                  0.250000    0.250000   clock uncertainty
                                  0.000000    0.250000   clock reconvergence pessimism
                                              0.250000 ^ _210_/CLK (sky130_fd_sc_hd__dfrtp_2)
                                  0.954488    1.204488   library removal time
                                              1.204488   data required time
---------------------------------------------------------------------------------------------
                                              1.204488   data required time
                                             -2.670725   data arrival time
---------------------------------------------------------------------------------------------
                                              1.466237   slack (MET)


Startpoint: rst_n (input port clocked by clk)
Endpoint: _211_ (removal check against rising-edge clock clk)
Path Group: asynchronous
Path Type: min

Fanout         Cap        Slew       Delay        Time   Description
---------------------------------------------------------------------------------------------
                      0.150000    0.000000    0.000000   clock clk (rise edge)
                                  0.000000    0.000000   clock network delay (ideal)
                                  2.000000    2.000000 ^ input external delay
    41    0.133783    0.961369    0.670725    2.670725 ^ rst_n (in)
                                                         rst_n (net)
                      0.961369    0.000000    2.670725 ^ _211_/RESET_B (sky130_fd_sc_hd__dfrtp_2)
                                              2.670725   data arrival time

                      0.150000    0.000000    0.000000   clock clk (rise edge)
                                  0.000000    0.000000   clock network delay (ideal)
                                  0.250000    0.250000   clock uncertainty
                                  0.000000    0.250000   clock reconvergence pessimism
                                              0.250000 ^ _211_/CLK (sky130_fd_sc_hd__dfrtp_2)
                                  0.954488    1.204488   library removal time
                                              1.204488   data required time
---------------------------------------------------------------------------------------------
                                              1.204488   data required time
                                             -2.670725   data arrival time
---------------------------------------------------------------------------------------------
                                              1.466237   slack (MET)


Startpoint: rst_n (input port clocked by clk)
Endpoint: _212_ (removal check against rising-edge clock clk)
Path Group: asynchronous
Path Type: min

Fanout         Cap        Slew       Delay        Time   Description
---------------------------------------------------------------------------------------------
                      0.150000    0.000000    0.000000   clock clk (rise edge)
                                  0.000000    0.000000   clock network delay (ideal)
                                  2.000000    2.000000 ^ input external delay
    41    0.133783    0.961369    0.670725    2.670725 ^ rst_n (in)
                                                         rst_n (net)
                      0.961369    0.000000    2.670725 ^ _212_/RESET_B (sky130_fd_sc_hd__dfrtp_2)
                                              2.670725   data arrival time

                      0.150000    0.000000    0.000000   clock clk (rise edge)
                                  0.000000    0.000000   clock network delay (ideal)
                                  0.250000    0.250000   clock uncertainty
                                  0.000000    0.250000   clock reconvergence pessimism
                                              0.250000 ^ _212_/CLK (sky130_fd_sc_hd__dfrtp_2)
                                  0.954488    1.204488   library removal time
                                              1.204488   data required time
---------------------------------------------------------------------------------------------
                                              1.204488   data required time
                                             -2.670725   data arrival time
---------------------------------------------------------------------------------------------
                                              1.466237   slack (MET)


Startpoint: rst_n (input port clocked by clk)
Endpoint: _213_ (removal check against rising-edge clock clk)
Path Group: asynchronous
Path Type: min

Fanout         Cap        Slew       Delay        Time   Description
---------------------------------------------------------------------------------------------
                      0.150000    0.000000    0.000000   clock clk (rise edge)
                                  0.000000    0.000000   clock network delay (ideal)
                                  2.000000    2.000000 ^ input external delay
    41    0.133783    0.961369    0.670725    2.670725 ^ rst_n (in)
                                                         rst_n (net)
                      0.961369    0.000000    2.670725 ^ _213_/RESET_B (sky130_fd_sc_hd__dfrtp_2)
                                              2.670725   data arrival time

                      0.150000    0.000000    0.000000   clock clk (rise edge)
                                  0.000000    0.000000   clock network delay (ideal)
                                  0.250000    0.250000   clock uncertainty
                                  0.000000    0.250000   clock reconvergence pessimism
                                              0.250000 ^ _213_/CLK (sky130_fd_sc_hd__dfrtp_2)
                                  0.954488    1.204488   library removal time
                                              1.204488   data required time
---------------------------------------------------------------------------------------------
                                              1.204488   data required time
                                             -2.670725   data arrival time
---------------------------------------------------------------------------------------------
                                              1.466237   slack (MET)


Startpoint: rst_n (input port clocked by clk)
Endpoint: _214_ (removal check against rising-edge clock clk)
Path Group: asynchronous
Path Type: min

Fanout         Cap        Slew       Delay        Time   Description
---------------------------------------------------------------------------------------------
                      0.150000    0.000000    0.000000   clock clk (rise edge)
                                  0.000000    0.000000   clock network delay (ideal)
                                  2.000000    2.000000 ^ input external delay
    41    0.133783    0.961369    0.670725    2.670725 ^ rst_n (in)
                                                         rst_n (net)
                      0.961369    0.000000    2.670725 ^ _214_/RESET_B (sky130_fd_sc_hd__dfrtp_2)
                                              2.670725   data arrival time

                      0.150000    0.000000    0.000000   clock clk (rise edge)
                                  0.000000    0.000000   clock network delay (ideal)
                                  0.250000    0.250000   clock uncertainty
                                  0.000000    0.250000   clock reconvergence pessimism
                                              0.250000 ^ _214_/CLK (sky130_fd_sc_hd__dfrtp_2)
                                  0.954488    1.204488   library removal time
                                              1.204488   data required time
---------------------------------------------------------------------------------------------
                                              1.204488   data required time
                                             -2.670725   data arrival time
---------------------------------------------------------------------------------------------
                                              1.466237   slack (MET)


Startpoint: rst_n (input port clocked by clk)
Endpoint: _215_ (removal check against rising-edge clock clk)
Path Group: asynchronous
Path Type: min

Fanout         Cap        Slew       Delay        Time   Description
---------------------------------------------------------------------------------------------
                      0.150000    0.000000    0.000000   clock clk (rise edge)
                                  0.000000    0.000000   clock network delay (ideal)
                                  2.000000    2.000000 ^ input external delay
    41    0.133783    0.961369    0.670725    2.670725 ^ rst_n (in)
                                                         rst_n (net)
                      0.961369    0.000000    2.670725 ^ _215_/RESET_B (sky130_fd_sc_hd__dfrtp_2)
                                              2.670725   data arrival time

                      0.150000    0.000000    0.000000   clock clk (rise edge)
                                  0.000000    0.000000   clock network delay (ideal)
                                  0.250000    0.250000   clock uncertainty
                                  0.000000    0.250000   clock reconvergence pessimism
                                              0.250000 ^ _215_/CLK (sky130_fd_sc_hd__dfrtp_2)
                                  0.954488    1.204488   library removal time
                                              1.204488   data required time
---------------------------------------------------------------------------------------------
                                              1.204488   data required time
                                             -2.670725   data arrival time
---------------------------------------------------------------------------------------------
                                              1.466237   slack (MET)


Startpoint: rst_n (input port clocked by clk)
Endpoint: _216_ (removal check against rising-edge clock clk)
Path Group: asynchronous
Path Type: min

Fanout         Cap        Slew       Delay        Time   Description
---------------------------------------------------------------------------------------------
                      0.150000    0.000000    0.000000   clock clk (rise edge)
                                  0.000000    0.000000   clock network delay (ideal)
                                  2.000000    2.000000 ^ input external delay
    41    0.133783    0.961369    0.670725    2.670725 ^ rst_n (in)
                                                         rst_n (net)
                      0.961369    0.000000    2.670725 ^ _216_/RESET_B (sky130_fd_sc_hd__dfrtp_2)
                                              2.670725   data arrival time

                      0.150000    0.000000    0.000000   clock clk (rise edge)
                                  0.000000    0.000000   clock network delay (ideal)
                                  0.250000    0.250000   clock uncertainty
                                  0.000000    0.250000   clock reconvergence pessimism
                                              0.250000 ^ _216_/CLK (sky130_fd_sc_hd__dfrtp_2)
                                  0.954488    1.204488   library removal time
                                              1.204488   data required time
---------------------------------------------------------------------------------------------
                                              1.204488   data required time
                                             -2.670725   data arrival time
---------------------------------------------------------------------------------------------
                                              1.466237   slack (MET)


Startpoint: rst_n (input port clocked by clk)
Endpoint: _217_ (removal check against rising-edge clock clk)
Path Group: asynchronous
Path Type: min

Fanout         Cap        Slew       Delay        Time   Description
---------------------------------------------------------------------------------------------
                      0.150000    0.000000    0.000000   clock clk (rise edge)
                                  0.000000    0.000000   clock network delay (ideal)
                                  2.000000    2.000000 ^ input external delay
    41    0.133783    0.961369    0.670725    2.670725 ^ rst_n (in)
                                                         rst_n (net)
                      0.961369    0.000000    2.670725 ^ _217_/RESET_B (sky130_fd_sc_hd__dfrtp_2)
                                              2.670725   data arrival time

                      0.150000    0.000000    0.000000   clock clk (rise edge)
                                  0.000000    0.000000   clock network delay (ideal)
                                  0.250000    0.250000   clock uncertainty
                                  0.000000    0.250000   clock reconvergence pessimism
                                              0.250000 ^ _217_/CLK (sky130_fd_sc_hd__dfrtp_2)
                                  0.954488    1.204488   library removal time
                                              1.204488   data required time
---------------------------------------------------------------------------------------------
                                              1.204488   data required time
                                             -2.670725   data arrival time
---------------------------------------------------------------------------------------------
                                              1.466237   slack (MET)


Startpoint: rst_n (input port clocked by clk)
Endpoint: _218_ (removal check against rising-edge clock clk)
Path Group: asynchronous
Path Type: min

Fanout         Cap        Slew       Delay        Time   Description
---------------------------------------------------------------------------------------------
                      0.150000    0.000000    0.000000   clock clk (rise edge)
                                  0.000000    0.000000   clock network delay (ideal)
                                  2.000000    2.000000 ^ input external delay
    41    0.133783    0.961369    0.670725    2.670725 ^ rst_n (in)
                                                         rst_n (net)
                      0.961369    0.000000    2.670725 ^ _218_/RESET_B (sky130_fd_sc_hd__dfrtp_2)
                                              2.670725   data arrival time

                      0.150000    0.000000    0.000000   clock clk (rise edge)
                                  0.000000    0.000000   clock network delay (ideal)
                                  0.250000    0.250000   clock uncertainty
                                  0.000000    0.250000   clock reconvergence pessimism
                                              0.250000 ^ _218_/CLK (sky130_fd_sc_hd__dfrtp_2)
                                  0.954488    1.204488   library removal time
                                              1.204488   data required time
---------------------------------------------------------------------------------------------
                                              1.204488   data required time
                                             -2.670725   data arrival time
---------------------------------------------------------------------------------------------
                                              1.466237   slack (MET)


Startpoint: rst_n (input port clocked by clk)
Endpoint: _219_ (removal check against rising-edge clock clk)
Path Group: asynchronous
Path Type: min

Fanout         Cap        Slew       Delay        Time   Description
---------------------------------------------------------------------------------------------
                      0.150000    0.000000    0.000000   clock clk (rise edge)
                                  0.000000    0.000000   clock network delay (ideal)
                                  2.000000    2.000000 ^ input external delay
    41    0.133783    0.961369    0.670725    2.670725 ^ rst_n (in)
                                                         rst_n (net)
                      0.961369    0.000000    2.670725 ^ _219_/RESET_B (sky130_fd_sc_hd__dfrtp_2)
                                              2.670725   data arrival time

                      0.150000    0.000000    0.000000   clock clk (rise edge)
                                  0.000000    0.000000   clock network delay (ideal)
                                  0.250000    0.250000   clock uncertainty
                                  0.000000    0.250000   clock reconvergence pessimism
                                              0.250000 ^ _219_/CLK (sky130_fd_sc_hd__dfrtp_2)
                                  0.954488    1.204488   library removal time
                                              1.204488   data required time
---------------------------------------------------------------------------------------------
                                              1.204488   data required time
                                             -2.670725   data arrival time
---------------------------------------------------------------------------------------------
                                              1.466237   slack (MET)


Startpoint: rst_n (input port clocked by clk)
Endpoint: _220_ (removal check against rising-edge clock clk)
Path Group: asynchronous
Path Type: min

Fanout         Cap        Slew       Delay        Time   Description
---------------------------------------------------------------------------------------------
                      0.150000    0.000000    0.000000   clock clk (rise edge)
                                  0.000000    0.000000   clock network delay (ideal)
                                  2.000000    2.000000 ^ input external delay
    41    0.133783    0.961369    0.670725    2.670725 ^ rst_n (in)
                                                         rst_n (net)
                      0.961369    0.000000    2.670725 ^ _220_/RESET_B (sky130_fd_sc_hd__dfrtp_2)
                                              2.670725   data arrival time

                      0.150000    0.000000    0.000000   clock clk (rise edge)
                                  0.000000    0.000000   clock network delay (ideal)
                                  0.250000    0.250000   clock uncertainty
                                  0.000000    0.250000   clock reconvergence pessimism
                                              0.250000 ^ _220_/CLK (sky130_fd_sc_hd__dfrtp_2)
                                  0.954488    1.204488   library removal time
                                              1.204488   data required time
---------------------------------------------------------------------------------------------
                                              1.204488   data required time
                                             -2.670725   data arrival time
---------------------------------------------------------------------------------------------
                                              1.466237   slack (MET)


Startpoint: rst_n (input port clocked by clk)
Endpoint: _221_ (removal check against rising-edge clock clk)
Path Group: asynchronous
Path Type: min

Fanout         Cap        Slew       Delay        Time   Description
---------------------------------------------------------------------------------------------
                      0.150000    0.000000    0.000000   clock clk (rise edge)
                                  0.000000    0.000000   clock network delay (ideal)
                                  2.000000    2.000000 ^ input external delay
    41    0.133783    0.961369    0.670725    2.670725 ^ rst_n (in)
                                                         rst_n (net)
                      0.961369    0.000000    2.670725 ^ _221_/RESET_B (sky130_fd_sc_hd__dfrtp_2)
                                              2.670725   data arrival time

                      0.150000    0.000000    0.000000   clock clk (rise edge)
                                  0.000000    0.000000   clock network delay (ideal)
                                  0.250000    0.250000   clock uncertainty
                                  0.000000    0.250000   clock reconvergence pessimism
                                              0.250000 ^ _221_/CLK (sky130_fd_sc_hd__dfrtp_2)
                                  0.954488    1.204488   library removal time
                                              1.204488   data required time
---------------------------------------------------------------------------------------------
                                              1.204488   data required time
                                             -2.670725   data arrival time
---------------------------------------------------------------------------------------------
                                              1.466237   slack (MET)


Startpoint: rst_n (input port clocked by clk)
Endpoint: _222_ (removal check against rising-edge clock clk)
Path Group: asynchronous
Path Type: min

Fanout         Cap        Slew       Delay        Time   Description
---------------------------------------------------------------------------------------------
                      0.150000    0.000000    0.000000   clock clk (rise edge)
                                  0.000000    0.000000   clock network delay (ideal)
                                  2.000000    2.000000 ^ input external delay
    41    0.133783    0.961369    0.670725    2.670725 ^ rst_n (in)
                                                         rst_n (net)
                      0.961369    0.000000    2.670725 ^ _222_/RESET_B (sky130_fd_sc_hd__dfrtp_2)
                                              2.670725   data arrival time

                      0.150000    0.000000    0.000000   clock clk (rise edge)
                                  0.000000    0.000000   clock network delay (ideal)
                                  0.250000    0.250000   clock uncertainty
                                  0.000000    0.250000   clock reconvergence pessimism
                                              0.250000 ^ _222_/CLK (sky130_fd_sc_hd__dfrtp_2)
                                  0.954488    1.204488   library removal time
                                              1.204488   data required time
---------------------------------------------------------------------------------------------
                                              1.204488   data required time
                                             -2.670725   data arrival time
---------------------------------------------------------------------------------------------
                                              1.466237   slack (MET)


Startpoint: rst_n (input port clocked by clk)
Endpoint: _223_ (removal check against rising-edge clock clk)
Path Group: asynchronous
Path Type: min

Fanout         Cap        Slew       Delay        Time   Description
---------------------------------------------------------------------------------------------
                      0.150000    0.000000    0.000000   clock clk (rise edge)
                                  0.000000    0.000000   clock network delay (ideal)
                                  2.000000    2.000000 ^ input external delay
    41    0.133783    0.961369    0.670725    2.670725 ^ rst_n (in)
                                                         rst_n (net)
                      0.961369    0.000000    2.670725 ^ _223_/RESET_B (sky130_fd_sc_hd__dfrtp_2)
                                              2.670725   data arrival time

                      0.150000    0.000000    0.000000   clock clk (rise edge)
                                  0.000000    0.000000   clock network delay (ideal)
                                  0.250000    0.250000   clock uncertainty
                                  0.000000    0.250000   clock reconvergence pessimism
                                              0.250000 ^ _223_/CLK (sky130_fd_sc_hd__dfrtp_2)
                                  0.954488    1.204488   library removal time
                                              1.204488   data required time
---------------------------------------------------------------------------------------------
                                              1.204488   data required time
                                             -2.670725   data arrival time
---------------------------------------------------------------------------------------------
                                              1.466237   slack (MET)


Startpoint: rst_n (input port clocked by clk)
Endpoint: _224_ (removal check against rising-edge clock clk)
Path Group: asynchronous
Path Type: min

Fanout         Cap        Slew       Delay        Time   Description
---------------------------------------------------------------------------------------------
                      0.150000    0.000000    0.000000   clock clk (rise edge)
                                  0.000000    0.000000   clock network delay (ideal)
                                  2.000000    2.000000 ^ input external delay
    41    0.133783    0.961369    0.670725    2.670725 ^ rst_n (in)
                                                         rst_n (net)
                      0.961369    0.000000    2.670725 ^ _224_/RESET_B (sky130_fd_sc_hd__dfrtp_2)
                                              2.670725   data arrival time

                      0.150000    0.000000    0.000000   clock clk (rise edge)
                                  0.000000    0.000000   clock network delay (ideal)
                                  0.250000    0.250000   clock uncertainty
                                  0.000000    0.250000   clock reconvergence pessimism
                                              0.250000 ^ _224_/CLK (sky130_fd_sc_hd__dfrtp_2)
                                  0.954488    1.204488   library removal time
                                              1.204488   data required time
---------------------------------------------------------------------------------------------
                                              1.204488   data required time
                                             -2.670725   data arrival time
---------------------------------------------------------------------------------------------
                                              1.466237   slack (MET)


Startpoint: rst_n (input port clocked by clk)
Endpoint: _225_ (removal check against rising-edge clock clk)
Path Group: asynchronous
Path Type: min

Fanout         Cap        Slew       Delay        Time   Description
---------------------------------------------------------------------------------------------
                      0.150000    0.000000    0.000000   clock clk (rise edge)
                                  0.000000    0.000000   clock network delay (ideal)
                                  2.000000    2.000000 ^ input external delay
    41    0.133783    0.961369    0.670725    2.670725 ^ rst_n (in)
                                                         rst_n (net)
                      0.961369    0.000000    2.670725 ^ _225_/RESET_B (sky130_fd_sc_hd__dfrtp_2)
                                              2.670725   data arrival time

                      0.150000    0.000000    0.000000   clock clk (rise edge)
                                  0.000000    0.000000   clock network delay (ideal)
                                  0.250000    0.250000   clock uncertainty
                                  0.000000    0.250000   clock reconvergence pessimism
                                              0.250000 ^ _225_/CLK (sky130_fd_sc_hd__dfrtp_2)
                                  0.954488    1.204488   library removal time
                                              1.204488   data required time
---------------------------------------------------------------------------------------------
                                              1.204488   data required time
                                             -2.670725   data arrival time
---------------------------------------------------------------------------------------------
                                              1.466237   slack (MET)


Startpoint: rst_n (input port clocked by clk)
Endpoint: _226_ (removal check against rising-edge clock clk)
Path Group: asynchronous
Path Type: min

Fanout         Cap        Slew       Delay        Time   Description
---------------------------------------------------------------------------------------------
                      0.150000    0.000000    0.000000   clock clk (rise edge)
                                  0.000000    0.000000   clock network delay (ideal)
                                  2.000000    2.000000 ^ input external delay
    41    0.133783    0.961369    0.670725    2.670725 ^ rst_n (in)
                                                         rst_n (net)
                      0.961369    0.000000    2.670725 ^ _226_/RESET_B (sky130_fd_sc_hd__dfrtp_2)
                                              2.670725   data arrival time

                      0.150000    0.000000    0.000000   clock clk (rise edge)
                                  0.000000    0.000000   clock network delay (ideal)
                                  0.250000    0.250000   clock uncertainty
                                  0.000000    0.250000   clock reconvergence pessimism
                                              0.250000 ^ _226_/CLK (sky130_fd_sc_hd__dfrtp_2)
                                  0.954488    1.204488   library removal time
                                              1.204488   data required time
---------------------------------------------------------------------------------------------
                                              1.204488   data required time
                                             -2.670725   data arrival time
---------------------------------------------------------------------------------------------
                                              1.466237   slack (MET)


Startpoint: _219_ (rising edge-triggered flip-flop clocked by clk)
Endpoint: gpio_out[0] (output port clocked by clk)
Path Group: clk
Path Type: min

Fanout         Cap        Slew       Delay        Time   Description
---------------------------------------------------------------------------------------------
                      0.150000    0.000000    0.000000   clock clk (rise edge)
                                  0.000000    0.000000   clock network delay (ideal)
                      0.150000    0.000000    0.000000 ^ _219_/CLK (sky130_fd_sc_hd__dfrtp_2)
     1    0.033442    0.281562    0.906297    0.906297 ^ _219_/Q (sky130_fd_sc_hd__dfrtp_2)
                                                         gpio_out[0] (net)
                      0.281562    0.000000    0.906297 ^ gpio_out[0] (out)
                                              0.906297   data arrival time

                      0.150000    0.000000    0.000000   clock clk (rise edge)
                                  0.000000    0.000000   clock network delay (ideal)
                                  0.250000    0.250000   clock uncertainty
                                  0.000000    0.250000   clock reconvergence pessimism
                                 -2.000000   -1.750000   output external delay
                                             -1.750000   data required time
---------------------------------------------------------------------------------------------
                                             -1.750000   data required time
                                             -0.906297   data arrival time
---------------------------------------------------------------------------------------------
                                              2.656297   slack (MET)


Startpoint: _220_ (rising edge-triggered flip-flop clocked by clk)
Endpoint: gpio_out[1] (output port clocked by clk)
Path Group: clk
Path Type: min

Fanout         Cap        Slew       Delay        Time   Description
---------------------------------------------------------------------------------------------
                      0.150000    0.000000    0.000000   clock clk (rise edge)
                                  0.000000    0.000000   clock network delay (ideal)
                      0.150000    0.000000    0.000000 ^ _220_/CLK (sky130_fd_sc_hd__dfrtp_2)
     1    0.033442    0.281562    0.906297    0.906297 ^ _220_/Q (sky130_fd_sc_hd__dfrtp_2)
                                                         gpio_out[1] (net)
                      0.281562    0.000000    0.906297 ^ gpio_out[1] (out)
                                              0.906297   data arrival time

                      0.150000    0.000000    0.000000   clock clk (rise edge)
                                  0.000000    0.000000   clock network delay (ideal)
                                  0.250000    0.250000   clock uncertainty
                                  0.000000    0.250000   clock reconvergence pessimism
                                 -2.000000   -1.750000   output external delay
                                             -1.750000   data required time
---------------------------------------------------------------------------------------------
                                             -1.750000   data required time
                                             -0.906297   data arrival time
---------------------------------------------------------------------------------------------
                                              2.656297   slack (MET)


Startpoint: _221_ (rising edge-triggered flip-flop clocked by clk)
Endpoint: gpio_out[2] (output port clocked by clk)
Path Group: clk
Path Type: min

Fanout         Cap        Slew       Delay        Time   Description
---------------------------------------------------------------------------------------------
                      0.150000    0.000000    0.000000   clock clk (rise edge)
                                  0.000000    0.000000   clock network delay (ideal)
                      0.150000    0.000000    0.000000 ^ _221_/CLK (sky130_fd_sc_hd__dfrtp_2)
     1    0.033442    0.281562    0.906297    0.906297 ^ _221_/Q (sky130_fd_sc_hd__dfrtp_2)
                                                         gpio_out[2] (net)
                      0.281562    0.000000    0.906297 ^ gpio_out[2] (out)
                                              0.906297   data arrival time

                      0.150000    0.000000    0.000000   clock clk (rise edge)
                                  0.000000    0.000000   clock network delay (ideal)
                                  0.250000    0.250000   clock uncertainty
                                  0.000000    0.250000   clock reconvergence pessimism
                                 -2.000000   -1.750000   output external delay
                                             -1.750000   data required time
---------------------------------------------------------------------------------------------
                                             -1.750000   data required time
                                             -0.906297   data arrival time
---------------------------------------------------------------------------------------------
                                              2.656297   slack (MET)


Startpoint: _222_ (rising edge-triggered flip-flop clocked by clk)
Endpoint: gpio_out[3] (output port clocked by clk)
Path Group: clk
Path Type: min

Fanout         Cap        Slew       Delay        Time   Description
---------------------------------------------------------------------------------------------
                      0.150000    0.000000    0.000000   clock clk (rise edge)
                                  0.000000    0.000000   clock network delay (ideal)
                      0.150000    0.000000    0.000000 ^ _222_/CLK (sky130_fd_sc_hd__dfrtp_2)
     1    0.033442    0.281562    0.906297    0.906297 ^ _222_/Q (sky130_fd_sc_hd__dfrtp_2)
                                                         gpio_out[3] (net)
                      0.281562    0.000000    0.906297 ^ gpio_out[3] (out)
                                              0.906297   data arrival time

                      0.150000    0.000000    0.000000   clock clk (rise edge)
                                  0.000000    0.000000   clock network delay (ideal)
                                  0.250000    0.250000   clock uncertainty
                                  0.000000    0.250000   clock reconvergence pessimism
                                 -2.000000   -1.750000   output external delay
                                             -1.750000   data required time
---------------------------------------------------------------------------------------------
                                             -1.750000   data required time
                                             -0.906297   data arrival time
---------------------------------------------------------------------------------------------
                                              2.656297   slack (MET)


Startpoint: _223_ (rising edge-triggered flip-flop clocked by clk)
Endpoint: gpio_out[4] (output port clocked by clk)
Path Group: clk
Path Type: min

Fanout         Cap        Slew       Delay        Time   Description
---------------------------------------------------------------------------------------------
                      0.150000    0.000000    0.000000   clock clk (rise edge)
                                  0.000000    0.000000   clock network delay (ideal)
                      0.150000    0.000000    0.000000 ^ _223_/CLK (sky130_fd_sc_hd__dfrtp_2)
     1    0.033442    0.281562    0.906297    0.906297 ^ _223_/Q (sky130_fd_sc_hd__dfrtp_2)
                                                         gpio_out[4] (net)
                      0.281562    0.000000    0.906297 ^ gpio_out[4] (out)
                                              0.906297   data arrival time

                      0.150000    0.000000    0.000000   clock clk (rise edge)
                                  0.000000    0.000000   clock network delay (ideal)
                                  0.250000    0.250000   clock uncertainty
                                  0.000000    0.250000   clock reconvergence pessimism
                                 -2.000000   -1.750000   output external delay
                                             -1.750000   data required time
---------------------------------------------------------------------------------------------
                                             -1.750000   data required time
                                             -0.906297   data arrival time
---------------------------------------------------------------------------------------------
                                              2.656297   slack (MET)


Startpoint: _224_ (rising edge-triggered flip-flop clocked by clk)
Endpoint: gpio_out[5] (output port clocked by clk)
Path Group: clk
Path Type: min

Fanout         Cap        Slew       Delay        Time   Description
---------------------------------------------------------------------------------------------
                      0.150000    0.000000    0.000000   clock clk (rise edge)
                                  0.000000    0.000000   clock network delay (ideal)
                      0.150000    0.000000    0.000000 ^ _224_/CLK (sky130_fd_sc_hd__dfrtp_2)
     1    0.033442    0.281562    0.906297    0.906297 ^ _224_/Q (sky130_fd_sc_hd__dfrtp_2)
                                                         gpio_out[5] (net)
                      0.281562    0.000000    0.906297 ^ gpio_out[5] (out)
                                              0.906297   data arrival time

                      0.150000    0.000000    0.000000   clock clk (rise edge)
                                  0.000000    0.000000   clock network delay (ideal)
                                  0.250000    0.250000   clock uncertainty
                                  0.000000    0.250000   clock reconvergence pessimism
                                 -2.000000   -1.750000   output external delay
                                             -1.750000   data required time
---------------------------------------------------------------------------------------------
                                             -1.750000   data required time
                                             -0.906297   data arrival time
---------------------------------------------------------------------------------------------
                                              2.656297   slack (MET)


Startpoint: _225_ (rising edge-triggered flip-flop clocked by clk)
Endpoint: gpio_out[6] (output port clocked by clk)
Path Group: clk
Path Type: min

Fanout         Cap        Slew       Delay        Time   Description
---------------------------------------------------------------------------------------------
                      0.150000    0.000000    0.000000   clock clk (rise edge)
                                  0.000000    0.000000   clock network delay (ideal)
                      0.150000    0.000000    0.000000 ^ _225_/CLK (sky130_fd_sc_hd__dfrtp_2)
     1    0.033442    0.281562    0.906297    0.906297 ^ _225_/Q (sky130_fd_sc_hd__dfrtp_2)
                                                         gpio_out[6] (net)
                      0.281562    0.000000    0.906297 ^ gpio_out[6] (out)
                                              0.906297   data arrival time

                      0.150000    0.000000    0.000000   clock clk (rise edge)
                                  0.000000    0.000000   clock network delay (ideal)
                                  0.250000    0.250000   clock uncertainty
                                  0.000000    0.250000   clock reconvergence pessimism
                                 -2.000000   -1.750000   output external delay
                                             -1.750000   data required time
---------------------------------------------------------------------------------------------
                                             -1.750000   data required time
                                             -0.906297   data arrival time
---------------------------------------------------------------------------------------------
                                              2.656297   slack (MET)


Startpoint: _226_ (rising edge-triggered flip-flop clocked by clk)
Endpoint: gpio_out[7] (output port clocked by clk)
Path Group: clk
Path Type: min

Fanout         Cap        Slew       Delay        Time   Description
---------------------------------------------------------------------------------------------
                      0.150000    0.000000    0.000000   clock clk (rise edge)
                                  0.000000    0.000000   clock network delay (ideal)
                      0.150000    0.000000    0.000000 ^ _226_/CLK (sky130_fd_sc_hd__dfrtp_2)
     1    0.033442    0.281562    0.906297    0.906297 ^ _226_/Q (sky130_fd_sc_hd__dfrtp_2)
                                                         gpio_out[7] (net)
                      0.281562    0.000000    0.906297 ^ gpio_out[7] (out)
                                              0.906297   data arrival time

                      0.150000    0.000000    0.000000   clock clk (rise edge)
                                  0.000000    0.000000   clock network delay (ideal)
                                  0.250000    0.250000   clock uncertainty
                                  0.000000    0.250000   clock reconvergence pessimism
                                 -2.000000   -1.750000   output external delay
                                             -1.750000   data required time
---------------------------------------------------------------------------------------------
                                             -1.750000   data required time
                                             -0.906297   data arrival time
---------------------------------------------------------------------------------------------
                                              2.656297   slack (MET)


Startpoint: _186_ (rising edge-triggered flip-flop clocked by clk)
Endpoint: uart_tx (output port clocked by clk)
Path Group: clk
Path Type: min

Fanout         Cap        Slew       Delay        Time   Description
---------------------------------------------------------------------------------------------
                      0.150000    0.000000    0.000000   clock clk (rise edge)
                                  0.000000    0.000000   clock network delay (ideal)
                      0.150000    0.000000    0.000000 ^ _186_/CLK (sky130_fd_sc_hd__dfrtp_2)
     2    0.042834    0.345877    0.956633    0.956633 ^ _186_/Q (sky130_fd_sc_hd__dfrtp_2)
                                                         uart_tx (net)
                      0.345877    0.000000    0.956633 ^ uart_tx (out)
                                              0.956633   data arrival time

                      0.150000    0.000000    0.000000   clock clk (rise edge)
                                  0.000000    0.000000   clock network delay (ideal)
                                  0.250000    0.250000   clock uncertainty
                                  0.000000    0.250000   clock reconvergence pessimism
                                 -2.000000   -1.750000   output external delay
                                             -1.750000   data required time
---------------------------------------------------------------------------------------------
                                             -1.750000   data required time
                                             -0.956633   data arrival time
---------------------------------------------------------------------------------------------
                                              2.706633   slack (MET)


Startpoint: _214_ (rising edge-triggered flip-flop clocked by clk)
Endpoint: axi_rdata[27] (output port clocked by clk)
Path Group: clk
Path Type: min

Fanout         Cap        Slew       Delay        Time   Description
---------------------------------------------------------------------------------------------
                      0.150000    0.000000    0.000000   clock clk (rise edge)
                                  0.000000    0.000000   clock network delay (ideal)
                      0.150000    0.000000    0.000000 ^ _214_/CLK (sky130_fd_sc_hd__dfrtp_2)
     3    0.012866    0.141476    0.787607    0.787607 ^ _214_/Q (sky130_fd_sc_hd__dfrtp_2)
                                                         counter[27] (net)
                      0.141476    0.000000    0.787607 ^ _105_/A (sky130_fd_sc_hd__xor2_2)
     1    0.033442    0.184913    0.338729    1.126336 v _105_/X (sky130_fd_sc_hd__xor2_2)
                                                         axi_rdata[27] (net)
                      0.184913    0.000000    1.126336 v axi_rdata[27] (out)
                                              1.126336   data arrival time

                      0.150000    0.000000    0.000000   clock clk (rise edge)
                                  0.000000    0.000000   clock network delay (ideal)
                                  0.250000    0.250000   clock uncertainty
                                  0.000000    0.250000   clock reconvergence pessimism
                                 -2.000000   -1.750000   output external delay
                                             -1.750000   data required time
---------------------------------------------------------------------------------------------
                                             -1.750000   data required time
                                             -1.126336   data arrival time
---------------------------------------------------------------------------------------------
                                              2.876336   slack (MET)


Startpoint: _194_ (rising edge-triggered flip-flop clocked by clk)
Endpoint: axi_rdata[7] (output port clocked by clk)
Path Group: clk
Path Type: min

Fanout         Cap        Slew       Delay        Time   Description
---------------------------------------------------------------------------------------------
                      0.150000    0.000000    0.000000   clock clk (rise edge)
                                  0.000000    0.000000   clock network delay (ideal)
                      0.150000    0.000000    0.000000 ^ _194_/CLK (sky130_fd_sc_hd__dfrtp_2)
     3    0.013346    0.144694    0.790894    0.790894 ^ _194_/Q (sky130_fd_sc_hd__dfrtp_2)
                                                         counter[7] (net)
                      0.144694    0.000000    0.790894 ^ _085_/A (sky130_fd_sc_hd__xor2_2)
     1    0.033442    0.184912    0.339978    1.130873 v _085_/X (sky130_fd_sc_hd__xor2_2)
                                                         axi_rdata[7] (net)
                      0.184912    0.000000    1.130873 v axi_rdata[7] (out)
                                              1.130873   data arrival time

                      0.150000    0.000000    0.000000   clock clk (rise edge)
                                  0.000000    0.000000   clock network delay (ideal)
                                  0.250000    0.250000   clock uncertainty
                                  0.000000    0.250000   clock reconvergence pessimism
                                 -2.000000   -1.750000   output external delay
                                             -1.750000   data required time
---------------------------------------------------------------------------------------------
                                             -1.750000   data required time
                                             -1.130873   data arrival time
---------------------------------------------------------------------------------------------
                                              2.880872   slack (MET)


Startpoint: _216_ (rising edge-triggered flip-flop clocked by clk)
Endpoint: axi_rdata[29] (output port clocked by clk)
Path Group: clk
Path Type: min

Fanout         Cap        Slew       Delay        Time   Description
---------------------------------------------------------------------------------------------
                      0.150000    0.000000    0.000000   clock clk (rise edge)
                                  0.000000    0.000000   clock network delay (ideal)
                      0.150000    0.000000    0.000000 ^ _216_/CLK (sky130_fd_sc_hd__dfrtp_2)
     3    0.013348    0.144708    0.790908    0.790908 ^ _216_/Q (sky130_fd_sc_hd__dfrtp_2)
                                                         counter[29] (net)
                      0.144708    0.000000    0.790908 ^ _107_/A (sky130_fd_sc_hd__xor2_2)
     1    0.033442    0.184912    0.339984    1.130892 v _107_/X (sky130_fd_sc_hd__xor2_2)
                                                         axi_rdata[29] (net)
                      0.184912    0.000000    1.130892 v axi_rdata[29] (out)
                                              1.130892   data arrival time

                      0.150000    0.000000    0.000000   clock clk (rise edge)
                                  0.000000    0.000000   clock network delay (ideal)
                                  0.250000    0.250000   clock uncertainty
                                  0.000000    0.250000   clock reconvergence pessimism
                                 -2.000000   -1.750000   output external delay
                                             -1.750000   data required time
---------------------------------------------------------------------------------------------
                                             -1.750000   data required time
                                             -1.130892   data arrival time
---------------------------------------------------------------------------------------------
                                              2.880892   slack (MET)


Startpoint: _190_ (rising edge-triggered flip-flop clocked by clk)
Endpoint: axi_rdata[3] (output port clocked by clk)
Path Group: clk
Path Type: min

Fanout         Cap        Slew       Delay        Time   Description
---------------------------------------------------------------------------------------------
                      0.150000    0.000000    0.000000   clock clk (rise edge)
                                  0.000000    0.000000   clock network delay (ideal)
                      0.150000    0.000000    0.000000 ^ _190_/CLK (sky130_fd_sc_hd__dfrtp_2)
     3    0.013405    0.145090    0.791298    0.791298 ^ _190_/Q (sky130_fd_sc_hd__dfrtp_2)
                                                         counter[3] (net)
                      0.145090    0.000000    0.791298 ^ _081_/A (sky130_fd_sc_hd__xor2_2)
     1    0.033442    0.184912    0.340132    1.131430 v _081_/X (sky130_fd_sc_hd__xor2_2)
                                                         axi_rdata[3] (net)
                      0.184912    0.000000    1.131430 v axi_rdata[3] (out)
                                              1.131430   data arrival time

                      0.150000    0.000000    0.000000   clock clk (rise edge)
                                  0.000000    0.000000   clock network delay (ideal)
                                  0.250000    0.250000   clock uncertainty
                                  0.000000    0.250000   clock reconvergence pessimism
                                 -2.000000   -1.750000   output external delay
                                             -1.750000   data required time
---------------------------------------------------------------------------------------------
                                             -1.750000   data required time
                                             -1.131430   data arrival time
---------------------------------------------------------------------------------------------
                                              2.881430   slack (MET)


Startpoint: _206_ (rising edge-triggered flip-flop clocked by clk)
Endpoint: axi_rdata[19] (output port clocked by clk)
Path Group: clk
Path Type: min

Fanout         Cap        Slew       Delay        Time   Description
---------------------------------------------------------------------------------------------
                      0.150000    0.000000    0.000000   clock clk (rise edge)
                                  0.000000    0.000000   clock network delay (ideal)
                      0.150000    0.000000    0.000000 ^ _206_/CLK (sky130_fd_sc_hd__dfrtp_2)
     3    0.013406    0.145096    0.791305    0.791305 ^ _206_/Q (sky130_fd_sc_hd__dfrtp_2)
                                                         counter[19] (net)
                      0.145096    0.000000    0.791305 ^ _097_/A (sky130_fd_sc_hd__xor2_2)
     1    0.033442    0.184911    0.340135    1.131440 v _097_/X (sky130_fd_sc_hd__xor2_2)
                                                         axi_rdata[19] (net)
                      0.184911    0.000000    1.131440 v axi_rdata[19] (out)
                                              1.131440   data arrival time

                      0.150000    0.000000    0.000000   clock clk (rise edge)
                                  0.000000    0.000000   clock network delay (ideal)
                                  0.250000    0.250000   clock uncertainty
                                  0.000000    0.250000   clock reconvergence pessimism
                                 -2.000000   -1.750000   output external delay
                                             -1.750000   data required time
---------------------------------------------------------------------------------------------
                                             -1.750000   data required time
                                             -1.131440   data arrival time
---------------------------------------------------------------------------------------------
                                              2.881440   slack (MET)


Startpoint: _197_ (rising edge-triggered flip-flop clocked by clk)
Endpoint: axi_rdata[10] (output port clocked by clk)
Path Group: clk
Path Type: min

Fanout         Cap        Slew       Delay        Time   Description
---------------------------------------------------------------------------------------------
                      0.150000    0.000000    0.000000   clock clk (rise edge)
                                  0.000000    0.000000   clock network delay (ideal)
                      0.150000    0.000000    0.000000 ^ _197_/CLK (sky130_fd_sc_hd__dfrtp_2)
     4    0.014056    0.149454    0.795756    0.795756 ^ _197_/Q (sky130_fd_sc_hd__dfrtp_2)
                                                         counter[10] (net)
                      0.149454    0.000000    0.795756 ^ _088_/A (sky130_fd_sc_hd__xor2_2)
     1    0.033442    0.184908    0.341827    1.137583 v _088_/X (sky130_fd_sc_hd__xor2_2)
                                                         axi_rdata[10] (net)
                      0.184908    0.000000    1.137583 v axi_rdata[10] (out)
                                              1.137583   data arrival time

                      0.150000    0.000000    0.000000   clock clk (rise edge)
                                  0.000000    0.000000   clock network delay (ideal)
                                  0.250000    0.250000   clock uncertainty
                                  0.000000    0.250000   clock reconvergence pessimism
                                 -2.000000   -1.750000   output external delay
                                             -1.750000   data required time
---------------------------------------------------------------------------------------------
                                             -1.750000   data required time
                                             -1.137583   data arrival time
---------------------------------------------------------------------------------------------
                                              2.887583   slack (MET)


Startpoint: _193_ (rising edge-triggered flip-flop clocked by clk)
Endpoint: axi_rdata[6] (output port clocked by clk)
Path Group: clk
Path Type: min

Fanout         Cap        Slew       Delay        Time   Description
---------------------------------------------------------------------------------------------
                      0.150000    0.000000    0.000000   clock clk (rise edge)
                                  0.000000    0.000000   clock network delay (ideal)
                      0.150000    0.000000    0.000000 ^ _193_/CLK (sky130_fd_sc_hd__dfrtp_2)
     4    0.014859    0.154837    0.801255    0.801255 ^ _193_/Q (sky130_fd_sc_hd__dfrtp_2)
                                                         counter[6] (net)
                      0.154837    0.000000    0.801255 ^ _084_/A (sky130_fd_sc_hd__xor2_2)
     1    0.033442    0.184907    0.343917    1.145172 v _084_/X (sky130_fd_sc_hd__xor2_2)
                                                         axi_rdata[6] (net)
                      0.184907    0.000000    1.145172 v axi_rdata[6] (out)
                                              1.145172   data arrival time

                      0.150000    0.000000    0.000000   clock clk (rise edge)
                                  0.000000    0.000000   clock network delay (ideal)
                                  0.250000    0.250000   clock uncertainty
                                  0.000000    0.250000   clock reconvergence pessimism
                                 -2.000000   -1.750000   output external delay
                                             -1.750000   data required time
---------------------------------------------------------------------------------------------
                                             -1.750000   data required time
                                             -1.145172   data arrival time
---------------------------------------------------------------------------------------------
                                              2.895172   slack (MET)


Startpoint: _213_ (rising edge-triggered flip-flop clocked by clk)
Endpoint: axi_rdata[26] (output port clocked by clk)
Path Group: clk
Path Type: min

Fanout         Cap        Slew       Delay        Time   Description
---------------------------------------------------------------------------------------------
                      0.150000    0.000000    0.000000   clock clk (rise edge)
                                  0.000000    0.000000   clock network delay (ideal)
                      0.150000    0.000000    0.000000 ^ _213_/CLK (sky130_fd_sc_hd__dfrtp_2)
     4    0.014860    0.154844    0.801262    0.801262 ^ _213_/Q (sky130_fd_sc_hd__dfrtp_2)
                                                         counter[26] (net)
                      0.154844    0.000000    0.801262 ^ _104_/A (sky130_fd_sc_hd__xor2_2)
     1    0.033442    0.184906    0.343919    1.145181 v _104_/X (sky130_fd_sc_hd__xor2_2)
                                                         axi_rdata[26] (net)
                      0.184906    0.000000    1.145181 v axi_rdata[26] (out)
                                              1.145181   data arrival time

                      0.150000    0.000000    0.000000   clock clk (rise edge)
                                  0.000000    0.000000   clock network delay (ideal)
                                  0.250000    0.250000   clock uncertainty
                                  0.000000    0.250000   clock reconvergence pessimism
                                 -2.000000   -1.750000   output external delay
                                             -1.750000   data required time
---------------------------------------------------------------------------------------------
                                             -1.750000   data required time
                                             -1.145181   data arrival time
---------------------------------------------------------------------------------------------
                                              2.895181   slack (MET)


Startpoint: _210_ (rising edge-triggered flip-flop clocked by clk)
Endpoint: axi_rdata[23] (output port clocked by clk)
Path Group: clk
Path Type: min

Fanout         Cap        Slew       Delay        Time   Description
---------------------------------------------------------------------------------------------
                      0.150000    0.000000    0.000000   clock clk (rise edge)
                                  0.000000    0.000000   clock network delay (ideal)
                      0.150000    0.000000    0.000000 ^ _210_/CLK (sky130_fd_sc_hd__dfrtp_2)
     4    0.014891    0.155052    0.801474    0.801474 ^ _210_/Q (sky130_fd_sc_hd__dfrtp_2)
                                                         counter[23] (net)
                      0.155052    0.000000    0.801474 ^ _101_/A (sky130_fd_sc_hd__xor2_2)
     1    0.033442    0.184906    0.344000    1.145474 v _101_/X (sky130_fd_sc_hd__xor2_2)
                                                         axi_rdata[23] (net)
                      0.184906    0.000000    1.145474 v axi_rdata[23] (out)
                                              1.145474   data arrival time

                      0.150000    0.000000    0.000000   clock clk (rise edge)
                                  0.000000    0.000000   clock network delay (ideal)
                                  0.250000    0.250000   clock uncertainty
                                  0.000000    0.250000   clock reconvergence pessimism
                                 -2.000000   -1.750000   output external delay
                                             -1.750000   data required time
---------------------------------------------------------------------------------------------
                                             -1.750000   data required time
                                             -1.145474   data arrival time
---------------------------------------------------------------------------------------------
                                              2.895474   slack (MET)


Startpoint: _202_ (rising edge-triggered flip-flop clocked by clk)
Endpoint: axi_rdata[15] (output port clocked by clk)
Path Group: clk
Path Type: min

Fanout         Cap        Slew       Delay        Time   Description
---------------------------------------------------------------------------------------------
                      0.150000    0.000000    0.000000   clock clk (rise edge)
                                  0.000000    0.000000   clock network delay (ideal)
                      0.150000    0.000000    0.000000 ^ _202_/CLK (sky130_fd_sc_hd__dfrtp_2)
     4    0.015259    0.157519    0.803994    0.803994 ^ _202_/Q (sky130_fd_sc_hd__dfrtp_2)
                                                         counter[15] (net)
                      0.157519    0.000000    0.803994 ^ _093_/A (sky130_fd_sc_hd__xor2_2)
     1    0.033442    0.184905    0.344958    1.148952 v _093_/X (sky130_fd_sc_hd__xor2_2)
                                                         axi_rdata[15] (net)
                      0.184905    0.000000    1.148952 v axi_rdata[15] (out)
                                              1.148952   data arrival time

                      0.150000    0.000000    0.000000   clock clk (rise edge)
                                  0.000000    0.000000   clock network delay (ideal)
                                  0.250000    0.250000   clock uncertainty
                                  0.000000    0.250000   clock reconvergence pessimism
                                 -2.000000   -1.750000   output external delay
                                             -1.750000   data required time
---------------------------------------------------------------------------------------------
                                             -1.750000   data required time
                                             -1.148952   data arrival time
---------------------------------------------------------------------------------------------
                                              2.898952   slack (MET)


Startpoint: _215_ (rising edge-triggered flip-flop clocked by clk)
Endpoint: axi_rdata[28] (output port clocked by clk)
Path Group: clk
Path Type: min

Fanout         Cap        Slew       Delay        Time   Description
---------------------------------------------------------------------------------------------
                      0.150000    0.000000    0.000000   clock clk (rise edge)
                                  0.000000    0.000000   clock network delay (ideal)
                      0.150000    0.000000    0.000000 ^ _215_/CLK (sky130_fd_sc_hd__dfrtp_2)
     4    0.016878    0.168372    0.815081    0.815081 ^ _215_/Q (sky130_fd_sc_hd__dfrtp_2)
                                                         counter[28] (net)
                      0.168372    0.000000    0.815081 ^ _106_/A (sky130_fd_sc_hd__xor2_2)
     1    0.033442    0.184900    0.349172    1.164253 v _106_/X (sky130_fd_sc_hd__xor2_2)
                                                         axi_rdata[28] (net)
                      0.184900    0.000000    1.164253 v axi_rdata[28] (out)
                                              1.164253   data arrival time

                      0.150000    0.000000    0.000000   clock clk (rise edge)
                                  0.000000    0.000000   clock network delay (ideal)
                                  0.250000    0.250000   clock uncertainty
                                  0.000000    0.250000   clock reconvergence pessimism
                                 -2.000000   -1.750000   output external delay
                                             -1.750000   data required time
---------------------------------------------------------------------------------------------
                                             -1.750000   data required time
                                             -1.164253   data arrival time
---------------------------------------------------------------------------------------------
                                              2.914253   slack (MET)


Startpoint: _208_ (rising edge-triggered flip-flop clocked by clk)
Endpoint: axi_rdata[21] (output port clocked by clk)
Path Group: clk
Path Type: min

Fanout         Cap        Slew       Delay        Time   Description
---------------------------------------------------------------------------------------------
                      0.150000    0.000000    0.000000   clock clk (rise edge)
                                  0.000000    0.000000   clock network delay (ideal)
                      0.150000    0.000000    0.000000 ^ _208_/CLK (sky130_fd_sc_hd__dfrtp_2)
     4    0.016922    0.168667    0.815382    0.815382 ^ _208_/Q (sky130_fd_sc_hd__dfrtp_2)
                                                         counter[21] (net)
                      0.168667    0.000000    0.815382 ^ _099_/A (sky130_fd_sc_hd__xor2_2)
     1    0.033442    0.184900    0.349287    1.164669 v _099_/X (sky130_fd_sc_hd__xor2_2)
                                                         axi_rdata[21] (net)
                      0.184900    0.000000    1.164669 v axi_rdata[21] (out)
                                              1.164669   data arrival time

                      0.150000    0.000000    0.000000   clock clk (rise edge)
                                  0.000000    0.000000   clock network delay (ideal)
                                  0.250000    0.250000   clock uncertainty
                                  0.000000    0.250000   clock reconvergence pessimism
                                 -2.000000   -1.750000   output external delay
                                             -1.750000   data required time
---------------------------------------------------------------------------------------------
                                             -1.750000   data required time
                                             -1.164669   data arrival time
---------------------------------------------------------------------------------------------
                                              2.914669   slack (MET)


Startpoint: _205_ (rising edge-triggered flip-flop clocked by clk)
Endpoint: axi_rdata[18] (output port clocked by clk)
Path Group: clk
Path Type: min

Fanout         Cap        Slew       Delay        Time   Description
---------------------------------------------------------------------------------------------
                      0.150000    0.000000    0.000000   clock clk (rise edge)
                                  0.000000    0.000000   clock network delay (ideal)
                      0.150000    0.000000    0.000000 ^ _205_/CLK (sky130_fd_sc_hd__dfrtp_2)
     4    0.017042    0.169471    0.816204    0.816204 ^ _205_/Q (sky130_fd_sc_hd__dfrtp_2)
                                                         counter[18] (net)
                      0.169471    0.000000    0.816204 ^ _096_/A (sky130_fd_sc_hd__xor2_2)
     1    0.033442    0.184900    0.349599    1.165803 v _096_/X (sky130_fd_sc_hd__xor2_2)
                                                         axi_rdata[18] (net)
                      0.184900    0.000000    1.165803 v axi_rdata[18] (out)
                                              1.165803   data arrival time

                      0.150000    0.000000    0.000000   clock clk (rise edge)
                                  0.000000    0.000000   clock network delay (ideal)
                                  0.250000    0.250000   clock uncertainty
                                  0.000000    0.250000   clock reconvergence pessimism
                                 -2.000000   -1.750000   output external delay
                                             -1.750000   data required time
---------------------------------------------------------------------------------------------
                                             -1.750000   data required time
                                             -1.165803   data arrival time
---------------------------------------------------------------------------------------------
                                              2.915803   slack (MET)


Startpoint: _209_ (rising edge-triggered flip-flop clocked by clk)
Endpoint: axi_rdata[22] (output port clocked by clk)
Path Group: clk
Path Type: min

Fanout         Cap        Slew       Delay        Time   Description
---------------------------------------------------------------------------------------------
                      0.150000    0.000000    0.000000   clock clk (rise edge)
                                  0.000000    0.000000   clock network delay (ideal)
                      0.150000    0.000000    0.000000 ^ _209_/CLK (sky130_fd_sc_hd__dfrtp_2)
     5    0.018388    0.178495    0.825421    0.825421 ^ _209_/Q (sky130_fd_sc_hd__dfrtp_2)
                                                         counter[22] (net)
                      0.178495    0.000000    0.825421 ^ _100_/A (sky130_fd_sc_hd__xor2_2)
     1    0.033442    0.184895    0.353103    1.178524 v _100_/X (sky130_fd_sc_hd__xor2_2)
                                                         axi_rdata[22] (net)
                      0.184895    0.000000    1.178524 v axi_rdata[22] (out)
                                              1.178524   data arrival time

                      0.150000    0.000000    0.000000   clock clk (rise edge)
                                  0.000000    0.000000   clock network delay (ideal)
                                  0.250000    0.250000   clock uncertainty
                                  0.000000    0.250000   clock reconvergence pessimism
                                 -2.000000   -1.750000   output external delay
                                             -1.750000   data required time
---------------------------------------------------------------------------------------------
                                             -1.750000   data required time
                                             -1.178524   data arrival time
---------------------------------------------------------------------------------------------
                                              2.928524   slack (MET)


Startpoint: _212_ (rising edge-triggered flip-flop clocked by clk)
Endpoint: axi_rdata[25] (output port clocked by clk)
Path Group: clk
Path Type: min

Fanout         Cap        Slew       Delay        Time   Description
---------------------------------------------------------------------------------------------
                      0.150000    0.000000    0.000000   clock clk (rise edge)
                                  0.000000    0.000000   clock network delay (ideal)
                      0.150000    0.000000    0.000000 ^ _212_/CLK (sky130_fd_sc_hd__dfrtp_2)
     5    0.018522    0.179393    0.826334    0.826334 ^ _212_/Q (sky130_fd_sc_hd__dfrtp_2)
                                                         counter[25] (net)
                      0.179393    0.000000    0.826334 ^ _103_/A (sky130_fd_sc_hd__xor2_2)
     1    0.033442    0.184894    0.353452    1.179786 v _103_/X (sky130_fd_sc_hd__xor2_2)
                                                         axi_rdata[25] (net)
                      0.184894    0.000000    1.179786 v axi_rdata[25] (out)
                                              1.179786   data arrival time

                      0.150000    0.000000    0.000000   clock clk (rise edge)
                                  0.000000    0.000000   clock network delay (ideal)
                                  0.250000    0.250000   clock uncertainty
                                  0.000000    0.250000   clock reconvergence pessimism
                                 -2.000000   -1.750000   output external delay
                                             -1.750000   data required time
---------------------------------------------------------------------------------------------
                                             -1.750000   data required time
                                             -1.179786   data arrival time
---------------------------------------------------------------------------------------------
                                              2.929786   slack (MET)


Startpoint: _218_ (rising edge-triggered flip-flop clocked by clk)
Endpoint: axi_rdata[31] (output port clocked by clk)
Path Group: clk
Path Type: min

Fanout         Cap        Slew       Delay        Time   Description
---------------------------------------------------------------------------------------------
                      0.150000    0.000000    0.000000   clock clk (rise edge)
                                  0.000000    0.000000   clock network delay (ideal)
                      0.150000    0.000000    0.000000 ^ _218_/CLK (sky130_fd_sc_hd__dfrtp_2)
     2    0.018784    0.181188    0.827738    0.827738 ^ _218_/Q (sky130_fd_sc_hd__dfrtp_2)
                                                         counter[31] (net)
                      0.181188    0.000000    0.827738 ^ _109_/A (sky130_fd_sc_hd__xor2_2)
     1    0.033442    0.184894    0.354148    1.181887 v _109_/X (sky130_fd_sc_hd__xor2_2)
                                                         axi_rdata[31] (net)
                      0.184894    0.000000    1.181887 v axi_rdata[31] (out)
                                              1.181887   data arrival time

                      0.150000    0.000000    0.000000   clock clk (rise edge)
                                  0.000000    0.000000   clock network delay (ideal)
                                  0.250000    0.250000   clock uncertainty
                                  0.000000    0.250000   clock reconvergence pessimism
                                 -2.000000   -1.750000   output external delay
                                             -1.750000   data required time
---------------------------------------------------------------------------------------------
                                             -1.750000   data required time
                                             -1.181887   data arrival time
---------------------------------------------------------------------------------------------
                                              2.931887   slack (MET)


Startpoint: _188_ (rising edge-triggered flip-flop clocked by clk)
Endpoint: axi_rdata[1] (output port clocked by clk)
Path Group: clk
Path Type: min

Fanout         Cap        Slew       Delay        Time   Description
---------------------------------------------------------------------------------------------
                      0.150000    0.000000    0.000000   clock clk (rise edge)
                                  0.000000    0.000000   clock network delay (ideal)
                      0.150000    0.000000    0.000000 ^ _188_/CLK (sky130_fd_sc_hd__dfrtp_2)
     5    0.019365    0.185166    0.830852    0.830852 ^ _188_/Q (sky130_fd_sc_hd__dfrtp_2)
                                                         counter[1] (net)
                      0.185166    0.000000    0.830852 ^ _079_/A (sky130_fd_sc_hd__xor2_2)
     1    0.033442    0.184892    0.355693    1.186545 v _079_/X (sky130_fd_sc_hd__xor2_2)
                                                         axi_rdata[1] (net)
                      0.184892    0.000000    1.186545 v axi_rdata[1] (out)
                                              1.186545   data arrival time

                      0.150000    0.000000    0.000000   clock clk (rise edge)
                                  0.000000    0.000000   clock network delay (ideal)
                                  0.250000    0.250000   clock uncertainty
                                  0.000000    0.250000   clock reconvergence pessimism
                                 -2.000000   -1.750000   output external delay
                                             -1.750000   data required time
---------------------------------------------------------------------------------------------
                                             -1.750000   data required time
                                             -1.186545   data arrival time
---------------------------------------------------------------------------------------------
                                              2.936545   slack (MET)


Startpoint: _196_ (rising edge-triggered flip-flop clocked by clk)
Endpoint: axi_rdata[9] (output port clocked by clk)
Path Group: clk
Path Type: min

Fanout         Cap        Slew       Delay        Time   Description
---------------------------------------------------------------------------------------------
                      0.150000    0.000000    0.000000   clock clk (rise edge)
                                  0.000000    0.000000   clock network delay (ideal)
                      0.150000    0.000000    0.000000 ^ _196_/CLK (sky130_fd_sc_hd__dfrtp_2)
     5    0.019817    0.188261    0.833275    0.833275 ^ _196_/Q (sky130_fd_sc_hd__dfrtp_2)
                                                         counter[9] (net)
                      0.188261    0.000000    0.833275 ^ _087_/A (sky130_fd_sc_hd__xor2_2)
     1    0.033442    0.184890    0.356895    1.190170 v _087_/X (sky130_fd_sc_hd__xor2_2)
                                                         axi_rdata[9] (net)
                      0.184890    0.000000    1.190170 v axi_rdata[9] (out)
                                              1.190170   data arrival time

                      0.150000    0.000000    0.000000   clock clk (rise edge)
                                  0.000000    0.000000   clock network delay (ideal)
                                  0.250000    0.250000   clock uncertainty
                                  0.000000    0.250000   clock reconvergence pessimism
                                 -2.000000   -1.750000   output external delay
                                             -1.750000   data required time
---------------------------------------------------------------------------------------------
                                             -1.750000   data required time
                                             -1.190170   data arrival time
---------------------------------------------------------------------------------------------
                                              2.940170   slack (MET)


Startpoint: _217_ (rising edge-triggered flip-flop clocked by clk)
Endpoint: axi_rdata[30] (output port clocked by clk)
Path Group: clk
Path Type: min

Fanout         Cap        Slew       Delay        Time   Description
---------------------------------------------------------------------------------------------
                      0.150000    0.000000    0.000000   clock clk (rise edge)
                                  0.000000    0.000000   clock network delay (ideal)
                      0.150000    0.000000    0.000000 ^ _217_/CLK (sky130_fd_sc_hd__dfrtp_2)
     3    0.020238    0.191144    0.835531    0.835531 ^ _217_/Q (sky130_fd_sc_hd__dfrtp_2)
                                                         counter[30] (net)
                      0.191144    0.000000    0.835531 ^ _108_/A (sky130_fd_sc_hd__xor2_2)
     1    0.033442    0.184889    0.358014    1.193545 v _108_/X (sky130_fd_sc_hd__xor2_2)
                                                         axi_rdata[30] (net)
                      0.184889    0.000000    1.193545 v axi_rdata[30] (out)
                                              1.193545   data arrival time

                      0.150000    0.000000    0.000000   clock clk (rise edge)
                                  0.000000    0.000000   clock network delay (ideal)
                                  0.250000    0.250000   clock uncertainty
                                  0.000000    0.250000   clock reconvergence pessimism
                                 -2.000000   -1.750000   output external delay
                                             -1.750000   data required time
---------------------------------------------------------------------------------------------
                                             -1.750000   data required time
                                             -1.193545   data arrival time
---------------------------------------------------------------------------------------------
                                              2.943546   slack (MET)


Startpoint: _200_ (rising edge-triggered flip-flop clocked by clk)
Endpoint: axi_rdata[13] (output port clocked by clk)
Path Group: clk
Path Type: min

Fanout         Cap        Slew       Delay        Time   Description
---------------------------------------------------------------------------------------------
                      0.150000    0.000000    0.000000   clock clk (rise edge)
                                  0.000000    0.000000   clock network delay (ideal)
                      0.150000    0.000000    0.000000 ^ _200_/CLK (sky130_fd_sc_hd__dfrtp_2)
     6    0.020375    0.192082    0.836265    0.836265 ^ _200_/Q (sky130_fd_sc_hd__dfrtp_2)
                                                         counter[13] (net)
                      0.192082    0.000000    0.836265 ^ _091_/A (sky130_fd_sc_hd__xor2_2)
     1    0.033442    0.184888    0.358379    1.194644 v _091_/X (sky130_fd_sc_hd__xor2_2)
                                                         axi_rdata[13] (net)
                      0.184888    0.000000    1.194644 v axi_rdata[13] (out)
                                              1.194644   data arrival time

                      0.150000    0.000000    0.000000   clock clk (rise edge)
                                  0.000000    0.000000   clock network delay (ideal)
                                  0.250000    0.250000   clock uncertainty
                                  0.000000    0.250000   clock reconvergence pessimism
                                 -2.000000   -1.750000   output external delay
                                             -1.750000   data required time
---------------------------------------------------------------------------------------------
                                             -1.750000   data required time
                                             -1.194644   data arrival time
---------------------------------------------------------------------------------------------
                                              2.944644   slack (MET)


Startpoint: _189_ (rising edge-triggered flip-flop clocked by clk)
Endpoint: axi_rdata[2] (output port clocked by clk)
Path Group: clk
Path Type: min

Fanout         Cap        Slew       Delay        Time   Description
---------------------------------------------------------------------------------------------
                      0.150000    0.000000    0.000000   clock clk (rise edge)
                                  0.000000    0.000000   clock network delay (ideal)
                      0.150000    0.000000    0.000000 ^ _189_/CLK (sky130_fd_sc_hd__dfrtp_2)
     4    0.022440    0.206223    0.847332    0.847332 ^ _189_/Q (sky130_fd_sc_hd__dfrtp_2)
                                                         counter[2] (net)
                      0.206223    0.000000    0.847332 ^ _080_/A (sky130_fd_sc_hd__xor2_2)
     1    0.033442    0.184883    0.363869    1.211202 v _080_/X (sky130_fd_sc_hd__xor2_2)
                                                         axi_rdata[2] (net)
                      0.184883    0.000000    1.211202 v axi_rdata[2] (out)
                                              1.211202   data arrival time

                      0.150000    0.000000    0.000000   clock clk (rise edge)
                                  0.000000    0.000000   clock network delay (ideal)
                                  0.250000    0.250000   clock uncertainty
                                  0.000000    0.250000   clock reconvergence pessimism
                                 -2.000000   -1.750000   output external delay
                                             -1.750000   data required time
---------------------------------------------------------------------------------------------
                                             -1.750000   data required time
                                             -1.211202   data arrival time
---------------------------------------------------------------------------------------------
                                              2.961202   slack (MET)


Startpoint: _198_ (rising edge-triggered flip-flop clocked by clk)
Endpoint: axi_rdata[11] (output port clocked by clk)
Path Group: clk
Path Type: min

Fanout         Cap        Slew       Delay        Time   Description
---------------------------------------------------------------------------------------------
                      0.150000    0.000000    0.000000   clock clk (rise edge)
                                  0.000000    0.000000   clock network delay (ideal)
                      0.150000    0.000000    0.000000 ^ _198_/CLK (sky130_fd_sc_hd__dfrtp_2)
     8    0.022994    0.210017    0.850302    0.850302 ^ _198_/Q (sky130_fd_sc_hd__dfrtp_2)
                                                         counter[11] (net)
                      0.210017    0.000000    0.850302 ^ _089_/A (sky130_fd_sc_hd__xor2_2)
     1    0.033442    0.184880    0.365342    1.215644 v _089_/X (sky130_fd_sc_hd__xor2_2)
                                                         axi_rdata[11] (net)
                      0.184880    0.000000    1.215644 v axi_rdata[11] (out)
                                              1.215644   data arrival time

                      0.150000    0.000000    0.000000   clock clk (rise edge)
                                  0.000000    0.000000   clock network delay (ideal)
                                  0.250000    0.250000   clock uncertainty
                                  0.000000    0.250000   clock reconvergence pessimism
                                 -2.000000   -1.750000   output external delay
                                             -1.750000   data required time
---------------------------------------------------------------------------------------------
                                             -1.750000   data required time
                                             -1.215644   data arrival time
---------------------------------------------------------------------------------------------
                                              2.965644   slack (MET)


Startpoint: _201_ (rising edge-triggered flip-flop clocked by clk)
Endpoint: axi_rdata[14] (output port clocked by clk)
Path Group: clk
Path Type: min

Fanout         Cap        Slew       Delay        Time   Description
---------------------------------------------------------------------------------------------
                      0.150000    0.000000    0.000000   clock clk (rise edge)
                                  0.000000    0.000000   clock network delay (ideal)
                      0.150000    0.000000    0.000000 ^ _201_/CLK (sky130_fd_sc_hd__dfrtp_2)
     5    0.023609    0.214228    0.853598    0.853598 ^ _201_/Q (sky130_fd_sc_hd__dfrtp_2)
                                                         counter[14] (net)
                      0.214228    0.000000    0.853598 ^ _092_/A (sky130_fd_sc_hd__xor2_2)
     1    0.033442    0.184879    0.366978    1.220575 v _092_/X (sky130_fd_sc_hd__xor2_2)
                                                         axi_rdata[14] (net)
                      0.184879    0.000000    1.220575 v axi_rdata[14] (out)
                                              1.220575   data arrival time

                      0.150000    0.000000    0.000000   clock clk (rise edge)
                                  0.000000    0.000000   clock network delay (ideal)
                                  0.250000    0.250000   clock uncertainty
                                  0.000000    0.250000   clock reconvergence pessimism
                                 -2.000000   -1.750000   output external delay
                                             -1.750000   data required time
---------------------------------------------------------------------------------------------
                                             -1.750000   data required time
                                             -1.220575   data arrival time
---------------------------------------------------------------------------------------------
                                              2.970575   slack (MET)


Startpoint: _192_ (rising edge-triggered flip-flop clocked by clk)
Endpoint: axi_rdata[5] (output port clocked by clk)
Path Group: clk
Path Type: min

Fanout         Cap        Slew       Delay        Time   Description
---------------------------------------------------------------------------------------------
                      0.150000    0.000000    0.000000   clock clk (rise edge)
                                  0.000000    0.000000   clock network delay (ideal)
                      0.150000    0.000000    0.000000 ^ _192_/CLK (sky130_fd_sc_hd__dfrtp_2)
     5    0.023879    0.216077    0.855045    0.855045 ^ _192_/Q (sky130_fd_sc_hd__dfrtp_2)
                                                         counter[5] (net)
                      0.216077    0.000000    0.855045 ^ _083_/A (sky130_fd_sc_hd__xor2_2)
     1    0.033442    0.184878    0.367695    1.222740 v _083_/X (sky130_fd_sc_hd__xor2_2)
                                                         axi_rdata[5] (net)
                      0.184878    0.000000    1.222740 v axi_rdata[5] (out)
                                              1.222740   data arrival time

                      0.150000    0.000000    0.000000   clock clk (rise edge)
                                  0.000000    0.000000   clock network delay (ideal)
                                  0.250000    0.250000   clock uncertainty
                                  0.000000    0.250000   clock reconvergence pessimism
                                 -2.000000   -1.750000   output external delay
                                             -1.750000   data required time
---------------------------------------------------------------------------------------------
                                             -1.750000   data required time
                                             -1.222740   data arrival time
---------------------------------------------------------------------------------------------
                                              2.972740   slack (MET)


Startpoint: _187_ (rising edge-triggered flip-flop clocked by clk)
Endpoint: axi_rdata[0] (output port clocked by clk)
Path Group: clk
Path Type: min

Fanout         Cap        Slew       Delay        Time   Description
---------------------------------------------------------------------------------------------
                      0.150000    0.000000    0.000000   clock clk (rise edge)
                                  0.000000    0.000000   clock network delay (ideal)
                      0.150000    0.000000    0.000000 ^ _187_/CLK (sky130_fd_sc_hd__dfrtp_2)
     6    0.023950    0.216563    0.855425    0.855425 ^ _187_/Q (sky130_fd_sc_hd__dfrtp_2)
                                                         counter[0] (net)
                      0.216563    0.000000    0.855425 ^ _078_/A (sky130_fd_sc_hd__xor2_2)
     1    0.033442    0.184878    0.367884    1.223310 v _078_/X (sky130_fd_sc_hd__xor2_2)
                                                         axi_rdata[0] (net)
                      0.184878    0.000000    1.223310 v axi_rdata[0] (out)
                                              1.223310   data arrival time

                      0.150000    0.000000    0.000000   clock clk (rise edge)
                                  0.000000    0.000000   clock network delay (ideal)
                                  0.250000    0.250000   clock uncertainty
                                  0.000000    0.250000   clock reconvergence pessimism
                                 -2.000000   -1.750000   output external delay
                                             -1.750000   data required time
---------------------------------------------------------------------------------------------
                                             -1.750000   data required time
                                             -1.223310   data arrival time
---------------------------------------------------------------------------------------------
                                              2.973310   slack (MET)


Startpoint: _204_ (rising edge-triggered flip-flop clocked by clk)
Endpoint: axi_rdata[17] (output port clocked by clk)
Path Group: clk
Path Type: min

Fanout         Cap        Slew       Delay        Time   Description
---------------------------------------------------------------------------------------------
                      0.150000    0.000000    0.000000   clock clk (rise edge)
                                  0.000000    0.000000   clock network delay (ideal)
                      0.150000    0.000000    0.000000 ^ _204_/CLK (sky130_fd_sc_hd__dfrtp_2)
     5    0.025960    0.230327    0.866198    0.866198 ^ _204_/Q (sky130_fd_sc_hd__dfrtp_2)
                                                         counter[17] (net)
                      0.230327    0.000000    0.866198 ^ _095_/A (sky130_fd_sc_hd__xor2_2)
     1    0.033442    0.184873    0.373185    1.239383 v _095_/X (sky130_fd_sc_hd__xor2_2)
                                                         axi_rdata[17] (net)
                      0.184873    0.000000    1.239383 v axi_rdata[17] (out)
                                              1.239383   data arrival time

                      0.150000    0.000000    0.000000   clock clk (rise edge)
                                  0.000000    0.000000   clock network delay (ideal)
                                  0.250000    0.250000   clock uncertainty
                                  0.000000    0.250000   clock reconvergence pessimism
                                 -2.000000   -1.750000   output external delay
                                             -1.750000   data required time
---------------------------------------------------------------------------------------------
                                             -1.750000   data required time
                                             -1.239383   data arrival time
---------------------------------------------------------------------------------------------
                                              2.989383   slack (MET)


Startpoint: _207_ (rising edge-triggered flip-flop clocked by clk)
Endpoint: axi_rdata[20] (output port clocked by clk)
Path Group: clk
Path Type: min

Fanout         Cap        Slew       Delay        Time   Description
---------------------------------------------------------------------------------------------
                      0.150000    0.000000    0.000000   clock clk (rise edge)
                                  0.000000    0.000000   clock network delay (ideal)
                      0.150000    0.000000    0.000000 ^ _207_/CLK (sky130_fd_sc_hd__dfrtp_2)
     5    0.026181    0.231841    0.867382    0.867382 ^ _207_/Q (sky130_fd_sc_hd__dfrtp_2)
                                                         counter[20] (net)
                      0.231841    0.000000    0.867382 ^ _098_/A (sky130_fd_sc_hd__xor2_2)
     1    0.033442    0.184872    0.373763    1.241145 v _098_/X (sky130_fd_sc_hd__xor2_2)
                                                         axi_rdata[20] (net)
                      0.184872    0.000000    1.241145 v axi_rdata[20] (out)
                                              1.241145   data arrival time

                      0.150000    0.000000    0.000000   clock clk (rise edge)
                                  0.000000    0.000000   clock network delay (ideal)
                                  0.250000    0.250000   clock uncertainty
                                  0.000000    0.250000   clock reconvergence pessimism
                                 -2.000000   -1.750000   output external delay
                                             -1.750000   data required time
---------------------------------------------------------------------------------------------
                                             -1.750000   data required time
                                             -1.241145   data arrival time
---------------------------------------------------------------------------------------------
                                              2.991145   slack (MET)


Startpoint: _211_ (rising edge-triggered flip-flop clocked by clk)
Endpoint: axi_rdata[24] (output port clocked by clk)
Path Group: clk
Path Type: min

Fanout         Cap        Slew       Delay        Time   Description
---------------------------------------------------------------------------------------------
                      0.150000    0.000000    0.000000   clock clk (rise edge)
                                  0.000000    0.000000   clock network delay (ideal)
                      0.150000    0.000000    0.000000 ^ _211_/CLK (sky130_fd_sc_hd__dfrtp_2)
     6    0.027673    0.242057    0.875378    0.875378 ^ _211_/Q (sky130_fd_sc_hd__dfrtp_2)
                                                         counter[24] (net)
                      0.242057    0.000000    0.875378 ^ _102_/A (sky130_fd_sc_hd__xor2_2)
     1    0.033442    0.184868    0.377664    1.253043 v _102_/X (sky130_fd_sc_hd__xor2_2)
                                                         axi_rdata[24] (net)
                      0.184868    0.000000    1.253043 v axi_rdata[24] (out)
                                              1.253043   data arrival time

                      0.150000    0.000000    0.000000   clock clk (rise edge)
                                  0.000000    0.000000   clock network delay (ideal)
                                  0.250000    0.250000   clock uncertainty
                                  0.000000    0.250000   clock reconvergence pessimism
                                 -2.000000   -1.750000   output external delay
                                             -1.750000   data required time
---------------------------------------------------------------------------------------------
                                             -1.750000   data required time
                                             -1.253043   data arrival time
---------------------------------------------------------------------------------------------
                                              3.003043   slack (MET)


Startpoint: _191_ (rising edge-triggered flip-flop clocked by clk)
Endpoint: axi_rdata[4] (output port clocked by clk)
Path Group: clk
Path Type: min

Fanout         Cap        Slew       Delay        Time   Description
---------------------------------------------------------------------------------------------
                      0.150000    0.000000    0.000000   clock clk (rise edge)
                                  0.000000    0.000000   clock network delay (ideal)
                      0.150000    0.000000    0.000000 ^ _191_/CLK (sky130_fd_sc_hd__dfrtp_2)
     6    0.028699    0.249083    0.880877    0.880877 ^ _191_/Q (sky130_fd_sc_hd__dfrtp_2)
                                                         counter[4] (net)
                      0.249083    0.000000    0.880877 ^ _082_/A (sky130_fd_sc_hd__xor2_2)
     1    0.033442    0.184865    0.380347    1.261224 v _082_/X (sky130_fd_sc_hd__xor2_2)
                                                         axi_rdata[4] (net)
                      0.184865    0.000000    1.261224 v axi_rdata[4] (out)
                                              1.261224   data arrival time

                      0.150000    0.000000    0.000000   clock clk (rise edge)
                                  0.000000    0.000000   clock network delay (ideal)
                                  0.250000    0.250000   clock uncertainty
                                  0.000000    0.250000   clock reconvergence pessimism
                                 -2.000000   -1.750000   output external delay
                                             -1.750000   data required time
---------------------------------------------------------------------------------------------
                                             -1.750000   data required time
                                             -1.261224   data arrival time
---------------------------------------------------------------------------------------------
                                              3.011224   slack (MET)


Startpoint: _195_ (rising edge-triggered flip-flop clocked by clk)
Endpoint: axi_rdata[8] (output port clocked by clk)
Path Group: clk
Path Type: min

Fanout         Cap        Slew       Delay        Time   Description
---------------------------------------------------------------------------------------------
                      0.150000    0.000000    0.000000   clock clk (rise edge)
                                  0.000000    0.000000   clock network delay (ideal)
                      0.150000    0.000000    0.000000 ^ _195_/CLK (sky130_fd_sc_hd__dfrtp_2)
     6    0.028729    0.249289    0.881038    0.881038 ^ _195_/Q (sky130_fd_sc_hd__dfrtp_2)
                                                         counter[8] (net)
                      0.249289    0.000000    0.881038 ^ _086_/A (sky130_fd_sc_hd__xor2_2)
     1    0.033442    0.184864    0.380425    1.261464 v _086_/X (sky130_fd_sc_hd__xor2_2)
                                                         axi_rdata[8] (net)
                      0.184864    0.000000    1.261464 v axi_rdata[8] (out)
                                              1.261464   data arrival time

                      0.150000    0.000000    0.000000   clock clk (rise edge)
                                  0.000000    0.000000   clock network delay (ideal)
                                  0.250000    0.250000   clock uncertainty
                                  0.000000    0.250000   clock reconvergence pessimism
                                 -2.000000   -1.750000   output external delay
                                             -1.750000   data required time
---------------------------------------------------------------------------------------------
                                             -1.750000   data required time
                                             -1.261464   data arrival time
---------------------------------------------------------------------------------------------
                                              3.011464   slack (MET)


Startpoint: _199_ (rising edge-triggered flip-flop clocked by clk)
Endpoint: axi_rdata[12] (output port clocked by clk)
Path Group: clk
Path Type: min

Fanout         Cap        Slew       Delay        Time   Description
---------------------------------------------------------------------------------------------
                      0.150000    0.000000    0.000000   clock clk (rise edge)
                                  0.000000    0.000000   clock network delay (ideal)
                      0.150000    0.000000    0.000000 ^ _199_/CLK (sky130_fd_sc_hd__dfrtp_2)
     7    0.029526    0.254746    0.885310    0.885310 ^ _199_/Q (sky130_fd_sc_hd__dfrtp_2)
                                                         counter[12] (net)
                      0.254746    0.000000    0.885310 ^ _090_/A (sky130_fd_sc_hd__xor2_2)
     1    0.033442    0.184862    0.382509    1.267819 v _090_/X (sky130_fd_sc_hd__xor2_2)
                                                         axi_rdata[12] (net)
                      0.184862    0.000000    1.267819 v axi_rdata[12] (out)
                                              1.267819   data arrival time

                      0.150000    0.000000    0.000000   clock clk (rise edge)
                                  0.000000    0.000000   clock network delay (ideal)
                                  0.250000    0.250000   clock uncertainty
                                  0.000000    0.250000   clock reconvergence pessimism
                                 -2.000000   -1.750000   output external delay
                                             -1.750000   data required time
---------------------------------------------------------------------------------------------
                                             -1.750000   data required time
                                             -1.267819   data arrival time
---------------------------------------------------------------------------------------------
                                              3.017819   slack (MET)


Startpoint: _203_ (rising edge-triggered flip-flop clocked by clk)
Endpoint: axi_rdata[16] (output port clocked by clk)
Path Group: clk
Path Type: min

Fanout         Cap        Slew       Delay        Time   Description
---------------------------------------------------------------------------------------------
                      0.150000    0.000000    0.000000   clock clk (rise edge)
                                  0.000000    0.000000   clock network delay (ideal)
                      0.150000    0.000000    0.000000 ^ _203_/CLK (sky130_fd_sc_hd__dfrtp_2)
     6    0.030833    0.263696    0.892314    0.892314 ^ _203_/Q (sky130_fd_sc_hd__dfrtp_2)
                                                         counter[16] (net)
                      0.263696    0.000000    0.892314 ^ _094_/A (sky130_fd_sc_hd__xor2_2)
     1    0.033442    0.184858    0.385927    1.278241 v _094_/X (sky130_fd_sc_hd__xor2_2)
                                                         axi_rdata[16] (net)
                      0.184858    0.000000    1.278241 v axi_rdata[16] (out)
                                              1.278241   data arrival time

                      0.150000    0.000000    0.000000   clock clk (rise edge)
                                  0.000000    0.000000   clock network delay (ideal)
                                  0.250000    0.250000   clock uncertainty
                                  0.000000    0.250000   clock reconvergence pessimism
                                 -2.000000   -1.750000   output external delay
                                             -1.750000   data required time
---------------------------------------------------------------------------------------------
                                             -1.750000   data required time
                                             -1.278241   data arrival time
---------------------------------------------------------------------------------------------
                                              3.028241   slack (MET)


Startpoint: axi_arvalid (input port clocked by clk)
Endpoint: axi_arready (output port clocked by clk)
Path Group: clk
Path Type: min

Fanout         Cap        Slew       Delay        Time   Description
---------------------------------------------------------------------------------------------
                      0.150000    0.000000    0.000000   clock clk (rise edge)
                                  0.000000    0.000000   clock network delay (ideal)
                                  2.000000    2.000000 v input external delay
     1    0.001625    0.014323    0.005500    2.005500 v axi_arvalid (in)
                                                         axi_arvalid (net)
                      0.014323    0.000000    2.005500 v _233_/A (sky130_fd_sc_hd__buf_2)
     1    0.033442    0.165338    0.317305    2.322805 v _233_/X (sky130_fd_sc_hd__buf_2)
                                                         axi_arready (net)
                      0.165338    0.000000    2.322805 v axi_arready (out)
                                              2.322805   data arrival time

                      0.150000    0.000000    0.000000   clock clk (rise edge)
                                  0.000000    0.000000   clock network delay (ideal)
                                  0.250000    0.250000   clock uncertainty
                                  0.000000    0.250000   clock reconvergence pessimism
                                 -2.000000   -1.750000   output external delay
                                             -1.750000   data required time
---------------------------------------------------------------------------------------------
                                             -1.750000   data required time
                                             -2.322805   data arrival time
---------------------------------------------------------------------------------------------
                                              4.072804   slack (MET)


Startpoint: axi_awvalid (input port clocked by clk)
Endpoint: axi_awready (output port clocked by clk)
Path Group: clk
Path Type: min

Fanout         Cap        Slew       Delay        Time   Description
---------------------------------------------------------------------------------------------
                      0.150000    0.000000    0.000000   clock clk (rise edge)
                                  0.000000    0.000000   clock network delay (ideal)
                                  2.000000    2.000000 v input external delay
     1    0.001625    0.014323    0.005500    2.005500 v axi_awvalid (in)
                                                         axi_awvalid (net)
                      0.014323    0.000000    2.005500 v _234_/A (sky130_fd_sc_hd__buf_2)
     1    0.033442    0.165338    0.317305    2.322805 v _234_/X (sky130_fd_sc_hd__buf_2)
                                                         axi_awready (net)
                      0.165338    0.000000    2.322805 v axi_awready (out)
                                              2.322805   data arrival time

                      0.150000    0.000000    0.000000   clock clk (rise edge)
                                  0.000000    0.000000   clock network delay (ideal)
                                  0.250000    0.250000   clock uncertainty
                                  0.000000    0.250000   clock reconvergence pessimism
                                 -2.000000   -1.750000   output external delay
                                             -1.750000   data required time
---------------------------------------------------------------------------------------------
                                             -1.750000   data required time
                                             -2.322805   data arrival time
---------------------------------------------------------------------------------------------
                                              4.072804   slack (MET)


Startpoint: axi_wvalid (input port clocked by clk)
Endpoint: axi_wready (output port clocked by clk)
Path Group: clk
Path Type: min

Fanout         Cap        Slew       Delay        Time   Description
---------------------------------------------------------------------------------------------
                      0.150000    0.000000    0.000000   clock clk (rise edge)
                                  0.000000    0.000000   clock network delay (ideal)
                                  2.000000    2.000000 v input external delay
     1    0.001625    0.014323    0.005500    2.005500 v axi_wvalid (in)
                                                         axi_wvalid (net)
                      0.014323    0.000000    2.005500 v _235_/A (sky130_fd_sc_hd__buf_2)
     1    0.033442    0.165338    0.317305    2.322805 v _235_/X (sky130_fd_sc_hd__buf_2)
                                                         axi_wready (net)
                      0.165338    0.000000    2.322805 v axi_wready (out)
                                              2.322805   data arrival time

                      0.150000    0.000000    0.000000   clock clk (rise edge)
                                  0.000000    0.000000   clock network delay (ideal)
                                  0.250000    0.250000   clock uncertainty
                                  0.000000    0.250000   clock reconvergence pessimism
                                 -2.000000   -1.750000   output external delay
                                             -1.750000   data required time
---------------------------------------------------------------------------------------------
                                             -1.750000   data required time
                                             -2.322805   data arrival time
---------------------------------------------------------------------------------------------
                                              4.072804   slack (MET)



