
===========================================================================
report_checks -path_delay max (Setup)
============================================================================
======================= min_ff_n40C_1v95 Corner ===================================

Startpoint: axi_araddr[3] (input port clocked by clk)
Endpoint: axi_rdata[3] (output port clocked by clk)
Path Group: clk
Path Type: max

Fanout         Cap        Slew       Delay        Time   Description
---------------------------------------------------------------------------------------------
                                  0.000000    0.000000   clock clk (rise edge)
                                  0.000000    0.000000   clock network delay (propagated)
                                  2.000000    2.000000 ^ input external delay
     1    0.007196    0.029058    0.018337    2.018337 ^ axi_araddr[3] (in)
                                                         axi_araddr[3] (net)
                      0.029060    0.000000    2.018337 ^ input26/A (sky130_fd_sc_hd__clkdlybuf4s25_1)
     1    0.012505    0.100693    0.207090    2.225427 ^ input26/X (sky130_fd_sc_hd__clkdlybuf4s25_1)
                                                         net26 (net)
                      0.100693    0.000313    2.225740 ^ _081_/B (sky130_fd_sc_hd__xor2_2)
     1    0.008123    0.110071    0.112388    2.338128 ^ _081_/X (sky130_fd_sc_hd__xor2_2)
                                                         net62 (net)
                      0.110071    0.000272    2.338400 ^ output62/A (sky130_fd_sc_hd__clkdlybuf4s25_1)
     1    0.039846    0.300250    0.363770    2.702171 ^ output62/X (sky130_fd_sc_hd__clkdlybuf4s25_1)
                                                         axi_rdata[3] (net)
                      0.300254    0.001610    2.703781 ^ axi_rdata[3] (out)
                                              2.703781   data arrival time

                                 10.000000   10.000000   clock clk (rise edge)
                                  0.000000   10.000000   clock network delay (propagated)
                                 -0.250000    9.750000   clock uncertainty
                                  0.000000    9.750000   clock reconvergence pessimism
                                 -2.000000    7.750000   output external delay
                                              7.750000   data required time
---------------------------------------------------------------------------------------------
                                              7.750000   data required time
                                             -2.703781   data arrival time
---------------------------------------------------------------------------------------------
                                              5.046219   slack (MET)


Startpoint: axi_araddr[30] (input port clocked by clk)
Endpoint: axi_rdata[30] (output port clocked by clk)
Path Group: clk
Path Type: max

Fanout         Cap        Slew       Delay        Time   Description
---------------------------------------------------------------------------------------------
                                  0.000000    0.000000   clock clk (rise edge)
                                  0.000000    0.000000   clock network delay (propagated)
                                  2.000000    2.000000 ^ input external delay
     1    0.007872    0.031324    0.019915    2.019915 ^ axi_araddr[30] (in)
                                                         axi_araddr[30] (net)
                      0.031325    0.000000    2.019915 ^ input24/A (sky130_fd_sc_hd__clkdlybuf4s25_1)
     1    0.013219    0.105841    0.211480    2.231395 ^ input24/X (sky130_fd_sc_hd__clkdlybuf4s25_1)
                                                         net24 (net)
                      0.105841    0.000158    2.231553 ^ _108_/B (sky130_fd_sc_hd__xor2_2)
     1    0.006787    0.099719    0.104764    2.336316 ^ _108_/X (sky130_fd_sc_hd__xor2_2)
                                                         net60 (net)
                      0.099719    0.000188    2.336504 ^ output60/A (sky130_fd_sc_hd__clkdlybuf4s25_1)
     1    0.040377    0.304076    0.364579    2.701083 ^ output60/X (sky130_fd_sc_hd__clkdlybuf4s25_1)
                                                         axi_rdata[30] (net)
                      0.304078    0.001401    2.702484 ^ axi_rdata[30] (out)
                                              2.702484   data arrival time

                                 10.000000   10.000000   clock clk (rise edge)
                                  0.000000   10.000000   clock network delay (propagated)
                                 -0.250000    9.750000   clock uncertainty
                                  0.000000    9.750000   clock reconvergence pessimism
                                 -2.000000    7.750000   output external delay
                                              7.750000   data required time
---------------------------------------------------------------------------------------------
                                              7.750000   data required time
                                             -2.702484   data arrival time
---------------------------------------------------------------------------------------------
                                              5.047516   slack (MET)


Startpoint: axi_araddr[7] (input port clocked by clk)
Endpoint: axi_rdata[7] (output port clocked by clk)
Path Group: clk
Path Type: max

Fanout         Cap        Slew       Delay        Time   Description
---------------------------------------------------------------------------------------------
                                  0.000000    0.000000   clock clk (rise edge)
                                  0.000000    0.000000   clock network delay (propagated)
                                  2.000000    2.000000 ^ input external delay
     1    0.007252    0.029251    0.018467    2.018466 ^ axi_araddr[7] (in)
                                                         axi_araddr[7] (net)
                      0.029253    0.000000    2.018466 ^ input30/A (sky130_fd_sc_hd__clkdlybuf4s25_1)
     1    0.013561    0.108375    0.212443    2.230910 ^ input30/X (sky130_fd_sc_hd__clkdlybuf4s25_1)
                                                         net30 (net)
                      0.108375    0.000481    2.231391 ^ _085_/B (sky130_fd_sc_hd__xor2_2)
     1    0.005722    0.091488    0.098676    2.330067 ^ _085_/X (sky130_fd_sc_hd__xor2_2)
                                                         net66 (net)
                      0.091488    0.000127    2.330194 ^ output66/A (sky130_fd_sc_hd__clkdlybuf4s25_1)
     1    0.038934    0.293445    0.355765    2.685959 ^ output66/X (sky130_fd_sc_hd__clkdlybuf4s25_1)
                                                         axi_rdata[7] (net)
                      0.293446    0.001138    2.687097 ^ axi_rdata[7] (out)
                                              2.687097   data arrival time

                                 10.000000   10.000000   clock clk (rise edge)
                                  0.000000   10.000000   clock network delay (propagated)
                                 -0.250000    9.750000   clock uncertainty
                                  0.000000    9.750000   clock reconvergence pessimism
                                 -2.000000    7.750000   output external delay
                                              7.750000   data required time
---------------------------------------------------------------------------------------------
                                              7.750000   data required time
                                             -2.687097   data arrival time
---------------------------------------------------------------------------------------------
                                              5.062903   slack (MET)


Startpoint: axi_araddr[29] (input port clocked by clk)
Endpoint: axi_rdata[29] (output port clocked by clk)
Path Group: clk
Path Type: max

Fanout         Cap        Slew       Delay        Time   Description
---------------------------------------------------------------------------------------------
                                  0.000000    0.000000   clock clk (rise edge)
                                  0.000000    0.000000   clock network delay (propagated)
                                  2.000000    2.000000 ^ input external delay
     1    0.006839    0.027851    0.017427    2.017427 ^ axi_araddr[29] (in)
                                                         axi_araddr[29] (net)
                      0.027851    0.000000    2.017427 ^ input22/A (sky130_fd_sc_hd__clkdlybuf4s25_1)
     1    0.011368    0.092448    0.201017    2.218443 ^ input22/X (sky130_fd_sc_hd__clkdlybuf4s25_1)
                                                         net22 (net)
                      0.092448    0.000223    2.218666 ^ _107_/B (sky130_fd_sc_hd__xor2_2)
     1    0.005512    0.089861    0.097139    2.315805 ^ _107_/X (sky130_fd_sc_hd__xor2_2)
                                                         net58 (net)
                      0.089861    0.000118    2.315923 ^ output58/A (sky130_fd_sc_hd__clkdlybuf4s25_1)
     1    0.038720    0.291845    0.354479    2.670402 ^ output58/X (sky130_fd_sc_hd__clkdlybuf4s25_1)
                                                         axi_rdata[29] (net)
                      0.291845    0.000950    2.671352 ^ axi_rdata[29] (out)
                                              2.671352   data arrival time

                                 10.000000   10.000000   clock clk (rise edge)
                                  0.000000   10.000000   clock network delay (propagated)
                                 -0.250000    9.750000   clock uncertainty
                                  0.000000    9.750000   clock reconvergence pessimism
                                 -2.000000    7.750000   output external delay
                                              7.750000   data required time
---------------------------------------------------------------------------------------------
                                              7.750000   data required time
                                             -2.671352   data arrival time
---------------------------------------------------------------------------------------------
                                              5.078648   slack (MET)


Startpoint: axi_araddr[28] (input port clocked by clk)
Endpoint: axi_rdata[28] (output port clocked by clk)
Path Group: clk
Path Type: max

Fanout         Cap        Slew       Delay        Time   Description
---------------------------------------------------------------------------------------------
                                  0.000000    0.000000   clock clk (rise edge)
                                  0.000000    0.000000   clock network delay (propagated)
                                  2.000000    2.000000 ^ input external delay
     1    0.005728    0.024131    0.014728    2.014728 ^ axi_araddr[28] (in)
                                                         axi_araddr[28] (net)
                      0.024132    0.000000    2.014728 ^ input21/A (sky130_fd_sc_hd__clkdlybuf4s25_1)
     1    0.012039    0.097323    0.203427    2.218155 ^ input21/X (sky130_fd_sc_hd__clkdlybuf4s25_1)
                                                         net21 (net)
                      0.097323    0.000119    2.218274 ^ _106_/B (sky130_fd_sc_hd__xor2_2)
     1    0.004993    0.086008    0.094240    2.312514 ^ _106_/X (sky130_fd_sc_hd__xor2_2)
                                                         net57 (net)
                      0.086008    0.000082    2.312596 ^ output57/A (sky130_fd_sc_hd__clkdlybuf4s25_1)
     1    0.038671    0.291432    0.353623    2.666219 ^ output57/X (sky130_fd_sc_hd__clkdlybuf4s25_1)
                                                         axi_rdata[28] (net)
                      0.291432    0.000723    2.666943 ^ axi_rdata[28] (out)
                                              2.666943   data arrival time

                                 10.000000   10.000000   clock clk (rise edge)
                                  0.000000   10.000000   clock network delay (propagated)
                                 -0.250000    9.750000   clock uncertainty
                                  0.000000    9.750000   clock reconvergence pessimism
                                 -2.000000    7.750000   output external delay
                                              7.750000   data required time
---------------------------------------------------------------------------------------------
                                              7.750000   data required time
                                             -2.666943   data arrival time
---------------------------------------------------------------------------------------------
                                              5.083057   slack (MET)


Startpoint: axi_araddr[2] (input port clocked by clk)
Endpoint: axi_rdata[2] (output port clocked by clk)
Path Group: clk
Path Type: max

Fanout         Cap        Slew       Delay        Time   Description
---------------------------------------------------------------------------------------------
                                  0.000000    0.000000   clock clk (rise edge)
                                  0.000000    0.000000   clock network delay (propagated)
                                  2.000000    2.000000 ^ input external delay
     1    0.008174    0.032358    0.020751    2.020751 ^ axi_araddr[2] (in)
                                                         axi_araddr[2] (net)
                      0.032362    0.000000    2.020751 ^ input23/A (sky130_fd_sc_hd__clkdlybuf4s25_1)
     1    0.015030    0.118980    0.220967    2.241718 ^ input23/X (sky130_fd_sc_hd__clkdlybuf4s25_1)
                                                         net23 (net)
                      0.118980    0.000225    2.241943 ^ _080_/B (sky130_fd_sc_hd__xor2_2)
     1    0.002831    0.069153    0.082034    2.323977 ^ _080_/X (sky130_fd_sc_hd__xor2_2)
                                                         net59 (net)
                      0.069153    0.000026    2.324004 ^ output59/A (sky130_fd_sc_hd__clkdlybuf4s25_1)
     1    0.036781    0.277592    0.340529    2.664532 ^ output59/X (sky130_fd_sc_hd__clkdlybuf4s25_1)
                                                         axi_rdata[2] (net)
                      0.277592    0.000877    2.665409 ^ axi_rdata[2] (out)
                                              2.665409   data arrival time

                                 10.000000   10.000000   clock clk (rise edge)
                                  0.000000   10.000000   clock network delay (propagated)
                                 -0.250000    9.750000   clock uncertainty
                                  0.000000    9.750000   clock reconvergence pessimism
                                 -2.000000    7.750000   output external delay
                                              7.750000   data required time
---------------------------------------------------------------------------------------------
                                              7.750000   data required time
                                             -2.665409   data arrival time
---------------------------------------------------------------------------------------------
                                              5.084591   slack (MET)


Startpoint: axi_araddr[31] (input port clocked by clk)
Endpoint: axi_rdata[31] (output port clocked by clk)
Path Group: clk
Path Type: max

Fanout         Cap        Slew       Delay        Time   Description
---------------------------------------------------------------------------------------------
                                  0.000000    0.000000   clock clk (rise edge)
                                  0.000000    0.000000   clock network delay (propagated)
                                  2.000000    2.000000 ^ input external delay
     1    0.006069    0.025271    0.015555    2.015555 ^ axi_araddr[31] (in)
                                                         axi_araddr[31] (net)
                      0.025272    0.000000    2.015555 ^ input25/A (sky130_fd_sc_hd__clkdlybuf4s25_1)
     1    0.011155    0.090909    0.199262    2.214817 ^ input25/X (sky130_fd_sc_hd__clkdlybuf4s25_1)
                                                         net25 (net)
                      0.090909    0.000103    2.214920 ^ _109_/B (sky130_fd_sc_hd__xor2_2)
     1    0.005150    0.087052    0.095020    2.309940 ^ _109_/X (sky130_fd_sc_hd__xor2_2)
                                                         net61 (net)
                      0.087052    0.000065    2.310005 ^ output61/A (sky130_fd_sc_hd__clkdlybuf4s25_1)
     1    0.038371    0.289185    0.352481    2.662486 ^ output61/X (sky130_fd_sc_hd__clkdlybuf4s25_1)
                                                         axi_rdata[31] (net)
                      0.289185    0.000468    2.662954 ^ axi_rdata[31] (out)
                                              2.662954   data arrival time

                                 10.000000   10.000000   clock clk (rise edge)
                                  0.000000   10.000000   clock network delay (propagated)
                                 -0.250000    9.750000   clock uncertainty
                                  0.000000    9.750000   clock reconvergence pessimism
                                 -2.000000    7.750000   output external delay
                                              7.750000   data required time
---------------------------------------------------------------------------------------------
                                              7.750000   data required time
                                             -2.662954   data arrival time
---------------------------------------------------------------------------------------------
                                              5.087047   slack (MET)


Startpoint: axi_araddr[12] (input port clocked by clk)
Endpoint: axi_rdata[12] (output port clocked by clk)
Path Group: clk
Path Type: max

Fanout         Cap        Slew       Delay        Time   Description
---------------------------------------------------------------------------------------------
                                  0.000000    0.000000   clock clk (rise edge)
                                  0.000000    0.000000   clock network delay (propagated)
                                  2.000000    2.000000 ^ input external delay
     1    0.006148    0.025533    0.015729    2.015729 ^ axi_araddr[12] (in)
                                                         axi_araddr[12] (net)
                      0.025533    0.000000    2.015729 ^ input4/A (sky130_fd_sc_hd__clkdlybuf4s25_1)
     1    0.011376    0.092517    0.200405    2.216134 ^ input4/X (sky130_fd_sc_hd__clkdlybuf4s25_1)
                                                         net4 (net)
                      0.092517    0.000201    2.216335 ^ _090_/B (sky130_fd_sc_hd__xor2_2)
     1    0.005288    0.088681    0.095850    2.312185 ^ _090_/X (sky130_fd_sc_hd__xor2_2)
                                                         net40 (net)
                      0.088681    0.000097    2.312282 ^ output40/A (sky130_fd_sc_hd__clkdlybuf4s25_1)
     1    0.037413    0.282167    0.347967    2.660249 ^ output40/X (sky130_fd_sc_hd__clkdlybuf4s25_1)
                                                         axi_rdata[12] (net)
                      0.282167    0.000395    2.660644 ^ axi_rdata[12] (out)
                                              2.660644   data arrival time

                                 10.000000   10.000000   clock clk (rise edge)
                                  0.000000   10.000000   clock network delay (propagated)
                                 -0.250000    9.750000   clock uncertainty
                                  0.000000    9.750000   clock reconvergence pessimism
                                 -2.000000    7.750000   output external delay
                                              7.750000   data required time
---------------------------------------------------------------------------------------------
                                              7.750000   data required time
                                             -2.660644   data arrival time
---------------------------------------------------------------------------------------------
                                              5.089356   slack (MET)


Startpoint: axi_araddr[6] (input port clocked by clk)
Endpoint: axi_rdata[6] (output port clocked by clk)
Path Group: clk
Path Type: max

Fanout         Cap        Slew       Delay        Time   Description
---------------------------------------------------------------------------------------------
                                  0.000000    0.000000   clock clk (rise edge)
                                  0.000000    0.000000   clock network delay (propagated)
                                  2.000000    2.000000 ^ input external delay
     1    0.006529    0.026819    0.016709    2.016709 ^ axi_araddr[6] (in)
                                                         axi_araddr[6] (net)
                      0.026820    0.000000    2.016709 ^ input29/A (sky130_fd_sc_hd__clkdlybuf4s25_1)
     1    0.012307    0.099273    0.205467    2.222176 ^ input29/X (sky130_fd_sc_hd__clkdlybuf4s25_1)
                                                         net29 (net)
                      0.099273    0.000285    2.222461 ^ _084_/B (sky130_fd_sc_hd__xor2_2)
     1    0.004242    0.080086    0.089935    2.312396 ^ _084_/X (sky130_fd_sc_hd__xor2_2)
                                                         net65 (net)
                      0.080086    0.000068    2.312465 ^ output65/A (sky130_fd_sc_hd__clkdlybuf4s25_1)
     1    0.037391    0.282098    0.345768    2.658233 ^ output65/X (sky130_fd_sc_hd__clkdlybuf4s25_1)
                                                         axi_rdata[6] (net)
                      0.282098    0.000924    2.659157 ^ axi_rdata[6] (out)
                                              2.659157   data arrival time

                                 10.000000   10.000000   clock clk (rise edge)
                                  0.000000   10.000000   clock network delay (propagated)
                                 -0.250000    9.750000   clock uncertainty
                                  0.000000    9.750000   clock reconvergence pessimism
                                 -2.000000    7.750000   output external delay
                                              7.750000   data required time
---------------------------------------------------------------------------------------------
                                              7.750000   data required time
                                             -2.659157   data arrival time
---------------------------------------------------------------------------------------------
                                              5.090844   slack (MET)


Startpoint: axi_araddr[5] (input port clocked by clk)
Endpoint: axi_rdata[5] (output port clocked by clk)
Path Group: clk
Path Type: max

Fanout         Cap        Slew       Delay        Time   Description
---------------------------------------------------------------------------------------------
                                  0.000000    0.000000   clock clk (rise edge)
                                  0.000000    0.000000   clock network delay (propagated)
                                  2.000000    2.000000 ^ input external delay
     1    0.005932    0.024815    0.015252    2.015252 ^ axi_araddr[5] (in)
                                                         axi_araddr[5] (net)
                      0.024816    0.000000    2.015252 ^ input28/A (sky130_fd_sc_hd__clkdlybuf4s25_1)
     1    0.011855    0.096007    0.202590    2.217843 ^ input28/X (sky130_fd_sc_hd__clkdlybuf4s25_1)
                                                         net28 (net)
                      0.096007    0.000288    2.218131 ^ _083_/B (sky130_fd_sc_hd__xor2_2)
     1    0.003813    0.076827    0.087375    2.305506 ^ _083_/X (sky130_fd_sc_hd__xor2_2)
                                                         net64 (net)
                      0.076827    0.000047    2.305553 ^ output64/A (sky130_fd_sc_hd__clkdlybuf4s25_1)
     1    0.038496    0.290125    0.350929    2.656482 ^ output64/X (sky130_fd_sc_hd__clkdlybuf4s25_1)
                                                         axi_rdata[5] (net)
                      0.290125    0.000707    2.657189 ^ axi_rdata[5] (out)
                                              2.657189   data arrival time

                                 10.000000   10.000000   clock clk (rise edge)
                                  0.000000   10.000000   clock network delay (propagated)
                                 -0.250000    9.750000   clock uncertainty
                                  0.000000    9.750000   clock reconvergence pessimism
                                 -2.000000    7.750000   output external delay
                                              7.750000   data required time
---------------------------------------------------------------------------------------------
                                              7.750000   data required time
                                             -2.657189   data arrival time
---------------------------------------------------------------------------------------------
                                              5.092811   slack (MET)


Startpoint: axi_araddr[1] (input port clocked by clk)
Endpoint: axi_rdata[1] (output port clocked by clk)
Path Group: clk
Path Type: max

Fanout         Cap        Slew       Delay        Time   Description
---------------------------------------------------------------------------------------------
                                  0.000000    0.000000   clock clk (rise edge)
                                  0.000000    0.000000   clock network delay (propagated)
                                  2.000000    2.000000 ^ input external delay
     1    0.007603    0.030433    0.019357    2.019357 ^ axi_araddr[1] (in)
                                                         axi_araddr[1] (net)
                      0.030436    0.000000    2.019357 ^ input12/A (sky130_fd_sc_hd__clkdlybuf4s25_1)
     1    0.012837    0.103102    0.209158    2.228515 ^ input12/X (sky130_fd_sc_hd__clkdlybuf4s25_1)
                                                         net12 (net)
                      0.103102    0.000356    2.228871 ^ _079_/B (sky130_fd_sc_hd__xor2_2)
     1    0.003654    0.075837    0.086621    2.315492 ^ _079_/X (sky130_fd_sc_hd__xor2_2)
                                                         net48 (net)
                      0.075837    0.000048    2.315540 ^ output48/A (sky130_fd_sc_hd__clkdlybuf4s25_1)
     1    0.036425    0.274993    0.340101    2.655641 ^ output48/X (sky130_fd_sc_hd__clkdlybuf4s25_1)
                                                         axi_rdata[1] (net)
                      0.274993    0.000773    2.656414 ^ axi_rdata[1] (out)
                                              2.656414   data arrival time

                                 10.000000   10.000000   clock clk (rise edge)
                                  0.000000   10.000000   clock network delay (propagated)
                                 -0.250000    9.750000   clock uncertainty
                                  0.000000    9.750000   clock reconvergence pessimism
                                 -2.000000    7.750000   output external delay
                                              7.750000   data required time
---------------------------------------------------------------------------------------------
                                              7.750000   data required time
                                             -2.656414   data arrival time
---------------------------------------------------------------------------------------------
                                              5.093586   slack (MET)


Startpoint: axi_araddr[18] (input port clocked by clk)
Endpoint: axi_rdata[18] (output port clocked by clk)
Path Group: clk
Path Type: max

Fanout         Cap        Slew       Delay        Time   Description
---------------------------------------------------------------------------------------------
                                  0.000000    0.000000   clock clk (rise edge)
                                  0.000000    0.000000   clock network delay (propagated)
                                  2.000000    2.000000 ^ input external delay
     1    0.006007    0.025063    0.015411    2.015411 ^ axi_araddr[18] (in)
                                                         axi_araddr[18] (net)
                      0.025063    0.000000    2.015411 ^ input10/A (sky130_fd_sc_hd__clkdlybuf4s25_1)
     1    0.011249    0.091600    0.199615    2.215026 ^ input10/X (sky130_fd_sc_hd__clkdlybuf4s25_1)
                                                         net10 (net)
                      0.091600    0.000218    2.215243 ^ _096_/B (sky130_fd_sc_hd__xor2_2)
     1    0.004357    0.080976    0.090427    2.305670 ^ _096_/X (sky130_fd_sc_hd__xor2_2)
                                                         net46 (net)
                      0.080976    0.000067    2.305737 ^ output46/A (sky130_fd_sc_hd__clkdlybuf4s25_1)
     1    0.036923    0.278724    0.343383    2.649121 ^ output46/X (sky130_fd_sc_hd__clkdlybuf4s25_1)
                                                         axi_rdata[18] (net)
                      0.278725    0.001187    2.650307 ^ axi_rdata[18] (out)
                                              2.650307   data arrival time

                                 10.000000   10.000000   clock clk (rise edge)
                                  0.000000   10.000000   clock network delay (propagated)
                                 -0.250000    9.750000   clock uncertainty
                                  0.000000    9.750000   clock reconvergence pessimism
                                 -2.000000    7.750000   output external delay
                                              7.750000   data required time
---------------------------------------------------------------------------------------------
                                              7.750000   data required time
                                             -2.650307   data arrival time
---------------------------------------------------------------------------------------------
                                              5.099692   slack (MET)


Startpoint: axi_araddr[17] (input port clocked by clk)
Endpoint: axi_rdata[17] (output port clocked by clk)
Path Group: clk
Path Type: max

Fanout         Cap        Slew       Delay        Time   Description
---------------------------------------------------------------------------------------------
                                  0.000000    0.000000   clock clk (rise edge)
                                  0.000000    0.000000   clock network delay (propagated)
                                  2.000000    2.000000 ^ input external delay
     1    0.006182    0.025648    0.015839    2.015839 ^ axi_araddr[17] (in)
                                                         axi_araddr[17] (net)
                      0.025648    0.000000    2.015839 ^ input9/A (sky130_fd_sc_hd__clkdlybuf4s25_1)
     1    0.010405    0.085479    0.195519    2.211358 ^ input9/X (sky130_fd_sc_hd__clkdlybuf4s25_1)
                                                         net9 (net)
                      0.085479    0.000155    2.211513 ^ _095_/B (sky130_fd_sc_hd__xor2_2)
     1    0.004548    0.082594    0.091398    2.302910 ^ _095_/X (sky130_fd_sc_hd__xor2_2)
                                                         net45 (net)
                      0.082594    0.000084    2.302994 ^ output45/A (sky130_fd_sc_hd__clkdlybuf4s25_1)
     1    0.037087    0.279930    0.344537    2.647532 ^ output45/X (sky130_fd_sc_hd__clkdlybuf4s25_1)
                                                         axi_rdata[17] (net)
                      0.279931    0.001185    2.648717 ^ axi_rdata[17] (out)
                                              2.648717   data arrival time

                                 10.000000   10.000000   clock clk (rise edge)
                                  0.000000   10.000000   clock network delay (propagated)
                                 -0.250000    9.750000   clock uncertainty
                                  0.000000    9.750000   clock reconvergence pessimism
                                 -2.000000    7.750000   output external delay
                                              7.750000   data required time
---------------------------------------------------------------------------------------------
                                              7.750000   data required time
                                             -2.648717   data arrival time
---------------------------------------------------------------------------------------------
                                              5.101283   slack (MET)


Startpoint: axi_araddr[11] (input port clocked by clk)
Endpoint: axi_rdata[11] (output port clocked by clk)
Path Group: clk
Path Type: max

Fanout         Cap        Slew       Delay        Time   Description
---------------------------------------------------------------------------------------------
                                  0.000000    0.000000   clock clk (rise edge)
                                  0.000000    0.000000   clock network delay (propagated)
                                  2.000000    2.000000 ^ input external delay
     1    0.006104    0.025388    0.015639    2.015639 ^ axi_araddr[11] (in)
                                                         axi_araddr[11] (net)
                      0.025388    0.000000    2.015639 ^ input3/A (sky130_fd_sc_hd__clkdlybuf4s25_1)
     1    0.011870    0.096114    0.202826    2.218465 ^ input3/X (sky130_fd_sc_hd__clkdlybuf4s25_1)
                                                         net3 (net)
                      0.096114    0.000304    2.218769 ^ _089_/B (sky130_fd_sc_hd__xor2_2)
     1    0.003685    0.076095    0.086631    2.305400 ^ _089_/X (sky130_fd_sc_hd__xor2_2)
                                                         net39 (net)
                      0.076095    0.000052    2.305453 ^ output39/A (sky130_fd_sc_hd__clkdlybuf4s25_1)
     1    0.036412    0.274908    0.340035    2.645488 ^ output39/X (sky130_fd_sc_hd__clkdlybuf4s25_1)
                                                         axi_rdata[11] (net)
                      0.274908    0.000847    2.646335 ^ axi_rdata[11] (out)
                                              2.646335   data arrival time

                                 10.000000   10.000000   clock clk (rise edge)
                                  0.000000   10.000000   clock network delay (propagated)
                                 -0.250000    9.750000   clock uncertainty
                                  0.000000    9.750000   clock reconvergence pessimism
                                 -2.000000    7.750000   output external delay
                                              7.750000   data required time
---------------------------------------------------------------------------------------------
                                              7.750000   data required time
                                             -2.646335   data arrival time
---------------------------------------------------------------------------------------------
                                              5.103665   slack (MET)


Startpoint: axi_araddr[25] (input port clocked by clk)
Endpoint: axi_rdata[25] (output port clocked by clk)
Path Group: clk
Path Type: max

Fanout         Cap        Slew       Delay        Time   Description
---------------------------------------------------------------------------------------------
                                  0.000000    0.000000   clock clk (rise edge)
                                  0.000000    0.000000   clock network delay (propagated)
                                  2.000000    2.000000 ^ input external delay
     1    0.004702    0.020696    0.012225    2.012225 ^ axi_araddr[25] (in)
                                                         axi_araddr[25] (net)
                      0.020696    0.000000    2.012225 ^ input18/A (sky130_fd_sc_hd__clkdlybuf4s25_1)
     1    0.010678    0.087461    0.195535    2.207759 ^ input18/X (sky130_fd_sc_hd__clkdlybuf4s25_1)
                                                         net18 (net)
                      0.087461    0.000177    2.207936 ^ _103_/B (sky130_fd_sc_hd__xor2_2)
     1    0.004399    0.081449    0.090576    2.298512 ^ _103_/X (sky130_fd_sc_hd__xor2_2)
                                                         net54 (net)
                      0.081449    0.000081    2.298593 ^ output54/A (sky130_fd_sc_hd__clkdlybuf4s25_1)
     1    0.037103    0.279954    0.344724    2.643317 ^ output54/X (sky130_fd_sc_hd__clkdlybuf4s25_1)
                                                         axi_rdata[25] (net)
                      0.279954    0.000712    2.644030 ^ axi_rdata[25] (out)
                                              2.644030   data arrival time

                                 10.000000   10.000000   clock clk (rise edge)
                                  0.000000   10.000000   clock network delay (propagated)
                                 -0.250000    9.750000   clock uncertainty
                                  0.000000    9.750000   clock reconvergence pessimism
                                 -2.000000    7.750000   output external delay
                                              7.750000   data required time
---------------------------------------------------------------------------------------------
                                              7.750000   data required time
                                             -2.644030   data arrival time
---------------------------------------------------------------------------------------------
                                              5.105970   slack (MET)


Startpoint: axi_araddr[27] (input port clocked by clk)
Endpoint: axi_rdata[27] (output port clocked by clk)
Path Group: clk
Path Type: max

Fanout         Cap        Slew       Delay        Time   Description
---------------------------------------------------------------------------------------------
                                  0.000000    0.000000   clock clk (rise edge)
                                  0.000000    0.000000   clock network delay (propagated)
                                  2.000000    2.000000 ^ input external delay
     1    0.006109    0.025403    0.015639    2.015639 ^ axi_araddr[27] (in)
                                                         axi_araddr[27] (net)
                      0.025403    0.000000    2.015639 ^ input20/A (sky130_fd_sc_hd__clkdlybuf4s25_1)
     1    0.010628    0.087093    0.196586    2.212225 ^ input20/X (sky130_fd_sc_hd__clkdlybuf4s25_1)
                                                         net20 (net)
                      0.087093    0.000149    2.212374 ^ _105_/B (sky130_fd_sc_hd__xor2_2)
     1    0.003670    0.075589    0.086329    2.298702 ^ _105_/X (sky130_fd_sc_hd__xor2_2)
                                                         net56 (net)
                      0.075589    0.000049    2.298751 ^ output56/A (sky130_fd_sc_hd__clkdlybuf4s25_1)
     1    0.037248    0.280950    0.344465    2.643216 ^ output56/X (sky130_fd_sc_hd__clkdlybuf4s25_1)
                                                         axi_rdata[27] (net)
                      0.280950    0.000479    2.643696 ^ axi_rdata[27] (out)
                                              2.643696   data arrival time

                                 10.000000   10.000000   clock clk (rise edge)
                                  0.000000   10.000000   clock network delay (propagated)
                                 -0.250000    9.750000   clock uncertainty
                                  0.000000    9.750000   clock reconvergence pessimism
                                 -2.000000    7.750000   output external delay
                                              7.750000   data required time
---------------------------------------------------------------------------------------------
                                              7.750000   data required time
                                             -2.643696   data arrival time
---------------------------------------------------------------------------------------------
                                              5.106305   slack (MET)


Startpoint: axi_araddr[4] (input port clocked by clk)
Endpoint: axi_rdata[4] (output port clocked by clk)
Path Group: clk
Path Type: max

Fanout         Cap        Slew       Delay        Time   Description
---------------------------------------------------------------------------------------------
                                  0.000000    0.000000   clock clk (rise edge)
                                  0.000000    0.000000   clock network delay (propagated)
                                  2.000000    2.000000 ^ input external delay
     1    0.005201    0.022373    0.013463    2.013463 ^ axi_araddr[4] (in)
                                                         axi_araddr[4] (net)
                      0.022374    0.000000    2.013463 ^ input27/A (sky130_fd_sc_hd__clkdlybuf4s25_1)
     1    0.010764    0.088090    0.196416    2.209880 ^ input27/X (sky130_fd_sc_hd__clkdlybuf4s25_1)
                                                         net27 (net)
                      0.088090    0.000172    2.210052 ^ _082_/B (sky130_fd_sc_hd__xor2_2)
     1    0.003957    0.078387    0.088025    2.298076 ^ _082_/X (sky130_fd_sc_hd__xor2_2)
                                                         net63 (net)
                      0.078387    0.000041    2.298118 ^ output63/A (sky130_fd_sc_hd__clkdlybuf4s25_1)
     1    0.037184    0.280578    0.344361    2.642479 ^ output63/X (sky130_fd_sc_hd__clkdlybuf4s25_1)
                                                         axi_rdata[4] (net)
                      0.280578    0.000953    2.643432 ^ axi_rdata[4] (out)
                                              2.643432   data arrival time

                                 10.000000   10.000000   clock clk (rise edge)
                                  0.000000   10.000000   clock network delay (propagated)
                                 -0.250000    9.750000   clock uncertainty
                                  0.000000    9.750000   clock reconvergence pessimism
                                 -2.000000    7.750000   output external delay
                                              7.750000   data required time
---------------------------------------------------------------------------------------------
                                              7.750000   data required time
                                             -2.643432   data arrival time
---------------------------------------------------------------------------------------------
                                              5.106568   slack (MET)


Startpoint: axi_araddr[9] (input port clocked by clk)
Endpoint: axi_rdata[9] (output port clocked by clk)
Path Group: clk
Path Type: max

Fanout         Cap        Slew       Delay        Time   Description
---------------------------------------------------------------------------------------------
                                  0.000000    0.000000   clock clk (rise edge)
                                  0.000000    0.000000   clock network delay (propagated)
                                  2.000000    2.000000 ^ input external delay
     1    0.006551    0.026892    0.016760    2.016760 ^ axi_araddr[9] (in)
                                                         axi_araddr[9] (net)
                      0.026894    0.000000    2.016760 ^ input32/A (sky130_fd_sc_hd__clkdlybuf4s25_1)
     1    0.010630    0.087104    0.197007    2.213766 ^ input32/X (sky130_fd_sc_hd__clkdlybuf4s25_1)
                                                         net32 (net)
                      0.087104    0.000175    2.213942 ^ _087_/B (sky130_fd_sc_hd__xor2_2)
     1    0.003660    0.075852    0.086272    2.300214 ^ _087_/X (sky130_fd_sc_hd__xor2_2)
                                                         net68 (net)
                      0.075852    0.000049    2.300263 ^ output68/A (sky130_fd_sc_hd__clkdlybuf4s25_1)
     1    0.035853    0.270797    0.337210    2.637472 ^ output68/X (sky130_fd_sc_hd__clkdlybuf4s25_1)
                                                         axi_rdata[9] (net)
                      0.270797    0.000732    2.638204 ^ axi_rdata[9] (out)
                                              2.638204   data arrival time

                                 10.000000   10.000000   clock clk (rise edge)
                                  0.000000   10.000000   clock network delay (propagated)
                                 -0.250000    9.750000   clock uncertainty
                                  0.000000    9.750000   clock reconvergence pessimism
                                 -2.000000    7.750000   output external delay
                                              7.750000   data required time
---------------------------------------------------------------------------------------------
                                              7.750000   data required time
                                             -2.638204   data arrival time
---------------------------------------------------------------------------------------------
                                              5.111795   slack (MET)


Startpoint: axi_araddr[26] (input port clocked by clk)
Endpoint: axi_rdata[26] (output port clocked by clk)
Path Group: clk
Path Type: max

Fanout         Cap        Slew       Delay        Time   Description
---------------------------------------------------------------------------------------------
                                  0.000000    0.000000   clock clk (rise edge)
                                  0.000000    0.000000   clock network delay (propagated)
                                  2.000000    2.000000 ^ input external delay
     1    0.005616    0.023757    0.014457    2.014457 ^ axi_araddr[26] (in)
                                                         axi_araddr[26] (net)
                      0.023757    0.000000    2.014457 ^ input19/A (sky130_fd_sc_hd__clkdlybuf4s25_1)
     1    0.010653    0.087289    0.196235    2.210691 ^ input19/X (sky130_fd_sc_hd__clkdlybuf4s25_1)
                                                         net19 (net)
                      0.087289    0.000170    2.210862 ^ _104_/B (sky130_fd_sc_hd__xor2_2)
     1    0.003156    0.071639    0.083262    2.294124 ^ _104_/X (sky130_fd_sc_hd__xor2_2)
                                                         net55 (net)
                      0.071639    0.000034    2.294158 ^ output55/A (sky130_fd_sc_hd__clkdlybuf4s25_1)
     1    0.037206    0.280623    0.343503    2.637661 ^ output55/X (sky130_fd_sc_hd__clkdlybuf4s25_1)
                                                         axi_rdata[26] (net)
                      0.280623    0.000433    2.638094 ^ axi_rdata[26] (out)
                                              2.638094   data arrival time

                                 10.000000   10.000000   clock clk (rise edge)
                                  0.000000   10.000000   clock network delay (propagated)
                                 -0.250000    9.750000   clock uncertainty
                                  0.000000    9.750000   clock reconvergence pessimism
                                 -2.000000    7.750000   output external delay
                                              7.750000   data required time
---------------------------------------------------------------------------------------------
                                              7.750000   data required time
                                             -2.638094   data arrival time
---------------------------------------------------------------------------------------------
                                              5.111907   slack (MET)


Startpoint: axi_araddr[0] (input port clocked by clk)
Endpoint: axi_rdata[0] (output port clocked by clk)
Path Group: clk
Path Type: max

Fanout         Cap        Slew       Delay        Time   Description
---------------------------------------------------------------------------------------------
                                  0.000000    0.000000   clock clk (rise edge)
                                  0.000000    0.000000   clock network delay (propagated)
                                  2.000000    2.000000 ^ input external delay
     1    0.004066    0.018452    0.010554    2.010554 ^ axi_araddr[0] (in)
                                                         axi_araddr[0] (net)
                      0.018453    0.000000    2.010554 ^ input1/A (sky130_fd_sc_hd__clkdlybuf4s25_1)
     1    0.010045    0.082854    0.191749    2.202303 ^ input1/X (sky130_fd_sc_hd__clkdlybuf4s25_1)
                                                         net1 (net)
                      0.082854    0.000125    2.202428 ^ _078_/B (sky130_fd_sc_hd__xor2_2)
     1    0.003929    0.078035    0.087737    2.290165 ^ _078_/X (sky130_fd_sc_hd__xor2_2)
                                                         net37 (net)
                      0.078035    0.000057    2.290222 ^ output37/A (sky130_fd_sc_hd__clkdlybuf4s25_1)
     1    0.037621    0.283791    0.346466    2.636688 ^ output37/X (sky130_fd_sc_hd__clkdlybuf4s25_1)
                                                         axi_rdata[0] (net)
                      0.283792    0.001029    2.637717 ^ axi_rdata[0] (out)
                                              2.637717   data arrival time

                                 10.000000   10.000000   clock clk (rise edge)
                                  0.000000   10.000000   clock network delay (propagated)
                                 -0.250000    9.750000   clock uncertainty
                                  0.000000    9.750000   clock reconvergence pessimism
                                 -2.000000    7.750000   output external delay
                                              7.750000   data required time
---------------------------------------------------------------------------------------------
                                              7.750000   data required time
                                             -2.637717   data arrival time
---------------------------------------------------------------------------------------------
                                              5.112283   slack (MET)


Startpoint: axi_araddr[16] (input port clocked by clk)
Endpoint: axi_rdata[16] (output port clocked by clk)
Path Group: clk
Path Type: max

Fanout         Cap        Slew       Delay        Time   Description
---------------------------------------------------------------------------------------------
                                  0.000000    0.000000   clock clk (rise edge)
                                  0.000000    0.000000   clock network delay (propagated)
                                  2.000000    2.000000 ^ input external delay
     1    0.004868    0.021264    0.012648    2.012648 ^ axi_araddr[16] (in)
                                                         axi_araddr[16] (net)
                      0.021265    0.000000    2.012648 ^ input8/A (sky130_fd_sc_hd__clkdlybuf4s25_1)
     1    0.009906    0.081889    0.191793    2.204440 ^ input8/X (sky130_fd_sc_hd__clkdlybuf4s25_1)
                                                         net8 (net)
                      0.081889    0.000088    2.204528 ^ _094_/B (sky130_fd_sc_hd__xor2_2)
     1    0.003624    0.075965    0.085943    2.290472 ^ _094_/X (sky130_fd_sc_hd__xor2_2)
                                                         net44 (net)
                      0.075965    0.000034    2.290506 ^ output44/A (sky130_fd_sc_hd__clkdlybuf4s25_1)
     1    0.037014    0.279319    0.343058    2.633564 ^ output44/X (sky130_fd_sc_hd__clkdlybuf4s25_1)
                                                         axi_rdata[16] (net)
                      0.279319    0.000898    2.634461 ^ axi_rdata[16] (out)
                                              2.634461   data arrival time

                                 10.000000   10.000000   clock clk (rise edge)
                                  0.000000   10.000000   clock network delay (propagated)
                                 -0.250000    9.750000   clock uncertainty
                                  0.000000    9.750000   clock reconvergence pessimism
                                 -2.000000    7.750000   output external delay
                                              7.750000   data required time
---------------------------------------------------------------------------------------------
                                              7.750000   data required time
                                             -2.634461   data arrival time
---------------------------------------------------------------------------------------------
                                              5.115539   slack (MET)


Startpoint: axi_araddr[13] (input port clocked by clk)
Endpoint: axi_rdata[13] (output port clocked by clk)
Path Group: clk
Path Type: max

Fanout         Cap        Slew       Delay        Time   Description
---------------------------------------------------------------------------------------------
                                  0.000000    0.000000   clock clk (rise edge)
                                  0.000000    0.000000   clock network delay (propagated)
                                  2.000000    2.000000 ^ input external delay
     1    0.005323    0.022779    0.013748    2.013748 ^ axi_araddr[13] (in)
                                                         axi_araddr[13] (net)
                      0.022779    0.000000    2.013748 ^ input5/A (sky130_fd_sc_hd__clkdlybuf4s25_1)
     1    0.008856    0.074450    0.186786    2.200534 ^ input5/X (sky130_fd_sc_hd__clkdlybuf4s25_1)
                                                         net5 (net)
                      0.074450    0.000078    2.200612 ^ _091_/B (sky130_fd_sc_hd__xor2_2)
     1    0.003196    0.072394    0.083202    2.283814 ^ _091_/X (sky130_fd_sc_hd__xor2_2)
                                                         net41 (net)
                      0.072394    0.000022    2.283836 ^ output41/A (sky130_fd_sc_hd__clkdlybuf4s25_1)
     1    0.037948    0.286140    0.347140    2.630976 ^ output41/X (sky130_fd_sc_hd__clkdlybuf4s25_1)
                                                         axi_rdata[13] (net)
                      0.286140    0.000868    2.631844 ^ axi_rdata[13] (out)
                                              2.631844   data arrival time

                                 10.000000   10.000000   clock clk (rise edge)
                                  0.000000   10.000000   clock network delay (propagated)
                                 -0.250000    9.750000   clock uncertainty
                                  0.000000    9.750000   clock reconvergence pessimism
                                 -2.000000    7.750000   output external delay
                                              7.750000   data required time
---------------------------------------------------------------------------------------------
                                              7.750000   data required time
                                             -2.631844   data arrival time
---------------------------------------------------------------------------------------------
                                              5.118156   slack (MET)


Startpoint: axi_araddr[15] (input port clocked by clk)
Endpoint: axi_rdata[15] (output port clocked by clk)
Path Group: clk
Path Type: max

Fanout         Cap        Slew       Delay        Time   Description
---------------------------------------------------------------------------------------------
                                  0.000000    0.000000   clock clk (rise edge)
                                  0.000000    0.000000   clock network delay (propagated)
                                  2.000000    2.000000 ^ input external delay
     1    0.005256    0.022557    0.013584    2.013584 ^ axi_araddr[15] (in)
                                                         axi_araddr[15] (net)
                      0.022558    0.000000    2.013584 ^ input7/A (sky130_fd_sc_hd__clkdlybuf4s25_1)
     1    0.010616    0.087024    0.195694    2.209278 ^ input7/X (sky130_fd_sc_hd__clkdlybuf4s25_1)
                                                         net7 (net)
                      0.087024    0.000198    2.209476 ^ _093_/B (sky130_fd_sc_hd__xor2_2)
     1    0.002769    0.068588    0.080921    2.290396 ^ _093_/X (sky130_fd_sc_hd__xor2_2)
                                                         net43 (net)
                      0.068588    0.000026    2.290422 ^ output43/A (sky130_fd_sc_hd__clkdlybuf4s25_1)
     1    0.036480    0.275345    0.339047    2.629470 ^ output43/X (sky130_fd_sc_hd__clkdlybuf4s25_1)
                                                         axi_rdata[15] (net)
                      0.275345    0.000630    2.630100 ^ axi_rdata[15] (out)
                                              2.630100   data arrival time

                                 10.000000   10.000000   clock clk (rise edge)
                                  0.000000   10.000000   clock network delay (propagated)
                                 -0.250000    9.750000   clock uncertainty
                                  0.000000    9.750000   clock reconvergence pessimism
                                 -2.000000    7.750000   output external delay
                                              7.750000   data required time
---------------------------------------------------------------------------------------------
                                              7.750000   data required time
                                             -2.630100   data arrival time
---------------------------------------------------------------------------------------------
                                              5.119900   slack (MET)


Startpoint: axi_araddr[23] (input port clocked by clk)
Endpoint: axi_rdata[23] (output port clocked by clk)
Path Group: clk
Path Type: max

Fanout         Cap        Slew       Delay        Time   Description
---------------------------------------------------------------------------------------------
                                  0.000000    0.000000   clock clk (rise edge)
                                  0.000000    0.000000   clock network delay (propagated)
                                  2.000000    2.000000 ^ input external delay
     1    0.005268    0.022597    0.013612    2.013613 ^ axi_araddr[23] (in)
                                                         axi_araddr[23] (net)
                      0.022597    0.000000    2.013613 ^ input16/A (sky130_fd_sc_hd__clkdlybuf4s25_1)
     1    0.009472    0.078832    0.189890    2.203502 ^ input16/X (sky130_fd_sc_hd__clkdlybuf4s25_1)
                                                         net16 (net)
                      0.078832    0.000114    2.203616 ^ _101_/B (sky130_fd_sc_hd__xor2_2)
     1    0.003964    0.078045    0.087847    2.291464 ^ _101_/X (sky130_fd_sc_hd__xor2_2)
                                                         net52 (net)
                      0.078045    0.000058    2.291522 ^ output52/A (sky130_fd_sc_hd__clkdlybuf4s25_1)
     1    0.035821    0.270529    0.337629    2.629151 ^ output52/X (sky130_fd_sc_hd__clkdlybuf4s25_1)
                                                         axi_rdata[23] (net)
                      0.270529    0.000526    2.629677 ^ axi_rdata[23] (out)
                                              2.629677   data arrival time

                                 10.000000   10.000000   clock clk (rise edge)
                                  0.000000   10.000000   clock network delay (propagated)
                                 -0.250000    9.750000   clock uncertainty
                                  0.000000    9.750000   clock reconvergence pessimism
                                 -2.000000    7.750000   output external delay
                                              7.750000   data required time
---------------------------------------------------------------------------------------------
                                              7.750000   data required time
                                             -2.629677   data arrival time
---------------------------------------------------------------------------------------------
                                              5.120323   slack (MET)


Startpoint: axi_araddr[21] (input port clocked by clk)
Endpoint: axi_rdata[21] (output port clocked by clk)
Path Group: clk
Path Type: max

Fanout         Cap        Slew       Delay        Time   Description
---------------------------------------------------------------------------------------------
                                  0.000000    0.000000   clock clk (rise edge)
                                  0.000000    0.000000   clock network delay (propagated)
                                  2.000000    2.000000 ^ input external delay
     1    0.005261    0.022574    0.013608    2.013608 ^ axi_araddr[21] (in)
                                                         axi_araddr[21] (net)
                      0.022574    0.000000    2.013608 ^ input14/A (sky130_fd_sc_hd__clkdlybuf4s25_1)
     1    0.010094    0.083238    0.193095    2.206703 ^ input14/X (sky130_fd_sc_hd__clkdlybuf4s25_1)
                                                         net14 (net)
                      0.083238    0.000108    2.206811 ^ _099_/B (sky130_fd_sc_hd__xor2_2)
     1    0.003071    0.070921    0.082657    2.289469 ^ _099_/X (sky130_fd_sc_hd__xor2_2)
                                                         net50 (net)
                      0.070921    0.000018    2.289487 ^ output50/A (sky130_fd_sc_hd__clkdlybuf4s25_1)
     1    0.035944    0.271443    0.336742    2.626230 ^ output50/X (sky130_fd_sc_hd__clkdlybuf4s25_1)
                                                         axi_rdata[21] (net)
                      0.271443    0.000674    2.626904 ^ axi_rdata[21] (out)
                                              2.626904   data arrival time

                                 10.000000   10.000000   clock clk (rise edge)
                                  0.000000   10.000000   clock network delay (propagated)
                                 -0.250000    9.750000   clock uncertainty
                                  0.000000    9.750000   clock reconvergence pessimism
                                 -2.000000    7.750000   output external delay
                                              7.750000   data required time
---------------------------------------------------------------------------------------------
                                              7.750000   data required time
                                             -2.626904   data arrival time
---------------------------------------------------------------------------------------------
                                              5.123096   slack (MET)


Startpoint: axi_araddr[10] (input port clocked by clk)
Endpoint: axi_rdata[10] (output port clocked by clk)
Path Group: clk
Path Type: max

Fanout         Cap        Slew       Delay        Time   Description
---------------------------------------------------------------------------------------------
                                  0.000000    0.000000   clock clk (rise edge)
                                  0.000000    0.000000   clock network delay (propagated)
                                  2.000000    2.000000 ^ input external delay
     1    0.005239    0.022500    0.013546    2.013546 ^ axi_araddr[10] (in)
                                                         axi_araddr[10] (net)
                      0.022500    0.000000    2.013546 ^ input2/A (sky130_fd_sc_hd__clkdlybuf4s25_1)
     1    0.009615    0.079842    0.190596    2.204142 ^ input2/X (sky130_fd_sc_hd__clkdlybuf4s25_1)
                                                         net2 (net)
                      0.079842    0.000120    2.204262 ^ _088_/B (sky130_fd_sc_hd__xor2_2)
     1    0.002887    0.069589    0.081467    2.285728 ^ _088_/X (sky130_fd_sc_hd__xor2_2)
                                                         net38 (net)
                      0.069589    0.000029    2.285758 ^ output38/A (sky130_fd_sc_hd__clkdlybuf4s25_1)
     1    0.036587    0.276120    0.339839    2.625596 ^ output38/X (sky130_fd_sc_hd__clkdlybuf4s25_1)
                                                         axi_rdata[10] (net)
                      0.276120    0.000563    2.626159 ^ axi_rdata[10] (out)
                                              2.626159   data arrival time

                                 10.000000   10.000000   clock clk (rise edge)
                                  0.000000   10.000000   clock network delay (propagated)
                                 -0.250000    9.750000   clock uncertainty
                                  0.000000    9.750000   clock reconvergence pessimism
                                 -2.000000    7.750000   output external delay
                                              7.750000   data required time
---------------------------------------------------------------------------------------------
                                              7.750000   data required time
                                             -2.626159   data arrival time
---------------------------------------------------------------------------------------------
                                              5.123841   slack (MET)


Startpoint: axi_araddr[22] (input port clocked by clk)
Endpoint: axi_rdata[22] (output port clocked by clk)
Path Group: clk
Path Type: max

Fanout         Cap        Slew       Delay        Time   Description
---------------------------------------------------------------------------------------------
                                  0.000000    0.000000   clock clk (rise edge)
                                  0.000000    0.000000   clock network delay (propagated)
                                  2.000000    2.000000 ^ input external delay
     1    0.005169    0.022266    0.013383    2.013383 ^ axi_araddr[22] (in)
                                                         axi_araddr[22] (net)
                      0.022266    0.000000    2.013383 ^ input15/A (sky130_fd_sc_hd__clkdlybuf4s25_1)
     1    0.009876    0.081692    0.191867    2.205250 ^ input15/X (sky130_fd_sc_hd__clkdlybuf4s25_1)
                                                         net15 (net)
                      0.081692    0.000150    2.205399 ^ _100_/B (sky130_fd_sc_hd__xor2_2)
     1    0.002953    0.070146    0.081908    2.287307 ^ _100_/X (sky130_fd_sc_hd__xor2_2)
                                                         net51 (net)
                      0.070146    0.000029    2.287336 ^ output51/A (sky130_fd_sc_hd__clkdlybuf4s25_1)
     1    0.035924    0.271252    0.336621    2.623958 ^ output51/X (sky130_fd_sc_hd__clkdlybuf4s25_1)
                                                         axi_rdata[22] (net)
                      0.271252    0.000482    2.624440 ^ axi_rdata[22] (out)
                                              2.624440   data arrival time

                                 10.000000   10.000000   clock clk (rise edge)
                                  0.000000   10.000000   clock network delay (propagated)
                                 -0.250000    9.750000   clock uncertainty
                                  0.000000    9.750000   clock reconvergence pessimism
                                 -2.000000    7.750000   output external delay
                                              7.750000   data required time
---------------------------------------------------------------------------------------------
                                              7.750000   data required time
                                             -2.624440   data arrival time
---------------------------------------------------------------------------------------------
                                              5.125560   slack (MET)


Startpoint: axi_araddr[24] (input port clocked by clk)
Endpoint: axi_rdata[24] (output port clocked by clk)
Path Group: clk
Path Type: max

Fanout         Cap        Slew       Delay        Time   Description
---------------------------------------------------------------------------------------------
                                  0.000000    0.000000   clock clk (rise edge)
                                  0.000000    0.000000   clock network delay (propagated)
                                  2.000000    2.000000 ^ input external delay
     1    0.004402    0.019637    0.011440    2.011440 ^ axi_araddr[24] (in)
                                                         axi_araddr[24] (net)
                      0.019638    0.000000    2.011440 ^ input17/A (sky130_fd_sc_hd__clkdlybuf4s25_1)
     1    0.009629    0.079929    0.189918    2.201357 ^ input17/X (sky130_fd_sc_hd__clkdlybuf4s25_1)
                                                         net17 (net)
                      0.079929    0.000122    2.201479 ^ _102_/B (sky130_fd_sc_hd__xor2_2)
     1    0.002568    0.067762    0.079544    2.281023 ^ _102_/X (sky130_fd_sc_hd__xor2_2)
                                                         net53 (net)
                      0.067762    0.000022    2.281045 ^ output53/A (sky130_fd_sc_hd__clkdlybuf4s25_1)
     1    0.036671    0.276733    0.339874    2.620919 ^ output53/X (sky130_fd_sc_hd__clkdlybuf4s25_1)
                                                         axi_rdata[24] (net)
                      0.276733    0.000605    2.621524 ^ axi_rdata[24] (out)
                                              2.621524   data arrival time

                                 10.000000   10.000000   clock clk (rise edge)
                                  0.000000   10.000000   clock network delay (propagated)
                                 -0.250000    9.750000   clock uncertainty
                                  0.000000    9.750000   clock reconvergence pessimism
                                 -2.000000    7.750000   output external delay
                                              7.750000   data required time
---------------------------------------------------------------------------------------------
                                              7.750000   data required time
                                             -2.621524   data arrival time
---------------------------------------------------------------------------------------------
                                              5.128476   slack (MET)


Startpoint: axi_araddr[8] (input port clocked by clk)
Endpoint: axi_rdata[8] (output port clocked by clk)
Path Group: clk
Path Type: max

Fanout         Cap        Slew       Delay        Time   Description
---------------------------------------------------------------------------------------------
                                  0.000000    0.000000   clock clk (rise edge)
                                  0.000000    0.000000   clock network delay (propagated)
                                  2.000000    2.000000 ^ input external delay
     1    0.003859    0.017718    0.010009    2.010009 ^ axi_araddr[8] (in)
                                                         axi_araddr[8] (net)
                      0.017718    0.000000    2.010009 ^ input31/A (sky130_fd_sc_hd__clkdlybuf4s25_1)
     1    0.009512    0.079089    0.188824    2.198833 ^ input31/X (sky130_fd_sc_hd__clkdlybuf4s25_1)
                                                         net31 (net)
                      0.079089    0.000099    2.198932 ^ _086_/B (sky130_fd_sc_hd__xor2_2)
     1    0.003435    0.074607    0.084753    2.283685 ^ _086_/X (sky130_fd_sc_hd__xor2_2)
                                                         net67 (net)
                      0.074607    0.000042    2.283727 ^ output67/A (sky130_fd_sc_hd__clkdlybuf4s25_1)
     1    0.035220    0.266126    0.333883    2.617610 ^ output67/X (sky130_fd_sc_hd__clkdlybuf4s25_1)
                                                         axi_rdata[8] (net)
                      0.266126    0.000519    2.618129 ^ axi_rdata[8] (out)
                                              2.618129   data arrival time

                                 10.000000   10.000000   clock clk (rise edge)
                                  0.000000   10.000000   clock network delay (propagated)
                                 -0.250000    9.750000   clock uncertainty
                                  0.000000    9.750000   clock reconvergence pessimism
                                 -2.000000    7.750000   output external delay
                                              7.750000   data required time
---------------------------------------------------------------------------------------------
                                              7.750000   data required time
                                             -2.618129   data arrival time
---------------------------------------------------------------------------------------------
                                              5.131871   slack (MET)


Startpoint: axi_araddr[20] (input port clocked by clk)
Endpoint: axi_rdata[20] (output port clocked by clk)
Path Group: clk
Path Type: max

Fanout         Cap        Slew       Delay        Time   Description
---------------------------------------------------------------------------------------------
                                  0.000000    0.000000   clock clk (rise edge)
                                  0.000000    0.000000   clock network delay (propagated)
                                  2.000000    2.000000 ^ input external delay
     1    0.003729    0.017254    0.009666    2.009666 ^ axi_araddr[20] (in)
                                                         axi_araddr[20] (net)
                      0.017254    0.000000    2.009666 ^ input13/A (sky130_fd_sc_hd__clkdlybuf4s25_1)
     1    0.009210    0.076956    0.187151    2.196817 ^ input13/X (sky130_fd_sc_hd__clkdlybuf4s25_1)
                                                         net13 (net)
                      0.076956    0.000090    2.196907 ^ _098_/B (sky130_fd_sc_hd__xor2_2)
     1    0.002948    0.070214    0.081767    2.278674 ^ _098_/X (sky130_fd_sc_hd__xor2_2)
                                                         net49 (net)
                      0.070214    0.000030    2.278704 ^ output49/A (sky130_fd_sc_hd__clkdlybuf4s25_1)
     1    0.036297    0.274038    0.338338    2.617042 ^ output49/X (sky130_fd_sc_hd__clkdlybuf4s25_1)
                                                         axi_rdata[20] (net)
                      0.274038    0.000765    2.617806 ^ axi_rdata[20] (out)
                                              2.617806   data arrival time

                                 10.000000   10.000000   clock clk (rise edge)
                                  0.000000   10.000000   clock network delay (propagated)
                                 -0.250000    9.750000   clock uncertainty
                                  0.000000    9.750000   clock reconvergence pessimism
                                 -2.000000    7.750000   output external delay
                                              7.750000   data required time
---------------------------------------------------------------------------------------------
                                              7.750000   data required time
                                             -2.617806   data arrival time
---------------------------------------------------------------------------------------------
                                              5.132194   slack (MET)


Startpoint: axi_araddr[19] (input port clocked by clk)
Endpoint: axi_rdata[19] (output port clocked by clk)
Path Group: clk
Path Type: max

Fanout         Cap        Slew       Delay        Time   Description
---------------------------------------------------------------------------------------------
                                  0.000000    0.000000   clock clk (rise edge)
                                  0.000000    0.000000   clock network delay (propagated)
                                  2.000000    2.000000 ^ input external delay
     1    0.003861    0.017726    0.010016    2.010016 ^ axi_araddr[19] (in)
                                                         axi_araddr[19] (net)
                      0.017726    0.000000    2.010016 ^ input11/A (sky130_fd_sc_hd__clkdlybuf4s25_1)
     1    0.009645    0.080027    0.189500    2.199516 ^ input11/X (sky130_fd_sc_hd__clkdlybuf4s25_1)
                                                         net11 (net)
                      0.080027    0.000117    2.199633 ^ _097_/B (sky130_fd_sc_hd__xor2_2)
     1    0.003099    0.071127    0.082746    2.282379 ^ _097_/X (sky130_fd_sc_hd__xor2_2)
                                                         net47 (net)
                      0.071127    0.000035    2.282414 ^ output47/A (sky130_fd_sc_hd__clkdlybuf4s25_1)
     1    0.034652    0.261953    0.330329    2.612742 ^ output47/X (sky130_fd_sc_hd__clkdlybuf4s25_1)
                                                         axi_rdata[19] (net)
                      0.261953    0.000466    2.613209 ^ axi_rdata[19] (out)
                                              2.613209   data arrival time

                                 10.000000   10.000000   clock clk (rise edge)
                                  0.000000   10.000000   clock network delay (propagated)
                                 -0.250000    9.750000   clock uncertainty
                                  0.000000    9.750000   clock reconvergence pessimism
                                 -2.000000    7.750000   output external delay
                                              7.750000   data required time
---------------------------------------------------------------------------------------------
                                              7.750000   data required time
                                             -2.613209   data arrival time
---------------------------------------------------------------------------------------------
                                              5.136792   slack (MET)


Startpoint: axi_araddr[14] (input port clocked by clk)
Endpoint: axi_rdata[14] (output port clocked by clk)
Path Group: clk
Path Type: max

Fanout         Cap        Slew       Delay        Time   Description
---------------------------------------------------------------------------------------------
                                  0.000000    0.000000   clock clk (rise edge)
                                  0.000000    0.000000   clock network delay (propagated)
                                  2.000000    2.000000 ^ input external delay
     1    0.004040    0.018361    0.010476    2.010476 ^ axi_araddr[14] (in)
                                                         axi_araddr[14] (net)
                      0.018361    0.000000    2.010476 ^ input6/A (sky130_fd_sc_hd__clkdlybuf4s25_1)
     1    0.009210    0.076958    0.187441    2.197917 ^ input6/X (sky130_fd_sc_hd__clkdlybuf4s25_1)
                                                         net6 (net)
                      0.076958    0.000086    2.198003 ^ _092_/B (sky130_fd_sc_hd__xor2_2)
     1    0.003169    0.071770    0.083098    2.281101 ^ _092_/X (sky130_fd_sc_hd__xor2_2)
                                                         net42 (net)
                      0.071770    0.000036    2.281136 ^ output42/A (sky130_fd_sc_hd__clkdlybuf4s25_1)
     1    0.034439    0.260338    0.329548    2.610685 ^ output42/X (sky130_fd_sc_hd__clkdlybuf4s25_1)
                                                         axi_rdata[14] (net)
                      0.260338    0.000209    2.610894 ^ axi_rdata[14] (out)
                                              2.610894   data arrival time

                                 10.000000   10.000000   clock clk (rise edge)
                                  0.000000   10.000000   clock network delay (propagated)
                                 -0.250000    9.750000   clock uncertainty
                                  0.000000    9.750000   clock reconvergence pessimism
                                 -2.000000    7.750000   output external delay
                                              7.750000   data required time
---------------------------------------------------------------------------------------------
                                              7.750000   data required time
                                             -2.610894   data arrival time
---------------------------------------------------------------------------------------------
                                              5.139106   slack (MET)


Startpoint: axi_wvalid (input port clocked by clk)
Endpoint: axi_wready (output port clocked by clk)
Path Group: clk
Path Type: max

Fanout         Cap        Slew       Delay        Time   Description
---------------------------------------------------------------------------------------------
                                  0.000000    0.000000   clock clk (rise edge)
                                  0.000000    0.000000   clock network delay (propagated)
                                  2.000000    2.000000 ^ input external delay
     1    0.003454    0.016264    0.008934    2.008934 ^ axi_wvalid (in)
                                                         axi_wvalid (net)
                      0.016264    0.000000    2.008934 ^ _235_/A (sky130_fd_sc_hd__buf_2)
     1    0.003355    0.020753    0.055660    2.064595 ^ _235_/X (sky130_fd_sc_hd__buf_2)
                                                         net69 (net)
                      0.020753    0.000036    2.064631 ^ output69/A (sky130_fd_sc_hd__clkdlybuf4s25_1)
     1    0.035899    0.271421    0.323806    2.388436 ^ output69/X (sky130_fd_sc_hd__clkdlybuf4s25_1)
                                                         axi_wready (net)
                      0.271421    0.000479    2.388915 ^ axi_wready (out)
                                              2.388915   data arrival time

                                 10.000000   10.000000   clock clk (rise edge)
                                  0.000000   10.000000   clock network delay (propagated)
                                 -0.250000    9.750000   clock uncertainty
                                  0.000000    9.750000   clock reconvergence pessimism
                                 -2.000000    7.750000   output external delay
                                              7.750000   data required time
---------------------------------------------------------------------------------------------
                                              7.750000   data required time
                                             -2.388915   data arrival time
---------------------------------------------------------------------------------------------
                                              5.361085   slack (MET)


Startpoint: axi_awvalid (input port clocked by clk)
Endpoint: axi_awready (output port clocked by clk)
Path Group: clk
Path Type: max

Fanout         Cap        Slew       Delay        Time   Description
---------------------------------------------------------------------------------------------
                                  0.000000    0.000000   clock clk (rise edge)
                                  0.000000    0.000000   clock network delay (propagated)
                                  2.000000    2.000000 ^ input external delay
     1    0.003699    0.017144    0.009582    2.009582 ^ axi_awvalid (in)
                                                         axi_awvalid (net)
                      0.017145    0.000000    2.009582 ^ _234_/A (sky130_fd_sc_hd__buf_2)
     1    0.003482    0.021142    0.056281    2.065863 ^ _234_/X (sky130_fd_sc_hd__buf_2)
                                                         net36 (net)
                      0.021142    0.000044    2.065906 ^ output36/A (sky130_fd_sc_hd__clkdlybuf4s25_1)
     1    0.034556    0.261528    0.317216    2.383123 ^ output36/X (sky130_fd_sc_hd__clkdlybuf4s25_1)
                                                         axi_awready (net)
                      0.261528    0.000265    2.383388 ^ axi_awready (out)
                                              2.383388   data arrival time

                                 10.000000   10.000000   clock clk (rise edge)
                                  0.000000   10.000000   clock network delay (propagated)
                                 -0.250000    9.750000   clock uncertainty
                                  0.000000    9.750000   clock reconvergence pessimism
                                 -2.000000    7.750000   output external delay
                                              7.750000   data required time
---------------------------------------------------------------------------------------------
                                              7.750000   data required time
                                             -2.383388   data arrival time
---------------------------------------------------------------------------------------------
                                              5.366612   slack (MET)


Startpoint: axi_arvalid (input port clocked by clk)
Endpoint: axi_arready (output port clocked by clk)
Path Group: clk
Path Type: max

Fanout         Cap        Slew       Delay        Time   Description
---------------------------------------------------------------------------------------------
                                  0.000000    0.000000   clock clk (rise edge)
                                  0.000000    0.000000   clock network delay (propagated)
                                  2.000000    2.000000 ^ input external delay
     1    0.003209    0.015378    0.008296    2.008296 ^ axi_arvalid (in)
                                                         axi_arvalid (net)
                      0.015378    0.000000    2.008296 ^ _233_/A (sky130_fd_sc_hd__buf_2)
     1    0.002725    0.018866    0.053554    2.061851 ^ _233_/X (sky130_fd_sc_hd__buf_2)
                                                         net35 (net)
                      0.018866    0.000025    2.061876 ^ output35/A (sky130_fd_sc_hd__clkdlybuf4s25_1)
     1    0.034373    0.260187    0.315628    2.377504 ^ output35/X (sky130_fd_sc_hd__clkdlybuf4s25_1)
                                                         axi_arready (net)
                      0.260187    0.000342    2.377846 ^ axi_arready (out)
                                              2.377846   data arrival time

                                 10.000000   10.000000   clock clk (rise edge)
                                  0.000000   10.000000   clock network delay (propagated)
                                 -0.250000    9.750000   clock uncertainty
                                  0.000000    9.750000   clock reconvergence pessimism
                                 -2.000000    7.750000   output external delay
                                              7.750000   data required time
---------------------------------------------------------------------------------------------
                                              7.750000   data required time
                                             -2.377846   data arrival time
---------------------------------------------------------------------------------------------
                                              5.372154   slack (MET)


Startpoint: _219_ (rising edge-triggered flip-flop clocked by clk)
Endpoint: gpio_out[0] (output port clocked by clk)
Path Group: clk
Path Type: max

Fanout         Cap        Slew       Delay        Time   Description
---------------------------------------------------------------------------------------------
                                  0.000000    0.000000   clock clk (rise edge)
                                  0.000000    0.000000   clock source latency
     1    0.014902    0.054810    0.037065    0.037065 ^ clk (in)
                                                         clk (net)
                      0.054814    0.000000    0.037065 ^ clkbuf_0_clk/A (sky130_fd_sc_hd__clkbuf_16)
     4    0.039391    0.044772    0.103487    0.140551 ^ clkbuf_0_clk/X (sky130_fd_sc_hd__clkbuf_16)
                                                         clknet_0_clk (net)
                      0.044780    0.000533    0.141084 ^ clkbuf_2_1__f_clk/A (sky130_fd_sc_hd__clkbuf_16)
    13    0.039943    0.045147    0.101055    0.242139 ^ clkbuf_2_1__f_clk/X (sky130_fd_sc_hd__clkbuf_16)
                                                         clknet_2_1__leaf_clk (net)
                      0.045147    0.000028    0.242167 ^ _219_/CLK (sky130_fd_sc_hd__dfrtp_2)
     1    0.011655    0.053994    0.237603    0.479771 ^ _219_/Q (sky130_fd_sc_hd__dfrtp_2)
                                                         net70 (net)
                      0.053994    0.000207    0.479977 ^ output70/A (sky130_fd_sc_hd__clkdlybuf4s25_1)
     1    0.045864    0.343916    0.383822    0.863799 ^ output70/X (sky130_fd_sc_hd__clkdlybuf4s25_1)
                                                         gpio_out[0] (net)
                      0.343916    0.001137    0.864936 ^ gpio_out[0] (out)
                                              0.864936   data arrival time

                                 10.000000   10.000000   clock clk (rise edge)
                                  0.000000   10.000000   clock network delay (propagated)
                                 -0.250000    9.750000   clock uncertainty
                                  0.000000    9.750000   clock reconvergence pessimism
                                 -2.000000    7.750000   output external delay
                                              7.750000   data required time
---------------------------------------------------------------------------------------------
                                              7.750000   data required time
                                             -0.864936   data arrival time
---------------------------------------------------------------------------------------------
                                              6.885064   slack (MET)


Startpoint: _186_ (rising edge-triggered flip-flop clocked by clk)
Endpoint: uart_tx (output port clocked by clk)
Path Group: clk
Path Type: max

Fanout         Cap        Slew       Delay        Time   Description
---------------------------------------------------------------------------------------------
                                  0.000000    0.000000   clock clk (rise edge)
                                  0.000000    0.000000   clock source latency
     1    0.014902    0.054810    0.037065    0.037065 ^ clk (in)
                                                         clk (net)
                      0.054814    0.000000    0.037065 ^ clkbuf_0_clk/A (sky130_fd_sc_hd__clkbuf_16)
     4    0.039391    0.044772    0.103487    0.140551 ^ clkbuf_0_clk/X (sky130_fd_sc_hd__clkbuf_16)
                                                         clknet_0_clk (net)
                      0.044780    0.000533    0.141084 ^ clkbuf_2_1__f_clk/A (sky130_fd_sc_hd__clkbuf_16)
    13    0.039943    0.045147    0.101055    0.242139 ^ clkbuf_2_1__f_clk/X (sky130_fd_sc_hd__clkbuf_16)
                                                         clknet_2_1__leaf_clk (net)
                      0.045147    0.000065    0.242204 ^ _186_/CLK (sky130_fd_sc_hd__dfrtp_2)
     2    0.012106    0.055487    0.238894    0.481098 ^ _186_/Q (sky130_fd_sc_hd__dfrtp_2)
                                                         net78 (net)
                      0.055487    0.000145    0.481243 ^ output78/A (sky130_fd_sc_hd__clkdlybuf4s25_1)
     1    0.037244    0.280918    0.340303    0.821546 ^ output78/X (sky130_fd_sc_hd__clkdlybuf4s25_1)
                                                         uart_tx (net)
                      0.280918    0.000704    0.822250 ^ uart_tx (out)
                                              0.822250   data arrival time

                                 10.000000   10.000000   clock clk (rise edge)
                                  0.000000   10.000000   clock network delay (propagated)
                                 -0.250000    9.750000   clock uncertainty
                                  0.000000    9.750000   clock reconvergence pessimism
                                 -2.000000    7.750000   output external delay
                                              7.750000   data required time
---------------------------------------------------------------------------------------------
                                              7.750000   data required time
                                             -0.822250   data arrival time
---------------------------------------------------------------------------------------------
                                              6.927750   slack (MET)


Startpoint: _220_ (rising edge-triggered flip-flop clocked by clk)
Endpoint: gpio_out[1] (output port clocked by clk)
Path Group: clk
Path Type: max

Fanout         Cap        Slew       Delay        Time   Description
---------------------------------------------------------------------------------------------
                                  0.000000    0.000000   clock clk (rise edge)
                                  0.000000    0.000000   clock source latency
     1    0.014902    0.054810    0.037065    0.037065 ^ clk (in)
                                                         clk (net)
                      0.054814    0.000000    0.037065 ^ clkbuf_0_clk/A (sky130_fd_sc_hd__clkbuf_16)
     4    0.039391    0.044772    0.103487    0.140551 ^ clkbuf_0_clk/X (sky130_fd_sc_hd__clkbuf_16)
                                                         clknet_0_clk (net)
                      0.044780    0.000533    0.141084 ^ clkbuf_2_1__f_clk/A (sky130_fd_sc_hd__clkbuf_16)
    13    0.039943    0.045147    0.101055    0.242139 ^ clkbuf_2_1__f_clk/X (sky130_fd_sc_hd__clkbuf_16)
                                                         clknet_2_1__leaf_clk (net)
                      0.045149    0.000275    0.242414 ^ _220_/CLK (sky130_fd_sc_hd__dfrtp_2)
     1    0.005488    0.034539    0.219753    0.462167 ^ _220_/Q (sky130_fd_sc_hd__dfrtp_2)
                                                         net71 (net)
                      0.034539    0.000108    0.462275 ^ output71/A (sky130_fd_sc_hd__clkdlybuf4s25_1)
     1    0.037998    0.286712    0.338294    0.800569 ^ output71/X (sky130_fd_sc_hd__clkdlybuf4s25_1)
                                                         gpio_out[1] (net)
                      0.286712    0.000677    0.801246 ^ gpio_out[1] (out)
                                              0.801246   data arrival time

                                 10.000000   10.000000   clock clk (rise edge)
                                  0.000000   10.000000   clock network delay (propagated)
                                 -0.250000    9.750000   clock uncertainty
                                  0.000000    9.750000   clock reconvergence pessimism
                                 -2.000000    7.750000   output external delay
                                              7.750000   data required time
---------------------------------------------------------------------------------------------
                                              7.750000   data required time
                                             -0.801246   data arrival time
---------------------------------------------------------------------------------------------
                                              6.948754   slack (MET)


Startpoint: _224_ (rising edge-triggered flip-flop clocked by clk)
Endpoint: gpio_out[5] (output port clocked by clk)
Path Group: clk
Path Type: max

Fanout         Cap        Slew       Delay        Time   Description
---------------------------------------------------------------------------------------------
                                  0.000000    0.000000   clock clk (rise edge)
                                  0.000000    0.000000   clock source latency
     1    0.014902    0.054810    0.037065    0.037065 ^ clk (in)
                                                         clk (net)
                      0.054814    0.000000    0.037065 ^ clkbuf_0_clk/A (sky130_fd_sc_hd__clkbuf_16)
     4    0.039391    0.044772    0.103487    0.140551 ^ clkbuf_0_clk/X (sky130_fd_sc_hd__clkbuf_16)
                                                         clknet_0_clk (net)
                      0.044776    0.000434    0.140985 ^ clkbuf_2_2__f_clk/A (sky130_fd_sc_hd__clkbuf_16)
    13    0.035445    0.042040    0.098590    0.239575 ^ clkbuf_2_2__f_clk/X (sky130_fd_sc_hd__clkbuf_16)
                                                         clknet_2_2__leaf_clk (net)
                      0.042040    0.000169    0.239744 ^ _224_/CLK (sky130_fd_sc_hd__dfrtp_2)
     1    0.005016    0.033172    0.217456    0.457200 ^ _224_/Q (sky130_fd_sc_hd__dfrtp_2)
                                                         net75 (net)
                      0.033172    0.000090    0.457290 ^ output75/A (sky130_fd_sc_hd__clkdlybuf4s25_1)
     1    0.037074    0.279964    0.333159    0.790449 ^ output75/X (sky130_fd_sc_hd__clkdlybuf4s25_1)
                                                         gpio_out[5] (net)
                      0.279964    0.000722    0.791171 ^ gpio_out[5] (out)
                                              0.791171   data arrival time

                                 10.000000   10.000000   clock clk (rise edge)
                                  0.000000   10.000000   clock network delay (propagated)
                                 -0.250000    9.750000   clock uncertainty
                                  0.000000    9.750000   clock reconvergence pessimism
                                 -2.000000    7.750000   output external delay
                                              7.750000   data required time
---------------------------------------------------------------------------------------------
                                              7.750000   data required time
                                             -0.791171   data arrival time
---------------------------------------------------------------------------------------------
                                              6.958829   slack (MET)


Startpoint: _223_ (rising edge-triggered flip-flop clocked by clk)
Endpoint: gpio_out[4] (output port clocked by clk)
Path Group: clk
Path Type: max

Fanout         Cap        Slew       Delay        Time   Description
---------------------------------------------------------------------------------------------
                                  0.000000    0.000000   clock clk (rise edge)
                                  0.000000    0.000000   clock source latency
     1    0.014902    0.054810    0.037065    0.037065 ^ clk (in)
                                                         clk (net)
                      0.054814    0.000000    0.037065 ^ clkbuf_0_clk/A (sky130_fd_sc_hd__clkbuf_16)
     4    0.039391    0.044772    0.103487    0.140551 ^ clkbuf_0_clk/X (sky130_fd_sc_hd__clkbuf_16)
                                                         clknet_0_clk (net)
                      0.044778    0.000496    0.141048 ^ clkbuf_2_0__f_clk/A (sky130_fd_sc_hd__clkbuf_16)
     9    0.033613    0.040753    0.097504    0.238552 ^ clkbuf_2_0__f_clk/X (sky130_fd_sc_hd__clkbuf_16)
                                                         clknet_2_0__leaf_clk (net)
                      0.040754    0.000373    0.238925 ^ _223_/CLK (sky130_fd_sc_hd__dfrtp_2)
     1    0.004682    0.032157    0.216043    0.454968 ^ _223_/Q (sky130_fd_sc_hd__dfrtp_2)
                                                         net74 (net)
                      0.032157    0.000078    0.455045 ^ output74/A (sky130_fd_sc_hd__clkdlybuf4s25_1)
     1    0.036972    0.279243    0.332281    0.787326 ^ output74/X (sky130_fd_sc_hd__clkdlybuf4s25_1)
                                                         gpio_out[4] (net)
                      0.279243    0.000801    0.788127 ^ gpio_out[4] (out)
                                              0.788127   data arrival time

                                 10.000000   10.000000   clock clk (rise edge)
                                  0.000000   10.000000   clock network delay (propagated)
                                 -0.250000    9.750000   clock uncertainty
                                  0.000000    9.750000   clock reconvergence pessimism
                                 -2.000000    7.750000   output external delay
                                              7.750000   data required time
---------------------------------------------------------------------------------------------
                                              7.750000   data required time
                                             -0.788127   data arrival time
---------------------------------------------------------------------------------------------
                                              6.961873   slack (MET)


Startpoint: _226_ (rising edge-triggered flip-flop clocked by clk)
Endpoint: gpio_out[7] (output port clocked by clk)
Path Group: clk
Path Type: max

Fanout         Cap        Slew       Delay        Time   Description
---------------------------------------------------------------------------------------------
                                  0.000000    0.000000   clock clk (rise edge)
                                  0.000000    0.000000   clock source latency
     1    0.014902    0.054810    0.037065    0.037065 ^ clk (in)
                                                         clk (net)
                      0.054814    0.000000    0.037065 ^ clkbuf_0_clk/A (sky130_fd_sc_hd__clkbuf_16)
     4    0.039391    0.044772    0.103487    0.140551 ^ clkbuf_0_clk/X (sky130_fd_sc_hd__clkbuf_16)
                                                         clknet_0_clk (net)
                      0.044776    0.000434    0.140985 ^ clkbuf_2_2__f_clk/A (sky130_fd_sc_hd__clkbuf_16)
    13    0.035445    0.042040    0.098590    0.239575 ^ clkbuf_2_2__f_clk/X (sky130_fd_sc_hd__clkbuf_16)
                                                         clknet_2_2__leaf_clk (net)
                      0.042040    0.000121    0.239696 ^ _226_/CLK (sky130_fd_sc_hd__dfrtp_2)
     1    0.004569    0.031737    0.215989    0.455685 ^ _226_/Q (sky130_fd_sc_hd__dfrtp_2)
                                                         net77 (net)
                      0.031737    0.000079    0.455764 ^ output77/A (sky130_fd_sc_hd__clkdlybuf4s25_1)
     1    0.036498    0.275729    0.329905    0.785669 ^ output77/X (sky130_fd_sc_hd__clkdlybuf4s25_1)
                                                         gpio_out[7] (net)
                      0.275729    0.000574    0.786243 ^ gpio_out[7] (out)
                                              0.786243   data arrival time

                                 10.000000   10.000000   clock clk (rise edge)
                                  0.000000   10.000000   clock network delay (propagated)
                                 -0.250000    9.750000   clock uncertainty
                                  0.000000    9.750000   clock reconvergence pessimism
                                 -2.000000    7.750000   output external delay
                                              7.750000   data required time
---------------------------------------------------------------------------------------------
                                              7.750000   data required time
                                             -0.786243   data arrival time
---------------------------------------------------------------------------------------------
                                              6.963757   slack (MET)


Startpoint: _221_ (rising edge-triggered flip-flop clocked by clk)
Endpoint: gpio_out[2] (output port clocked by clk)
Path Group: clk
Path Type: max

Fanout         Cap        Slew       Delay        Time   Description
---------------------------------------------------------------------------------------------
                                  0.000000    0.000000   clock clk (rise edge)
                                  0.000000    0.000000   clock source latency
     1    0.014902    0.054810    0.037065    0.037065 ^ clk (in)
                                                         clk (net)
                      0.054814    0.000000    0.037065 ^ clkbuf_0_clk/A (sky130_fd_sc_hd__clkbuf_16)
     4    0.039391    0.044772    0.103487    0.140551 ^ clkbuf_0_clk/X (sky130_fd_sc_hd__clkbuf_16)
                                                         clknet_0_clk (net)
                      0.044778    0.000496    0.141048 ^ clkbuf_2_0__f_clk/A (sky130_fd_sc_hd__clkbuf_16)
     9    0.033613    0.040753    0.097504    0.238552 ^ clkbuf_2_0__f_clk/X (sky130_fd_sc_hd__clkbuf_16)
                                                         clknet_2_0__leaf_clk (net)
                      0.040754    0.000389    0.238941 ^ _221_/CLK (sky130_fd_sc_hd__dfrtp_2)
     1    0.004266    0.030636    0.214438    0.453379 ^ _221_/Q (sky130_fd_sc_hd__dfrtp_2)
                                                         net72 (net)
                      0.030636    0.000067    0.453446 ^ output72/A (sky130_fd_sc_hd__clkdlybuf4s25_1)
     1    0.035907    0.271391    0.326655    0.780101 ^ output72/X (sky130_fd_sc_hd__clkdlybuf4s25_1)
                                                         gpio_out[2] (net)
                      0.271391    0.000457    0.780558 ^ gpio_out[2] (out)
                                              0.780558   data arrival time

                                 10.000000   10.000000   clock clk (rise edge)
                                  0.000000   10.000000   clock network delay (propagated)
                                 -0.250000    9.750000   clock uncertainty
                                  0.000000    9.750000   clock reconvergence pessimism
                                 -2.000000    7.750000   output external delay
                                              7.750000   data required time
---------------------------------------------------------------------------------------------
                                              7.750000   data required time
                                             -0.780558   data arrival time
---------------------------------------------------------------------------------------------
                                              6.969442   slack (MET)


Startpoint: _222_ (rising edge-triggered flip-flop clocked by clk)
Endpoint: gpio_out[3] (output port clocked by clk)
Path Group: clk
Path Type: max

Fanout         Cap        Slew       Delay        Time   Description
---------------------------------------------------------------------------------------------
                                  0.000000    0.000000   clock clk (rise edge)
                                  0.000000    0.000000   clock source latency
     1    0.014902    0.054810    0.037065    0.037065 ^ clk (in)
                                                         clk (net)
                      0.054814    0.000000    0.037065 ^ clkbuf_0_clk/A (sky130_fd_sc_hd__clkbuf_16)
     4    0.039391    0.044772    0.103487    0.140551 ^ clkbuf_0_clk/X (sky130_fd_sc_hd__clkbuf_16)
                                                         clknet_0_clk (net)
                      0.044776    0.000434    0.140985 ^ clkbuf_2_2__f_clk/A (sky130_fd_sc_hd__clkbuf_16)
    13    0.035445    0.042040    0.098590    0.239575 ^ clkbuf_2_2__f_clk/X (sky130_fd_sc_hd__clkbuf_16)
                                                         clknet_2_2__leaf_clk (net)
                      0.042040    0.000154    0.239729 ^ _222_/CLK (sky130_fd_sc_hd__dfrtp_2)
     1    0.004844    0.032674    0.216955    0.456684 ^ _222_/Q (sky130_fd_sc_hd__dfrtp_2)
                                                         net73 (net)
                      0.032674    0.000091    0.456775 ^ output73/A (sky130_fd_sc_hd__clkdlybuf4s25_1)
     1    0.034736    0.262778    0.321269    0.778045 ^ output73/X (sky130_fd_sc_hd__clkdlybuf4s25_1)
                                                         gpio_out[3] (net)
                      0.262778    0.000468    0.778513 ^ gpio_out[3] (out)
                                              0.778513   data arrival time

                                 10.000000   10.000000   clock clk (rise edge)
                                  0.000000   10.000000   clock network delay (propagated)
                                 -0.250000    9.750000   clock uncertainty
                                  0.000000    9.750000   clock reconvergence pessimism
                                 -2.000000    7.750000   output external delay
                                              7.750000   data required time
---------------------------------------------------------------------------------------------
                                              7.750000   data required time
                                             -0.778513   data arrival time
---------------------------------------------------------------------------------------------
                                              6.971487   slack (MET)


Startpoint: _225_ (rising edge-triggered flip-flop clocked by clk)
Endpoint: gpio_out[6] (output port clocked by clk)
Path Group: clk
Path Type: max

Fanout         Cap        Slew       Delay        Time   Description
---------------------------------------------------------------------------------------------
                                  0.000000    0.000000   clock clk (rise edge)
                                  0.000000    0.000000   clock source latency
     1    0.014902    0.054810    0.037065    0.037065 ^ clk (in)
                                                         clk (net)
                      0.054814    0.000000    0.037065 ^ clkbuf_0_clk/A (sky130_fd_sc_hd__clkbuf_16)
     4    0.039391    0.044772    0.103487    0.140551 ^ clkbuf_0_clk/X (sky130_fd_sc_hd__clkbuf_16)
                                                         clknet_0_clk (net)
                      0.044776    0.000434    0.140985 ^ clkbuf_2_2__f_clk/A (sky130_fd_sc_hd__clkbuf_16)
    13    0.035445    0.042040    0.098590    0.239575 ^ clkbuf_2_2__f_clk/X (sky130_fd_sc_hd__clkbuf_16)
                                                         clknet_2_2__leaf_clk (net)
                      0.042040    0.000070    0.239645 ^ _225_/CLK (sky130_fd_sc_hd__dfrtp_2)
     1    0.003516    0.028093    0.211941    0.451587 ^ _225_/Q (sky130_fd_sc_hd__dfrtp_2)
                                                         net76 (net)
                      0.028093    0.000043    0.451629 ^ output76/A (sky130_fd_sc_hd__clkdlybuf4s25_1)
     1    0.034692    0.262494    0.319787    0.771416 ^ output76/X (sky130_fd_sc_hd__clkdlybuf4s25_1)
                                                         gpio_out[6] (net)
                      0.262494    0.000375    0.771792 ^ gpio_out[6] (out)
                                              0.771792   data arrival time

                                 10.000000   10.000000   clock clk (rise edge)
                                  0.000000   10.000000   clock network delay (propagated)
                                 -0.250000    9.750000   clock uncertainty
                                  0.000000    9.750000   clock reconvergence pessimism
                                 -2.000000    7.750000   output external delay
                                              7.750000   data required time
---------------------------------------------------------------------------------------------
                                              7.750000   data required time
                                             -0.771792   data arrival time
---------------------------------------------------------------------------------------------
                                              6.978209   slack (MET)


Startpoint: uart_rx (input port clocked by clk)
Endpoint: _186_ (rising edge-triggered flip-flop clocked by clk)
Path Group: clk
Path Type: max

Fanout         Cap        Slew       Delay        Time   Description
---------------------------------------------------------------------------------------------
                                  0.000000    0.000000   clock clk (rise edge)
                                  0.000000    0.000000   clock network delay (propagated)
                                  2.000000    2.000000 v input external delay
     1    0.012026    0.019623    0.012186    2.012186 v uart_rx (in)
                                                         uart_rx (net)
                      0.019624    0.000000    2.012186 v input34/A (sky130_fd_sc_hd__clkdlybuf4s25_1)
     1    0.014928    0.082703    0.200771    2.212957 v input34/X (sky130_fd_sc_hd__clkdlybuf4s25_1)
                                                         net34 (net)
                      0.082706    0.000610    2.213567 v _185_/B (sky130_fd_sc_hd__xor2_2)
     1    0.002939    0.040422    0.104028    2.317595 v _185_/X (sky130_fd_sc_hd__xor2_2)
                                                         _032_ (net)
                      0.040422    0.000034    2.317629 v _186_/D (sky130_fd_sc_hd__dfrtp_2)
                                              2.317629   data arrival time

                                 10.000000   10.000000   clock clk (rise edge)
                                  0.000000   10.000000   clock source latency
     1    0.014902    0.054810    0.037065   10.037065 ^ clk (in)
                                                         clk (net)
                      0.054814    0.000000   10.037065 ^ clkbuf_0_clk/A (sky130_fd_sc_hd__clkbuf_16)
     4    0.039391    0.044772    0.103487   10.140552 ^ clkbuf_0_clk/X (sky130_fd_sc_hd__clkbuf_16)
                                                         clknet_0_clk (net)
                      0.044780    0.000533   10.141085 ^ clkbuf_2_1__f_clk/A (sky130_fd_sc_hd__clkbuf_16)
    13    0.039943    0.045147    0.101054   10.242139 ^ clkbuf_2_1__f_clk/X (sky130_fd_sc_hd__clkbuf_16)
                                                         clknet_2_1__leaf_clk (net)
                      0.045147    0.000065   10.242204 ^ _186_/CLK (sky130_fd_sc_hd__dfrtp_2)
                                 -0.250000    9.992204   clock uncertainty
                                  0.000000    9.992204   clock reconvergence pessimism
                                 -0.075406    9.916798   library setup time
                                              9.916798   data required time
---------------------------------------------------------------------------------------------
                                              9.916798   data required time
                                             -2.317629   data arrival time
---------------------------------------------------------------------------------------------
                                              7.599169   slack (MET)


Startpoint: rst_n (input port clocked by clk)
Endpoint: _207_ (recovery check against rising-edge clock clk)
Path Group: asynchronous
Path Type: max

Fanout         Cap        Slew       Delay        Time   Description
---------------------------------------------------------------------------------------------
                                  0.000000    0.000000   clock clk (rise edge)
                                  0.000000    0.000000   clock network delay (propagated)
                                  2.000000    2.000000 ^ input external delay
     1    0.003771    0.017406    0.009764    2.009764 ^ rst_n (in)
                                                         rst_n (net)
                      0.017406    0.000000    2.009764 ^ input33/A (sky130_fd_sc_hd__buf_4)
    10    0.052973    0.113488    0.128147    2.137911 ^ input33/X (sky130_fd_sc_hd__buf_4)
                                                         net33 (net)
                      0.113491    0.000522    2.138433 ^ max_cap79/A (sky130_fd_sc_hd__buf_12)
    32    0.143285    0.128007    0.149014    2.287447 ^ max_cap79/X (sky130_fd_sc_hd__buf_12)
                                                         net79 (net)
                      0.128345    0.005344    2.292791 ^ _207_/RESET_B (sky130_fd_sc_hd__dfrtp_2)
                                              2.292791   data arrival time

                                 10.000000   10.000000   clock clk (rise edge)
                                  0.000000   10.000000   clock source latency
     1    0.014902    0.054810    0.037065   10.037065 ^ clk (in)
                                                         clk (net)
                      0.054814    0.000000   10.037065 ^ clkbuf_0_clk/A (sky130_fd_sc_hd__clkbuf_16)
     4    0.039391    0.044772    0.103487   10.140552 ^ clkbuf_0_clk/X (sky130_fd_sc_hd__clkbuf_16)
                                                         clknet_0_clk (net)
                      0.044776    0.000433   10.140985 ^ clkbuf_2_3__f_clk/A (sky130_fd_sc_hd__clkbuf_16)
     9    0.033006    0.040361    0.097221   10.238205 ^ clkbuf_2_3__f_clk/X (sky130_fd_sc_hd__clkbuf_16)
                                                         clknet_2_3__leaf_clk (net)
                      0.040361    0.000260   10.238465 ^ _207_/CLK (sky130_fd_sc_hd__dfrtp_2)
                                 -0.250000    9.988465   clock uncertainty
                                  0.000000    9.988465   clock reconvergence pessimism
                                  0.110185   10.098650   library recovery time
                                             10.098650   data required time
---------------------------------------------------------------------------------------------
                                             10.098650   data required time
                                             -2.292791   data arrival time
---------------------------------------------------------------------------------------------
                                              7.805859   slack (MET)


Startpoint: rst_n (input port clocked by clk)
Endpoint: _208_ (recovery check against rising-edge clock clk)
Path Group: asynchronous
Path Type: max

Fanout         Cap        Slew       Delay        Time   Description
---------------------------------------------------------------------------------------------
                                  0.000000    0.000000   clock clk (rise edge)
                                  0.000000    0.000000   clock network delay (propagated)
                                  2.000000    2.000000 ^ input external delay
     1    0.003771    0.017406    0.009764    2.009764 ^ rst_n (in)
                                                         rst_n (net)
                      0.017406    0.000000    2.009764 ^ input33/A (sky130_fd_sc_hd__buf_4)
    10    0.052973    0.113488    0.128147    2.137911 ^ input33/X (sky130_fd_sc_hd__buf_4)
                                                         net33 (net)
                      0.113491    0.000522    2.138433 ^ max_cap79/A (sky130_fd_sc_hd__buf_12)
    32    0.143285    0.128007    0.149014    2.287447 ^ max_cap79/X (sky130_fd_sc_hd__buf_12)
                                                         net79 (net)
                      0.128343    0.005324    2.292771 ^ _208_/RESET_B (sky130_fd_sc_hd__dfrtp_2)
                                              2.292771   data arrival time

                                 10.000000   10.000000   clock clk (rise edge)
                                  0.000000   10.000000   clock source latency
     1    0.014902    0.054810    0.037065   10.037065 ^ clk (in)
                                                         clk (net)
                      0.054814    0.000000   10.037065 ^ clkbuf_0_clk/A (sky130_fd_sc_hd__clkbuf_16)
     4    0.039391    0.044772    0.103487   10.140552 ^ clkbuf_0_clk/X (sky130_fd_sc_hd__clkbuf_16)
                                                         clknet_0_clk (net)
                      0.044776    0.000433   10.140985 ^ clkbuf_2_3__f_clk/A (sky130_fd_sc_hd__clkbuf_16)
     9    0.033006    0.040361    0.097221   10.238205 ^ clkbuf_2_3__f_clk/X (sky130_fd_sc_hd__clkbuf_16)
                                                         clknet_2_3__leaf_clk (net)
                      0.040361    0.000252   10.238458 ^ _208_/CLK (sky130_fd_sc_hd__dfrtp_2)
                                 -0.250000    9.988458   clock uncertainty
                                  0.000000    9.988458   clock reconvergence pessimism
                                  0.110186   10.098643   library recovery time
                                             10.098643   data required time
---------------------------------------------------------------------------------------------
                                             10.098643   data required time
                                             -2.292771   data arrival time
---------------------------------------------------------------------------------------------
                                              7.805872   slack (MET)


Startpoint: rst_n (input port clocked by clk)
Endpoint: _223_ (recovery check against rising-edge clock clk)
Path Group: asynchronous
Path Type: max

Fanout         Cap        Slew       Delay        Time   Description
---------------------------------------------------------------------------------------------
                                  0.000000    0.000000   clock clk (rise edge)
                                  0.000000    0.000000   clock network delay (propagated)
                                  2.000000    2.000000 ^ input external delay
     1    0.003771    0.017406    0.009764    2.009764 ^ rst_n (in)
                                                         rst_n (net)
                      0.017406    0.000000    2.009764 ^ input33/A (sky130_fd_sc_hd__buf_4)
    10    0.052973    0.113488    0.128147    2.137911 ^ input33/X (sky130_fd_sc_hd__buf_4)
                                                         net33 (net)
                      0.113491    0.000522    2.138433 ^ max_cap79/A (sky130_fd_sc_hd__buf_12)
    32    0.143285    0.128007    0.149014    2.287447 ^ max_cap79/X (sky130_fd_sc_hd__buf_12)
                                                         net79 (net)
                      0.128369    0.005524    2.292971 ^ _223_/RESET_B (sky130_fd_sc_hd__dfrtp_2)
                                              2.292971   data arrival time

                                 10.000000   10.000000   clock clk (rise edge)
                                  0.000000   10.000000   clock source latency
     1    0.014902    0.054810    0.037065   10.037065 ^ clk (in)
                                                         clk (net)
                      0.054814    0.000000   10.037065 ^ clkbuf_0_clk/A (sky130_fd_sc_hd__clkbuf_16)
     4    0.039391    0.044772    0.103487   10.140552 ^ clkbuf_0_clk/X (sky130_fd_sc_hd__clkbuf_16)
                                                         clknet_0_clk (net)
                      0.044778    0.000496   10.141048 ^ clkbuf_2_0__f_clk/A (sky130_fd_sc_hd__clkbuf_16)
     9    0.033613    0.040753    0.097503   10.238552 ^ clkbuf_2_0__f_clk/X (sky130_fd_sc_hd__clkbuf_16)
                                                         clknet_2_0__leaf_clk (net)
                      0.040754    0.000373   10.238925 ^ _223_/CLK (sky130_fd_sc_hd__dfrtp_2)
                                 -0.250000    9.988925   clock uncertainty
                                  0.000000    9.988925   clock reconvergence pessimism
                                  0.110241   10.099165   library recovery time
                                             10.099165   data required time
---------------------------------------------------------------------------------------------
                                             10.099165   data required time
                                             -2.292971   data arrival time
---------------------------------------------------------------------------------------------
                                              7.806195   slack (MET)


Startpoint: rst_n (input port clocked by clk)
Endpoint: _221_ (recovery check against rising-edge clock clk)
Path Group: asynchronous
Path Type: max

Fanout         Cap        Slew       Delay        Time   Description
---------------------------------------------------------------------------------------------
                                  0.000000    0.000000   clock clk (rise edge)
                                  0.000000    0.000000   clock network delay (propagated)
                                  2.000000    2.000000 ^ input external delay
     1    0.003771    0.017406    0.009764    2.009764 ^ rst_n (in)
                                                         rst_n (net)
                      0.017406    0.000000    2.009764 ^ input33/A (sky130_fd_sc_hd__buf_4)
    10    0.052973    0.113488    0.128147    2.137911 ^ input33/X (sky130_fd_sc_hd__buf_4)
                                                         net33 (net)
                      0.113491    0.000522    2.138433 ^ max_cap79/A (sky130_fd_sc_hd__buf_12)
    32    0.143285    0.128007    0.149014    2.287447 ^ max_cap79/X (sky130_fd_sc_hd__buf_12)
                                                         net79 (net)
                      0.128370    0.005529    2.292976 ^ _221_/RESET_B (sky130_fd_sc_hd__dfrtp_2)
                                              2.292976   data arrival time

                                 10.000000   10.000000   clock clk (rise edge)
                                  0.000000   10.000000   clock source latency
     1    0.014902    0.054810    0.037065   10.037065 ^ clk (in)
                                                         clk (net)
                      0.054814    0.000000   10.037065 ^ clkbuf_0_clk/A (sky130_fd_sc_hd__clkbuf_16)
     4    0.039391    0.044772    0.103487   10.140552 ^ clkbuf_0_clk/X (sky130_fd_sc_hd__clkbuf_16)
                                                         clknet_0_clk (net)
                      0.044778    0.000496   10.141048 ^ clkbuf_2_0__f_clk/A (sky130_fd_sc_hd__clkbuf_16)
     9    0.033613    0.040753    0.097503   10.238552 ^ clkbuf_2_0__f_clk/X (sky130_fd_sc_hd__clkbuf_16)
                                                         clknet_2_0__leaf_clk (net)
                      0.040754    0.000389   10.238940 ^ _221_/CLK (sky130_fd_sc_hd__dfrtp_2)
                                 -0.250000    9.988940   clock uncertainty
                                  0.000000    9.988940   clock reconvergence pessimism
                                  0.110240   10.099181   library recovery time
                                             10.099181   data required time
---------------------------------------------------------------------------------------------
                                             10.099181   data required time
                                             -2.292976   data arrival time
---------------------------------------------------------------------------------------------
                                              7.806206   slack (MET)


Startpoint: rst_n (input port clocked by clk)
Endpoint: _224_ (recovery check against rising-edge clock clk)
Path Group: asynchronous
Path Type: max

Fanout         Cap        Slew       Delay        Time   Description
---------------------------------------------------------------------------------------------
                                  0.000000    0.000000   clock clk (rise edge)
                                  0.000000    0.000000   clock network delay (propagated)
                                  2.000000    2.000000 ^ input external delay
     1    0.003771    0.017406    0.009764    2.009764 ^ rst_n (in)
                                                         rst_n (net)
                      0.017406    0.000000    2.009764 ^ input33/A (sky130_fd_sc_hd__buf_4)
    10    0.052973    0.113488    0.128147    2.137911 ^ input33/X (sky130_fd_sc_hd__buf_4)
                                                         net33 (net)
                      0.113491    0.000522    2.138433 ^ max_cap79/A (sky130_fd_sc_hd__buf_12)
    32    0.143285    0.128007    0.149014    2.287447 ^ max_cap79/X (sky130_fd_sc_hd__buf_12)
                                                         net79 (net)
                      0.128366    0.005502    2.292948 ^ _224_/RESET_B (sky130_fd_sc_hd__dfrtp_2)
                                              2.292948   data arrival time

                                 10.000000   10.000000   clock clk (rise edge)
                                  0.000000   10.000000   clock source latency
     1    0.014902    0.054810    0.037065   10.037065 ^ clk (in)
                                                         clk (net)
                      0.054814    0.000000   10.037065 ^ clkbuf_0_clk/A (sky130_fd_sc_hd__clkbuf_16)
     4    0.039391    0.044772    0.103487   10.140552 ^ clkbuf_0_clk/X (sky130_fd_sc_hd__clkbuf_16)
                                                         clknet_0_clk (net)
                      0.044776    0.000433   10.140985 ^ clkbuf_2_2__f_clk/A (sky130_fd_sc_hd__clkbuf_16)
    13    0.035445    0.042040    0.098590   10.239574 ^ clkbuf_2_2__f_clk/X (sky130_fd_sc_hd__clkbuf_16)
                                                         clknet_2_2__leaf_clk (net)
                      0.042040    0.000170   10.239744 ^ _224_/CLK (sky130_fd_sc_hd__dfrtp_2)
                                 -0.250000    9.989744   clock uncertainty
                                  0.000000    9.989744   clock reconvergence pessimism
                                  0.110443   10.100187   library recovery time
                                             10.100187   data required time
---------------------------------------------------------------------------------------------
                                             10.100187   data required time
                                             -2.292948   data arrival time
---------------------------------------------------------------------------------------------
                                              7.807240   slack (MET)


Startpoint: rst_n (input port clocked by clk)
Endpoint: _225_ (recovery check against rising-edge clock clk)
Path Group: asynchronous
Path Type: max

Fanout         Cap        Slew       Delay        Time   Description
---------------------------------------------------------------------------------------------
                                  0.000000    0.000000   clock clk (rise edge)
                                  0.000000    0.000000   clock network delay (propagated)
                                  2.000000    2.000000 ^ input external delay
     1    0.003771    0.017406    0.009764    2.009764 ^ rst_n (in)
                                                         rst_n (net)
                      0.017406    0.000000    2.009764 ^ input33/A (sky130_fd_sc_hd__buf_4)
    10    0.052973    0.113488    0.128147    2.137911 ^ input33/X (sky130_fd_sc_hd__buf_4)
                                                         net33 (net)
                      0.113491    0.000522    2.138433 ^ max_cap79/A (sky130_fd_sc_hd__buf_12)
    32    0.143285    0.128007    0.149014    2.287447 ^ max_cap79/X (sky130_fd_sc_hd__buf_12)
                                                         net79 (net)
                      0.128354    0.005408    2.292855 ^ _225_/RESET_B (sky130_fd_sc_hd__dfrtp_2)
                                              2.292855   data arrival time

                                 10.000000   10.000000   clock clk (rise edge)
                                  0.000000   10.000000   clock source latency
     1    0.014902    0.054810    0.037065   10.037065 ^ clk (in)
                                                         clk (net)
                      0.054814    0.000000   10.037065 ^ clkbuf_0_clk/A (sky130_fd_sc_hd__clkbuf_16)
     4    0.039391    0.044772    0.103487   10.140552 ^ clkbuf_0_clk/X (sky130_fd_sc_hd__clkbuf_16)
                                                         clknet_0_clk (net)
                      0.044776    0.000433   10.140985 ^ clkbuf_2_2__f_clk/A (sky130_fd_sc_hd__clkbuf_16)
    13    0.035445    0.042040    0.098590   10.239574 ^ clkbuf_2_2__f_clk/X (sky130_fd_sc_hd__clkbuf_16)
                                                         clknet_2_2__leaf_clk (net)
                      0.042040    0.000070   10.239645 ^ _225_/CLK (sky130_fd_sc_hd__dfrtp_2)
                                 -0.250000    9.989645   clock uncertainty
                                  0.000000    9.989645   clock reconvergence pessimism
                                  0.110446   10.100091   library recovery time
                                             10.100091   data required time
---------------------------------------------------------------------------------------------
                                             10.100091   data required time
                                             -2.292855   data arrival time
---------------------------------------------------------------------------------------------
                                              7.807236   slack (MET)


Startpoint: rst_n (input port clocked by clk)
Endpoint: _226_ (recovery check against rising-edge clock clk)
Path Group: asynchronous
Path Type: max

Fanout         Cap        Slew       Delay        Time   Description
---------------------------------------------------------------------------------------------
                                  0.000000    0.000000   clock clk (rise edge)
                                  0.000000    0.000000   clock network delay (propagated)
                                  2.000000    2.000000 ^ input external delay
     1    0.003771    0.017406    0.009764    2.009764 ^ rst_n (in)
                                                         rst_n (net)
                      0.017406    0.000000    2.009764 ^ input33/A (sky130_fd_sc_hd__buf_4)
    10    0.052973    0.113488    0.128147    2.137911 ^ input33/X (sky130_fd_sc_hd__buf_4)
                                                         net33 (net)
                      0.113491    0.000522    2.138433 ^ max_cap79/A (sky130_fd_sc_hd__buf_12)
    32    0.143285    0.128007    0.149014    2.287447 ^ max_cap79/X (sky130_fd_sc_hd__buf_12)
                                                         net79 (net)
                      0.128358    0.005438    2.292885 ^ _226_/RESET_B (sky130_fd_sc_hd__dfrtp_2)
                                              2.292885   data arrival time

                                 10.000000   10.000000   clock clk (rise edge)
                                  0.000000   10.000000   clock source latency
     1    0.014902    0.054810    0.037065   10.037065 ^ clk (in)
                                                         clk (net)
                      0.054814    0.000000   10.037065 ^ clkbuf_0_clk/A (sky130_fd_sc_hd__clkbuf_16)
     4    0.039391    0.044772    0.103487   10.140552 ^ clkbuf_0_clk/X (sky130_fd_sc_hd__clkbuf_16)
                                                         clknet_0_clk (net)
                      0.044776    0.000433   10.140985 ^ clkbuf_2_2__f_clk/A (sky130_fd_sc_hd__clkbuf_16)
    13    0.035445    0.042040    0.098590   10.239574 ^ clkbuf_2_2__f_clk/X (sky130_fd_sc_hd__clkbuf_16)
                                                         clknet_2_2__leaf_clk (net)
                      0.042040    0.000122   10.239697 ^ _226_/CLK (sky130_fd_sc_hd__dfrtp_2)
                                 -0.250000    9.989697   clock uncertainty
                                  0.000000    9.989697   clock reconvergence pessimism
                                  0.110445   10.100142   library recovery time
                                             10.100142   data required time
---------------------------------------------------------------------------------------------
                                             10.100142   data required time
                                             -2.292885   data arrival time
---------------------------------------------------------------------------------------------
                                              7.807256   slack (MET)


Startpoint: rst_n (input port clocked by clk)
Endpoint: _200_ (recovery check against rising-edge clock clk)
Path Group: asynchronous
Path Type: max

Fanout         Cap        Slew       Delay        Time   Description
---------------------------------------------------------------------------------------------
                                  0.000000    0.000000   clock clk (rise edge)
                                  0.000000    0.000000   clock network delay (propagated)
                                  2.000000    2.000000 ^ input external delay
     1    0.003771    0.017406    0.009764    2.009764 ^ rst_n (in)
                                                         rst_n (net)
                      0.017406    0.000000    2.009764 ^ input33/A (sky130_fd_sc_hd__buf_4)
    10    0.052973    0.113488    0.128147    2.137911 ^ input33/X (sky130_fd_sc_hd__buf_4)
                                                         net33 (net)
                      0.113491    0.000522    2.138433 ^ max_cap79/A (sky130_fd_sc_hd__buf_12)
    32    0.143285    0.128007    0.149014    2.287447 ^ max_cap79/X (sky130_fd_sc_hd__buf_12)
                                                         net79 (net)
                      0.128345    0.005339    2.292786 ^ _200_/RESET_B (sky130_fd_sc_hd__dfrtp_2)
                                              2.292786   data arrival time

                                 10.000000   10.000000   clock clk (rise edge)
                                  0.000000   10.000000   clock source latency
     1    0.014902    0.054810    0.037065   10.037065 ^ clk (in)
                                                         clk (net)
                      0.054814    0.000000   10.037065 ^ clkbuf_0_clk/A (sky130_fd_sc_hd__clkbuf_16)
     4    0.039391    0.044772    0.103487   10.140552 ^ clkbuf_0_clk/X (sky130_fd_sc_hd__clkbuf_16)
                                                         clknet_0_clk (net)
                      0.044776    0.000433   10.140985 ^ clkbuf_2_2__f_clk/A (sky130_fd_sc_hd__clkbuf_16)
    13    0.035445    0.042040    0.098590   10.239574 ^ clkbuf_2_2__f_clk/X (sky130_fd_sc_hd__clkbuf_16)
                                                         clknet_2_2__leaf_clk (net)
                      0.042040    0.000097   10.239672 ^ _200_/CLK (sky130_fd_sc_hd__dfrtp_2)
                                 -0.250000    9.989672   clock uncertainty
                                  0.000000    9.989672   clock reconvergence pessimism
                                  0.110448   10.100121   library recovery time
                                             10.100121   data required time
---------------------------------------------------------------------------------------------
                                             10.100121   data required time
                                             -2.292786   data arrival time
---------------------------------------------------------------------------------------------
                                              7.807334   slack (MET)


Startpoint: rst_n (input port clocked by clk)
Endpoint: _201_ (recovery check against rising-edge clock clk)
Path Group: asynchronous
Path Type: max

Fanout         Cap        Slew       Delay        Time   Description
---------------------------------------------------------------------------------------------
                                  0.000000    0.000000   clock clk (rise edge)
                                  0.000000    0.000000   clock network delay (propagated)
                                  2.000000    2.000000 ^ input external delay
     1    0.003771    0.017406    0.009764    2.009764 ^ rst_n (in)
                                                         rst_n (net)
                      0.017406    0.000000    2.009764 ^ input33/A (sky130_fd_sc_hd__buf_4)
    10    0.052973    0.113488    0.128147    2.137911 ^ input33/X (sky130_fd_sc_hd__buf_4)
                                                         net33 (net)
                      0.113491    0.000522    2.138433 ^ max_cap79/A (sky130_fd_sc_hd__buf_12)
    32    0.143285    0.128007    0.149014    2.287447 ^ max_cap79/X (sky130_fd_sc_hd__buf_12)
                                                         net79 (net)
                      0.128336    0.005267    2.292714 ^ _201_/RESET_B (sky130_fd_sc_hd__dfrtp_2)
                                              2.292714   data arrival time

                                 10.000000   10.000000   clock clk (rise edge)
                                  0.000000   10.000000   clock source latency
     1    0.014902    0.054810    0.037065   10.037065 ^ clk (in)
                                                         clk (net)
                      0.054814    0.000000   10.037065 ^ clkbuf_0_clk/A (sky130_fd_sc_hd__clkbuf_16)
     4    0.039391    0.044772    0.103487   10.140552 ^ clkbuf_0_clk/X (sky130_fd_sc_hd__clkbuf_16)
                                                         clknet_0_clk (net)
                      0.044776    0.000433   10.140985 ^ clkbuf_2_2__f_clk/A (sky130_fd_sc_hd__clkbuf_16)
    13    0.035445    0.042040    0.098590   10.239574 ^ clkbuf_2_2__f_clk/X (sky130_fd_sc_hd__clkbuf_16)
                                                         clknet_2_2__leaf_clk (net)
                      0.042040    0.000087   10.239662 ^ _201_/CLK (sky130_fd_sc_hd__dfrtp_2)
                                 -0.250000    9.989662   clock uncertainty
                                  0.000000    9.989662   clock reconvergence pessimism
                                  0.110451   10.100113   library recovery time
                                             10.100113   data required time
---------------------------------------------------------------------------------------------
                                             10.100113   data required time
                                             -2.292714   data arrival time
---------------------------------------------------------------------------------------------
                                              7.807398   slack (MET)


Startpoint: rst_n (input port clocked by clk)
Endpoint: _202_ (recovery check against rising-edge clock clk)
Path Group: asynchronous
Path Type: max

Fanout         Cap        Slew       Delay        Time   Description
---------------------------------------------------------------------------------------------
                                  0.000000    0.000000   clock clk (rise edge)
                                  0.000000    0.000000   clock network delay (propagated)
                                  2.000000    2.000000 ^ input external delay
     1    0.003771    0.017406    0.009764    2.009764 ^ rst_n (in)
                                                         rst_n (net)
                      0.017406    0.000000    2.009764 ^ input33/A (sky130_fd_sc_hd__buf_4)
    10    0.052973    0.113488    0.128147    2.137911 ^ input33/X (sky130_fd_sc_hd__buf_4)
                                                         net33 (net)
                      0.113491    0.000522    2.138433 ^ max_cap79/A (sky130_fd_sc_hd__buf_12)
    32    0.143285    0.128007    0.149014    2.287447 ^ max_cap79/X (sky130_fd_sc_hd__buf_12)
                                                         net79 (net)
                      0.128331    0.005232    2.292679 ^ _202_/RESET_B (sky130_fd_sc_hd__dfrtp_2)
                                              2.292679   data arrival time

                                 10.000000   10.000000   clock clk (rise edge)
                                  0.000000   10.000000   clock source latency
     1    0.014902    0.054810    0.037065   10.037065 ^ clk (in)
                                                         clk (net)
                      0.054814    0.000000   10.037065 ^ clkbuf_0_clk/A (sky130_fd_sc_hd__clkbuf_16)
     4    0.039391    0.044772    0.103487   10.140552 ^ clkbuf_0_clk/X (sky130_fd_sc_hd__clkbuf_16)
                                                         clknet_0_clk (net)
                      0.044776    0.000433   10.140985 ^ clkbuf_2_2__f_clk/A (sky130_fd_sc_hd__clkbuf_16)
    13    0.035445    0.042040    0.098590   10.239574 ^ clkbuf_2_2__f_clk/X (sky130_fd_sc_hd__clkbuf_16)
                                                         clknet_2_2__leaf_clk (net)
                      0.042040    0.000107   10.239681 ^ _202_/CLK (sky130_fd_sc_hd__dfrtp_2)
                                 -0.250000    9.989681   clock uncertainty
                                  0.000000    9.989681   clock reconvergence pessimism
                                  0.110452   10.100134   library recovery time
                                             10.100134   data required time
---------------------------------------------------------------------------------------------
                                             10.100134   data required time
                                             -2.292679   data arrival time
---------------------------------------------------------------------------------------------
                                              7.807455   slack (MET)


Startpoint: rst_n (input port clocked by clk)
Endpoint: _197_ (recovery check against rising-edge clock clk)
Path Group: asynchronous
Path Type: max

Fanout         Cap        Slew       Delay        Time   Description
---------------------------------------------------------------------------------------------
                                  0.000000    0.000000   clock clk (rise edge)
                                  0.000000    0.000000   clock network delay (propagated)
                                  2.000000    2.000000 ^ input external delay
     1    0.003771    0.017406    0.009764    2.009764 ^ rst_n (in)
                                                         rst_n (net)
                      0.017406    0.000000    2.009764 ^ input33/A (sky130_fd_sc_hd__buf_4)
    10    0.052973    0.113488    0.128147    2.137911 ^ input33/X (sky130_fd_sc_hd__buf_4)
                                                         net33 (net)
                      0.113491    0.000522    2.138433 ^ max_cap79/A (sky130_fd_sc_hd__buf_12)
    32    0.143285    0.128007    0.149014    2.287447 ^ max_cap79/X (sky130_fd_sc_hd__buf_12)
                                                         net79 (net)
                      0.128216    0.004231    2.291678 ^ _197_/RESET_B (sky130_fd_sc_hd__dfrtp_2)
                                              2.291678   data arrival time

                                 10.000000   10.000000   clock clk (rise edge)
                                  0.000000   10.000000   clock source latency
     1    0.014902    0.054810    0.037065   10.037065 ^ clk (in)
                                                         clk (net)
                      0.054814    0.000000   10.037065 ^ clkbuf_0_clk/A (sky130_fd_sc_hd__clkbuf_16)
     4    0.039391    0.044772    0.103487   10.140552 ^ clkbuf_0_clk/X (sky130_fd_sc_hd__clkbuf_16)
                                                         clknet_0_clk (net)
                      0.044778    0.000496   10.141048 ^ clkbuf_2_0__f_clk/A (sky130_fd_sc_hd__clkbuf_16)
     9    0.033613    0.040753    0.097503   10.238552 ^ clkbuf_2_0__f_clk/X (sky130_fd_sc_hd__clkbuf_16)
                                                         clknet_2_0__leaf_clk (net)
                      0.040754    0.000336   10.238888 ^ _197_/CLK (sky130_fd_sc_hd__dfrtp_2)
                                 -0.250000    9.988888   clock uncertainty
                                  0.000000    9.988888   clock reconvergence pessimism
                                  0.110280   10.099167   library recovery time
                                             10.099167   data required time
---------------------------------------------------------------------------------------------
                                             10.099167   data required time
                                             -2.291678   data arrival time
---------------------------------------------------------------------------------------------
                                              7.807489   slack (MET)


Startpoint: rst_n (input port clocked by clk)
Endpoint: _206_ (recovery check against rising-edge clock clk)
Path Group: asynchronous
Path Type: max

Fanout         Cap        Slew       Delay        Time   Description
---------------------------------------------------------------------------------------------
                                  0.000000    0.000000   clock clk (rise edge)
                                  0.000000    0.000000   clock network delay (propagated)
                                  2.000000    2.000000 ^ input external delay
     1    0.003771    0.017406    0.009764    2.009764 ^ rst_n (in)
                                                         rst_n (net)
                      0.017406    0.000000    2.009764 ^ input33/A (sky130_fd_sc_hd__buf_4)
    10    0.052973    0.113488    0.128147    2.137911 ^ input33/X (sky130_fd_sc_hd__buf_4)
                                                         net33 (net)
                      0.113491    0.000522    2.138433 ^ max_cap79/A (sky130_fd_sc_hd__buf_12)
    32    0.143285    0.128007    0.149014    2.287447 ^ max_cap79/X (sky130_fd_sc_hd__buf_12)
                                                         net79 (net)
                      0.128337    0.005278    2.292725 ^ _206_/RESET_B (sky130_fd_sc_hd__dfrtp_2)
                                              2.292725   data arrival time

                                 10.000000   10.000000   clock clk (rise edge)
                                  0.000000   10.000000   clock source latency
     1    0.014902    0.054810    0.037065   10.037065 ^ clk (in)
                                                         clk (net)
                      0.054814    0.000000   10.037065 ^ clkbuf_0_clk/A (sky130_fd_sc_hd__clkbuf_16)
     4    0.039391    0.044772    0.103487   10.140552 ^ clkbuf_0_clk/X (sky130_fd_sc_hd__clkbuf_16)
                                                         clknet_0_clk (net)
                      0.044776    0.000433   10.140985 ^ clkbuf_2_2__f_clk/A (sky130_fd_sc_hd__clkbuf_16)
    13    0.035445    0.042040    0.098590   10.239574 ^ clkbuf_2_2__f_clk/X (sky130_fd_sc_hd__clkbuf_16)
                                                         clknet_2_2__leaf_clk (net)
                      0.042040    0.000219   10.239794 ^ _206_/CLK (sky130_fd_sc_hd__dfrtp_2)
                                 -0.250000    9.989794   clock uncertainty
                                  0.000000    9.989794   clock reconvergence pessimism
                                  0.110450   10.100245   library recovery time
                                             10.100245   data required time
---------------------------------------------------------------------------------------------
                                             10.100245   data required time
                                             -2.292725   data arrival time
---------------------------------------------------------------------------------------------
                                              7.807519   slack (MET)


Startpoint: rst_n (input port clocked by clk)
Endpoint: _203_ (recovery check against rising-edge clock clk)
Path Group: asynchronous
Path Type: max

Fanout         Cap        Slew       Delay        Time   Description
---------------------------------------------------------------------------------------------
                                  0.000000    0.000000   clock clk (rise edge)
                                  0.000000    0.000000   clock network delay (propagated)
                                  2.000000    2.000000 ^ input external delay
     1    0.003771    0.017406    0.009764    2.009764 ^ rst_n (in)
                                                         rst_n (net)
                      0.017406    0.000000    2.009764 ^ input33/A (sky130_fd_sc_hd__buf_4)
    10    0.052973    0.113488    0.128147    2.137911 ^ input33/X (sky130_fd_sc_hd__buf_4)
                                                         net33 (net)
                      0.113491    0.000522    2.138433 ^ max_cap79/A (sky130_fd_sc_hd__buf_12)
    32    0.143285    0.128007    0.149014    2.287447 ^ max_cap79/X (sky130_fd_sc_hd__buf_12)
                                                         net79 (net)
                      0.128331    0.005234    2.292681 ^ _203_/RESET_B (sky130_fd_sc_hd__dfrtp_2)
                                              2.292681   data arrival time

                                 10.000000   10.000000   clock clk (rise edge)
                                  0.000000   10.000000   clock source latency
     1    0.014902    0.054810    0.037065   10.037065 ^ clk (in)
                                                         clk (net)
                      0.054814    0.000000   10.037065 ^ clkbuf_0_clk/A (sky130_fd_sc_hd__clkbuf_16)
     4    0.039391    0.044772    0.103487   10.140552 ^ clkbuf_0_clk/X (sky130_fd_sc_hd__clkbuf_16)
                                                         clknet_0_clk (net)
                      0.044776    0.000433   10.140985 ^ clkbuf_2_2__f_clk/A (sky130_fd_sc_hd__clkbuf_16)
    13    0.035445    0.042040    0.098590   10.239574 ^ clkbuf_2_2__f_clk/X (sky130_fd_sc_hd__clkbuf_16)
                                                         clknet_2_2__leaf_clk (net)
                      0.042040    0.000252   10.239827 ^ _203_/CLK (sky130_fd_sc_hd__dfrtp_2)
                                 -0.250000    9.989827   clock uncertainty
                                  0.000000    9.989827   clock reconvergence pessimism
                                  0.110452   10.100279   library recovery time
                                             10.100279   data required time
---------------------------------------------------------------------------------------------
                                             10.100279   data required time
                                             -2.292681   data arrival time
---------------------------------------------------------------------------------------------
                                              7.807598   slack (MET)


Startpoint: rst_n (input port clocked by clk)
Endpoint: _204_ (recovery check against rising-edge clock clk)
Path Group: asynchronous
Path Type: max

Fanout         Cap        Slew       Delay        Time   Description
---------------------------------------------------------------------------------------------
                                  0.000000    0.000000   clock clk (rise edge)
                                  0.000000    0.000000   clock network delay (propagated)
                                  2.000000    2.000000 ^ input external delay
     1    0.003771    0.017406    0.009764    2.009764 ^ rst_n (in)
                                                         rst_n (net)
                      0.017406    0.000000    2.009764 ^ input33/A (sky130_fd_sc_hd__buf_4)
    10    0.052973    0.113488    0.128147    2.137911 ^ input33/X (sky130_fd_sc_hd__buf_4)
                                                         net33 (net)
                      0.113491    0.000522    2.138433 ^ max_cap79/A (sky130_fd_sc_hd__buf_12)
    32    0.143285    0.128007    0.149014    2.287447 ^ max_cap79/X (sky130_fd_sc_hd__buf_12)
                                                         net79 (net)
                      0.128329    0.005219    2.292666 ^ _204_/RESET_B (sky130_fd_sc_hd__dfrtp_2)
                                              2.292666   data arrival time

                                 10.000000   10.000000   clock clk (rise edge)
                                  0.000000   10.000000   clock source latency
     1    0.014902    0.054810    0.037065   10.037065 ^ clk (in)
                                                         clk (net)
                      0.054814    0.000000   10.037065 ^ clkbuf_0_clk/A (sky130_fd_sc_hd__clkbuf_16)
     4    0.039391    0.044772    0.103487   10.140552 ^ clkbuf_0_clk/X (sky130_fd_sc_hd__clkbuf_16)
                                                         clknet_0_clk (net)
                      0.044776    0.000433   10.140985 ^ clkbuf_2_2__f_clk/A (sky130_fd_sc_hd__clkbuf_16)
    13    0.035445    0.042040    0.098590   10.239574 ^ clkbuf_2_2__f_clk/X (sky130_fd_sc_hd__clkbuf_16)
                                                         clknet_2_2__leaf_clk (net)
                      0.042040    0.000234   10.239809 ^ _204_/CLK (sky130_fd_sc_hd__dfrtp_2)
                                 -0.250000    9.989809   clock uncertainty
                                  0.000000    9.989809   clock reconvergence pessimism
                                  0.110452   10.100262   library recovery time
                                             10.100262   data required time
---------------------------------------------------------------------------------------------
                                             10.100262   data required time
                                             -2.292666   data arrival time
---------------------------------------------------------------------------------------------
                                              7.807596   slack (MET)


Startpoint: rst_n (input port clocked by clk)
Endpoint: _205_ (recovery check against rising-edge clock clk)
Path Group: asynchronous
Path Type: max

Fanout         Cap        Slew       Delay        Time   Description
---------------------------------------------------------------------------------------------
                                  0.000000    0.000000   clock clk (rise edge)
                                  0.000000    0.000000   clock network delay (propagated)
                                  2.000000    2.000000 ^ input external delay
     1    0.003771    0.017406    0.009764    2.009764 ^ rst_n (in)
                                                         rst_n (net)
                      0.017406    0.000000    2.009764 ^ input33/A (sky130_fd_sc_hd__buf_4)
    10    0.052973    0.113488    0.128147    2.137911 ^ input33/X (sky130_fd_sc_hd__buf_4)
                                                         net33 (net)
                      0.113491    0.000522    2.138433 ^ max_cap79/A (sky130_fd_sc_hd__buf_12)
    32    0.143285    0.128007    0.149014    2.287447 ^ max_cap79/X (sky130_fd_sc_hd__buf_12)
                                                         net79 (net)
                      0.128322    0.005162    2.292609 ^ _205_/RESET_B (sky130_fd_sc_hd__dfrtp_2)
                                              2.292609   data arrival time

                                 10.000000   10.000000   clock clk (rise edge)
                                  0.000000   10.000000   clock source latency
     1    0.014902    0.054810    0.037065   10.037065 ^ clk (in)
                                                         clk (net)
                      0.054814    0.000000   10.037065 ^ clkbuf_0_clk/A (sky130_fd_sc_hd__clkbuf_16)
     4    0.039391    0.044772    0.103487   10.140552 ^ clkbuf_0_clk/X (sky130_fd_sc_hd__clkbuf_16)
                                                         clknet_0_clk (net)
                      0.044776    0.000433   10.140985 ^ clkbuf_2_2__f_clk/A (sky130_fd_sc_hd__clkbuf_16)
    13    0.035445    0.042040    0.098590   10.239574 ^ clkbuf_2_2__f_clk/X (sky130_fd_sc_hd__clkbuf_16)
                                                         clknet_2_2__leaf_clk (net)
                      0.042040    0.000195   10.239770 ^ _205_/CLK (sky130_fd_sc_hd__dfrtp_2)
                                 -0.250000    9.989770   clock uncertainty
                                  0.000000    9.989770   clock reconvergence pessimism
                                  0.110454   10.100224   library recovery time
                                             10.100224   data required time
---------------------------------------------------------------------------------------------
                                             10.100224   data required time
                                             -2.292609   data arrival time
---------------------------------------------------------------------------------------------
                                              7.807615   slack (MET)


Startpoint: rst_n (input port clocked by clk)
Endpoint: _222_ (recovery check against rising-edge clock clk)
Path Group: asynchronous
Path Type: max

Fanout         Cap        Slew       Delay        Time   Description
---------------------------------------------------------------------------------------------
                                  0.000000    0.000000   clock clk (rise edge)
                                  0.000000    0.000000   clock network delay (propagated)
                                  2.000000    2.000000 ^ input external delay
     1    0.003771    0.017406    0.009764    2.009764 ^ rst_n (in)
                                                         rst_n (net)
                      0.017406    0.000000    2.009764 ^ input33/A (sky130_fd_sc_hd__buf_4)
    10    0.052973    0.113488    0.128147    2.137911 ^ input33/X (sky130_fd_sc_hd__buf_4)
                                                         net33 (net)
                      0.113491    0.000522    2.138433 ^ max_cap79/A (sky130_fd_sc_hd__buf_12)
    32    0.143285    0.128007    0.149014    2.287447 ^ max_cap79/X (sky130_fd_sc_hd__buf_12)
                                                         net79 (net)
                      0.128294    0.004934    2.292381 ^ _222_/RESET_B (sky130_fd_sc_hd__dfrtp_2)
                                              2.292381   data arrival time

                                 10.000000   10.000000   clock clk (rise edge)
                                  0.000000   10.000000   clock source latency
     1    0.014902    0.054810    0.037065   10.037065 ^ clk (in)
                                                         clk (net)
                      0.054814    0.000000   10.037065 ^ clkbuf_0_clk/A (sky130_fd_sc_hd__clkbuf_16)
     4    0.039391    0.044772    0.103487   10.140552 ^ clkbuf_0_clk/X (sky130_fd_sc_hd__clkbuf_16)
                                                         clknet_0_clk (net)
                      0.044776    0.000433   10.140985 ^ clkbuf_2_2__f_clk/A (sky130_fd_sc_hd__clkbuf_16)
    13    0.035445    0.042040    0.098590   10.239574 ^ clkbuf_2_2__f_clk/X (sky130_fd_sc_hd__clkbuf_16)
                                                         clknet_2_2__leaf_clk (net)
                      0.042040    0.000155   10.239729 ^ _222_/CLK (sky130_fd_sc_hd__dfrtp_2)
                                 -0.250000    9.989729   clock uncertainty
                                  0.000000    9.989729   clock reconvergence pessimism
                                  0.110461   10.100190   library recovery time
                                             10.100190   data required time
---------------------------------------------------------------------------------------------
                                             10.100190   data required time
                                             -2.292381   data arrival time
---------------------------------------------------------------------------------------------
                                              7.807810   slack (MET)


Startpoint: rst_n (input port clocked by clk)
Endpoint: _199_ (recovery check against rising-edge clock clk)
Path Group: asynchronous
Path Type: max

Fanout         Cap        Slew       Delay        Time   Description
---------------------------------------------------------------------------------------------
                                  0.000000    0.000000   clock clk (rise edge)
                                  0.000000    0.000000   clock network delay (propagated)
                                  2.000000    2.000000 ^ input external delay
     1    0.003771    0.017406    0.009764    2.009764 ^ rst_n (in)
                                                         rst_n (net)
                      0.017406    0.000000    2.009764 ^ input33/A (sky130_fd_sc_hd__buf_4)
    10    0.052973    0.113488    0.128147    2.137911 ^ input33/X (sky130_fd_sc_hd__buf_4)
                                                         net33 (net)
                      0.113491    0.000522    2.138433 ^ max_cap79/A (sky130_fd_sc_hd__buf_12)
    32    0.143285    0.128007    0.149014    2.287447 ^ max_cap79/X (sky130_fd_sc_hd__buf_12)
                                                         net79 (net)
                      0.128292    0.004918    2.292365 ^ _199_/RESET_B (sky130_fd_sc_hd__dfrtp_2)
                                              2.292365   data arrival time

                                 10.000000   10.000000   clock clk (rise edge)
                                  0.000000   10.000000   clock source latency
     1    0.014902    0.054810    0.037065   10.037065 ^ clk (in)
                                                         clk (net)
                      0.054814    0.000000   10.037065 ^ clkbuf_0_clk/A (sky130_fd_sc_hd__clkbuf_16)
     4    0.039391    0.044772    0.103487   10.140552 ^ clkbuf_0_clk/X (sky130_fd_sc_hd__clkbuf_16)
                                                         clknet_0_clk (net)
                      0.044776    0.000433   10.140985 ^ clkbuf_2_2__f_clk/A (sky130_fd_sc_hd__clkbuf_16)
    13    0.035445    0.042040    0.098590   10.239574 ^ clkbuf_2_2__f_clk/X (sky130_fd_sc_hd__clkbuf_16)
                                                         clknet_2_2__leaf_clk (net)
                      0.042040    0.000148   10.239723 ^ _199_/CLK (sky130_fd_sc_hd__dfrtp_2)
                                 -0.250000    9.989723   clock uncertainty
                                  0.000000    9.989723   clock reconvergence pessimism
                                  0.110462   10.100185   library recovery time
                                             10.100185   data required time
---------------------------------------------------------------------------------------------
                                             10.100185   data required time
                                             -2.292365   data arrival time
---------------------------------------------------------------------------------------------
                                              7.807820   slack (MET)


Startpoint: rst_n (input port clocked by clk)
Endpoint: _211_ (recovery check against rising-edge clock clk)
Path Group: asynchronous
Path Type: max

Fanout         Cap        Slew       Delay        Time   Description
---------------------------------------------------------------------------------------------
                                  0.000000    0.000000   clock clk (rise edge)
                                  0.000000    0.000000   clock network delay (propagated)
                                  2.000000    2.000000 ^ input external delay
     1    0.003771    0.017406    0.009764    2.009764 ^ rst_n (in)
                                                         rst_n (net)
                      0.017406    0.000000    2.009764 ^ input33/A (sky130_fd_sc_hd__buf_4)
    10    0.052973    0.113488    0.128147    2.137911 ^ input33/X (sky130_fd_sc_hd__buf_4)
                                                         net33 (net)
                      0.113491    0.000522    2.138433 ^ max_cap79/A (sky130_fd_sc_hd__buf_12)
    32    0.143285    0.128007    0.149014    2.287447 ^ max_cap79/X (sky130_fd_sc_hd__buf_12)
                                                         net79 (net)
                      0.128117    0.003090    2.290537 ^ _211_/RESET_B (sky130_fd_sc_hd__dfrtp_2)
                                              2.290537   data arrival time

                                 10.000000   10.000000   clock clk (rise edge)
                                  0.000000   10.000000   clock source latency
     1    0.014902    0.054810    0.037065   10.037065 ^ clk (in)
                                                         clk (net)
                      0.054814    0.000000   10.037065 ^ clkbuf_0_clk/A (sky130_fd_sc_hd__clkbuf_16)
     4    0.039391    0.044772    0.103487   10.140552 ^ clkbuf_0_clk/X (sky130_fd_sc_hd__clkbuf_16)
                                                         clknet_0_clk (net)
                      0.044776    0.000433   10.140985 ^ clkbuf_2_3__f_clk/A (sky130_fd_sc_hd__clkbuf_16)
     9    0.033006    0.040361    0.097221   10.238205 ^ clkbuf_2_3__f_clk/X (sky130_fd_sc_hd__clkbuf_16)
                                                         clknet_2_3__leaf_clk (net)
                      0.040361    0.000076   10.238281 ^ _211_/CLK (sky130_fd_sc_hd__dfrtp_2)
                                 -0.250000    9.988281   clock uncertainty
                                  0.000000    9.988281   clock reconvergence pessimism
                                  0.110244   10.098525   library recovery time
                                             10.098525   data required time
---------------------------------------------------------------------------------------------
                                             10.098525   data required time
                                             -2.290537   data arrival time
---------------------------------------------------------------------------------------------
                                              7.807988   slack (MET)


Startpoint: rst_n (input port clocked by clk)
Endpoint: _196_ (recovery check against rising-edge clock clk)
Path Group: asynchronous
Path Type: max

Fanout         Cap        Slew       Delay        Time   Description
---------------------------------------------------------------------------------------------
                                  0.000000    0.000000   clock clk (rise edge)
                                  0.000000    0.000000   clock network delay (propagated)
                                  2.000000    2.000000 ^ input external delay
     1    0.003771    0.017406    0.009764    2.009764 ^ rst_n (in)
                                                         rst_n (net)
                      0.017406    0.000000    2.009764 ^ input33/A (sky130_fd_sc_hd__buf_4)
    10    0.052973    0.113488    0.128147    2.137911 ^ input33/X (sky130_fd_sc_hd__buf_4)
                                                         net33 (net)
                      0.113491    0.000522    2.138433 ^ max_cap79/A (sky130_fd_sc_hd__buf_12)
    32    0.143285    0.128007    0.149014    2.287447 ^ max_cap79/X (sky130_fd_sc_hd__buf_12)
                                                         net79 (net)
                      0.128168    0.003730    2.291177 ^ _196_/RESET_B (sky130_fd_sc_hd__dfrtp_2)
                                              2.291177   data arrival time

                                 10.000000   10.000000   clock clk (rise edge)
                                  0.000000   10.000000   clock source latency
     1    0.014902    0.054810    0.037065   10.037065 ^ clk (in)
                                                         clk (net)
                      0.054814    0.000000   10.037065 ^ clkbuf_0_clk/A (sky130_fd_sc_hd__clkbuf_16)
     4    0.039391    0.044772    0.103487   10.140552 ^ clkbuf_0_clk/X (sky130_fd_sc_hd__clkbuf_16)
                                                         clknet_0_clk (net)
                      0.044778    0.000496   10.141048 ^ clkbuf_2_0__f_clk/A (sky130_fd_sc_hd__clkbuf_16)
     9    0.033613    0.040753    0.097503   10.238552 ^ clkbuf_2_0__f_clk/X (sky130_fd_sc_hd__clkbuf_16)
                                                         clknet_2_0__leaf_clk (net)
                      0.040754    0.000330   10.238882 ^ _196_/CLK (sky130_fd_sc_hd__dfrtp_2)
                                 -0.250000    9.988882   clock uncertainty
                                  0.000000    9.988882   clock reconvergence pessimism
                                  0.110292   10.099174   library recovery time
                                             10.099174   data required time
---------------------------------------------------------------------------------------------
                                             10.099174   data required time
                                             -2.291177   data arrival time
---------------------------------------------------------------------------------------------
                                              7.807997   slack (MET)


Startpoint: rst_n (input port clocked by clk)
Endpoint: _209_ (recovery check against rising-edge clock clk)
Path Group: asynchronous
Path Type: max

Fanout         Cap        Slew       Delay        Time   Description
---------------------------------------------------------------------------------------------
                                  0.000000    0.000000   clock clk (rise edge)
                                  0.000000    0.000000   clock network delay (propagated)
                                  2.000000    2.000000 ^ input external delay
     1    0.003771    0.017406    0.009764    2.009764 ^ rst_n (in)
                                                         rst_n (net)
                      0.017406    0.000000    2.009764 ^ input33/A (sky130_fd_sc_hd__buf_4)
    10    0.052973    0.113488    0.128147    2.137911 ^ input33/X (sky130_fd_sc_hd__buf_4)
                                                         net33 (net)
                      0.113491    0.000522    2.138433 ^ max_cap79/A (sky130_fd_sc_hd__buf_12)
    32    0.143285    0.128007    0.149014    2.287447 ^ max_cap79/X (sky130_fd_sc_hd__buf_12)
                                                         net79 (net)
                      0.128124    0.003191    2.290638 ^ _209_/RESET_B (sky130_fd_sc_hd__dfrtp_2)
                                              2.290638   data arrival time

                                 10.000000   10.000000   clock clk (rise edge)
                                  0.000000   10.000000   clock source latency
     1    0.014902    0.054810    0.037065   10.037065 ^ clk (in)
                                                         clk (net)
                      0.054814    0.000000   10.037065 ^ clkbuf_0_clk/A (sky130_fd_sc_hd__clkbuf_16)
     4    0.039391    0.044772    0.103487   10.140552 ^ clkbuf_0_clk/X (sky130_fd_sc_hd__clkbuf_16)
                                                         clknet_0_clk (net)
                      0.044776    0.000433   10.140985 ^ clkbuf_2_3__f_clk/A (sky130_fd_sc_hd__clkbuf_16)
     9    0.033006    0.040361    0.097221   10.238205 ^ clkbuf_2_3__f_clk/X (sky130_fd_sc_hd__clkbuf_16)
                                                         clknet_2_3__leaf_clk (net)
                      0.040361    0.000224   10.238429 ^ _209_/CLK (sky130_fd_sc_hd__dfrtp_2)
                                 -0.250000    9.988429   clock uncertainty
                                  0.000000    9.988429   clock reconvergence pessimism
                                  0.110242   10.098671   library recovery time
                                             10.098671   data required time
---------------------------------------------------------------------------------------------
                                             10.098671   data required time
                                             -2.290638   data arrival time
---------------------------------------------------------------------------------------------
                                              7.808033   slack (MET)


Startpoint: rst_n (input port clocked by clk)
Endpoint: _212_ (recovery check against rising-edge clock clk)
Path Group: asynchronous
Path Type: max

Fanout         Cap        Slew       Delay        Time   Description
---------------------------------------------------------------------------------------------
                                  0.000000    0.000000   clock clk (rise edge)
                                  0.000000    0.000000   clock network delay (propagated)
                                  2.000000    2.000000 ^ input external delay
     1    0.003771    0.017406    0.009764    2.009764 ^ rst_n (in)
                                                         rst_n (net)
                      0.017406    0.000000    2.009764 ^ input33/A (sky130_fd_sc_hd__buf_4)
    10    0.052973    0.113488    0.128147    2.137911 ^ input33/X (sky130_fd_sc_hd__buf_4)
                                                         net33 (net)
                      0.113491    0.000522    2.138433 ^ max_cap79/A (sky130_fd_sc_hd__buf_12)
    32    0.143285    0.128007    0.149014    2.287447 ^ max_cap79/X (sky130_fd_sc_hd__buf_12)
                                                         net79 (net)
                      0.128115    0.003067    2.290514 ^ _212_/RESET_B (sky130_fd_sc_hd__dfrtp_2)
                                              2.290514   data arrival time

                                 10.000000   10.000000   clock clk (rise edge)
                                  0.000000   10.000000   clock source latency
     1    0.014902    0.054810    0.037065   10.037065 ^ clk (in)
                                                         clk (net)
                      0.054814    0.000000   10.037065 ^ clkbuf_0_clk/A (sky130_fd_sc_hd__clkbuf_16)
     4    0.039391    0.044772    0.103487   10.140552 ^ clkbuf_0_clk/X (sky130_fd_sc_hd__clkbuf_16)
                                                         clknet_0_clk (net)
                      0.044776    0.000433   10.140985 ^ clkbuf_2_3__f_clk/A (sky130_fd_sc_hd__clkbuf_16)
     9    0.033006    0.040361    0.097221   10.238205 ^ clkbuf_2_3__f_clk/X (sky130_fd_sc_hd__clkbuf_16)
                                                         clknet_2_3__leaf_clk (net)
                      0.040361    0.000093   10.238298 ^ _212_/CLK (sky130_fd_sc_hd__dfrtp_2)
                                 -0.250000    9.988298   clock uncertainty
                                  0.000000    9.988298   clock reconvergence pessimism
                                  0.110244   10.098543   library recovery time
                                             10.098543   data required time
---------------------------------------------------------------------------------------------
                                             10.098543   data required time
                                             -2.290514   data arrival time
---------------------------------------------------------------------------------------------
                                              7.808029   slack (MET)


Startpoint: rst_n (input port clocked by clk)
Endpoint: _213_ (recovery check against rising-edge clock clk)
Path Group: asynchronous
Path Type: max

Fanout         Cap        Slew       Delay        Time   Description
---------------------------------------------------------------------------------------------
                                  0.000000    0.000000   clock clk (rise edge)
                                  0.000000    0.000000   clock network delay (propagated)
                                  2.000000    2.000000 ^ input external delay
     1    0.003771    0.017406    0.009764    2.009764 ^ rst_n (in)
                                                         rst_n (net)
                      0.017406    0.000000    2.009764 ^ input33/A (sky130_fd_sc_hd__buf_4)
    10    0.052973    0.113488    0.128147    2.137911 ^ input33/X (sky130_fd_sc_hd__buf_4)
                                                         net33 (net)
                      0.113491    0.000522    2.138433 ^ max_cap79/A (sky130_fd_sc_hd__buf_12)
    32    0.143285    0.128007    0.149014    2.287447 ^ max_cap79/X (sky130_fd_sc_hd__buf_12)
                                                         net79 (net)
                      0.128116    0.003074    2.290521 ^ _213_/RESET_B (sky130_fd_sc_hd__dfrtp_2)
                                              2.290521   data arrival time

                                 10.000000   10.000000   clock clk (rise edge)
                                  0.000000   10.000000   clock source latency
     1    0.014902    0.054810    0.037065   10.037065 ^ clk (in)
                                                         clk (net)
                      0.054814    0.000000   10.037065 ^ clkbuf_0_clk/A (sky130_fd_sc_hd__clkbuf_16)
     4    0.039391    0.044772    0.103487   10.140552 ^ clkbuf_0_clk/X (sky130_fd_sc_hd__clkbuf_16)
                                                         clknet_0_clk (net)
                      0.044776    0.000433   10.140985 ^ clkbuf_2_3__f_clk/A (sky130_fd_sc_hd__clkbuf_16)
     9    0.033006    0.040361    0.097221   10.238205 ^ clkbuf_2_3__f_clk/X (sky130_fd_sc_hd__clkbuf_16)
                                                         clknet_2_3__leaf_clk (net)
                      0.040361    0.000106   10.238311 ^ _213_/CLK (sky130_fd_sc_hd__dfrtp_2)
                                 -0.250000    9.988311   clock uncertainty
                                  0.000000    9.988311   clock reconvergence pessimism
                                  0.110244   10.098556   library recovery time
                                             10.098556   data required time
---------------------------------------------------------------------------------------------
                                             10.098556   data required time
                                             -2.290521   data arrival time
---------------------------------------------------------------------------------------------
                                              7.808034   slack (MET)


Startpoint: rst_n (input port clocked by clk)
Endpoint: _210_ (recovery check against rising-edge clock clk)
Path Group: asynchronous
Path Type: max

Fanout         Cap        Slew       Delay        Time   Description
---------------------------------------------------------------------------------------------
                                  0.000000    0.000000   clock clk (rise edge)
                                  0.000000    0.000000   clock network delay (propagated)
                                  2.000000    2.000000 ^ input external delay
     1    0.003771    0.017406    0.009764    2.009764 ^ rst_n (in)
                                                         rst_n (net)
                      0.017406    0.000000    2.009764 ^ input33/A (sky130_fd_sc_hd__buf_4)
    10    0.052973    0.113488    0.128147    2.137911 ^ input33/X (sky130_fd_sc_hd__buf_4)
                                                         net33 (net)
                      0.113491    0.000522    2.138433 ^ max_cap79/A (sky130_fd_sc_hd__buf_12)
    32    0.143285    0.128007    0.149014    2.287447 ^ max_cap79/X (sky130_fd_sc_hd__buf_12)
                                                         net79 (net)
                      0.128123    0.003169    2.290617 ^ _210_/RESET_B (sky130_fd_sc_hd__dfrtp_2)
                                              2.290617   data arrival time

                                 10.000000   10.000000   clock clk (rise edge)
                                  0.000000   10.000000   clock source latency
     1    0.014902    0.054810    0.037065   10.037065 ^ clk (in)
                                                         clk (net)
                      0.054814    0.000000   10.037065 ^ clkbuf_0_clk/A (sky130_fd_sc_hd__clkbuf_16)
     4    0.039391    0.044772    0.103487   10.140552 ^ clkbuf_0_clk/X (sky130_fd_sc_hd__clkbuf_16)
                                                         clknet_0_clk (net)
                      0.044776    0.000433   10.140985 ^ clkbuf_2_3__f_clk/A (sky130_fd_sc_hd__clkbuf_16)
     9    0.033006    0.040361    0.097221   10.238205 ^ clkbuf_2_3__f_clk/X (sky130_fd_sc_hd__clkbuf_16)
                                                         clknet_2_3__leaf_clk (net)
                      0.040361    0.000217   10.238422 ^ _210_/CLK (sky130_fd_sc_hd__dfrtp_2)
                                 -0.250000    9.988422   clock uncertainty
                                  0.000000    9.988422   clock reconvergence pessimism
                                  0.110242   10.098664   library recovery time
                                             10.098664   data required time
---------------------------------------------------------------------------------------------
                                             10.098664   data required time
                                             -2.290617   data arrival time
---------------------------------------------------------------------------------------------
                                              7.808048   slack (MET)


Startpoint: rst_n (input port clocked by clk)
Endpoint: _198_ (recovery check against rising-edge clock clk)
Path Group: asynchronous
Path Type: max

Fanout         Cap        Slew       Delay        Time   Description
---------------------------------------------------------------------------------------------
                                  0.000000    0.000000   clock clk (rise edge)
                                  0.000000    0.000000   clock network delay (propagated)
                                  2.000000    2.000000 ^ input external delay
     1    0.003771    0.017406    0.009764    2.009764 ^ rst_n (in)
                                                         rst_n (net)
                      0.017406    0.000000    2.009764 ^ input33/A (sky130_fd_sc_hd__buf_4)
    10    0.052973    0.113488    0.128147    2.137911 ^ input33/X (sky130_fd_sc_hd__buf_4)
                                                         net33 (net)
                      0.113491    0.000522    2.138433 ^ max_cap79/A (sky130_fd_sc_hd__buf_12)
    32    0.143285    0.128007    0.149014    2.287447 ^ max_cap79/X (sky130_fd_sc_hd__buf_12)
                                                         net79 (net)
                      0.128259    0.004631    2.292078 ^ _198_/RESET_B (sky130_fd_sc_hd__dfrtp_2)
                                              2.292078   data arrival time

                                 10.000000   10.000000   clock clk (rise edge)
                                  0.000000   10.000000   clock source latency
     1    0.014902    0.054810    0.037065   10.037065 ^ clk (in)
                                                         clk (net)
                      0.054814    0.000000   10.037065 ^ clkbuf_0_clk/A (sky130_fd_sc_hd__clkbuf_16)
     4    0.039391    0.044772    0.103487   10.140552 ^ clkbuf_0_clk/X (sky130_fd_sc_hd__clkbuf_16)
                                                         clknet_0_clk (net)
                      0.044776    0.000433   10.140985 ^ clkbuf_2_2__f_clk/A (sky130_fd_sc_hd__clkbuf_16)
    13    0.035445    0.042040    0.098590   10.239574 ^ clkbuf_2_2__f_clk/X (sky130_fd_sc_hd__clkbuf_16)
                                                         clknet_2_2__leaf_clk (net)
                      0.042040    0.000113   10.239688 ^ _198_/CLK (sky130_fd_sc_hd__dfrtp_2)
                                 -0.250000    9.989688   clock uncertainty
                                  0.000000    9.989688   clock reconvergence pessimism
                                  0.110470   10.100159   library recovery time
                                             10.100159   data required time
---------------------------------------------------------------------------------------------
                                             10.100159   data required time
                                             -2.292078   data arrival time
---------------------------------------------------------------------------------------------
                                              7.808081   slack (MET)


Startpoint: rst_n (input port clocked by clk)
Endpoint: _214_ (recovery check against rising-edge clock clk)
Path Group: asynchronous
Path Type: max

Fanout         Cap        Slew       Delay        Time   Description
---------------------------------------------------------------------------------------------
                                  0.000000    0.000000   clock clk (rise edge)
                                  0.000000    0.000000   clock network delay (propagated)
                                  2.000000    2.000000 ^ input external delay
     1    0.003771    0.017406    0.009764    2.009764 ^ rst_n (in)
                                                         rst_n (net)
                      0.017406    0.000000    2.009764 ^ input33/A (sky130_fd_sc_hd__buf_4)
    10    0.052973    0.113488    0.128147    2.137911 ^ input33/X (sky130_fd_sc_hd__buf_4)
                                                         net33 (net)
                      0.113491    0.000522    2.138433 ^ max_cap79/A (sky130_fd_sc_hd__buf_12)
    32    0.143285    0.128007    0.149014    2.287447 ^ max_cap79/X (sky130_fd_sc_hd__buf_12)
                                                         net79 (net)
                      0.128110    0.002989    2.290436 ^ _214_/RESET_B (sky130_fd_sc_hd__dfrtp_2)
                                              2.290436   data arrival time

                                 10.000000   10.000000   clock clk (rise edge)
                                  0.000000   10.000000   clock source latency
     1    0.014902    0.054810    0.037065   10.037065 ^ clk (in)
                                                         clk (net)
                      0.054814    0.000000   10.037065 ^ clkbuf_0_clk/A (sky130_fd_sc_hd__clkbuf_16)
     4    0.039391    0.044772    0.103487   10.140552 ^ clkbuf_0_clk/X (sky130_fd_sc_hd__clkbuf_16)
                                                         clknet_0_clk (net)
                      0.044776    0.000433   10.140985 ^ clkbuf_2_3__f_clk/A (sky130_fd_sc_hd__clkbuf_16)
     9    0.033006    0.040361    0.097221   10.238205 ^ clkbuf_2_3__f_clk/X (sky130_fd_sc_hd__clkbuf_16)
                                                         clknet_2_3__leaf_clk (net)
                      0.040361    0.000083   10.238289 ^ _214_/CLK (sky130_fd_sc_hd__dfrtp_2)
                                 -0.250000    9.988289   clock uncertainty
                                  0.000000    9.988289   clock reconvergence pessimism
                                  0.110246   10.098534   library recovery time
                                             10.098534   data required time
---------------------------------------------------------------------------------------------
                                             10.098534   data required time
                                             -2.290436   data arrival time
---------------------------------------------------------------------------------------------
                                              7.808097   slack (MET)


Startpoint: rst_n (input port clocked by clk)
Endpoint: _195_ (recovery check against rising-edge clock clk)
Path Group: asynchronous
Path Type: max

Fanout         Cap        Slew       Delay        Time   Description
---------------------------------------------------------------------------------------------
                                  0.000000    0.000000   clock clk (rise edge)
                                  0.000000    0.000000   clock network delay (propagated)
                                  2.000000    2.000000 ^ input external delay
     1    0.003771    0.017406    0.009764    2.009764 ^ rst_n (in)
                                                         rst_n (net)
                      0.017406    0.000000    2.009764 ^ input33/A (sky130_fd_sc_hd__buf_4)
    10    0.052973    0.113488    0.128147    2.137911 ^ input33/X (sky130_fd_sc_hd__buf_4)
                                                         net33 (net)
                      0.113491    0.000522    2.138433 ^ max_cap79/A (sky130_fd_sc_hd__buf_12)
    32    0.143285    0.128007    0.149014    2.287447 ^ max_cap79/X (sky130_fd_sc_hd__buf_12)
                                                         net79 (net)
                      0.128127    0.003234    2.290681 ^ _195_/RESET_B (sky130_fd_sc_hd__dfrtp_2)
                                              2.290681   data arrival time

                                 10.000000   10.000000   clock clk (rise edge)
                                  0.000000   10.000000   clock source latency
     1    0.014902    0.054810    0.037065   10.037065 ^ clk (in)
                                                         clk (net)
                      0.054814    0.000000   10.037065 ^ clkbuf_0_clk/A (sky130_fd_sc_hd__clkbuf_16)
     4    0.039391    0.044772    0.103487   10.140552 ^ clkbuf_0_clk/X (sky130_fd_sc_hd__clkbuf_16)
                                                         clknet_0_clk (net)
                      0.044780    0.000533   10.141085 ^ clkbuf_2_1__f_clk/A (sky130_fd_sc_hd__clkbuf_16)
    13    0.039943    0.045147    0.101054   10.242139 ^ clkbuf_2_1__f_clk/X (sky130_fd_sc_hd__clkbuf_16)
                                                         clknet_2_1__leaf_clk (net)
                      0.045149    0.000300   10.242439 ^ _195_/CLK (sky130_fd_sc_hd__dfrtp_2)
                                 -0.250000    9.992439   clock uncertainty
                                  0.000000    9.992439   clock reconvergence pessimism
                                  0.110991   10.103431   library recovery time
                                             10.103431   data required time
---------------------------------------------------------------------------------------------
                                             10.103431   data required time
                                             -2.290681   data arrival time
---------------------------------------------------------------------------------------------
                                              7.812750   slack (MET)


Startpoint: rst_n (input port clocked by clk)
Endpoint: _220_ (recovery check against rising-edge clock clk)
Path Group: asynchronous
Path Type: max

Fanout         Cap        Slew       Delay        Time   Description
---------------------------------------------------------------------------------------------
                                  0.000000    0.000000   clock clk (rise edge)
                                  0.000000    0.000000   clock network delay (propagated)
                                  2.000000    2.000000 ^ input external delay
     1    0.003771    0.017406    0.009764    2.009764 ^ rst_n (in)
                                                         rst_n (net)
                      0.017406    0.000000    2.009764 ^ input33/A (sky130_fd_sc_hd__buf_4)
    10    0.052973    0.113488    0.128147    2.137911 ^ input33/X (sky130_fd_sc_hd__buf_4)
                                                         net33 (net)
                      0.113491    0.000522    2.138433 ^ max_cap79/A (sky130_fd_sc_hd__buf_12)
    32    0.143285    0.128007    0.149014    2.287447 ^ max_cap79/X (sky130_fd_sc_hd__buf_12)
                                                         net79 (net)
                      0.128126    0.003213    2.290659 ^ _220_/RESET_B (sky130_fd_sc_hd__dfrtp_2)
                                              2.290659   data arrival time

                                 10.000000   10.000000   clock clk (rise edge)
                                  0.000000   10.000000   clock source latency
     1    0.014902    0.054810    0.037065   10.037065 ^ clk (in)
                                                         clk (net)
                      0.054814    0.000000   10.037065 ^ clkbuf_0_clk/A (sky130_fd_sc_hd__clkbuf_16)
     4    0.039391    0.044772    0.103487   10.140552 ^ clkbuf_0_clk/X (sky130_fd_sc_hd__clkbuf_16)
                                                         clknet_0_clk (net)
                      0.044780    0.000533   10.141085 ^ clkbuf_2_1__f_clk/A (sky130_fd_sc_hd__clkbuf_16)
    13    0.039943    0.045147    0.101054   10.242139 ^ clkbuf_2_1__f_clk/X (sky130_fd_sc_hd__clkbuf_16)
                                                         clknet_2_1__leaf_clk (net)
                      0.045149    0.000274   10.242414 ^ _220_/CLK (sky130_fd_sc_hd__dfrtp_2)
                                 -0.250000    9.992414   clock uncertainty
                                  0.000000    9.992414   clock reconvergence pessimism
                                  0.110992   10.103406   library recovery time
                                             10.103406   data required time
---------------------------------------------------------------------------------------------
                                             10.103406   data required time
                                             -2.290659   data arrival time
---------------------------------------------------------------------------------------------
                                              7.812746   slack (MET)


Startpoint: rst_n (input port clocked by clk)
Endpoint: _216_ (recovery check against rising-edge clock clk)
Path Group: asynchronous
Path Type: max

Fanout         Cap        Slew       Delay        Time   Description
---------------------------------------------------------------------------------------------
                                  0.000000    0.000000   clock clk (rise edge)
                                  0.000000    0.000000   clock network delay (propagated)
                                  2.000000    2.000000 ^ input external delay
     1    0.003771    0.017406    0.009764    2.009764 ^ rst_n (in)
                                                         rst_n (net)
                      0.017406    0.000000    2.009764 ^ input33/A (sky130_fd_sc_hd__buf_4)
    10    0.052973    0.113488    0.128147    2.137911 ^ input33/X (sky130_fd_sc_hd__buf_4)
                                                         net33 (net)
                      0.113491    0.000522    2.138433 ^ max_cap79/A (sky130_fd_sc_hd__buf_12)
    32    0.143285    0.128007    0.149014    2.287447 ^ max_cap79/X (sky130_fd_sc_hd__buf_12)
                                                         net79 (net)
                      0.128097    0.002800    2.290247 ^ _216_/RESET_B (sky130_fd_sc_hd__dfrtp_2)
                                              2.290247   data arrival time

                                 10.000000   10.000000   clock clk (rise edge)
                                  0.000000   10.000000   clock source latency
     1    0.014902    0.054810    0.037065   10.037065 ^ clk (in)
                                                         clk (net)
                      0.054814    0.000000   10.037065 ^ clkbuf_0_clk/A (sky130_fd_sc_hd__clkbuf_16)
     4    0.039391    0.044772    0.103487   10.140552 ^ clkbuf_0_clk/X (sky130_fd_sc_hd__clkbuf_16)
                                                         clknet_0_clk (net)
                      0.044780    0.000533   10.141085 ^ clkbuf_2_1__f_clk/A (sky130_fd_sc_hd__clkbuf_16)
    13    0.039943    0.045147    0.101054   10.242139 ^ clkbuf_2_1__f_clk/X (sky130_fd_sc_hd__clkbuf_16)
                                                         clknet_2_1__leaf_clk (net)
                      0.045148    0.000234   10.242373 ^ _216_/CLK (sky130_fd_sc_hd__dfrtp_2)
                                 -0.250000    9.992373   clock uncertainty
                                  0.000000    9.992373   clock reconvergence pessimism
                                  0.110999   10.103372   library recovery time
                                             10.103372   data required time
---------------------------------------------------------------------------------------------
                                             10.103372   data required time
                                             -2.290247   data arrival time
---------------------------------------------------------------------------------------------
                                              7.813125   slack (MET)


Startpoint: rst_n (input port clocked by clk)
Endpoint: _215_ (recovery check against rising-edge clock clk)
Path Group: asynchronous
Path Type: max

Fanout         Cap        Slew       Delay        Time   Description
---------------------------------------------------------------------------------------------
                                  0.000000    0.000000   clock clk (rise edge)
                                  0.000000    0.000000   clock network delay (propagated)
                                  2.000000    2.000000 ^ input external delay
     1    0.003771    0.017406    0.009764    2.009764 ^ rst_n (in)
                                                         rst_n (net)
                      0.017406    0.000000    2.009764 ^ input33/A (sky130_fd_sc_hd__buf_4)
    10    0.052973    0.113488    0.128147    2.137911 ^ input33/X (sky130_fd_sc_hd__buf_4)
                                                         net33 (net)
                      0.113491    0.000522    2.138433 ^ max_cap79/A (sky130_fd_sc_hd__buf_12)
    32    0.143285    0.128007    0.149014    2.287447 ^ max_cap79/X (sky130_fd_sc_hd__buf_12)
                                                         net79 (net)
                      0.128094    0.002763    2.290210 ^ _215_/RESET_B (sky130_fd_sc_hd__dfrtp_2)
                                              2.290210   data arrival time

                                 10.000000   10.000000   clock clk (rise edge)
                                  0.000000   10.000000   clock source latency
     1    0.014902    0.054810    0.037065   10.037065 ^ clk (in)
                                                         clk (net)
                      0.054814    0.000000   10.037065 ^ clkbuf_0_clk/A (sky130_fd_sc_hd__clkbuf_16)
     4    0.039391    0.044772    0.103487   10.140552 ^ clkbuf_0_clk/X (sky130_fd_sc_hd__clkbuf_16)
                                                         clknet_0_clk (net)
                      0.044780    0.000533   10.141085 ^ clkbuf_2_1__f_clk/A (sky130_fd_sc_hd__clkbuf_16)
    13    0.039943    0.045147    0.101054   10.242139 ^ clkbuf_2_1__f_clk/X (sky130_fd_sc_hd__clkbuf_16)
                                                         clknet_2_1__leaf_clk (net)
                      0.045148    0.000258   10.242396 ^ _215_/CLK (sky130_fd_sc_hd__dfrtp_2)
                                 -0.250000    9.992396   clock uncertainty
                                  0.000000    9.992396   clock reconvergence pessimism
                                  0.111000   10.103396   library recovery time
                                             10.103396   data required time
---------------------------------------------------------------------------------------------
                                             10.103396   data required time
                                             -2.290210   data arrival time
---------------------------------------------------------------------------------------------
                                              7.813187   slack (MET)


Startpoint: rst_n (input port clocked by clk)
Endpoint: _218_ (recovery check against rising-edge clock clk)
Path Group: asynchronous
Path Type: max

Fanout         Cap        Slew       Delay        Time   Description
---------------------------------------------------------------------------------------------
                                  0.000000    0.000000   clock clk (rise edge)
                                  0.000000    0.000000   clock network delay (propagated)
                                  2.000000    2.000000 ^ input external delay
     1    0.003771    0.017406    0.009764    2.009764 ^ rst_n (in)
                                                         rst_n (net)
                      0.017406    0.000000    2.009764 ^ input33/A (sky130_fd_sc_hd__buf_4)
    10    0.052973    0.113488    0.128147    2.137911 ^ input33/X (sky130_fd_sc_hd__buf_4)
                                                         net33 (net)
                      0.113491    0.000522    2.138433 ^ max_cap79/A (sky130_fd_sc_hd__buf_12)
    32    0.143285    0.128007    0.149014    2.287447 ^ max_cap79/X (sky130_fd_sc_hd__buf_12)
                                                         net79 (net)
                      0.128093    0.002741    2.290188 ^ _218_/RESET_B (sky130_fd_sc_hd__dfrtp_2)
                                              2.290188   data arrival time

                                 10.000000   10.000000   clock clk (rise edge)
                                  0.000000   10.000000   clock source latency
     1    0.014902    0.054810    0.037065   10.037065 ^ clk (in)
                                                         clk (net)
                      0.054814    0.000000   10.037065 ^ clkbuf_0_clk/A (sky130_fd_sc_hd__clkbuf_16)
     4    0.039391    0.044772    0.103487   10.140552 ^ clkbuf_0_clk/X (sky130_fd_sc_hd__clkbuf_16)
                                                         clknet_0_clk (net)
                      0.044780    0.000533   10.141085 ^ clkbuf_2_1__f_clk/A (sky130_fd_sc_hd__clkbuf_16)
    13    0.039943    0.045147    0.101054   10.242139 ^ clkbuf_2_1__f_clk/X (sky130_fd_sc_hd__clkbuf_16)
                                                         clknet_2_1__leaf_clk (net)
                      0.045148    0.000255   10.242393 ^ _218_/CLK (sky130_fd_sc_hd__dfrtp_2)
                                 -0.250000    9.992393   clock uncertainty
                                  0.000000    9.992393   clock reconvergence pessimism
                                  0.111000   10.103394   library recovery time
                                             10.103394   data required time
---------------------------------------------------------------------------------------------
                                             10.103394   data required time
                                             -2.290188   data arrival time
---------------------------------------------------------------------------------------------
                                              7.813205   slack (MET)


Startpoint: rst_n (input port clocked by clk)
Endpoint: _217_ (recovery check against rising-edge clock clk)
Path Group: asynchronous
Path Type: max

Fanout         Cap        Slew       Delay        Time   Description
---------------------------------------------------------------------------------------------
                                  0.000000    0.000000   clock clk (rise edge)
                                  0.000000    0.000000   clock network delay (propagated)
                                  2.000000    2.000000 ^ input external delay
     1    0.003771    0.017406    0.009764    2.009764 ^ rst_n (in)
                                                         rst_n (net)
                      0.017406    0.000000    2.009764 ^ input33/A (sky130_fd_sc_hd__buf_4)
    10    0.052973    0.113488    0.128147    2.137911 ^ input33/X (sky130_fd_sc_hd__buf_4)
                                                         net33 (net)
                      0.113491    0.000522    2.138433 ^ max_cap79/A (sky130_fd_sc_hd__buf_12)
    32    0.143285    0.128007    0.149014    2.287447 ^ max_cap79/X (sky130_fd_sc_hd__buf_12)
                                                         net79 (net)
                      0.128068    0.002324    2.289771 ^ _217_/RESET_B (sky130_fd_sc_hd__dfrtp_2)
                                              2.289771   data arrival time

                                 10.000000   10.000000   clock clk (rise edge)
                                  0.000000   10.000000   clock source latency
     1    0.014902    0.054810    0.037065   10.037065 ^ clk (in)
                                                         clk (net)
                      0.054814    0.000000   10.037065 ^ clkbuf_0_clk/A (sky130_fd_sc_hd__clkbuf_16)
     4    0.039391    0.044772    0.103487   10.140552 ^ clkbuf_0_clk/X (sky130_fd_sc_hd__clkbuf_16)
                                                         clknet_0_clk (net)
                      0.044780    0.000533   10.141085 ^ clkbuf_2_1__f_clk/A (sky130_fd_sc_hd__clkbuf_16)
    13    0.039943    0.045147    0.101054   10.242139 ^ clkbuf_2_1__f_clk/X (sky130_fd_sc_hd__clkbuf_16)
                                                         clknet_2_1__leaf_clk (net)
                      0.045147    0.000175   10.242314 ^ _217_/CLK (sky130_fd_sc_hd__dfrtp_2)
                                 -0.250000    9.992314   clock uncertainty
                                  0.000000    9.992314   clock reconvergence pessimism
                                  0.111006   10.103320   library recovery time
                                             10.103320   data required time
---------------------------------------------------------------------------------------------
                                             10.103320   data required time
                                             -2.289771   data arrival time
---------------------------------------------------------------------------------------------
                                              7.813549   slack (MET)


Startpoint: rst_n (input port clocked by clk)
Endpoint: _219_ (recovery check against rising-edge clock clk)
Path Group: asynchronous
Path Type: max

Fanout         Cap        Slew       Delay        Time   Description
---------------------------------------------------------------------------------------------
                                  0.000000    0.000000   clock clk (rise edge)
                                  0.000000    0.000000   clock network delay (propagated)
                                  2.000000    2.000000 ^ input external delay
     1    0.003771    0.017406    0.009764    2.009764 ^ rst_n (in)
                                                         rst_n (net)
                      0.017406    0.000000    2.009764 ^ input33/A (sky130_fd_sc_hd__buf_4)
    10    0.052973    0.113488    0.128147    2.137911 ^ input33/X (sky130_fd_sc_hd__buf_4)
                                                         net33 (net)
                      0.113491    0.000522    2.138433 ^ max_cap79/A (sky130_fd_sc_hd__buf_12)
    32    0.143285    0.128007    0.149014    2.287447 ^ max_cap79/X (sky130_fd_sc_hd__buf_12)
                                                         net79 (net)
                      0.128047    0.001882    2.289329 ^ _219_/RESET_B (sky130_fd_sc_hd__dfrtp_2)
                                              2.289329   data arrival time

                                 10.000000   10.000000   clock clk (rise edge)
                                  0.000000   10.000000   clock source latency
     1    0.014902    0.054810    0.037065   10.037065 ^ clk (in)
                                                         clk (net)
                      0.054814    0.000000   10.037065 ^ clkbuf_0_clk/A (sky130_fd_sc_hd__clkbuf_16)
     4    0.039391    0.044772    0.103487   10.140552 ^ clkbuf_0_clk/X (sky130_fd_sc_hd__clkbuf_16)
                                                         clknet_0_clk (net)
                      0.044780    0.000533   10.141085 ^ clkbuf_2_1__f_clk/A (sky130_fd_sc_hd__clkbuf_16)
    13    0.039943    0.045147    0.101054   10.242139 ^ clkbuf_2_1__f_clk/X (sky130_fd_sc_hd__clkbuf_16)
                                                         clknet_2_1__leaf_clk (net)
                      0.045147    0.000028   10.242167 ^ _219_/CLK (sky130_fd_sc_hd__dfrtp_2)
                                 -0.250000    9.992167   clock uncertainty
                                  0.000000    9.992167   clock reconvergence pessimism
                                  0.111012   10.103179   library recovery time
                                             10.103179   data required time
---------------------------------------------------------------------------------------------
                                             10.103179   data required time
                                             -2.289329   data arrival time
---------------------------------------------------------------------------------------------
                                              7.813849   slack (MET)


Startpoint: rst_n (input port clocked by clk)
Endpoint: _191_ (recovery check against rising-edge clock clk)
Path Group: asynchronous
Path Type: max

Fanout         Cap        Slew       Delay        Time   Description
---------------------------------------------------------------------------------------------
                                  0.000000    0.000000   clock clk (rise edge)
                                  0.000000    0.000000   clock network delay (propagated)
                                  2.000000    2.000000 ^ input external delay
     1    0.003771    0.017406    0.009764    2.009764 ^ rst_n (in)
                                                         rst_n (net)
                      0.017406    0.000000    2.009764 ^ input33/A (sky130_fd_sc_hd__buf_4)
    10    0.052973    0.113488    0.128147    2.137911 ^ input33/X (sky130_fd_sc_hd__buf_4)
                                                         net33 (net)
                      0.113512    0.001374    2.139285 ^ _191_/RESET_B (sky130_fd_sc_hd__dfrtp_2)
                                              2.139285   data arrival time

                                 10.000000   10.000000   clock clk (rise edge)
                                  0.000000   10.000000   clock source latency
     1    0.014902    0.054810    0.037065   10.037065 ^ clk (in)
                                                         clk (net)
                      0.054814    0.000000   10.037065 ^ clkbuf_0_clk/A (sky130_fd_sc_hd__clkbuf_16)
     4    0.039391    0.044772    0.103487   10.140552 ^ clkbuf_0_clk/X (sky130_fd_sc_hd__clkbuf_16)
                                                         clknet_0_clk (net)
                      0.044778    0.000496   10.141048 ^ clkbuf_2_0__f_clk/A (sky130_fd_sc_hd__clkbuf_16)
     9    0.033613    0.040753    0.097503   10.238552 ^ clkbuf_2_0__f_clk/X (sky130_fd_sc_hd__clkbuf_16)
                                                         clknet_2_0__leaf_clk (net)
                      0.040754    0.000340   10.238892 ^ _191_/CLK (sky130_fd_sc_hd__dfrtp_2)
                                 -0.250000    9.988892   clock uncertainty
                                  0.000000    9.988892   clock reconvergence pessimism
                                  0.114048   10.102941   library recovery time
                                             10.102941   data required time
---------------------------------------------------------------------------------------------
                                             10.102941   data required time
                                             -2.139285   data arrival time
---------------------------------------------------------------------------------------------
                                              7.963655   slack (MET)


Startpoint: rst_n (input port clocked by clk)
Endpoint: _193_ (recovery check against rising-edge clock clk)
Path Group: asynchronous
Path Type: max

Fanout         Cap        Slew       Delay        Time   Description
---------------------------------------------------------------------------------------------
                                  0.000000    0.000000   clock clk (rise edge)
                                  0.000000    0.000000   clock network delay (propagated)
                                  2.000000    2.000000 ^ input external delay
     1    0.003771    0.017406    0.009764    2.009764 ^ rst_n (in)
                                                         rst_n (net)
                      0.017406    0.000000    2.009764 ^ input33/A (sky130_fd_sc_hd__buf_4)
    10    0.052973    0.113488    0.128147    2.137911 ^ input33/X (sky130_fd_sc_hd__buf_4)
                                                         net33 (net)
                      0.113509    0.001286    2.139197 ^ _193_/RESET_B (sky130_fd_sc_hd__dfrtp_2)
                                              2.139197   data arrival time

                                 10.000000   10.000000   clock clk (rise edge)
                                  0.000000   10.000000   clock source latency
     1    0.014902    0.054810    0.037065   10.037065 ^ clk (in)
                                                         clk (net)
                      0.054814    0.000000   10.037065 ^ clkbuf_0_clk/A (sky130_fd_sc_hd__clkbuf_16)
     4    0.039391    0.044772    0.103487   10.140552 ^ clkbuf_0_clk/X (sky130_fd_sc_hd__clkbuf_16)
                                                         clknet_0_clk (net)
                      0.044778    0.000496   10.141048 ^ clkbuf_2_0__f_clk/A (sky130_fd_sc_hd__clkbuf_16)
     9    0.033613    0.040753    0.097503   10.238552 ^ clkbuf_2_0__f_clk/X (sky130_fd_sc_hd__clkbuf_16)
                                                         clknet_2_0__leaf_clk (net)
                      0.040753    0.000245   10.238797 ^ _193_/CLK (sky130_fd_sc_hd__dfrtp_2)
                                 -0.250000    9.988797   clock uncertainty
                                  0.000000    9.988797   clock reconvergence pessimism
                                  0.114049   10.102845   library recovery time
                                             10.102845   data required time
---------------------------------------------------------------------------------------------
                                             10.102845   data required time
                                             -2.139197   data arrival time
---------------------------------------------------------------------------------------------
                                              7.963649   slack (MET)


Startpoint: rst_n (input port clocked by clk)
Endpoint: _194_ (recovery check against rising-edge clock clk)
Path Group: asynchronous
Path Type: max

Fanout         Cap        Slew       Delay        Time   Description
---------------------------------------------------------------------------------------------
                                  0.000000    0.000000   clock clk (rise edge)
                                  0.000000    0.000000   clock network delay (propagated)
                                  2.000000    2.000000 ^ input external delay
     1    0.003771    0.017406    0.009764    2.009764 ^ rst_n (in)
                                                         rst_n (net)
                      0.017406    0.000000    2.009764 ^ input33/A (sky130_fd_sc_hd__buf_4)
    10    0.052973    0.113488    0.128147    2.137911 ^ input33/X (sky130_fd_sc_hd__buf_4)
                                                         net33 (net)
                      0.113510    0.001302    2.139213 ^ _194_/RESET_B (sky130_fd_sc_hd__dfrtp_2)
                                              2.139213   data arrival time

                                 10.000000   10.000000   clock clk (rise edge)
                                  0.000000   10.000000   clock source latency
     1    0.014902    0.054810    0.037065   10.037065 ^ clk (in)
                                                         clk (net)
                      0.054814    0.000000   10.037065 ^ clkbuf_0_clk/A (sky130_fd_sc_hd__clkbuf_16)
     4    0.039391    0.044772    0.103487   10.140552 ^ clkbuf_0_clk/X (sky130_fd_sc_hd__clkbuf_16)
                                                         clknet_0_clk (net)
                      0.044778    0.000496   10.141048 ^ clkbuf_2_0__f_clk/A (sky130_fd_sc_hd__clkbuf_16)
     9    0.033613    0.040753    0.097503   10.238552 ^ clkbuf_2_0__f_clk/X (sky130_fd_sc_hd__clkbuf_16)
                                                         clknet_2_0__leaf_clk (net)
                      0.040753    0.000294   10.238846 ^ _194_/CLK (sky130_fd_sc_hd__dfrtp_2)
                                 -0.250000    9.988846   clock uncertainty
                                  0.000000    9.988846   clock reconvergence pessimism
                                  0.114049   10.102894   library recovery time
                                             10.102894   data required time
---------------------------------------------------------------------------------------------
                                             10.102894   data required time
                                             -2.139213   data arrival time
---------------------------------------------------------------------------------------------
                                              7.963681   slack (MET)


Startpoint: rst_n (input port clocked by clk)
Endpoint: _192_ (recovery check against rising-edge clock clk)
Path Group: asynchronous
Path Type: max

Fanout         Cap        Slew       Delay        Time   Description
---------------------------------------------------------------------------------------------
                                  0.000000    0.000000   clock clk (rise edge)
                                  0.000000    0.000000   clock network delay (propagated)
                                  2.000000    2.000000 ^ input external delay
     1    0.003771    0.017406    0.009764    2.009764 ^ rst_n (in)
                                                         rst_n (net)
                      0.017406    0.000000    2.009764 ^ input33/A (sky130_fd_sc_hd__buf_4)
    10    0.052973    0.113488    0.128147    2.137911 ^ input33/X (sky130_fd_sc_hd__buf_4)
                                                         net33 (net)
                      0.113511    0.001337    2.139247 ^ _192_/RESET_B (sky130_fd_sc_hd__dfrtp_2)
                                              2.139247   data arrival time

                                 10.000000   10.000000   clock clk (rise edge)
                                  0.000000   10.000000   clock source latency
     1    0.014902    0.054810    0.037065   10.037065 ^ clk (in)
                                                         clk (net)
                      0.054814    0.000000   10.037065 ^ clkbuf_0_clk/A (sky130_fd_sc_hd__clkbuf_16)
     4    0.039391    0.044772    0.103487   10.140552 ^ clkbuf_0_clk/X (sky130_fd_sc_hd__clkbuf_16)
                                                         clknet_0_clk (net)
                      0.044778    0.000496   10.141048 ^ clkbuf_2_0__f_clk/A (sky130_fd_sc_hd__clkbuf_16)
     9    0.033613    0.040753    0.097503   10.238552 ^ clkbuf_2_0__f_clk/X (sky130_fd_sc_hd__clkbuf_16)
                                                         clknet_2_0__leaf_clk (net)
                      0.040754    0.000341   10.238893 ^ _192_/CLK (sky130_fd_sc_hd__dfrtp_2)
                                 -0.250000    9.988893   clock uncertainty
                                  0.000000    9.988893   clock reconvergence pessimism
                                  0.114048   10.102941   library recovery time
                                             10.102941   data required time
---------------------------------------------------------------------------------------------
                                             10.102941   data required time
                                             -2.139247   data arrival time
---------------------------------------------------------------------------------------------
                                              7.963694   slack (MET)


Startpoint: rst_n (input port clocked by clk)
Endpoint: _189_ (recovery check against rising-edge clock clk)
Path Group: asynchronous
Path Type: max

Fanout         Cap        Slew       Delay        Time   Description
---------------------------------------------------------------------------------------------
                                  0.000000    0.000000   clock clk (rise edge)
                                  0.000000    0.000000   clock network delay (propagated)
                                  2.000000    2.000000 ^ input external delay
     1    0.003771    0.017406    0.009764    2.009764 ^ rst_n (in)
                                                         rst_n (net)
                      0.017406    0.000000    2.009764 ^ input33/A (sky130_fd_sc_hd__buf_4)
    10    0.052973    0.113488    0.128147    2.137911 ^ input33/X (sky130_fd_sc_hd__buf_4)
                                                         net33 (net)
                      0.113504    0.001122    2.139033 ^ _189_/RESET_B (sky130_fd_sc_hd__dfrtp_2)
                                              2.139033   data arrival time

                                 10.000000   10.000000   clock clk (rise edge)
                                  0.000000   10.000000   clock source latency
     1    0.014902    0.054810    0.037065   10.037065 ^ clk (in)
                                                         clk (net)
                      0.054814    0.000000   10.037065 ^ clkbuf_0_clk/A (sky130_fd_sc_hd__clkbuf_16)
     4    0.039391    0.044772    0.103487   10.140552 ^ clkbuf_0_clk/X (sky130_fd_sc_hd__clkbuf_16)
                                                         clknet_0_clk (net)
                      0.044780    0.000533   10.141085 ^ clkbuf_2_1__f_clk/A (sky130_fd_sc_hd__clkbuf_16)
    13    0.039943    0.045147    0.101054   10.242139 ^ clkbuf_2_1__f_clk/X (sky130_fd_sc_hd__clkbuf_16)
                                                         clknet_2_1__leaf_clk (net)
                      0.045147    0.000079   10.242218 ^ _189_/CLK (sky130_fd_sc_hd__dfrtp_2)
                                 -0.250000    9.992218   clock uncertainty
                                  0.000000    9.992218   clock reconvergence pessimism
                                  0.114735   10.106953   library recovery time
                                             10.106953   data required time
---------------------------------------------------------------------------------------------
                                             10.106953   data required time
                                             -2.139033   data arrival time
---------------------------------------------------------------------------------------------
                                              7.967920   slack (MET)


Startpoint: rst_n (input port clocked by clk)
Endpoint: _188_ (recovery check against rising-edge clock clk)
Path Group: asynchronous
Path Type: max

Fanout         Cap        Slew       Delay        Time   Description
---------------------------------------------------------------------------------------------
                                  0.000000    0.000000   clock clk (rise edge)
                                  0.000000    0.000000   clock network delay (propagated)
                                  2.000000    2.000000 ^ input external delay
     1    0.003771    0.017406    0.009764    2.009764 ^ rst_n (in)
                                                         rst_n (net)
                      0.017406    0.000000    2.009764 ^ input33/A (sky130_fd_sc_hd__buf_4)
    10    0.052973    0.113488    0.128147    2.137911 ^ input33/X (sky130_fd_sc_hd__buf_4)
                                                         net33 (net)
                      0.113502    0.001063    2.138974 ^ _188_/RESET_B (sky130_fd_sc_hd__dfrtp_2)
                                              2.138974   data arrival time

                                 10.000000   10.000000   clock clk (rise edge)
                                  0.000000   10.000000   clock source latency
     1    0.014902    0.054810    0.037065   10.037065 ^ clk (in)
                                                         clk (net)
                      0.054814    0.000000   10.037065 ^ clkbuf_0_clk/A (sky130_fd_sc_hd__clkbuf_16)
     4    0.039391    0.044772    0.103487   10.140552 ^ clkbuf_0_clk/X (sky130_fd_sc_hd__clkbuf_16)
                                                         clknet_0_clk (net)
                      0.044780    0.000533   10.141085 ^ clkbuf_2_1__f_clk/A (sky130_fd_sc_hd__clkbuf_16)
    13    0.039943    0.045147    0.101054   10.242139 ^ clkbuf_2_1__f_clk/X (sky130_fd_sc_hd__clkbuf_16)
                                                         clknet_2_1__leaf_clk (net)
                      0.045147    0.000181   10.242320 ^ _188_/CLK (sky130_fd_sc_hd__dfrtp_2)
                                 -0.250000    9.992320   clock uncertainty
                                  0.000000    9.992320   clock reconvergence pessimism
                                  0.114736   10.107056   library recovery time
                                             10.107056   data required time
---------------------------------------------------------------------------------------------
                                             10.107056   data required time
                                             -2.138974   data arrival time
---------------------------------------------------------------------------------------------
                                              7.968082   slack (MET)


Startpoint: rst_n (input port clocked by clk)
Endpoint: _190_ (recovery check against rising-edge clock clk)
Path Group: asynchronous
Path Type: max

Fanout         Cap        Slew       Delay        Time   Description
---------------------------------------------------------------------------------------------
                                  0.000000    0.000000   clock clk (rise edge)
                                  0.000000    0.000000   clock network delay (propagated)
                                  2.000000    2.000000 ^ input external delay
     1    0.003771    0.017406    0.009764    2.009764 ^ rst_n (in)
                                                         rst_n (net)
                      0.017406    0.000000    2.009764 ^ input33/A (sky130_fd_sc_hd__buf_4)
    10    0.052973    0.113488    0.128147    2.137911 ^ input33/X (sky130_fd_sc_hd__buf_4)
                                                         net33 (net)
                      0.113503    0.001106    2.139017 ^ _190_/RESET_B (sky130_fd_sc_hd__dfrtp_2)
                                              2.139017   data arrival time

                                 10.000000   10.000000   clock clk (rise edge)
                                  0.000000   10.000000   clock source latency
     1    0.014902    0.054810    0.037065   10.037065 ^ clk (in)
                                                         clk (net)
                      0.054814    0.000000   10.037065 ^ clkbuf_0_clk/A (sky130_fd_sc_hd__clkbuf_16)
     4    0.039391    0.044772    0.103487   10.140552 ^ clkbuf_0_clk/X (sky130_fd_sc_hd__clkbuf_16)
                                                         clknet_0_clk (net)
                      0.044780    0.000533   10.141085 ^ clkbuf_2_1__f_clk/A (sky130_fd_sc_hd__clkbuf_16)
    13    0.039943    0.045147    0.101054   10.242139 ^ clkbuf_2_1__f_clk/X (sky130_fd_sc_hd__clkbuf_16)
                                                         clknet_2_1__leaf_clk (net)
                      0.045148    0.000250   10.242389 ^ _190_/CLK (sky130_fd_sc_hd__dfrtp_2)
                                 -0.250000    9.992389   clock uncertainty
                                  0.000000    9.992389   clock reconvergence pessimism
                                  0.114736   10.107124   library recovery time
                                             10.107124   data required time
---------------------------------------------------------------------------------------------
                                             10.107124   data required time
                                             -2.139017   data arrival time
---------------------------------------------------------------------------------------------
                                              7.968107   slack (MET)


Startpoint: rst_n (input port clocked by clk)
Endpoint: _187_ (recovery check against rising-edge clock clk)
Path Group: asynchronous
Path Type: max

Fanout         Cap        Slew       Delay        Time   Description
---------------------------------------------------------------------------------------------
                                  0.000000    0.000000   clock clk (rise edge)
                                  0.000000    0.000000   clock network delay (propagated)
                                  2.000000    2.000000 ^ input external delay
     1    0.003771    0.017406    0.009764    2.009764 ^ rst_n (in)
                                                         rst_n (net)
                      0.017406    0.000000    2.009764 ^ input33/A (sky130_fd_sc_hd__buf_4)
    10    0.052973    0.113488    0.128147    2.137911 ^ input33/X (sky130_fd_sc_hd__buf_4)
                                                         net33 (net)
                      0.113504    0.001111    2.139022 ^ _187_/RESET_B (sky130_fd_sc_hd__dfrtp_2)
                                              2.139022   data arrival time

                                 10.000000   10.000000   clock clk (rise edge)
                                  0.000000   10.000000   clock source latency
     1    0.014902    0.054810    0.037065   10.037065 ^ clk (in)
                                                         clk (net)
                      0.054814    0.000000   10.037065 ^ clkbuf_0_clk/A (sky130_fd_sc_hd__clkbuf_16)
     4    0.039391    0.044772    0.103487   10.140552 ^ clkbuf_0_clk/X (sky130_fd_sc_hd__clkbuf_16)
                                                         clknet_0_clk (net)
                      0.044780    0.000533   10.141085 ^ clkbuf_2_1__f_clk/A (sky130_fd_sc_hd__clkbuf_16)
    13    0.039943    0.045147    0.101054   10.242139 ^ clkbuf_2_1__f_clk/X (sky130_fd_sc_hd__clkbuf_16)
                                                         clknet_2_1__leaf_clk (net)
                      0.045149    0.000273   10.242412 ^ _187_/CLK (sky130_fd_sc_hd__dfrtp_2)
                                 -0.250000    9.992412   clock uncertainty
                                  0.000000    9.992412   clock reconvergence pessimism
                                  0.114736   10.107147   library recovery time
                                             10.107147   data required time
---------------------------------------------------------------------------------------------
                                             10.107147   data required time
                                             -2.139022   data arrival time
---------------------------------------------------------------------------------------------
                                              7.968125   slack (MET)


Startpoint: rst_n (input port clocked by clk)
Endpoint: _186_ (recovery check against rising-edge clock clk)
Path Group: asynchronous
Path Type: max

Fanout         Cap        Slew       Delay        Time   Description
---------------------------------------------------------------------------------------------
                                  0.000000    0.000000   clock clk (rise edge)
                                  0.000000    0.000000   clock network delay (propagated)
                                  2.000000    2.000000 ^ input external delay
     1    0.003771    0.017406    0.009764    2.009764 ^ rst_n (in)
                                                         rst_n (net)
                      0.017406    0.000000    2.009764 ^ input33/A (sky130_fd_sc_hd__buf_4)
    10    0.052973    0.113488    0.128147    2.137911 ^ input33/X (sky130_fd_sc_hd__buf_4)
                                                         net33 (net)
                      0.113489    0.000326    2.138237 ^ _186_/RESET_B (sky130_fd_sc_hd__dfrtp_2)
                                              2.138237   data arrival time

                                 10.000000   10.000000   clock clk (rise edge)
                                  0.000000   10.000000   clock source latency
     1    0.014902    0.054810    0.037065   10.037065 ^ clk (in)
                                                         clk (net)
                      0.054814    0.000000   10.037065 ^ clkbuf_0_clk/A (sky130_fd_sc_hd__clkbuf_16)
     4    0.039391    0.044772    0.103487   10.140552 ^ clkbuf_0_clk/X (sky130_fd_sc_hd__clkbuf_16)
                                                         clknet_0_clk (net)
                      0.044780    0.000533   10.141085 ^ clkbuf_2_1__f_clk/A (sky130_fd_sc_hd__clkbuf_16)
    13    0.039943    0.045147    0.101054   10.242139 ^ clkbuf_2_1__f_clk/X (sky130_fd_sc_hd__clkbuf_16)
                                                         clknet_2_1__leaf_clk (net)
                      0.045147    0.000065   10.242204 ^ _186_/CLK (sky130_fd_sc_hd__dfrtp_2)
                                 -0.250000    9.992204   clock uncertainty
                                  0.000000    9.992204   clock reconvergence pessimism
                                  0.114739   10.106943   library recovery time
                                             10.106943   data required time
---------------------------------------------------------------------------------------------
                                             10.106943   data required time
                                             -2.138237   data arrival time
---------------------------------------------------------------------------------------------
                                              7.968707   slack (MET)


Startpoint: _187_ (rising edge-triggered flip-flop clocked by clk)
Endpoint: _218_ (rising edge-triggered flip-flop clocked by clk)
Path Group: clk
Path Type: max

Fanout         Cap        Slew       Delay        Time   Description
---------------------------------------------------------------------------------------------
                                  0.000000    0.000000   clock clk (rise edge)
                                  0.000000    0.000000   clock source latency
     1    0.014902    0.054810    0.037065    0.037065 ^ clk (in)
                                                         clk (net)
                      0.054814    0.000000    0.037065 ^ clkbuf_0_clk/A (sky130_fd_sc_hd__clkbuf_16)
     4    0.039391    0.044772    0.103487    0.140551 ^ clkbuf_0_clk/X (sky130_fd_sc_hd__clkbuf_16)
                                                         clknet_0_clk (net)
                      0.044780    0.000533    0.141084 ^ clkbuf_2_1__f_clk/A (sky130_fd_sc_hd__clkbuf_16)
    13    0.039943    0.045147    0.101055    0.242139 ^ clkbuf_2_1__f_clk/X (sky130_fd_sc_hd__clkbuf_16)
                                                         clknet_2_1__leaf_clk (net)
                      0.045149    0.000273    0.242412 ^ _187_/CLK (sky130_fd_sc_hd__dfrtp_2)
     6    0.029428    0.112218    0.282657    0.525069 ^ _187_/Q (sky130_fd_sc_hd__dfrtp_2)
                                                         counter[0] (net)
                      0.112218    0.000320    0.525389 ^ _114_/A (sky130_fd_sc_hd__and4_2)
     8    0.038069    0.154732    0.231607    0.756996 ^ _114_/X (sky130_fd_sc_hd__and4_2)
                                                         _035_ (net)
                      0.154732    0.000561    0.757558 ^ _131_/B (sky130_fd_sc_hd__and4_2)
     7    0.025112    0.109035    0.208643    0.966200 ^ _131_/X (sky130_fd_sc_hd__and4_2)
                                                         _045_ (net)
                      0.109038    0.000752    0.966952 ^ _164_/B (sky130_fd_sc_hd__and4_2)
     7    0.031955    0.132855    0.218855    1.185807 ^ _164_/X (sky130_fd_sc_hd__and4_2)
                                                         _065_ (net)
                      0.132855    0.000393    1.186200 ^ _182_/B (sky130_fd_sc_hd__and4_2)
     1    0.009154    0.053745    0.158471    1.344671 ^ _182_/X (sky130_fd_sc_hd__and4_2)
                                                         _076_ (net)
                      0.053745    0.000087    1.344758 ^ _184_/B (sky130_fd_sc_hd__xor2_2)
     1    0.002430    0.066389    0.078116    1.422874 ^ _184_/X (sky130_fd_sc_hd__xor2_2)
                                                         _024_ (net)
                      0.066389    0.000021    1.422896 ^ _218_/D (sky130_fd_sc_hd__dfrtp_2)
                                              1.422896   data arrival time

                                 10.000000   10.000000   clock clk (rise edge)
                                  0.000000   10.000000   clock source latency
     1    0.014902    0.054810    0.037065   10.037065 ^ clk (in)
                                                         clk (net)
                      0.054814    0.000000   10.037065 ^ clkbuf_0_clk/A (sky130_fd_sc_hd__clkbuf_16)
     4    0.039391    0.044772    0.103487   10.140552 ^ clkbuf_0_clk/X (sky130_fd_sc_hd__clkbuf_16)
                                                         clknet_0_clk (net)
                      0.044780    0.000533   10.141085 ^ clkbuf_2_1__f_clk/A (sky130_fd_sc_hd__clkbuf_16)
    13    0.039943    0.045147    0.101054   10.242139 ^ clkbuf_2_1__f_clk/X (sky130_fd_sc_hd__clkbuf_16)
                                                         clknet_2_1__leaf_clk (net)
                      0.045148    0.000255   10.242393 ^ _218_/CLK (sky130_fd_sc_hd__dfrtp_2)
                                 -0.250000    9.992393   clock uncertainty
                                  0.000000    9.992393   clock reconvergence pessimism
                                 -0.039408    9.952987   library setup time
                                              9.952987   data required time
---------------------------------------------------------------------------------------------
                                              9.952987   data required time
                                             -1.422896   data arrival time
---------------------------------------------------------------------------------------------
                                              8.530090   slack (MET)


Startpoint: _188_ (rising edge-triggered flip-flop clocked by clk)
Endpoint: _206_ (rising edge-triggered flip-flop clocked by clk)
Path Group: clk
Path Type: max

Fanout         Cap        Slew       Delay        Time   Description
---------------------------------------------------------------------------------------------
                                  0.000000    0.000000   clock clk (rise edge)
                                  0.000000    0.000000   clock source latency
     1    0.014902    0.054810    0.037065    0.037065 ^ clk (in)
                                                         clk (net)
                      0.054814    0.000000    0.037065 ^ clkbuf_0_clk/A (sky130_fd_sc_hd__clkbuf_16)
     4    0.039391    0.044772    0.103487    0.140551 ^ clkbuf_0_clk/X (sky130_fd_sc_hd__clkbuf_16)
                                                         clknet_0_clk (net)
                      0.044780    0.000533    0.141084 ^ clkbuf_2_1__f_clk/A (sky130_fd_sc_hd__clkbuf_16)
    13    0.039943    0.045147    0.101055    0.242139 ^ clkbuf_2_1__f_clk/X (sky130_fd_sc_hd__clkbuf_16)
                                                         clknet_2_1__leaf_clk (net)
                      0.045147    0.000181    0.242320 ^ _188_/CLK (sky130_fd_sc_hd__dfrtp_2)
     5    0.025847    0.065820    0.288800    0.531119 v _188_/Q (sky130_fd_sc_hd__dfrtp_2)
                                                         counter[1] (net)
                      0.065820    0.000121    0.531240 v _114_/B (sky130_fd_sc_hd__and4_2)
     8    0.035938    0.079418    0.196879    0.728119 v _114_/X (sky130_fd_sc_hd__and4_2)
                                                         _035_ (net)
                      0.079421    0.000529    0.728648 v _131_/B (sky130_fd_sc_hd__and4_2)
     7    0.023655    0.061130    0.183996    0.912644 v _131_/X (sky130_fd_sc_hd__and4_2)
                                                         _045_ (net)
                      0.061134    0.000590    0.913235 v _144_/B (sky130_fd_sc_hd__and3_2)
     5    0.025499    0.062782    0.173232    1.086467 v _144_/X (sky130_fd_sc_hd__and3_2)
                                                         _053_ (net)
                      0.062782    0.000306    1.086773 v _150_/D (sky130_fd_sc_hd__and4_2)
     2    0.010712    0.043268    0.173275    1.260048 v _150_/X (sky130_fd_sc_hd__and4_2)
                                                         _056_ (net)
                      0.043268    0.000162    1.260210 v _154_/A2 (sky130_fd_sc_hd__o21ba_2)
     1    0.004545    0.029165    0.125181    1.385391 v _154_/X (sky130_fd_sc_hd__o21ba_2)
                                                         _010_ (net)
                      0.029165    0.000073    1.385464 v _206_/D (sky130_fd_sc_hd__dfrtp_2)
                                              1.385464   data arrival time

                                 10.000000   10.000000   clock clk (rise edge)
                                  0.000000   10.000000   clock source latency
     1    0.014902    0.054810    0.037065   10.037065 ^ clk (in)
                                                         clk (net)
                      0.054814    0.000000   10.037065 ^ clkbuf_0_clk/A (sky130_fd_sc_hd__clkbuf_16)
     4    0.039391    0.044772    0.103487   10.140552 ^ clkbuf_0_clk/X (sky130_fd_sc_hd__clkbuf_16)
                                                         clknet_0_clk (net)
                      0.044776    0.000433   10.140985 ^ clkbuf_2_2__f_clk/A (sky130_fd_sc_hd__clkbuf_16)
    13    0.035445    0.042040    0.098590   10.239574 ^ clkbuf_2_2__f_clk/X (sky130_fd_sc_hd__clkbuf_16)
                                                         clknet_2_2__leaf_clk (net)
                      0.042040    0.000219   10.239794 ^ _206_/CLK (sky130_fd_sc_hd__dfrtp_2)
                                 -0.250000    9.989794   clock uncertainty
                                  0.000000    9.989794   clock reconvergence pessimism
                                 -0.071687    9.918107   library setup time
                                              9.918107   data required time
---------------------------------------------------------------------------------------------
                                              9.918107   data required time
                                             -1.385464   data arrival time
---------------------------------------------------------------------------------------------
                                              8.532643   slack (MET)


Startpoint: _188_ (rising edge-triggered flip-flop clocked by clk)
Endpoint: _213_ (rising edge-triggered flip-flop clocked by clk)
Path Group: clk
Path Type: max

Fanout         Cap        Slew       Delay        Time   Description
---------------------------------------------------------------------------------------------
                                  0.000000    0.000000   clock clk (rise edge)
                                  0.000000    0.000000   clock source latency
     1    0.014902    0.054810    0.037065    0.037065 ^ clk (in)
                                                         clk (net)
                      0.054814    0.000000    0.037065 ^ clkbuf_0_clk/A (sky130_fd_sc_hd__clkbuf_16)
     4    0.039391    0.044772    0.103487    0.140551 ^ clkbuf_0_clk/X (sky130_fd_sc_hd__clkbuf_16)
                                                         clknet_0_clk (net)
                      0.044780    0.000533    0.141084 ^ clkbuf_2_1__f_clk/A (sky130_fd_sc_hd__clkbuf_16)
    13    0.039943    0.045147    0.101055    0.242139 ^ clkbuf_2_1__f_clk/X (sky130_fd_sc_hd__clkbuf_16)
                                                         clknet_2_1__leaf_clk (net)
                      0.045147    0.000181    0.242320 ^ _188_/CLK (sky130_fd_sc_hd__dfrtp_2)
     5    0.025847    0.065820    0.288800    0.531119 v _188_/Q (sky130_fd_sc_hd__dfrtp_2)
                                                         counter[1] (net)
                      0.065820    0.000121    0.531240 v _114_/B (sky130_fd_sc_hd__and4_2)
     8    0.035938    0.079418    0.196879    0.728119 v _114_/X (sky130_fd_sc_hd__and4_2)
                                                         _035_ (net)
                      0.079421    0.000529    0.728648 v _131_/B (sky130_fd_sc_hd__and4_2)
     7    0.023655    0.061130    0.183996    0.912644 v _131_/X (sky130_fd_sc_hd__and4_2)
                                                         _045_ (net)
                      0.061138    0.000708    0.913352 v _164_/B (sky130_fd_sc_hd__and4_2)
     7    0.030015    0.070276    0.186127    1.099480 v _164_/X (sky130_fd_sc_hd__and4_2)
                                                         _065_ (net)
                      0.070277    0.000360    1.099840 v _170_/C (sky130_fd_sc_hd__and3_2)
     2    0.008717    0.038046    0.156628    1.256469 v _170_/X (sky130_fd_sc_hd__and3_2)
                                                         _069_ (net)
                      0.038046    0.000080    1.256549 v _173_/A2 (sky130_fd_sc_hd__o21ba_2)
     1    0.002691    0.024988    0.117034    1.373583 v _173_/X (sky130_fd_sc_hd__o21ba_2)
                                                         _018_ (net)
                      0.024988    0.000025    1.373608 v _213_/D (sky130_fd_sc_hd__dfrtp_2)
                                              1.373608   data arrival time

                                 10.000000   10.000000   clock clk (rise edge)
                                  0.000000   10.000000   clock source latency
     1    0.014902    0.054810    0.037065   10.037065 ^ clk (in)
                                                         clk (net)
                      0.054814    0.000000   10.037065 ^ clkbuf_0_clk/A (sky130_fd_sc_hd__clkbuf_16)
     4    0.039391    0.044772    0.103487   10.140552 ^ clkbuf_0_clk/X (sky130_fd_sc_hd__clkbuf_16)
                                                         clknet_0_clk (net)
                      0.044776    0.000433   10.140985 ^ clkbuf_2_3__f_clk/A (sky130_fd_sc_hd__clkbuf_16)
     9    0.033006    0.040361    0.097221   10.238205 ^ clkbuf_2_3__f_clk/X (sky130_fd_sc_hd__clkbuf_16)
                                                         clknet_2_3__leaf_clk (net)
                      0.040361    0.000106   10.238311 ^ _213_/CLK (sky130_fd_sc_hd__dfrtp_2)
                                 -0.250000    9.988311   clock uncertainty
                                  0.000000    9.988311   clock reconvergence pessimism
                                 -0.070357    9.917953   library setup time
                                              9.917953   data required time
---------------------------------------------------------------------------------------------
                                              9.917953   data required time
                                             -1.373608   data arrival time
---------------------------------------------------------------------------------------------
                                              8.544346   slack (MET)


Startpoint: _187_ (rising edge-triggered flip-flop clocked by clk)
Endpoint: _210_ (rising edge-triggered flip-flop clocked by clk)
Path Group: clk
Path Type: max

Fanout         Cap        Slew       Delay        Time   Description
---------------------------------------------------------------------------------------------
                                  0.000000    0.000000   clock clk (rise edge)
                                  0.000000    0.000000   clock source latency
     1    0.014902    0.054810    0.037065    0.037065 ^ clk (in)
                                                         clk (net)
                      0.054814    0.000000    0.037065 ^ clkbuf_0_clk/A (sky130_fd_sc_hd__clkbuf_16)
     4    0.039391    0.044772    0.103487    0.140551 ^ clkbuf_0_clk/X (sky130_fd_sc_hd__clkbuf_16)
                                                         clknet_0_clk (net)
                      0.044780    0.000533    0.141084 ^ clkbuf_2_1__f_clk/A (sky130_fd_sc_hd__clkbuf_16)
    13    0.039943    0.045147    0.101055    0.242139 ^ clkbuf_2_1__f_clk/X (sky130_fd_sc_hd__clkbuf_16)
                                                         clknet_2_1__leaf_clk (net)
                      0.045149    0.000273    0.242412 ^ _187_/CLK (sky130_fd_sc_hd__dfrtp_2)
     6    0.029428    0.112218    0.282657    0.525069 ^ _187_/Q (sky130_fd_sc_hd__dfrtp_2)
                                                         counter[0] (net)
                      0.112218    0.000320    0.525389 ^ _114_/A (sky130_fd_sc_hd__and4_2)
     8    0.038069    0.154732    0.231607    0.756996 ^ _114_/X (sky130_fd_sc_hd__and4_2)
                                                         _035_ (net)
                      0.154732    0.000561    0.757558 ^ _131_/B (sky130_fd_sc_hd__and4_2)
     7    0.025112    0.109035    0.208643    0.966200 ^ _131_/X (sky130_fd_sc_hd__and4_2)
                                                         _045_ (net)
                      0.109037    0.000716    0.966916 ^ _153_/B (sky130_fd_sc_hd__and4_2)
     6    0.035089    0.144164    0.226989    1.193904 ^ _153_/X (sky130_fd_sc_hd__and4_2)
                                                         _058_ (net)
                      0.144164    0.000635    1.194540 ^ _160_/B (sky130_fd_sc_hd__and3_2)
     2    0.008226    0.046164    0.136332    1.330872 ^ _160_/X (sky130_fd_sc_hd__and3_2)
                                                         _062_ (net)
                      0.046164    0.000055    1.330927 ^ _167_/A2 (sky130_fd_sc_hd__o21ba_2)
     1    0.003179    0.025981    0.073937    1.404864 ^ _167_/X (sky130_fd_sc_hd__o21ba_2)
                                                         _015_ (net)
                      0.025981    0.000035    1.404899 ^ _210_/D (sky130_fd_sc_hd__dfrtp_2)
                                              1.404899   data arrival time

                                 10.000000   10.000000   clock clk (rise edge)
                                  0.000000   10.000000   clock source latency
     1    0.014902    0.054810    0.037065   10.037065 ^ clk (in)
                                                         clk (net)
                      0.054814    0.000000   10.037065 ^ clkbuf_0_clk/A (sky130_fd_sc_hd__clkbuf_16)
     4    0.039391    0.044772    0.103487   10.140552 ^ clkbuf_0_clk/X (sky130_fd_sc_hd__clkbuf_16)
                                                         clknet_0_clk (net)
                      0.044776    0.000433   10.140985 ^ clkbuf_2_3__f_clk/A (sky130_fd_sc_hd__clkbuf_16)
     9    0.033006    0.040361    0.097221   10.238205 ^ clkbuf_2_3__f_clk/X (sky130_fd_sc_hd__clkbuf_16)
                                                         clknet_2_3__leaf_clk (net)
                      0.040361    0.000217   10.238422 ^ _210_/CLK (sky130_fd_sc_hd__dfrtp_2)
                                 -0.250000    9.988422   clock uncertainty
                                  0.000000    9.988422   clock reconvergence pessimism
                                 -0.035488    9.952935   library setup time
                                              9.952935   data required time
---------------------------------------------------------------------------------------------
                                              9.952935   data required time
                                             -1.404899   data arrival time
---------------------------------------------------------------------------------------------
                                              8.548036   slack (MET)


Startpoint: _188_ (rising edge-triggered flip-flop clocked by clk)
Endpoint: _214_ (rising edge-triggered flip-flop clocked by clk)
Path Group: clk
Path Type: max

Fanout         Cap        Slew       Delay        Time   Description
---------------------------------------------------------------------------------------------
                                  0.000000    0.000000   clock clk (rise edge)
                                  0.000000    0.000000   clock source latency
     1    0.014902    0.054810    0.037065    0.037065 ^ clk (in)
                                                         clk (net)
                      0.054814    0.000000    0.037065 ^ clkbuf_0_clk/A (sky130_fd_sc_hd__clkbuf_16)
     4    0.039391    0.044772    0.103487    0.140551 ^ clkbuf_0_clk/X (sky130_fd_sc_hd__clkbuf_16)
                                                         clknet_0_clk (net)
                      0.044780    0.000533    0.141084 ^ clkbuf_2_1__f_clk/A (sky130_fd_sc_hd__clkbuf_16)
    13    0.039943    0.045147    0.101055    0.242139 ^ clkbuf_2_1__f_clk/X (sky130_fd_sc_hd__clkbuf_16)
                                                         clknet_2_1__leaf_clk (net)
                      0.045147    0.000181    0.242320 ^ _188_/CLK (sky130_fd_sc_hd__dfrtp_2)
     5    0.025847    0.065820    0.288800    0.531119 v _188_/Q (sky130_fd_sc_hd__dfrtp_2)
                                                         counter[1] (net)
                      0.065820    0.000121    0.531240 v _114_/B (sky130_fd_sc_hd__and4_2)
     8    0.035938    0.079418    0.196879    0.728119 v _114_/X (sky130_fd_sc_hd__and4_2)
                                                         _035_ (net)
                      0.079421    0.000529    0.728648 v _131_/B (sky130_fd_sc_hd__and4_2)
     7    0.023655    0.061130    0.183996    0.912644 v _131_/X (sky130_fd_sc_hd__and4_2)
                                                         _045_ (net)
                      0.061137    0.000693    0.913337 v _166_/B (sky130_fd_sc_hd__and4_2)
     3    0.010636    0.043103    0.154002    1.067338 v _166_/X (sky130_fd_sc_hd__and4_2)
                                                         _067_ (net)
                      0.043103    0.000126    1.067464 v _172_/D (sky130_fd_sc_hd__and4_2)
     2    0.004315    0.032838    0.149378    1.216843 v _172_/X (sky130_fd_sc_hd__and4_2)
                                                         _070_ (net)
                      0.032838    0.000039    1.216881 v _175_/B1 (sky130_fd_sc_hd__o2bb2a_2)
     1    0.002534    0.029948    0.149503    1.366385 v _175_/X (sky130_fd_sc_hd__o2bb2a_2)
                                                         _019_ (net)
                      0.029948    0.000023    1.366408 v _214_/D (sky130_fd_sc_hd__dfrtp_2)
                                              1.366408   data arrival time

                                 10.000000   10.000000   clock clk (rise edge)
                                  0.000000   10.000000   clock source latency
     1    0.014902    0.054810    0.037065   10.037065 ^ clk (in)
                                                         clk (net)
                      0.054814    0.000000   10.037065 ^ clkbuf_0_clk/A (sky130_fd_sc_hd__clkbuf_16)
     4    0.039391    0.044772    0.103487   10.140552 ^ clkbuf_0_clk/X (sky130_fd_sc_hd__clkbuf_16)
                                                         clknet_0_clk (net)
                      0.044776    0.000433   10.140985 ^ clkbuf_2_3__f_clk/A (sky130_fd_sc_hd__clkbuf_16)
     9    0.033006    0.040361    0.097221   10.238205 ^ clkbuf_2_3__f_clk/X (sky130_fd_sc_hd__clkbuf_16)
                                                         clknet_2_3__leaf_clk (net)
                      0.040361    0.000083   10.238289 ^ _214_/CLK (sky130_fd_sc_hd__dfrtp_2)
                                 -0.250000    9.988289   clock uncertainty
                                  0.000000    9.988289   clock reconvergence pessimism
                                 -0.072128    9.916161   library setup time
                                              9.916161   data required time
---------------------------------------------------------------------------------------------
                                              9.916161   data required time
                                             -1.366408   data arrival time
---------------------------------------------------------------------------------------------
                                              8.549753   slack (MET)


Startpoint: _188_ (rising edge-triggered flip-flop clocked by clk)
Endpoint: _202_ (rising edge-triggered flip-flop clocked by clk)
Path Group: clk
Path Type: max

Fanout         Cap        Slew       Delay        Time   Description
---------------------------------------------------------------------------------------------
                                  0.000000    0.000000   clock clk (rise edge)
                                  0.000000    0.000000   clock source latency
     1    0.014902    0.054810    0.037065    0.037065 ^ clk (in)
                                                         clk (net)
                      0.054814    0.000000    0.037065 ^ clkbuf_0_clk/A (sky130_fd_sc_hd__clkbuf_16)
     4    0.039391    0.044772    0.103487    0.140551 ^ clkbuf_0_clk/X (sky130_fd_sc_hd__clkbuf_16)
                                                         clknet_0_clk (net)
                      0.044780    0.000533    0.141084 ^ clkbuf_2_1__f_clk/A (sky130_fd_sc_hd__clkbuf_16)
    13    0.039943    0.045147    0.101055    0.242139 ^ clkbuf_2_1__f_clk/X (sky130_fd_sc_hd__clkbuf_16)
                                                         clknet_2_1__leaf_clk (net)
                      0.045147    0.000181    0.242320 ^ _188_/CLK (sky130_fd_sc_hd__dfrtp_2)
     5    0.025847    0.065820    0.288800    0.531119 v _188_/Q (sky130_fd_sc_hd__dfrtp_2)
                                                         counter[1] (net)
                      0.065820    0.000121    0.531240 v _114_/B (sky130_fd_sc_hd__and4_2)
     8    0.035938    0.079418    0.196879    0.728119 v _114_/X (sky130_fd_sc_hd__and4_2)
                                                         _035_ (net)
                      0.079421    0.000529    0.728648 v _131_/B (sky130_fd_sc_hd__and4_2)
     7    0.023655    0.061130    0.183996    0.912644 v _131_/X (sky130_fd_sc_hd__and4_2)
                                                         _045_ (net)
                      0.061135    0.000627    0.913271 v _134_/B (sky130_fd_sc_hd__and2_2)
     5    0.027209    0.062910    0.170140    1.083411 v _134_/X (sky130_fd_sc_hd__and2_2)
                                                         _047_ (net)
                      0.062913    0.000543    1.083954 v _141_/D (sky130_fd_sc_hd__and4_2)
     1    0.003452    0.030695    0.154364    1.238318 v _141_/X (sky130_fd_sc_hd__and4_2)
                                                         _051_ (net)
                      0.030695    0.000041    1.238359 v _145_/A2 (sky130_fd_sc_hd__o21ba_2)
     1    0.003309    0.026221    0.116538    1.354897 v _145_/X (sky130_fd_sc_hd__o21ba_2)
                                                         _006_ (net)
                      0.026221    0.000041    1.354938 v _202_/D (sky130_fd_sc_hd__dfrtp_2)
                                              1.354938   data arrival time

                                 10.000000   10.000000   clock clk (rise edge)
                                  0.000000   10.000000   clock source latency
     1    0.014902    0.054810    0.037065   10.037065 ^ clk (in)
                                                         clk (net)
                      0.054814    0.000000   10.037065 ^ clkbuf_0_clk/A (sky130_fd_sc_hd__clkbuf_16)
     4    0.039391    0.044772    0.103487   10.140552 ^ clkbuf_0_clk/X (sky130_fd_sc_hd__clkbuf_16)
                                                         clknet_0_clk (net)
                      0.044776    0.000433   10.140985 ^ clkbuf_2_2__f_clk/A (sky130_fd_sc_hd__clkbuf_16)
    13    0.035445    0.042040    0.098590   10.239574 ^ clkbuf_2_2__f_clk/X (sky130_fd_sc_hd__clkbuf_16)
                                                         clknet_2_2__leaf_clk (net)
                      0.042040    0.000107   10.239681 ^ _202_/CLK (sky130_fd_sc_hd__dfrtp_2)
                                 -0.250000    9.989681   clock uncertainty
                                  0.000000    9.989681   clock reconvergence pessimism
                                 -0.070636    9.919045   library setup time
                                              9.919045   data required time
---------------------------------------------------------------------------------------------
                                              9.919045   data required time
                                             -1.354938   data arrival time
---------------------------------------------------------------------------------------------
                                              8.564108   slack (MET)


Startpoint: _187_ (rising edge-triggered flip-flop clocked by clk)
Endpoint: _209_ (rising edge-triggered flip-flop clocked by clk)
Path Group: clk
Path Type: max

Fanout         Cap        Slew       Delay        Time   Description
---------------------------------------------------------------------------------------------
                                  0.000000    0.000000   clock clk (rise edge)
                                  0.000000    0.000000   clock source latency
     1    0.014902    0.054810    0.037065    0.037065 ^ clk (in)
                                                         clk (net)
                      0.054814    0.000000    0.037065 ^ clkbuf_0_clk/A (sky130_fd_sc_hd__clkbuf_16)
     4    0.039391    0.044772    0.103487    0.140551 ^ clkbuf_0_clk/X (sky130_fd_sc_hd__clkbuf_16)
                                                         clknet_0_clk (net)
                      0.044780    0.000533    0.141084 ^ clkbuf_2_1__f_clk/A (sky130_fd_sc_hd__clkbuf_16)
    13    0.039943    0.045147    0.101055    0.242139 ^ clkbuf_2_1__f_clk/X (sky130_fd_sc_hd__clkbuf_16)
                                                         clknet_2_1__leaf_clk (net)
                      0.045149    0.000273    0.242412 ^ _187_/CLK (sky130_fd_sc_hd__dfrtp_2)
     6    0.029428    0.112218    0.282657    0.525069 ^ _187_/Q (sky130_fd_sc_hd__dfrtp_2)
                                                         counter[0] (net)
                      0.112218    0.000320    0.525389 ^ _114_/A (sky130_fd_sc_hd__and4_2)
     8    0.038069    0.154732    0.231607    0.756996 ^ _114_/X (sky130_fd_sc_hd__and4_2)
                                                         _035_ (net)
                      0.154732    0.000561    0.757558 ^ _131_/B (sky130_fd_sc_hd__and4_2)
     7    0.025112    0.109035    0.208643    0.966200 ^ _131_/X (sky130_fd_sc_hd__and4_2)
                                                         _045_ (net)
                      0.109037    0.000716    0.966916 ^ _153_/B (sky130_fd_sc_hd__and4_2)
     6    0.035089    0.144164    0.226989    1.193904 ^ _153_/X (sky130_fd_sc_hd__and4_2)
                                                         _058_ (net)
                      0.144164    0.000635    1.194540 ^ _160_/B (sky130_fd_sc_hd__and3_2)
     2    0.008226    0.046164    0.136332    1.330872 ^ _160_/X (sky130_fd_sc_hd__and3_2)
                                                         _062_ (net)
                      0.046164    0.000071    1.330942 ^ _161_/B (sky130_fd_sc_hd__nor2_2)
     1    0.003915    0.027761    0.020186    1.351128 v _161_/Y (sky130_fd_sc_hd__nor2_2)
                                                         _014_ (net)
                      0.027761    0.000064    1.351193 v _209_/D (sky130_fd_sc_hd__dfrtp_2)
                                              1.351193   data arrival time

                                 10.000000   10.000000   clock clk (rise edge)
                                  0.000000   10.000000   clock source latency
     1    0.014902    0.054810    0.037065   10.037065 ^ clk (in)
                                                         clk (net)
                      0.054814    0.000000   10.037065 ^ clkbuf_0_clk/A (sky130_fd_sc_hd__clkbuf_16)
     4    0.039391    0.044772    0.103487   10.140552 ^ clkbuf_0_clk/X (sky130_fd_sc_hd__clkbuf_16)
                                                         clknet_0_clk (net)
                      0.044776    0.000433   10.140985 ^ clkbuf_2_3__f_clk/A (sky130_fd_sc_hd__clkbuf_16)
     9    0.033006    0.040361    0.097221   10.238205 ^ clkbuf_2_3__f_clk/X (sky130_fd_sc_hd__clkbuf_16)
                                                         clknet_2_3__leaf_clk (net)
                      0.040361    0.000224   10.238429 ^ _209_/CLK (sky130_fd_sc_hd__dfrtp_2)
                                 -0.250000    9.988429   clock uncertainty
                                  0.000000    9.988429   clock reconvergence pessimism
                                 -0.071347    9.917082   library setup time
                                              9.917082   data required time
---------------------------------------------------------------------------------------------
                                              9.917082   data required time
                                             -1.351193   data arrival time
---------------------------------------------------------------------------------------------
                                              8.565888   slack (MET)


Startpoint: _187_ (rising edge-triggered flip-flop clocked by clk)
Endpoint: _216_ (rising edge-triggered flip-flop clocked by clk)
Path Group: clk
Path Type: max

Fanout         Cap        Slew       Delay        Time   Description
---------------------------------------------------------------------------------------------
                                  0.000000    0.000000   clock clk (rise edge)
                                  0.000000    0.000000   clock source latency
     1    0.014902    0.054810    0.037065    0.037065 ^ clk (in)
                                                         clk (net)
                      0.054814    0.000000    0.037065 ^ clkbuf_0_clk/A (sky130_fd_sc_hd__clkbuf_16)
     4    0.039391    0.044772    0.103487    0.140551 ^ clkbuf_0_clk/X (sky130_fd_sc_hd__clkbuf_16)
                                                         clknet_0_clk (net)
                      0.044780    0.000533    0.141084 ^ clkbuf_2_1__f_clk/A (sky130_fd_sc_hd__clkbuf_16)
    13    0.039943    0.045147    0.101055    0.242139 ^ clkbuf_2_1__f_clk/X (sky130_fd_sc_hd__clkbuf_16)
                                                         clknet_2_1__leaf_clk (net)
                      0.045149    0.000273    0.242412 ^ _187_/CLK (sky130_fd_sc_hd__dfrtp_2)
     6    0.029428    0.112218    0.282657    0.525069 ^ _187_/Q (sky130_fd_sc_hd__dfrtp_2)
                                                         counter[0] (net)
                      0.112218    0.000320    0.525389 ^ _114_/A (sky130_fd_sc_hd__and4_2)
     8    0.038069    0.154732    0.231607    0.756996 ^ _114_/X (sky130_fd_sc_hd__and4_2)
                                                         _035_ (net)
                      0.154732    0.000561    0.757558 ^ _131_/B (sky130_fd_sc_hd__and4_2)
     7    0.025112    0.109035    0.208643    0.966200 ^ _131_/X (sky130_fd_sc_hd__and4_2)
                                                         _045_ (net)
                      0.109038    0.000736    0.966936 ^ _166_/B (sky130_fd_sc_hd__and4_2)
     3    0.010884    0.059741    0.159467    1.126404 ^ _166_/X (sky130_fd_sc_hd__and4_2)
                                                         _067_ (net)
                      0.059741    0.000177    1.126580 ^ _180_/A (sky130_fd_sc_hd__and3_2)
     2    0.013740    0.063912    0.131240    1.257821 ^ _180_/X (sky130_fd_sc_hd__and3_2)
                                                         _075_ (net)
                      0.063912    0.000227    1.258047 ^ _181_/B1_N (sky130_fd_sc_hd__o21ba_2)
     1    0.002994    0.025571    0.097929    1.355976 v _181_/X (sky130_fd_sc_hd__o21ba_2)
                                                         _021_ (net)
                      0.025571    0.000031    1.356007 v _216_/D (sky130_fd_sc_hd__dfrtp_2)
                                              1.356007   data arrival time

                                 10.000000   10.000000   clock clk (rise edge)
                                  0.000000   10.000000   clock source latency
     1    0.014902    0.054810    0.037065   10.037065 ^ clk (in)
                                                         clk (net)
                      0.054814    0.000000   10.037065 ^ clkbuf_0_clk/A (sky130_fd_sc_hd__clkbuf_16)
     4    0.039391    0.044772    0.103487   10.140552 ^ clkbuf_0_clk/X (sky130_fd_sc_hd__clkbuf_16)
                                                         clknet_0_clk (net)
                      0.044780    0.000533   10.141085 ^ clkbuf_2_1__f_clk/A (sky130_fd_sc_hd__clkbuf_16)
    13    0.039943    0.045147    0.101054   10.242139 ^ clkbuf_2_1__f_clk/X (sky130_fd_sc_hd__clkbuf_16)
                                                         clknet_2_1__leaf_clk (net)
                      0.045148    0.000234   10.242373 ^ _216_/CLK (sky130_fd_sc_hd__dfrtp_2)
                                 -0.250000    9.992373   clock uncertainty
                                  0.000000    9.992373   clock reconvergence pessimism
                                 -0.070105    9.922267   library setup time
                                              9.922267   data required time
---------------------------------------------------------------------------------------------
                                              9.922267   data required time
                                             -1.356007   data arrival time
---------------------------------------------------------------------------------------------
                                              8.566260   slack (MET)


Startpoint: _188_ (rising edge-triggered flip-flop clocked by clk)
Endpoint: _201_ (rising edge-triggered flip-flop clocked by clk)
Path Group: clk
Path Type: max

Fanout         Cap        Slew       Delay        Time   Description
---------------------------------------------------------------------------------------------
                                  0.000000    0.000000   clock clk (rise edge)
                                  0.000000    0.000000   clock source latency
     1    0.014902    0.054810    0.037065    0.037065 ^ clk (in)
                                                         clk (net)
                      0.054814    0.000000    0.037065 ^ clkbuf_0_clk/A (sky130_fd_sc_hd__clkbuf_16)
     4    0.039391    0.044772    0.103487    0.140551 ^ clkbuf_0_clk/X (sky130_fd_sc_hd__clkbuf_16)
                                                         clknet_0_clk (net)
                      0.044780    0.000533    0.141084 ^ clkbuf_2_1__f_clk/A (sky130_fd_sc_hd__clkbuf_16)
    13    0.039943    0.045147    0.101055    0.242139 ^ clkbuf_2_1__f_clk/X (sky130_fd_sc_hd__clkbuf_16)
                                                         clknet_2_1__leaf_clk (net)
                      0.045147    0.000181    0.242320 ^ _188_/CLK (sky130_fd_sc_hd__dfrtp_2)
     5    0.025847    0.065820    0.288800    0.531119 v _188_/Q (sky130_fd_sc_hd__dfrtp_2)
                                                         counter[1] (net)
                      0.065820    0.000121    0.531240 v _114_/B (sky130_fd_sc_hd__and4_2)
     8    0.035938    0.079418    0.196879    0.728119 v _114_/X (sky130_fd_sc_hd__and4_2)
                                                         _035_ (net)
                      0.079421    0.000529    0.728648 v _131_/B (sky130_fd_sc_hd__and4_2)
     7    0.023655    0.061130    0.183996    0.912644 v _131_/X (sky130_fd_sc_hd__and4_2)
                                                         _045_ (net)
                      0.061135    0.000627    0.913271 v _134_/B (sky130_fd_sc_hd__and2_2)
     5    0.027209    0.062910    0.170140    1.083411 v _134_/X (sky130_fd_sc_hd__and2_2)
                                                         _047_ (net)
                      0.062915    0.000631    1.084042 v _139_/C (sky130_fd_sc_hd__and3_2)
     2    0.014590    0.047575    0.167056    1.251098 v _139_/X (sky130_fd_sc_hd__and3_2)
                                                         _050_ (net)
                      0.047576    0.000135    1.251233 v _142_/B (sky130_fd_sc_hd__xor2_2)
     1    0.002308    0.033732    0.088504    1.339737 v _142_/X (sky130_fd_sc_hd__xor2_2)
                                                         _005_ (net)
                      0.033732    0.000020    1.339757 v _201_/D (sky130_fd_sc_hd__dfrtp_2)
                                              1.339757   data arrival time

                                 10.000000   10.000000   clock clk (rise edge)
                                  0.000000   10.000000   clock source latency
     1    0.014902    0.054810    0.037065   10.037065 ^ clk (in)
                                                         clk (net)
                      0.054814    0.000000   10.037065 ^ clkbuf_0_clk/A (sky130_fd_sc_hd__clkbuf_16)
     4    0.039391    0.044772    0.103487   10.140552 ^ clkbuf_0_clk/X (sky130_fd_sc_hd__clkbuf_16)
                                                         clknet_0_clk (net)
                      0.044776    0.000433   10.140985 ^ clkbuf_2_2__f_clk/A (sky130_fd_sc_hd__clkbuf_16)
    13    0.035445    0.042040    0.098590   10.239574 ^ clkbuf_2_2__f_clk/X (sky130_fd_sc_hd__clkbuf_16)
                                                         clknet_2_2__leaf_clk (net)
                      0.042040    0.000087   10.239662 ^ _201_/CLK (sky130_fd_sc_hd__dfrtp_2)
                                 -0.250000    9.989662   clock uncertainty
                                  0.000000    9.989662   clock reconvergence pessimism
                                 -0.073317    9.916345   library setup time
                                              9.916345   data required time
---------------------------------------------------------------------------------------------
                                              9.916345   data required time
                                             -1.339757   data arrival time
---------------------------------------------------------------------------------------------
                                              8.576588   slack (MET)


Startpoint: _187_ (rising edge-triggered flip-flop clocked by clk)
Endpoint: _212_ (rising edge-triggered flip-flop clocked by clk)
Path Group: clk
Path Type: max

Fanout         Cap        Slew       Delay        Time   Description
---------------------------------------------------------------------------------------------
                                  0.000000    0.000000   clock clk (rise edge)
                                  0.000000    0.000000   clock source latency
     1    0.014902    0.054810    0.037065    0.037065 ^ clk (in)
                                                         clk (net)
                      0.054814    0.000000    0.037065 ^ clkbuf_0_clk/A (sky130_fd_sc_hd__clkbuf_16)
     4    0.039391    0.044772    0.103487    0.140551 ^ clkbuf_0_clk/X (sky130_fd_sc_hd__clkbuf_16)
                                                         clknet_0_clk (net)
                      0.044780    0.000533    0.141084 ^ clkbuf_2_1__f_clk/A (sky130_fd_sc_hd__clkbuf_16)
    13    0.039943    0.045147    0.101055    0.242139 ^ clkbuf_2_1__f_clk/X (sky130_fd_sc_hd__clkbuf_16)
                                                         clknet_2_1__leaf_clk (net)
                      0.045149    0.000273    0.242412 ^ _187_/CLK (sky130_fd_sc_hd__dfrtp_2)
     6    0.029428    0.112218    0.282657    0.525069 ^ _187_/Q (sky130_fd_sc_hd__dfrtp_2)
                                                         counter[0] (net)
                      0.112218    0.000320    0.525389 ^ _114_/A (sky130_fd_sc_hd__and4_2)
     8    0.038069    0.154732    0.231607    0.756996 ^ _114_/X (sky130_fd_sc_hd__and4_2)
                                                         _035_ (net)
                      0.154732    0.000561    0.757558 ^ _131_/B (sky130_fd_sc_hd__and4_2)
     7    0.025112    0.109035    0.208643    0.966200 ^ _131_/X (sky130_fd_sc_hd__and4_2)
                                                         _045_ (net)
                      0.109038    0.000752    0.966952 ^ _164_/B (sky130_fd_sc_hd__and4_2)
     7    0.031955    0.132855    0.218855    1.185807 ^ _164_/X (sky130_fd_sc_hd__and4_2)
                                                         _065_ (net)
                      0.132855    0.000385    1.186193 ^ _170_/C (sky130_fd_sc_hd__and3_2)
     2    0.009675    0.050721    0.136837    1.323029 ^ _170_/X (sky130_fd_sc_hd__and3_2)
                                                         _069_ (net)
                      0.050721    0.000136    1.323165 ^ _171_/B (sky130_fd_sc_hd__nor2_2)
     1    0.002738    0.023135    0.017996    1.341161 v _171_/Y (sky130_fd_sc_hd__nor2_2)
                                                         _017_ (net)
                      0.023135    0.000029    1.341190 v _212_/D (sky130_fd_sc_hd__dfrtp_2)
                                              1.341190   data arrival time

                                 10.000000   10.000000   clock clk (rise edge)
                                  0.000000   10.000000   clock source latency
     1    0.014902    0.054810    0.037065   10.037065 ^ clk (in)
                                                         clk (net)
                      0.054814    0.000000   10.037065 ^ clkbuf_0_clk/A (sky130_fd_sc_hd__clkbuf_16)
     4    0.039391    0.044772    0.103487   10.140552 ^ clkbuf_0_clk/X (sky130_fd_sc_hd__clkbuf_16)
                                                         clknet_0_clk (net)
                      0.044776    0.000433   10.140985 ^ clkbuf_2_3__f_clk/A (sky130_fd_sc_hd__clkbuf_16)
     9    0.033006    0.040361    0.097221   10.238205 ^ clkbuf_2_3__f_clk/X (sky130_fd_sc_hd__clkbuf_16)
                                                         clknet_2_3__leaf_clk (net)
                      0.040361    0.000093   10.238298 ^ _212_/CLK (sky130_fd_sc_hd__dfrtp_2)
                                 -0.250000    9.988298   clock uncertainty
                                  0.000000    9.988298   clock reconvergence pessimism
                                 -0.069696    9.918603   library setup time
                                              9.918603   data required time
---------------------------------------------------------------------------------------------
                                              9.918603   data required time
                                             -1.341190   data arrival time
---------------------------------------------------------------------------------------------
                                              8.577413   slack (MET)


Startpoint: _187_ (rising edge-triggered flip-flop clocked by clk)
Endpoint: _205_ (rising edge-triggered flip-flop clocked by clk)
Path Group: clk
Path Type: max

Fanout         Cap        Slew       Delay        Time   Description
---------------------------------------------------------------------------------------------
                                  0.000000    0.000000   clock clk (rise edge)
                                  0.000000    0.000000   clock source latency
     1    0.014902    0.054810    0.037065    0.037065 ^ clk (in)
                                                         clk (net)
                      0.054814    0.000000    0.037065 ^ clkbuf_0_clk/A (sky130_fd_sc_hd__clkbuf_16)
     4    0.039391    0.044772    0.103487    0.140551 ^ clkbuf_0_clk/X (sky130_fd_sc_hd__clkbuf_16)
                                                         clknet_0_clk (net)
                      0.044780    0.000533    0.141084 ^ clkbuf_2_1__f_clk/A (sky130_fd_sc_hd__clkbuf_16)
    13    0.039943    0.045147    0.101055    0.242139 ^ clkbuf_2_1__f_clk/X (sky130_fd_sc_hd__clkbuf_16)
                                                         clknet_2_1__leaf_clk (net)
                      0.045149    0.000273    0.242412 ^ _187_/CLK (sky130_fd_sc_hd__dfrtp_2)
     6    0.029428    0.112218    0.282657    0.525069 ^ _187_/Q (sky130_fd_sc_hd__dfrtp_2)
                                                         counter[0] (net)
                      0.112218    0.000320    0.525389 ^ _114_/A (sky130_fd_sc_hd__and4_2)
     8    0.038069    0.154732    0.231607    0.756996 ^ _114_/X (sky130_fd_sc_hd__and4_2)
                                                         _035_ (net)
                      0.154732    0.000561    0.757558 ^ _131_/B (sky130_fd_sc_hd__and4_2)
     7    0.025112    0.109035    0.208643    0.966200 ^ _131_/X (sky130_fd_sc_hd__and4_2)
                                                         _045_ (net)
                      0.109036    0.000627    0.966827 ^ _144_/B (sky130_fd_sc_hd__and3_2)
     5    0.027316    0.110471    0.181768    1.148595 ^ _144_/X (sky130_fd_sc_hd__and3_2)
                                                         _053_ (net)
                      0.110471    0.000327    1.148921 ^ _150_/D (sky130_fd_sc_hd__and4_2)
     2    0.011670    0.062748    0.162548    1.311469 ^ _150_/X (sky130_fd_sc_hd__and4_2)
                                                         _056_ (net)
                      0.062748    0.000199    1.311668 ^ _151_/B (sky130_fd_sc_hd__nor2_2)
     1    0.003563    0.031788    0.020072    1.331740 v _151_/Y (sky130_fd_sc_hd__nor2_2)
                                                         _009_ (net)
                      0.031788    0.000051    1.331791 v _205_/D (sky130_fd_sc_hd__dfrtp_2)
                                              1.331791   data arrival time

                                 10.000000   10.000000   clock clk (rise edge)
                                  0.000000   10.000000   clock source latency
     1    0.014902    0.054810    0.037065   10.037065 ^ clk (in)
                                                         clk (net)
                      0.054814    0.000000   10.037065 ^ clkbuf_0_clk/A (sky130_fd_sc_hd__clkbuf_16)
     4    0.039391    0.044772    0.103487   10.140552 ^ clkbuf_0_clk/X (sky130_fd_sc_hd__clkbuf_16)
                                                         clknet_0_clk (net)
                      0.044776    0.000433   10.140985 ^ clkbuf_2_2__f_clk/A (sky130_fd_sc_hd__clkbuf_16)
    13    0.035445    0.042040    0.098590   10.239574 ^ clkbuf_2_2__f_clk/X (sky130_fd_sc_hd__clkbuf_16)
                                                         clknet_2_2__leaf_clk (net)
                      0.042040    0.000195   10.239770 ^ _205_/CLK (sky130_fd_sc_hd__dfrtp_2)
                                 -0.250000    9.989770   clock uncertainty
                                  0.000000    9.989770   clock reconvergence pessimism
                                 -0.072623    9.917147   library setup time
                                              9.917147   data required time
---------------------------------------------------------------------------------------------
                                              9.917147   data required time
                                             -1.331791   data arrival time
---------------------------------------------------------------------------------------------
                                              8.585355   slack (MET)


Startpoint: _187_ (rising edge-triggered flip-flop clocked by clk)
Endpoint: _217_ (rising edge-triggered flip-flop clocked by clk)
Path Group: clk
Path Type: max

Fanout         Cap        Slew       Delay        Time   Description
---------------------------------------------------------------------------------------------
                                  0.000000    0.000000   clock clk (rise edge)
                                  0.000000    0.000000   clock source latency
     1    0.014902    0.054810    0.037065    0.037065 ^ clk (in)
                                                         clk (net)
                      0.054814    0.000000    0.037065 ^ clkbuf_0_clk/A (sky130_fd_sc_hd__clkbuf_16)
     4    0.039391    0.044772    0.103487    0.140551 ^ clkbuf_0_clk/X (sky130_fd_sc_hd__clkbuf_16)
                                                         clknet_0_clk (net)
                      0.044780    0.000533    0.141084 ^ clkbuf_2_1__f_clk/A (sky130_fd_sc_hd__clkbuf_16)
    13    0.039943    0.045147    0.101055    0.242139 ^ clkbuf_2_1__f_clk/X (sky130_fd_sc_hd__clkbuf_16)
                                                         clknet_2_1__leaf_clk (net)
                      0.045149    0.000273    0.242412 ^ _187_/CLK (sky130_fd_sc_hd__dfrtp_2)
     6    0.029428    0.112218    0.282657    0.525069 ^ _187_/Q (sky130_fd_sc_hd__dfrtp_2)
                                                         counter[0] (net)
                      0.112218    0.000320    0.525389 ^ _114_/A (sky130_fd_sc_hd__and4_2)
     8    0.038069    0.154732    0.231607    0.756996 ^ _114_/X (sky130_fd_sc_hd__and4_2)
                                                         _035_ (net)
                      0.154732    0.000561    0.757558 ^ _131_/B (sky130_fd_sc_hd__and4_2)
     7    0.025112    0.109035    0.208643    0.966200 ^ _131_/X (sky130_fd_sc_hd__and4_2)
                                                         _045_ (net)
                      0.109038    0.000736    0.966936 ^ _166_/B (sky130_fd_sc_hd__and4_2)
     3    0.010884    0.059741    0.159467    1.126404 ^ _166_/X (sky130_fd_sc_hd__and4_2)
                                                         _067_ (net)
                      0.059741    0.000177    1.126580 ^ _180_/A (sky130_fd_sc_hd__and3_2)
     2    0.013740    0.063912    0.131240    1.257821 ^ _180_/X (sky130_fd_sc_hd__and3_2)
                                                         _075_ (net)
                      0.063912    0.000218    1.258039 ^ _183_/B (sky130_fd_sc_hd__xor2_2)
     1    0.003302    0.073127    0.083590    1.341629 ^ _183_/X (sky130_fd_sc_hd__xor2_2)
                                                         _023_ (net)
                      0.073127    0.000040    1.341669 ^ _217_/D (sky130_fd_sc_hd__dfrtp_2)
                                              1.341669   data arrival time

                                 10.000000   10.000000   clock clk (rise edge)
                                  0.000000   10.000000   clock source latency
     1    0.014902    0.054810    0.037065   10.037065 ^ clk (in)
                                                         clk (net)
                      0.054814    0.000000   10.037065 ^ clkbuf_0_clk/A (sky130_fd_sc_hd__clkbuf_16)
     4    0.039391    0.044772    0.103487   10.140552 ^ clkbuf_0_clk/X (sky130_fd_sc_hd__clkbuf_16)
                                                         clknet_0_clk (net)
                      0.044780    0.000533   10.141085 ^ clkbuf_2_1__f_clk/A (sky130_fd_sc_hd__clkbuf_16)
    13    0.039943    0.045147    0.101054   10.242139 ^ clkbuf_2_1__f_clk/X (sky130_fd_sc_hd__clkbuf_16)
                                                         clknet_2_1__leaf_clk (net)
                      0.045147    0.000175   10.242314 ^ _217_/CLK (sky130_fd_sc_hd__dfrtp_2)
                                 -0.250000    9.992314   clock uncertainty
                                  0.000000    9.992314   clock reconvergence pessimism
                                 -0.040091    9.952223   library setup time
                                              9.952223   data required time
---------------------------------------------------------------------------------------------
                                              9.952223   data required time
                                             -1.341669   data arrival time
---------------------------------------------------------------------------------------------
                                              8.610554   slack (MET)


Startpoint: _187_ (rising edge-triggered flip-flop clocked by clk)
Endpoint: _200_ (rising edge-triggered flip-flop clocked by clk)
Path Group: clk
Path Type: max

Fanout         Cap        Slew       Delay        Time   Description
---------------------------------------------------------------------------------------------
                                  0.000000    0.000000   clock clk (rise edge)
                                  0.000000    0.000000   clock source latency
     1    0.014902    0.054810    0.037065    0.037065 ^ clk (in)
                                                         clk (net)
                      0.054814    0.000000    0.037065 ^ clkbuf_0_clk/A (sky130_fd_sc_hd__clkbuf_16)
     4    0.039391    0.044772    0.103487    0.140551 ^ clkbuf_0_clk/X (sky130_fd_sc_hd__clkbuf_16)
                                                         clknet_0_clk (net)
                      0.044780    0.000533    0.141084 ^ clkbuf_2_1__f_clk/A (sky130_fd_sc_hd__clkbuf_16)
    13    0.039943    0.045147    0.101055    0.242139 ^ clkbuf_2_1__f_clk/X (sky130_fd_sc_hd__clkbuf_16)
                                                         clknet_2_1__leaf_clk (net)
                      0.045149    0.000273    0.242412 ^ _187_/CLK (sky130_fd_sc_hd__dfrtp_2)
     6    0.029428    0.112218    0.282657    0.525069 ^ _187_/Q (sky130_fd_sc_hd__dfrtp_2)
                                                         counter[0] (net)
                      0.112218    0.000320    0.525389 ^ _114_/A (sky130_fd_sc_hd__and4_2)
     8    0.038069    0.154732    0.231607    0.756996 ^ _114_/X (sky130_fd_sc_hd__and4_2)
                                                         _035_ (net)
                      0.154732    0.000561    0.757558 ^ _131_/B (sky130_fd_sc_hd__and4_2)
     7    0.025112    0.109035    0.208643    0.966200 ^ _131_/X (sky130_fd_sc_hd__and4_2)
                                                         _045_ (net)
                      0.109037    0.000666    0.966866 ^ _134_/B (sky130_fd_sc_hd__and2_2)
     5    0.029046    0.116493    0.166918    1.133784 ^ _134_/X (sky130_fd_sc_hd__and2_2)
                                                         _047_ (net)
                      0.116495    0.000672    1.134456 ^ _139_/C (sky130_fd_sc_hd__and3_2)
     2    0.015911    0.071256    0.152755    1.287211 ^ _139_/X (sky130_fd_sc_hd__and3_2)
                                                         _050_ (net)
                      0.071256    0.000244    1.287455 ^ _140_/B (sky130_fd_sc_hd__nor2_2)
     1    0.002567    0.023432    0.017168    1.304623 v _140_/Y (sky130_fd_sc_hd__nor2_2)
                                                         _004_ (net)
                      0.023432    0.000024    1.304647 v _200_/D (sky130_fd_sc_hd__dfrtp_2)
                                              1.304647   data arrival time

                                 10.000000   10.000000   clock clk (rise edge)
                                  0.000000   10.000000   clock source latency
     1    0.014902    0.054810    0.037065   10.037065 ^ clk (in)
                                                         clk (net)
                      0.054814    0.000000   10.037065 ^ clkbuf_0_clk/A (sky130_fd_sc_hd__clkbuf_16)
     4    0.039391    0.044772    0.103487   10.140552 ^ clkbuf_0_clk/X (sky130_fd_sc_hd__clkbuf_16)
                                                         clknet_0_clk (net)
                      0.044776    0.000433   10.140985 ^ clkbuf_2_2__f_clk/A (sky130_fd_sc_hd__clkbuf_16)
    13    0.035445    0.042040    0.098590   10.239574 ^ clkbuf_2_2__f_clk/X (sky130_fd_sc_hd__clkbuf_16)
                                                         clknet_2_2__leaf_clk (net)
                      0.042040    0.000097   10.239672 ^ _200_/CLK (sky130_fd_sc_hd__dfrtp_2)
                                 -0.250000    9.989672   clock uncertainty
                                  0.000000    9.989672   clock reconvergence pessimism
                                 -0.069641    9.920032   library setup time
                                              9.920032   data required time
---------------------------------------------------------------------------------------------
                                              9.920032   data required time
                                             -1.304647   data arrival time
---------------------------------------------------------------------------------------------
                                              8.615384   slack (MET)


Startpoint: _187_ (rising edge-triggered flip-flop clocked by clk)
Endpoint: _215_ (rising edge-triggered flip-flop clocked by clk)
Path Group: clk
Path Type: max

Fanout         Cap        Slew       Delay        Time   Description
---------------------------------------------------------------------------------------------
                                  0.000000    0.000000   clock clk (rise edge)
                                  0.000000    0.000000   clock source latency
     1    0.014902    0.054810    0.037065    0.037065 ^ clk (in)
                                                         clk (net)
                      0.054814    0.000000    0.037065 ^ clkbuf_0_clk/A (sky130_fd_sc_hd__clkbuf_16)
     4    0.039391    0.044772    0.103487    0.140551 ^ clkbuf_0_clk/X (sky130_fd_sc_hd__clkbuf_16)
                                                         clknet_0_clk (net)
                      0.044780    0.000533    0.141084 ^ clkbuf_2_1__f_clk/A (sky130_fd_sc_hd__clkbuf_16)
    13    0.039943    0.045147    0.101055    0.242139 ^ clkbuf_2_1__f_clk/X (sky130_fd_sc_hd__clkbuf_16)
                                                         clknet_2_1__leaf_clk (net)
                      0.045149    0.000273    0.242412 ^ _187_/CLK (sky130_fd_sc_hd__dfrtp_2)
     6    0.029428    0.112218    0.282657    0.525069 ^ _187_/Q (sky130_fd_sc_hd__dfrtp_2)
                                                         counter[0] (net)
                      0.112218    0.000320    0.525389 ^ _114_/A (sky130_fd_sc_hd__and4_2)
     8    0.038069    0.154732    0.231607    0.756996 ^ _114_/X (sky130_fd_sc_hd__and4_2)
                                                         _035_ (net)
                      0.154732    0.000561    0.757558 ^ _131_/B (sky130_fd_sc_hd__and4_2)
     7    0.025112    0.109035    0.208643    0.966200 ^ _131_/X (sky130_fd_sc_hd__and4_2)
                                                         _045_ (net)
                      0.109038    0.000736    0.966936 ^ _166_/B (sky130_fd_sc_hd__and4_2)
     3    0.010884    0.059741    0.159467    1.126404 ^ _166_/X (sky130_fd_sc_hd__and4_2)
                                                         _067_ (net)
                      0.059741    0.000142    1.126545 ^ _177_/B (sky130_fd_sc_hd__and3_2)
     2    0.014076    0.064710    0.136359    1.262904 ^ _177_/X (sky130_fd_sc_hd__and3_2)
                                                         _073_ (net)
                      0.064711    0.000418    1.263322 ^ _178_/B (sky130_fd_sc_hd__nor2_2)
     1    0.005358    0.030769    0.023630    1.286952 v _178_/Y (sky130_fd_sc_hd__nor2_2)
                                                         _020_ (net)
                      0.030769    0.000113    1.287065 v _215_/D (sky130_fd_sc_hd__dfrtp_2)
                                              1.287065   data arrival time

                                 10.000000   10.000000   clock clk (rise edge)
                                  0.000000   10.000000   clock source latency
     1    0.014902    0.054810    0.037065   10.037065 ^ clk (in)
                                                         clk (net)
                      0.054814    0.000000   10.037065 ^ clkbuf_0_clk/A (sky130_fd_sc_hd__clkbuf_16)
     4    0.039391    0.044772    0.103487   10.140552 ^ clkbuf_0_clk/X (sky130_fd_sc_hd__clkbuf_16)
                                                         clknet_0_clk (net)
                      0.044780    0.000533   10.141085 ^ clkbuf_2_1__f_clk/A (sky130_fd_sc_hd__clkbuf_16)
    13    0.039943    0.045147    0.101054   10.242139 ^ clkbuf_2_1__f_clk/X (sky130_fd_sc_hd__clkbuf_16)
                                                         clknet_2_1__leaf_clk (net)
                      0.045148    0.000258   10.242396 ^ _215_/CLK (sky130_fd_sc_hd__dfrtp_2)
                                 -0.250000    9.992396   clock uncertainty
                                  0.000000    9.992396   clock reconvergence pessimism
                                 -0.071961    9.920436   library setup time
                                              9.920436   data required time
---------------------------------------------------------------------------------------------
                                              9.920436   data required time
                                             -1.287065   data arrival time
---------------------------------------------------------------------------------------------
                                              8.633371   slack (MET)


Startpoint: _187_ (rising edge-triggered flip-flop clocked by clk)
Endpoint: _204_ (rising edge-triggered flip-flop clocked by clk)
Path Group: clk
Path Type: max

Fanout         Cap        Slew       Delay        Time   Description
---------------------------------------------------------------------------------------------
                                  0.000000    0.000000   clock clk (rise edge)
                                  0.000000    0.000000   clock source latency
     1    0.014902    0.054810    0.037065    0.037065 ^ clk (in)
                                                         clk (net)
                      0.054814    0.000000    0.037065 ^ clkbuf_0_clk/A (sky130_fd_sc_hd__clkbuf_16)
     4    0.039391    0.044772    0.103487    0.140551 ^ clkbuf_0_clk/X (sky130_fd_sc_hd__clkbuf_16)
                                                         clknet_0_clk (net)
                      0.044780    0.000533    0.141084 ^ clkbuf_2_1__f_clk/A (sky130_fd_sc_hd__clkbuf_16)
    13    0.039943    0.045147    0.101055    0.242139 ^ clkbuf_2_1__f_clk/X (sky130_fd_sc_hd__clkbuf_16)
                                                         clknet_2_1__leaf_clk (net)
                      0.045149    0.000273    0.242412 ^ _187_/CLK (sky130_fd_sc_hd__dfrtp_2)
     6    0.029428    0.112218    0.282657    0.525069 ^ _187_/Q (sky130_fd_sc_hd__dfrtp_2)
                                                         counter[0] (net)
                      0.112218    0.000320    0.525389 ^ _114_/A (sky130_fd_sc_hd__and4_2)
     8    0.038069    0.154732    0.231607    0.756996 ^ _114_/X (sky130_fd_sc_hd__and4_2)
                                                         _035_ (net)
                      0.154732    0.000561    0.757558 ^ _131_/B (sky130_fd_sc_hd__and4_2)
     7    0.025112    0.109035    0.208643    0.966200 ^ _131_/X (sky130_fd_sc_hd__and4_2)
                                                         _045_ (net)
                      0.109036    0.000627    0.966827 ^ _144_/B (sky130_fd_sc_hd__and3_2)
     5    0.027316    0.110471    0.181768    1.148595 ^ _144_/X (sky130_fd_sc_hd__and3_2)
                                                         _053_ (net)
                      0.110471    0.000348    1.148943 ^ _146_/B (sky130_fd_sc_hd__nand2_2)
     1    0.008515    0.047299    0.046646    1.195589 v _146_/Y (sky130_fd_sc_hd__nand2_2)
                                                         _054_ (net)
                      0.047299    0.000084    1.195672 v _148_/B (sky130_fd_sc_hd__xnor2_2)
     1    0.002525    0.031333    0.081681    1.277354 v _148_/Y (sky130_fd_sc_hd__xnor2_2)
                                                         _008_ (net)
                      0.031333    0.000025    1.277378 v _204_/D (sky130_fd_sc_hd__dfrtp_2)
                                              1.277378   data arrival time

                                 10.000000   10.000000   clock clk (rise edge)
                                  0.000000   10.000000   clock source latency
     1    0.014902    0.054810    0.037065   10.037065 ^ clk (in)
                                                         clk (net)
                      0.054814    0.000000   10.037065 ^ clkbuf_0_clk/A (sky130_fd_sc_hd__clkbuf_16)
     4    0.039391    0.044772    0.103487   10.140552 ^ clkbuf_0_clk/X (sky130_fd_sc_hd__clkbuf_16)
                                                         clknet_0_clk (net)
                      0.044776    0.000433   10.140985 ^ clkbuf_2_2__f_clk/A (sky130_fd_sc_hd__clkbuf_16)
    13    0.035445    0.042040    0.098590   10.239574 ^ clkbuf_2_2__f_clk/X (sky130_fd_sc_hd__clkbuf_16)
                                                         clknet_2_2__leaf_clk (net)
                      0.042040    0.000234   10.239809 ^ _204_/CLK (sky130_fd_sc_hd__dfrtp_2)
                                 -0.250000    9.989809   clock uncertainty
                                  0.000000    9.989809   clock reconvergence pessimism
                                 -0.072461    9.917348   library setup time
                                              9.917348   data required time
---------------------------------------------------------------------------------------------
                                              9.917348   data required time
                                             -1.277378   data arrival time
---------------------------------------------------------------------------------------------
                                              8.639970   slack (MET)


Startpoint: _187_ (rising edge-triggered flip-flop clocked by clk)
Endpoint: _208_ (rising edge-triggered flip-flop clocked by clk)
Path Group: clk
Path Type: max

Fanout         Cap        Slew       Delay        Time   Description
---------------------------------------------------------------------------------------------
                                  0.000000    0.000000   clock clk (rise edge)
                                  0.000000    0.000000   clock source latency
     1    0.014902    0.054810    0.037065    0.037065 ^ clk (in)
                                                         clk (net)
                      0.054814    0.000000    0.037065 ^ clkbuf_0_clk/A (sky130_fd_sc_hd__clkbuf_16)
     4    0.039391    0.044772    0.103487    0.140551 ^ clkbuf_0_clk/X (sky130_fd_sc_hd__clkbuf_16)
                                                         clknet_0_clk (net)
                      0.044780    0.000533    0.141084 ^ clkbuf_2_1__f_clk/A (sky130_fd_sc_hd__clkbuf_16)
    13    0.039943    0.045147    0.101055    0.242139 ^ clkbuf_2_1__f_clk/X (sky130_fd_sc_hd__clkbuf_16)
                                                         clknet_2_1__leaf_clk (net)
                      0.045149    0.000273    0.242412 ^ _187_/CLK (sky130_fd_sc_hd__dfrtp_2)
     6    0.029428    0.112218    0.282657    0.525069 ^ _187_/Q (sky130_fd_sc_hd__dfrtp_2)
                                                         counter[0] (net)
                      0.112218    0.000320    0.525389 ^ _114_/A (sky130_fd_sc_hd__and4_2)
     8    0.038069    0.154732    0.231607    0.756996 ^ _114_/X (sky130_fd_sc_hd__and4_2)
                                                         _035_ (net)
                      0.154732    0.000561    0.757558 ^ _131_/B (sky130_fd_sc_hd__and4_2)
     7    0.025112    0.109035    0.208643    0.966200 ^ _131_/X (sky130_fd_sc_hd__and4_2)
                                                         _045_ (net)
                      0.109037    0.000716    0.966916 ^ _153_/B (sky130_fd_sc_hd__and4_2)
     6    0.035089    0.144164    0.226989    1.193904 ^ _153_/X (sky130_fd_sc_hd__and4_2)
                                                         _058_ (net)
                      0.144169    0.001072    1.194977 ^ _156_/A2 (sky130_fd_sc_hd__a21oi_2)
     1    0.005083    0.039400    0.043175    1.238152 v _156_/Y (sky130_fd_sc_hd__a21oi_2)
                                                         _059_ (net)
                      0.039400    0.000054    1.238205 v _158_/B1 (sky130_fd_sc_hd__a21oi_2)
     1    0.003000    0.059932    0.045904    1.284109 ^ _158_/Y (sky130_fd_sc_hd__a21oi_2)
                                                         _013_ (net)
                      0.059932    0.000034    1.284143 ^ _208_/D (sky130_fd_sc_hd__dfrtp_2)
                                              1.284143   data arrival time

                                 10.000000   10.000000   clock clk (rise edge)
                                  0.000000   10.000000   clock source latency
     1    0.014902    0.054810    0.037065   10.037065 ^ clk (in)
                                                         clk (net)
                      0.054814    0.000000   10.037065 ^ clkbuf_0_clk/A (sky130_fd_sc_hd__clkbuf_16)
     4    0.039391    0.044772    0.103487   10.140552 ^ clkbuf_0_clk/X (sky130_fd_sc_hd__clkbuf_16)
                                                         clknet_0_clk (net)
                      0.044776    0.000433   10.140985 ^ clkbuf_2_3__f_clk/A (sky130_fd_sc_hd__clkbuf_16)
     9    0.033006    0.040361    0.097221   10.238205 ^ clkbuf_2_3__f_clk/X (sky130_fd_sc_hd__clkbuf_16)
                                                         clknet_2_3__leaf_clk (net)
                      0.040361    0.000252   10.238458 ^ _208_/CLK (sky130_fd_sc_hd__dfrtp_2)
                                 -0.250000    9.988458   clock uncertainty
                                  0.000000    9.988458   clock reconvergence pessimism
                                 -0.038939    9.949518   library setup time
                                              9.949518   data required time
---------------------------------------------------------------------------------------------
                                              9.949518   data required time
                                             -1.284143   data arrival time
---------------------------------------------------------------------------------------------
                                              8.665376   slack (MET)


Startpoint: _187_ (rising edge-triggered flip-flop clocked by clk)
Endpoint: _207_ (rising edge-triggered flip-flop clocked by clk)
Path Group: clk
Path Type: max

Fanout         Cap        Slew       Delay        Time   Description
---------------------------------------------------------------------------------------------
                                  0.000000    0.000000   clock clk (rise edge)
                                  0.000000    0.000000   clock source latency
     1    0.014902    0.054810    0.037065    0.037065 ^ clk (in)
                                                         clk (net)
                      0.054814    0.000000    0.037065 ^ clkbuf_0_clk/A (sky130_fd_sc_hd__clkbuf_16)
     4    0.039391    0.044772    0.103487    0.140551 ^ clkbuf_0_clk/X (sky130_fd_sc_hd__clkbuf_16)
                                                         clknet_0_clk (net)
                      0.044780    0.000533    0.141084 ^ clkbuf_2_1__f_clk/A (sky130_fd_sc_hd__clkbuf_16)
    13    0.039943    0.045147    0.101055    0.242139 ^ clkbuf_2_1__f_clk/X (sky130_fd_sc_hd__clkbuf_16)
                                                         clknet_2_1__leaf_clk (net)
                      0.045149    0.000273    0.242412 ^ _187_/CLK (sky130_fd_sc_hd__dfrtp_2)
     6    0.029428    0.112218    0.282657    0.525069 ^ _187_/Q (sky130_fd_sc_hd__dfrtp_2)
                                                         counter[0] (net)
                      0.112218    0.000320    0.525389 ^ _114_/A (sky130_fd_sc_hd__and4_2)
     8    0.038069    0.154732    0.231607    0.756996 ^ _114_/X (sky130_fd_sc_hd__and4_2)
                                                         _035_ (net)
                      0.154732    0.000561    0.757558 ^ _131_/B (sky130_fd_sc_hd__and4_2)
     7    0.025112    0.109035    0.208643    0.966200 ^ _131_/X (sky130_fd_sc_hd__and4_2)
                                                         _045_ (net)
                      0.109037    0.000716    0.966916 ^ _153_/B (sky130_fd_sc_hd__and4_2)
     6    0.035089    0.144164    0.226989    1.193904 ^ _153_/X (sky130_fd_sc_hd__and4_2)
                                                         _058_ (net)
                      0.144170    0.001134    1.195038 ^ _155_/B (sky130_fd_sc_hd__xor2_2)
     1    0.002410    0.066055    0.078441    1.273479 ^ _155_/X (sky130_fd_sc_hd__xor2_2)
                                                         _012_ (net)
                      0.066055    0.000021    1.273501 ^ _207_/D (sky130_fd_sc_hd__dfrtp_2)
                                              1.273501   data arrival time

                                 10.000000   10.000000   clock clk (rise edge)
                                  0.000000   10.000000   clock source latency
     1    0.014902    0.054810    0.037065   10.037065 ^ clk (in)
                                                         clk (net)
                      0.054814    0.000000   10.037065 ^ clkbuf_0_clk/A (sky130_fd_sc_hd__clkbuf_16)
     4    0.039391    0.044772    0.103487   10.140552 ^ clkbuf_0_clk/X (sky130_fd_sc_hd__clkbuf_16)
                                                         clknet_0_clk (net)
                      0.044776    0.000433   10.140985 ^ clkbuf_2_3__f_clk/A (sky130_fd_sc_hd__clkbuf_16)
     9    0.033006    0.040361    0.097221   10.238205 ^ clkbuf_2_3__f_clk/X (sky130_fd_sc_hd__clkbuf_16)
                                                         clknet_2_3__leaf_clk (net)
                      0.040361    0.000260   10.238465 ^ _207_/CLK (sky130_fd_sc_hd__dfrtp_2)
                                 -0.250000    9.988465   clock uncertainty
                                  0.000000    9.988465   clock reconvergence pessimism
                                 -0.039562    9.948903   library setup time
                                              9.948903   data required time
---------------------------------------------------------------------------------------------
                                              9.948903   data required time
                                             -1.273501   data arrival time
---------------------------------------------------------------------------------------------
                                              8.675403   slack (MET)


Startpoint: _187_ (rising edge-triggered flip-flop clocked by clk)
Endpoint: _211_ (rising edge-triggered flip-flop clocked by clk)
Path Group: clk
Path Type: max

Fanout         Cap        Slew       Delay        Time   Description
---------------------------------------------------------------------------------------------
                                  0.000000    0.000000   clock clk (rise edge)
                                  0.000000    0.000000   clock source latency
     1    0.014902    0.054810    0.037065    0.037065 ^ clk (in)
                                                         clk (net)
                      0.054814    0.000000    0.037065 ^ clkbuf_0_clk/A (sky130_fd_sc_hd__clkbuf_16)
     4    0.039391    0.044772    0.103487    0.140551 ^ clkbuf_0_clk/X (sky130_fd_sc_hd__clkbuf_16)
                                                         clknet_0_clk (net)
                      0.044780    0.000533    0.141084 ^ clkbuf_2_1__f_clk/A (sky130_fd_sc_hd__clkbuf_16)
    13    0.039943    0.045147    0.101055    0.242139 ^ clkbuf_2_1__f_clk/X (sky130_fd_sc_hd__clkbuf_16)
                                                         clknet_2_1__leaf_clk (net)
                      0.045149    0.000273    0.242412 ^ _187_/CLK (sky130_fd_sc_hd__dfrtp_2)
     6    0.029428    0.112218    0.282657    0.525069 ^ _187_/Q (sky130_fd_sc_hd__dfrtp_2)
                                                         counter[0] (net)
                      0.112218    0.000320    0.525389 ^ _114_/A (sky130_fd_sc_hd__and4_2)
     8    0.038069    0.154732    0.231607    0.756996 ^ _114_/X (sky130_fd_sc_hd__and4_2)
                                                         _035_ (net)
                      0.154732    0.000561    0.757558 ^ _131_/B (sky130_fd_sc_hd__and4_2)
     7    0.025112    0.109035    0.208643    0.966200 ^ _131_/X (sky130_fd_sc_hd__and4_2)
                                                         _045_ (net)
                      0.109038    0.000752    0.966952 ^ _164_/B (sky130_fd_sc_hd__and4_2)
     7    0.031955    0.132855    0.218855    1.185807 ^ _164_/X (sky130_fd_sc_hd__and4_2)
                                                         _065_ (net)
                      0.132855    0.000568    1.186376 ^ _168_/B (sky130_fd_sc_hd__xor2_2)
     1    0.002584    0.067882    0.080078    1.266454 ^ _168_/X (sky130_fd_sc_hd__xor2_2)
                                                         _016_ (net)
                      0.067882    0.000024    1.266478 ^ _211_/D (sky130_fd_sc_hd__dfrtp_2)
                                              1.266478   data arrival time

                                 10.000000   10.000000   clock clk (rise edge)
                                  0.000000   10.000000   clock source latency
     1    0.014902    0.054810    0.037065   10.037065 ^ clk (in)
                                                         clk (net)
                      0.054814    0.000000   10.037065 ^ clkbuf_0_clk/A (sky130_fd_sc_hd__clkbuf_16)
     4    0.039391    0.044772    0.103487   10.140552 ^ clkbuf_0_clk/X (sky130_fd_sc_hd__clkbuf_16)
                                                         clknet_0_clk (net)
                      0.044776    0.000433   10.140985 ^ clkbuf_2_3__f_clk/A (sky130_fd_sc_hd__clkbuf_16)
     9    0.033006    0.040361    0.097221   10.238205 ^ clkbuf_2_3__f_clk/X (sky130_fd_sc_hd__clkbuf_16)
                                                         clknet_2_3__leaf_clk (net)
                      0.040361    0.000076   10.238281 ^ _211_/CLK (sky130_fd_sc_hd__dfrtp_2)
                                 -0.250000    9.988281   clock uncertainty
                                  0.000000    9.988281   clock reconvergence pessimism
                                 -0.039748    9.948534   library setup time
                                              9.948534   data required time
---------------------------------------------------------------------------------------------
                                              9.948534   data required time
                                             -1.266478   data arrival time
---------------------------------------------------------------------------------------------
                                              8.682055   slack (MET)


Startpoint: _187_ (rising edge-triggered flip-flop clocked by clk)
Endpoint: _203_ (rising edge-triggered flip-flop clocked by clk)
Path Group: clk
Path Type: max

Fanout         Cap        Slew       Delay        Time   Description
---------------------------------------------------------------------------------------------
                                  0.000000    0.000000   clock clk (rise edge)
                                  0.000000    0.000000   clock source latency
     1    0.014902    0.054810    0.037065    0.037065 ^ clk (in)
                                                         clk (net)
                      0.054814    0.000000    0.037065 ^ clkbuf_0_clk/A (sky130_fd_sc_hd__clkbuf_16)
     4    0.039391    0.044772    0.103487    0.140551 ^ clkbuf_0_clk/X (sky130_fd_sc_hd__clkbuf_16)
                                                         clknet_0_clk (net)
                      0.044780    0.000533    0.141084 ^ clkbuf_2_1__f_clk/A (sky130_fd_sc_hd__clkbuf_16)
    13    0.039943    0.045147    0.101055    0.242139 ^ clkbuf_2_1__f_clk/X (sky130_fd_sc_hd__clkbuf_16)
                                                         clknet_2_1__leaf_clk (net)
                      0.045149    0.000273    0.242412 ^ _187_/CLK (sky130_fd_sc_hd__dfrtp_2)
     6    0.029428    0.112218    0.282657    0.525069 ^ _187_/Q (sky130_fd_sc_hd__dfrtp_2)
                                                         counter[0] (net)
                      0.112218    0.000320    0.525389 ^ _114_/A (sky130_fd_sc_hd__and4_2)
     8    0.038069    0.154732    0.231607    0.756996 ^ _114_/X (sky130_fd_sc_hd__and4_2)
                                                         _035_ (net)
                      0.154732    0.000561    0.757558 ^ _131_/B (sky130_fd_sc_hd__and4_2)
     7    0.025112    0.109035    0.208643    0.966200 ^ _131_/X (sky130_fd_sc_hd__and4_2)
                                                         _045_ (net)
                      0.109036    0.000627    0.966827 ^ _144_/B (sky130_fd_sc_hd__and3_2)
     5    0.027316    0.110471    0.181768    1.148595 ^ _144_/X (sky130_fd_sc_hd__and3_2)
                                                         _053_ (net)
                      0.110471    0.000434    1.149029 ^ _147_/B (sky130_fd_sc_hd__xor2_2)
     1    0.002835    0.069910    0.081859    1.230887 ^ _147_/X (sky130_fd_sc_hd__xor2_2)
                                                         _007_ (net)
                      0.069910    0.000031    1.230918 ^ _203_/D (sky130_fd_sc_hd__dfrtp_2)
                                              1.230918   data arrival time

                                 10.000000   10.000000   clock clk (rise edge)
                                  0.000000   10.000000   clock source latency
     1    0.014902    0.054810    0.037065   10.037065 ^ clk (in)
                                                         clk (net)
                      0.054814    0.000000   10.037065 ^ clkbuf_0_clk/A (sky130_fd_sc_hd__clkbuf_16)
     4    0.039391    0.044772    0.103487   10.140552 ^ clkbuf_0_clk/X (sky130_fd_sc_hd__clkbuf_16)
                                                         clknet_0_clk (net)
                      0.044776    0.000433   10.140985 ^ clkbuf_2_2__f_clk/A (sky130_fd_sc_hd__clkbuf_16)
    13    0.035445    0.042040    0.098590   10.239574 ^ clkbuf_2_2__f_clk/X (sky130_fd_sc_hd__clkbuf_16)
                                                         clknet_2_2__leaf_clk (net)
                      0.042040    0.000252   10.239827 ^ _203_/CLK (sky130_fd_sc_hd__dfrtp_2)
                                 -0.250000    9.989827   clock uncertainty
                                  0.000000    9.989827   clock reconvergence pessimism
                                 -0.039888    9.949940   library setup time
                                              9.949940   data required time
---------------------------------------------------------------------------------------------
                                              9.949940   data required time
                                             -1.230918   data arrival time
---------------------------------------------------------------------------------------------
                                              8.719021   slack (MET)


Startpoint: _187_ (rising edge-triggered flip-flop clocked by clk)
Endpoint: _199_ (rising edge-triggered flip-flop clocked by clk)
Path Group: clk
Path Type: max

Fanout         Cap        Slew       Delay        Time   Description
---------------------------------------------------------------------------------------------
                                  0.000000    0.000000   clock clk (rise edge)
                                  0.000000    0.000000   clock source latency
     1    0.014902    0.054810    0.037065    0.037065 ^ clk (in)
                                                         clk (net)
                      0.054814    0.000000    0.037065 ^ clkbuf_0_clk/A (sky130_fd_sc_hd__clkbuf_16)
     4    0.039391    0.044772    0.103487    0.140551 ^ clkbuf_0_clk/X (sky130_fd_sc_hd__clkbuf_16)
                                                         clknet_0_clk (net)
                      0.044780    0.000533    0.141084 ^ clkbuf_2_1__f_clk/A (sky130_fd_sc_hd__clkbuf_16)
    13    0.039943    0.045147    0.101055    0.242139 ^ clkbuf_2_1__f_clk/X (sky130_fd_sc_hd__clkbuf_16)
                                                         clknet_2_1__leaf_clk (net)
                      0.045149    0.000273    0.242412 ^ _187_/CLK (sky130_fd_sc_hd__dfrtp_2)
     6    0.029428    0.112218    0.282657    0.525069 ^ _187_/Q (sky130_fd_sc_hd__dfrtp_2)
                                                         counter[0] (net)
                      0.112218    0.000320    0.525389 ^ _114_/A (sky130_fd_sc_hd__and4_2)
     8    0.038069    0.154732    0.231607    0.756996 ^ _114_/X (sky130_fd_sc_hd__and4_2)
                                                         _035_ (net)
                      0.154732    0.000561    0.757558 ^ _131_/B (sky130_fd_sc_hd__and4_2)
     7    0.025112    0.109035    0.208643    0.966200 ^ _131_/X (sky130_fd_sc_hd__and4_2)
                                                         _045_ (net)
                      0.109037    0.000666    0.966866 ^ _134_/B (sky130_fd_sc_hd__and2_2)
     5    0.029046    0.116493    0.166918    1.133784 ^ _134_/X (sky130_fd_sc_hd__and2_2)
                                                         _047_ (net)
                      0.116494    0.000573    1.134357 ^ _137_/B (sky130_fd_sc_hd__xor2_2)
     1    0.002636    0.068422    0.080791    1.215148 ^ _137_/X (sky130_fd_sc_hd__xor2_2)
                                                         _003_ (net)
                      0.068422    0.000025    1.215174 ^ _199_/D (sky130_fd_sc_hd__dfrtp_2)
                                              1.215174   data arrival time

                                 10.000000   10.000000   clock clk (rise edge)
                                  0.000000   10.000000   clock source latency
     1    0.014902    0.054810    0.037065   10.037065 ^ clk (in)
                                                         clk (net)
                      0.054814    0.000000   10.037065 ^ clkbuf_0_clk/A (sky130_fd_sc_hd__clkbuf_16)
     4    0.039391    0.044772    0.103487   10.140552 ^ clkbuf_0_clk/X (sky130_fd_sc_hd__clkbuf_16)
                                                         clknet_0_clk (net)
                      0.044776    0.000433   10.140985 ^ clkbuf_2_2__f_clk/A (sky130_fd_sc_hd__clkbuf_16)
    13    0.035445    0.042040    0.098590   10.239574 ^ clkbuf_2_2__f_clk/X (sky130_fd_sc_hd__clkbuf_16)
                                                         clknet_2_2__leaf_clk (net)
                      0.042040    0.000148   10.239723 ^ _199_/CLK (sky130_fd_sc_hd__dfrtp_2)
                                 -0.250000    9.989723   clock uncertainty
                                  0.000000    9.989723   clock reconvergence pessimism
                                 -0.039737    9.949986   library setup time
                                              9.949986   data required time
---------------------------------------------------------------------------------------------
                                              9.949986   data required time
                                             -1.215174   data arrival time
---------------------------------------------------------------------------------------------
                                              8.734813   slack (MET)


Startpoint: _187_ (rising edge-triggered flip-flop clocked by clk)
Endpoint: _198_ (rising edge-triggered flip-flop clocked by clk)
Path Group: clk
Path Type: max

Fanout         Cap        Slew       Delay        Time   Description
---------------------------------------------------------------------------------------------
                                  0.000000    0.000000   clock clk (rise edge)
                                  0.000000    0.000000   clock source latency
     1    0.014902    0.054810    0.037065    0.037065 ^ clk (in)
                                                         clk (net)
                      0.054814    0.000000    0.037065 ^ clkbuf_0_clk/A (sky130_fd_sc_hd__clkbuf_16)
     4    0.039391    0.044772    0.103487    0.140551 ^ clkbuf_0_clk/X (sky130_fd_sc_hd__clkbuf_16)
                                                         clknet_0_clk (net)
                      0.044780    0.000533    0.141084 ^ clkbuf_2_1__f_clk/A (sky130_fd_sc_hd__clkbuf_16)
    13    0.039943    0.045147    0.101055    0.242139 ^ clkbuf_2_1__f_clk/X (sky130_fd_sc_hd__clkbuf_16)
                                                         clknet_2_1__leaf_clk (net)
                      0.045149    0.000273    0.242412 ^ _187_/CLK (sky130_fd_sc_hd__dfrtp_2)
     6    0.029428    0.112218    0.282657    0.525069 ^ _187_/Q (sky130_fd_sc_hd__dfrtp_2)
                                                         counter[0] (net)
                      0.112218    0.000320    0.525389 ^ _114_/A (sky130_fd_sc_hd__and4_2)
     8    0.038069    0.154732    0.231607    0.756996 ^ _114_/X (sky130_fd_sc_hd__and4_2)
                                                         _035_ (net)
                      0.154732    0.000561    0.757558 ^ _131_/B (sky130_fd_sc_hd__and4_2)
     7    0.025112    0.109035    0.208643    0.966200 ^ _131_/X (sky130_fd_sc_hd__and4_2)
                                                         _045_ (net)
                      0.109037    0.000666    0.966866 ^ _134_/B (sky130_fd_sc_hd__and2_2)
     5    0.029046    0.116493    0.166918    1.133784 ^ _134_/X (sky130_fd_sc_hd__and2_2)
                                                         _047_ (net)
                      0.116493    0.000356    1.134141 ^ _136_/A (sky130_fd_sc_hd__nor2_2)
     1    0.002354    0.028975    0.023858    1.157999 v _136_/Y (sky130_fd_sc_hd__nor2_2)
                                                         _002_ (net)
                      0.028975    0.000011    1.158010 v _198_/D (sky130_fd_sc_hd__dfrtp_2)
                                              1.158010   data arrival time

                                 10.000000   10.000000   clock clk (rise edge)
                                  0.000000   10.000000   clock source latency
     1    0.014902    0.054810    0.037065   10.037065 ^ clk (in)
                                                         clk (net)
                      0.054814    0.000000   10.037065 ^ clkbuf_0_clk/A (sky130_fd_sc_hd__clkbuf_16)
     4    0.039391    0.044772    0.103487   10.140552 ^ clkbuf_0_clk/X (sky130_fd_sc_hd__clkbuf_16)
                                                         clknet_0_clk (net)
                      0.044776    0.000433   10.140985 ^ clkbuf_2_2__f_clk/A (sky130_fd_sc_hd__clkbuf_16)
    13    0.035445    0.042040    0.098590   10.239574 ^ clkbuf_2_2__f_clk/X (sky130_fd_sc_hd__clkbuf_16)
                                                         clknet_2_2__leaf_clk (net)
                      0.042040    0.000113   10.239688 ^ _198_/CLK (sky130_fd_sc_hd__dfrtp_2)
                                 -0.250000    9.989688   clock uncertainty
                                  0.000000    9.989688   clock reconvergence pessimism
                                 -0.071619    9.918069   library setup time
                                              9.918069   data required time
---------------------------------------------------------------------------------------------
                                              9.918069   data required time
                                             -1.158010   data arrival time
---------------------------------------------------------------------------------------------
                                              8.760058   slack (MET)


Startpoint: _187_ (rising edge-triggered flip-flop clocked by clk)
Endpoint: _193_ (rising edge-triggered flip-flop clocked by clk)
Path Group: clk
Path Type: max

Fanout         Cap        Slew       Delay        Time   Description
---------------------------------------------------------------------------------------------
                                  0.000000    0.000000   clock clk (rise edge)
                                  0.000000    0.000000   clock source latency
     1    0.014902    0.054810    0.037065    0.037065 ^ clk (in)
                                                         clk (net)
                      0.054814    0.000000    0.037065 ^ clkbuf_0_clk/A (sky130_fd_sc_hd__clkbuf_16)
     4    0.039391    0.044772    0.103487    0.140551 ^ clkbuf_0_clk/X (sky130_fd_sc_hd__clkbuf_16)
                                                         clknet_0_clk (net)
                      0.044780    0.000533    0.141084 ^ clkbuf_2_1__f_clk/A (sky130_fd_sc_hd__clkbuf_16)
    13    0.039943    0.045147    0.101055    0.242139 ^ clkbuf_2_1__f_clk/X (sky130_fd_sc_hd__clkbuf_16)
                                                         clknet_2_1__leaf_clk (net)
                      0.045149    0.000273    0.242412 ^ _187_/CLK (sky130_fd_sc_hd__dfrtp_2)
     6    0.029428    0.112218    0.282657    0.525069 ^ _187_/Q (sky130_fd_sc_hd__dfrtp_2)
                                                         counter[0] (net)
                      0.112218    0.000320    0.525389 ^ _114_/A (sky130_fd_sc_hd__and4_2)
     8    0.038069    0.154732    0.231607    0.756996 ^ _114_/X (sky130_fd_sc_hd__and4_2)
                                                         _035_ (net)
                      0.154733    0.000744    0.757740 ^ _120_/D (sky130_fd_sc_hd__and4_2)
     2    0.005129    0.040587    0.145155    0.902896 ^ _120_/X (sky130_fd_sc_hd__and4_2)
                                                         _038_ (net)
                      0.040587    0.000038    0.902934 ^ _122_/A_N (sky130_fd_sc_hd__and2b_2)
     1    0.003184    0.026720    0.127081    1.030015 v _122_/X (sky130_fd_sc_hd__and2b_2)
                                                         _028_ (net)
                      0.026720    0.000040    1.030055 v _193_/D (sky130_fd_sc_hd__dfrtp_2)
                                              1.030055   data arrival time

                                 10.000000   10.000000   clock clk (rise edge)
                                  0.000000   10.000000   clock source latency
     1    0.014902    0.054810    0.037065   10.037065 ^ clk (in)
                                                         clk (net)
                      0.054814    0.000000   10.037065 ^ clkbuf_0_clk/A (sky130_fd_sc_hd__clkbuf_16)
     4    0.039391    0.044772    0.103487   10.140552 ^ clkbuf_0_clk/X (sky130_fd_sc_hd__clkbuf_16)
                                                         clknet_0_clk (net)
                      0.044778    0.000496   10.141048 ^ clkbuf_2_0__f_clk/A (sky130_fd_sc_hd__clkbuf_16)
     9    0.033613    0.040753    0.097503   10.238552 ^ clkbuf_2_0__f_clk/X (sky130_fd_sc_hd__clkbuf_16)
                                                         clknet_2_0__leaf_clk (net)
                      0.040753    0.000245   10.238797 ^ _193_/CLK (sky130_fd_sc_hd__dfrtp_2)
                                 -0.250000    9.988797   clock uncertainty
                                  0.000000    9.988797   clock reconvergence pessimism
                                 -0.070938    9.917859   library setup time
                                              9.917859   data required time
---------------------------------------------------------------------------------------------
                                              9.917859   data required time
                                             -1.030055   data arrival time
---------------------------------------------------------------------------------------------
                                              8.887804   slack (MET)


Startpoint: _189_ (rising edge-triggered flip-flop clocked by clk)
Endpoint: _189_ (rising edge-triggered flip-flop clocked by clk)
Path Group: clk
Path Type: max

Fanout         Cap        Slew       Delay        Time   Description
---------------------------------------------------------------------------------------------
                                  0.000000    0.000000   clock clk (rise edge)
                                  0.000000    0.000000   clock source latency
     1    0.014902    0.054810    0.037065    0.037065 ^ clk (in)
                                                         clk (net)
                      0.054814    0.000000    0.037065 ^ clkbuf_0_clk/A (sky130_fd_sc_hd__clkbuf_16)
     4    0.039391    0.044772    0.103487    0.140551 ^ clkbuf_0_clk/X (sky130_fd_sc_hd__clkbuf_16)
                                                         clknet_0_clk (net)
                      0.044780    0.000533    0.141084 ^ clkbuf_2_1__f_clk/A (sky130_fd_sc_hd__clkbuf_16)
    13    0.039943    0.045147    0.101055    0.242139 ^ clkbuf_2_1__f_clk/X (sky130_fd_sc_hd__clkbuf_16)
                                                         clknet_2_1__leaf_clk (net)
                      0.045147    0.000079    0.242218 ^ _189_/CLK (sky130_fd_sc_hd__dfrtp_2)
     4    0.019742    0.056343    0.278922    0.521140 v _189_/Q (sky130_fd_sc_hd__dfrtp_2)
                                                         counter[2] (net)
                      0.056343    0.000122    0.521262 v hold99/A (sky130_fd_sc_hd__dlygate4sd3_1)
     1    0.010579    0.063496    0.404365    0.925627 v hold99/X (sky130_fd_sc_hd__dlygate4sd3_1)
                                                         net99 (net)
                      0.063496    0.000190    0.925817 v _113_/A (sky130_fd_sc_hd__xnor2_2)
     1    0.004335    0.035692    0.099369    1.025186 v _113_/Y (sky130_fd_sc_hd__xnor2_2)
                                                         _022_ (net)
                      0.035692    0.000074    1.025261 v _189_/D (sky130_fd_sc_hd__dfrtp_2)
                                              1.025261   data arrival time

                                 10.000000   10.000000   clock clk (rise edge)
                                  0.000000   10.000000   clock source latency
     1    0.014902    0.054810    0.037065   10.037065 ^ clk (in)
                                                         clk (net)
                      0.054814    0.000000   10.037065 ^ clkbuf_0_clk/A (sky130_fd_sc_hd__clkbuf_16)
     4    0.039391    0.044772    0.103487   10.140552 ^ clkbuf_0_clk/X (sky130_fd_sc_hd__clkbuf_16)
                                                         clknet_0_clk (net)
                      0.044780    0.000533   10.141085 ^ clkbuf_2_1__f_clk/A (sky130_fd_sc_hd__clkbuf_16)
    13    0.039943    0.045147    0.101054   10.242139 ^ clkbuf_2_1__f_clk/X (sky130_fd_sc_hd__clkbuf_16)
                                                         clknet_2_1__leaf_clk (net)
                      0.045147    0.000079   10.242218 ^ _189_/CLK (sky130_fd_sc_hd__dfrtp_2)
                                 -0.250000    9.992218   clock uncertainty
                                  0.000000    9.992218   clock reconvergence pessimism
                                 -0.073718    9.918500   library setup time
                                              9.918500   data required time
---------------------------------------------------------------------------------------------
                                              9.918500   data required time
                                             -1.025261   data arrival time
---------------------------------------------------------------------------------------------
                                              8.893239   slack (MET)


Startpoint: _194_ (rising edge-triggered flip-flop clocked by clk)
Endpoint: _194_ (rising edge-triggered flip-flop clocked by clk)
Path Group: clk
Path Type: max

Fanout         Cap        Slew       Delay        Time   Description
---------------------------------------------------------------------------------------------
                                  0.000000    0.000000   clock clk (rise edge)
                                  0.000000    0.000000   clock source latency
     1    0.014902    0.054810    0.037065    0.037065 ^ clk (in)
                                                         clk (net)
                      0.054814    0.000000    0.037065 ^ clkbuf_0_clk/A (sky130_fd_sc_hd__clkbuf_16)
     4    0.039391    0.044772    0.103487    0.140551 ^ clkbuf_0_clk/X (sky130_fd_sc_hd__clkbuf_16)
                                                         clknet_0_clk (net)
                      0.044778    0.000496    0.141048 ^ clkbuf_2_0__f_clk/A (sky130_fd_sc_hd__clkbuf_16)
     9    0.033613    0.040753    0.097504    0.238552 ^ clkbuf_2_0__f_clk/X (sky130_fd_sc_hd__clkbuf_16)
                                                         clknet_2_0__leaf_clk (net)
                      0.040753    0.000294    0.238846 ^ _194_/CLK (sky130_fd_sc_hd__dfrtp_2)
     3    0.015670    0.050464    0.270983    0.509829 v _194_/Q (sky130_fd_sc_hd__dfrtp_2)
                                                         counter[7] (net)
                      0.050464    0.000219    0.510048 v hold101/A (sky130_fd_sc_hd__dlygate4sd3_1)
     1    0.003980    0.042768    0.373948    0.883996 v hold101/X (sky130_fd_sc_hd__dlygate4sd3_1)
                                                         net101 (net)
                      0.042768    0.000057    0.884053 v _125_/A1 (sky130_fd_sc_hd__o21a_2)
     1    0.004687    0.028636    0.135479    1.019531 v _125_/X (sky130_fd_sc_hd__o21a_2)
                                                         _029_ (net)
                      0.028636    0.000083    1.019614 v _194_/D (sky130_fd_sc_hd__dfrtp_2)
                                              1.019614   data arrival time

                                 10.000000   10.000000   clock clk (rise edge)
                                  0.000000   10.000000   clock source latency
     1    0.014902    0.054810    0.037065   10.037065 ^ clk (in)
                                                         clk (net)
                      0.054814    0.000000   10.037065 ^ clkbuf_0_clk/A (sky130_fd_sc_hd__clkbuf_16)
     4    0.039391    0.044772    0.103487   10.140552 ^ clkbuf_0_clk/X (sky130_fd_sc_hd__clkbuf_16)
                                                         clknet_0_clk (net)
                      0.044778    0.000496   10.141048 ^ clkbuf_2_0__f_clk/A (sky130_fd_sc_hd__clkbuf_16)
     9    0.033613    0.040753    0.097503   10.238552 ^ clkbuf_2_0__f_clk/X (sky130_fd_sc_hd__clkbuf_16)
                                                         clknet_2_0__leaf_clk (net)
                      0.040753    0.000294   10.238846 ^ _194_/CLK (sky130_fd_sc_hd__dfrtp_2)
                                 -0.250000    9.988846   clock uncertainty
                                  0.000000    9.988846   clock reconvergence pessimism
                                 -0.071622    9.917224   library setup time
                                              9.917224   data required time
---------------------------------------------------------------------------------------------
                                              9.917224   data required time
                                             -1.019614   data arrival time
---------------------------------------------------------------------------------------------
                                              8.897610   slack (MET)


Startpoint: _192_ (rising edge-triggered flip-flop clocked by clk)
Endpoint: _192_ (rising edge-triggered flip-flop clocked by clk)
Path Group: clk
Path Type: max

Fanout         Cap        Slew       Delay        Time   Description
---------------------------------------------------------------------------------------------
                                  0.000000    0.000000   clock clk (rise edge)
                                  0.000000    0.000000   clock source latency
     1    0.014902    0.054810    0.037065    0.037065 ^ clk (in)
                                                         clk (net)
                      0.054814    0.000000    0.037065 ^ clkbuf_0_clk/A (sky130_fd_sc_hd__clkbuf_16)
     4    0.039391    0.044772    0.103487    0.140551 ^ clkbuf_0_clk/X (sky130_fd_sc_hd__clkbuf_16)
                                                         clknet_0_clk (net)
                      0.044778    0.000496    0.141048 ^ clkbuf_2_0__f_clk/A (sky130_fd_sc_hd__clkbuf_16)
     9    0.033613    0.040753    0.097504    0.238552 ^ clkbuf_2_0__f_clk/X (sky130_fd_sc_hd__clkbuf_16)
                                                         clknet_2_0__leaf_clk (net)
                      0.040754    0.000340    0.238892 ^ _192_/CLK (sky130_fd_sc_hd__dfrtp_2)
     5    0.020007    0.056805    0.278046    0.516938 v _192_/Q (sky130_fd_sc_hd__dfrtp_2)
                                                         counter[5] (net)
                      0.056805    0.000163    0.517100 v hold98/A (sky130_fd_sc_hd__dlygate4sd3_1)
     1    0.009528    0.060610    0.400645    0.917745 v hold98/X (sky130_fd_sc_hd__dlygate4sd3_1)
                                                         net98 (net)
                      0.060610    0.000137    0.917882 v _119_/A (sky130_fd_sc_hd__xnor2_2)
     1    0.002632    0.030898    0.093610    1.011492 v _119_/Y (sky130_fd_sc_hd__xnor2_2)
                                                         _027_ (net)
                      0.030898    0.000026    1.011518 v _192_/D (sky130_fd_sc_hd__dfrtp_2)
                                              1.011518   data arrival time

                                 10.000000   10.000000   clock clk (rise edge)
                                  0.000000   10.000000   clock source latency
     1    0.014902    0.054810    0.037065   10.037065 ^ clk (in)
                                                         clk (net)
                      0.054814    0.000000   10.037065 ^ clkbuf_0_clk/A (sky130_fd_sc_hd__clkbuf_16)
     4    0.039391    0.044772    0.103487   10.140552 ^ clkbuf_0_clk/X (sky130_fd_sc_hd__clkbuf_16)
                                                         clknet_0_clk (net)
                      0.044778    0.000496   10.141048 ^ clkbuf_2_0__f_clk/A (sky130_fd_sc_hd__clkbuf_16)
     9    0.033613    0.040753    0.097503   10.238552 ^ clkbuf_2_0__f_clk/X (sky130_fd_sc_hd__clkbuf_16)
                                                         clknet_2_0__leaf_clk (net)
                      0.040754    0.000341   10.238893 ^ _192_/CLK (sky130_fd_sc_hd__dfrtp_2)
                                 -0.250000    9.988893   clock uncertainty
                                  0.000000    9.988893   clock reconvergence pessimism
                                 -0.072429    9.916464   library setup time
                                              9.916464   data required time
---------------------------------------------------------------------------------------------
                                              9.916464   data required time
                                             -1.011518   data arrival time
---------------------------------------------------------------------------------------------
                                              8.904945   slack (MET)


Startpoint: _187_ (rising edge-triggered flip-flop clocked by clk)
Endpoint: _197_ (rising edge-triggered flip-flop clocked by clk)
Path Group: clk
Path Type: max

Fanout         Cap        Slew       Delay        Time   Description
---------------------------------------------------------------------------------------------
                                  0.000000    0.000000   clock clk (rise edge)
                                  0.000000    0.000000   clock source latency
     1    0.014902    0.054810    0.037065    0.037065 ^ clk (in)
                                                         clk (net)
                      0.054814    0.000000    0.037065 ^ clkbuf_0_clk/A (sky130_fd_sc_hd__clkbuf_16)
     4    0.039391    0.044772    0.103487    0.140551 ^ clkbuf_0_clk/X (sky130_fd_sc_hd__clkbuf_16)
                                                         clknet_0_clk (net)
                      0.044780    0.000533    0.141084 ^ clkbuf_2_1__f_clk/A (sky130_fd_sc_hd__clkbuf_16)
    13    0.039943    0.045147    0.101055    0.242139 ^ clkbuf_2_1__f_clk/X (sky130_fd_sc_hd__clkbuf_16)
                                                         clknet_2_1__leaf_clk (net)
                      0.045149    0.000273    0.242412 ^ _187_/CLK (sky130_fd_sc_hd__dfrtp_2)
     6    0.029428    0.112218    0.282657    0.525069 ^ _187_/Q (sky130_fd_sc_hd__dfrtp_2)
                                                         counter[0] (net)
                      0.112218    0.000320    0.525389 ^ _114_/A (sky130_fd_sc_hd__and4_2)
     8    0.038069    0.154732    0.231607    0.756996 ^ _114_/X (sky130_fd_sc_hd__and4_2)
                                                         _035_ (net)
                      0.154732    0.000561    0.757558 ^ _131_/B (sky130_fd_sc_hd__and4_2)
     7    0.025112    0.109035    0.208643    0.966200 ^ _131_/X (sky130_fd_sc_hd__and4_2)
                                                         _045_ (net)
                      0.109035    0.000408    0.966608 ^ _133_/A (sky130_fd_sc_hd__nor2_2)
     1    0.002433    0.027977    0.023945    0.990553 v _133_/Y (sky130_fd_sc_hd__nor2_2)
                                                         _001_ (net)
                      0.027977    0.000022    0.990575 v _197_/D (sky130_fd_sc_hd__dfrtp_2)
                                              0.990575   data arrival time

                                 10.000000   10.000000   clock clk (rise edge)
                                  0.000000   10.000000   clock source latency
     1    0.014902    0.054810    0.037065   10.037065 ^ clk (in)
                                                         clk (net)
                      0.054814    0.000000   10.037065 ^ clkbuf_0_clk/A (sky130_fd_sc_hd__clkbuf_16)
     4    0.039391    0.044772    0.103487   10.140552 ^ clkbuf_0_clk/X (sky130_fd_sc_hd__clkbuf_16)
                                                         clknet_0_clk (net)
                      0.044778    0.000496   10.141048 ^ clkbuf_2_0__f_clk/A (sky130_fd_sc_hd__clkbuf_16)
     9    0.033613    0.040753    0.097503   10.238552 ^ clkbuf_2_0__f_clk/X (sky130_fd_sc_hd__clkbuf_16)
                                                         clknet_2_0__leaf_clk (net)
                      0.040754    0.000336   10.238888 ^ _197_/CLK (sky130_fd_sc_hd__dfrtp_2)
                                 -0.250000    9.988888   clock uncertainty
                                  0.000000    9.988888   clock reconvergence pessimism
                                 -0.071387    9.917500   library setup time
                                              9.917500   data required time
---------------------------------------------------------------------------------------------
                                              9.917500   data required time
                                             -0.990575   data arrival time
---------------------------------------------------------------------------------------------
                                              8.926926   slack (MET)


Startpoint: _187_ (rising edge-triggered flip-flop clocked by clk)
Endpoint: _196_ (rising edge-triggered flip-flop clocked by clk)
Path Group: clk
Path Type: max

Fanout         Cap        Slew       Delay        Time   Description
---------------------------------------------------------------------------------------------
                                  0.000000    0.000000   clock clk (rise edge)
                                  0.000000    0.000000   clock source latency
     1    0.014902    0.054810    0.037065    0.037065 ^ clk (in)
                                                         clk (net)
                      0.054814    0.000000    0.037065 ^ clkbuf_0_clk/A (sky130_fd_sc_hd__clkbuf_16)
     4    0.039391    0.044772    0.103487    0.140551 ^ clkbuf_0_clk/X (sky130_fd_sc_hd__clkbuf_16)
                                                         clknet_0_clk (net)
                      0.044780    0.000533    0.141084 ^ clkbuf_2_1__f_clk/A (sky130_fd_sc_hd__clkbuf_16)
    13    0.039943    0.045147    0.101055    0.242139 ^ clkbuf_2_1__f_clk/X (sky130_fd_sc_hd__clkbuf_16)
                                                         clknet_2_1__leaf_clk (net)
                      0.045149    0.000273    0.242412 ^ _187_/CLK (sky130_fd_sc_hd__dfrtp_2)
     6    0.029428    0.112218    0.282657    0.525069 ^ _187_/Q (sky130_fd_sc_hd__dfrtp_2)
                                                         counter[0] (net)
                      0.112218    0.000320    0.525389 ^ _114_/A (sky130_fd_sc_hd__and4_2)
     8    0.038069    0.154732    0.231607    0.756996 ^ _114_/X (sky130_fd_sc_hd__and4_2)
                                                         _035_ (net)
                      0.154732    0.000472    0.757468 ^ _124_/A (sky130_fd_sc_hd__nand2_2)
     4    0.018751    0.072834    0.071350    0.828819 v _124_/Y (sky130_fd_sc_hd__nand2_2)
                                                         _041_ (net)
                      0.072837    0.000349    0.829168 v _130_/A1 (sky130_fd_sc_hd__o21a_2)
     1    0.003340    0.025445    0.141614    0.970782 v _130_/X (sky130_fd_sc_hd__o21a_2)
                                                         _031_ (net)
                      0.025445    0.000044    0.970826 v _196_/D (sky130_fd_sc_hd__dfrtp_2)
                                              0.970826   data arrival time

                                 10.000000   10.000000   clock clk (rise edge)
                                  0.000000   10.000000   clock source latency
     1    0.014902    0.054810    0.037065   10.037065 ^ clk (in)
                                                         clk (net)
                      0.054814    0.000000   10.037065 ^ clkbuf_0_clk/A (sky130_fd_sc_hd__clkbuf_16)
     4    0.039391    0.044772    0.103487   10.140552 ^ clkbuf_0_clk/X (sky130_fd_sc_hd__clkbuf_16)
                                                         clknet_0_clk (net)
                      0.044778    0.000496   10.141048 ^ clkbuf_2_0__f_clk/A (sky130_fd_sc_hd__clkbuf_16)
     9    0.033613    0.040753    0.097503   10.238552 ^ clkbuf_2_0__f_clk/X (sky130_fd_sc_hd__clkbuf_16)
                                                         clknet_2_0__leaf_clk (net)
                      0.040754    0.000330   10.238882 ^ _196_/CLK (sky130_fd_sc_hd__dfrtp_2)
                                 -0.250000    9.988882   clock uncertainty
                                  0.000000    9.988882   clock reconvergence pessimism
                                 -0.070483    9.918399   library setup time
                                              9.918399   data required time
---------------------------------------------------------------------------------------------
                                              9.918399   data required time
                                             -0.970826   data arrival time
---------------------------------------------------------------------------------------------
                                              8.947573   slack (MET)


Startpoint: _201_ (rising edge-triggered flip-flop clocked by clk)
Endpoint: _225_ (rising edge-triggered flip-flop clocked by clk)
Path Group: clk
Path Type: max

Fanout         Cap        Slew       Delay        Time   Description
---------------------------------------------------------------------------------------------
                                  0.000000    0.000000   clock clk (rise edge)
                                  0.000000    0.000000   clock source latency
     1    0.014902    0.054810    0.037065    0.037065 ^ clk (in)
                                                         clk (net)
                      0.054814    0.000000    0.037065 ^ clkbuf_0_clk/A (sky130_fd_sc_hd__clkbuf_16)
     4    0.039391    0.044772    0.103487    0.140551 ^ clkbuf_0_clk/X (sky130_fd_sc_hd__clkbuf_16)
                                                         clknet_0_clk (net)
                      0.044776    0.000434    0.140985 ^ clkbuf_2_2__f_clk/A (sky130_fd_sc_hd__clkbuf_16)
    13    0.035445    0.042040    0.098590    0.239575 ^ clkbuf_2_2__f_clk/X (sky130_fd_sc_hd__clkbuf_16)
                                                         clknet_2_2__leaf_clk (net)
                      0.042040    0.000087    0.239662 ^ _201_/CLK (sky130_fd_sc_hd__dfrtp_2)
     4    0.019051    0.055359    0.276874    0.516535 v _201_/Q (sky130_fd_sc_hd__dfrtp_2)
                                                         counter[14] (net)
                      0.055359    0.000137    0.516672 v hold90/A (sky130_fd_sc_hd__dlygate4sd3_1)
     2    0.012104    0.067802    0.408738    0.925409 v hold90/X (sky130_fd_sc_hd__dlygate4sd3_1)
                                                         net90 (net)
                      0.067802    0.000100    0.925510 v _225_/D (sky130_fd_sc_hd__dfrtp_2)
                                              0.925510   data arrival time

                                 10.000000   10.000000   clock clk (rise edge)
                                  0.000000   10.000000   clock source latency
     1    0.014902    0.054810    0.037065   10.037065 ^ clk (in)
                                                         clk (net)
                      0.054814    0.000000   10.037065 ^ clkbuf_0_clk/A (sky130_fd_sc_hd__clkbuf_16)
     4    0.039391    0.044772    0.103487   10.140552 ^ clkbuf_0_clk/X (sky130_fd_sc_hd__clkbuf_16)
                                                         clknet_0_clk (net)
                      0.044776    0.000433   10.140985 ^ clkbuf_2_2__f_clk/A (sky130_fd_sc_hd__clkbuf_16)
    13    0.035445    0.042040    0.098590   10.239574 ^ clkbuf_2_2__f_clk/X (sky130_fd_sc_hd__clkbuf_16)
                                                         clknet_2_2__leaf_clk (net)
                      0.042040    0.000070   10.239645 ^ _225_/CLK (sky130_fd_sc_hd__dfrtp_2)
                                 -0.250000    9.989645   clock uncertainty
                                  0.000000    9.989645   clock reconvergence pessimism
                                 -0.085480    9.904165   library setup time
                                              9.904165   data required time
---------------------------------------------------------------------------------------------
                                              9.904165   data required time
                                             -0.925510   data arrival time
---------------------------------------------------------------------------------------------
                                              8.978655   slack (MET)


Startpoint: _187_ (rising edge-triggered flip-flop clocked by clk)
Endpoint: _187_ (rising edge-triggered flip-flop clocked by clk)
Path Group: clk
Path Type: max

Fanout         Cap        Slew       Delay        Time   Description
---------------------------------------------------------------------------------------------
                                  0.000000    0.000000   clock clk (rise edge)
                                  0.000000    0.000000   clock source latency
     1    0.014902    0.054810    0.037065    0.037065 ^ clk (in)
                                                         clk (net)
                      0.054814    0.000000    0.037065 ^ clkbuf_0_clk/A (sky130_fd_sc_hd__clkbuf_16)
     4    0.039391    0.044772    0.103487    0.140551 ^ clkbuf_0_clk/X (sky130_fd_sc_hd__clkbuf_16)
                                                         clknet_0_clk (net)
                      0.044780    0.000533    0.141084 ^ clkbuf_2_1__f_clk/A (sky130_fd_sc_hd__clkbuf_16)
    13    0.039943    0.045147    0.101055    0.242139 ^ clkbuf_2_1__f_clk/X (sky130_fd_sc_hd__clkbuf_16)
                                                         clknet_2_1__leaf_clk (net)
                      0.045149    0.000273    0.242412 ^ _187_/CLK (sky130_fd_sc_hd__dfrtp_2)
     6    0.029428    0.112218    0.282657    0.525069 ^ _187_/Q (sky130_fd_sc_hd__dfrtp_2)
                                                         counter[0] (net)
                      0.112218    0.000075    0.525144 ^ hold92/A (sky130_fd_sc_hd__dlygate4sd3_1)
     1    0.005877    0.058004    0.402481    0.927624 ^ hold92/X (sky130_fd_sc_hd__dlygate4sd3_1)
                                                         net92 (net)
                      0.058004    0.000078    0.927703 ^ _077_/A (sky130_fd_sc_hd__inv_2)
     1    0.002526    0.015026    0.014382    0.942085 v _077_/Y (sky130_fd_sc_hd__inv_2)
                                                         _000_ (net)
                      0.015026    0.000023    0.942107 v _187_/D (sky130_fd_sc_hd__dfrtp_2)
                                              0.942107   data arrival time

                                 10.000000   10.000000   clock clk (rise edge)
                                  0.000000   10.000000   clock source latency
     1    0.014902    0.054810    0.037065   10.037065 ^ clk (in)
                                                         clk (net)
                      0.054814    0.000000   10.037065 ^ clkbuf_0_clk/A (sky130_fd_sc_hd__clkbuf_16)
     4    0.039391    0.044772    0.103487   10.140552 ^ clkbuf_0_clk/X (sky130_fd_sc_hd__clkbuf_16)
                                                         clknet_0_clk (net)
                      0.044780    0.000533   10.141085 ^ clkbuf_2_1__f_clk/A (sky130_fd_sc_hd__clkbuf_16)
    13    0.039943    0.045147    0.101054   10.242139 ^ clkbuf_2_1__f_clk/X (sky130_fd_sc_hd__clkbuf_16)
                                                         clknet_2_1__leaf_clk (net)
                      0.045149    0.000273   10.242412 ^ _187_/CLK (sky130_fd_sc_hd__dfrtp_2)
                                 -0.250000    9.992412   clock uncertainty
                                  0.000000    9.992412   clock reconvergence pessimism
                                 -0.066341    9.926070   library setup time
                                              9.926070   data required time
---------------------------------------------------------------------------------------------
                                              9.926070   data required time
                                             -0.942107   data arrival time
---------------------------------------------------------------------------------------------
                                              8.983962   slack (MET)


Startpoint: _195_ (rising edge-triggered flip-flop clocked by clk)
Endpoint: _219_ (rising edge-triggered flip-flop clocked by clk)
Path Group: clk
Path Type: max

Fanout         Cap        Slew       Delay        Time   Description
---------------------------------------------------------------------------------------------
                                  0.000000    0.000000   clock clk (rise edge)
                                  0.000000    0.000000   clock source latency
     1    0.014902    0.054810    0.037065    0.037065 ^ clk (in)
                                                         clk (net)
                      0.054814    0.000000    0.037065 ^ clkbuf_0_clk/A (sky130_fd_sc_hd__clkbuf_16)
     4    0.039391    0.044772    0.103487    0.140551 ^ clkbuf_0_clk/X (sky130_fd_sc_hd__clkbuf_16)
                                                         clknet_0_clk (net)
                      0.044780    0.000533    0.141084 ^ clkbuf_2_1__f_clk/A (sky130_fd_sc_hd__clkbuf_16)
    13    0.039943    0.045147    0.101055    0.242139 ^ clkbuf_2_1__f_clk/X (sky130_fd_sc_hd__clkbuf_16)
                                                         clknet_2_1__leaf_clk (net)
                      0.045149    0.000300    0.242439 ^ _195_/CLK (sky130_fd_sc_hd__dfrtp_2)
     6    0.035881    0.082295    0.304959    0.547397 v _195_/Q (sky130_fd_sc_hd__dfrtp_2)
                                                         counter[8] (net)
                      0.082295    0.000139    0.547536 v hold93/A (sky130_fd_sc_hd__dlygate4sd3_1)
     1    0.003071    0.039249    0.381877    0.929413 v hold93/X (sky130_fd_sc_hd__dlygate4sd3_1)
                                                         net93 (net)
                      0.039249    0.000035    0.929448 v _219_/D (sky130_fd_sc_hd__dfrtp_2)
                                              0.929448   data arrival time

                                 10.000000   10.000000   clock clk (rise edge)
                                  0.000000   10.000000   clock source latency
     1    0.014902    0.054810    0.037065   10.037065 ^ clk (in)
                                                         clk (net)
                      0.054814    0.000000   10.037065 ^ clkbuf_0_clk/A (sky130_fd_sc_hd__clkbuf_16)
     4    0.039391    0.044772    0.103487   10.140552 ^ clkbuf_0_clk/X (sky130_fd_sc_hd__clkbuf_16)
                                                         clknet_0_clk (net)
                      0.044780    0.000533   10.141085 ^ clkbuf_2_1__f_clk/A (sky130_fd_sc_hd__clkbuf_16)
    13    0.039943    0.045147    0.101054   10.242139 ^ clkbuf_2_1__f_clk/X (sky130_fd_sc_hd__clkbuf_16)
                                                         clknet_2_1__leaf_clk (net)
                      0.045147    0.000028   10.242167 ^ _219_/CLK (sky130_fd_sc_hd__dfrtp_2)
                                 -0.250000    9.992167   clock uncertainty
                                  0.000000    9.992167   clock reconvergence pessimism
                                 -0.074988    9.917180   library setup time
                                              9.917180   data required time
---------------------------------------------------------------------------------------------
                                              9.917180   data required time
                                             -0.929448   data arrival time
---------------------------------------------------------------------------------------------
                                              8.987732   slack (MET)


Startpoint: _199_ (rising edge-triggered flip-flop clocked by clk)
Endpoint: _223_ (rising edge-triggered flip-flop clocked by clk)
Path Group: clk
Path Type: max

Fanout         Cap        Slew       Delay        Time   Description
---------------------------------------------------------------------------------------------
                                  0.000000    0.000000   clock clk (rise edge)
                                  0.000000    0.000000   clock source latency
     1    0.014902    0.054810    0.037065    0.037065 ^ clk (in)
                                                         clk (net)
                      0.054814    0.000000    0.037065 ^ clkbuf_0_clk/A (sky130_fd_sc_hd__clkbuf_16)
     4    0.039391    0.044772    0.103487    0.140551 ^ clkbuf_0_clk/X (sky130_fd_sc_hd__clkbuf_16)
                                                         clknet_0_clk (net)
                      0.044776    0.000434    0.140985 ^ clkbuf_2_2__f_clk/A (sky130_fd_sc_hd__clkbuf_16)
    13    0.035445    0.042040    0.098590    0.239575 ^ clkbuf_2_2__f_clk/X (sky130_fd_sc_hd__clkbuf_16)
                                                         clknet_2_2__leaf_clk (net)
                      0.042040    0.000148    0.239723 ^ _199_/CLK (sky130_fd_sc_hd__dfrtp_2)
     7    0.034497    0.080189    0.301545    0.541268 v _199_/Q (sky130_fd_sc_hd__dfrtp_2)
                                                         counter[12] (net)
                      0.080189    0.000353    0.541620 v hold94/A (sky130_fd_sc_hd__dlygate4sd3_1)
     1    0.002910    0.038534    0.380054    0.921675 v hold94/X (sky130_fd_sc_hd__dlygate4sd3_1)
                                                         net94 (net)
                      0.038534    0.000021    0.921696 v _223_/D (sky130_fd_sc_hd__dfrtp_2)
                                              0.921696   data arrival time

                                 10.000000   10.000000   clock clk (rise edge)
                                  0.000000   10.000000   clock source latency
     1    0.014902    0.054810    0.037065   10.037065 ^ clk (in)
                                                         clk (net)
                      0.054814    0.000000   10.037065 ^ clkbuf_0_clk/A (sky130_fd_sc_hd__clkbuf_16)
     4    0.039391    0.044772    0.103487   10.140552 ^ clkbuf_0_clk/X (sky130_fd_sc_hd__clkbuf_16)
                                                         clknet_0_clk (net)
                      0.044778    0.000496   10.141048 ^ clkbuf_2_0__f_clk/A (sky130_fd_sc_hd__clkbuf_16)
     9    0.033613    0.040753    0.097503   10.238552 ^ clkbuf_2_0__f_clk/X (sky130_fd_sc_hd__clkbuf_16)
                                                         clknet_2_0__leaf_clk (net)
                      0.040754    0.000373   10.238925 ^ _223_/CLK (sky130_fd_sc_hd__dfrtp_2)
                                 -0.250000    9.988925   clock uncertainty
                                  0.000000    9.988925   clock reconvergence pessimism
                                 -0.075155    9.913769   library setup time
                                              9.913769   data required time
---------------------------------------------------------------------------------------------
                                              9.913769   data required time
                                             -0.921696   data arrival time
---------------------------------------------------------------------------------------------
                                              8.992073   slack (MET)


Startpoint: _187_ (rising edge-triggered flip-flop clocked by clk)
Endpoint: _195_ (rising edge-triggered flip-flop clocked by clk)
Path Group: clk
Path Type: max

Fanout         Cap        Slew       Delay        Time   Description
---------------------------------------------------------------------------------------------
                                  0.000000    0.000000   clock clk (rise edge)
                                  0.000000    0.000000   clock source latency
     1    0.014902    0.054810    0.037065    0.037065 ^ clk (in)
                                                         clk (net)
                      0.054814    0.000000    0.037065 ^ clkbuf_0_clk/A (sky130_fd_sc_hd__clkbuf_16)
     4    0.039391    0.044772    0.103487    0.140551 ^ clkbuf_0_clk/X (sky130_fd_sc_hd__clkbuf_16)
                                                         clknet_0_clk (net)
                      0.044780    0.000533    0.141084 ^ clkbuf_2_1__f_clk/A (sky130_fd_sc_hd__clkbuf_16)
    13    0.039943    0.045147    0.101055    0.242139 ^ clkbuf_2_1__f_clk/X (sky130_fd_sc_hd__clkbuf_16)
                                                         clknet_2_1__leaf_clk (net)
                      0.045149    0.000273    0.242412 ^ _187_/CLK (sky130_fd_sc_hd__dfrtp_2)
     6    0.029428    0.112218    0.282657    0.525069 ^ _187_/Q (sky130_fd_sc_hd__dfrtp_2)
                                                         counter[0] (net)
                      0.112218    0.000320    0.525389 ^ _114_/A (sky130_fd_sc_hd__and4_2)
     8    0.038069    0.154732    0.231607    0.756996 ^ _114_/X (sky130_fd_sc_hd__and4_2)
                                                         _035_ (net)
                      0.154732    0.000472    0.757468 ^ _124_/A (sky130_fd_sc_hd__nand2_2)
     4    0.018751    0.072834    0.071350    0.828819 v _124_/Y (sky130_fd_sc_hd__nand2_2)
                                                         _041_ (net)
                      0.072836    0.000250    0.829068 v _126_/B (sky130_fd_sc_hd__xnor2_2)
     1    0.002301    0.036668    0.091096    0.920164 v _126_/Y (sky130_fd_sc_hd__xnor2_2)
                                                         _030_ (net)
                      0.036668    0.000010    0.920175 v _195_/D (sky130_fd_sc_hd__dfrtp_2)
                                              0.920175   data arrival time

                                 10.000000   10.000000   clock clk (rise edge)
                                  0.000000   10.000000   clock source latency
     1    0.014902    0.054810    0.037065   10.037065 ^ clk (in)
                                                         clk (net)
                      0.054814    0.000000   10.037065 ^ clkbuf_0_clk/A (sky130_fd_sc_hd__clkbuf_16)
     4    0.039391    0.044772    0.103487   10.140552 ^ clkbuf_0_clk/X (sky130_fd_sc_hd__clkbuf_16)
                                                         clknet_0_clk (net)
                      0.044780    0.000533   10.141085 ^ clkbuf_2_1__f_clk/A (sky130_fd_sc_hd__clkbuf_16)
    13    0.039943    0.045147    0.101054   10.242139 ^ clkbuf_2_1__f_clk/X (sky130_fd_sc_hd__clkbuf_16)
                                                         clknet_2_1__leaf_clk (net)
                      0.045149    0.000300   10.242439 ^ _195_/CLK (sky130_fd_sc_hd__dfrtp_2)
                                 -0.250000    9.992439   clock uncertainty
                                  0.000000    9.992439   clock reconvergence pessimism
                                 -0.074066    9.918373   library setup time
                                              9.918373   data required time
---------------------------------------------------------------------------------------------
                                              9.918373   data required time
                                             -0.920175   data arrival time
---------------------------------------------------------------------------------------------
                                              8.998198   slack (MET)


Startpoint: _200_ (rising edge-triggered flip-flop clocked by clk)
Endpoint: _224_ (rising edge-triggered flip-flop clocked by clk)
Path Group: clk
Path Type: max

Fanout         Cap        Slew       Delay        Time   Description
---------------------------------------------------------------------------------------------
                                  0.000000    0.000000   clock clk (rise edge)
                                  0.000000    0.000000   clock source latency
     1    0.014902    0.054810    0.037065    0.037065 ^ clk (in)
                                                         clk (net)
                      0.054814    0.000000    0.037065 ^ clkbuf_0_clk/A (sky130_fd_sc_hd__clkbuf_16)
     4    0.039391    0.044772    0.103487    0.140551 ^ clkbuf_0_clk/X (sky130_fd_sc_hd__clkbuf_16)
                                                         clknet_0_clk (net)
                      0.044776    0.000434    0.140985 ^ clkbuf_2_2__f_clk/A (sky130_fd_sc_hd__clkbuf_16)
    13    0.035445    0.042040    0.098590    0.239575 ^ clkbuf_2_2__f_clk/X (sky130_fd_sc_hd__clkbuf_16)
                                                         clknet_2_2__leaf_clk (net)
                      0.042040    0.000097    0.239672 ^ _200_/CLK (sky130_fd_sc_hd__dfrtp_2)
     6    0.027946    0.069338    0.291098    0.530770 v _200_/Q (sky130_fd_sc_hd__dfrtp_2)
                                                         counter[13] (net)
                      0.069343    0.000661    0.531431 v hold88/A (sky130_fd_sc_hd__dlygate4sd3_1)
     1    0.003169    0.039642    0.377180    0.908611 v hold88/X (sky130_fd_sc_hd__dlygate4sd3_1)
                                                         net88 (net)
                      0.039642    0.000040    0.908651 v _224_/D (sky130_fd_sc_hd__dfrtp_2)
                                              0.908651   data arrival time

                                 10.000000   10.000000   clock clk (rise edge)
                                  0.000000   10.000000   clock source latency
     1    0.014902    0.054810    0.037065   10.037065 ^ clk (in)
                                                         clk (net)
                      0.054814    0.000000   10.037065 ^ clkbuf_0_clk/A (sky130_fd_sc_hd__clkbuf_16)
     4    0.039391    0.044772    0.103487   10.140552 ^ clkbuf_0_clk/X (sky130_fd_sc_hd__clkbuf_16)
                                                         clknet_0_clk (net)
                      0.044776    0.000433   10.140985 ^ clkbuf_2_2__f_clk/A (sky130_fd_sc_hd__clkbuf_16)
    13    0.035445    0.042040    0.098590   10.239574 ^ clkbuf_2_2__f_clk/X (sky130_fd_sc_hd__clkbuf_16)
                                                         clknet_2_2__leaf_clk (net)
                      0.042040    0.000170   10.239744 ^ _224_/CLK (sky130_fd_sc_hd__dfrtp_2)
                                 -0.250000    9.989744   clock uncertainty
                                  0.000000    9.989744   clock reconvergence pessimism
                                 -0.075427    9.914318   library setup time
                                              9.914318   data required time
---------------------------------------------------------------------------------------------
                                              9.914318   data required time
                                             -0.908651   data arrival time
---------------------------------------------------------------------------------------------
                                              9.005667   slack (MET)


Startpoint: _198_ (rising edge-triggered flip-flop clocked by clk)
Endpoint: _222_ (rising edge-triggered flip-flop clocked by clk)
Path Group: clk
Path Type: max

Fanout         Cap        Slew       Delay        Time   Description
---------------------------------------------------------------------------------------------
                                  0.000000    0.000000   clock clk (rise edge)
                                  0.000000    0.000000   clock source latency
     1    0.014902    0.054810    0.037065    0.037065 ^ clk (in)
                                                         clk (net)
                      0.054814    0.000000    0.037065 ^ clkbuf_0_clk/A (sky130_fd_sc_hd__clkbuf_16)
     4    0.039391    0.044772    0.103487    0.140551 ^ clkbuf_0_clk/X (sky130_fd_sc_hd__clkbuf_16)
                                                         clknet_0_clk (net)
                      0.044776    0.000434    0.140985 ^ clkbuf_2_2__f_clk/A (sky130_fd_sc_hd__clkbuf_16)
    13    0.035445    0.042040    0.098590    0.239575 ^ clkbuf_2_2__f_clk/X (sky130_fd_sc_hd__clkbuf_16)
                                                         clknet_2_2__leaf_clk (net)
                      0.042040    0.000113    0.239687 ^ _198_/CLK (sky130_fd_sc_hd__dfrtp_2)
     8    0.026342    0.066635    0.288698    0.528385 v _198_/Q (sky130_fd_sc_hd__dfrtp_2)
                                                         counter[11] (net)
                      0.066636    0.000295    0.528680 v hold89/A (sky130_fd_sc_hd__dlygate4sd3_1)
     1    0.002915    0.038512    0.374546    0.903227 v hold89/X (sky130_fd_sc_hd__dlygate4sd3_1)
                                                         net89 (net)
                      0.038512    0.000029    0.903256 v _222_/D (sky130_fd_sc_hd__dfrtp_2)
                                              0.903256   data arrival time

                                 10.000000   10.000000   clock clk (rise edge)
                                  0.000000   10.000000   clock source latency
     1    0.014902    0.054810    0.037065   10.037065 ^ clk (in)
                                                         clk (net)
                      0.054814    0.000000   10.037065 ^ clkbuf_0_clk/A (sky130_fd_sc_hd__clkbuf_16)
     4    0.039391    0.044772    0.103487   10.140552 ^ clkbuf_0_clk/X (sky130_fd_sc_hd__clkbuf_16)
                                                         clknet_0_clk (net)
                      0.044776    0.000433   10.140985 ^ clkbuf_2_2__f_clk/A (sky130_fd_sc_hd__clkbuf_16)
    13    0.035445    0.042040    0.098590   10.239574 ^ clkbuf_2_2__f_clk/X (sky130_fd_sc_hd__clkbuf_16)
                                                         clknet_2_2__leaf_clk (net)
                      0.042040    0.000155   10.239729 ^ _222_/CLK (sky130_fd_sc_hd__dfrtp_2)
                                 -0.250000    9.989729   clock uncertainty
                                  0.000000    9.989729   clock reconvergence pessimism
                                 -0.075024    9.914706   library setup time
                                              9.914706   data required time
---------------------------------------------------------------------------------------------
                                              9.914706   data required time
                                             -0.903256   data arrival time
---------------------------------------------------------------------------------------------
                                              9.011450   slack (MET)


Startpoint: _187_ (rising edge-triggered flip-flop clocked by clk)
Endpoint: _190_ (rising edge-triggered flip-flop clocked by clk)
Path Group: clk
Path Type: max

Fanout         Cap        Slew       Delay        Time   Description
---------------------------------------------------------------------------------------------
                                  0.000000    0.000000   clock clk (rise edge)
                                  0.000000    0.000000   clock source latency
     1    0.014902    0.054810    0.037065    0.037065 ^ clk (in)
                                                         clk (net)
                      0.054814    0.000000    0.037065 ^ clkbuf_0_clk/A (sky130_fd_sc_hd__clkbuf_16)
     4    0.039391    0.044772    0.103487    0.140551 ^ clkbuf_0_clk/X (sky130_fd_sc_hd__clkbuf_16)
                                                         clknet_0_clk (net)
                      0.044780    0.000533    0.141084 ^ clkbuf_2_1__f_clk/A (sky130_fd_sc_hd__clkbuf_16)
    13    0.039943    0.045147    0.101055    0.242139 ^ clkbuf_2_1__f_clk/X (sky130_fd_sc_hd__clkbuf_16)
                                                         clknet_2_1__leaf_clk (net)
                      0.045149    0.000273    0.242412 ^ _187_/CLK (sky130_fd_sc_hd__dfrtp_2)
     6    0.029428    0.112218    0.282657    0.525069 ^ _187_/Q (sky130_fd_sc_hd__dfrtp_2)
                                                         counter[0] (net)
                      0.112218    0.000320    0.525389 ^ _114_/A (sky130_fd_sc_hd__and4_2)
     8    0.038069    0.154732    0.231607    0.756996 ^ _114_/X (sky130_fd_sc_hd__and4_2)
                                                         _035_ (net)
                      0.154732    0.000524    0.757520 ^ _116_/A_N (sky130_fd_sc_hd__and2b_2)
     1    0.005030    0.030833    0.144704    0.902224 v _116_/X (sky130_fd_sc_hd__and2b_2)
                                                         _025_ (net)
                      0.030833    0.000106    0.902331 v _190_/D (sky130_fd_sc_hd__dfrtp_2)
                                              0.902331   data arrival time

                                 10.000000   10.000000   clock clk (rise edge)
                                  0.000000   10.000000   clock source latency
     1    0.014902    0.054810    0.037065   10.037065 ^ clk (in)
                                                         clk (net)
                      0.054814    0.000000   10.037065 ^ clkbuf_0_clk/A (sky130_fd_sc_hd__clkbuf_16)
     4    0.039391    0.044772    0.103487   10.140552 ^ clkbuf_0_clk/X (sky130_fd_sc_hd__clkbuf_16)
                                                         clknet_0_clk (net)
                      0.044780    0.000533   10.141085 ^ clkbuf_2_1__f_clk/A (sky130_fd_sc_hd__clkbuf_16)
    13    0.039943    0.045147    0.101054   10.242139 ^ clkbuf_2_1__f_clk/X (sky130_fd_sc_hd__clkbuf_16)
                                                         clknet_2_1__leaf_clk (net)
                      0.045148    0.000250   10.242389 ^ _190_/CLK (sky130_fd_sc_hd__dfrtp_2)
                                 -0.250000    9.992389   clock uncertainty
                                  0.000000    9.992389   clock reconvergence pessimism
                                 -0.071984    9.920405   library setup time
                                              9.920405   data required time
---------------------------------------------------------------------------------------------
                                              9.920405   data required time
                                             -0.902331   data arrival time
---------------------------------------------------------------------------------------------
                                              9.018075   slack (MET)


Startpoint: _196_ (rising edge-triggered flip-flop clocked by clk)
Endpoint: _220_ (rising edge-triggered flip-flop clocked by clk)
Path Group: clk
Path Type: max

Fanout         Cap        Slew       Delay        Time   Description
---------------------------------------------------------------------------------------------
                                  0.000000    0.000000   clock clk (rise edge)
                                  0.000000    0.000000   clock source latency
     1    0.014902    0.054810    0.037065    0.037065 ^ clk (in)
                                                         clk (net)
                      0.054814    0.000000    0.037065 ^ clkbuf_0_clk/A (sky130_fd_sc_hd__clkbuf_16)
     4    0.039391    0.044772    0.103487    0.140551 ^ clkbuf_0_clk/X (sky130_fd_sc_hd__clkbuf_16)
                                                         clknet_0_clk (net)
                      0.044778    0.000496    0.141048 ^ clkbuf_2_0__f_clk/A (sky130_fd_sc_hd__clkbuf_16)
     9    0.033613    0.040753    0.097504    0.238552 ^ clkbuf_2_0__f_clk/X (sky130_fd_sc_hd__clkbuf_16)
                                                         clknet_2_0__leaf_clk (net)
                      0.040754    0.000331    0.238882 ^ _196_/CLK (sky130_fd_sc_hd__dfrtp_2)
     5    0.025103    0.064722    0.286242    0.525124 v _196_/Q (sky130_fd_sc_hd__dfrtp_2)
                                                         counter[9] (net)
                      0.064722    0.000200    0.525324 v hold87/A (sky130_fd_sc_hd__dlygate4sd3_1)
     1    0.002946    0.038638    0.373949    0.899274 v hold87/X (sky130_fd_sc_hd__dlygate4sd3_1)
                                                         net87 (net)
                      0.038638    0.000032    0.899305 v _220_/D (sky130_fd_sc_hd__dfrtp_2)
                                              0.899305   data arrival time

                                 10.000000   10.000000   clock clk (rise edge)
                                  0.000000   10.000000   clock source latency
     1    0.014902    0.054810    0.037065   10.037065 ^ clk (in)
                                                         clk (net)
                      0.054814    0.000000   10.037065 ^ clkbuf_0_clk/A (sky130_fd_sc_hd__clkbuf_16)
     4    0.039391    0.044772    0.103487   10.140552 ^ clkbuf_0_clk/X (sky130_fd_sc_hd__clkbuf_16)
                                                         clknet_0_clk (net)
                      0.044780    0.000533   10.141085 ^ clkbuf_2_1__f_clk/A (sky130_fd_sc_hd__clkbuf_16)
    13    0.039943    0.045147    0.101054   10.242139 ^ clkbuf_2_1__f_clk/X (sky130_fd_sc_hd__clkbuf_16)
                                                         clknet_2_1__leaf_clk (net)
                      0.045149    0.000274   10.242414 ^ _220_/CLK (sky130_fd_sc_hd__dfrtp_2)
                                 -0.250000    9.992414   clock uncertainty
                                  0.000000    9.992414   clock reconvergence pessimism
                                 -0.074769    9.917644   library setup time
                                              9.917644   data required time
---------------------------------------------------------------------------------------------
                                              9.917644   data required time
                                             -0.899305   data arrival time
---------------------------------------------------------------------------------------------
                                              9.018338   slack (MET)


Startpoint: _197_ (rising edge-triggered flip-flop clocked by clk)
Endpoint: _221_ (rising edge-triggered flip-flop clocked by clk)
Path Group: clk
Path Type: max

Fanout         Cap        Slew       Delay        Time   Description
---------------------------------------------------------------------------------------------
                                  0.000000    0.000000   clock clk (rise edge)
                                  0.000000    0.000000   clock source latency
     1    0.014902    0.054810    0.037065    0.037065 ^ clk (in)
                                                         clk (net)
                      0.054814    0.000000    0.037065 ^ clkbuf_0_clk/A (sky130_fd_sc_hd__clkbuf_16)
     4    0.039391    0.044772    0.103487    0.140551 ^ clkbuf_0_clk/X (sky130_fd_sc_hd__clkbuf_16)
                                                         clknet_0_clk (net)
                      0.044778    0.000496    0.141048 ^ clkbuf_2_0__f_clk/A (sky130_fd_sc_hd__clkbuf_16)
     9    0.033613    0.040753    0.097504    0.238552 ^ clkbuf_2_0__f_clk/X (sky130_fd_sc_hd__clkbuf_16)
                                                         clknet_2_0__leaf_clk (net)
                      0.040754    0.000335    0.238887 ^ _197_/CLK (sky130_fd_sc_hd__dfrtp_2)
     4    0.019546    0.056161    0.277206    0.516093 v _197_/Q (sky130_fd_sc_hd__dfrtp_2)
                                                         counter[10] (net)
                      0.056161    0.000206    0.516299 v hold85/A (sky130_fd_sc_hd__dlygate4sd3_1)
     1    0.003403    0.040668    0.373208    0.889506 v hold85/X (sky130_fd_sc_hd__dlygate4sd3_1)
                                                         net85 (net)
                      0.040668    0.000034    0.889540 v _221_/D (sky130_fd_sc_hd__dfrtp_2)
                                              0.889540   data arrival time

                                 10.000000   10.000000   clock clk (rise edge)
                                  0.000000   10.000000   clock source latency
     1    0.014902    0.054810    0.037065   10.037065 ^ clk (in)
                                                         clk (net)
                      0.054814    0.000000   10.037065 ^ clkbuf_0_clk/A (sky130_fd_sc_hd__clkbuf_16)
     4    0.039391    0.044772    0.103487   10.140552 ^ clkbuf_0_clk/X (sky130_fd_sc_hd__clkbuf_16)
                                                         clknet_0_clk (net)
                      0.044778    0.000496   10.141048 ^ clkbuf_2_0__f_clk/A (sky130_fd_sc_hd__clkbuf_16)
     9    0.033613    0.040753    0.097503   10.238552 ^ clkbuf_2_0__f_clk/X (sky130_fd_sc_hd__clkbuf_16)
                                                         clknet_2_0__leaf_clk (net)
                      0.040754    0.000389   10.238940 ^ _221_/CLK (sky130_fd_sc_hd__dfrtp_2)
                                 -0.250000    9.988940   clock uncertainty
                                  0.000000    9.988940   clock reconvergence pessimism
                                 -0.075918    9.913023   library setup time
                                              9.913023   data required time
---------------------------------------------------------------------------------------------
                                              9.913023   data required time
                                             -0.889540   data arrival time
---------------------------------------------------------------------------------------------
                                              9.023482   slack (MET)


Startpoint: _202_ (rising edge-triggered flip-flop clocked by clk)
Endpoint: _226_ (rising edge-triggered flip-flop clocked by clk)
Path Group: clk
Path Type: max

Fanout         Cap        Slew       Delay        Time   Description
---------------------------------------------------------------------------------------------
                                  0.000000    0.000000   clock clk (rise edge)
                                  0.000000    0.000000   clock source latency
     1    0.014902    0.054810    0.037065    0.037065 ^ clk (in)
                                                         clk (net)
                      0.054814    0.000000    0.037065 ^ clkbuf_0_clk/A (sky130_fd_sc_hd__clkbuf_16)
     4    0.039391    0.044772    0.103487    0.140551 ^ clkbuf_0_clk/X (sky130_fd_sc_hd__clkbuf_16)
                                                         clknet_0_clk (net)
                      0.044776    0.000434    0.140985 ^ clkbuf_2_2__f_clk/A (sky130_fd_sc_hd__clkbuf_16)
    13    0.035445    0.042040    0.098590    0.239575 ^ clkbuf_2_2__f_clk/X (sky130_fd_sc_hd__clkbuf_16)
                                                         clknet_2_2__leaf_clk (net)
                      0.042040    0.000106    0.239681 ^ _202_/CLK (sky130_fd_sc_hd__dfrtp_2)
     4    0.017977    0.053764    0.275079    0.514760 v _202_/Q (sky130_fd_sc_hd__dfrtp_2)
                                                         counter[15] (net)
                      0.053803    0.000145    0.514905 v hold86/A (sky130_fd_sc_hd__dlygate4sd3_1)
     1    0.003111    0.039318    0.370485    0.885390 v hold86/X (sky130_fd_sc_hd__dlygate4sd3_1)
                                                         net86 (net)
                      0.039318    0.000025    0.885415 v _226_/D (sky130_fd_sc_hd__dfrtp_2)
                                              0.885415   data arrival time

                                 10.000000   10.000000   clock clk (rise edge)
                                  0.000000   10.000000   clock source latency
     1    0.014902    0.054810    0.037065   10.037065 ^ clk (in)
                                                         clk (net)
                      0.054814    0.000000   10.037065 ^ clkbuf_0_clk/A (sky130_fd_sc_hd__clkbuf_16)
     4    0.039391    0.044772    0.103487   10.140552 ^ clkbuf_0_clk/X (sky130_fd_sc_hd__clkbuf_16)
                                                         clknet_0_clk (net)
                      0.044776    0.000433   10.140985 ^ clkbuf_2_2__f_clk/A (sky130_fd_sc_hd__clkbuf_16)
    13    0.035445    0.042040    0.098590   10.239574 ^ clkbuf_2_2__f_clk/X (sky130_fd_sc_hd__clkbuf_16)
                                                         clknet_2_2__leaf_clk (net)
                      0.042040    0.000122   10.239697 ^ _226_/CLK (sky130_fd_sc_hd__dfrtp_2)
                                 -0.250000    9.989697   clock uncertainty
                                  0.000000    9.989697   clock reconvergence pessimism
                                 -0.075312    9.914385   library setup time
                                              9.914385   data required time
---------------------------------------------------------------------------------------------
                                              9.914385   data required time
                                             -0.885415   data arrival time
---------------------------------------------------------------------------------------------
                                              9.028970   slack (MET)


Startpoint: _188_ (rising edge-triggered flip-flop clocked by clk)
Endpoint: _191_ (rising edge-triggered flip-flop clocked by clk)
Path Group: clk
Path Type: max

Fanout         Cap        Slew       Delay        Time   Description
---------------------------------------------------------------------------------------------
                                  0.000000    0.000000   clock clk (rise edge)
                                  0.000000    0.000000   clock source latency
     1    0.014902    0.054810    0.037065    0.037065 ^ clk (in)
                                                         clk (net)
                      0.054814    0.000000    0.037065 ^ clkbuf_0_clk/A (sky130_fd_sc_hd__clkbuf_16)
     4    0.039391    0.044772    0.103487    0.140551 ^ clkbuf_0_clk/X (sky130_fd_sc_hd__clkbuf_16)
                                                         clknet_0_clk (net)
                      0.044780    0.000533    0.141084 ^ clkbuf_2_1__f_clk/A (sky130_fd_sc_hd__clkbuf_16)
    13    0.039943    0.045147    0.101055    0.242139 ^ clkbuf_2_1__f_clk/X (sky130_fd_sc_hd__clkbuf_16)
                                                         clknet_2_1__leaf_clk (net)
                      0.045147    0.000181    0.242320 ^ _188_/CLK (sky130_fd_sc_hd__dfrtp_2)
     5    0.025847    0.065820    0.288800    0.531119 v _188_/Q (sky130_fd_sc_hd__dfrtp_2)
                                                         counter[1] (net)
                      0.065820    0.000121    0.531240 v _114_/B (sky130_fd_sc_hd__and4_2)
     8    0.035938    0.079418    0.196879    0.728119 v _114_/X (sky130_fd_sc_hd__and4_2)
                                                         _035_ (net)
                      0.079427    0.000851    0.728970 v _118_/B (sky130_fd_sc_hd__xor2_2)
     1    0.003122    0.045116    0.103233    0.832204 v _118_/X (sky130_fd_sc_hd__xor2_2)
                                                         _026_ (net)
                      0.045116    0.000040    0.832243 v _191_/D (sky130_fd_sc_hd__dfrtp_2)
                                              0.832243   data arrival time

                                 10.000000   10.000000   clock clk (rise edge)
                                  0.000000   10.000000   clock source latency
     1    0.014902    0.054810    0.037065   10.037065 ^ clk (in)
                                                         clk (net)
                      0.054814    0.000000   10.037065 ^ clkbuf_0_clk/A (sky130_fd_sc_hd__clkbuf_16)
     4    0.039391    0.044772    0.103487   10.140552 ^ clkbuf_0_clk/X (sky130_fd_sc_hd__clkbuf_16)
                                                         clknet_0_clk (net)
                      0.044778    0.000496   10.141048 ^ clkbuf_2_0__f_clk/A (sky130_fd_sc_hd__clkbuf_16)
     9    0.033613    0.040753    0.097503   10.238552 ^ clkbuf_2_0__f_clk/X (sky130_fd_sc_hd__clkbuf_16)
                                                         clknet_2_0__leaf_clk (net)
                      0.040754    0.000340   10.238892 ^ _191_/CLK (sky130_fd_sc_hd__dfrtp_2)
                                 -0.250000    9.988892   clock uncertainty
                                  0.000000    9.988892   clock reconvergence pessimism
                                 -0.077505    9.911386   library setup time
                                              9.911386   data required time
---------------------------------------------------------------------------------------------
                                              9.911386   data required time
                                             -0.832243   data arrival time
---------------------------------------------------------------------------------------------
                                              9.079143   slack (MET)


Startpoint: _187_ (rising edge-triggered flip-flop clocked by clk)
Endpoint: _188_ (rising edge-triggered flip-flop clocked by clk)
Path Group: clk
Path Type: max

Fanout         Cap        Slew       Delay        Time   Description
---------------------------------------------------------------------------------------------
                                  0.000000    0.000000   clock clk (rise edge)
                                  0.000000    0.000000   clock source latency
     1    0.014902    0.054810    0.037065    0.037065 ^ clk (in)
                                                         clk (net)
                      0.054814    0.000000    0.037065 ^ clkbuf_0_clk/A (sky130_fd_sc_hd__clkbuf_16)
     4    0.039391    0.044772    0.103487    0.140551 ^ clkbuf_0_clk/X (sky130_fd_sc_hd__clkbuf_16)
                                                         clknet_0_clk (net)
                      0.044780    0.000533    0.141084 ^ clkbuf_2_1__f_clk/A (sky130_fd_sc_hd__clkbuf_16)
    13    0.039943    0.045147    0.101055    0.242139 ^ clkbuf_2_1__f_clk/X (sky130_fd_sc_hd__clkbuf_16)
                                                         clknet_2_1__leaf_clk (net)
                      0.045149    0.000273    0.242412 ^ _187_/CLK (sky130_fd_sc_hd__dfrtp_2)
     6    0.027814    0.068989    0.291960    0.534371 v _187_/Q (sky130_fd_sc_hd__dfrtp_2)
                                                         counter[0] (net)
                      0.068989    0.000188    0.534560 v _111_/A (sky130_fd_sc_hd__or2_2)
     1    0.004270    0.039966    0.185217    0.719776 v _111_/X (sky130_fd_sc_hd__or2_2)
                                                         _034_ (net)
                      0.039966    0.000075    0.719851 v _112_/B (sky130_fd_sc_hd__and2_2)
     1    0.003603    0.027923    0.118662    0.838513 v _112_/X (sky130_fd_sc_hd__and2_2)
                                                         _011_ (net)
                      0.027923    0.000050    0.838564 v _188_/D (sky130_fd_sc_hd__dfrtp_2)
                                              0.838564   data arrival time

                                 10.000000   10.000000   clock clk (rise edge)
                                  0.000000   10.000000   clock source latency
     1    0.014902    0.054810    0.037065   10.037065 ^ clk (in)
                                                         clk (net)
                      0.054814    0.000000   10.037065 ^ clkbuf_0_clk/A (sky130_fd_sc_hd__clkbuf_16)
     4    0.039391    0.044772    0.103487   10.140552 ^ clkbuf_0_clk/X (sky130_fd_sc_hd__clkbuf_16)
                                                         clknet_0_clk (net)
                      0.044780    0.000533   10.141085 ^ clkbuf_2_1__f_clk/A (sky130_fd_sc_hd__clkbuf_16)
    13    0.039943    0.045147    0.101054   10.242139 ^ clkbuf_2_1__f_clk/X (sky130_fd_sc_hd__clkbuf_16)
                                                         clknet_2_1__leaf_clk (net)
                      0.045147    0.000181   10.242320 ^ _188_/CLK (sky130_fd_sc_hd__dfrtp_2)
                                 -0.250000    9.992320   clock uncertainty
                                  0.000000    9.992320   clock reconvergence pessimism
                                 -0.070945    9.921375   library setup time
                                              9.921375   data required time
---------------------------------------------------------------------------------------------
                                              9.921375   data required time
                                             -0.838564   data arrival time
---------------------------------------------------------------------------------------------
                                              9.082811   slack (MET)



