
===========================================================================
report_checks -path_delay min (Hold)
============================================================================
======================= nom_tt_025C_1v80 Corner ===================================

Startpoint: _1055_ (rising edge-triggered flip-flop clocked by clk)
Endpoint: _1056_ (rising edge-triggered flip-flop clocked by clk)
Path Group: clk
Path Type: min

Fanout         Cap        Slew       Delay        Time   Description
---------------------------------------------------------------------------------------------
                                  0.000000    0.000000   clock clk (rise edge)
                                  0.000000    0.000000   clock source latency
   196    0.487655    0.000000    0.000000    0.000000 ^ clk (in)
                                                         clk (net)
                      0.015571    0.007786    0.007786 ^ _1055_/CLK (sky130_fd_sc_hd__dfrtp_2)
     1    0.002324    0.036970    0.316854    0.324640 ^ _1055_/Q (sky130_fd_sc_hd__dfrtp_2)
                                                         rst_sync_n_1 (net)
                      0.036970    0.000003    0.324643 ^ _1056_/D (sky130_fd_sc_hd__dfrtp_2)
                                              0.324643   data arrival time

                                  0.000000    0.000000   clock clk (rise edge)
                                  0.000000    0.000000   clock source latency
   196    0.487655    0.000000    0.000000    0.000000 ^ clk (in)
                                                         clk (net)
                      0.015566    0.007783    0.007783 ^ _1056_/CLK (sky130_fd_sc_hd__dfrtp_2)
                                  0.250000    0.257783   clock uncertainty
                                  0.000000    0.257783   clock reconvergence pessimism
                                 -0.037030    0.220753   library hold time
                                              0.220753   data required time
---------------------------------------------------------------------------------------------
                                              0.220753   data required time
                                             -0.324643   data arrival time
---------------------------------------------------------------------------------------------
                                              0.103890   slack (MET)


Startpoint: _1087_ (rising edge-triggered flip-flop clocked by clk)
Endpoint: _1087_ (rising edge-triggered flip-flop clocked by clk)
Path Group: clk
Path Type: min

Fanout         Cap        Slew       Delay        Time   Description
---------------------------------------------------------------------------------------------
                                  0.000000    0.000000   clock clk (rise edge)
                                  0.000000    0.000000   clock source latency
   196    0.487655    0.000000    0.000000    0.000000 ^ clk (in)
                                                         clk (net)
                      0.003107    0.001553    0.001553 ^ _1087_/CLK (sky130_fd_sc_hd__dfrtp_2)
     4    0.013592    0.083320    0.363441    0.364995 ^ _1087_/Q (sky130_fd_sc_hd__dfrtp_2)
                                                         u_gpio.led3_cnt_q[0] (net)
                      0.083320    0.000024    0.365019 ^ _0865_/A (sky130_fd_sc_hd__nor2_2)
     1    0.002183    0.025702    0.041842    0.406862 v _0865_/Y (sky130_fd_sc_hd__nor2_2)
                                                         u_gpio.led3_cnt_d[0] (net)
                      0.025702    0.000002    0.406864 v _1087_/D (sky130_fd_sc_hd__dfrtp_2)
                                              0.406864   data arrival time

                                  0.000000    0.000000   clock clk (rise edge)
                                  0.000000    0.000000   clock source latency
   196    0.487655    0.000000    0.000000    0.000000 ^ clk (in)
                                                         clk (net)
                      0.003107    0.001553    0.001553 ^ _1087_/CLK (sky130_fd_sc_hd__dfrtp_2)
                                  0.250000    0.251553   clock uncertainty
                                  0.000000    0.251553   clock reconvergence pessimism
                                 -0.043809    0.207744   library hold time
                                              0.207744   data required time
---------------------------------------------------------------------------------------------
                                              0.207744   data required time
                                             -0.406864   data arrival time
---------------------------------------------------------------------------------------------
                                              0.199119   slack (MET)


Startpoint: _1175_ (rising edge-triggered flip-flop clocked by clk)
Endpoint: _1175_ (rising edge-triggered flip-flop clocked by clk)
Path Group: clk
Path Type: min

Fanout         Cap        Slew       Delay        Time   Description
---------------------------------------------------------------------------------------------
                                  0.000000    0.000000   clock clk (rise edge)
                                  0.000000    0.000000   clock source latency
   196    0.487655    0.000000    0.000000    0.000000 ^ clk (in)
                                                         clk (net)
                      0.018418    0.009209    0.009209 ^ _1175_/CLK (sky130_fd_sc_hd__dfrtp_2)
     4    0.013870    0.084333    0.369608    0.378817 ^ _1175_/Q (sky130_fd_sc_hd__dfrtp_2)
                                                         u_gpio.led4_cnt_q[0] (net)
                      0.084333    0.000029    0.378846 ^ _0908_/A (sky130_fd_sc_hd__nor2_2)
     1    0.002184    0.025877    0.042052    0.420897 v _0908_/Y (sky130_fd_sc_hd__nor2_2)
                                                         u_gpio.led4_cnt_d[0] (net)
                      0.025877    0.000002    0.420900 v _1175_/D (sky130_fd_sc_hd__dfrtp_2)
                                              0.420900   data arrival time

                                  0.000000    0.000000   clock clk (rise edge)
                                  0.000000    0.000000   clock source latency
   196    0.487655    0.000000    0.000000    0.000000 ^ clk (in)
                                                         clk (net)
                      0.018418    0.009209    0.009209 ^ _1175_/CLK (sky130_fd_sc_hd__dfrtp_2)
                                  0.250000    0.259209   clock uncertainty
                                  0.000000    0.259209   clock reconvergence pessimism
                                 -0.040389    0.218820   library hold time
                                              0.218820   data required time
---------------------------------------------------------------------------------------------
                                              0.218820   data required time
                                             -0.420900   data arrival time
---------------------------------------------------------------------------------------------
                                              0.202080   slack (MET)


Startpoint: _1016_ (rising edge-triggered flip-flop clocked by clk)
Endpoint: _1062_ (rising edge-triggered flip-flop clocked by clk)
Path Group: clk
Path Type: min

Fanout         Cap        Slew       Delay        Time   Description
---------------------------------------------------------------------------------------------
                                  0.000000    0.000000   clock clk (rise edge)
                                  0.000000    0.000000   clock source latency
   196    0.487655    0.000000    0.000000    0.000000 ^ clk (in)
                                                         clk (net)
                      0.014580    0.007290    0.007290 ^ _1016_/CLK (sky130_fd_sc_hd__dfrtp_2)
     4    0.018060    0.102366    0.382624    0.389914 ^ _1016_/Q (sky130_fd_sc_hd__dfrtp_2)
                                                         coh_fill_notify[0] (net)
                      0.102366    0.000207    0.390122 ^ _0660_/C1 (sky130_fd_sc_hd__a211oi_2)
     1    0.002055    0.033339    0.039080    0.429201 v _0660_/Y (sky130_fd_sc_hd__a211oi_2)
                                                         _0031_ (net)
                      0.033339    0.000001    0.429203 v _1062_/D (sky130_fd_sc_hd__dfrtp_2)
                                              0.429203   data arrival time

                                  0.000000    0.000000   clock clk (rise edge)
                                  0.000000    0.000000   clock source latency
   196    0.487655    0.000000    0.000000    0.000000 ^ clk (in)
                                                         clk (net)
                      0.018728    0.009364    0.009364 ^ _1062_/CLK (sky130_fd_sc_hd__dfrtp_2)
                                  0.250000    0.259364   clock uncertainty
                                  0.000000    0.259364   clock reconvergence pessimism
                                 -0.043357    0.216007   library hold time
                                              0.216007   data required time
---------------------------------------------------------------------------------------------
                                              0.216007   data required time
                                             -0.429203   data arrival time
---------------------------------------------------------------------------------------------
                                              0.213196   slack (MET)


Startpoint: _1151_ (rising edge-triggered flip-flop clocked by clk)
Endpoint: _1151_ (rising edge-triggered flip-flop clocked by clk)
Path Group: clk
Path Type: min

Fanout         Cap        Slew       Delay        Time   Description
---------------------------------------------------------------------------------------------
                                  0.000000    0.000000   clock clk (rise edge)
                                  0.000000    0.000000   clock source latency
   196    0.487655    0.000000    0.000000    0.000000 ^ clk (in)
                                                         clk (net)
                      0.010583    0.005291    0.005291 ^ _1151_/CLK (sky130_fd_sc_hd__dfrtp_2)
     2    0.006640    0.056481    0.336855    0.342146 ^ _1151_/Q (sky130_fd_sc_hd__dfrtp_2)
                                                         u_gpio.led1_cnt_q[20] (net)
                      0.056481    0.000009    0.342156 ^ _0805_/B1 (sky130_fd_sc_hd__o21ai_2)
     1    0.004669    0.034870    0.052542    0.394697 v _0805_/Y (sky130_fd_sc_hd__o21ai_2)
                                                         _0334_ (net)
                      0.034870    0.000008    0.394705 v _0806_/C1 (sky130_fd_sc_hd__o211ai_2)
     1    0.002057    0.040451    0.044493    0.439198 ^ _0806_/Y (sky130_fd_sc_hd__o211ai_2)
                                                         u_gpio.led1_cnt_d[20] (net)
                      0.040451    0.000000    0.439199 ^ _1151_/D (sky130_fd_sc_hd__dfrtp_2)
                                              0.439199   data arrival time

                                  0.000000    0.000000   clock clk (rise edge)
                                  0.000000    0.000000   clock source latency
   196    0.487655    0.000000    0.000000    0.000000 ^ clk (in)
                                                         clk (net)
                      0.010583    0.005291    0.005291 ^ _1151_/CLK (sky130_fd_sc_hd__dfrtp_2)
                                  0.250000    0.255291   clock uncertainty
                                  0.000000    0.255291   clock reconvergence pessimism
                                 -0.038434    0.216857   library hold time
                                              0.216857   data required time
---------------------------------------------------------------------------------------------
                                              0.216857   data required time
                                             -0.439199   data arrival time
---------------------------------------------------------------------------------------------
                                              0.222342   slack (MET)


Startpoint: _1081_ (rising edge-triggered flip-flop clocked by clk)
Endpoint: _1081_ (rising edge-triggered flip-flop clocked by clk)
Path Group: clk
Path Type: min

Fanout         Cap        Slew       Delay        Time   Description
---------------------------------------------------------------------------------------------
                                  0.000000    0.000000   clock clk (rise edge)
                                  0.000000    0.000000   clock source latency
   196    0.487655    0.000000    0.000000    0.000000 ^ clk (in)
                                                         clk (net)
                      0.015876    0.007938    0.007938 ^ _1081_/CLK (sky130_fd_sc_hd__dfstp_2)
     3    0.007676    0.032462    0.354855    0.362792 v _1081_/Q (sky130_fd_sc_hd__dfstp_2)
                                                         u_uart.tx_baud_cnt_q[4] (net)
                      0.032462    0.000012    0.362805 v _0684_/A (sky130_fd_sc_hd__nand2_2)
     1    0.004900    0.038270    0.049447    0.412251 ^ _0684_/Y (sky130_fd_sc_hd__nand2_2)
                                                         _0261_ (net)
                      0.038270    0.000004    0.412255 ^ _0685_/C (sky130_fd_sc_hd__nand3_2)
     1    0.002278    0.036742    0.058482    0.470737 v _0685_/Y (sky130_fd_sc_hd__nand3_2)
                                                         u_uart.tx_baud_cnt_d[4] (net)
                      0.036742    0.000000    0.470737 v _1081_/D (sky130_fd_sc_hd__dfstp_2)
                                              0.470737   data arrival time

                                  0.000000    0.000000   clock clk (rise edge)
                                  0.000000    0.000000   clock source latency
   196    0.487655    0.000000    0.000000    0.000000 ^ clk (in)
                                                         clk (net)
                      0.015876    0.007938    0.007938 ^ _1081_/CLK (sky130_fd_sc_hd__dfstp_2)
                                  0.250000    0.257938   clock uncertainty
                                  0.000000    0.257938   clock reconvergence pessimism
                                 -0.012242    0.245696   library hold time
                                              0.245696   data required time
---------------------------------------------------------------------------------------------
                                              0.245696   data required time
                                             -0.470737   data arrival time
---------------------------------------------------------------------------------------------
                                              0.225042   slack (MET)


Startpoint: _1019_ (rising edge-triggered flip-flop clocked by clk)
Endpoint: _1019_ (rising edge-triggered flip-flop clocked by clk)
Path Group: clk
Path Type: min

Fanout         Cap        Slew       Delay        Time   Description
---------------------------------------------------------------------------------------------
                                  0.000000    0.000000   clock clk (rise edge)
                                  0.000000    0.000000   clock source latency
   196    0.487655    0.000000    0.000000    0.000000 ^ clk (in)
                                                         clk (net)
                      0.011912    0.005956    0.005956 ^ _1019_/CLK (sky130_fd_sc_hd__dfrtp_2)
     2    0.004575    0.047666    0.328419    0.334375 ^ _1019_/Q (sky130_fd_sc_hd__dfrtp_2)
                                                         per_core[0].u_dcache.line_valid_reg[2][0] (net)
                      0.047666    0.000006    0.334380 ^ _0952_/B1 (sky130_fd_sc_hd__o21a_2)
     1    0.002263    0.027981    0.111164    0.445545 ^ _0952_/X (sky130_fd_sc_hd__o21a_2)
                                                         _0042_ (net)
                      0.027981    0.000002    0.445547 ^ _1019_/D (sky130_fd_sc_hd__dfrtp_2)
                                              0.445547   data arrival time

                                  0.000000    0.000000   clock clk (rise edge)
                                  0.000000    0.000000   clock source latency
   196    0.487655    0.000000    0.000000    0.000000 ^ clk (in)
                                                         clk (net)
                      0.011912    0.005956    0.005956 ^ _1019_/CLK (sky130_fd_sc_hd__dfrtp_2)
                                  0.250000    0.255956   clock uncertainty
                                  0.000000    0.255956   clock reconvergence pessimism
                                 -0.035659    0.220297   library hold time
                                              0.220297   data required time
---------------------------------------------------------------------------------------------
                                              0.220297   data required time
                                             -0.445547   data arrival time
---------------------------------------------------------------------------------------------
                                              0.225250   slack (MET)


Startpoint: _1023_ (rising edge-triggered flip-flop clocked by clk)
Endpoint: _1023_ (rising edge-triggered flip-flop clocked by clk)
Path Group: clk
Path Type: min

Fanout         Cap        Slew       Delay        Time   Description
---------------------------------------------------------------------------------------------
                                  0.000000    0.000000   clock clk (rise edge)
                                  0.000000    0.000000   clock source latency
   196    0.487655    0.000000    0.000000    0.000000 ^ clk (in)
                                                         clk (net)
                      0.011911    0.005955    0.005955 ^ _1023_/CLK (sky130_fd_sc_hd__dfrtp_2)
     2    0.004655    0.048006    0.328761    0.334717 ^ _1023_/Q (sky130_fd_sc_hd__dfrtp_2)
                                                         per_core[1].u_dcache.line_valid_reg[2][0] (net)
                      0.048006    0.000005    0.334722 ^ _0956_/B1 (sky130_fd_sc_hd__o21a_2)
     1    0.002286    0.028088    0.111393    0.446115 ^ _0956_/X (sky130_fd_sc_hd__o21a_2)
                                                         _0046_ (net)
                      0.028088    0.000003    0.446117 ^ _1023_/D (sky130_fd_sc_hd__dfrtp_2)
                                              0.446117   data arrival time

                                  0.000000    0.000000   clock clk (rise edge)
                                  0.000000    0.000000   clock source latency
   196    0.487655    0.000000    0.000000    0.000000 ^ clk (in)
                                                         clk (net)
                      0.011911    0.005955    0.005955 ^ _1023_/CLK (sky130_fd_sc_hd__dfrtp_2)
                                  0.250000    0.255955   clock uncertainty
                                  0.000000    0.255955   clock reconvergence pessimism
                                 -0.035682    0.220274   library hold time
                                              0.220274   data required time
---------------------------------------------------------------------------------------------
                                              0.220274   data required time
                                             -0.446117   data arrival time
---------------------------------------------------------------------------------------------
                                              0.225844   slack (MET)


Startpoint: _1063_ (rising edge-triggered flip-flop clocked by clk)
Endpoint: _1063_ (rising edge-triggered flip-flop clocked by clk)
Path Group: clk
Path Type: min

Fanout         Cap        Slew       Delay        Time   Description
---------------------------------------------------------------------------------------------
                                  0.000000    0.000000   clock clk (rise edge)
                                  0.000000    0.000000   clock source latency
   196    0.487655    0.000000    0.000000    0.000000 ^ clk (in)
                                                         clk (net)
                      0.016518    0.008259    0.008259 ^ _1063_/CLK (sky130_fd_sc_hd__dfrtp_2)
     2    0.004484    0.047247    0.329601    0.337860 ^ _1063_/Q (sky130_fd_sc_hd__dfrtp_2)
                                                         coh_status[2] (net)
                      0.047247    0.000004    0.337863 ^ _0654_/B1 (sky130_fd_sc_hd__o21a_2)
     1    0.002307    0.028407    0.111244    0.449107 ^ _0654_/X (sky130_fd_sc_hd__o21a_2)
                                                         _0028_ (net)
                      0.028407    0.000003    0.449110 ^ _1063_/D (sky130_fd_sc_hd__dfrtp_2)
                                              0.449110   data arrival time

                                  0.000000    0.000000   clock clk (rise edge)
                                  0.000000    0.000000   clock source latency
   196    0.487655    0.000000    0.000000    0.000000 ^ clk (in)
                                                         clk (net)
                      0.016518    0.008259    0.008259 ^ _1063_/CLK (sky130_fd_sc_hd__dfrtp_2)
                                  0.250000    0.258259   clock uncertainty
                                  0.000000    0.258259   clock reconvergence pessimism
                                 -0.035120    0.223138   library hold time
                                              0.223138   data required time
---------------------------------------------------------------------------------------------
                                              0.223138   data required time
                                             -0.449110   data arrival time
---------------------------------------------------------------------------------------------
                                              0.225972   slack (MET)


Startpoint: _1064_ (rising edge-triggered flip-flop clocked by clk)
Endpoint: _1064_ (rising edge-triggered flip-flop clocked by clk)
Path Group: clk
Path Type: min

Fanout         Cap        Slew       Delay        Time   Description
---------------------------------------------------------------------------------------------
                                  0.000000    0.000000   clock clk (rise edge)
                                  0.000000    0.000000   clock source latency
   196    0.487655    0.000000    0.000000    0.000000 ^ clk (in)
                                                         clk (net)
                      0.016619    0.008310    0.008310 ^ _1064_/CLK (sky130_fd_sc_hd__dfrtp_2)
     2    0.004565    0.047590    0.329983    0.338293 ^ _1064_/Q (sky130_fd_sc_hd__dfrtp_2)
                                                         coh_status[3] (net)
                      0.047590    0.000004    0.338297 ^ _0655_/B1 (sky130_fd_sc_hd__o21a_2)
     1    0.002316    0.028450    0.111404    0.449701 ^ _0655_/X (sky130_fd_sc_hd__o21a_2)
                                                         _0029_ (net)
                      0.028450    0.000003    0.449704 ^ _1064_/D (sky130_fd_sc_hd__dfrtp_2)
                                              0.449704   data arrival time

                                  0.000000    0.000000   clock clk (rise edge)
                                  0.000000    0.000000   clock source latency
   196    0.487655    0.000000    0.000000    0.000000 ^ clk (in)
                                                         clk (net)
                      0.016619    0.008310    0.008310 ^ _1064_/CLK (sky130_fd_sc_hd__dfrtp_2)
                                  0.250000    0.258310   clock uncertainty
                                  0.000000    0.258310   clock reconvergence pessimism
                                 -0.035116    0.223194   library hold time
                                              0.223194   data required time
---------------------------------------------------------------------------------------------
                                              0.223194   data required time
                                             -0.449704   data arrival time
---------------------------------------------------------------------------------------------
                                              0.226510   slack (MET)


Startpoint: _1065_ (rising edge-triggered flip-flop clocked by clk)
Endpoint: _1065_ (rising edge-triggered flip-flop clocked by clk)
Path Group: clk
Path Type: min

Fanout         Cap        Slew       Delay        Time   Description
---------------------------------------------------------------------------------------------
                                  0.000000    0.000000   clock clk (rise edge)
                                  0.000000    0.000000   clock source latency
   196    0.487655    0.000000    0.000000    0.000000 ^ clk (in)
                                                         clk (net)
                      0.018235    0.009117    0.009117 ^ _1065_/CLK (sky130_fd_sc_hd__dfrtp_2)
     2    0.004757    0.048399    0.331363    0.340481 ^ _1065_/Q (sky130_fd_sc_hd__dfrtp_2)
                                                         coh_status[4] (net)
                      0.048399    0.000010    0.340490 ^ _0651_/B1 (sky130_fd_sc_hd__o21a_2)
     1    0.002408    0.028793    0.112143    0.452633 ^ _0651_/X (sky130_fd_sc_hd__o21a_2)
                                                         _0026_ (net)
                      0.028793    0.000005    0.452638 ^ _1065_/D (sky130_fd_sc_hd__dfrtp_2)
                                              0.452638   data arrival time

                                  0.000000    0.000000   clock clk (rise edge)
                                  0.000000    0.000000   clock source latency
   196    0.487655    0.000000    0.000000    0.000000 ^ clk (in)
                                                         clk (net)
                      0.018235    0.009117    0.009117 ^ _1065_/CLK (sky130_fd_sc_hd__dfrtp_2)
                                  0.250000    0.259117   clock uncertainty
                                  0.000000    0.259117   clock reconvergence pessimism
                                 -0.034967    0.224151   library hold time
                                              0.224151   data required time
---------------------------------------------------------------------------------------------
                                              0.224151   data required time
                                             -0.452638   data arrival time
---------------------------------------------------------------------------------------------
                                              0.228487   slack (MET)


Startpoint: _1066_ (rising edge-triggered flip-flop clocked by clk)
Endpoint: _1066_ (rising edge-triggered flip-flop clocked by clk)
Path Group: clk
Path Type: min

Fanout         Cap        Slew       Delay        Time   Description
---------------------------------------------------------------------------------------------
                                  0.000000    0.000000   clock clk (rise edge)
                                  0.000000    0.000000   clock source latency
   196    0.487655    0.000000    0.000000    0.000000 ^ clk (in)
                                                         clk (net)
                      0.018234    0.009117    0.009117 ^ _1066_/CLK (sky130_fd_sc_hd__dfrtp_2)
     2    0.004789    0.048534    0.331500    0.340617 ^ _1066_/Q (sky130_fd_sc_hd__dfrtp_2)
                                                         coh_status[5] (net)
                      0.048534    0.000010    0.340627 ^ _0652_/B1 (sky130_fd_sc_hd__o21a_2)
     1    0.002406    0.028782    0.112177    0.452804 ^ _0652_/X (sky130_fd_sc_hd__o21a_2)
                                                         _0027_ (net)
                      0.028782    0.000005    0.452809 ^ _1066_/D (sky130_fd_sc_hd__dfrtp_2)
                                              0.452809   data arrival time

                                  0.000000    0.000000   clock clk (rise edge)
                                  0.000000    0.000000   clock source latency
   196    0.487655    0.000000    0.000000    0.000000 ^ clk (in)
                                                         clk (net)
                      0.018234    0.009117    0.009117 ^ _1066_/CLK (sky130_fd_sc_hd__dfrtp_2)
                                  0.250000    0.259117   clock uncertainty
                                  0.000000    0.259117   clock reconvergence pessimism
                                 -0.034965    0.224153   library hold time
                                              0.224153   data required time
---------------------------------------------------------------------------------------------
                                              0.224153   data required time
                                             -0.452809   data arrival time
---------------------------------------------------------------------------------------------
                                              0.228656   slack (MET)


Startpoint: _1073_ (rising edge-triggered flip-flop clocked by clk)
Endpoint: _1073_ (rising edge-triggered flip-flop clocked by clk)
Path Group: clk
Path Type: min

Fanout         Cap        Slew       Delay        Time   Description
---------------------------------------------------------------------------------------------
                                  0.000000    0.000000   clock clk (rise edge)
                                  0.000000    0.000000   clock source latency
   196    0.487655    0.000000    0.000000    0.000000 ^ clk (in)
                                                         clk (net)
                      0.012184    0.006092    0.006092 ^ _1073_/CLK (sky130_fd_sc_hd__dfrtp_2)
     2    0.003453    0.042403    0.322319    0.328411 ^ _1073_/Q (sky130_fd_sc_hd__dfrtp_2)
                                                         coh_status[11] (net)
                      0.042403    0.000004    0.328414 ^ _0668_/A (sky130_fd_sc_hd__and2_2)
     1    0.002427    0.035933    0.120166    0.448580 ^ _0668_/X (sky130_fd_sc_hd__and2_2)
                                                         _0037_ (net)
                      0.035933    0.000004    0.448584 ^ _1073_/D (sky130_fd_sc_hd__dfrtp_2)
                                              0.448584   data arrival time

                                  0.000000    0.000000   clock clk (rise edge)
                                  0.000000    0.000000   clock source latency
   196    0.487655    0.000000    0.000000    0.000000 ^ clk (in)
                                                         clk (net)
                      0.012184    0.006092    0.006092 ^ _1073_/CLK (sky130_fd_sc_hd__dfrtp_2)
                                  0.250000    0.256092   clock uncertainty
                                  0.000000    0.256092   clock reconvergence pessimism
                                 -0.037276    0.218816   library hold time
                                              0.218816   data required time
---------------------------------------------------------------------------------------------
                                              0.218816   data required time
                                             -0.448584   data arrival time
---------------------------------------------------------------------------------------------
                                              0.229768   slack (MET)


Startpoint: _1020_ (rising edge-triggered flip-flop clocked by clk)
Endpoint: _1020_ (rising edge-triggered flip-flop clocked by clk)
Path Group: clk
Path Type: min

Fanout         Cap        Slew       Delay        Time   Description
---------------------------------------------------------------------------------------------
                                  0.000000    0.000000   clock clk (rise edge)
                                  0.000000    0.000000   clock source latency
   196    0.487655    0.000000    0.000000    0.000000 ^ clk (in)
                                                         clk (net)
                      0.012040    0.006020    0.006020 ^ _1020_/CLK (sky130_fd_sc_hd__dfrtp_2)
     2    0.005435    0.051334    0.332167    0.338187 ^ _1020_/Q (sky130_fd_sc_hd__dfrtp_2)
                                                         per_core[0].u_dcache.line_valid_reg[3][0] (net)
                      0.051334    0.000006    0.338193 ^ _0953_/B1 (sky130_fd_sc_hd__o21a_2)
     1    0.002323    0.028190    0.112691    0.450884 ^ _0953_/X (sky130_fd_sc_hd__o21a_2)
                                                         _0043_ (net)
                      0.028190    0.000003    0.450887 ^ _1020_/D (sky130_fd_sc_hd__dfrtp_2)
                                              0.450887   data arrival time

                                  0.000000    0.000000   clock clk (rise edge)
                                  0.000000    0.000000   clock source latency
   196    0.487655    0.000000    0.000000    0.000000 ^ clk (in)
                                                         clk (net)
                      0.012040    0.006020    0.006020 ^ _1020_/CLK (sky130_fd_sc_hd__dfrtp_2)
                                  0.250000    0.256020   clock uncertainty
                                  0.000000    0.256020   clock reconvergence pessimism
                                 -0.035685    0.220335   library hold time
                                              0.220335   data required time
---------------------------------------------------------------------------------------------
                                              0.220335   data required time
                                             -0.450887   data arrival time
---------------------------------------------------------------------------------------------
                                              0.230552   slack (MET)


Startpoint: _1024_ (rising edge-triggered flip-flop clocked by clk)
Endpoint: _1024_ (rising edge-triggered flip-flop clocked by clk)
Path Group: clk
Path Type: min

Fanout         Cap        Slew       Delay        Time   Description
---------------------------------------------------------------------------------------------
                                  0.000000    0.000000   clock clk (rise edge)
                                  0.000000    0.000000   clock source latency
   196    0.487655    0.000000    0.000000    0.000000 ^ clk (in)
                                                         clk (net)
                      0.012066    0.006033    0.006033 ^ _1024_/CLK (sky130_fd_sc_hd__dfrtp_2)
     2    0.005487    0.051554    0.332398    0.338432 ^ _1024_/Q (sky130_fd_sc_hd__dfrtp_2)
                                                         per_core[1].u_dcache.line_valid_reg[3][0] (net)
                      0.051554    0.000006    0.338437 ^ _0957_/B1 (sky130_fd_sc_hd__o21a_2)
     1    0.002311    0.028132    0.112702    0.451140 ^ _0957_/X (sky130_fd_sc_hd__o21a_2)
                                                         _0047_ (net)
                      0.028132    0.000003    0.451143 ^ _1024_/D (sky130_fd_sc_hd__dfrtp_2)
                                              0.451143   data arrival time

                                  0.000000    0.000000   clock clk (rise edge)
                                  0.000000    0.000000   clock source latency
   196    0.487655    0.000000    0.000000    0.000000 ^ clk (in)
                                                         clk (net)
                      0.012066    0.006033    0.006033 ^ _1024_/CLK (sky130_fd_sc_hd__dfrtp_2)
                                  0.250000    0.256033   clock uncertainty
                                  0.000000    0.256033   clock reconvergence pessimism
                                 -0.035670    0.220364   library hold time
                                              0.220364   data required time
---------------------------------------------------------------------------------------------
                                              0.220364   data required time
                                             -0.451143   data arrival time
---------------------------------------------------------------------------------------------
                                              0.230779   slack (MET)


Startpoint: _1008_ (rising edge-triggered flip-flop clocked by clk)
Endpoint: _1001_ (rising edge-triggered flip-flop clocked by clk)
Path Group: clk
Path Type: min

Fanout         Cap        Slew       Delay        Time   Description
---------------------------------------------------------------------------------------------
                                  0.000000    0.000000   clock clk (rise edge)
                                  0.000000    0.000000   clock source latency
   196    0.487655    0.000000    0.000000    0.000000 ^ clk (in)
                                                         clk (net)
                      0.014447    0.007223    0.007223 ^ _1008_/CLK (sky130_fd_sc_hd__dfrtp_2)
     3    0.011546    0.075947    0.359274    0.366497 ^ _1008_/Q (sky130_fd_sc_hd__dfrtp_2)
                                                         coh_fill_notify[1] (net)
                      0.075947    0.000040    0.366537 ^ _0440_/A (sky130_fd_sc_hd__inv_2)
     2    0.009758    0.032870    0.048333    0.414870 v _0440_/Y (sky130_fd_sc_hd__inv_2)
                                                         _0073_ (net)
                      0.032870    0.000058    0.414927 v _0542_/A (sky130_fd_sc_hd__nand2_2)
     1    0.002065    0.024861    0.039011    0.453938 ^ _0542_/Y (sky130_fd_sc_hd__nand2_2)
                                                         _0012_ (net)
                      0.024861    0.000000    0.453939 ^ _1001_/D (sky130_fd_sc_hd__dfrtp_2)
                                              0.453939   data arrival time

                                  0.000000    0.000000   clock clk (rise edge)
                                  0.000000    0.000000   clock source latency
   196    0.487655    0.000000    0.000000    0.000000 ^ clk (in)
                                                         clk (net)
                      0.015153    0.007576    0.007576 ^ _1001_/CLK (sky130_fd_sc_hd__dfrtp_2)
                                  0.250000    0.257576   clock uncertainty
                                  0.000000    0.257576   clock reconvergence pessimism
                                 -0.034569    0.223007   library hold time
                                              0.223007   data required time
---------------------------------------------------------------------------------------------
                                              0.223007   data required time
                                             -0.453939   data arrival time
---------------------------------------------------------------------------------------------
                                              0.230932   slack (MET)


Startpoint: _1072_ (rising edge-triggered flip-flop clocked by clk)
Endpoint: _1072_ (rising edge-triggered flip-flop clocked by clk)
Path Group: clk
Path Type: min

Fanout         Cap        Slew       Delay        Time   Description
---------------------------------------------------------------------------------------------
                                  0.000000    0.000000   clock clk (rise edge)
                                  0.000000    0.000000   clock source latency
   196    0.487655    0.000000    0.000000    0.000000 ^ clk (in)
                                                         clk (net)
                      0.012184    0.006092    0.006092 ^ _1072_/CLK (sky130_fd_sc_hd__dfrtp_2)
     2    0.003739    0.043781    0.324001    0.330093 ^ _1072_/Q (sky130_fd_sc_hd__dfrtp_2)
                                                         coh_status[10] (net)
                      0.043781    0.000003    0.330096 ^ _0667_/A (sky130_fd_sc_hd__and2_2)
     1    0.002434    0.035964    0.120686    0.450783 ^ _0667_/X (sky130_fd_sc_hd__and2_2)
                                                         _0036_ (net)
                      0.035964    0.000004    0.450787 ^ _1072_/D (sky130_fd_sc_hd__dfrtp_2)
                                              0.450787   data arrival time

                                  0.000000    0.000000   clock clk (rise edge)
                                  0.000000    0.000000   clock source latency
   196    0.487655    0.000000    0.000000    0.000000 ^ clk (in)
                                                         clk (net)
                      0.012184    0.006092    0.006092 ^ _1072_/CLK (sky130_fd_sc_hd__dfrtp_2)
                                  0.250000    0.256092   clock uncertainty
                                  0.000000    0.256092   clock reconvergence pessimism
                                 -0.037282    0.218810   library hold time
                                              0.218810   data required time
---------------------------------------------------------------------------------------------
                                              0.218810   data required time
                                             -0.450787   data arrival time
---------------------------------------------------------------------------------------------
                                              0.231977   slack (MET)


Startpoint: _1022_ (rising edge-triggered flip-flop clocked by clk)
Endpoint: _1022_ (rising edge-triggered flip-flop clocked by clk)
Path Group: clk
Path Type: min

Fanout         Cap        Slew       Delay        Time   Description
---------------------------------------------------------------------------------------------
                                  0.000000    0.000000   clock clk (rise edge)
                                  0.000000    0.000000   clock source latency
   196    0.487655    0.000000    0.000000    0.000000 ^ clk (in)
                                                         clk (net)
                      0.012162    0.006081    0.006081 ^ _1022_/CLK (sky130_fd_sc_hd__dfrtp_2)
     2    0.004025    0.045158    0.325674    0.331755 ^ _1022_/Q (sky130_fd_sc_hd__dfrtp_2)
                                                         per_core[1].u_dcache.line_valid_reg[1][0] (net)
                      0.045158    0.000001    0.331756 ^ _0955_/B1 (sky130_fd_sc_hd__o31a_2)
     1    0.002388    0.032263    0.120256    0.452012 ^ _0955_/X (sky130_fd_sc_hd__o31a_2)
                                                         _0045_ (net)
                      0.032263    0.000004    0.452016 ^ _1022_/D (sky130_fd_sc_hd__dfrtp_2)
                                              0.452016   data arrival time

                                  0.000000    0.000000   clock clk (rise edge)
                                  0.000000    0.000000   clock source latency
   196    0.487655    0.000000    0.000000    0.000000 ^ clk (in)
                                                         clk (net)
                      0.012162    0.006081    0.006081 ^ _1022_/CLK (sky130_fd_sc_hd__dfrtp_2)
                                  0.250000    0.256081   clock uncertainty
                                  0.000000    0.256081   clock reconvergence pessimism
                                 -0.036516    0.219565   library hold time
                                              0.219565   data required time
---------------------------------------------------------------------------------------------
                                              0.219565   data required time
                                             -0.452016   data arrival time
---------------------------------------------------------------------------------------------
                                              0.232451   slack (MET)


Startpoint: _1012_ (rising edge-triggered flip-flop clocked by clk)
Endpoint: _1012_ (rising edge-triggered flip-flop clocked by clk)
Path Group: clk
Path Type: min

Fanout         Cap        Slew       Delay        Time   Description
---------------------------------------------------------------------------------------------
                                  0.000000    0.000000   clock clk (rise edge)
                                  0.000000    0.000000   clock source latency
   196    0.487655    0.000000    0.000000    0.000000 ^ clk (in)
                                                         clk (net)
                      0.019184    0.009592    0.009592 ^ _1012_/CLK (sky130_fd_sc_hd__dfrtp_2)
     3    0.007128    0.058495    0.341900    0.351492 ^ _1012_/Q (sky130_fd_sc_hd__dfrtp_2)
                                                         m_rready[0] (net)
                      0.058495    0.000008    0.351500 ^ _0550_/A1 (sky130_fd_sc_hd__a21o_2)
     1    0.002349    0.025177    0.107559    0.459059 ^ _0550_/X (sky130_fd_sc_hd__a21o_2)
                                                         _0009_ (net)
                      0.025177    0.000004    0.459063 ^ _1012_/D (sky130_fd_sc_hd__dfrtp_2)
                                              0.459063   data arrival time

                                  0.000000    0.000000   clock clk (rise edge)
                                  0.000000    0.000000   clock source latency
   196    0.487655    0.000000    0.000000    0.000000 ^ clk (in)
                                                         clk (net)
                      0.019184    0.009592    0.009592 ^ _1012_/CLK (sky130_fd_sc_hd__dfrtp_2)
                                  0.250000    0.259592   clock uncertainty
                                  0.000000    0.259592   clock reconvergence pessimism
                                 -0.034086    0.225506   library hold time
                                              0.225506   data required time
---------------------------------------------------------------------------------------------
                                              0.225506   data required time
                                             -0.459063   data arrival time
---------------------------------------------------------------------------------------------
                                              0.233557   slack (MET)


Startpoint: _1068_ (rising edge-triggered flip-flop clocked by clk)
Endpoint: _1068_ (rising edge-triggered flip-flop clocked by clk)
Path Group: clk
Path Type: min

Fanout         Cap        Slew       Delay        Time   Description
---------------------------------------------------------------------------------------------
                                  0.000000    0.000000   clock clk (rise edge)
                                  0.000000    0.000000   clock source latency
   196    0.487655    0.000000    0.000000    0.000000 ^ clk (in)
                                                         clk (net)
                      0.016805    0.008402    0.008402 ^ _1068_/CLK (sky130_fd_sc_hd__dfrtp_2)
     2    0.003858    0.044329    0.326281    0.334683 ^ _1068_/Q (sky130_fd_sc_hd__dfrtp_2)
                                                         coh_status[7] (net)
                      0.044329    0.000004    0.334688 ^ _0650_/A (sky130_fd_sc_hd__and2_2)
     1    0.002439    0.035987    0.120906    0.455593 ^ _0650_/X (sky130_fd_sc_hd__and2_2)
                                                         _0025_ (net)
                      0.035987    0.000004    0.455598 ^ _1068_/D (sky130_fd_sc_hd__dfrtp_2)
                                              0.455598   data arrival time

                                  0.000000    0.000000   clock clk (rise edge)
                                  0.000000    0.000000   clock source latency
   196    0.487655    0.000000    0.000000    0.000000 ^ clk (in)
                                                         clk (net)
                      0.016805    0.008402    0.008402 ^ _1068_/CLK (sky130_fd_sc_hd__dfrtp_2)
                                  0.250000    0.258402   clock uncertainty
                                  0.000000    0.258402   clock reconvergence pessimism
                                 -0.036657    0.221746   library hold time
                                              0.221746   data required time
---------------------------------------------------------------------------------------------
                                              0.221746   data required time
                                             -0.455598   data arrival time
---------------------------------------------------------------------------------------------
                                              0.233852   slack (MET)


Startpoint: _1018_ (rising edge-triggered flip-flop clocked by clk)
Endpoint: _1018_ (rising edge-triggered flip-flop clocked by clk)
Path Group: clk
Path Type: min

Fanout         Cap        Slew       Delay        Time   Description
---------------------------------------------------------------------------------------------
                                  0.000000    0.000000   clock clk (rise edge)
                                  0.000000    0.000000   clock source latency
   196    0.487655    0.000000    0.000000    0.000000 ^ clk (in)
                                                         clk (net)
                      0.012158    0.006079    0.006079 ^ _1018_/CLK (sky130_fd_sc_hd__dfrtp_2)
     2    0.004251    0.046247    0.327002    0.333081 ^ _1018_/Q (sky130_fd_sc_hd__dfrtp_2)
                                                         per_core[0].u_dcache.line_valid_reg[1][0] (net)
                      0.046247    0.000001    0.333083 ^ _0951_/B1 (sky130_fd_sc_hd__o31a_2)
     1    0.002350    0.032048    0.120423    0.453505 ^ _0951_/X (sky130_fd_sc_hd__o31a_2)
                                                         _0041_ (net)
                      0.032048    0.000003    0.453509 ^ _1018_/D (sky130_fd_sc_hd__dfrtp_2)
                                              0.453509   data arrival time

                                  0.000000    0.000000   clock clk (rise edge)
                                  0.000000    0.000000   clock source latency
   196    0.487655    0.000000    0.000000    0.000000 ^ clk (in)
                                                         clk (net)
                      0.012158    0.006079    0.006079 ^ _1018_/CLK (sky130_fd_sc_hd__dfrtp_2)
                                  0.250000    0.256079   clock uncertainty
                                  0.000000    0.256079   clock reconvergence pessimism
                                 -0.036472    0.219608   library hold time
                                              0.219608   data required time
---------------------------------------------------------------------------------------------
                                              0.219608   data required time
                                             -0.453509   data arrival time
---------------------------------------------------------------------------------------------
                                              0.233901   slack (MET)


Startpoint: _1058_ (rising edge-triggered flip-flop clocked by clk)
Endpoint: _1058_ (rising edge-triggered flip-flop clocked by clk)
Path Group: clk
Path Type: min

Fanout         Cap        Slew       Delay        Time   Description
---------------------------------------------------------------------------------------------
                                  0.000000    0.000000   clock clk (rise edge)
                                  0.000000    0.000000   clock source latency
   196    0.487655    0.000000    0.000000    0.000000 ^ clk (in)
                                                         clk (net)
                      0.017789    0.008894    0.008894 ^ _1058_/CLK (sky130_fd_sc_hd__dfrtp_2)
     2    0.004358    0.046702    0.329493    0.338387 ^ _1058_/Q (sky130_fd_sc_hd__dfrtp_2)
                                                         coh_status[13] (net)
                      0.046702    0.000007    0.338394 ^ _0665_/B1 (sky130_fd_sc_hd__o31a_2)
     1    0.002176    0.030723    0.119668    0.458062 ^ _0665_/X (sky130_fd_sc_hd__o31a_2)
                                                         _0035_ (net)
                      0.030723    0.000002    0.458064 ^ _1058_/D (sky130_fd_sc_hd__dfrtp_2)
                                              0.458064   data arrival time

                                  0.000000    0.000000   clock clk (rise edge)
                                  0.000000    0.000000   clock source latency
   196    0.487655    0.000000    0.000000    0.000000 ^ clk (in)
                                                         clk (net)
                      0.017789    0.008894    0.008894 ^ _1058_/CLK (sky130_fd_sc_hd__dfrtp_2)
                                  0.250000    0.258894   clock uncertainty
                                  0.000000    0.258894   clock reconvergence pessimism
                                 -0.035429    0.223466   library hold time
                                              0.223466   data required time
---------------------------------------------------------------------------------------------
                                              0.223466   data required time
                                             -0.458064   data arrival time
---------------------------------------------------------------------------------------------
                                              0.234598   slack (MET)


Startpoint: _1067_ (rising edge-triggered flip-flop clocked by clk)
Endpoint: _1067_ (rising edge-triggered flip-flop clocked by clk)
Path Group: clk
Path Type: min

Fanout         Cap        Slew       Delay        Time   Description
---------------------------------------------------------------------------------------------
                                  0.000000    0.000000   clock clk (rise edge)
                                  0.000000    0.000000   clock source latency
   196    0.487655    0.000000    0.000000    0.000000 ^ clk (in)
                                                         clk (net)
                      0.016809    0.008404    0.008404 ^ _1067_/CLK (sky130_fd_sc_hd__dfrtp_2)
     2    0.004019    0.045105    0.327232    0.335636 ^ _1067_/Q (sky130_fd_sc_hd__dfrtp_2)
                                                         coh_status[6] (net)
                      0.045105    0.000005    0.335641 ^ _0649_/A (sky130_fd_sc_hd__and2_2)
     1    0.002443    0.036006    0.121201    0.456842 ^ _0649_/X (sky130_fd_sc_hd__and2_2)
                                                         _0024_ (net)
                      0.036006    0.000005    0.456846 ^ _1067_/D (sky130_fd_sc_hd__dfrtp_2)
                                              0.456846   data arrival time

                                  0.000000    0.000000   clock clk (rise edge)
                                  0.000000    0.000000   clock source latency
   196    0.487655    0.000000    0.000000    0.000000 ^ clk (in)
                                                         clk (net)
                      0.016809    0.008404    0.008404 ^ _1067_/CLK (sky130_fd_sc_hd__dfrtp_2)
                                  0.250000    0.258404   clock uncertainty
                                  0.000000    0.258404   clock reconvergence pessimism
                                 -0.036660    0.221744   library hold time
                                              0.221744   data required time
---------------------------------------------------------------------------------------------
                                              0.221744   data required time
                                             -0.456846   data arrival time
---------------------------------------------------------------------------------------------
                                              0.235102   slack (MET)


Startpoint: _1044_ (rising edge-triggered flip-flop clocked by clk)
Endpoint: _1044_ (rising edge-triggered flip-flop clocked by clk)
Path Group: clk
Path Type: min

Fanout         Cap        Slew       Delay        Time   Description
---------------------------------------------------------------------------------------------
                                  0.000000    0.000000   clock clk (rise edge)
                                  0.000000    0.000000   clock source latency
   196    0.487655    0.000000    0.000000    0.000000 ^ clk (in)
                                                         clk (net)
                      0.019747    0.009874    0.009874 ^ _1044_/CLK (sky130_fd_sc_hd__dfrtp_2)
     2    0.007506    0.060099    0.343718    0.353592 ^ _1044_/Q (sky130_fd_sc_hd__dfrtp_2)
                                                         u_uart.tx_bitcnt_q[3] (net)
                      0.060099    0.000008    0.353600 ^ _1000_/A1 (sky130_fd_sc_hd__a21o_2)
     1    0.002250    0.024382    0.107637    0.461237 ^ _1000_/X (sky130_fd_sc_hd__a21o_2)
                                                         _0067_ (net)
                      0.024382    0.000003    0.461240 ^ _1044_/D (sky130_fd_sc_hd__dfrtp_2)
                                              0.461240   data arrival time

                                  0.000000    0.000000   clock clk (rise edge)
                                  0.000000    0.000000   clock source latency
   196    0.487655    0.000000    0.000000    0.000000 ^ clk (in)
                                                         clk (net)
                      0.019747    0.009874    0.009874 ^ _1044_/CLK (sky130_fd_sc_hd__dfrtp_2)
                                  0.250000    0.259874   clock uncertainty
                                  0.000000    0.259874   clock reconvergence pessimism
                                 -0.033844    0.226029   library hold time
                                              0.226029   data required time
---------------------------------------------------------------------------------------------
                                              0.226029   data required time
                                             -0.461240   data arrival time
---------------------------------------------------------------------------------------------
                                              0.235211   slack (MET)


Startpoint: _1057_ (rising edge-triggered flip-flop clocked by clk)
Endpoint: _1057_ (rising edge-triggered flip-flop clocked by clk)
Path Group: clk
Path Type: min

Fanout         Cap        Slew       Delay        Time   Description
---------------------------------------------------------------------------------------------
                                  0.000000    0.000000   clock clk (rise edge)
                                  0.000000    0.000000   clock source latency
   196    0.487655    0.000000    0.000000    0.000000 ^ clk (in)
                                                         clk (net)
                      0.017798    0.008899    0.008899 ^ _1057_/CLK (sky130_fd_sc_hd__dfrtp_2)
     2    0.004580    0.047649    0.330453    0.339352 ^ _1057_/Q (sky130_fd_sc_hd__dfrtp_2)
                                                         coh_status[12] (net)
                      0.047649    0.000007    0.339359 ^ _0664_/B1 (sky130_fd_sc_hd__o31a_2)
     1    0.002200    0.030842    0.120112    0.459471 ^ _0664_/X (sky130_fd_sc_hd__o31a_2)
                                                         _0034_ (net)
                      0.030842    0.000002    0.459473 ^ _1057_/D (sky130_fd_sc_hd__dfrtp_2)
                                              0.459473   data arrival time

                                  0.000000    0.000000   clock clk (rise edge)
                                  0.000000    0.000000   clock source latency
   196    0.487655    0.000000    0.000000    0.000000 ^ clk (in)
                                                         clk (net)
                      0.017798    0.008899    0.008899 ^ _1057_/CLK (sky130_fd_sc_hd__dfrtp_2)
                                  0.250000    0.258899   clock uncertainty
                                  0.000000    0.258899   clock reconvergence pessimism
                                 -0.035452    0.223447   library hold time
                                              0.223447   data required time
---------------------------------------------------------------------------------------------
                                              0.223447   data required time
                                             -0.459473   data arrival time
---------------------------------------------------------------------------------------------
                                              0.236026   slack (MET)


Startpoint: _1017_ (rising edge-triggered flip-flop clocked by clk)
Endpoint: _1017_ (rising edge-triggered flip-flop clocked by clk)
Path Group: clk
Path Type: min

Fanout         Cap        Slew       Delay        Time   Description
---------------------------------------------------------------------------------------------
                                  0.000000    0.000000   clock clk (rise edge)
                                  0.000000    0.000000   clock source latency
   196    0.487655    0.000000    0.000000    0.000000 ^ clk (in)
                                                         clk (net)
                      0.013864    0.006932    0.006932 ^ _1017_/CLK (sky130_fd_sc_hd__dfrtp_2)
     2    0.004460    0.047160    0.328588    0.335520 ^ _1017_/Q (sky130_fd_sc_hd__dfrtp_2)
                                                         per_core[0].u_dcache.line_valid_reg[0][0] (net)
                      0.047160    0.000006    0.335527 ^ _0950_/B1 (sky130_fd_sc_hd__o32a_2)
     1    0.002178    0.030153    0.124563    0.460090 ^ _0950_/X (sky130_fd_sc_hd__o32a_2)
                                                         _0040_ (net)
                      0.030153    0.000002    0.460091 ^ _1017_/D (sky130_fd_sc_hd__dfrtp_2)
                                              0.460091   data arrival time

                                  0.000000    0.000000   clock clk (rise edge)
                                  0.000000    0.000000   clock source latency
   196    0.487655    0.000000    0.000000    0.000000 ^ clk (in)
                                                         clk (net)
                      0.013864    0.006932    0.006932 ^ _1017_/CLK (sky130_fd_sc_hd__dfrtp_2)
                                  0.250000    0.256932   clock uncertainty
                                  0.000000    0.256932   clock reconvergence pessimism
                                 -0.035845    0.221087   library hold time
                                              0.221087   data required time
---------------------------------------------------------------------------------------------
                                              0.221087   data required time
                                             -0.460091   data arrival time
---------------------------------------------------------------------------------------------
                                              0.239004   slack (MET)


Startpoint: _1059_ (rising edge-triggered flip-flop clocked by clk)
Endpoint: _1059_ (rising edge-triggered flip-flop clocked by clk)
Path Group: clk
Path Type: min

Fanout         Cap        Slew       Delay        Time   Description
---------------------------------------------------------------------------------------------
                                  0.000000    0.000000   clock clk (rise edge)
                                  0.000000    0.000000   clock source latency
   196    0.487655    0.000000    0.000000    0.000000 ^ clk (in)
                                                         clk (net)
                      0.018349    0.009175    0.009175 ^ _1059_/CLK (sky130_fd_sc_hd__dfrtp_2)
     2    0.004922    0.047596    0.332109    0.341283 ^ _1059_/Q (sky130_fd_sc_hd__dfrtp_2)
                                                         coh_status[14] (net)
                      0.047596    0.000012    0.341295 ^ _0662_/A (sky130_fd_sc_hd__and2_2)
     1    0.002213    0.034906    0.120902    0.462197 ^ _0662_/X (sky130_fd_sc_hd__and2_2)
                                                         _0032_ (net)
                      0.034906    0.000002    0.462200 ^ _1059_/D (sky130_fd_sc_hd__dfrtp_2)
                                              0.462200   data arrival time

                                  0.000000    0.000000   clock clk (rise edge)
                                  0.000000    0.000000   clock source latency
   196    0.487655    0.000000    0.000000    0.000000 ^ clk (in)
                                                         clk (net)
                      0.018349    0.009175    0.009175 ^ _1059_/CLK (sky130_fd_sc_hd__dfrtp_2)
                                  0.250000    0.259175   clock uncertainty
                                  0.000000    0.259175   clock reconvergence pessimism
                                 -0.036221    0.222953   library hold time
                                              0.222953   data required time
---------------------------------------------------------------------------------------------
                                              0.222953   data required time
                                             -0.462200   data arrival time
---------------------------------------------------------------------------------------------
                                              0.239247   slack (MET)


Startpoint: _1060_ (rising edge-triggered flip-flop clocked by clk)
Endpoint: _1060_ (rising edge-triggered flip-flop clocked by clk)
Path Group: clk
Path Type: min

Fanout         Cap        Slew       Delay        Time   Description
---------------------------------------------------------------------------------------------
                                  0.000000    0.000000   clock clk (rise edge)
                                  0.000000    0.000000   clock source latency
   196    0.487655    0.000000    0.000000    0.000000 ^ clk (in)
                                                         clk (net)
                      0.018367    0.009184    0.009184 ^ _1060_/CLK (sky130_fd_sc_hd__dfrtp_2)
     2    0.004943    0.047675    0.332204    0.341387 ^ _1060_/Q (sky130_fd_sc_hd__dfrtp_2)
                                                         coh_status[15] (net)
                      0.047675    0.000012    0.341399 ^ _0663_/A (sky130_fd_sc_hd__and2_2)
     1    0.002196    0.034823    0.120841    0.462241 ^ _0663_/X (sky130_fd_sc_hd__and2_2)
                                                         _0033_ (net)
                      0.034823    0.000002    0.462243 ^ _1060_/D (sky130_fd_sc_hd__dfrtp_2)
                                              0.462243   data arrival time

                                  0.000000    0.000000   clock clk (rise edge)
                                  0.000000    0.000000   clock source latency
   196    0.487655    0.000000    0.000000    0.000000 ^ clk (in)
                                                         clk (net)
                      0.018367    0.009184    0.009184 ^ _1060_/CLK (sky130_fd_sc_hd__dfrtp_2)
                                  0.250000    0.259184   clock uncertainty
                                  0.000000    0.259184   clock reconvergence pessimism
                                 -0.036202    0.222982   library hold time
                                              0.222982   data required time
---------------------------------------------------------------------------------------------
                                              0.222982   data required time
                                             -0.462243   data arrival time
---------------------------------------------------------------------------------------------
                                              0.239261   slack (MET)


Startpoint: _1021_ (rising edge-triggered flip-flop clocked by clk)
Endpoint: _1021_ (rising edge-triggered flip-flop clocked by clk)
Path Group: clk
Path Type: min

Fanout         Cap        Slew       Delay        Time   Description
---------------------------------------------------------------------------------------------
                                  0.000000    0.000000   clock clk (rise edge)
                                  0.000000    0.000000   clock source latency
   196    0.487655    0.000000    0.000000    0.000000 ^ clk (in)
                                                         clk (net)
                      0.013861    0.006931    0.006931 ^ _1021_/CLK (sky130_fd_sc_hd__dfrtp_2)
     2    0.004419    0.046986    0.328411    0.335342 ^ _1021_/Q (sky130_fd_sc_hd__dfrtp_2)
                                                         per_core[1].u_dcache.line_valid_reg[0][0] (net)
                      0.046986    0.000006    0.335347 ^ _0954_/B1 (sky130_fd_sc_hd__o32a_2)
     1    0.002286    0.030685    0.125065    0.460413 ^ _0954_/X (sky130_fd_sc_hd__o32a_2)
                                                         _0044_ (net)
                      0.030685    0.000003    0.460416 ^ _1021_/D (sky130_fd_sc_hd__dfrtp_2)
                                              0.460416   data arrival time

                                  0.000000    0.000000   clock clk (rise edge)
                                  0.000000    0.000000   clock source latency
   196    0.487655    0.000000    0.000000    0.000000 ^ clk (in)
                                                         clk (net)
                      0.013861    0.006931    0.006931 ^ _1021_/CLK (sky130_fd_sc_hd__dfrtp_2)
                                  0.250000    0.256931   clock uncertainty
                                  0.000000    0.256931   clock reconvergence pessimism
                                 -0.035956    0.220975   library hold time
                                              0.220975   data required time
---------------------------------------------------------------------------------------------
                                              0.220975   data required time
                                             -0.460416   data arrival time
---------------------------------------------------------------------------------------------
                                              0.239441   slack (MET)


Startpoint: _1077_ (rising edge-triggered flip-flop clocked by clk)
Endpoint: _1077_ (rising edge-triggered flip-flop clocked by clk)
Path Group: clk
Path Type: min

Fanout         Cap        Slew       Delay        Time   Description
---------------------------------------------------------------------------------------------
                                  0.000000    0.000000   clock clk (rise edge)
                                  0.000000    0.000000   clock source latency
   196    0.487655    0.000000    0.000000    0.000000 ^ clk (in)
                                                         clk (net)
                      0.015675    0.007838    0.007838 ^ _1077_/CLK (sky130_fd_sc_hd__dfrtp_2)
     6    0.022683    0.122447    0.398860    0.406698 ^ _1077_/Q (sky130_fd_sc_hd__dfrtp_2)
                                                         u_uart.tx_baud_cnt_q[0] (net)
                      0.122447    0.000087    0.406785 ^ _0677_/A (sky130_fd_sc_hd__nor2_2)
     1    0.002133    0.027614    0.049623    0.456408 v _0677_/Y (sky130_fd_sc_hd__nor2_2)
                                                         u_uart.tx_baud_cnt_d[0] (net)
                      0.027614    0.000002    0.456410 v _1077_/D (sky130_fd_sc_hd__dfrtp_2)
                                              0.456410   data arrival time

                                  0.000000    0.000000   clock clk (rise edge)
                                  0.000000    0.000000   clock source latency
   196    0.487655    0.000000    0.000000    0.000000 ^ clk (in)
                                                         clk (net)
                      0.015675    0.007838    0.007838 ^ _1077_/CLK (sky130_fd_sc_hd__dfrtp_2)
                                  0.250000    0.257838   clock uncertainty
                                  0.000000    0.257838   clock reconvergence pessimism
                                 -0.041722    0.216116   library hold time
                                              0.216116   data required time
---------------------------------------------------------------------------------------------
                                              0.216116   data required time
                                             -0.456410   data arrival time
---------------------------------------------------------------------------------------------
                                              0.240295   slack (MET)


Startpoint: _1008_ (rising edge-triggered flip-flop clocked by clk)
Endpoint: _1074_ (rising edge-triggered flip-flop clocked by clk)
Path Group: clk
Path Type: min

Fanout         Cap        Slew       Delay        Time   Description
---------------------------------------------------------------------------------------------
                                  0.000000    0.000000   clock clk (rise edge)
                                  0.000000    0.000000   clock source latency
   196    0.487655    0.000000    0.000000    0.000000 ^ clk (in)
                                                         clk (net)
                      0.014447    0.007223    0.007223 ^ _1008_/CLK (sky130_fd_sc_hd__dfrtp_2)
     3    0.011546    0.075947    0.359274    0.366497 ^ _1008_/Q (sky130_fd_sc_hd__dfrtp_2)
                                                         coh_fill_notify[1] (net)
                      0.075947    0.000050    0.366547 ^ _0672_/B1 (sky130_fd_sc_hd__a31o_2)
     1    0.002192    0.029660    0.096295    0.462842 ^ _0672_/X (sky130_fd_sc_hd__a31o_2)
                                                         _0038_ (net)
                      0.029660    0.000002    0.462844 ^ _1074_/D (sky130_fd_sc_hd__dfrtp_2)
                                              0.462844   data arrival time

                                  0.000000    0.000000   clock clk (rise edge)
                                  0.000000    0.000000   clock source latency
   196    0.487655    0.000000    0.000000    0.000000 ^ clk (in)
                                                         clk (net)
                      0.014074    0.007037    0.007037 ^ _1074_/CLK (sky130_fd_sc_hd__dfrtp_2)
                                  0.250000    0.257037   clock uncertainty
                                  0.000000    0.257037   clock reconvergence pessimism
                                 -0.035714    0.221323   library hold time
                                              0.221323   data required time
---------------------------------------------------------------------------------------------
                                              0.221323   data required time
                                             -0.462844   data arrival time
---------------------------------------------------------------------------------------------
                                              0.241521   slack (MET)


Startpoint: _1109_ (rising edge-triggered flip-flop clocked by clk)
Endpoint: _1109_ (rising edge-triggered flip-flop clocked by clk)
Path Group: clk
Path Type: min

Fanout         Cap        Slew       Delay        Time   Description
---------------------------------------------------------------------------------------------
                                  0.000000    0.000000   clock clk (rise edge)
                                  0.000000    0.000000   clock source latency
   196    0.487655    0.000000    0.000000    0.000000 ^ clk (in)
                                                         clk (net)
                      0.004539    0.002270    0.002270 ^ _1109_/CLK (sky130_fd_sc_hd__dfrtp_2)
     5    0.018751    0.105447    0.381631    0.383900 ^ _1109_/Q (sky130_fd_sc_hd__dfrtp_2)
                                                         u_gpio.led2_cnt_q[0] (net)
                      0.105447    0.000032    0.383932 ^ _0809_/A1 (sky130_fd_sc_hd__o21ai_2)
     1    0.002132    0.032517    0.064372    0.448304 v _0809_/Y (sky130_fd_sc_hd__o21ai_2)
                                                         u_gpio.led2_cnt_d[0] (net)
                      0.032517    0.000002    0.448306 v _1109_/D (sky130_fd_sc_hd__dfrtp_2)
                                              0.448306   data arrival time

                                  0.000000    0.000000   clock clk (rise edge)
                                  0.000000    0.000000   clock source latency
   196    0.487655    0.000000    0.000000    0.000000 ^ clk (in)
                                                         clk (net)
                      0.004539    0.002270    0.002270 ^ _1109_/CLK (sky130_fd_sc_hd__dfrtp_2)
                                  0.250000    0.252270   clock uncertainty
                                  0.000000    0.252270   clock reconvergence pessimism
                                 -0.046258    0.206011   library hold time
                                              0.206011   data required time
---------------------------------------------------------------------------------------------
                                              0.206011   data required time
                                             -0.448306   data arrival time
---------------------------------------------------------------------------------------------
                                              0.242294   slack (MET)


Startpoint: _1053_ (rising edge-triggered flip-flop clocked by clk)
Endpoint: _1053_ (rising edge-triggered flip-flop clocked by clk)
Path Group: clk
Path Type: min

Fanout         Cap        Slew       Delay        Time   Description
---------------------------------------------------------------------------------------------
                                  0.000000    0.000000   clock clk (rise edge)
                                  0.000000    0.000000   clock source latency
   196    0.487655    0.000000    0.000000    0.000000 ^ clk (in)
                                                         clk (net)
                      0.010347    0.005174    0.005174 ^ _1053_/CLK (sky130_fd_sc_hd__dfrtp_2)
     3    0.006483    0.055814    0.336099    0.341273 ^ _1053_/Q (sky130_fd_sc_hd__dfrtp_2)
                                                         u_arb.pref_d (net)
                      0.055814    0.000015    0.341288 ^ _0527_/B2 (sky130_fd_sc_hd__a22o_2)
     1    0.002443    0.033449    0.119946    0.461233 ^ _0527_/X (sky130_fd_sc_hd__a22o_2)
                                                         _0017_ (net)
                      0.033449    0.000005    0.461238 ^ _1053_/D (sky130_fd_sc_hd__dfrtp_2)
                                              0.461238   data arrival time

                                  0.000000    0.000000   clock clk (rise edge)
                                  0.000000    0.000000   clock source latency
   196    0.487655    0.000000    0.000000    0.000000 ^ clk (in)
                                                         clk (net)
                      0.010347    0.005174    0.005174 ^ _1053_/CLK (sky130_fd_sc_hd__dfrtp_2)
                                  0.250000    0.255174   clock uncertainty
                                  0.000000    0.255174   clock reconvergence pessimism
                                 -0.037010    0.218164   library hold time
                                              0.218164   data required time
---------------------------------------------------------------------------------------------
                                              0.218164   data required time
                                             -0.461238   data arrival time
---------------------------------------------------------------------------------------------
                                              0.243074   slack (MET)


Startpoint: _1131_ (rising edge-triggered flip-flop clocked by clk)
Endpoint: _1131_ (rising edge-triggered flip-flop clocked by clk)
Path Group: clk
Path Type: min

Fanout         Cap        Slew       Delay        Time   Description
---------------------------------------------------------------------------------------------
                                  0.000000    0.000000   clock clk (rise edge)
                                  0.000000    0.000000   clock source latency
   196    0.487655    0.000000    0.000000    0.000000 ^ clk (in)
                                                         clk (net)
                      0.010218    0.005109    0.005109 ^ _1131_/CLK (sky130_fd_sc_hd__dfrtp_2)
     5    0.019164    0.107181    0.384958    0.390067 ^ _1131_/Q (sky130_fd_sc_hd__dfrtp_2)
                                                         u_gpio.led1_cnt_q[0] (net)
                      0.107181    0.000045    0.390112 ^ _0753_/A1 (sky130_fd_sc_hd__o21ai_2)
     1    0.002156    0.032779    0.064877    0.454990 v _0753_/Y (sky130_fd_sc_hd__o21ai_2)
                                                         u_gpio.led1_cnt_d[0] (net)
                      0.032779    0.000002    0.454992 v _1131_/D (sky130_fd_sc_hd__dfrtp_2)
                                              0.454992   data arrival time

                                  0.000000    0.000000   clock clk (rise edge)
                                  0.000000    0.000000   clock source latency
   196    0.487655    0.000000    0.000000    0.000000 ^ clk (in)
                                                         clk (net)
                      0.010218    0.005109    0.005109 ^ _1131_/CLK (sky130_fd_sc_hd__dfrtp_2)
                                  0.250000    0.255109   clock uncertainty
                                  0.000000    0.255109   clock reconvergence pessimism
                                 -0.045070    0.210039   library hold time
                                              0.210039   data required time
---------------------------------------------------------------------------------------------
                                              0.210039   data required time
                                             -0.454992   data arrival time
---------------------------------------------------------------------------------------------
                                              0.244953   slack (MET)


Startpoint: _1153_ (rising edge-triggered flip-flop clocked by clk)
Endpoint: _1153_ (rising edge-triggered flip-flop clocked by clk)
Path Group: clk
Path Type: min

Fanout         Cap        Slew       Delay        Time   Description
---------------------------------------------------------------------------------------------
                                  0.000000    0.000000   clock clk (rise edge)
                                  0.000000    0.000000   clock source latency
   196    0.487655    0.000000    0.000000    0.000000 ^ clk (in)
                                                         clk (net)
                      0.011110    0.005555    0.005555 ^ _1153_/CLK (sky130_fd_sc_hd__dfrtp_2)
     5    0.019340    0.107937    0.385855    0.391410 ^ _1153_/Q (sky130_fd_sc_hd__dfrtp_2)
                                                         u_gpio.led0_cnt_q[0] (net)
                      0.107937    0.000047    0.391456 ^ _0696_/A1 (sky130_fd_sc_hd__o21ai_2)
     1    0.002112    0.032713    0.064902    0.456359 v _0696_/Y (sky130_fd_sc_hd__o21ai_2)
                                                         u_gpio.led0_cnt_d[0] (net)
                      0.032713    0.000002    0.456360 v _1153_/D (sky130_fd_sc_hd__dfrtp_2)
                                              0.456360   data arrival time

                                  0.000000    0.000000   clock clk (rise edge)
                                  0.000000    0.000000   clock source latency
   196    0.487655    0.000000    0.000000    0.000000 ^ clk (in)
                                                         clk (net)
                      0.011110    0.005555    0.005555 ^ _1153_/CLK (sky130_fd_sc_hd__dfrtp_2)
                                  0.250000    0.255555   clock uncertainty
                                  0.000000    0.255555   clock reconvergence pessimism
                                 -0.044840    0.210715   library hold time
                                              0.210715   data required time
---------------------------------------------------------------------------------------------
                                              0.210715   data required time
                                             -0.456360   data arrival time
---------------------------------------------------------------------------------------------
                                              0.245645   slack (MET)


Startpoint: _1002_ (rising edge-triggered flip-flop clocked by clk)
Endpoint: _1002_ (rising edge-triggered flip-flop clocked by clk)
Path Group: clk
Path Type: min

Fanout         Cap        Slew       Delay        Time   Description
---------------------------------------------------------------------------------------------
                                  0.000000    0.000000   clock clk (rise edge)
                                  0.000000    0.000000   clock source latency
   196    0.487655    0.000000    0.000000    0.000000 ^ clk (in)
                                                         clk (net)
                      0.010207    0.005104    0.005104 ^ _1002_/CLK (sky130_fd_sc_hd__dfrtp_2)
     3    0.008587    0.062764    0.345095    0.350199 ^ _1002_/Q (sky130_fd_sc_hd__dfrtp_2)
                                                         coh_inv_ack[1] (net)
                      0.062764    0.000021    0.350220 ^ _0464_/A2 (sky130_fd_sc_hd__o21ba_2)
     1    0.002035    0.029736    0.114685    0.464905 ^ _0464_/X (sky130_fd_sc_hd__o21ba_2)
                                                         _0003_ (net)
                      0.029736    0.000000    0.464905 ^ _1002_/D (sky130_fd_sc_hd__dfrtp_2)
                                              0.464905   data arrival time

                                  0.000000    0.000000   clock clk (rise edge)
                                  0.000000    0.000000   clock source latency
   196    0.487655    0.000000    0.000000    0.000000 ^ clk (in)
                                                         clk (net)
                      0.010207    0.005104    0.005104 ^ _1002_/CLK (sky130_fd_sc_hd__dfrtp_2)
                                  0.250000    0.255104   clock uncertainty
                                  0.000000    0.255104   clock reconvergence pessimism
                                 -0.036257    0.218847   library hold time
                                              0.218847   data required time
---------------------------------------------------------------------------------------------
                                              0.218847   data required time
                                             -0.464905   data arrival time
---------------------------------------------------------------------------------------------
                                              0.246058   slack (MET)


Startpoint: _1037_ (rising edge-triggered flip-flop clocked by clk)
Endpoint: _1036_ (rising edge-triggered flip-flop clocked by clk)
Path Group: clk
Path Type: min

Fanout         Cap        Slew       Delay        Time   Description
---------------------------------------------------------------------------------------------
                                  0.000000    0.000000   clock clk (rise edge)
                                  0.000000    0.000000   clock source latency
   196    0.487655    0.000000    0.000000    0.000000 ^ clk (in)
                                                         clk (net)
                      0.020535    0.010268    0.010268 ^ _1037_/CLK (sky130_fd_sc_hd__dfrtp_2)
     2    0.004196    0.045931    0.329545    0.339812 ^ _1037_/Q (sky130_fd_sc_hd__dfrtp_2)
                                                         u_uart.tx_shift_q[6] (net)
                      0.045931    0.000002    0.339815 ^ _0983_/A2 (sky130_fd_sc_hd__a31o_2)
     1    0.002135    0.028921    0.134615    0.474430 ^ _0983_/X (sky130_fd_sc_hd__a31o_2)
                                                         _0059_ (net)
                      0.028921    0.000002    0.474432 ^ _1036_/D (sky130_fd_sc_hd__dfrtp_2)
                                              0.474432   data arrival time

                                  0.000000    0.000000   clock clk (rise edge)
                                  0.000000    0.000000   clock source latency
   196    0.487655    0.000000    0.000000    0.000000 ^ clk (in)
                                                         clk (net)
                      0.020555    0.010278    0.010278 ^ _1036_/CLK (sky130_fd_sc_hd__dfrtp_2)
                                  0.250000    0.260278   clock uncertainty
                                  0.000000    0.260278   clock reconvergence pessimism
                                 -0.034677    0.225600   library hold time
                                              0.225600   data required time
---------------------------------------------------------------------------------------------
                                              0.225600   data required time
                                             -0.474432   data arrival time
---------------------------------------------------------------------------------------------
                                              0.248832   slack (MET)


Startpoint: _1061_ (rising edge-triggered flip-flop clocked by clk)
Endpoint: _1061_ (rising edge-triggered flip-flop clocked by clk)
Path Group: clk
Path Type: min

Fanout         Cap        Slew       Delay        Time   Description
---------------------------------------------------------------------------------------------
                                  0.000000    0.000000   clock clk (rise edge)
                                  0.000000    0.000000   clock source latency
   196    0.487655    0.000000    0.000000    0.000000 ^ clk (in)
                                                         clk (net)
                      0.018725    0.009363    0.009363 ^ _1061_/CLK (sky130_fd_sc_hd__dfrtp_2)
     2    0.005430    0.051262    0.334428    0.343791 ^ _1061_/Q (sky130_fd_sc_hd__dfrtp_2)
                                                         coh_status[0] (net)
                      0.051262    0.000012    0.343803 ^ _0659_/A1 (sky130_fd_sc_hd__a31o_2)
     1    0.002187    0.030143    0.129611    0.473414 ^ _0659_/X (sky130_fd_sc_hd__a31o_2)
                                                         _0030_ (net)
                      0.030143    0.000002    0.473416 ^ _1061_/D (sky130_fd_sc_hd__dfrtp_2)
                                              0.473416   data arrival time

                                  0.000000    0.000000   clock clk (rise edge)
                                  0.000000    0.000000   clock source latency
   196    0.487655    0.000000    0.000000    0.000000 ^ clk (in)
                                                         clk (net)
                      0.018725    0.009363    0.009363 ^ _1061_/CLK (sky130_fd_sc_hd__dfrtp_2)
                                  0.250000    0.259363   clock uncertainty
                                  0.000000    0.259363   clock reconvergence pessimism
                                 -0.035181    0.224182   library hold time
                                              0.224182   data required time
---------------------------------------------------------------------------------------------
                                              0.224182   data required time
                                             -0.473416   data arrival time
---------------------------------------------------------------------------------------------
                                              0.249234   slack (MET)


Startpoint: _1196_ (rising edge-triggered flip-flop clocked by clk)
Endpoint: _1195_ (rising edge-triggered flip-flop clocked by clk)
Path Group: clk
Path Type: min

Fanout         Cap        Slew       Delay        Time   Description
---------------------------------------------------------------------------------------------
                                  0.000000    0.000000   clock clk (rise edge)
                                  0.000000    0.000000   clock source latency
   196    0.487655    0.000000    0.000000    0.000000 ^ clk (in)
                                                         clk (net)
                      0.020406    0.010203    0.010203 ^ _1196_/CLK (sky130_fd_sc_hd__dfrtp_2)
     3    0.008518    0.062379    0.348288    0.358491 ^ _1196_/Q (sky130_fd_sc_hd__dfrtp_2)
                                                         u_gpio.led4_cnt_q[21] (net)
                      0.062379    0.000025    0.358516 ^ _0948_/A0 (sky130_fd_sc_hd__mux2_1)
     1    0.002080    0.037100    0.114642    0.473157 ^ _0948_/X (sky130_fd_sc_hd__mux2_1)
                                                         u_gpio.led4_cnt_d[20] (net)
                      0.037100    0.000000    0.473158 ^ _1195_/D (sky130_fd_sc_hd__dfrtp_2)
                                              0.473158   data arrival time

                                  0.000000    0.000000   clock clk (rise edge)
                                  0.000000    0.000000   clock source latency
   196    0.487655    0.000000    0.000000    0.000000 ^ clk (in)
                                                         clk (net)
                      0.020403    0.010201    0.010201 ^ _1195_/CLK (sky130_fd_sc_hd__dfrtp_2)
                                  0.250000    0.260201   clock uncertainty
                                  0.000000    0.260201   clock reconvergence pessimism
                                 -0.036397    0.223804   library hold time
                                              0.223804   data required time
---------------------------------------------------------------------------------------------
                                              0.223804   data required time
                                             -0.473158   data arrival time
---------------------------------------------------------------------------------------------
                                              0.249354   slack (MET)


Startpoint: _1035_ (rising edge-triggered flip-flop clocked by clk)
Endpoint: _1034_ (rising edge-triggered flip-flop clocked by clk)
Path Group: clk
Path Type: min

Fanout         Cap        Slew       Delay        Time   Description
---------------------------------------------------------------------------------------------
                                  0.000000    0.000000   clock clk (rise edge)
                                  0.000000    0.000000   clock source latency
   196    0.487655    0.000000    0.000000    0.000000 ^ clk (in)
                                                         clk (net)
                      0.020579    0.010289    0.010289 ^ _1035_/CLK (sky130_fd_sc_hd__dfrtp_2)
     2    0.004362    0.046703    0.330466    0.340755 ^ _1035_/Q (sky130_fd_sc_hd__dfrtp_2)
                                                         u_uart.tx_shift_q[4] (net)
                      0.046703    0.000004    0.340760 ^ _0979_/A2 (sky130_fd_sc_hd__a31o_2)
     1    0.002100    0.028745    0.134643    0.475403 ^ _0979_/X (sky130_fd_sc_hd__a31o_2)
                                                         _0057_ (net)
                      0.028745    0.000000    0.475404 ^ _1034_/D (sky130_fd_sc_hd__dfrtp_2)
                                              0.475404   data arrival time

                                  0.000000    0.000000   clock clk (rise edge)
                                  0.000000    0.000000   clock source latency
   196    0.487655    0.000000    0.000000    0.000000 ^ clk (in)
                                                         clk (net)
                      0.020585    0.010293    0.010293 ^ _1034_/CLK (sky130_fd_sc_hd__dfrtp_2)
                                  0.250000    0.260293   clock uncertainty
                                  0.000000    0.260293   clock reconvergence pessimism
                                 -0.034637    0.225656   library hold time
                                              0.225656   data required time
---------------------------------------------------------------------------------------------
                                              0.225656   data required time
                                             -0.475404   data arrival time
---------------------------------------------------------------------------------------------
                                              0.249748   slack (MET)


Startpoint: _1036_ (rising edge-triggered flip-flop clocked by clk)
Endpoint: _1035_ (rising edge-triggered flip-flop clocked by clk)
Path Group: clk
Path Type: min

Fanout         Cap        Slew       Delay        Time   Description
---------------------------------------------------------------------------------------------
                                  0.000000    0.000000   clock clk (rise edge)
                                  0.000000    0.000000   clock source latency
   196    0.487655    0.000000    0.000000    0.000000 ^ clk (in)
                                                         clk (net)
                      0.020555    0.010278    0.010278 ^ _1036_/CLK (sky130_fd_sc_hd__dfrtp_2)
     2    0.004511    0.047337    0.331099    0.341376 ^ _1036_/Q (sky130_fd_sc_hd__dfrtp_2)
                                                         u_uart.tx_shift_q[5] (net)
                      0.047337    0.000006    0.341382 ^ _0981_/A2 (sky130_fd_sc_hd__a31o_2)
     1    0.002087    0.028679    0.134754    0.476136 ^ _0981_/X (sky130_fd_sc_hd__a31o_2)
                                                         _0058_ (net)
                      0.028679    0.000001    0.476137 ^ _1035_/D (sky130_fd_sc_hd__dfrtp_2)
                                              0.476137   data arrival time

                                  0.000000    0.000000   clock clk (rise edge)
                                  0.000000    0.000000   clock source latency
   196    0.487655    0.000000    0.000000    0.000000 ^ clk (in)
                                                         clk (net)
                      0.020579    0.010289    0.010289 ^ _1035_/CLK (sky130_fd_sc_hd__dfrtp_2)
                                  0.250000    0.260289   clock uncertainty
                                  0.000000    0.260289   clock reconvergence pessimism
                                 -0.034624    0.225666   library hold time
                                              0.225666   data required time
---------------------------------------------------------------------------------------------
                                              0.225666   data required time
                                             -0.476137   data arrival time
---------------------------------------------------------------------------------------------
                                              0.250471   slack (MET)


Startpoint: _1032_ (rising edge-triggered flip-flop clocked by clk)
Endpoint: _1031_ (rising edge-triggered flip-flop clocked by clk)
Path Group: clk
Path Type: min

Fanout         Cap        Slew       Delay        Time   Description
---------------------------------------------------------------------------------------------
                                  0.000000    0.000000   clock clk (rise edge)
                                  0.000000    0.000000   clock source latency
   196    0.487655    0.000000    0.000000    0.000000 ^ clk (in)
                                                         clk (net)
                      0.016129    0.008064    0.008064 ^ _1032_/CLK (sky130_fd_sc_hd__dfrtp_2)
     2    0.004637    0.047900    0.330125    0.338189 ^ _1032_/Q (sky130_fd_sc_hd__dfrtp_2)
                                                         u_uart.tx_shift_q[1] (net)
                      0.047900    0.000012    0.338202 ^ _0973_/A2 (sky130_fd_sc_hd__a31o_2)
     1    0.002169    0.029091    0.135389    0.473591 ^ _0973_/X (sky130_fd_sc_hd__a31o_2)
                                                         _0054_ (net)
                      0.029091    0.000002    0.473593 ^ _1031_/D (sky130_fd_sc_hd__dfrtp_2)
                                              0.473593   data arrival time

                                  0.000000    0.000000   clock clk (rise edge)
                                  0.000000    0.000000   clock source latency
   196    0.487655    0.000000    0.000000    0.000000 ^ clk (in)
                                                         clk (net)
                      0.016115    0.008057    0.008057 ^ _1031_/CLK (sky130_fd_sc_hd__dfrtp_2)
                                  0.250000    0.258057   clock uncertainty
                                  0.000000    0.258057   clock reconvergence pessimism
                                 -0.035318    0.222740   library hold time
                                              0.222740   data required time
---------------------------------------------------------------------------------------------
                                              0.222740   data required time
                                             -0.473593   data arrival time
---------------------------------------------------------------------------------------------
                                              0.250853   slack (MET)


Startpoint: _1033_ (rising edge-triggered flip-flop clocked by clk)
Endpoint: _1032_ (rising edge-triggered flip-flop clocked by clk)
Path Group: clk
Path Type: min

Fanout         Cap        Slew       Delay        Time   Description
---------------------------------------------------------------------------------------------
                                  0.000000    0.000000   clock clk (rise edge)
                                  0.000000    0.000000   clock source latency
   196    0.487655    0.000000    0.000000    0.000000 ^ clk (in)
                                                         clk (net)
                      0.016139    0.008070    0.008070 ^ _1033_/CLK (sky130_fd_sc_hd__dfrtp_2)
     2    0.004692    0.048138    0.330369    0.338438 ^ _1033_/Q (sky130_fd_sc_hd__dfrtp_2)
                                                         u_uart.tx_shift_q[2] (net)
                      0.048138    0.000014    0.338452 ^ _0975_/A2 (sky130_fd_sc_hd__a31o_2)
     1    0.002149    0.028991    0.135345    0.473797 ^ _0975_/X (sky130_fd_sc_hd__a31o_2)
                                                         _0055_ (net)
                      0.028991    0.000002    0.473799 ^ _1032_/D (sky130_fd_sc_hd__dfrtp_2)
                                              0.473799   data arrival time

                                  0.000000    0.000000   clock clk (rise edge)
                                  0.000000    0.000000   clock source latency
   196    0.487655    0.000000    0.000000    0.000000 ^ clk (in)
                                                         clk (net)
                      0.016129    0.008064    0.008064 ^ _1032_/CLK (sky130_fd_sc_hd__dfrtp_2)
                                  0.250000    0.258064   clock uncertainty
                                  0.000000    0.258064   clock reconvergence pessimism
                                 -0.035295    0.222769   library hold time
                                              0.222769   data required time
---------------------------------------------------------------------------------------------
                                              0.222769   data required time
                                             -0.473799   data arrival time
---------------------------------------------------------------------------------------------
                                              0.251030   slack (MET)


Startpoint: _1004_ (rising edge-triggered flip-flop clocked by clk)
Endpoint: _1004_ (rising edge-triggered flip-flop clocked by clk)
Path Group: clk
Path Type: min

Fanout         Cap        Slew       Delay        Time   Description
---------------------------------------------------------------------------------------------
                                  0.000000    0.000000   clock clk (rise edge)
                                  0.000000    0.000000   clock source latency
   196    0.487655    0.000000    0.000000    0.000000 ^ clk (in)
                                                         clk (net)
                      0.014569    0.007285    0.007285 ^ _1004_/CLK (sky130_fd_sc_hd__dfrtp_2)
     3    0.006690    0.056664    0.338434    0.345719 ^ _1004_/Q (sky130_fd_sc_hd__dfrtp_2)
                                                         m_rready[1] (net)
                      0.056664    0.000012    0.345731 ^ _0539_/A1 (sky130_fd_sc_hd__a22o_2)
     1    0.002464    0.032105    0.126882    0.472613 ^ _0539_/X (sky130_fd_sc_hd__a22o_2)
                                                         _0014_ (net)
                      0.032105    0.000005    0.472618 ^ _1004_/D (sky130_fd_sc_hd__dfrtp_2)
                                              0.472618   data arrival time

                                  0.000000    0.000000   clock clk (rise edge)
                                  0.000000    0.000000   clock source latency
   196    0.487655    0.000000    0.000000    0.000000 ^ clk (in)
                                                         clk (net)
                      0.014569    0.007285    0.007285 ^ _1004_/CLK (sky130_fd_sc_hd__dfrtp_2)
                                  0.250000    0.257285   clock uncertainty
                                  0.000000    0.257285   clock reconvergence pessimism
                                 -0.036155    0.221130   library hold time
                                              0.221130   data required time
---------------------------------------------------------------------------------------------
                                              0.221130   data required time
                                             -0.472618   data arrival time
---------------------------------------------------------------------------------------------
                                              0.251488   slack (MET)


Startpoint: _1038_ (rising edge-triggered flip-flop clocked by clk)
Endpoint: _1037_ (rising edge-triggered flip-flop clocked by clk)
Path Group: clk
Path Type: min

Fanout         Cap        Slew       Delay        Time   Description
---------------------------------------------------------------------------------------------
                                  0.000000    0.000000   clock clk (rise edge)
                                  0.000000    0.000000   clock source latency
   196    0.487655    0.000000    0.000000    0.000000 ^ clk (in)
                                                         clk (net)
                      0.020487    0.010244    0.010244 ^ _1038_/CLK (sky130_fd_sc_hd__dfrtp_2)
     2    0.004418    0.046940    0.330674    0.340918 ^ _1038_/Q (sky130_fd_sc_hd__dfrtp_2)
                                                         u_uart.tx_shift_q[7] (net)
                      0.046940    0.000008    0.340926 ^ _0985_/A2 (sky130_fd_sc_hd__a31o_2)
     1    0.002444    0.030468    0.136675    0.477601 ^ _0985_/X (sky130_fd_sc_hd__a31o_2)
                                                         _0060_ (net)
                      0.030468    0.000005    0.477606 ^ _1037_/D (sky130_fd_sc_hd__dfrtp_2)
                                              0.477606   data arrival time

                                  0.000000    0.000000   clock clk (rise edge)
                                  0.000000    0.000000   clock source latency
   196    0.487655    0.000000    0.000000    0.000000 ^ clk (in)
                                                         clk (net)
                      0.020535    0.010268    0.010268 ^ _1037_/CLK (sky130_fd_sc_hd__dfrtp_2)
                                  0.250000    0.260268   clock uncertainty
                                  0.000000    0.260268   clock reconvergence pessimism
                                 -0.035001    0.225266   library hold time
                                              0.225266   data required time
---------------------------------------------------------------------------------------------
                                              0.225266   data required time
                                             -0.477606   data arrival time
---------------------------------------------------------------------------------------------
                                              0.252340   slack (MET)


Startpoint: _1026_ (rising edge-triggered flip-flop clocked by clk)
Endpoint: _1026_ (rising edge-triggered flip-flop clocked by clk)
Path Group: clk
Path Type: min

Fanout         Cap        Slew       Delay        Time   Description
---------------------------------------------------------------------------------------------
                                  0.000000    0.000000   clock clk (rise edge)
                                  0.000000    0.000000   clock source latency
   196    0.487655    0.000000    0.000000    0.000000 ^ clk (in)
                                                         clk (net)
                      0.009540    0.004770    0.004770 ^ _1026_/CLK (sky130_fd_sc_hd__dfrtp_2)
     3    0.008441    0.062138    0.344233    0.349003 ^ _1026_/Q (sky130_fd_sc_hd__dfrtp_2)
                                                         u_coh.last_served (net)
                      0.062138    0.000029    0.349032 ^ _0961_/B2 (sky130_fd_sc_hd__a22o_2)
     1    0.002433    0.031960    0.121810    0.470842 ^ _0961_/X (sky130_fd_sc_hd__a22o_2)
                                                         _0049_ (net)
                      0.031960    0.000005    0.470847 ^ _1026_/D (sky130_fd_sc_hd__dfrtp_2)
                                              0.470847   data arrival time

                                  0.000000    0.000000   clock clk (rise edge)
                                  0.000000    0.000000   clock source latency
   196    0.487655    0.000000    0.000000    0.000000 ^ clk (in)
                                                         clk (net)
                      0.009540    0.004770    0.004770 ^ _1026_/CLK (sky130_fd_sc_hd__dfrtp_2)
                                  0.250000    0.254770   clock uncertainty
                                  0.000000    0.254770   clock reconvergence pessimism
                                 -0.036810    0.217960   library hold time
                                              0.217960   data required time
---------------------------------------------------------------------------------------------
                                              0.217960   data required time
                                             -0.470847   data arrival time
---------------------------------------------------------------------------------------------
                                              0.252887   slack (MET)


Startpoint: _1039_ (rising edge-triggered flip-flop clocked by clk)
Endpoint: _1038_ (rising edge-triggered flip-flop clocked by clk)
Path Group: clk
Path Type: min

Fanout         Cap        Slew       Delay        Time   Description
---------------------------------------------------------------------------------------------
                                  0.000000    0.000000   clock clk (rise edge)
                                  0.000000    0.000000   clock source latency
   196    0.487655    0.000000    0.000000    0.000000 ^ clk (in)
                                                         clk (net)
                      0.020500    0.010250    0.010250 ^ _1039_/CLK (sky130_fd_sc_hd__dfrtp_2)
     2    0.004493    0.047260    0.331002    0.341252 ^ _1039_/Q (sky130_fd_sc_hd__dfrtp_2)
                                                         u_uart.tx_shift_q[8] (net)
                      0.047260    0.000008    0.341261 ^ _0987_/A2 (sky130_fd_sc_hd__a31o_2)
     1    0.002477    0.030635    0.136959    0.478219 ^ _0987_/X (sky130_fd_sc_hd__a31o_2)
                                                         _0061_ (net)
                      0.030635    0.000005    0.478224 ^ _1038_/D (sky130_fd_sc_hd__dfrtp_2)
                                              0.478224   data arrival time

                                  0.000000    0.000000   clock clk (rise edge)
                                  0.000000    0.000000   clock source latency
   196    0.487655    0.000000    0.000000    0.000000 ^ clk (in)
                                                         clk (net)
                      0.020487    0.010244    0.010244 ^ _1038_/CLK (sky130_fd_sc_hd__dfrtp_2)
                                  0.250000    0.260244   clock uncertainty
                                  0.000000    0.260244   clock reconvergence pessimism
                                 -0.035043    0.225201   library hold time
                                              0.225201   data required time
---------------------------------------------------------------------------------------------
                                              0.225201   data required time
                                             -0.478224   data arrival time
---------------------------------------------------------------------------------------------
                                              0.253024   slack (MET)


Startpoint: _1108_ (rising edge-triggered flip-flop clocked by clk)
Endpoint: _1107_ (rising edge-triggered flip-flop clocked by clk)
Path Group: clk
Path Type: min

Fanout         Cap        Slew       Delay        Time   Description
---------------------------------------------------------------------------------------------
                                  0.000000    0.000000   clock clk (rise edge)
                                  0.000000    0.000000   clock source latency
   196    0.487655    0.000000    0.000000    0.000000 ^ clk (in)
                                                         clk (net)
                      0.016935    0.008468    0.008468 ^ _1108_/CLK (sky130_fd_sc_hd__dfrtp_2)
     3    0.009020    0.064606    0.349256    0.357724 ^ _1108_/Q (sky130_fd_sc_hd__dfrtp_2)
                                                         u_gpio.led3_cnt_q[21] (net)
                      0.064606    0.000044    0.357768 ^ _0906_/A0 (sky130_fd_sc_hd__mux2_1)
     1    0.002250    0.038451    0.116774    0.474541 ^ _0906_/X (sky130_fd_sc_hd__mux2_1)
                                                         u_gpio.led3_cnt_d[20] (net)
                      0.038451    0.000003    0.474544 ^ _1107_/D (sky130_fd_sc_hd__dfrtp_2)
                                              0.474544   data arrival time

                                  0.000000    0.000000   clock clk (rise edge)
                                  0.000000    0.000000   clock source latency
   196    0.487655    0.000000    0.000000    0.000000 ^ clk (in)
                                                         clk (net)
                      0.016915    0.008458    0.008458 ^ _1107_/CLK (sky130_fd_sc_hd__dfrtp_2)
                                  0.250000    0.258458   clock uncertainty
                                  0.000000    0.258458   clock reconvergence pessimism
                                 -0.037154    0.221304   library hold time
                                              0.221304   data required time
---------------------------------------------------------------------------------------------
                                              0.221304   data required time
                                             -0.474544   data arrival time
---------------------------------------------------------------------------------------------
                                              0.253240   slack (MET)


Startpoint: _1034_ (rising edge-triggered flip-flop clocked by clk)
Endpoint: _1033_ (rising edge-triggered flip-flop clocked by clk)
Path Group: clk
Path Type: min

Fanout         Cap        Slew       Delay        Time   Description
---------------------------------------------------------------------------------------------
                                  0.000000    0.000000   clock clk (rise edge)
                                  0.000000    0.000000   clock source latency
   196    0.487655    0.000000    0.000000    0.000000 ^ clk (in)
                                                         clk (net)
                      0.020585    0.010293    0.010293 ^ _1034_/CLK (sky130_fd_sc_hd__dfrtp_2)
     2    0.004478    0.047196    0.330967    0.341260 ^ _1034_/Q (sky130_fd_sc_hd__dfrtp_2)
                                                         u_uart.tx_shift_q[3] (net)
                      0.047196    0.000009    0.341268 ^ _0977_/A2 (sky130_fd_sc_hd__a31o_2)
     1    0.002106    0.028775    0.134822    0.476090 ^ _0977_/X (sky130_fd_sc_hd__a31o_2)
                                                         _0056_ (net)
                      0.028775    0.000001    0.476091 ^ _1033_/D (sky130_fd_sc_hd__dfrtp_2)
                                              0.476091   data arrival time

                                  0.000000    0.000000   clock clk (rise edge)
                                  0.000000    0.000000   clock source latency
   196    0.487655    0.000000    0.000000    0.000000 ^ clk (in)
                                                         clk (net)
                      0.016139    0.008070    0.008070 ^ _1033_/CLK (sky130_fd_sc_hd__dfrtp_2)
                                  0.250000    0.258070   clock uncertainty
                                  0.000000    0.258070   clock reconvergence pessimism
                                 -0.035249    0.222821   library hold time
                                              0.222821   data required time
---------------------------------------------------------------------------------------------
                                              0.222821   data required time
                                             -0.476091   data arrival time
---------------------------------------------------------------------------------------------
                                              0.253270   slack (MET)


Startpoint: _1040_ (rising edge-triggered flip-flop clocked by clk)
Endpoint: _1040_ (rising edge-triggered flip-flop clocked by clk)
Path Group: clk
Path Type: min

Fanout         Cap        Slew       Delay        Time   Description
---------------------------------------------------------------------------------------------
                                  0.000000    0.000000   clock clk (rise edge)
                                  0.000000    0.000000   clock source latency
   196    0.487655    0.000000    0.000000    0.000000 ^ clk (in)
                                                         clk (net)
                      0.019951    0.009975    0.009975 ^ _1040_/CLK (sky130_fd_sc_hd__dfrtp_2)
     2    0.005348    0.050907    0.334497    0.344473 ^ _1040_/Q (sky130_fd_sc_hd__dfrtp_2)
                                                         u_uart.tx_shift_q[9] (net)
                      0.050907    0.000007    0.344480 ^ _0990_/B2 (sky130_fd_sc_hd__a2bb2o_2)
     1    0.002429    0.030856    0.137949    0.482428 ^ _0990_/X (sky130_fd_sc_hd__a2bb2o_2)
                                                         _0063_ (net)
                      0.030856    0.000005    0.482434 ^ _1040_/D (sky130_fd_sc_hd__dfrtp_2)
                                              0.482434   data arrival time

                                  0.000000    0.000000   clock clk (rise edge)
                                  0.000000    0.000000   clock source latency
   196    0.487655    0.000000    0.000000    0.000000 ^ clk (in)
                                                         clk (net)
                      0.019951    0.009975    0.009975 ^ _1040_/CLK (sky130_fd_sc_hd__dfrtp_2)
                                  0.250000    0.259975   clock uncertainty
                                  0.000000    0.259975   clock reconvergence pessimism
                                 -0.035162    0.224814   library hold time
                                              0.224814   data required time
---------------------------------------------------------------------------------------------
                                              0.224814   data required time
                                             -0.482434   data arrival time
---------------------------------------------------------------------------------------------
                                              0.257620   slack (MET)


Startpoint: _1040_ (rising edge-triggered flip-flop clocked by clk)
Endpoint: _1039_ (rising edge-triggered flip-flop clocked by clk)
Path Group: clk
Path Type: min

Fanout         Cap        Slew       Delay        Time   Description
---------------------------------------------------------------------------------------------
                                  0.000000    0.000000   clock clk (rise edge)
                                  0.000000    0.000000   clock source latency
   196    0.487655    0.000000    0.000000    0.000000 ^ clk (in)
                                                         clk (net)
                      0.019951    0.009975    0.009975 ^ _1040_/CLK (sky130_fd_sc_hd__dfrtp_2)
     2    0.005348    0.050907    0.334497    0.344473 ^ _1040_/Q (sky130_fd_sc_hd__dfrtp_2)
                                                         u_uart.tx_shift_q[9] (net)
                      0.050907    0.000013    0.344486 ^ _0989_/A2 (sky130_fd_sc_hd__a31o_2)
     1    0.002529    0.030894    0.138326    0.482812 ^ _0989_/X (sky130_fd_sc_hd__a31o_2)
                                                         _0062_ (net)
                      0.030894    0.000006    0.482818 ^ _1039_/D (sky130_fd_sc_hd__dfrtp_2)
                                              0.482818   data arrival time

                                  0.000000    0.000000   clock clk (rise edge)
                                  0.000000    0.000000   clock source latency
   196    0.487655    0.000000    0.000000    0.000000 ^ clk (in)
                                                         clk (net)
                      0.020500    0.010250    0.010250 ^ _1039_/CLK (sky130_fd_sc_hd__dfrtp_2)
                                  0.250000    0.260250   clock uncertainty
                                  0.000000    0.260250   clock reconvergence pessimism
                                 -0.035095    0.225156   library hold time
                                              0.225156   data required time
---------------------------------------------------------------------------------------------
                                              0.225156   data required time
                                             -0.482818   data arrival time
---------------------------------------------------------------------------------------------
                                              0.257662   slack (MET)


Startpoint: _1048_ (rising edge-triggered flip-flop clocked by clk)
Endpoint: _1045_ (rising edge-triggered flip-flop clocked by clk)
Path Group: clk
Path Type: min

Fanout         Cap        Slew       Delay        Time   Description
---------------------------------------------------------------------------------------------
                                  0.000000    0.000000   clock clk (rise edge)
                                  0.000000    0.000000   clock source latency
   196    0.487655    0.000000    0.000000    0.000000 ^ clk (in)
                                                         clk (net)
                      0.019885    0.009942    0.009942 ^ _1048_/CLK (sky130_fd_sc_hd__dfrtp_2)
     5    0.011833    0.076869    0.362376    0.372318 ^ _1048_/Q (sky130_fd_sc_hd__dfrtp_2)
                                                         u_uart.tx_state_q[3] (net)
                      0.076869    0.000030    0.372348 ^ _0492_/A1 (sky130_fd_sc_hd__a21o_2)
     1    0.002710    0.026465    0.115511    0.487859 ^ _0492_/X (sky130_fd_sc_hd__a21o_2)
                                                         _0020_ (net)
                      0.026465    0.000003    0.487862 ^ _1045_/D (sky130_fd_sc_hd__dfstp_2)
                                              0.487862   data arrival time

                                  0.000000    0.000000   clock clk (rise edge)
                                  0.000000    0.000000   clock source latency
   196    0.487655    0.000000    0.000000    0.000000 ^ clk (in)
                                                         clk (net)
                      0.019926    0.009963    0.009963 ^ _1045_/CLK (sky130_fd_sc_hd__dfstp_2)
                                  0.250000    0.259963   clock uncertainty
                                  0.000000    0.259963   clock reconvergence pessimism
                                 -0.031748    0.228215   library hold time
                                              0.228215   data required time
---------------------------------------------------------------------------------------------
                                              0.228215   data required time
                                             -0.487862   data arrival time
---------------------------------------------------------------------------------------------
                                              0.259647   slack (MET)


Startpoint: _1016_ (rising edge-triggered flip-flop clocked by clk)
Endpoint: _1009_ (rising edge-triggered flip-flop clocked by clk)
Path Group: clk
Path Type: min

Fanout         Cap        Slew       Delay        Time   Description
---------------------------------------------------------------------------------------------
                                  0.000000    0.000000   clock clk (rise edge)
                                  0.000000    0.000000   clock source latency
   196    0.487655    0.000000    0.000000    0.000000 ^ clk (in)
                                                         clk (net)
                      0.014580    0.007290    0.007290 ^ _1016_/CLK (sky130_fd_sc_hd__dfrtp_2)
     4    0.018060    0.102366    0.382624    0.389914 ^ _1016_/Q (sky130_fd_sc_hd__dfrtp_2)
                                                         coh_fill_notify[0] (net)
                      0.102366    0.000029    0.389943 ^ _0553_/B1 (sky130_fd_sc_hd__a21o_2)
     1    0.002274    0.025606    0.095583    0.485526 ^ _0553_/X (sky130_fd_sc_hd__a21o_2)
                                                         _0007_ (net)
                      0.025606    0.000003    0.485529 ^ _1009_/D (sky130_fd_sc_hd__dfrtp_2)
                                              0.485529   data arrival time

                                  0.000000    0.000000   clock clk (rise edge)
                                  0.000000    0.000000   clock source latency
   196    0.487655    0.000000    0.000000    0.000000 ^ clk (in)
                                                         clk (net)
                      0.019704    0.009852    0.009852 ^ _1009_/CLK (sky130_fd_sc_hd__dfrtp_2)
                                  0.250000    0.259852   clock uncertainty
                                  0.000000    0.259852   clock reconvergence pessimism
                                 -0.034105    0.225747   library hold time
                                              0.225747   data required time
---------------------------------------------------------------------------------------------
                                              0.225747   data required time
                                             -0.485529   data arrival time
---------------------------------------------------------------------------------------------
                                              0.259782   slack (MET)


Startpoint: _1196_ (rising edge-triggered flip-flop clocked by clk)
Endpoint: _1196_ (rising edge-triggered flip-flop clocked by clk)
Path Group: clk
Path Type: min

Fanout         Cap        Slew       Delay        Time   Description
---------------------------------------------------------------------------------------------
                                  0.000000    0.000000   clock clk (rise edge)
                                  0.000000    0.000000   clock source latency
   196    0.487655    0.000000    0.000000    0.000000 ^ clk (in)
                                                         clk (net)
                      0.020406    0.010203    0.010203 ^ _1196_/CLK (sky130_fd_sc_hd__dfrtp_2)
     3    0.008518    0.062379    0.348288    0.358491 ^ _1196_/Q (sky130_fd_sc_hd__dfrtp_2)
                                                         u_gpio.led4_cnt_q[21] (net)
                      0.062379    0.000023    0.358514 ^ _0949_/A (sky130_fd_sc_hd__and2_2)
     1    0.002185    0.034738    0.126029    0.484543 ^ _0949_/X (sky130_fd_sc_hd__and2_2)
                                                         u_gpio.led4_cnt_d[21] (net)
                      0.034738    0.000002    0.484545 ^ _1196_/D (sky130_fd_sc_hd__dfrtp_2)
                                              0.484545   data arrival time

                                  0.000000    0.000000   clock clk (rise edge)
                                  0.000000    0.000000   clock source latency
   196    0.487655    0.000000    0.000000    0.000000 ^ clk (in)
                                                         clk (net)
                      0.020406    0.010203    0.010203 ^ _1196_/CLK (sky130_fd_sc_hd__dfrtp_2)
                                  0.250000    0.260203   clock uncertainty
                                  0.000000    0.260203   clock reconvergence pessimism
                                 -0.035906    0.224297   library hold time
                                              0.224297   data required time
---------------------------------------------------------------------------------------------
                                              0.224297   data required time
                                             -0.484545   data arrival time
---------------------------------------------------------------------------------------------
                                              0.260248   slack (MET)


Startpoint: _1042_ (rising edge-triggered flip-flop clocked by clk)
Endpoint: _1042_ (rising edge-triggered flip-flop clocked by clk)
Path Group: clk
Path Type: min

Fanout         Cap        Slew       Delay        Time   Description
---------------------------------------------------------------------------------------------
                                  0.000000    0.000000   clock clk (rise edge)
                                  0.000000    0.000000   clock source latency
   196    0.487655    0.000000    0.000000    0.000000 ^ clk (in)
                                                         clk (net)
                      0.020155    0.010078    0.010078 ^ _1042_/CLK (sky130_fd_sc_hd__dfrtp_2)
     4    0.011692    0.077927    0.361883    0.371961 ^ _1042_/Q (sky130_fd_sc_hd__dfrtp_2)
                                                         u_uart.tx_bitcnt_q[1] (net)
                      0.077927    0.000011    0.371971 ^ _0995_/A1 (sky130_fd_sc_hd__a21o_2)
     1    0.002418    0.025078    0.114492    0.486463 ^ _0995_/X (sky130_fd_sc_hd__a21o_2)
                                                         _0065_ (net)
                      0.025078    0.000004    0.486468 ^ _1042_/D (sky130_fd_sc_hd__dfrtp_2)
                                              0.486468   data arrival time

                                  0.000000    0.000000   clock clk (rise edge)
                                  0.000000    0.000000   clock source latency
   196    0.487655    0.000000    0.000000    0.000000 ^ clk (in)
                                                         clk (net)
                      0.020155    0.010078    0.010078 ^ _1042_/CLK (sky130_fd_sc_hd__dfrtp_2)
                                  0.250000    0.260078   clock uncertainty
                                  0.000000    0.260078   clock reconvergence pessimism
                                 -0.033933    0.226144   library hold time
                                              0.226144   data required time
---------------------------------------------------------------------------------------------
                                              0.226144   data required time
                                             -0.486468   data arrival time
---------------------------------------------------------------------------------------------
                                              0.260324   slack (MET)


Startpoint: _1108_ (rising edge-triggered flip-flop clocked by clk)
Endpoint: _1108_ (rising edge-triggered flip-flop clocked by clk)
Path Group: clk
Path Type: min

Fanout         Cap        Slew       Delay        Time   Description
---------------------------------------------------------------------------------------------
                                  0.000000    0.000000   clock clk (rise edge)
                                  0.000000    0.000000   clock source latency
   196    0.487655    0.000000    0.000000    0.000000 ^ clk (in)
                                                         clk (net)
                      0.016935    0.008468    0.008468 ^ _1108_/CLK (sky130_fd_sc_hd__dfrtp_2)
     3    0.009020    0.064606    0.349256    0.357724 ^ _1108_/Q (sky130_fd_sc_hd__dfrtp_2)
                                                         u_gpio.led3_cnt_q[21] (net)
                      0.064606    0.000026    0.357750 ^ _0907_/A (sky130_fd_sc_hd__and2_2)
     1    0.002530    0.036399    0.128603    0.486352 ^ _0907_/X (sky130_fd_sc_hd__and2_2)
                                                         u_gpio.led3_cnt_d[21] (net)
                      0.036399    0.000006    0.486359 ^ _1108_/D (sky130_fd_sc_hd__dfrtp_2)
                                              0.486359   data arrival time

                                  0.000000    0.000000   clock clk (rise edge)
                                  0.000000    0.000000   clock source latency
   196    0.487655    0.000000    0.000000    0.000000 ^ clk (in)
                                                         clk (net)
                      0.016935    0.008468    0.008468 ^ _1108_/CLK (sky130_fd_sc_hd__dfrtp_2)
                                  0.250000    0.258468   clock uncertainty
                                  0.000000    0.258468   clock reconvergence pessimism
                                 -0.036724    0.221743   library hold time
                                              0.221743   data required time
---------------------------------------------------------------------------------------------
                                              0.221743   data required time
                                             -0.486359   data arrival time
---------------------------------------------------------------------------------------------
                                              0.264615   slack (MET)


Startpoint: _1030_ (rising edge-triggered flip-flop clocked by clk)
Endpoint: _1030_ (rising edge-triggered flip-flop clocked by clk)
Path Group: clk
Path Type: min

Fanout         Cap        Slew       Delay        Time   Description
---------------------------------------------------------------------------------------------
                                  0.000000    0.000000   clock clk (rise edge)
                                  0.000000    0.000000   clock source latency
   196    0.487655    0.000000    0.000000    0.000000 ^ clk (in)
                                                         clk (net)
                      0.015431    0.007715    0.007715 ^ _1030_/CLK (sky130_fd_sc_hd__dfrtp_2)
     3    0.010799    0.072549    0.356402    0.364118 ^ _1030_/Q (sky130_fd_sc_hd__dfrtp_2)
                                                         u_sram.w_ready_d (net)
                      0.072549    0.000025    0.364143 ^ _0968_/A1 (sky130_fd_sc_hd__o21a_2)
     1    0.002073    0.027322    0.123180    0.487323 ^ _0968_/X (sky130_fd_sc_hd__o21a_2)
                                                         _0053_ (net)
                      0.027322    0.000000    0.487324 ^ _1030_/D (sky130_fd_sc_hd__dfrtp_2)
                                              0.487324   data arrival time

                                  0.000000    0.000000   clock clk (rise edge)
                                  0.000000    0.000000   clock source latency
   196    0.487655    0.000000    0.000000    0.000000 ^ clk (in)
                                                         clk (net)
                      0.015431    0.007715    0.007715 ^ _1030_/CLK (sky130_fd_sc_hd__dfrtp_2)
                                  0.250000    0.257715   clock uncertainty
                                  0.000000    0.257715   clock reconvergence pessimism
                                 -0.035043    0.222672   library hold time
                                              0.222672   data required time
---------------------------------------------------------------------------------------------
                                              0.222672   data required time
                                             -0.487324   data arrival time
---------------------------------------------------------------------------------------------
                                              0.264652   slack (MET)


Startpoint: _1174_ (rising edge-triggered flip-flop clocked by clk)
Endpoint: _1174_ (rising edge-triggered flip-flop clocked by clk)
Path Group: clk
Path Type: min

Fanout         Cap        Slew       Delay        Time   Description
---------------------------------------------------------------------------------------------
                                  0.000000    0.000000   clock clk (rise edge)
                                  0.000000    0.000000   clock source latency
   196    0.487655    0.000000    0.000000    0.000000 ^ clk (in)
                                                         clk (net)
                      0.011103    0.005552    0.005552 ^ _1174_/CLK (sky130_fd_sc_hd__dfrtp_2)
     3    0.012205    0.080218    0.361004    0.366556 ^ _1174_/Q (sky130_fd_sc_hd__dfrtp_2)
                                                         u_gpio.led0_cnt_q[21] (net)
                      0.080218    0.000019    0.366574 ^ _0751_/A1 (sky130_fd_sc_hd__a21bo_2)
     1    0.002139    0.028713    0.119357    0.485931 ^ _0751_/X (sky130_fd_sc_hd__a21bo_2)
                                                         u_gpio.led0_cnt_d[21] (net)
                      0.028713    0.000001    0.485933 ^ _1174_/D (sky130_fd_sc_hd__dfrtp_2)
                                              0.485933   data arrival time

                                  0.000000    0.000000   clock clk (rise edge)
                                  0.000000    0.000000   clock source latency
   196    0.487655    0.000000    0.000000    0.000000 ^ clk (in)
                                                         clk (net)
                      0.011103    0.005552    0.005552 ^ _1174_/CLK (sky130_fd_sc_hd__dfrtp_2)
                                  0.250000    0.255552   clock uncertainty
                                  0.000000    0.255552   clock reconvergence pessimism
                                 -0.035922    0.219630   library hold time
                                              0.219630   data required time
---------------------------------------------------------------------------------------------
                                              0.219630   data required time
                                             -0.485933   data arrival time
---------------------------------------------------------------------------------------------
                                              0.266303   slack (MET)


Startpoint: _1014_ (rising edge-triggered flip-flop clocked by clk)
Endpoint: _1014_ (rising edge-triggered flip-flop clocked by clk)
Path Group: clk
Path Type: min

Fanout         Cap        Slew       Delay        Time   Description
---------------------------------------------------------------------------------------------
                                  0.000000    0.000000   clock clk (rise edge)
                                  0.000000    0.000000   clock source latency
   196    0.487655    0.000000    0.000000    0.000000 ^ clk (in)
                                                         clk (net)
                      0.019591    0.009795    0.009795 ^ _1014_/CLK (sky130_fd_sc_hd__dfrtp_2)
     4    0.011384    0.076622    0.360365    0.370161 ^ _1014_/Q (sky130_fd_sc_hd__dfrtp_2)
                                                         m_arvalid[0] (net)
                      0.076622    0.000018    0.370178 ^ _0469_/B1 (sky130_fd_sc_hd__o21a_2)
     1    0.002286    0.028028    0.121357    0.491535 ^ _0469_/X (sky130_fd_sc_hd__o21a_2)
                                                         _0001_ (net)
                      0.028028    0.000003    0.491538 ^ _1014_/D (sky130_fd_sc_hd__dfrtp_2)
                                              0.491538   data arrival time

                                  0.000000    0.000000   clock clk (rise edge)
                                  0.000000    0.000000   clock source latency
   196    0.487655    0.000000    0.000000    0.000000 ^ clk (in)
                                                         clk (net)
                      0.019591    0.009795    0.009795 ^ _1014_/CLK (sky130_fd_sc_hd__dfrtp_2)
                                  0.250000    0.259795   clock uncertainty
                                  0.000000    0.259795   clock reconvergence pessimism
                                 -0.034623    0.225172   library hold time
                                              0.225172   data required time
---------------------------------------------------------------------------------------------
                                              0.225172   data required time
                                             -0.491538   data arrival time
---------------------------------------------------------------------------------------------
                                              0.266366   slack (MET)


Startpoint: _1130_ (rising edge-triggered flip-flop clocked by clk)
Endpoint: _1130_ (rising edge-triggered flip-flop clocked by clk)
Path Group: clk
Path Type: min

Fanout         Cap        Slew       Delay        Time   Description
---------------------------------------------------------------------------------------------
                                  0.000000    0.000000   clock clk (rise edge)
                                  0.000000    0.000000   clock source latency
   196    0.487655    0.000000    0.000000    0.000000 ^ clk (in)
                                                         clk (net)
                      0.008541    0.004271    0.004271 ^ _1130_/CLK (sky130_fd_sc_hd__dfrtp_2)
     3    0.012216    0.080294    0.360176    0.364447 ^ _1130_/Q (sky130_fd_sc_hd__dfrtp_2)
                                                         u_gpio.led2_cnt_q[21] (net)
                      0.080294    0.000015    0.364462 ^ _0864_/A1 (sky130_fd_sc_hd__a21bo_2)
     1    0.002276    0.029305    0.120068    0.484531 ^ _0864_/X (sky130_fd_sc_hd__a21bo_2)
                                                         u_gpio.led2_cnt_d[21] (net)
                      0.029305    0.000003    0.484534 ^ _1130_/D (sky130_fd_sc_hd__dfrtp_2)
                                              0.484534   data arrival time

                                  0.000000    0.000000   clock clk (rise edge)
                                  0.000000    0.000000   clock source latency
   196    0.487655    0.000000    0.000000    0.000000 ^ clk (in)
                                                         clk (net)
                      0.008541    0.004271    0.004271 ^ _1130_/CLK (sky130_fd_sc_hd__dfrtp_2)
                                  0.250000    0.254271   clock uncertainty
                                  0.000000    0.254271   clock reconvergence pessimism
                                 -0.036394    0.217877   library hold time
                                              0.217877   data required time
---------------------------------------------------------------------------------------------
                                              0.217877   data required time
                                             -0.484534   data arrival time
---------------------------------------------------------------------------------------------
                                              0.266657   slack (MET)


Startpoint: _1011_ (rising edge-triggered flip-flop clocked by clk)
Endpoint: _1011_ (rising edge-triggered flip-flop clocked by clk)
Path Group: clk
Path Type: min

Fanout         Cap        Slew       Delay        Time   Description
---------------------------------------------------------------------------------------------
                                  0.000000    0.000000   clock clk (rise edge)
                                  0.000000    0.000000   clock source latency
   196    0.487655    0.000000    0.000000    0.000000 ^ clk (in)
                                                         clk (net)
                      0.014655    0.007327    0.007327 ^ _1011_/CLK (sky130_fd_sc_hd__dfrtp_2)
     3    0.011453    0.075523    0.358949    0.366277 ^ _1011_/Q (sky130_fd_sc_hd__dfrtp_2)
                                                         m_bready[0] (net)
                      0.075523    0.000006    0.366283 ^ _0551_/B2 (sky130_fd_sc_hd__a32o_2)
     1    0.002587    0.040169    0.119925    0.486208 ^ _0551_/X (sky130_fd_sc_hd__a32o_2)
                                                         _0008_ (net)
                      0.040169    0.000006    0.486215 ^ _1011_/D (sky130_fd_sc_hd__dfrtp_2)
                                              0.486215   data arrival time

                                  0.000000    0.000000   clock clk (rise edge)
                                  0.000000    0.000000   clock source latency
   196    0.487655    0.000000    0.000000    0.000000 ^ clk (in)
                                                         clk (net)
                      0.014655    0.007327    0.007327 ^ _1011_/CLK (sky130_fd_sc_hd__dfrtp_2)
                                  0.250000    0.257327   clock uncertainty
                                  0.000000    0.257327   clock reconvergence pessimism
                                 -0.037819    0.219508   library hold time
                                              0.219508   data required time
---------------------------------------------------------------------------------------------
                                              0.219508   data required time
                                             -0.486215   data arrival time
---------------------------------------------------------------------------------------------
                                              0.266707   slack (MET)


Startpoint: _1152_ (rising edge-triggered flip-flop clocked by clk)
Endpoint: _1152_ (rising edge-triggered flip-flop clocked by clk)
Path Group: clk
Path Type: min

Fanout         Cap        Slew       Delay        Time   Description
---------------------------------------------------------------------------------------------
                                  0.000000    0.000000   clock clk (rise edge)
                                  0.000000    0.000000   clock source latency
   196    0.487655    0.000000    0.000000    0.000000 ^ clk (in)
                                                         clk (net)
                      0.010347    0.005173    0.005173 ^ _1152_/CLK (sky130_fd_sc_hd__dfrtp_2)
     3    0.012278    0.080539    0.361061    0.366234 ^ _1152_/Q (sky130_fd_sc_hd__dfrtp_2)
                                                         u_gpio.led1_cnt_q[21] (net)
                      0.080539    0.000005    0.366239 ^ _0807_/A1 (sky130_fd_sc_hd__a21bo_2)
     1    0.002315    0.029484    0.120342    0.486581 ^ _0807_/X (sky130_fd_sc_hd__a21bo_2)
                                                         u_gpio.led1_cnt_d[21] (net)
                      0.029484    0.000003    0.486584 ^ _1152_/D (sky130_fd_sc_hd__dfrtp_2)
                                              0.486584   data arrival time

                                  0.000000    0.000000   clock clk (rise edge)
                                  0.000000    0.000000   clock source latency
   196    0.487655    0.000000    0.000000    0.000000 ^ clk (in)
                                                         clk (net)
                      0.010347    0.005173    0.005173 ^ _1152_/CLK (sky130_fd_sc_hd__dfrtp_2)
                                  0.250000    0.255173   clock uncertainty
                                  0.000000    0.255173   clock reconvergence pessimism
                                 -0.036185    0.218988   library hold time
                                              0.218988   data required time
---------------------------------------------------------------------------------------------
                                              0.218988   data required time
                                             -0.486584   data arrival time
---------------------------------------------------------------------------------------------
                                              0.267596   slack (MET)


Startpoint: _1054_ (rising edge-triggered flip-flop clocked by clk)
Endpoint: _1054_ (rising edge-triggered flip-flop clocked by clk)
Path Group: clk
Path Type: min

Fanout         Cap        Slew       Delay        Time   Description
---------------------------------------------------------------------------------------------
                                  0.000000    0.000000   clock clk (rise edge)
                                  0.000000    0.000000   clock source latency
   196    0.487655    0.000000    0.000000    0.000000 ^ clk (in)
                                                         clk (net)
                      0.010368    0.005184    0.005184 ^ _1054_/CLK (sky130_fd_sc_hd__dfrtp_2)
     4    0.011247    0.076138    0.356625    0.361809 ^ _1054_/Q (sky130_fd_sc_hd__dfrtp_2)
                                                         u_arb.state_q[2] (net)
                      0.076138    0.000030    0.361839 ^ _0524_/B2 (sky130_fd_sc_hd__a22o_2)
     1    0.002193    0.032317    0.124772    0.486612 ^ _0524_/X (sky130_fd_sc_hd__a22o_2)
                                                         _0018_ (net)
                      0.032317    0.000002    0.486614 ^ _1054_/D (sky130_fd_sc_hd__dfrtp_2)
                                              0.486614   data arrival time

                                  0.000000    0.000000   clock clk (rise edge)
                                  0.000000    0.000000   clock source latency
   196    0.487655    0.000000    0.000000    0.000000 ^ clk (in)
                                                         clk (net)
                      0.010368    0.005184    0.005184 ^ _1054_/CLK (sky130_fd_sc_hd__dfrtp_2)
                                  0.250000    0.255184   clock uncertainty
                                  0.000000    0.255184   clock reconvergence pessimism
                                 -0.036772    0.218412   library hold time
                                              0.218412   data required time
---------------------------------------------------------------------------------------------
                                              0.218412   data required time
                                             -0.486614   data arrival time
---------------------------------------------------------------------------------------------
                                              0.268201   slack (MET)


Startpoint: _1082_ (rising edge-triggered flip-flop clocked by clk)
Endpoint: _1082_ (rising edge-triggered flip-flop clocked by clk)
Path Group: clk
Path Type: min

Fanout         Cap        Slew       Delay        Time   Description
---------------------------------------------------------------------------------------------
                                  0.000000    0.000000   clock clk (rise edge)
                                  0.000000    0.000000   clock source latency
   196    0.487655    0.000000    0.000000    0.000000 ^ clk (in)
                                                         clk (net)
                      0.015794    0.007897    0.007897 ^ _1082_/CLK (sky130_fd_sc_hd__dfstp_2)
     4    0.013418    0.042645    0.367822    0.375718 v _1082_/Q (sky130_fd_sc_hd__dfstp_2)
                                                         u_uart.tx_baud_cnt_q[5] (net)
                      0.042645    0.000016    0.375735 v _0687_/A1 (sky130_fd_sc_hd__o21ai_2)
     1    0.002617    0.036798    0.116381    0.492116 ^ _0687_/Y (sky130_fd_sc_hd__o21ai_2)
                                                         u_uart.tx_baud_cnt_d[5] (net)
                      0.036798    0.000001    0.492117 ^ _1082_/D (sky130_fd_sc_hd__dfstp_2)
                                              0.492117   data arrival time

                                  0.000000    0.000000   clock clk (rise edge)
                                  0.000000    0.000000   clock source latency
   196    0.487655    0.000000    0.000000    0.000000 ^ clk (in)
                                                         clk (net)
                      0.015794    0.007897    0.007897 ^ _1082_/CLK (sky130_fd_sc_hd__dfstp_2)
                                  0.250000    0.257897   clock uncertainty
                                  0.000000    0.257897   clock reconvergence pessimism
                                 -0.034314    0.223583   library hold time
                                              0.223583   data required time
---------------------------------------------------------------------------------------------
                                              0.223583   data required time
                                             -0.492117   data arrival time
---------------------------------------------------------------------------------------------
                                              0.268534   slack (MET)


Startpoint: _1003_ (rising edge-triggered flip-flop clocked by clk)
Endpoint: _1003_ (rising edge-triggered flip-flop clocked by clk)
Path Group: clk
Path Type: min

Fanout         Cap        Slew       Delay        Time   Description
---------------------------------------------------------------------------------------------
                                  0.000000    0.000000   clock clk (rise edge)
                                  0.000000    0.000000   clock source latency
   196    0.487655    0.000000    0.000000    0.000000 ^ clk (in)
                                                         clk (net)
                      0.014848    0.007424    0.007424 ^ _1003_/CLK (sky130_fd_sc_hd__dfrtp_2)
     3    0.012203    0.077846    0.362225    0.369649 ^ _1003_/Q (sky130_fd_sc_hd__dfrtp_2)
                                                         m_bready[1] (net)
                      0.077846    0.000015    0.369664 ^ _0540_/B2 (sky130_fd_sc_hd__a32o_2)
     1    0.002357    0.038984    0.119238    0.488902 ^ _0540_/X (sky130_fd_sc_hd__a32o_2)
                                                         _0013_ (net)
                      0.038984    0.000004    0.488906 ^ _1003_/D (sky130_fd_sc_hd__dfrtp_2)
                                              0.488906   data arrival time

                                  0.000000    0.000000   clock clk (rise edge)
                                  0.000000    0.000000   clock source latency
   196    0.487655    0.000000    0.000000    0.000000 ^ clk (in)
                                                         clk (net)
                      0.014848    0.007424    0.007424 ^ _1003_/CLK (sky130_fd_sc_hd__dfrtp_2)
                                  0.250000    0.257424   clock uncertainty
                                  0.000000    0.257424   clock reconvergence pessimism
                                 -0.037547    0.219877   library hold time
                                              0.219877   data required time
---------------------------------------------------------------------------------------------
                                              0.219877   data required time
                                             -0.488906   data arrival time
---------------------------------------------------------------------------------------------
                                              0.269029   slack (MET)


Startpoint: _1149_ (rising edge-triggered flip-flop clocked by clk)
Endpoint: _1149_ (rising edge-triggered flip-flop clocked by clk)
Path Group: clk
Path Type: min

Fanout         Cap        Slew       Delay        Time   Description
---------------------------------------------------------------------------------------------
                                  0.000000    0.000000   clock clk (rise edge)
                                  0.000000    0.000000   clock source latency
   196    0.487655    0.000000    0.000000    0.000000 ^ clk (in)
                                                         clk (net)
                      0.005706    0.002853    0.002853 ^ _1149_/CLK (sky130_fd_sc_hd__dfrtp_2)
     2    0.006268    0.054934    0.333587    0.336440 ^ _1149_/Q (sky130_fd_sc_hd__dfrtp_2)
                                                         u_gpio.led1_cnt_q[18] (net)
                      0.054934    0.000004    0.336444 ^ _0801_/A1 (sky130_fd_sc_hd__a21boi_2)
     1    0.004478    0.034739    0.049365    0.385809 v _0801_/Y (sky130_fd_sc_hd__a21boi_2)
                                                         _0332_ (net)
                      0.034739    0.000006    0.385815 v _0802_/A2 (sky130_fd_sc_hd__o21ai_2)
     1    0.002176    0.078018    0.089971    0.475786 ^ _0802_/Y (sky130_fd_sc_hd__o21ai_2)
                                                         u_gpio.led1_cnt_d[18] (net)
                      0.078018    0.000001    0.475788 ^ _1149_/D (sky130_fd_sc_hd__dfrtp_2)
                                              0.475788   data arrival time

                                  0.000000    0.000000   clock clk (rise edge)
                                  0.000000    0.000000   clock source latency
   196    0.487655    0.000000    0.000000    0.000000 ^ clk (in)
                                                         clk (net)
                      0.005706    0.002853    0.002853 ^ _1149_/CLK (sky130_fd_sc_hd__dfrtp_2)
                                  0.250000    0.252853   clock uncertainty
                                  0.000000    0.252853   clock reconvergence pessimism
                                 -0.046918    0.205935   library hold time
                                              0.205935   data required time
---------------------------------------------------------------------------------------------
                                              0.205935   data required time
                                             -0.475788   data arrival time
---------------------------------------------------------------------------------------------
                                              0.269853   slack (MET)


Startpoint: _1096_ (rising edge-triggered flip-flop clocked by clk)
Endpoint: _1096_ (rising edge-triggered flip-flop clocked by clk)
Path Group: clk
Path Type: min

Fanout         Cap        Slew       Delay        Time   Description
---------------------------------------------------------------------------------------------
                                  0.000000    0.000000   clock clk (rise edge)
                                  0.000000    0.000000   clock source latency
   196    0.487655    0.000000    0.000000    0.000000 ^ clk (in)
                                                         clk (net)
                      0.012526    0.006263    0.006263 ^ _1096_/CLK (sky130_fd_sc_hd__dfrtp_2)
     2    0.005848    0.048606    0.380214    0.386477 v _1096_/Q (sky130_fd_sc_hd__dfrtp_2)
                                                         u_gpio.led3_cnt_q[9] (net)
                      0.048606    0.000003    0.386480 v _0882_/A (sky130_fd_sc_hd__nand2_2)
     1    0.005358    0.040962    0.058001    0.444480 ^ _0882_/Y (sky130_fd_sc_hd__nand2_2)
                                                         _0378_ (net)
                      0.040962    0.000008    0.444488 ^ _0883_/A2 (sky130_fd_sc_hd__a21oi_2)
     1    0.002364    0.027309    0.043995    0.488484 v _0883_/Y (sky130_fd_sc_hd__a21oi_2)
                                                         u_gpio.led3_cnt_d[9] (net)
                      0.027309    0.000004    0.488488 v _1096_/D (sky130_fd_sc_hd__dfrtp_2)
                                              0.488488   data arrival time

                                  0.000000    0.000000   clock clk (rise edge)
                                  0.000000    0.000000   clock source latency
   196    0.487655    0.000000    0.000000    0.000000 ^ clk (in)
                                                         clk (net)
                      0.012526    0.006263    0.006263 ^ _1096_/CLK (sky130_fd_sc_hd__dfrtp_2)
                                  0.250000    0.256263   clock uncertainty
                                  0.000000    0.256263   clock reconvergence pessimism
                                 -0.042316    0.213947   library hold time
                                              0.213947   data required time
---------------------------------------------------------------------------------------------
                                              0.213947   data required time
                                             -0.488488   data arrival time
---------------------------------------------------------------------------------------------
                                              0.274541   slack (MET)


Startpoint: _1090_ (rising edge-triggered flip-flop clocked by clk)
Endpoint: _1090_ (rising edge-triggered flip-flop clocked by clk)
Path Group: clk
Path Type: min

Fanout         Cap        Slew       Delay        Time   Description
---------------------------------------------------------------------------------------------
                                  0.000000    0.000000   clock clk (rise edge)
                                  0.000000    0.000000   clock source latency
   196    0.487655    0.000000    0.000000    0.000000 ^ clk (in)
                                                         clk (net)
                      0.006738    0.003369    0.003369 ^ _1090_/CLK (sky130_fd_sc_hd__dfrtp_2)
     2    0.006239    0.049592    0.379514    0.382883 v _1090_/Q (sky130_fd_sc_hd__dfrtp_2)
                                                         u_gpio.led3_cnt_q[3] (net)
                      0.049592    0.000011    0.382894 v _0870_/A (sky130_fd_sc_hd__nand2_2)
     1    0.005293    0.040671    0.058191    0.441085 ^ _0870_/Y (sky130_fd_sc_hd__nand2_2)
                                                         _0372_ (net)
                      0.040671    0.000006    0.441091 ^ _0871_/A2 (sky130_fd_sc_hd__a21oi_2)
     1    0.002202    0.026795    0.043435    0.484526 v _0871_/Y (sky130_fd_sc_hd__a21oi_2)
                                                         u_gpio.led3_cnt_d[3] (net)
                      0.026795    0.000002    0.484529 v _1090_/D (sky130_fd_sc_hd__dfrtp_2)
                                              0.484529   data arrival time

                                  0.000000    0.000000   clock clk (rise edge)
                                  0.000000    0.000000   clock source latency
   196    0.487655    0.000000    0.000000    0.000000 ^ clk (in)
                                                         clk (net)
                      0.006738    0.003369    0.003369 ^ _1090_/CLK (sky130_fd_sc_hd__dfrtp_2)
                                  0.250000    0.253369   clock uncertainty
                                  0.000000    0.253369   clock reconvergence pessimism
                                 -0.043426    0.209943   library hold time
                                              0.209943   data required time
---------------------------------------------------------------------------------------------
                                              0.209943   data required time
                                             -0.484529   data arrival time
---------------------------------------------------------------------------------------------
                                              0.274586   slack (MET)


Startpoint: _1178_ (rising edge-triggered flip-flop clocked by clk)
Endpoint: _1178_ (rising edge-triggered flip-flop clocked by clk)
Path Group: clk
Path Type: min

Fanout         Cap        Slew       Delay        Time   Description
---------------------------------------------------------------------------------------------
                                  0.000000    0.000000   clock clk (rise edge)
                                  0.000000    0.000000   clock source latency
   196    0.487655    0.000000    0.000000    0.000000 ^ clk (in)
                                                         clk (net)
                      0.018645    0.009322    0.009322 ^ _1178_/CLK (sky130_fd_sc_hd__dfrtp_2)
     2    0.006010    0.049070    0.383086    0.392409 v _1178_/Q (sky130_fd_sc_hd__dfrtp_2)
                                                         u_gpio.led4_cnt_q[3] (net)
                      0.049070    0.000008    0.392417 v _0913_/A (sky130_fd_sc_hd__nand2_2)
     1    0.005090    0.039666    0.057243    0.449660 ^ _0913_/Y (sky130_fd_sc_hd__nand2_2)
                                                         _0393_ (net)
                      0.039666    0.000000    0.449661 ^ _0914_/A2 (sky130_fd_sc_hd__a21oi_2)
     1    0.002334    0.027182    0.043503    0.493164 v _0914_/Y (sky130_fd_sc_hd__a21oi_2)
                                                         u_gpio.led4_cnt_d[3] (net)
                      0.027182    0.000004    0.493168 v _1178_/D (sky130_fd_sc_hd__dfrtp_2)
                                              0.493168   data arrival time

                                  0.000000    0.000000   clock clk (rise edge)
                                  0.000000    0.000000   clock source latency
   196    0.487655    0.000000    0.000000    0.000000 ^ clk (in)
                                                         clk (net)
                      0.018645    0.009322    0.009322 ^ _1178_/CLK (sky130_fd_sc_hd__dfrtp_2)
                                  0.250000    0.259322   clock uncertainty
                                  0.000000    0.259322   clock reconvergence pessimism
                                 -0.040869    0.218453   library hold time
                                              0.218453   data required time
---------------------------------------------------------------------------------------------
                                              0.218453   data required time
                                             -0.493168   data arrival time
---------------------------------------------------------------------------------------------
                                              0.274715   slack (MET)


Startpoint: _1184_ (rising edge-triggered flip-flop clocked by clk)
Endpoint: _1184_ (rising edge-triggered flip-flop clocked by clk)
Path Group: clk
Path Type: min

Fanout         Cap        Slew       Delay        Time   Description
---------------------------------------------------------------------------------------------
                                  0.000000    0.000000   clock clk (rise edge)
                                  0.000000    0.000000   clock source latency
   196    0.487655    0.000000    0.000000    0.000000 ^ clk (in)
                                                         clk (net)
                      0.018433    0.009217    0.009217 ^ _1184_/CLK (sky130_fd_sc_hd__dfrtp_2)
     2    0.006259    0.049694    0.383928    0.393145 v _1184_/Q (sky130_fd_sc_hd__dfrtp_2)
                                                         u_gpio.led4_cnt_q[9] (net)
                      0.049694    0.000012    0.393157 v _0925_/A (sky130_fd_sc_hd__nand2_2)
     1    0.005061    0.039542    0.057408    0.450565 ^ _0925_/Y (sky130_fd_sc_hd__nand2_2)
                                                         _0399_ (net)
                      0.039542    0.000000    0.450565 ^ _0926_/A2 (sky130_fd_sc_hd__a21oi_2)
     1    0.002237    0.026873    0.043181    0.493746 v _0926_/Y (sky130_fd_sc_hd__a21oi_2)
                                                         u_gpio.led4_cnt_d[9] (net)
                      0.026873    0.000003    0.493749 v _1184_/D (sky130_fd_sc_hd__dfrtp_2)
                                              0.493749   data arrival time

                                  0.000000    0.000000   clock clk (rise edge)
                                  0.000000    0.000000   clock source latency
   196    0.487655    0.000000    0.000000    0.000000 ^ clk (in)
                                                         clk (net)
                      0.018433    0.009217    0.009217 ^ _1184_/CLK (sky130_fd_sc_hd__dfrtp_2)
                                  0.250000    0.259217   clock uncertainty
                                  0.000000    0.259217   clock reconvergence pessimism
                                 -0.040791    0.218426   library hold time
                                              0.218426   data required time
---------------------------------------------------------------------------------------------
                                              0.218426   data required time
                                             -0.493749   data arrival time
---------------------------------------------------------------------------------------------
                                              0.275323   slack (MET)


Startpoint: _1080_ (rising edge-triggered flip-flop clocked by clk)
Endpoint: _1080_ (rising edge-triggered flip-flop clocked by clk)
Path Group: clk
Path Type: min

Fanout         Cap        Slew       Delay        Time   Description
---------------------------------------------------------------------------------------------
                                  0.000000    0.000000   clock clk (rise edge)
                                  0.000000    0.000000   clock source latency
   196    0.487655    0.000000    0.000000    0.000000 ^ clk (in)
                                                         clk (net)
                      0.015647    0.007824    0.007824 ^ _1080_/CLK (sky130_fd_sc_hd__dfrtp_2)
     2    0.006143    0.049388    0.382467    0.390290 v _1080_/Q (sky130_fd_sc_hd__dfrtp_2)
                                                         u_uart.tx_baud_cnt_q[3] (net)
                      0.049388    0.000014    0.390304 v _0682_/A (sky130_fd_sc_hd__nand2_2)
     1    0.005347    0.040928    0.058295    0.448599 ^ _0682_/Y (sky130_fd_sc_hd__nand2_2)
                                                         _0260_ (net)
                      0.040928    0.000008    0.448607 ^ _0683_/A2 (sky130_fd_sc_hd__a21oi_2)
     1    0.002154    0.026650    0.043375    0.491982 v _0683_/Y (sky130_fd_sc_hd__a21oi_2)
                                                         u_uart.tx_baud_cnt_d[3] (net)
                      0.026650    0.000002    0.491984 v _1080_/D (sky130_fd_sc_hd__dfrtp_2)
                                              0.491984   data arrival time

                                  0.000000    0.000000   clock clk (rise edge)
                                  0.000000    0.000000   clock source latency
   196    0.487655    0.000000    0.000000    0.000000 ^ clk (in)
                                                         clk (net)
                      0.015647    0.007824    0.007824 ^ _1080_/CLK (sky130_fd_sc_hd__dfrtp_2)
                                  0.250000    0.257824   clock uncertainty
                                  0.000000    0.257824   clock reconvergence pessimism
                                 -0.041336    0.216488   library hold time
                                              0.216488   data required time
---------------------------------------------------------------------------------------------
                                              0.216488   data required time
                                             -0.491984   data arrival time
---------------------------------------------------------------------------------------------
                                              0.275496   slack (MET)


Startpoint: _1098_ (rising edge-triggered flip-flop clocked by clk)
Endpoint: _1098_ (rising edge-triggered flip-flop clocked by clk)
Path Group: clk
Path Type: min

Fanout         Cap        Slew       Delay        Time   Description
---------------------------------------------------------------------------------------------
                                  0.000000    0.000000   clock clk (rise edge)
                                  0.000000    0.000000   clock source latency
   196    0.487655    0.000000    0.000000    0.000000 ^ clk (in)
                                                         clk (net)
                      0.013958    0.006979    0.006979 ^ _1098_/CLK (sky130_fd_sc_hd__dfrtp_2)
     2    0.006250    0.049653    0.382235    0.389214 v _1098_/Q (sky130_fd_sc_hd__dfrtp_2)
                                                         u_gpio.led3_cnt_q[11] (net)
                      0.049653    0.000011    0.389224 v _0886_/A (sky130_fd_sc_hd__nand2_2)
     1    0.005297    0.040692    0.058231    0.447455 ^ _0886_/Y (sky130_fd_sc_hd__nand2_2)
                                                         _0380_ (net)
                      0.040692    0.000006    0.447462 ^ _0887_/A2 (sky130_fd_sc_hd__a21oi_2)
     1    0.002186    0.026745    0.043395    0.490856 v _0887_/Y (sky130_fd_sc_hd__a21oi_2)
                                                         u_gpio.led3_cnt_d[11] (net)
                      0.026745    0.000002    0.490859 v _1098_/D (sky130_fd_sc_hd__dfrtp_2)
                                              0.490859   data arrival time

                                  0.000000    0.000000   clock clk (rise edge)
                                  0.000000    0.000000   clock source latency
   196    0.487655    0.000000    0.000000    0.000000 ^ clk (in)
                                                         clk (net)
                      0.013958    0.006979    0.006979 ^ _1098_/CLK (sky130_fd_sc_hd__dfrtp_2)
                                  0.250000    0.256979   clock uncertainty
                                  0.000000    0.256979   clock reconvergence pessimism
                                 -0.041760    0.215219   library hold time
                                              0.215219   data required time
---------------------------------------------------------------------------------------------
                                              0.215219   data required time
                                             -0.490859   data arrival time
---------------------------------------------------------------------------------------------
                                              0.275639   slack (MET)


Startpoint: _1094_ (rising edge-triggered flip-flop clocked by clk)
Endpoint: _1094_ (rising edge-triggered flip-flop clocked by clk)
Path Group: clk
Path Type: min

Fanout         Cap        Slew       Delay        Time   Description
---------------------------------------------------------------------------------------------
                                  0.000000    0.000000   clock clk (rise edge)
                                  0.000000    0.000000   clock source latency
   196    0.487655    0.000000    0.000000    0.000000 ^ clk (in)
                                                         clk (net)
                      0.011218    0.005609    0.005609 ^ _1094_/CLK (sky130_fd_sc_hd__dfrtp_2)
     2    0.006347    0.049894    0.381578    0.387186 v _1094_/Q (sky130_fd_sc_hd__dfrtp_2)
                                                         u_gpio.led3_cnt_q[7] (net)
                      0.049894    0.000013    0.387200 v _0878_/A (sky130_fd_sc_hd__nand2_2)
     1    0.005401    0.041207    0.058706    0.445906 ^ _0878_/Y (sky130_fd_sc_hd__nand2_2)
                                                         _0376_ (net)
                      0.041207    0.000009    0.445914 ^ _0879_/A2 (sky130_fd_sc_hd__a21oi_2)
     1    0.002085    0.026441    0.043260    0.489175 v _0879_/Y (sky130_fd_sc_hd__a21oi_2)
                                                         u_gpio.led3_cnt_d[7] (net)
                      0.026441    0.000001    0.489176 v _1094_/D (sky130_fd_sc_hd__dfrtp_2)
                                              0.489176   data arrival time

                                  0.000000    0.000000   clock clk (rise edge)
                                  0.000000    0.000000   clock source latency
   196    0.487655    0.000000    0.000000    0.000000 ^ clk (in)
                                                         clk (net)
                      0.011218    0.005609    0.005609 ^ _1094_/CLK (sky130_fd_sc_hd__dfrtp_2)
                                  0.250000    0.255609   clock uncertainty
                                  0.000000    0.255609   clock reconvergence pessimism
                                 -0.042261    0.213348   library hold time
                                              0.213348   data required time
---------------------------------------------------------------------------------------------
                                              0.213348   data required time
                                             -0.489176   data arrival time
---------------------------------------------------------------------------------------------
                                              0.275828   slack (MET)


Startpoint: _1191_ (rising edge-triggered flip-flop clocked by clk)
Endpoint: _1191_ (rising edge-triggered flip-flop clocked by clk)
Path Group: clk
Path Type: min

Fanout         Cap        Slew       Delay        Time   Description
---------------------------------------------------------------------------------------------
                                  0.000000    0.000000   clock clk (rise edge)
                                  0.000000    0.000000   clock source latency
   196    0.487655    0.000000    0.000000    0.000000 ^ clk (in)
                                                         clk (net)
                      0.019987    0.009994    0.009994 ^ _1191_/CLK (sky130_fd_sc_hd__dfrtp_2)
     2    0.006243    0.049662    0.384448    0.394441 v _1191_/Q (sky130_fd_sc_hd__dfrtp_2)
                                                         u_gpio.led4_cnt_q[16] (net)
                      0.049662    0.000014    0.394455 v _0939_/A (sky130_fd_sc_hd__nand2_2)
     1    0.005229    0.040358    0.057991    0.452446 ^ _0939_/Y (sky130_fd_sc_hd__nand2_2)
                                                         _0406_ (net)
                      0.040358    0.000005    0.452451 ^ _0940_/A2 (sky130_fd_sc_hd__a21oi_2)
     1    0.002157    0.026645    0.043205    0.495657 v _0940_/Y (sky130_fd_sc_hd__a21oi_2)
                                                         u_gpio.led4_cnt_d[16] (net)
                      0.026645    0.000002    0.495658 v _1191_/D (sky130_fd_sc_hd__dfrtp_2)
                                              0.495658   data arrival time

                                  0.000000    0.000000   clock clk (rise edge)
                                  0.000000    0.000000   clock source latency
   196    0.487655    0.000000    0.000000    0.000000 ^ clk (in)
                                                         clk (net)
                      0.019987    0.009994    0.009994 ^ _1191_/CLK (sky130_fd_sc_hd__dfrtp_2)
                                  0.250000    0.259994   clock uncertainty
                                  0.000000    0.259994   clock reconvergence pessimism
                                 -0.040344    0.219650   library hold time
                                              0.219650   data required time
---------------------------------------------------------------------------------------------
                                              0.219650   data required time
                                             -0.495658   data arrival time
---------------------------------------------------------------------------------------------
                                              0.276009   slack (MET)


Startpoint: _1101_ (rising edge-triggered flip-flop clocked by clk)
Endpoint: _1101_ (rising edge-triggered flip-flop clocked by clk)
Path Group: clk
Path Type: min

Fanout         Cap        Slew       Delay        Time   Description
---------------------------------------------------------------------------------------------
                                  0.000000    0.000000   clock clk (rise edge)
                                  0.000000    0.000000   clock source latency
   196    0.487655    0.000000    0.000000    0.000000 ^ clk (in)
                                                         clk (net)
                      0.015509    0.007754    0.007754 ^ _1101_/CLK (sky130_fd_sc_hd__dfrtp_2)
     2    0.006322    0.049844    0.383078    0.390832 v _1101_/Q (sky130_fd_sc_hd__dfrtp_2)
                                                         u_gpio.led3_cnt_q[14] (net)
                      0.049844    0.000014    0.390846 v _0892_/A (sky130_fd_sc_hd__nand2_2)
     1    0.005338    0.040895    0.058457    0.449303 ^ _0892_/Y (sky130_fd_sc_hd__nand2_2)
                                                         _0383_ (net)
                      0.040895    0.000008    0.449311 ^ _0893_/A2 (sky130_fd_sc_hd__a21oi_2)
     1    0.002232    0.026893    0.043590    0.492901 v _0893_/Y (sky130_fd_sc_hd__a21oi_2)
                                                         u_gpio.led3_cnt_d[14] (net)
                      0.026893    0.000003    0.492904 v _1101_/D (sky130_fd_sc_hd__dfrtp_2)
                                              0.492904   data arrival time

                                  0.000000    0.000000   clock clk (rise edge)
                                  0.000000    0.000000   clock source latency
   196    0.487655    0.000000    0.000000    0.000000 ^ clk (in)
                                                         clk (net)
                      0.015509    0.007754    0.007754 ^ _1101_/CLK (sky130_fd_sc_hd__dfrtp_2)
                                  0.250000    0.257754   clock uncertainty
                                  0.000000    0.257754   clock reconvergence pessimism
                                 -0.041466    0.216288   library hold time
                                              0.216288   data required time
---------------------------------------------------------------------------------------------
                                              0.216288   data required time
                                             -0.492904   data arrival time
---------------------------------------------------------------------------------------------
                                              0.276616   slack (MET)


Startpoint: _1085_ (rising edge-triggered flip-flop clocked by clk)
Endpoint: _1085_ (rising edge-triggered flip-flop clocked by clk)
Path Group: clk
Path Type: min

Fanout         Cap        Slew       Delay        Time   Description
---------------------------------------------------------------------------------------------
                                  0.000000    0.000000   clock clk (rise edge)
                                  0.000000    0.000000   clock source latency
   196    0.487655    0.000000    0.000000    0.000000 ^ clk (in)
                                                         clk (net)
                      0.016026    0.008013    0.008013 ^ _1085_/CLK (sky130_fd_sc_hd__dfstp_2)
     2    0.004254    0.024678    0.346826    0.354839 v _1085_/Q (sky130_fd_sc_hd__dfstp_2)
                                                         u_uart.tx_baud_cnt_q[8] (net)
                      0.024678    0.000008    0.354847 v _0693_/A1 (sky130_fd_sc_hd__a21o_2)
     1    0.002415    0.030390    0.170237    0.525084 v _0693_/X (sky130_fd_sc_hd__a21o_2)
                                                         u_uart.tx_baud_cnt_d[8] (net)
                      0.030390    0.000002    0.525087 v _1085_/D (sky130_fd_sc_hd__dfstp_2)
                                              0.525087   data arrival time

                                  0.000000    0.000000   clock clk (rise edge)
                                  0.000000    0.000000   clock source latency
   196    0.487655    0.000000    0.000000    0.000000 ^ clk (in)
                                                         clk (net)
                      0.016026    0.008013    0.008013 ^ _1085_/CLK (sky130_fd_sc_hd__dfstp_2)
                                  0.250000    0.258013   clock uncertainty
                                  0.000000    0.258013   clock reconvergence pessimism
                                 -0.010254    0.247759   library hold time
                                              0.247759   data required time
---------------------------------------------------------------------------------------------
                                              0.247759   data required time
                                             -0.525087   data arrival time
---------------------------------------------------------------------------------------------
                                              0.277328   slack (MET)


Startpoint: _1083_ (rising edge-triggered flip-flop clocked by clk)
Endpoint: _1083_ (rising edge-triggered flip-flop clocked by clk)
Path Group: clk
Path Type: min

Fanout         Cap        Slew       Delay        Time   Description
---------------------------------------------------------------------------------------------
                                  0.000000    0.000000   clock clk (rise edge)
                                  0.000000    0.000000   clock source latency
   196    0.487655    0.000000    0.000000    0.000000 ^ clk (in)
                                                         clk (net)
                      0.015872    0.007936    0.007936 ^ _1083_/CLK (sky130_fd_sc_hd__dfrtp_2)
     2    0.006162    0.049438    0.382620    0.390557 v _1083_/Q (sky130_fd_sc_hd__dfrtp_2)
                                                         u_uart.tx_baud_cnt_q[6] (net)
                      0.049438    0.000011    0.390568 v _0688_/B1 (sky130_fd_sc_hd__o21ai_2)
     1    0.005074    0.050936    0.058718    0.449285 ^ _0688_/Y (sky130_fd_sc_hd__o21ai_2)
                                                         _0263_ (net)
                      0.050936    0.000000    0.449286 ^ _0689_/A2 (sky130_fd_sc_hd__a21oi_2)
     1    0.002127    0.026848    0.046431    0.495717 v _0689_/Y (sky130_fd_sc_hd__a21oi_2)
                                                         u_uart.tx_baud_cnt_d[6] (net)
                      0.026848    0.000002    0.495718 v _1083_/D (sky130_fd_sc_hd__dfrtp_2)
                                              0.495718   data arrival time

                                  0.000000    0.000000   clock clk (rise edge)
                                  0.000000    0.000000   clock source latency
   196    0.487655    0.000000    0.000000    0.000000 ^ clk (in)
                                                         clk (net)
                      0.015872    0.007936    0.007936 ^ _1083_/CLK (sky130_fd_sc_hd__dfrtp_2)
                                  0.250000    0.257936   clock uncertainty
                                  0.000000    0.257936   clock reconvergence pessimism
                                 -0.041365    0.216571   library hold time
                                              0.216571   data required time
---------------------------------------------------------------------------------------------
                                              0.216571   data required time
                                             -0.495718   data arrival time
---------------------------------------------------------------------------------------------
                                              0.279147   slack (MET)


Startpoint: _1089_ (rising edge-triggered flip-flop clocked by clk)
Endpoint: _1089_ (rising edge-triggered flip-flop clocked by clk)
Path Group: clk
Path Type: min

Fanout         Cap        Slew       Delay        Time   Description
---------------------------------------------------------------------------------------------
                                  0.000000    0.000000   clock clk (rise edge)
                                  0.000000    0.000000   clock source latency
   196    0.487655    0.000000    0.000000    0.000000 ^ clk (in)
                                                         clk (net)
                      0.006145    0.003072    0.003072 ^ _1089_/CLK (sky130_fd_sc_hd__dfrtp_2)
     3    0.007416    0.052728    0.383663    0.386735 v _1089_/Q (sky130_fd_sc_hd__dfrtp_2)
                                                         u_gpio.led3_cnt_q[2] (net)
                      0.052728    0.000014    0.386749 v _0868_/A (sky130_fd_sc_hd__nand2_2)
     1    0.005205    0.040324    0.059218    0.445967 ^ _0868_/Y (sky130_fd_sc_hd__nand2_2)
                                                         _0371_ (net)
                      0.040324    0.000004    0.445971 ^ _0869_/A2 (sky130_fd_sc_hd__a21oi_2)
     1    0.002234    0.026884    0.043417    0.489388 v _0869_/Y (sky130_fd_sc_hd__a21oi_2)
                                                         u_gpio.led3_cnt_d[2] (net)
                      0.026884    0.000003    0.489390 v _1089_/D (sky130_fd_sc_hd__dfrtp_2)
                                              0.489390   data arrival time

                                  0.000000    0.000000   clock clk (rise edge)
                                  0.000000    0.000000   clock source latency
   196    0.487655    0.000000    0.000000    0.000000 ^ clk (in)
                                                         clk (net)
                      0.006145    0.003072    0.003072 ^ _1089_/CLK (sky130_fd_sc_hd__dfrtp_2)
                                  0.250000    0.253072   clock uncertainty
                                  0.000000    0.253072   clock reconvergence pessimism
                                 -0.043598    0.209475   library hold time
                                              0.209475   data required time
---------------------------------------------------------------------------------------------
                                              0.209475   data required time
                                             -0.489390   data arrival time
---------------------------------------------------------------------------------------------
                                              0.279916   slack (MET)


Startpoint: _1048_ (rising edge-triggered flip-flop clocked by clk)
Endpoint: _1048_ (rising edge-triggered flip-flop clocked by clk)
Path Group: clk
Path Type: min

Fanout         Cap        Slew       Delay        Time   Description
---------------------------------------------------------------------------------------------
                                  0.000000    0.000000   clock clk (rise edge)
                                  0.000000    0.000000   clock source latency
   196    0.487655    0.000000    0.000000    0.000000 ^ clk (in)
                                                         clk (net)
                      0.019885    0.009942    0.009942 ^ _1048_/CLK (sky130_fd_sc_hd__dfrtp_2)
     5    0.011833    0.076869    0.362376    0.372318 ^ _1048_/Q (sky130_fd_sc_hd__dfrtp_2)
                                                         u_uart.tx_state_q[3] (net)
                      0.076869    0.000042    0.372361 ^ _0488_/A1 (sky130_fd_sc_hd__a22o_2)
     1    0.002252    0.031367    0.132926    0.505287 ^ _0488_/X (sky130_fd_sc_hd__a22o_2)
                                                         _0023_ (net)
                      0.031367    0.000003    0.505290 ^ _1048_/D (sky130_fd_sc_hd__dfrtp_2)
                                              0.505290   data arrival time

                                  0.000000    0.000000   clock clk (rise edge)
                                  0.000000    0.000000   clock source latency
   196    0.487655    0.000000    0.000000    0.000000 ^ clk (in)
                                                         clk (net)
                      0.019885    0.009942    0.009942 ^ _1048_/CLK (sky130_fd_sc_hd__dfrtp_2)
                                  0.250000    0.259942   clock uncertainty
                                  0.000000    0.259942   clock reconvergence pessimism
                                 -0.035277    0.224666   library hold time
                                              0.224666   data required time
---------------------------------------------------------------------------------------------
                                              0.224666   data required time
                                             -0.505290   data arrival time
---------------------------------------------------------------------------------------------
                                              0.280624   slack (MET)


Startpoint: _1190_ (rising edge-triggered flip-flop clocked by clk)
Endpoint: _1190_ (rising edge-triggered flip-flop clocked by clk)
Path Group: clk
Path Type: min

Fanout         Cap        Slew       Delay        Time   Description
---------------------------------------------------------------------------------------------
                                  0.000000    0.000000   clock clk (rise edge)
                                  0.000000    0.000000   clock source latency
   196    0.487655    0.000000    0.000000    0.000000 ^ clk (in)
                                                         clk (net)
                      0.019916    0.009958    0.009958 ^ _1190_/CLK (sky130_fd_sc_hd__dfrtp_2)
     2    0.006207    0.049572    0.384287    0.394245 v _1190_/Q (sky130_fd_sc_hd__dfrtp_2)
                                                         u_gpio.led4_cnt_q[15] (net)
                      0.049572    0.000012    0.394257 v _0937_/B1 (sky130_fd_sc_hd__o21ai_2)
     1    0.005210    0.051689    0.059296    0.453553 ^ _0937_/Y (sky130_fd_sc_hd__o21ai_2)
                                                         _0405_ (net)
                      0.051689    0.000005    0.453558 ^ _0938_/A2 (sky130_fd_sc_hd__a21oi_2)
     1    0.002106    0.026804    0.046604    0.500162 v _0938_/Y (sky130_fd_sc_hd__a21oi_2)
                                                         u_gpio.led4_cnt_d[15] (net)
                      0.026804    0.000002    0.500163 v _1190_/D (sky130_fd_sc_hd__dfrtp_2)
                                              0.500163   data arrival time

                                  0.000000    0.000000   clock clk (rise edge)
                                  0.000000    0.000000   clock source latency
   196    0.487655    0.000000    0.000000    0.000000 ^ clk (in)
                                                         clk (net)
                      0.019916    0.009958    0.009958 ^ _1190_/CLK (sky130_fd_sc_hd__dfrtp_2)
                                  0.250000    0.259958   clock uncertainty
                                  0.000000    0.259958   clock reconvergence pessimism
                                 -0.040425    0.219533   library hold time
                                              0.219533   data required time
---------------------------------------------------------------------------------------------
                                              0.219533   data required time
                                             -0.500163   data arrival time
---------------------------------------------------------------------------------------------
                                              0.280631   slack (MET)


Startpoint: _1093_ (rising edge-triggered flip-flop clocked by clk)
Endpoint: _1093_ (rising edge-triggered flip-flop clocked by clk)
Path Group: clk
Path Type: min

Fanout         Cap        Slew       Delay        Time   Description
---------------------------------------------------------------------------------------------
                                  0.000000    0.000000   clock clk (rise edge)
                                  0.000000    0.000000   clock source latency
   196    0.487655    0.000000    0.000000    0.000000 ^ clk (in)
                                                         clk (net)
                      0.011323    0.005662    0.005662 ^ _1093_/CLK (sky130_fd_sc_hd__dfrtp_2)
     3    0.007794    0.051779    0.386970    0.392631 v _1093_/Q (sky130_fd_sc_hd__dfrtp_2)
                                                         u_gpio.led3_cnt_q[6] (net)
                      0.051779    0.000022    0.392653 v _0876_/A (sky130_fd_sc_hd__nand2_2)
     1    0.005107    0.039824    0.058465    0.451118 ^ _0876_/Y (sky130_fd_sc_hd__nand2_2)
                                                         _0375_ (net)
                      0.039824    0.000002    0.451120 ^ _0877_/A2 (sky130_fd_sc_hd__a21oi_2)
     1    0.002116    0.026500    0.042918    0.494038 v _0877_/Y (sky130_fd_sc_hd__a21oi_2)
                                                         u_gpio.led3_cnt_d[6] (net)
                      0.026500    0.000002    0.494040 v _1093_/D (sky130_fd_sc_hd__dfrtp_2)
                                              0.494040   data arrival time

                                  0.000000    0.000000   clock clk (rise edge)
                                  0.000000    0.000000   clock source latency
   196    0.487655    0.000000    0.000000    0.000000 ^ clk (in)
                                                         clk (net)
                      0.011323    0.005662    0.005662 ^ _1093_/CLK (sky130_fd_sc_hd__dfrtp_2)
                                  0.250000    0.255662   clock uncertainty
                                  0.000000    0.255662   clock reconvergence pessimism
                                 -0.042260    0.213401   library hold time
                                              0.213401   data required time
---------------------------------------------------------------------------------------------
                                              0.213401   data required time
                                             -0.494040   data arrival time
---------------------------------------------------------------------------------------------
                                              0.280639   slack (MET)


Startpoint: _1029_ (rising edge-triggered flip-flop clocked by clk)
Endpoint: _1029_ (rising edge-triggered flip-flop clocked by clk)
Path Group: clk
Path Type: min

Fanout         Cap        Slew       Delay        Time   Description
---------------------------------------------------------------------------------------------
                                  0.000000    0.000000   clock clk (rise edge)
                                  0.000000    0.000000   clock source latency
   196    0.487655    0.000000    0.000000    0.000000 ^ clk (in)
                                                         clk (net)
                      0.015441    0.007721    0.007721 ^ _1029_/CLK (sky130_fd_sc_hd__dfrtp_2)
     3    0.014013    0.084974    0.369084    0.376805 ^ _1029_/Q (sky130_fd_sc_hd__dfrtp_2)
                                                         u_sram.aw_ready_d (net)
                      0.084974    0.000031    0.376836 ^ _0967_/A1 (sky130_fd_sc_hd__o21a_2)
     1    0.002087    0.027392    0.126886    0.503721 ^ _0967_/X (sky130_fd_sc_hd__o21a_2)
                                                         _0052_ (net)
                      0.027392    0.000001    0.503722 ^ _1029_/D (sky130_fd_sc_hd__dfrtp_2)
                                              0.503722   data arrival time

                                  0.000000    0.000000   clock clk (rise edge)
                                  0.000000    0.000000   clock source latency
   196    0.487655    0.000000    0.000000    0.000000 ^ clk (in)
                                                         clk (net)
                      0.015441    0.007721    0.007721 ^ _1029_/CLK (sky130_fd_sc_hd__dfrtp_2)
                                  0.250000    0.257721   clock uncertainty
                                  0.000000    0.257721   clock reconvergence pessimism
                                 -0.035056    0.222665   library hold time
                                              0.222665   data required time
---------------------------------------------------------------------------------------------
                                              0.222665   data required time
                                             -0.503722   data arrival time
---------------------------------------------------------------------------------------------
                                              0.281058   slack (MET)


Startpoint: _1104_ (rising edge-triggered flip-flop clocked by clk)
Endpoint: _1104_ (rising edge-triggered flip-flop clocked by clk)
Path Group: clk
Path Type: min

Fanout         Cap        Slew       Delay        Time   Description
---------------------------------------------------------------------------------------------
                                  0.000000    0.000000   clock clk (rise edge)
                                  0.000000    0.000000   clock source latency
   196    0.487655    0.000000    0.000000    0.000000 ^ clk (in)
                                                         clk (net)
                      0.015618    0.007809    0.007809 ^ _1104_/CLK (sky130_fd_sc_hd__dfrtp_2)
     2    0.006274    0.049721    0.382939    0.390748 v _1104_/Q (sky130_fd_sc_hd__dfrtp_2)
                                                         u_gpio.led3_cnt_q[17] (net)
                      0.049721    0.000009    0.390757 v _0898_/B1 (sky130_fd_sc_hd__o21ai_2)
     1    0.005155    0.051391    0.059150    0.449906 ^ _0898_/Y (sky130_fd_sc_hd__o21ai_2)
                                                         _0386_ (net)
                      0.051391    0.000003    0.449910 ^ _0899_/A2 (sky130_fd_sc_hd__a21oi_2)
     1    0.002413    0.027480    0.047408    0.497318 v _0899_/Y (sky130_fd_sc_hd__a21oi_2)
                                                         u_gpio.led3_cnt_d[17] (net)
                      0.027480    0.000005    0.497323 v _1104_/D (sky130_fd_sc_hd__dfrtp_2)
                                              0.497323   data arrival time

                                  0.000000    0.000000   clock clk (rise edge)
                                  0.000000    0.000000   clock source latency
   196    0.487655    0.000000    0.000000    0.000000 ^ clk (in)
                                                         clk (net)
                      0.015618    0.007809    0.007809 ^ _1104_/CLK (sky130_fd_sc_hd__dfrtp_2)
                                  0.250000    0.257809   clock uncertainty
                                  0.000000    0.257809   clock reconvergence pessimism
                                 -0.041680    0.216129   library hold time
                                              0.216129   data required time
---------------------------------------------------------------------------------------------
                                              0.216129   data required time
                                             -0.497323   data arrival time
---------------------------------------------------------------------------------------------
                                              0.281194   slack (MET)


Startpoint: _1102_ (rising edge-triggered flip-flop clocked by clk)
Endpoint: _1102_ (rising edge-triggered flip-flop clocked by clk)
Path Group: clk
Path Type: min

Fanout         Cap        Slew       Delay        Time   Description
---------------------------------------------------------------------------------------------
                                  0.000000    0.000000   clock clk (rise edge)
                                  0.000000    0.000000   clock source latency
   196    0.487655    0.000000    0.000000    0.000000 ^ clk (in)
                                                         clk (net)
                      0.015605    0.007803    0.007803 ^ _1102_/CLK (sky130_fd_sc_hd__dfrtp_2)
     3    0.007501    0.052853    0.387479    0.395282 v _1102_/Q (sky130_fd_sc_hd__dfrtp_2)
                                                         u_gpio.led3_cnt_q[15] (net)
                      0.052853    0.000010    0.395292 v _0894_/A (sky130_fd_sc_hd__nand2_2)
     1    0.005298    0.040782    0.059604    0.454896 ^ _0894_/Y (sky130_fd_sc_hd__nand2_2)
                                                         _0384_ (net)
                      0.040782    0.000006    0.454902 ^ _0895_/A2 (sky130_fd_sc_hd__a21oi_2)
     1    0.002166    0.026685    0.043365    0.498267 v _0895_/Y (sky130_fd_sc_hd__a21oi_2)
                                                         u_gpio.led3_cnt_d[15] (net)
                      0.026685    0.000002    0.498269 v _1102_/D (sky130_fd_sc_hd__dfrtp_2)
                                              0.498269   data arrival time

                                  0.000000    0.000000   clock clk (rise edge)
                                  0.000000    0.000000   clock source latency
   196    0.487655    0.000000    0.000000    0.000000 ^ clk (in)
                                                         clk (net)
                      0.015605    0.007803    0.007803 ^ _1102_/CLK (sky130_fd_sc_hd__dfrtp_2)
                                  0.250000    0.257803   clock uncertainty
                                  0.000000    0.257803   clock reconvergence pessimism
                                 -0.041359    0.216443   library hold time
                                              0.216443   data required time
---------------------------------------------------------------------------------------------
                                              0.216443   data required time
                                             -0.498269   data arrival time
---------------------------------------------------------------------------------------------
                                              0.281825   slack (MET)


Startpoint: _1084_ (rising edge-triggered flip-flop clocked by clk)
Endpoint: _1084_ (rising edge-triggered flip-flop clocked by clk)
Path Group: clk
Path Type: min

Fanout         Cap        Slew       Delay        Time   Description
---------------------------------------------------------------------------------------------
                                  0.000000    0.000000   clock clk (rise edge)
                                  0.000000    0.000000   clock source latency
   196    0.487655    0.000000    0.000000    0.000000 ^ clk (in)
                                                         clk (net)
                      0.015997    0.007999    0.007999 ^ _1084_/CLK (sky130_fd_sc_hd__dfstp_2)
     3    0.005651    0.028307    0.350126    0.358124 v _1084_/Q (sky130_fd_sc_hd__dfstp_2)
                                                         u_uart.tx_baud_cnt_q[7] (net)
                      0.028307    0.000008    0.358133 v _0691_/A1 (sky130_fd_sc_hd__a21o_2)
     1    0.002392    0.030362    0.171604    0.529736 v _0691_/X (sky130_fd_sc_hd__a21o_2)
                                                         u_uart.tx_baud_cnt_d[7] (net)
                      0.030362    0.000002    0.529738 v _1084_/D (sky130_fd_sc_hd__dfstp_2)
                                              0.529738   data arrival time

                                  0.000000    0.000000   clock clk (rise edge)
                                  0.000000    0.000000   clock source latency
   196    0.487655    0.000000    0.000000    0.000000 ^ clk (in)
                                                         clk (net)
                      0.015997    0.007999    0.007999 ^ _1084_/CLK (sky130_fd_sc_hd__dfstp_2)
                                  0.250000    0.257999   clock uncertainty
                                  0.000000    0.257999   clock reconvergence pessimism
                                 -0.010252    0.247747   library hold time
                                              0.247747   data required time
---------------------------------------------------------------------------------------------
                                              0.247747   data required time
                                             -0.529738   data arrival time
---------------------------------------------------------------------------------------------
                                              0.281991   slack (MET)


Startpoint: _1095_ (rising edge-triggered flip-flop clocked by clk)
Endpoint: _1095_ (rising edge-triggered flip-flop clocked by clk)
Path Group: clk
Path Type: min

Fanout         Cap        Slew       Delay        Time   Description
---------------------------------------------------------------------------------------------
                                  0.000000    0.000000   clock clk (rise edge)
                                  0.000000    0.000000   clock source latency
   196    0.487655    0.000000    0.000000    0.000000 ^ clk (in)
                                                         clk (net)
                      0.012247    0.006123    0.006123 ^ _1095_/CLK (sky130_fd_sc_hd__dfrtp_2)
     3    0.007720    0.053458    0.387050    0.393173 v _1095_/Q (sky130_fd_sc_hd__dfrtp_2)
                                                         u_gpio.led3_cnt_q[8] (net)
                      0.053458    0.000011    0.393184 v _0880_/A (sky130_fd_sc_hd__nand2_2)
     1    0.005232    0.040528    0.059626    0.452810 ^ _0880_/Y (sky130_fd_sc_hd__nand2_2)
                                                         _0377_ (net)
                      0.040528    0.000004    0.452814 ^ _0881_/A2 (sky130_fd_sc_hd__a21oi_2)
     1    0.002184    0.026734    0.043337    0.496151 v _0881_/Y (sky130_fd_sc_hd__a21oi_2)
                                                         u_gpio.led3_cnt_d[8] (net)
                      0.026734    0.000002    0.496153 v _1095_/D (sky130_fd_sc_hd__dfrtp_2)
                                              0.496153   data arrival time

                                  0.000000    0.000000   clock clk (rise edge)
                                  0.000000    0.000000   clock source latency
   196    0.487655    0.000000    0.000000    0.000000 ^ clk (in)
                                                         clk (net)
                      0.012247    0.006123    0.006123 ^ _1095_/CLK (sky130_fd_sc_hd__dfrtp_2)
                                  0.250000    0.256123   clock uncertainty
                                  0.000000    0.256123   clock reconvergence pessimism
                                 -0.042145    0.213978   library hold time
                                              0.213978   data required time
---------------------------------------------------------------------------------------------
                                              0.213978   data required time
                                             -0.496153   data arrival time
---------------------------------------------------------------------------------------------
                                              0.282175   slack (MET)


Startpoint: _1188_ (rising edge-triggered flip-flop clocked by clk)
Endpoint: _1188_ (rising edge-triggered flip-flop clocked by clk)
Path Group: clk
Path Type: min

Fanout         Cap        Slew       Delay        Time   Description
---------------------------------------------------------------------------------------------
                                  0.000000    0.000000   clock clk (rise edge)
                                  0.000000    0.000000   clock source latency
   196    0.487655    0.000000    0.000000    0.000000 ^ clk (in)
                                                         clk (net)
                      0.018468    0.009234    0.009234 ^ _1188_/CLK (sky130_fd_sc_hd__dfrtp_2)
     3    0.007551    0.052950    0.388726    0.397960 v _1188_/Q (sky130_fd_sc_hd__dfrtp_2)
                                                         u_gpio.led4_cnt_q[13] (net)
                      0.052950    0.000012    0.397972 v _0933_/A (sky130_fd_sc_hd__nand2_2)
     1    0.005161    0.040117    0.059157    0.457129 ^ _0933_/Y (sky130_fd_sc_hd__nand2_2)
                                                         _0403_ (net)
                      0.040117    0.000003    0.457132 ^ _0934_/A2 (sky130_fd_sc_hd__a21oi_2)
     1    0.002273    0.027002    0.043467    0.500599 v _0934_/Y (sky130_fd_sc_hd__a21oi_2)
                                                         u_gpio.led4_cnt_d[13] (net)
                      0.027002    0.000003    0.500601 v _1188_/D (sky130_fd_sc_hd__dfrtp_2)
                                              0.500601   data arrival time

                                  0.000000    0.000000   clock clk (rise edge)
                                  0.000000    0.000000   clock source latency
   196    0.487655    0.000000    0.000000    0.000000 ^ clk (in)
                                                         clk (net)
                      0.018468    0.009234    0.009234 ^ _1188_/CLK (sky130_fd_sc_hd__dfrtp_2)
                                  0.250000    0.259234   clock uncertainty
                                  0.000000    0.259234   clock reconvergence pessimism
                                 -0.040836    0.218398   library hold time
                                              0.218398   data required time
---------------------------------------------------------------------------------------------
                                              0.218398   data required time
                                             -0.500601   data arrival time
---------------------------------------------------------------------------------------------
                                              0.282204   slack (MET)


Startpoint: _1025_ (rising edge-triggered flip-flop clocked by clk)
Endpoint: _1025_ (rising edge-triggered flip-flop clocked by clk)
Path Group: clk
Path Type: min

Fanout         Cap        Slew       Delay        Time   Description
---------------------------------------------------------------------------------------------
                                  0.000000    0.000000   clock clk (rise edge)
                                  0.000000    0.000000   clock source latency
   196    0.487655    0.000000    0.000000    0.000000 ^ clk (in)
                                                         clk (net)
                      0.010374    0.005187    0.005187 ^ _1025_/CLK (sky130_fd_sc_hd__dfrtp_2)
     3    0.014320    0.086343    0.368377    0.373564 ^ _1025_/Q (sky130_fd_sc_hd__dfrtp_2)
                                                         u_arb.pref_q (net)
                      0.086343    0.000049    0.373613 ^ _0959_/B2 (sky130_fd_sc_hd__a22o_2)
     1    0.002126    0.030494    0.127517    0.501129 ^ _0959_/X (sky130_fd_sc_hd__a22o_2)
                                                         _0048_ (net)
                      0.030494    0.000001    0.501131 ^ _1025_/D (sky130_fd_sc_hd__dfrtp_2)
                                              0.501131   data arrival time

                                  0.000000    0.000000   clock clk (rise edge)
                                  0.000000    0.000000   clock source latency
   196    0.487655    0.000000    0.000000    0.000000 ^ clk (in)
                                                         clk (net)
                      0.010374    0.005187    0.005187 ^ _1025_/CLK (sky130_fd_sc_hd__dfrtp_2)
                                  0.250000    0.255187   clock uncertainty
                                  0.000000    0.255187   clock reconvergence pessimism
                                 -0.036392    0.218796   library hold time
                                              0.218796   data required time
---------------------------------------------------------------------------------------------
                                              0.218796   data required time
                                             -0.501131   data arrival time
---------------------------------------------------------------------------------------------
                                              0.282335   slack (MET)


Startpoint: _1177_ (rising edge-triggered flip-flop clocked by clk)
Endpoint: _1177_ (rising edge-triggered flip-flop clocked by clk)
Path Group: clk
Path Type: min

Fanout         Cap        Slew       Delay        Time   Description
---------------------------------------------------------------------------------------------
                                  0.000000    0.000000   clock clk (rise edge)
                                  0.000000    0.000000   clock source latency
   196    0.487655    0.000000    0.000000    0.000000 ^ clk (in)
                                                         clk (net)
                      0.018649    0.009324    0.009324 ^ _1177_/CLK (sky130_fd_sc_hd__dfrtp_2)
     3    0.007556    0.052960    0.388810    0.398135 v _1177_/Q (sky130_fd_sc_hd__dfrtp_2)
                                                         u_gpio.led4_cnt_q[2] (net)
                      0.052960    0.000012    0.398146 v _0911_/A (sky130_fd_sc_hd__nand2_2)
     1    0.005168    0.040152    0.059187    0.457333 ^ _0911_/Y (sky130_fd_sc_hd__nand2_2)
                                                         _0392_ (net)
                      0.040152    0.000003    0.457336 ^ _0912_/A2 (sky130_fd_sc_hd__a21oi_2)
     1    0.002317    0.027140    0.043605    0.500940 v _0912_/Y (sky130_fd_sc_hd__a21oi_2)
                                                         u_gpio.led4_cnt_d[2] (net)
                      0.027140    0.000004    0.500944 v _1177_/D (sky130_fd_sc_hd__dfrtp_2)
                                              0.500944   data arrival time

                                  0.000000    0.000000   clock clk (rise edge)
                                  0.000000    0.000000   clock source latency
   196    0.487655    0.000000    0.000000    0.000000 ^ clk (in)
                                                         clk (net)
                      0.018649    0.009324    0.009324 ^ _1177_/CLK (sky130_fd_sc_hd__dfrtp_2)
                                  0.250000    0.259324   clock uncertainty
                                  0.000000    0.259324   clock reconvergence pessimism
                                 -0.040851    0.218474   library hold time
                                              0.218474   data required time
---------------------------------------------------------------------------------------------
                                              0.218474   data required time
                                             -0.500944   data arrival time
---------------------------------------------------------------------------------------------
                                              0.282470   slack (MET)


Startpoint: _1106_ (rising edge-triggered flip-flop clocked by clk)
Endpoint: _1106_ (rising edge-triggered flip-flop clocked by clk)
Path Group: clk
Path Type: min

Fanout         Cap        Slew       Delay        Time   Description
---------------------------------------------------------------------------------------------
                                  0.000000    0.000000   clock clk (rise edge)
                                  0.000000    0.000000   clock source latency
   196    0.487655    0.000000    0.000000    0.000000 ^ clk (in)
                                                         clk (net)
                      0.016905    0.008453    0.008453 ^ _1106_/CLK (sky130_fd_sc_hd__dfrtp_2)
     3    0.007754    0.053481    0.388897    0.397350 v _1106_/Q (sky130_fd_sc_hd__dfrtp_2)
                                                         u_gpio.led3_cnt_q[19] (net)
                      0.053481    0.000015    0.397364 v _0903_/A (sky130_fd_sc_hd__nand2_2)
     1    0.005178    0.040267    0.059442    0.456806 ^ _0903_/Y (sky130_fd_sc_hd__nand2_2)
                                                         _0389_ (net)
                      0.040267    0.000003    0.456809 ^ _0904_/A2 (sky130_fd_sc_hd__a21oi_2)
     1    0.002136    0.026576    0.043116    0.499924 v _0904_/Y (sky130_fd_sc_hd__a21oi_2)
                                                         u_gpio.led3_cnt_d[19] (net)
                      0.026576    0.000002    0.499926 v _1106_/D (sky130_fd_sc_hd__dfrtp_2)
                                              0.499926   data arrival time

                                  0.000000    0.000000   clock clk (rise edge)
                                  0.000000    0.000000   clock source latency
   196    0.487655    0.000000    0.000000    0.000000 ^ clk (in)
                                                         clk (net)
                      0.016905    0.008453    0.008453 ^ _1106_/CLK (sky130_fd_sc_hd__dfrtp_2)
                                  0.250000    0.258453   clock uncertainty
                                  0.000000    0.258453   clock reconvergence pessimism
                                 -0.041019    0.217434   library hold time
                                              0.217434   data required time
---------------------------------------------------------------------------------------------
                                              0.217434   data required time
                                             -0.499926   data arrival time
---------------------------------------------------------------------------------------------
                                              0.282492   slack (MET)


Startpoint: _1097_ (rising edge-triggered flip-flop clocked by clk)
Endpoint: _1097_ (rising edge-triggered flip-flop clocked by clk)
Path Group: clk
Path Type: min

Fanout         Cap        Slew       Delay        Time   Description
---------------------------------------------------------------------------------------------
                                  0.000000    0.000000   clock clk (rise edge)
                                  0.000000    0.000000   clock source latency
   196    0.487655    0.000000    0.000000    0.000000 ^ clk (in)
                                                         clk (net)
                      0.013870    0.006935    0.006935 ^ _1097_/CLK (sky130_fd_sc_hd__dfrtp_2)
     3    0.007853    0.053779    0.388143    0.395077 v _1097_/Q (sky130_fd_sc_hd__dfrtp_2)
                                                         u_gpio.led3_cnt_q[10] (net)
                      0.053779    0.000018    0.395095 v _0884_/A (sky130_fd_sc_hd__nand2_2)
     1    0.005251    0.040679    0.059829    0.454924 ^ _0884_/Y (sky130_fd_sc_hd__nand2_2)
                                                         _0379_ (net)
                      0.040679    0.000005    0.454929 ^ _0885_/A2 (sky130_fd_sc_hd__a21oi_2)
     1    0.002266    0.026995    0.043622    0.498551 v _0885_/Y (sky130_fd_sc_hd__a21oi_2)
                                                         u_gpio.led3_cnt_d[10] (net)
                      0.026995    0.000003    0.498555 v _1097_/D (sky130_fd_sc_hd__dfrtp_2)
                                              0.498555   data arrival time

                                  0.000000    0.000000   clock clk (rise edge)
                                  0.000000    0.000000   clock source latency
   196    0.487655    0.000000    0.000000    0.000000 ^ clk (in)
                                                         clk (net)
                      0.013870    0.006935    0.006935 ^ _1097_/CLK (sky130_fd_sc_hd__dfrtp_2)
                                  0.250000    0.256935   clock uncertainty
                                  0.000000    0.256935   clock reconvergence pessimism
                                 -0.041881    0.215053   library hold time
                                              0.215053   data required time
---------------------------------------------------------------------------------------------
                                              0.215053   data required time
                                             -0.498555   data arrival time
---------------------------------------------------------------------------------------------
                                              0.283501   slack (MET)


Startpoint: _1186_ (rising edge-triggered flip-flop clocked by clk)
Endpoint: _1186_ (rising edge-triggered flip-flop clocked by clk)
Path Group: clk
Path Type: min

Fanout         Cap        Slew       Delay        Time   Description
---------------------------------------------------------------------------------------------
                                  0.000000    0.000000   clock clk (rise edge)
                                  0.000000    0.000000   clock source latency
   196    0.487655    0.000000    0.000000    0.000000 ^ clk (in)
                                                         clk (net)
                      0.018843    0.009421    0.009421 ^ _1186_/CLK (sky130_fd_sc_hd__dfrtp_2)
     2    0.011163    0.075688    0.359158    0.368579 ^ _1186_/Q (sky130_fd_sc_hd__dfrtp_2)
                                                         u_gpio.led4_cnt_q[11] (net)
                      0.075688    0.000017    0.368596 ^ _0929_/A (sky130_fd_sc_hd__xnor2_2)
     1    0.004454    0.039964    0.071792    0.440388 v _0929_/Y (sky130_fd_sc_hd__xnor2_2)
                                                         _0401_ (net)
                      0.039964    0.000006    0.440394 v _0930_/B (sky130_fd_sc_hd__nor2_2)
     1    0.002272    0.056170    0.063194    0.503588 ^ _0930_/Y (sky130_fd_sc_hd__nor2_2)
                                                         u_gpio.led4_cnt_d[11] (net)
                      0.056170    0.000003    0.503591 ^ _1186_/D (sky130_fd_sc_hd__dfrtp_2)
                                              0.503591   data arrival time

                                  0.000000    0.000000   clock clk (rise edge)
                                  0.000000    0.000000   clock source latency
   196    0.487655    0.000000    0.000000    0.000000 ^ clk (in)
                                                         clk (net)
                      0.018843    0.009421    0.009421 ^ _1186_/CLK (sky130_fd_sc_hd__dfrtp_2)
                                  0.250000    0.259421   clock uncertainty
                                  0.000000    0.259421   clock reconvergence pessimism
                                 -0.040572    0.218849   library hold time
                                              0.218849   data required time
---------------------------------------------------------------------------------------------
                                              0.218849   data required time
                                             -0.503591   data arrival time
---------------------------------------------------------------------------------------------
                                              0.284742   slack (MET)


Startpoint: _1092_ (rising edge-triggered flip-flop clocked by clk)
Endpoint: _1092_ (rising edge-triggered flip-flop clocked by clk)
Path Group: clk
Path Type: min

Fanout         Cap        Slew       Delay        Time   Description
---------------------------------------------------------------------------------------------
                                  0.000000    0.000000   clock clk (rise edge)
                                  0.000000    0.000000   clock source latency
   196    0.487655    0.000000    0.000000    0.000000 ^ clk (in)
                                                         clk (net)
                      0.009913    0.004957    0.004957 ^ _1092_/CLK (sky130_fd_sc_hd__dfrtp_2)
     3    0.007477    0.052851    0.385284    0.390241 v _1092_/Q (sky130_fd_sc_hd__dfrtp_2)
                                                         u_gpio.led3_cnt_q[5] (net)
                      0.052851    0.000011    0.390251 v _0874_/B1 (sky130_fd_sc_hd__o21ai_2)
     1    0.005100    0.051194    0.060296    0.450547 ^ _0874_/Y (sky130_fd_sc_hd__o21ai_2)
                                                         _0374_ (net)
                      0.051194    0.000001    0.450549 ^ _0875_/A2 (sky130_fd_sc_hd__a21oi_2)
     1    0.002264    0.027272    0.046912    0.497461 v _0875_/Y (sky130_fd_sc_hd__a21oi_2)
                                                         u_gpio.led3_cnt_d[5] (net)
                      0.027272    0.000003    0.497464 v _1092_/D (sky130_fd_sc_hd__dfrtp_2)
                                              0.497464   data arrival time

                                  0.000000    0.000000   clock clk (rise edge)
                                  0.000000    0.000000   clock source latency
   196    0.487655    0.000000    0.000000    0.000000 ^ clk (in)
                                                         clk (net)
                      0.009913    0.004957    0.004957 ^ _1092_/CLK (sky130_fd_sc_hd__dfrtp_2)
                                  0.250000    0.254957   clock uncertainty
                                  0.000000    0.254957   clock reconvergence pessimism
                                 -0.042897    0.212060   library hold time
                                              0.212060   data required time
---------------------------------------------------------------------------------------------
                                              0.212060   data required time
                                             -0.497464   data arrival time
---------------------------------------------------------------------------------------------
                                              0.285404   slack (MET)


Startpoint: _1100_ (rising edge-triggered flip-flop clocked by clk)
Endpoint: _1100_ (rising edge-triggered flip-flop clocked by clk)
Path Group: clk
Path Type: min

Fanout         Cap        Slew       Delay        Time   Description
---------------------------------------------------------------------------------------------
                                  0.000000    0.000000   clock clk (rise edge)
                                  0.000000    0.000000   clock source latency
   196    0.487655    0.000000    0.000000    0.000000 ^ clk (in)
                                                         clk (net)
                      0.015466    0.007733    0.007733 ^ _1100_/CLK (sky130_fd_sc_hd__dfrtp_2)
     3    0.007571    0.053034    0.387688    0.395421 v _1100_/Q (sky130_fd_sc_hd__dfrtp_2)
                                                         u_gpio.led3_cnt_q[13] (net)
                      0.053034    0.000015    0.395436 v _0890_/B1 (sky130_fd_sc_hd__o21ai_2)
     1    0.005216    0.051835    0.060819    0.456255 ^ _0890_/Y (sky130_fd_sc_hd__o21ai_2)
                                                         _0382_ (net)
                      0.051835    0.000004    0.456260 ^ _0891_/A2 (sky130_fd_sc_hd__a21oi_2)
     1    0.002197    0.027087    0.046918    0.503178 v _0891_/Y (sky130_fd_sc_hd__a21oi_2)
                                                         u_gpio.led3_cnt_d[13] (net)
                      0.027087    0.000003    0.503180 v _1100_/D (sky130_fd_sc_hd__dfrtp_2)
                                              0.503180   data arrival time

                                  0.000000    0.000000   clock clk (rise edge)
                                  0.000000    0.000000   clock source latency
   196    0.487655    0.000000    0.000000    0.000000 ^ clk (in)
                                                         clk (net)
                      0.015466    0.007733    0.007733 ^ _1100_/CLK (sky130_fd_sc_hd__dfrtp_2)
                                  0.250000    0.257733   clock uncertainty
                                  0.000000    0.257733   clock reconvergence pessimism
                                 -0.041555    0.216178   library hold time
                                              0.216178   data required time
---------------------------------------------------------------------------------------------
                                              0.216178   data required time
                                             -0.503180   data arrival time
---------------------------------------------------------------------------------------------
                                              0.287002   slack (MET)


Startpoint: _1181_ (rising edge-triggered flip-flop clocked by clk)
Endpoint: _1181_ (rising edge-triggered flip-flop clocked by clk)
Path Group: clk
Path Type: min

Fanout         Cap        Slew       Delay        Time   Description
---------------------------------------------------------------------------------------------
                                  0.000000    0.000000   clock clk (rise edge)
                                  0.000000    0.000000   clock source latency
   196    0.487655    0.000000    0.000000    0.000000 ^ clk (in)
                                                         clk (net)
                      0.018760    0.009380    0.009380 ^ _1181_/CLK (sky130_fd_sc_hd__dfrtp_2)
     2    0.005962    0.048949    0.382950    0.392330 v _1181_/Q (sky130_fd_sc_hd__dfrtp_2)
                                                         u_gpio.led4_cnt_q[6] (net)
                      0.048949    0.000004    0.392334 v _0919_/B1 (sky130_fd_sc_hd__o31ai_2)
     1    0.005441    0.060554    0.064075    0.456409 ^ _0919_/Y (sky130_fd_sc_hd__o31ai_2)
                                                         _0396_ (net)
                      0.060554    0.000010    0.456419 ^ _0920_/A2 (sky130_fd_sc_hd__a21oi_2)
     1    0.002266    0.028221    0.049338    0.505757 v _0920_/Y (sky130_fd_sc_hd__a21oi_2)
                                                         u_gpio.led4_cnt_d[6] (net)
                      0.028221    0.000003    0.505760 v _1181_/D (sky130_fd_sc_hd__dfrtp_2)
                                              0.505760   data arrival time

                                  0.000000    0.000000   clock clk (rise edge)
                                  0.000000    0.000000   clock source latency
   196    0.487655    0.000000    0.000000    0.000000 ^ clk (in)
                                                         clk (net)
                      0.018760    0.009380    0.009380 ^ _1181_/CLK (sky130_fd_sc_hd__dfrtp_2)
                                  0.250000    0.259380   clock uncertainty
                                  0.000000    0.259380   clock reconvergence pessimism
                                 -0.041266    0.218114   library hold time
                                              0.218114   data required time
---------------------------------------------------------------------------------------------
                                              0.218114   data required time
                                             -0.505760   data arrival time
---------------------------------------------------------------------------------------------
                                              0.287646   slack (MET)


Startpoint: _1187_ (rising edge-triggered flip-flop clocked by clk)
Endpoint: _1187_ (rising edge-triggered flip-flop clocked by clk)
Path Group: clk
Path Type: min

Fanout         Cap        Slew       Delay        Time   Description
---------------------------------------------------------------------------------------------
                                  0.000000    0.000000   clock clk (rise edge)
                                  0.000000    0.000000   clock source latency
   196    0.487655    0.000000    0.000000    0.000000 ^ clk (in)
                                                         clk (net)
                      0.018463    0.009232    0.009232 ^ _1187_/CLK (sky130_fd_sc_hd__dfrtp_2)
     3    0.007484    0.052781    0.388475    0.397707 v _1187_/Q (sky130_fd_sc_hd__dfrtp_2)
                                                         u_gpio.led4_cnt_q[12] (net)
                      0.052781    0.000010    0.397717 v _0931_/B1 (sky130_fd_sc_hd__o21ai_2)
     1    0.005342    0.052519    0.061192    0.458910 ^ _0931_/Y (sky130_fd_sc_hd__o21ai_2)
                                                         _0402_ (net)
                      0.052519    0.000008    0.458918 ^ _0932_/A2 (sky130_fd_sc_hd__a21oi_2)
     1    0.002221    0.027176    0.047200    0.506118 v _0932_/Y (sky130_fd_sc_hd__a21oi_2)
                                                         u_gpio.led4_cnt_d[12] (net)
                      0.027176    0.000002    0.506121 v _1187_/D (sky130_fd_sc_hd__dfrtp_2)
                                              0.506121   data arrival time

                                  0.000000    0.000000   clock clk (rise edge)
                                  0.000000    0.000000   clock source latency
   196    0.487655    0.000000    0.000000    0.000000 ^ clk (in)
                                                         clk (net)
                      0.018463    0.009232    0.009232 ^ _1187_/CLK (sky130_fd_sc_hd__dfrtp_2)
                                  0.250000    0.259232   clock uncertainty
                                  0.000000    0.259232   clock reconvergence pessimism
                                 -0.040908    0.218324   library hold time
                                              0.218324   data required time
---------------------------------------------------------------------------------------------
                                              0.218324   data required time
                                             -0.506121   data arrival time
---------------------------------------------------------------------------------------------
                                              0.287797   slack (MET)


Startpoint: _1079_ (rising edge-triggered flip-flop clocked by clk)
Endpoint: _1079_ (rising edge-triggered flip-flop clocked by clk)
Path Group: clk
Path Type: min

Fanout         Cap        Slew       Delay        Time   Description
---------------------------------------------------------------------------------------------
                                  0.000000    0.000000   clock clk (rise edge)
                                  0.000000    0.000000   clock source latency
   196    0.487655    0.000000    0.000000    0.000000 ^ clk (in)
                                                         clk (net)
                      0.015672    0.007836    0.007836 ^ _1079_/CLK (sky130_fd_sc_hd__dfrtp_2)
     3    0.008001    0.052267    0.389343    0.397179 v _1079_/Q (sky130_fd_sc_hd__dfrtp_2)
                                                         u_uart.tx_baud_cnt_q[2] (net)
                      0.052267    0.000027    0.397207 v _0680_/B1 (sky130_fd_sc_hd__o21ai_2)
     1    0.005206    0.051752    0.060446    0.457653 ^ _0680_/Y (sky130_fd_sc_hd__o21ai_2)
                                                         _0259_ (net)
                      0.051752    0.000005    0.457657 ^ _0681_/A2 (sky130_fd_sc_hd__a21oi_2)
     1    0.002173    0.027009    0.046820    0.504478 v _0681_/Y (sky130_fd_sc_hd__a21oi_2)
                                                         u_uart.tx_baud_cnt_d[2] (net)
                      0.027009    0.000003    0.504480 v _1079_/D (sky130_fd_sc_hd__dfrtp_2)
                                              0.504480   data arrival time

                                  0.000000    0.000000   clock clk (rise edge)
                                  0.000000    0.000000   clock source latency
   196    0.487655    0.000000    0.000000    0.000000 ^ clk (in)
                                                         clk (net)
                      0.015672    0.007836    0.007836 ^ _1079_/CLK (sky130_fd_sc_hd__dfrtp_2)
                                  0.250000    0.257836   clock uncertainty
                                  0.000000    0.257836   clock reconvergence pessimism
                                 -0.041476    0.216359   library hold time
                                              0.216359   data required time
---------------------------------------------------------------------------------------------
                                              0.216359   data required time
                                             -0.504480   data arrival time
---------------------------------------------------------------------------------------------
                                              0.288121   slack (MET)


Startpoint: _1183_ (rising edge-triggered flip-flop clocked by clk)
Endpoint: _1183_ (rising edge-triggered flip-flop clocked by clk)
Path Group: clk
Path Type: min

Fanout         Cap        Slew       Delay        Time   Description
---------------------------------------------------------------------------------------------
                                  0.000000    0.000000   clock clk (rise edge)
                                  0.000000    0.000000   clock source latency
   196    0.487655    0.000000    0.000000    0.000000 ^ clk (in)
                                                         clk (net)
                      0.018419    0.009210    0.009210 ^ _1183_/CLK (sky130_fd_sc_hd__dfrtp_2)
     3    0.007788    0.053547    0.389584    0.398794 v _1183_/Q (sky130_fd_sc_hd__dfrtp_2)
                                                         u_gpio.led4_cnt_q[8] (net)
                      0.053547    0.000010    0.398804 v _0923_/B1 (sky130_fd_sc_hd__o21ai_2)
     1    0.005201    0.051827    0.060979    0.459783 ^ _0923_/Y (sky130_fd_sc_hd__o21ai_2)
                                                         _0398_ (net)
                      0.051827    0.000004    0.459787 ^ _0924_/A2 (sky130_fd_sc_hd__a21oi_2)
     1    0.002210    0.027125    0.046953    0.506740 v _0924_/Y (sky130_fd_sc_hd__a21oi_2)
                                                         u_gpio.led4_cnt_d[8] (net)
                      0.027125    0.000003    0.506743 v _1183_/D (sky130_fd_sc_hd__dfrtp_2)
                                              0.506743   data arrival time

                                  0.000000    0.000000   clock clk (rise edge)
                                  0.000000    0.000000   clock source latency
   196    0.487655    0.000000    0.000000    0.000000 ^ clk (in)
                                                         clk (net)
                      0.018419    0.009210    0.009210 ^ _1183_/CLK (sky130_fd_sc_hd__dfrtp_2)
                                  0.250000    0.259210   clock uncertainty
                                  0.000000    0.259210   clock reconvergence pessimism
                                 -0.040897    0.218312   library hold time
                                              0.218312   data required time
---------------------------------------------------------------------------------------------
                                              0.218312   data required time
                                             -0.506743   data arrival time
---------------------------------------------------------------------------------------------
                                              0.288430   slack (MET)


Startpoint: _1050_ (rising edge-triggered flip-flop clocked by clk)
Endpoint: _1049_ (rising edge-triggered flip-flop clocked by clk)
Path Group: clk
Path Type: min

Fanout         Cap        Slew       Delay        Time   Description
---------------------------------------------------------------------------------------------
                                  0.000000    0.000000   clock clk (rise edge)
                                  0.000000    0.000000   clock source latency
   196    0.487655    0.000000    0.000000    0.000000 ^ clk (in)
                                                         clk (net)
                      0.012683    0.006341    0.006341 ^ _1050_/CLK (sky130_fd_sc_hd__dfrtp_2)
     5    0.012474    0.081348    0.362703    0.369044 ^ _1050_/Q (sky130_fd_sc_hd__dfrtp_2)
                                                         u_coh.coh_state[1] (net)
                      0.081348    0.000035    0.369079 ^ _0520_/B2 (sky130_fd_sc_hd__a221o_2)
     1    0.003116    0.032224    0.142199    0.511279 ^ _0520_/X (sky130_fd_sc_hd__a221o_2)
                                                         _0019_ (net)
                      0.032224    0.000007    0.511286 ^ _1049_/D (sky130_fd_sc_hd__dfstp_2)
                                              0.511286   data arrival time

                                  0.000000    0.000000   clock clk (rise edge)
                                  0.000000    0.000000   clock source latency
   196    0.487655    0.000000    0.000000    0.000000 ^ clk (in)
                                                         clk (net)
                      0.012679    0.006339    0.006339 ^ _1049_/CLK (sky130_fd_sc_hd__dfstp_2)
                                  0.250000    0.256339   clock uncertainty
                                  0.000000    0.256339   clock reconvergence pessimism
                                 -0.033802    0.222538   library hold time
                                              0.222538   data required time
---------------------------------------------------------------------------------------------
                                              0.222538   data required time
                                             -0.511286   data arrival time
---------------------------------------------------------------------------------------------
                                              0.288748   slack (MET)


Startpoint: _1028_ (rising edge-triggered flip-flop clocked by clk)
Endpoint: _1006_ (rising edge-triggered flip-flop clocked by clk)
Path Group: clk
Path Type: min

Fanout         Cap        Slew       Delay        Time   Description
---------------------------------------------------------------------------------------------
                                  0.000000    0.000000   clock clk (rise edge)
                                  0.000000    0.000000   clock source latency
   196    0.487655    0.000000    0.000000    0.000000 ^ clk (in)
                                                         clk (net)
                      0.019486    0.009743    0.009743 ^ _1028_/CLK (sky130_fd_sc_hd__dfrtp_2)
     5    0.015207    0.090023    0.374571    0.384314 ^ _1028_/Q (sky130_fd_sc_hd__dfrtp_2)
                                                         u_sram.ar_ready_d (net)
                      0.090023    0.000030    0.384344 ^ _0461_/A1 (sky130_fd_sc_hd__o21a_2)
     1    0.002334    0.030204    0.129615    0.513959 ^ _0461_/X (sky130_fd_sc_hd__o21a_2)
                                                         _0004_ (net)
                      0.030204    0.000004    0.513963 ^ _1006_/D (sky130_fd_sc_hd__dfrtp_2)
                                              0.513963   data arrival time

                                  0.000000    0.000000   clock clk (rise edge)
                                  0.000000    0.000000   clock source latency
   196    0.487655    0.000000    0.000000    0.000000 ^ clk (in)
                                                         clk (net)
                      0.019568    0.009784    0.009784 ^ _1006_/CLK (sky130_fd_sc_hd__dfrtp_2)
                                  0.250000    0.259784   clock uncertainty
                                  0.000000    0.259784   clock reconvergence pessimism
                                 -0.035078    0.224705   library hold time
                                              0.224705   data required time
---------------------------------------------------------------------------------------------
                                              0.224705   data required time
                                             -0.513963   data arrival time
---------------------------------------------------------------------------------------------
                                              0.289257   slack (MET)


Startpoint: _1086_ (rising edge-triggered flip-flop clocked by clk)
Endpoint: _1086_ (rising edge-triggered flip-flop clocked by clk)
Path Group: clk
Path Type: min

Fanout         Cap        Slew       Delay        Time   Description
---------------------------------------------------------------------------------------------
                                  0.000000    0.000000   clock clk (rise edge)
                                  0.000000    0.000000   clock source latency
   196    0.487655    0.000000    0.000000    0.000000 ^ clk (in)
                                                         clk (net)
                      0.016068    0.008034    0.008034 ^ _1086_/CLK (sky130_fd_sc_hd__dfrtp_2)
     3    0.008627    0.062891    0.347270    0.355304 ^ _1086_/Q (sky130_fd_sc_hd__dfrtp_2)
                                                         u_uart.tx_baud_cnt_q[9] (net)
                      0.062891    0.000032    0.355336 ^ _0694_/A (sky130_fd_sc_hd__and3_2)
     1    0.002376    0.040946    0.156072    0.511408 ^ _0694_/X (sky130_fd_sc_hd__and3_2)
                                                         u_uart.tx_baud_cnt_d[9] (net)
                      0.040946    0.000005    0.511413 ^ _1086_/D (sky130_fd_sc_hd__dfrtp_2)
                                              0.511413   data arrival time

                                  0.000000    0.000000   clock clk (rise edge)
                                  0.000000    0.000000   clock source latency
   196    0.487655    0.000000    0.000000    0.000000 ^ clk (in)
                                                         clk (net)
                      0.016068    0.008034    0.008034 ^ _1086_/CLK (sky130_fd_sc_hd__dfrtp_2)
                                  0.250000    0.258034   clock uncertainty
                                  0.000000    0.258034   clock reconvergence pessimism
                                 -0.037788    0.220246   library hold time
                                              0.220246   data required time
---------------------------------------------------------------------------------------------
                                              0.220246   data required time
                                             -0.511413   data arrival time
---------------------------------------------------------------------------------------------
                                              0.291167   slack (MET)


Startpoint: _1088_ (rising edge-triggered flip-flop clocked by clk)
Endpoint: _1088_ (rising edge-triggered flip-flop clocked by clk)
Path Group: clk
Path Type: min

Fanout         Cap        Slew       Delay        Time   Description
---------------------------------------------------------------------------------------------
                                  0.000000    0.000000   clock clk (rise edge)
                                  0.000000    0.000000   clock source latency
   196    0.487655    0.000000    0.000000    0.000000 ^ clk (in)
                                                         clk (net)
                      0.005434    0.002717    0.002717 ^ _1088_/CLK (sky130_fd_sc_hd__dfrtp_2)
     3    0.007867    0.053939    0.385070    0.387787 v _1088_/Q (sky130_fd_sc_hd__dfrtp_2)
                                                         u_gpio.led3_cnt_q[1] (net)
                      0.053939    0.000014    0.387801 v _0866_/B (sky130_fd_sc_hd__nand2_2)
     1    0.005210    0.042453    0.069056    0.456857 ^ _0866_/Y (sky130_fd_sc_hd__nand2_2)
                                                         _0370_ (net)
                      0.042453    0.000004    0.456861 ^ _0867_/A2 (sky130_fd_sc_hd__a21oi_2)
     1    0.002216    0.026887    0.044033    0.500894 v _0867_/Y (sky130_fd_sc_hd__a21oi_2)
                                                         u_gpio.led3_cnt_d[1] (net)
                      0.026887    0.000003    0.500897 v _1088_/D (sky130_fd_sc_hd__dfrtp_2)
                                              0.500897   data arrival time

                                  0.000000    0.000000   clock clk (rise edge)
                                  0.000000    0.000000   clock source latency
   196    0.487655    0.000000    0.000000    0.000000 ^ clk (in)
                                                         clk (net)
                      0.005434    0.002717    0.002717 ^ _1088_/CLK (sky130_fd_sc_hd__dfrtp_2)
                                  0.250000    0.252717   clock uncertainty
                                  0.000000    0.252717   clock reconvergence pessimism
                                 -0.043761    0.208956   library hold time
                                              0.208956   data required time
---------------------------------------------------------------------------------------------
                                              0.208956   data required time
                                             -0.500897   data arrival time
---------------------------------------------------------------------------------------------
                                              0.291941   slack (MET)


Startpoint: _1105_ (rising edge-triggered flip-flop clocked by clk)
Endpoint: _1105_ (rising edge-triggered flip-flop clocked by clk)
Path Group: clk
Path Type: min

Fanout         Cap        Slew       Delay        Time   Description
---------------------------------------------------------------------------------------------
                                  0.000000    0.000000   clock clk (rise edge)
                                  0.000000    0.000000   clock source latency
   196    0.487655    0.000000    0.000000    0.000000 ^ clk (in)
                                                         clk (net)
                      0.016906    0.008453    0.008453 ^ _1105_/CLK (sky130_fd_sc_hd__dfrtp_2)
     4    0.009719    0.058470    0.396178    0.404631 v _1105_/Q (sky130_fd_sc_hd__dfrtp_2)
                                                         u_gpio.led3_cnt_q[18] (net)
                      0.058470    0.000022    0.404653 v _0901_/A (sky130_fd_sc_hd__nand2_2)
     1    0.005179    0.041205    0.061557    0.466211 ^ _0901_/Y (sky130_fd_sc_hd__nand2_2)
                                                         _0388_ (net)
                      0.041205    0.000003    0.466214 ^ _0902_/A2 (sky130_fd_sc_hd__a21oi_2)
     1    0.002124    0.026564    0.043374    0.509588 v _0902_/Y (sky130_fd_sc_hd__a21oi_2)
                                                         u_gpio.led3_cnt_d[18] (net)
                      0.026564    0.000002    0.509589 v _1105_/D (sky130_fd_sc_hd__dfrtp_2)
                                              0.509589   data arrival time

                                  0.000000    0.000000   clock clk (rise edge)
                                  0.000000    0.000000   clock source latency
   196    0.487655    0.000000    0.000000    0.000000 ^ clk (in)
                                                         clk (net)
                      0.016906    0.008453    0.008453 ^ _1105_/CLK (sky130_fd_sc_hd__dfrtp_2)
                                  0.250000    0.258453   clock uncertainty
                                  0.000000    0.258453   clock reconvergence pessimism
                                 -0.041013    0.217440   library hold time
                                              0.217440   data required time
---------------------------------------------------------------------------------------------
                                              0.217440   data required time
                                             -0.509589   data arrival time
---------------------------------------------------------------------------------------------
                                              0.292150   slack (MET)


Startpoint: _1010_ (rising edge-triggered flip-flop clocked by clk)
Endpoint: _1010_ (rising edge-triggered flip-flop clocked by clk)
Path Group: clk
Path Type: min

Fanout         Cap        Slew       Delay        Time   Description
---------------------------------------------------------------------------------------------
                                  0.000000    0.000000   clock clk (rise edge)
                                  0.000000    0.000000   clock source latency
   196    0.487655    0.000000    0.000000    0.000000 ^ clk (in)
                                                         clk (net)
                      0.009738    0.004869    0.004869 ^ _1010_/CLK (sky130_fd_sc_hd__dfrtp_2)
     3    0.009298    0.065897    0.347992    0.352861 ^ _1010_/Q (sky130_fd_sc_hd__dfrtp_2)
                                                         coh_inv_ack[0] (net)
                      0.065897    0.000032    0.352893 ^ _0471_/A2 (sky130_fd_sc_hd__o211a_2)
     1    0.002220    0.038625    0.156773    0.509666 ^ _0471_/X (sky130_fd_sc_hd__o211a_2)
                                                         _0000_ (net)
                      0.038625    0.000003    0.509669 ^ _1010_/D (sky130_fd_sc_hd__dfrtp_2)
                                              0.509669   data arrival time

                                  0.000000    0.000000   clock clk (rise edge)
                                  0.000000    0.000000   clock source latency
   196    0.487655    0.000000    0.000000    0.000000 ^ clk (in)
                                                         clk (net)
                      0.009738    0.004869    0.004869 ^ _1010_/CLK (sky130_fd_sc_hd__dfrtp_2)
                                  0.250000    0.254869   clock uncertainty
                                  0.000000    0.254869   clock reconvergence pessimism
                                 -0.038169    0.216699   library hold time
                                              0.216699   data required time
---------------------------------------------------------------------------------------------
                                              0.216699   data required time
                                             -0.509669   data arrival time
---------------------------------------------------------------------------------------------
                                              0.292970   slack (MET)


Startpoint: _1176_ (rising edge-triggered flip-flop clocked by clk)
Endpoint: _1176_ (rising edge-triggered flip-flop clocked by clk)
Path Group: clk
Path Type: min

Fanout         Cap        Slew       Delay        Time   Description
---------------------------------------------------------------------------------------------
                                  0.000000    0.000000   clock clk (rise edge)
                                  0.000000    0.000000   clock source latency
   196    0.487655    0.000000    0.000000    0.000000 ^ clk (in)
                                                         clk (net)
                      0.018649    0.009325    0.009325 ^ _1176_/CLK (sky130_fd_sc_hd__dfrtp_2)
     3    0.007590    0.053047    0.388938    0.398263 v _1176_/Q (sky130_fd_sc_hd__dfrtp_2)
                                                         u_gpio.led4_cnt_q[1] (net)
                      0.053047    0.000012    0.398275 v _0909_/B (sky130_fd_sc_hd__nand2_2)
     1    0.005270    0.042657    0.068866    0.467141 ^ _0909_/Y (sky130_fd_sc_hd__nand2_2)
                                                         _0391_ (net)
                      0.042657    0.000005    0.467147 ^ _0910_/A2 (sky130_fd_sc_hd__a21oi_2)
     1    0.002355    0.027327    0.044502    0.511649 v _0910_/Y (sky130_fd_sc_hd__a21oi_2)
                                                         u_gpio.led4_cnt_d[1] (net)
                      0.027327    0.000004    0.511653 v _1176_/D (sky130_fd_sc_hd__dfrtp_2)
                                              0.511653   data arrival time

                                  0.000000    0.000000   clock clk (rise edge)
                                  0.000000    0.000000   clock source latency
   196    0.487655    0.000000    0.000000    0.000000 ^ clk (in)
                                                         clk (net)
                      0.018649    0.009325    0.009325 ^ _1176_/CLK (sky130_fd_sc_hd__dfrtp_2)
                                  0.250000    0.259325   clock uncertainty
                                  0.000000    0.259325   clock reconvergence pessimism
                                 -0.040927    0.218398   library hold time
                                              0.218398   data required time
---------------------------------------------------------------------------------------------
                                              0.218398   data required time
                                             -0.511653   data arrival time
---------------------------------------------------------------------------------------------
                                              0.293256   slack (MET)


Startpoint: _1041_ (rising edge-triggered flip-flop clocked by clk)
Endpoint: _1041_ (rising edge-triggered flip-flop clocked by clk)
Path Group: clk
Path Type: min

Fanout         Cap        Slew       Delay        Time   Description
---------------------------------------------------------------------------------------------
                                  0.000000    0.000000   clock clk (rise edge)
                                  0.000000    0.000000   clock source latency
   196    0.487655    0.000000    0.000000    0.000000 ^ clk (in)
                                                         clk (net)
                      0.020131    0.010066    0.010066 ^ _1041_/CLK (sky130_fd_sc_hd__dfrtp_2)
     5    0.016112    0.096940    0.377913    0.387979 ^ _1041_/Q (sky130_fd_sc_hd__dfrtp_2)
                                                         u_uart.tx_bitcnt_q[0] (net)
                      0.096940    0.000004    0.387983 ^ _0993_/A1 (sky130_fd_sc_hd__o21a_2)
     1    0.002365    0.030358    0.131795    0.519778 ^ _0993_/X (sky130_fd_sc_hd__o21a_2)
                                                         _0064_ (net)
                      0.030358    0.000004    0.519781 ^ _1041_/D (sky130_fd_sc_hd__dfrtp_2)
                                              0.519781   data arrival time

                                  0.000000    0.000000   clock clk (rise edge)
                                  0.000000    0.000000   clock source latency
   196    0.487655    0.000000    0.000000    0.000000 ^ clk (in)
                                                         clk (net)
                      0.020131    0.010066    0.010066 ^ _1041_/CLK (sky130_fd_sc_hd__dfrtp_2)
                                  0.250000    0.260066   clock uncertainty
                                  0.000000    0.260066   clock reconvergence pessimism
                                 -0.035034    0.225032   library hold time
                                              0.225032   data required time
---------------------------------------------------------------------------------------------
                                              0.225032   data required time
                                             -0.519781   data arrival time
---------------------------------------------------------------------------------------------
                                              0.294749   slack (MET)


Startpoint: _1194_ (rising edge-triggered flip-flop clocked by clk)
Endpoint: _1194_ (rising edge-triggered flip-flop clocked by clk)
Path Group: clk
Path Type: min

Fanout         Cap        Slew       Delay        Time   Description
---------------------------------------------------------------------------------------------
                                  0.000000    0.000000   clock clk (rise edge)
                                  0.000000    0.000000   clock source latency
   196    0.487655    0.000000    0.000000    0.000000 ^ clk (in)
                                                         clk (net)
                      0.020394    0.010197    0.010197 ^ _1194_/CLK (sky130_fd_sc_hd__dfrtp_2)
     3    0.013871    0.084315    0.370296    0.380493 ^ _1194_/Q (sky130_fd_sc_hd__dfrtp_2)
                                                         u_gpio.led4_cnt_q[19] (net)
                      0.084315    0.000046    0.380538 ^ _0945_/A (sky130_fd_sc_hd__xnor2_2)
     1    0.004399    0.039747    0.073658    0.454197 v _0945_/Y (sky130_fd_sc_hd__xnor2_2)
                                                         _0409_ (net)
                      0.039747    0.000006    0.454203 v _0946_/B (sky130_fd_sc_hd__nor2_2)
     1    0.002094    0.054332    0.061719    0.515922 ^ _0946_/Y (sky130_fd_sc_hd__nor2_2)
                                                         u_gpio.led4_cnt_d[19] (net)
                      0.054332    0.000000    0.515922 ^ _1194_/D (sky130_fd_sc_hd__dfrtp_2)
                                              0.515922   data arrival time

                                  0.000000    0.000000   clock clk (rise edge)
                                  0.000000    0.000000   clock source latency
   196    0.487655    0.000000    0.000000    0.000000 ^ clk (in)
                                                         clk (net)
                      0.020394    0.010197    0.010197 ^ _1194_/CLK (sky130_fd_sc_hd__dfrtp_2)
                                  0.250000    0.260197   clock uncertainty
                                  0.000000    0.260197   clock reconvergence pessimism
                                 -0.039978    0.220219   library hold time
                                              0.220219   data required time
---------------------------------------------------------------------------------------------
                                              0.220219   data required time
                                             -0.515922   data arrival time
---------------------------------------------------------------------------------------------
                                              0.295703   slack (MET)


Startpoint: _1013_ (rising edge-triggered flip-flop clocked by clk)
Endpoint: _1013_ (rising edge-triggered flip-flop clocked by clk)
Path Group: clk
Path Type: min

Fanout         Cap        Slew       Delay        Time   Description
---------------------------------------------------------------------------------------------
                                  0.000000    0.000000   clock clk (rise edge)
                                  0.000000    0.000000   clock source latency
   196    0.487655    0.000000    0.000000    0.000000 ^ clk (in)
                                                         clk (net)
                      0.019777    0.009888    0.009888 ^ _1013_/CLK (sky130_fd_sc_hd__dfrtp_2)
     5    0.017849    0.101389    0.383696    0.393585 ^ _1013_/Q (sky130_fd_sc_hd__dfrtp_2)
                                                         m_wvalid[0] (net)
                      0.101389    0.000064    0.393649 ^ _0548_/B2 (sky130_fd_sc_hd__a32o_2)
     1    0.002282    0.038592    0.125369    0.519017 ^ _0548_/X (sky130_fd_sc_hd__a32o_2)
                                                         _0010_ (net)
                      0.038592    0.000003    0.519021 ^ _1013_/D (sky130_fd_sc_hd__dfrtp_2)
                                              0.519021   data arrival time

                                  0.000000    0.000000   clock clk (rise edge)
                                  0.000000    0.000000   clock source latency
   196    0.487655    0.000000    0.000000    0.000000 ^ clk (in)
                                                         clk (net)
                      0.019777    0.009888    0.009888 ^ _1013_/CLK (sky130_fd_sc_hd__dfrtp_2)
                                  0.250000    0.259888   clock uncertainty
                                  0.000000    0.259888   clock reconvergence pessimism
                                 -0.036793    0.223096   library hold time
                                              0.223096   data required time
---------------------------------------------------------------------------------------------
                                              0.223096   data required time
                                             -0.519021   data arrival time
---------------------------------------------------------------------------------------------
                                              0.295925   slack (MET)


Startpoint: _1192_ (rising edge-triggered flip-flop clocked by clk)
Endpoint: _1192_ (rising edge-triggered flip-flop clocked by clk)
Path Group: clk
Path Type: min

Fanout         Cap        Slew       Delay        Time   Description
---------------------------------------------------------------------------------------------
                                  0.000000    0.000000   clock clk (rise edge)
                                  0.000000    0.000000   clock source latency
   196    0.487655    0.000000    0.000000    0.000000 ^ clk (in)
                                                         clk (net)
                      0.018867    0.009433    0.009433 ^ _1192_/CLK (sky130_fd_sc_hd__dfrtp_2)
     3    0.014009    0.087885    0.370270    0.379704 ^ _1192_/Q (sky130_fd_sc_hd__dfrtp_2)
                                                         u_gpio.led4_cnt_q[17] (net)
                      0.087885    0.000009    0.379713 ^ _0941_/A (sky130_fd_sc_hd__xor2_2)
     1    0.004649    0.035550    0.074040    0.453753 v _0941_/X (sky130_fd_sc_hd__xor2_2)
                                                         _0407_ (net)
                      0.035550    0.000009    0.453762 v _0942_/B (sky130_fd_sc_hd__nor2_2)
     1    0.002293    0.056437    0.061738    0.515500 ^ _0942_/Y (sky130_fd_sc_hd__nor2_2)
                                                         u_gpio.led4_cnt_d[17] (net)
                      0.056437    0.000003    0.515503 ^ _1192_/D (sky130_fd_sc_hd__dfrtp_2)
                                              0.515503   data arrival time

                                  0.000000    0.000000   clock clk (rise edge)
                                  0.000000    0.000000   clock source latency
   196    0.487655    0.000000    0.000000    0.000000 ^ clk (in)
                                                         clk (net)
                      0.018867    0.009433    0.009433 ^ _1192_/CLK (sky130_fd_sc_hd__dfrtp_2)
                                  0.250000    0.259433   clock uncertainty
                                  0.000000    0.259433   clock reconvergence pessimism
                                 -0.040625    0.218809   library hold time
                                              0.218809   data required time
---------------------------------------------------------------------------------------------
                                              0.218809   data required time
                                             -0.515503   data arrival time
---------------------------------------------------------------------------------------------
                                              0.296694   slack (MET)


Startpoint: _1075_ (rising edge-triggered flip-flop clocked by clk)
Endpoint: _1075_ (rising edge-triggered flip-flop clocked by clk)
Path Group: clk
Path Type: min

Fanout         Cap        Slew       Delay        Time   Description
---------------------------------------------------------------------------------------------
                                  0.000000    0.000000   clock clk (rise edge)
                                  0.000000    0.000000   clock source latency
   196    0.487655    0.000000    0.000000    0.000000 ^ clk (in)
                                                         clk (net)
                      0.014219    0.007110    0.007110 ^ _1075_/CLK (sky130_fd_sc_hd__dfrtp_2)
     2    0.008057    0.062497    0.344203    0.351313 ^ _1075_/Q (sky130_fd_sc_hd__dfrtp_2)
                                                         coh_status[9] (net)
                      0.062497    0.000020    0.351333 ^ _0673_/A1 (sky130_fd_sc_hd__o211a_2)
     1    0.002235    0.038739    0.166815    0.518147 ^ _0673_/X (sky130_fd_sc_hd__o211a_2)
                                                         _0039_ (net)
                      0.038739    0.000003    0.518150 ^ _1075_/D (sky130_fd_sc_hd__dfrtp_2)
                                              0.518150   data arrival time

                                  0.000000    0.000000   clock clk (rise edge)
                                  0.000000    0.000000   clock source latency
   196    0.487655    0.000000    0.000000    0.000000 ^ clk (in)
                                                         clk (net)
                      0.014219    0.007110    0.007110 ^ _1075_/CLK (sky130_fd_sc_hd__dfrtp_2)
                                  0.250000    0.257109   clock uncertainty
                                  0.000000    0.257109   clock reconvergence pessimism
                                 -0.037582    0.219528   library hold time
                                              0.219528   data required time
---------------------------------------------------------------------------------------------
                                              0.219528   data required time
                                             -0.518150   data arrival time
---------------------------------------------------------------------------------------------
                                              0.298622   slack (MET)


Startpoint: _1015_ (rising edge-triggered flip-flop clocked by clk)
Endpoint: _1071_ (rising edge-triggered flip-flop clocked by clk)
Path Group: clk
Path Type: min

Fanout         Cap        Slew       Delay        Time   Description
---------------------------------------------------------------------------------------------
                                  0.000000    0.000000   clock clk (rise edge)
                                  0.000000    0.000000   clock source latency
   196    0.487655    0.000000    0.000000    0.000000 ^ clk (in)
                                                         clk (net)
                      0.010294    0.005147    0.005147 ^ _1015_/CLK (sky130_fd_sc_hd__dfrtp_2)
     7    0.026929    0.141108    0.411552    0.416699 ^ _1015_/Q (sky130_fd_sc_hd__dfrtp_2)
                                                         coh_write_notify[0] (net)
                      0.141108    0.000228    0.416928 ^ _0452_/A1 (sky130_fd_sc_hd__a31oi_2)
     1    0.002326    0.032960    0.091609    0.508537 v _0452_/Y (sky130_fd_sc_hd__a31oi_2)
                                                         u_coh.proc_core_d (net)
                      0.032960    0.000005    0.508542 v _1071_/D (sky130_fd_sc_hd__dfrtp_2)
                                              0.508542   data arrival time

                                  0.000000    0.000000   clock clk (rise edge)
                                  0.000000    0.000000   clock source latency
   196    0.487655    0.000000    0.000000    0.000000 ^ clk (in)
                                                         clk (net)
                      0.009569    0.004785    0.004785 ^ _1071_/CLK (sky130_fd_sc_hd__dfrtp_2)
                                  0.250000    0.254784   clock uncertainty
                                  0.000000    0.254784   clock reconvergence pessimism
                                 -0.045292    0.209493   library hold time
                                              0.209493   data required time
---------------------------------------------------------------------------------------------
                                              0.209493   data required time
                                             -0.508542   data arrival time
---------------------------------------------------------------------------------------------
                                              0.299049   slack (MET)


Startpoint: _1028_ (rising edge-triggered flip-flop clocked by clk)
Endpoint: _1028_ (rising edge-triggered flip-flop clocked by clk)
Path Group: clk
Path Type: min

Fanout         Cap        Slew       Delay        Time   Description
---------------------------------------------------------------------------------------------
                                  0.000000    0.000000   clock clk (rise edge)
                                  0.000000    0.000000   clock source latency
   196    0.487655    0.000000    0.000000    0.000000 ^ clk (in)
                                                         clk (net)
                      0.019486    0.009743    0.009743 ^ _1028_/CLK (sky130_fd_sc_hd__dfrtp_2)
     5    0.015207    0.090023    0.374571    0.384314 ^ _1028_/Q (sky130_fd_sc_hd__dfrtp_2)
                                                         u_sram.ar_ready_d (net)
                      0.090023    0.000042    0.384356 ^ _0966_/B2 (sky130_fd_sc_hd__a221o_2)
     1    0.002232    0.028320    0.139979    0.524335 ^ _0966_/X (sky130_fd_sc_hd__a221o_2)
                                                         _0051_ (net)
                      0.028320    0.000003    0.524338 ^ _1028_/D (sky130_fd_sc_hd__dfrtp_2)
                                              0.524338   data arrival time

                                  0.000000    0.000000   clock clk (rise edge)
                                  0.000000    0.000000   clock source latency
   196    0.487655    0.000000    0.000000    0.000000 ^ clk (in)
                                                         clk (net)
                      0.019486    0.009743    0.009743 ^ _1028_/CLK (sky130_fd_sc_hd__dfrtp_2)
                                  0.250000    0.259743   clock uncertainty
                                  0.000000    0.259743   clock reconvergence pessimism
                                 -0.034698    0.225045   library hold time
                                              0.225045   data required time
---------------------------------------------------------------------------------------------
                                              0.225045   data required time
                                             -0.524338   data arrival time
---------------------------------------------------------------------------------------------
                                              0.299293   slack (MET)


Startpoint: _1182_ (rising edge-triggered flip-flop clocked by clk)
Endpoint: _1182_ (rising edge-triggered flip-flop clocked by clk)
Path Group: clk
Path Type: min

Fanout         Cap        Slew       Delay        Time   Description
---------------------------------------------------------------------------------------------
                                  0.000000    0.000000   clock clk (rise edge)
                                  0.000000    0.000000   clock source latency
   196    0.487655    0.000000    0.000000    0.000000 ^ clk (in)
                                                         clk (net)
                      0.018398    0.009199    0.009199 ^ _1182_/CLK (sky130_fd_sc_hd__dfrtp_2)
     4    0.012135    0.064501    0.405671    0.414870 v _1182_/Q (sky130_fd_sc_hd__dfrtp_2)
                                                         u_gpio.led4_cnt_q[7] (net)
                      0.064501    0.000008    0.414878 v _0921_/A (sky130_fd_sc_hd__nand2_2)
     1    0.005270    0.042751    0.064435    0.479313 ^ _0921_/Y (sky130_fd_sc_hd__nand2_2)
                                                         _0397_ (net)
                      0.042751    0.000005    0.479318 ^ _0922_/A2 (sky130_fd_sc_hd__a21oi_2)
     1    0.002310    0.027187    0.044398    0.523716 v _0922_/Y (sky130_fd_sc_hd__a21oi_2)
                                                         u_gpio.led4_cnt_d[7] (net)
                      0.027187    0.000003    0.523720 v _1182_/D (sky130_fd_sc_hd__dfrtp_2)
                                              0.523720   data arrival time

                                  0.000000    0.000000   clock clk (rise edge)
                                  0.000000    0.000000   clock source latency
   196    0.487655    0.000000    0.000000    0.000000 ^ clk (in)
                                                         clk (net)
                      0.018398    0.009199    0.009199 ^ _1182_/CLK (sky130_fd_sc_hd__dfrtp_2)
                                  0.250000    0.259199   clock uncertainty
                                  0.000000    0.259199   clock reconvergence pessimism
                                 -0.040927    0.218272   library hold time
                                              0.218272   data required time
---------------------------------------------------------------------------------------------
                                              0.218272   data required time
                                             -0.523720   data arrival time
---------------------------------------------------------------------------------------------
                                              0.305448   slack (MET)


Startpoint: _1189_ (rising edge-triggered flip-flop clocked by clk)
Endpoint: _1189_ (rising edge-triggered flip-flop clocked by clk)
Path Group: clk
Path Type: min

Fanout         Cap        Slew       Delay        Time   Description
---------------------------------------------------------------------------------------------
                                  0.000000    0.000000   clock clk (rise edge)
                                  0.000000    0.000000   clock source latency
   196    0.487655    0.000000    0.000000    0.000000 ^ clk (in)
                                                         clk (net)
                      0.019865    0.009933    0.009933 ^ _1189_/CLK (sky130_fd_sc_hd__dfrtp_2)
     3    0.016937    0.097450    0.380619    0.390552 ^ _1189_/Q (sky130_fd_sc_hd__dfrtp_2)
                                                         u_gpio.led4_cnt_q[14] (net)
                      0.097450    0.000064    0.390616 ^ _0935_/A (sky130_fd_sc_hd__xor2_2)
     1    0.004268    0.034568    0.075448    0.466064 v _0935_/X (sky130_fd_sc_hd__xor2_2)
                                                         _0404_ (net)
                      0.034568    0.000002    0.466066 v _0936_/B (sky130_fd_sc_hd__nor2_2)
     1    0.002132    0.054778    0.060107    0.526174 ^ _0936_/Y (sky130_fd_sc_hd__nor2_2)
                                                         u_gpio.led4_cnt_d[14] (net)
                      0.054778    0.000001    0.526175 ^ _1189_/D (sky130_fd_sc_hd__dfrtp_2)
                                              0.526175   data arrival time

                                  0.000000    0.000000   clock clk (rise edge)
                                  0.000000    0.000000   clock source latency
   196    0.487655    0.000000    0.000000    0.000000 ^ clk (in)
                                                         clk (net)
                      0.019865    0.009933    0.009933 ^ _1189_/CLK (sky130_fd_sc_hd__dfrtp_2)
                                  0.250000    0.259933   clock uncertainty
                                  0.000000    0.259933   clock reconvergence pessimism
                                 -0.040143    0.219790   library hold time
                                              0.219790   data required time
---------------------------------------------------------------------------------------------
                                              0.219790   data required time
                                             -0.526175   data arrival time
---------------------------------------------------------------------------------------------
                                              0.306385   slack (MET)


Startpoint: _1099_ (rising edge-triggered flip-flop clocked by clk)
Endpoint: _1099_ (rising edge-triggered flip-flop clocked by clk)
Path Group: clk
Path Type: min

Fanout         Cap        Slew       Delay        Time   Description
---------------------------------------------------------------------------------------------
                                  0.000000    0.000000   clock clk (rise edge)
                                  0.000000    0.000000   clock source latency
   196    0.487655    0.000000    0.000000    0.000000 ^ clk (in)
                                                         clk (net)
                      0.015099    0.007550    0.007550 ^ _1099_/CLK (sky130_fd_sc_hd__dfrtp_2)
     4    0.012922    0.064299    0.407072    0.414622 v _1099_/Q (sky130_fd_sc_hd__dfrtp_2)
                                                         u_gpio.led3_cnt_q[12] (net)
                      0.064299    0.000023    0.414645 v _0888_/A (sky130_fd_sc_hd__nand2_2)
     1    0.005183    0.042308    0.064036    0.478681 ^ _0888_/Y (sky130_fd_sc_hd__nand2_2)
                                                         _0381_ (net)
                      0.042308    0.000003    0.478684 ^ _0889_/A2 (sky130_fd_sc_hd__a21oi_2)
     1    0.002178    0.026763    0.043876    0.522560 v _0889_/Y (sky130_fd_sc_hd__a21oi_2)
                                                         u_gpio.led3_cnt_d[12] (net)
                      0.026763    0.000002    0.522562 v _1099_/D (sky130_fd_sc_hd__dfrtp_2)
                                              0.522562   data arrival time

                                  0.000000    0.000000   clock clk (rise edge)
                                  0.000000    0.000000   clock source latency
   196    0.487655    0.000000    0.000000    0.000000 ^ clk (in)
                                                         clk (net)
                      0.015099    0.007550    0.007550 ^ _1099_/CLK (sky130_fd_sc_hd__dfrtp_2)
                                  0.250000    0.257550   clock uncertainty
                                  0.000000    0.257550   clock reconvergence pessimism
                                 -0.041507    0.216043   library hold time
                                              0.216043   data required time
---------------------------------------------------------------------------------------------
                                              0.216043   data required time
                                             -0.522562   data arrival time
---------------------------------------------------------------------------------------------
                                              0.306519   slack (MET)


Startpoint: _1091_ (rising edge-triggered flip-flop clocked by clk)
Endpoint: _1091_ (rising edge-triggered flip-flop clocked by clk)
Path Group: clk
Path Type: min

Fanout         Cap        Slew       Delay        Time   Description
---------------------------------------------------------------------------------------------
                                  0.000000    0.000000   clock clk (rise edge)
                                  0.000000    0.000000   clock source latency
   196    0.487655    0.000000    0.000000    0.000000 ^ clk (in)
                                                         clk (net)
                      0.009868    0.004934    0.004934 ^ _1091_/CLK (sky130_fd_sc_hd__dfrtp_2)
     4    0.012577    0.066221    0.404179    0.409112 v _1091_/Q (sky130_fd_sc_hd__dfrtp_2)
                                                         u_gpio.led3_cnt_q[4] (net)
                      0.066221    0.000011    0.409123 v _0872_/A (sky130_fd_sc_hd__nand2_2)
     1    0.005222    0.042848    0.064991    0.474114 ^ _0872_/Y (sky130_fd_sc_hd__nand2_2)
                                                         _0373_ (net)
                      0.042848    0.000004    0.474117 ^ _0873_/A2 (sky130_fd_sc_hd__a21oi_2)
     1    0.002343    0.027293    0.044525    0.518643 v _0873_/Y (sky130_fd_sc_hd__a21oi_2)
                                                         u_gpio.led3_cnt_d[4] (net)
                      0.027293    0.000004    0.518647 v _1091_/D (sky130_fd_sc_hd__dfrtp_2)
                                              0.518647   data arrival time

                                  0.000000    0.000000   clock clk (rise edge)
                                  0.000000    0.000000   clock source latency
   196    0.487655    0.000000    0.000000    0.000000 ^ clk (in)
                                                         clk (net)
                      0.009868    0.004934    0.004934 ^ _1091_/CLK (sky130_fd_sc_hd__dfrtp_2)
                                  0.250000    0.254934   clock uncertainty
                                  0.000000    0.254934   clock reconvergence pessimism
                                 -0.042915    0.212019   library hold time
                                              0.212019   data required time
---------------------------------------------------------------------------------------------
                                              0.212019   data required time
                                             -0.518647   data arrival time
---------------------------------------------------------------------------------------------
                                              0.306628   slack (MET)


Startpoint: _1103_ (rising edge-triggered flip-flop clocked by clk)
Endpoint: _1103_ (rising edge-triggered flip-flop clocked by clk)
Path Group: clk
Path Type: min

Fanout         Cap        Slew       Delay        Time   Description
---------------------------------------------------------------------------------------------
                                  0.000000    0.000000   clock clk (rise edge)
                                  0.000000    0.000000   clock source latency
   196    0.487655    0.000000    0.000000    0.000000 ^ clk (in)
                                                         clk (net)
                      0.015623    0.007811    0.007811 ^ _1103_/CLK (sky130_fd_sc_hd__dfrtp_2)
     4    0.012777    0.063984    0.406911    0.414722 v _1103_/Q (sky130_fd_sc_hd__dfrtp_2)
                                                         u_gpio.led3_cnt_q[16] (net)
                      0.063984    0.000036    0.414758 v _0896_/A (sky130_fd_sc_hd__nand2_2)
     1    0.005220    0.042424    0.064037    0.478796 ^ _0896_/Y (sky130_fd_sc_hd__nand2_2)
                                                         _0385_ (net)
                      0.042424    0.000004    0.478800 ^ _0897_/A2 (sky130_fd_sc_hd__a21oi_2)
     1    0.002363    0.027101    0.044452    0.523252 v _0897_/Y (sky130_fd_sc_hd__a21oi_2)
                                                         u_gpio.led3_cnt_d[16] (net)
                      0.027101    0.000005    0.523257 v _1103_/D (sky130_fd_sc_hd__dfrtp_2)
                                              0.523257   data arrival time

                                  0.000000    0.000000   clock clk (rise edge)
                                  0.000000    0.000000   clock source latency
   196    0.487655    0.000000    0.000000    0.000000 ^ clk (in)
                                                         clk (net)
                      0.015623    0.007811    0.007811 ^ _1103_/CLK (sky130_fd_sc_hd__dfrtp_2)
                                  0.250000    0.257811   clock uncertainty
                                  0.000000    0.257811   clock reconvergence pessimism
                                 -0.041525    0.216286   library hold time
                                              0.216286   data required time
---------------------------------------------------------------------------------------------
                                              0.216286   data required time
                                             -0.523257   data arrival time
---------------------------------------------------------------------------------------------
                                              0.306970   slack (MET)


Startpoint: _1011_ (rising edge-triggered flip-flop clocked by clk)
Endpoint: _1015_ (rising edge-triggered flip-flop clocked by clk)
Path Group: clk
Path Type: min

Fanout         Cap        Slew       Delay        Time   Description
---------------------------------------------------------------------------------------------
                                  0.000000    0.000000   clock clk (rise edge)
                                  0.000000    0.000000   clock source latency
   196    0.487655    0.000000    0.000000    0.000000 ^ clk (in)
                                                         clk (net)
                      0.014655    0.007327    0.007327 ^ _1011_/CLK (sky130_fd_sc_hd__dfrtp_2)
     3    0.011453    0.075523    0.358949    0.366277 ^ _1011_/Q (sky130_fd_sc_hd__dfrtp_2)
                                                         m_bready[0] (net)
                      0.075523    0.000063    0.366340 ^ _0546_/A2 (sky130_fd_sc_hd__a32o_2)
     1    0.002310    0.038722    0.158417    0.524757 ^ _0546_/X (sky130_fd_sc_hd__a32o_2)
                                                         _0006_ (net)
                      0.038722    0.000004    0.524761 ^ _1015_/D (sky130_fd_sc_hd__dfrtp_2)
                                              0.524761   data arrival time

                                  0.000000    0.000000   clock clk (rise edge)
                                  0.000000    0.000000   clock source latency
   196    0.487655    0.000000    0.000000    0.000000 ^ clk (in)
                                                         clk (net)
                      0.010294    0.005147    0.005147 ^ _1015_/CLK (sky130_fd_sc_hd__dfrtp_2)
                                  0.250000    0.255147   clock uncertainty
                                  0.000000    0.255147   clock reconvergence pessimism
                                 -0.038114    0.217033   library hold time
                                              0.217033   data required time
---------------------------------------------------------------------------------------------
                                              0.217033   data required time
                                             -0.524761   data arrival time
---------------------------------------------------------------------------------------------
                                              0.307727   slack (MET)


Startpoint: _1050_ (rising edge-triggered flip-flop clocked by clk)
Endpoint: _1050_ (rising edge-triggered flip-flop clocked by clk)
Path Group: clk
Path Type: min

Fanout         Cap        Slew       Delay        Time   Description
---------------------------------------------------------------------------------------------
                                  0.000000    0.000000   clock clk (rise edge)
                                  0.000000    0.000000   clock source latency
   196    0.487655    0.000000    0.000000    0.000000 ^ clk (in)
                                                         clk (net)
                      0.012683    0.006341    0.006341 ^ _1050_/CLK (sky130_fd_sc_hd__dfrtp_2)
     5    0.012474    0.081348    0.362703    0.369044 ^ _1050_/Q (sky130_fd_sc_hd__dfrtp_2)
                                                         u_coh.coh_state[1] (net)
                      0.081348    0.000026    0.369071 ^ _0518_/A1 (sky130_fd_sc_hd__a21o_2)
     4    0.011545    0.064924    0.152199    0.521269 ^ _0518_/X (sky130_fd_sc_hd__a21o_2)
                                                         u_coh.coh_state_next[1] (net)
                      0.064924    0.000018    0.521287 ^ _1050_/D (sky130_fd_sc_hd__dfrtp_2)
                                              0.521287   data arrival time

                                  0.000000    0.000000   clock clk (rise edge)
                                  0.000000    0.000000   clock source latency
   196    0.487655    0.000000    0.000000    0.000000 ^ clk (in)
                                                         clk (net)
                      0.012683    0.006341    0.006341 ^ _1050_/CLK (sky130_fd_sc_hd__dfrtp_2)
                                  0.250000    0.256341   clock uncertainty
                                  0.000000    0.256341   clock reconvergence pessimism
                                 -0.043236    0.213105   library hold time
                                              0.213105   data required time
---------------------------------------------------------------------------------------------
                                              0.213105   data required time
                                             -0.521287   data arrival time
---------------------------------------------------------------------------------------------
                                              0.308182   slack (MET)


Startpoint: _1180_ (rising edge-triggered flip-flop clocked by clk)
Endpoint: _1180_ (rising edge-triggered flip-flop clocked by clk)
Path Group: clk
Path Type: min

Fanout         Cap        Slew       Delay        Time   Description
---------------------------------------------------------------------------------------------
                                  0.000000    0.000000   clock clk (rise edge)
                                  0.000000    0.000000   clock source latency
   196    0.487655    0.000000    0.000000    0.000000 ^ clk (in)
                                                         clk (net)
                      0.018773    0.009386    0.009386 ^ _1180_/CLK (sky130_fd_sc_hd__dfrtp_2)
     3    0.016077    0.096808    0.377332    0.386718 ^ _1180_/Q (sky130_fd_sc_hd__dfrtp_2)
                                                         u_gpio.led4_cnt_q[5] (net)
                      0.096808    0.000022    0.386740 ^ _0917_/A (sky130_fd_sc_hd__xnor2_2)
     1    0.004550    0.040356    0.077182    0.463923 v _0917_/Y (sky130_fd_sc_hd__xnor2_2)
                                                         _0395_ (net)
                      0.040356    0.000008    0.463931 v _0918_/B (sky130_fd_sc_hd__nor2_2)
     1    0.002306    0.056519    0.063606    0.527537 ^ _0918_/Y (sky130_fd_sc_hd__nor2_2)
                                                         u_gpio.led4_cnt_d[5] (net)
                      0.056519    0.000003    0.527540 ^ _1180_/D (sky130_fd_sc_hd__dfrtp_2)
                                              0.527540   data arrival time

                                  0.000000    0.000000   clock clk (rise edge)
                                  0.000000    0.000000   clock source latency
   196    0.487655    0.000000    0.000000    0.000000 ^ clk (in)
                                                         clk (net)
                      0.018773    0.009386    0.009386 ^ _1180_/CLK (sky130_fd_sc_hd__dfrtp_2)
                                  0.250000    0.259386   clock uncertainty
                                  0.000000    0.259386   clock reconvergence pessimism
                                 -0.040654    0.218732   library hold time
                                              0.218732   data required time
---------------------------------------------------------------------------------------------
                                              0.218732   data required time
                                             -0.527540   data arrival time
---------------------------------------------------------------------------------------------
                                              0.308808   slack (MET)


Startpoint: _1003_ (rising edge-triggered flip-flop clocked by clk)
Endpoint: _1007_ (rising edge-triggered flip-flop clocked by clk)
Path Group: clk
Path Type: min

Fanout         Cap        Slew       Delay        Time   Description
---------------------------------------------------------------------------------------------
                                  0.000000    0.000000   clock clk (rise edge)
                                  0.000000    0.000000   clock source latency
   196    0.487655    0.000000    0.000000    0.000000 ^ clk (in)
                                                         clk (net)
                      0.014848    0.007424    0.007424 ^ _1003_/CLK (sky130_fd_sc_hd__dfrtp_2)
     3    0.012203    0.077846    0.362225    0.369649 ^ _1003_/Q (sky130_fd_sc_hd__dfrtp_2)
                                                         m_bready[1] (net)
                      0.077846    0.000099    0.369748 ^ _0535_/A2 (sky130_fd_sc_hd__a32o_2)
     1    0.002259    0.038458    0.158786    0.528534 ^ _0535_/X (sky130_fd_sc_hd__a32o_2)
                                                         _0011_ (net)
                      0.038458    0.000003    0.528537 ^ _1007_/D (sky130_fd_sc_hd__dfrtp_2)
                                              0.528537   data arrival time

                                  0.000000    0.000000   clock clk (rise edge)
                                  0.000000    0.000000   clock source latency
   196    0.487655    0.000000    0.000000    0.000000 ^ clk (in)
                                                         clk (net)
                      0.010297    0.005148    0.005148 ^ _1007_/CLK (sky130_fd_sc_hd__dfrtp_2)
                                  0.250000    0.255148   clock uncertainty
                                  0.000000    0.255148   clock reconvergence pessimism
                                 -0.038058    0.217090   library hold time
                                              0.217090   data required time
---------------------------------------------------------------------------------------------
                                              0.217090   data required time
                                             -0.528537   data arrival time
---------------------------------------------------------------------------------------------
                                              0.311447   slack (MET)


Startpoint: _1077_ (rising edge-triggered flip-flop clocked by clk)
Endpoint: _1078_ (rising edge-triggered flip-flop clocked by clk)
Path Group: clk
Path Type: min

Fanout         Cap        Slew       Delay        Time   Description
---------------------------------------------------------------------------------------------
                                  0.000000    0.000000   clock clk (rise edge)
                                  0.000000    0.000000   clock source latency
   196    0.487655    0.000000    0.000000    0.000000 ^ clk (in)
                                                         clk (net)
                      0.015675    0.007838    0.007838 ^ _1077_/CLK (sky130_fd_sc_hd__dfrtp_2)
     6    0.022683    0.122447    0.398860    0.406698 ^ _1077_/Q (sky130_fd_sc_hd__dfrtp_2)
                                                         u_uart.tx_baud_cnt_q[0] (net)
                      0.122447    0.000151    0.406848 ^ _0679_/A1 (sky130_fd_sc_hd__a21o_2)
     1    0.002807    0.026808    0.131448    0.538296 ^ _0679_/X (sky130_fd_sc_hd__a21o_2)
                                                         u_uart.tx_baud_cnt_d[1] (net)
                      0.026808    0.000004    0.538300 ^ _1078_/D (sky130_fd_sc_hd__dfstp_2)
                                              0.538300   data arrival time

                                  0.000000    0.000000   clock clk (rise edge)
                                  0.000000    0.000000   clock source latency
   196    0.487655    0.000000    0.000000    0.000000 ^ clk (in)
                                                         clk (net)
                      0.015609    0.007805    0.007805 ^ _1078_/CLK (sky130_fd_sc_hd__dfstp_2)
                                  0.250000    0.257805   clock uncertainty
                                  0.000000    0.257805   clock reconvergence pessimism
                                 -0.032360    0.225445   library hold time
                                              0.225445   data required time
---------------------------------------------------------------------------------------------
                                              0.225445   data required time
                                             -0.538300   data arrival time
---------------------------------------------------------------------------------------------
                                              0.312855   slack (MET)


Startpoint: _1148_ (rising edge-triggered flip-flop clocked by clk)
Endpoint: _1148_ (rising edge-triggered flip-flop clocked by clk)
Path Group: clk
Path Type: min

Fanout         Cap        Slew       Delay        Time   Description
---------------------------------------------------------------------------------------------
                                  0.000000    0.000000   clock clk (rise edge)
                                  0.000000    0.000000   clock source latency
   196    0.487655    0.000000    0.000000    0.000000 ^ clk (in)
                                                         clk (net)
                      0.005771    0.002886    0.002886 ^ _1148_/CLK (sky130_fd_sc_hd__dfrtp_2)
     3    0.013347    0.082251    0.363511    0.366397 ^ _1148_/Q (sky130_fd_sc_hd__dfrtp_2)
                                                         u_gpio.led1_cnt_q[17] (net)
                      0.082251    0.000035    0.366432 ^ _0799_/A (sky130_fd_sc_hd__xnor2_2)
     1    0.005123    0.045294    0.117371    0.483803 ^ _0799_/Y (sky130_fd_sc_hd__xnor2_2)
                                                         _0331_ (net)
                      0.045294    0.000009    0.483812 ^ _0800_/A2 (sky130_fd_sc_hd__o21ai_2)
     1    0.002114    0.020295    0.041739    0.525551 v _0800_/Y (sky130_fd_sc_hd__o21ai_2)
                                                         u_gpio.led1_cnt_d[17] (net)
                      0.020295    0.000001    0.525553 v _1148_/D (sky130_fd_sc_hd__dfrtp_2)
                                              0.525553   data arrival time

                                  0.000000    0.000000   clock clk (rise edge)
                                  0.000000    0.000000   clock source latency
   196    0.487655    0.000000    0.000000    0.000000 ^ clk (in)
                                                         clk (net)
                      0.005771    0.002886    0.002886 ^ _1148_/CLK (sky130_fd_sc_hd__dfrtp_2)
                                  0.250000    0.252886   clock uncertainty
                                  0.000000    0.252886   clock reconvergence pessimism
                                 -0.040999    0.211886   library hold time
                                              0.211886   data required time
---------------------------------------------------------------------------------------------
                                              0.211886   data required time
                                             -0.525553   data arrival time
---------------------------------------------------------------------------------------------
                                              0.313666   slack (MET)


Startpoint: _1128_ (rising edge-triggered flip-flop clocked by clk)
Endpoint: _1128_ (rising edge-triggered flip-flop clocked by clk)
Path Group: clk
Path Type: min

Fanout         Cap        Slew       Delay        Time   Description
---------------------------------------------------------------------------------------------
                                  0.000000    0.000000   clock clk (rise edge)
                                  0.000000    0.000000   clock source latency
   196    0.487655    0.000000    0.000000    0.000000 ^ clk (in)
                                                         clk (net)
                      0.008865    0.004433    0.004433 ^ _1128_/CLK (sky130_fd_sc_hd__dfrtp_2)
     3    0.013736    0.083868    0.365903    0.370336 ^ _1128_/Q (sky130_fd_sc_hd__dfrtp_2)
                                                         u_gpio.led2_cnt_q[19] (net)
                      0.083868    0.000039    0.370375 ^ _0859_/A (sky130_fd_sc_hd__xnor2_2)
     1    0.005057    0.045008    0.117544    0.487919 ^ _0859_/Y (sky130_fd_sc_hd__xnor2_2)
                                                         _0367_ (net)
                      0.045008    0.000008    0.487927 ^ _0860_/A2 (sky130_fd_sc_hd__o21ai_2)
     1    0.002188    0.020535    0.041890    0.529817 v _0860_/Y (sky130_fd_sc_hd__o21ai_2)
                                                         u_gpio.led2_cnt_d[19] (net)
                      0.020535    0.000002    0.529820 v _1128_/D (sky130_fd_sc_hd__dfrtp_2)
                                              0.529820   data arrival time

                                  0.000000    0.000000   clock clk (rise edge)
                                  0.000000    0.000000   clock source latency
   196    0.487655    0.000000    0.000000    0.000000 ^ clk (in)
                                                         clk (net)
                      0.008865    0.004433    0.004433 ^ _1128_/CLK (sky130_fd_sc_hd__dfrtp_2)
                                  0.250000    0.254433   clock uncertainty
                                  0.000000    0.254433   clock reconvergence pessimism
                                 -0.040392    0.214041   library hold time
                                              0.214041   data required time
---------------------------------------------------------------------------------------------
                                              0.214041   data required time
                                             -0.529820   data arrival time
---------------------------------------------------------------------------------------------
                                              0.315779   slack (MET)


Startpoint: _1126_ (rising edge-triggered flip-flop clocked by clk)
Endpoint: _1126_ (rising edge-triggered flip-flop clocked by clk)
Path Group: clk
Path Type: min

Fanout         Cap        Slew       Delay        Time   Description
---------------------------------------------------------------------------------------------
                                  0.000000    0.000000   clock clk (rise edge)
                                  0.000000    0.000000   clock source latency
   196    0.487655    0.000000    0.000000    0.000000 ^ clk (in)
                                                         clk (net)
                      0.004561    0.002280    0.002280 ^ _1126_/CLK (sky130_fd_sc_hd__dfrtp_2)
     3    0.014415    0.086805    0.366761    0.369042 ^ _1126_/Q (sky130_fd_sc_hd__dfrtp_2)
                                                         u_gpio.led2_cnt_q[17] (net)
                      0.086805    0.000041    0.369082 ^ _0854_/A (sky130_fd_sc_hd__xnor2_2)
     1    0.005112    0.045287    0.118535    0.487618 ^ _0854_/Y (sky130_fd_sc_hd__xnor2_2)
                                                         _0364_ (net)
                      0.045287    0.000010    0.487627 ^ _0855_/A2 (sky130_fd_sc_hd__o21ai_2)
     1    0.002099    0.020242    0.041689    0.529316 v _0855_/Y (sky130_fd_sc_hd__o21ai_2)
                                                         u_gpio.led2_cnt_d[17] (net)
                      0.020242    0.000001    0.529318 v _1126_/D (sky130_fd_sc_hd__dfrtp_2)
                                              0.529318   data arrival time

                                  0.000000    0.000000   clock clk (rise edge)
                                  0.000000    0.000000   clock source latency
   196    0.487655    0.000000    0.000000    0.000000 ^ clk (in)
                                                         clk (net)
                      0.004561    0.002280    0.002280 ^ _1126_/CLK (sky130_fd_sc_hd__dfrtp_2)
                                  0.250000    0.252280   clock uncertainty
                                  0.000000    0.252280   clock reconvergence pessimism
                                 -0.041253    0.211027   library hold time
                                              0.211027   data required time
---------------------------------------------------------------------------------------------
                                              0.211027   data required time
                                             -0.529318   data arrival time
---------------------------------------------------------------------------------------------
                                              0.318290   slack (MET)


Startpoint: _1172_ (rising edge-triggered flip-flop clocked by clk)
Endpoint: _1172_ (rising edge-triggered flip-flop clocked by clk)
Path Group: clk
Path Type: min

Fanout         Cap        Slew       Delay        Time   Description
---------------------------------------------------------------------------------------------
                                  0.000000    0.000000   clock clk (rise edge)
                                  0.000000    0.000000   clock source latency
   196    0.487655    0.000000    0.000000    0.000000 ^ clk (in)
                                                         clk (net)
                      0.011043    0.005521    0.005521 ^ _1172_/CLK (sky130_fd_sc_hd__dfrtp_2)
     3    0.014170    0.088671    0.368154    0.373675 ^ _1172_/Q (sky130_fd_sc_hd__dfrtp_2)
                                                         u_gpio.led0_cnt_q[19] (net)
                      0.088671    0.000032    0.373707 ^ _0746_/A (sky130_fd_sc_hd__xnor2_2)
     1    0.005005    0.044819    0.118618    0.492325 ^ _0746_/Y (sky130_fd_sc_hd__xnor2_2)
                                                         _0298_ (net)
                      0.044819    0.000007    0.492331 ^ _0747_/A2 (sky130_fd_sc_hd__o21ai_2)
     1    0.002164    0.020444    0.041764    0.534096 v _0747_/Y (sky130_fd_sc_hd__o21ai_2)
                                                         u_gpio.led0_cnt_d[19] (net)
                      0.020444    0.000002    0.534098 v _1172_/D (sky130_fd_sc_hd__dfrtp_2)
                                              0.534098   data arrival time

                                  0.000000    0.000000   clock clk (rise edge)
                                  0.000000    0.000000   clock source latency
   196    0.487655    0.000000    0.000000    0.000000 ^ clk (in)
                                                         clk (net)
                      0.011043    0.005521    0.005521 ^ _1172_/CLK (sky130_fd_sc_hd__dfrtp_2)
                                  0.250000    0.255521   clock uncertainty
                                  0.000000    0.255521   clock reconvergence pessimism
                                 -0.039858    0.215664   library hold time
                                              0.215664   data required time
---------------------------------------------------------------------------------------------
                                              0.215664   data required time
                                             -0.534098   data arrival time
---------------------------------------------------------------------------------------------
                                              0.318434   slack (MET)


Startpoint: _1170_ (rising edge-triggered flip-flop clocked by clk)
Endpoint: _1170_ (rising edge-triggered flip-flop clocked by clk)
Path Group: clk
Path Type: min

Fanout         Cap        Slew       Delay        Time   Description
---------------------------------------------------------------------------------------------
                                  0.000000    0.000000   clock clk (rise edge)
                                  0.000000    0.000000   clock source latency
   196    0.487655    0.000000    0.000000    0.000000 ^ clk (in)
                                                         clk (net)
                      0.010944    0.005472    0.005472 ^ _1170_/CLK (sky130_fd_sc_hd__dfrtp_2)
     3    0.014072    0.085271    0.367770    0.373242 ^ _1170_/Q (sky130_fd_sc_hd__dfrtp_2)
                                                         u_gpio.led0_cnt_q[17] (net)
                      0.085271    0.000033    0.373275 ^ _0741_/A (sky130_fd_sc_hd__xnor2_2)
     1    0.005184    0.045601    0.118407    0.491682 ^ _0741_/Y (sky130_fd_sc_hd__xnor2_2)
                                                         _0295_ (net)
                      0.045601    0.000012    0.491694 ^ _0742_/A2 (sky130_fd_sc_hd__o21ai_2)
     1    0.002246    0.020766    0.042236    0.533930 v _0742_/Y (sky130_fd_sc_hd__o21ai_2)
                                                         u_gpio.led0_cnt_d[17] (net)
                      0.020766    0.000003    0.533933 v _1170_/D (sky130_fd_sc_hd__dfrtp_2)
                                              0.533933   data arrival time

                                  0.000000    0.000000   clock clk (rise edge)
                                  0.000000    0.000000   clock source latency
   196    0.487655    0.000000    0.000000    0.000000 ^ clk (in)
                                                         clk (net)
                      0.010944    0.005472    0.005472 ^ _1170_/CLK (sky130_fd_sc_hd__dfrtp_2)
                                  0.250000    0.255472   clock uncertainty
                                  0.000000    0.255472   clock reconvergence pessimism
                                 -0.040012    0.215460   library hold time
                                              0.215460   data required time
---------------------------------------------------------------------------------------------
                                              0.215460   data required time
                                             -0.533933   data arrival time
---------------------------------------------------------------------------------------------
                                              0.318473   slack (MET)


Startpoint: _1129_ (rising edge-triggered flip-flop clocked by clk)
Endpoint: _1129_ (rising edge-triggered flip-flop clocked by clk)
Path Group: clk
Path Type: min

Fanout         Cap        Slew       Delay        Time   Description
---------------------------------------------------------------------------------------------
                                  0.000000    0.000000   clock clk (rise edge)
                                  0.000000    0.000000   clock source latency
   196    0.487655    0.000000    0.000000    0.000000 ^ clk (in)
                                                         clk (net)
                      0.008724    0.004362    0.004362 ^ _1129_/CLK (sky130_fd_sc_hd__dfrtp_2)
     2    0.004763    0.048489    0.328138    0.332500 ^ _1129_/Q (sky130_fd_sc_hd__dfrtp_2)
                                                         u_gpio.led2_cnt_q[20] (net)
                      0.048489    0.000010    0.332509 ^ _0861_/B1 (sky130_fd_sc_hd__o31a_2)
     1    0.001809    0.028761    0.118358    0.450867 ^ _0861_/X (sky130_fd_sc_hd__o31a_2)
                                                         _0368_ (net)
                      0.028761    0.000002    0.450870 ^ _0863_/A (sky130_fd_sc_hd__or2_2)
     1    0.002198    0.026934    0.086536    0.537406 ^ _0863_/X (sky130_fd_sc_hd__or2_2)
                                                         u_gpio.led2_cnt_d[20] (net)
                      0.026934    0.000002    0.537408 ^ _1129_/D (sky130_fd_sc_hd__dfrtp_2)
                                              0.537408   data arrival time

                                  0.000000    0.000000   clock clk (rise edge)
                                  0.000000    0.000000   clock source latency
   196    0.487655    0.000000    0.000000    0.000000 ^ clk (in)
                                                         clk (net)
                      0.008724    0.004362    0.004362 ^ _1129_/CLK (sky130_fd_sc_hd__dfrtp_2)
                                  0.250000    0.254362   clock uncertainty
                                  0.000000    0.254362   clock reconvergence pessimism
                                 -0.035876    0.218486   library hold time
                                              0.218486   data required time
---------------------------------------------------------------------------------------------
                                              0.218486   data required time
                                             -0.537408   data arrival time
---------------------------------------------------------------------------------------------
                                              0.318921   slack (MET)


Startpoint: _1173_ (rising edge-triggered flip-flop clocked by clk)
Endpoint: _1173_ (rising edge-triggered flip-flop clocked by clk)
Path Group: clk
Path Type: min

Fanout         Cap        Slew       Delay        Time   Description
---------------------------------------------------------------------------------------------
                                  0.000000    0.000000   clock clk (rise edge)
                                  0.000000    0.000000   clock source latency
   196    0.487655    0.000000    0.000000    0.000000 ^ clk (in)
                                                         clk (net)
                      0.011086    0.005543    0.005543 ^ _1173_/CLK (sky130_fd_sc_hd__dfrtp_2)
     2    0.004871    0.047452    0.329406    0.334949 ^ _1173_/Q (sky130_fd_sc_hd__dfrtp_2)
                                                         u_gpio.led0_cnt_q[20] (net)
                      0.047452    0.000013    0.334963 ^ _0748_/B1 (sky130_fd_sc_hd__o31a_2)
     1    0.001925    0.029326    0.118612    0.453575 ^ _0748_/X (sky130_fd_sc_hd__o31a_2)
                                                         _0299_ (net)
                      0.029326    0.000004    0.453579 ^ _0750_/A (sky130_fd_sc_hd__or2_2)
     1    0.002241    0.027131    0.086937    0.540516 ^ _0750_/X (sky130_fd_sc_hd__or2_2)
                                                         u_gpio.led0_cnt_d[20] (net)
                      0.027131    0.000002    0.540518 ^ _1173_/D (sky130_fd_sc_hd__dfrtp_2)
                                              0.540518   data arrival time

                                  0.000000    0.000000   clock clk (rise edge)
                                  0.000000    0.000000   clock source latency
   196    0.487655    0.000000    0.000000    0.000000 ^ clk (in)
                                                         clk (net)
                      0.011086    0.005543    0.005543 ^ _1173_/CLK (sky130_fd_sc_hd__dfrtp_2)
                                  0.250000    0.255543   clock uncertainty
                                  0.000000    0.255543   clock reconvergence pessimism
                                 -0.035595    0.219948   library hold time
                                              0.219948   data required time
---------------------------------------------------------------------------------------------
                                              0.219948   data required time
                                             -0.540518   data arrival time
---------------------------------------------------------------------------------------------
                                              0.320570   slack (MET)


Startpoint: _1193_ (rising edge-triggered flip-flop clocked by clk)
Endpoint: _1193_ (rising edge-triggered flip-flop clocked by clk)
Path Group: clk
Path Type: min

Fanout         Cap        Slew       Delay        Time   Description
---------------------------------------------------------------------------------------------
                                  0.000000    0.000000   clock clk (rise edge)
                                  0.000000    0.000000   clock source latency
   196    0.487655    0.000000    0.000000    0.000000 ^ clk (in)
                                                         clk (net)
                      0.018869    0.009435    0.009435 ^ _1193_/CLK (sky130_fd_sc_hd__dfrtp_2)
     2    0.004247    0.046184    0.329272    0.338707 ^ _1193_/Q (sky130_fd_sc_hd__dfrtp_2)
                                                         u_gpio.led4_cnt_q[18] (net)
                      0.046184    0.000004    0.338711 ^ _0943_/B1 (sky130_fd_sc_hd__o21a_2)
     1    0.002596    0.030323    0.112361    0.451071 ^ _0943_/X (sky130_fd_sc_hd__o21a_2)
                                                         _0408_ (net)
                      0.030323    0.000000    0.451072 ^ _0944_/A2 (sky130_fd_sc_hd__o21a_2)
     1    0.002374    0.028331    0.096591    0.547662 ^ _0944_/X (sky130_fd_sc_hd__o21a_2)
                                                         u_gpio.led4_cnt_d[18] (net)
                      0.028331    0.000004    0.547666 ^ _1193_/D (sky130_fd_sc_hd__dfrtp_2)
                                              0.547666   data arrival time

                                  0.000000    0.000000   clock clk (rise edge)
                                  0.000000    0.000000   clock source latency
   196    0.487655    0.000000    0.000000    0.000000 ^ clk (in)
                                                         clk (net)
                      0.018869    0.009435    0.009435 ^ _1193_/CLK (sky130_fd_sc_hd__dfrtp_2)
                                  0.250000    0.259435   clock uncertainty
                                  0.000000    0.259435   clock reconvergence pessimism
                                 -0.034784    0.224650   library hold time
                                              0.224650   data required time
---------------------------------------------------------------------------------------------
                                              0.224650   data required time
                                             -0.547666   data arrival time
---------------------------------------------------------------------------------------------
                                              0.323016   slack (MET)


Startpoint: _1004_ (rising edge-triggered flip-flop clocked by clk)
Endpoint: _1008_ (rising edge-triggered flip-flop clocked by clk)
Path Group: clk
Path Type: min

Fanout         Cap        Slew       Delay        Time   Description
---------------------------------------------------------------------------------------------
                                  0.000000    0.000000   clock clk (rise edge)
                                  0.000000    0.000000   clock source latency
   196    0.487655    0.000000    0.000000    0.000000 ^ clk (in)
                                                         clk (net)
                      0.014569    0.007285    0.007285 ^ _1004_/CLK (sky130_fd_sc_hd__dfrtp_2)
     3    0.006690    0.056664    0.338434    0.345719 ^ _1004_/Q (sky130_fd_sc_hd__dfrtp_2)
                                                         m_rready[1] (net)
                      0.056664    0.000010    0.345728 ^ _0460_/B (sky130_fd_sc_hd__and3_2)
     2    0.008721    0.068441    0.192609    0.538337 ^ _0460_/X (sky130_fd_sc_hd__and3_2)
                                                         _0005_ (net)
                      0.068441    0.000021    0.538358 ^ _1008_/D (sky130_fd_sc_hd__dfrtp_2)
                                              0.538358   data arrival time

                                  0.000000    0.000000   clock clk (rise edge)
                                  0.000000    0.000000   clock source latency
   196    0.487655    0.000000    0.000000    0.000000 ^ clk (in)
                                                         clk (net)
                      0.014447    0.007223    0.007223 ^ _1008_/CLK (sky130_fd_sc_hd__dfrtp_2)
                                  0.250000    0.257223   clock uncertainty
                                  0.000000    0.257223   clock reconvergence pessimism
                                 -0.043725    0.213498   library hold time
                                              0.213498   data required time
---------------------------------------------------------------------------------------------
                                              0.213498   data required time
                                             -0.538358   data arrival time
---------------------------------------------------------------------------------------------
                                              0.324860   slack (MET)


Startpoint: _1001_ (rising edge-triggered flip-flop clocked by clk)
Endpoint: _1005_ (rising edge-triggered flip-flop clocked by clk)
Path Group: clk
Path Type: min

Fanout         Cap        Slew       Delay        Time   Description
---------------------------------------------------------------------------------------------
                                  0.000000    0.000000   clock clk (rise edge)
                                  0.000000    0.000000   clock source latency
   196    0.487655    0.000000    0.000000    0.000000 ^ clk (in)
                                                         clk (net)
                      0.015153    0.007576    0.007576 ^ _1001_/CLK (sky130_fd_sc_hd__dfrtp_2)
     5    0.020169    0.111487    0.390100    0.397677 ^ _1001_/Q (sky130_fd_sc_hd__dfrtp_2)
                                                         m_awvalid[1] (net)
                      0.111487    0.000050    0.397727 ^ _0537_/A1 (sky130_fd_sc_hd__a31o_2)
     1    0.002295    0.029713    0.149675    0.547402 ^ _0537_/X (sky130_fd_sc_hd__a31o_2)
                                                         _0015_ (net)
                      0.029713    0.000004    0.547406 ^ _1005_/D (sky130_fd_sc_hd__dfrtp_2)
                                              0.547406   data arrival time

                                  0.000000    0.000000   clock clk (rise edge)
                                  0.000000    0.000000   clock source latency
   196    0.487655    0.000000    0.000000    0.000000 ^ clk (in)
                                                         clk (net)
                      0.015202    0.007601    0.007601 ^ _1005_/CLK (sky130_fd_sc_hd__dfrtp_2)
                                  0.250000    0.257601   clock uncertainty
                                  0.000000    0.257601   clock reconvergence pessimism
                                 -0.035571    0.222030   library hold time
                                              0.222030   data required time
---------------------------------------------------------------------------------------------
                                              0.222030   data required time
                                             -0.547406   data arrival time
---------------------------------------------------------------------------------------------
                                              0.325376   slack (MET)


Startpoint: _1133_ (rising edge-triggered flip-flop clocked by clk)
Endpoint: _1133_ (rising edge-triggered flip-flop clocked by clk)
Path Group: clk
Path Type: min

Fanout         Cap        Slew       Delay        Time   Description
---------------------------------------------------------------------------------------------
                                  0.000000    0.000000   clock clk (rise edge)
                                  0.000000    0.000000   clock source latency
   196    0.487655    0.000000    0.000000    0.000000 ^ clk (in)
                                                         clk (net)
                      0.005480    0.002740    0.002740 ^ _1133_/CLK (sky130_fd_sc_hd__dfrtp_2)
     3    0.015961    0.093407    0.372380    0.375121 ^ _1133_/Q (sky130_fd_sc_hd__dfrtp_2)
                                                         u_gpio.led1_cnt_q[2] (net)
                      0.093407    0.000045    0.375165 ^ _0757_/A (sky130_fd_sc_hd__xnor2_2)
     1    0.005192    0.045708    0.120587    0.495753 ^ _0757_/Y (sky130_fd_sc_hd__xnor2_2)
                                                         _0304_ (net)
                      0.045708    0.000012    0.495765 ^ _0758_/A2 (sky130_fd_sc_hd__o21ai_2)
     1    0.002217    0.020672    0.042176    0.537941 v _0758_/Y (sky130_fd_sc_hd__o21ai_2)
                                                         u_gpio.led1_cnt_d[2] (net)
                      0.020672    0.000002    0.537943 v _1133_/D (sky130_fd_sc_hd__dfrtp_2)
                                              0.537943   data arrival time

                                  0.000000    0.000000   clock clk (rise edge)
                                  0.000000    0.000000   clock source latency
   196    0.487655    0.000000    0.000000    0.000000 ^ clk (in)
                                                         clk (net)
                      0.005480    0.002740    0.002740 ^ _1133_/CLK (sky130_fd_sc_hd__dfrtp_2)
                                  0.250000    0.252740   clock uncertainty
                                  0.000000    0.252740   clock reconvergence pessimism
                                 -0.041219    0.211521   library hold time
                                              0.211521   data required time
---------------------------------------------------------------------------------------------
                                              0.211521   data required time
                                             -0.537943   data arrival time
---------------------------------------------------------------------------------------------
                                              0.326422   slack (MET)


Startpoint: _1114_ (rising edge-triggered flip-flop clocked by clk)
Endpoint: _1114_ (rising edge-triggered flip-flop clocked by clk)
Path Group: clk
Path Type: min

Fanout         Cap        Slew       Delay        Time   Description
---------------------------------------------------------------------------------------------
                                  0.000000    0.000000   clock clk (rise edge)
                                  0.000000    0.000000   clock source latency
   196    0.487655    0.000000    0.000000    0.000000 ^ clk (in)
                                                         clk (net)
                      0.002919    0.001460    0.001460 ^ _1114_/CLK (sky130_fd_sc_hd__dfrtp_2)
     3    0.016037    0.096819    0.371790    0.373250 ^ _1114_/Q (sky130_fd_sc_hd__dfrtp_2)
                                                         u_gpio.led2_cnt_q[5] (net)
                      0.096819    0.000026    0.373276 ^ _0821_/A (sky130_fd_sc_hd__xnor2_2)
     1    0.005073    0.045203    0.121034    0.494311 ^ _0821_/Y (sky130_fd_sc_hd__xnor2_2)
                                                         _0343_ (net)
                      0.045203    0.000007    0.494318 ^ _0822_/A2 (sky130_fd_sc_hd__o21ai_2)
     1    0.002187    0.020541    0.041941    0.536259 v _0822_/Y (sky130_fd_sc_hd__o21ai_2)
                                                         u_gpio.led2_cnt_d[5] (net)
                      0.020541    0.000002    0.536261 v _1114_/D (sky130_fd_sc_hd__dfrtp_2)
                                              0.536261   data arrival time

                                  0.000000    0.000000   clock clk (rise edge)
                                  0.000000    0.000000   clock source latency
   196    0.487655    0.000000    0.000000    0.000000 ^ clk (in)
                                                         clk (net)
                      0.002919    0.001460    0.001460 ^ _1114_/CLK (sky130_fd_sc_hd__dfrtp_2)
                                  0.250000    0.251460   clock uncertainty
                                  0.000000    0.251460   clock reconvergence pessimism
                                 -0.041750    0.209710   library hold time
                                              0.209710   data required time
---------------------------------------------------------------------------------------------
                                              0.209710   data required time
                                             -0.536261   data arrival time
---------------------------------------------------------------------------------------------
                                              0.326551   slack (MET)


Startpoint: _1111_ (rising edge-triggered flip-flop clocked by clk)
Endpoint: _1111_ (rising edge-triggered flip-flop clocked by clk)
Path Group: clk
Path Type: min

Fanout         Cap        Slew       Delay        Time   Description
---------------------------------------------------------------------------------------------
                                  0.000000    0.000000   clock clk (rise edge)
                                  0.000000    0.000000   clock source latency
   196    0.487655    0.000000    0.000000    0.000000 ^ clk (in)
                                                         clk (net)
                      0.004569    0.002285    0.002285 ^ _1111_/CLK (sky130_fd_sc_hd__dfrtp_2)
     3    0.016043    0.093771    0.372347    0.374631 ^ _1111_/Q (sky130_fd_sc_hd__dfrtp_2)
                                                         u_gpio.led2_cnt_q[2] (net)
                      0.093771    0.000053    0.374685 ^ _0813_/A (sky130_fd_sc_hd__xnor2_2)
     1    0.005142    0.045485    0.120492    0.495177 ^ _0813_/Y (sky130_fd_sc_hd__xnor2_2)
                                                         _0338_ (net)
                      0.045485    0.000011    0.495187 ^ _0814_/A2 (sky130_fd_sc_hd__o21ai_2)
     1    0.002246    0.020761    0.042205    0.537392 v _0814_/Y (sky130_fd_sc_hd__o21ai_2)
                                                         u_gpio.led2_cnt_d[2] (net)
                      0.020761    0.000003    0.537396 v _1111_/D (sky130_fd_sc_hd__dfrtp_2)
                                              0.537396   data arrival time

                                  0.000000    0.000000   clock clk (rise edge)
                                  0.000000    0.000000   clock source latency
   196    0.487655    0.000000    0.000000    0.000000 ^ clk (in)
                                                         clk (net)
                      0.004569    0.002285    0.002285 ^ _1111_/CLK (sky130_fd_sc_hd__dfrtp_2)
                                  0.250000    0.252285   clock uncertainty
                                  0.000000    0.252285   clock reconvergence pessimism
                                 -0.041463    0.210822   library hold time
                                              0.210822   data required time
---------------------------------------------------------------------------------------------
                                              0.210822   data required time
                                             -0.537396   data arrival time
---------------------------------------------------------------------------------------------
                                              0.326574   slack (MET)


Startpoint: _1120_ (rising edge-triggered flip-flop clocked by clk)
Endpoint: _1120_ (rising edge-triggered flip-flop clocked by clk)
Path Group: clk
Path Type: min

Fanout         Cap        Slew       Delay        Time   Description
---------------------------------------------------------------------------------------------
                                  0.000000    0.000000   clock clk (rise edge)
                                  0.000000    0.000000   clock source latency
   196    0.487655    0.000000    0.000000    0.000000 ^ clk (in)
                                                         clk (net)
                      0.003744    0.001872    0.001872 ^ _1120_/CLK (sky130_fd_sc_hd__dfrtp_2)
     3    0.016210    0.097557    0.372666    0.374538 ^ _1120_/Q (sky130_fd_sc_hd__dfrtp_2)
                                                         u_gpio.led2_cnt_q[11] (net)
                      0.097557    0.000039    0.374578 ^ _0837_/A (sky130_fd_sc_hd__xnor2_2)
     1    0.005050    0.045103    0.121139    0.495717 ^ _0837_/Y (sky130_fd_sc_hd__xnor2_2)
                                                         _0353_ (net)
                      0.045103    0.000008    0.495725 ^ _0838_/A2 (sky130_fd_sc_hd__o21ai_2)
     1    0.002156    0.020431    0.041818    0.537543 v _0838_/Y (sky130_fd_sc_hd__o21ai_2)
                                                         u_gpio.led2_cnt_d[11] (net)
                      0.020431    0.000002    0.537545 v _1120_/D (sky130_fd_sc_hd__dfrtp_2)
                                              0.537545   data arrival time

                                  0.000000    0.000000   clock clk (rise edge)
                                  0.000000    0.000000   clock source latency
   196    0.487655    0.000000    0.000000    0.000000 ^ clk (in)
                                                         clk (net)
                      0.003744    0.001872    0.001872 ^ _1120_/CLK (sky130_fd_sc_hd__dfrtp_2)
                                  0.250000    0.251872   clock uncertainty
                                  0.000000    0.251872   clock reconvergence pessimism
                                 -0.041517    0.210355   library hold time
                                              0.210355   data required time
---------------------------------------------------------------------------------------------
                                              0.210355   data required time
                                             -0.537545   data arrival time
---------------------------------------------------------------------------------------------
                                              0.327190   slack (MET)


Startpoint: _1123_ (rising edge-triggered flip-flop clocked by clk)
Endpoint: _1123_ (rising edge-triggered flip-flop clocked by clk)
Path Group: clk
Path Type: min

Fanout         Cap        Slew       Delay        Time   Description
---------------------------------------------------------------------------------------------
                                  0.000000    0.000000   clock clk (rise edge)
                                  0.000000    0.000000   clock source latency
   196    0.487655    0.000000    0.000000    0.000000 ^ clk (in)
                                                         clk (net)
                      0.007865    0.003932    0.003932 ^ _1123_/CLK (sky130_fd_sc_hd__dfrtp_2)
     3    0.016207    0.094436    0.374038    0.377970 ^ _1123_/Q (sky130_fd_sc_hd__dfrtp_2)
                                                         u_gpio.led2_cnt_q[14] (net)
                      0.094436    0.000045    0.378015 ^ _0845_/A (sky130_fd_sc_hd__xnor2_2)
     1    0.005080    0.045212    0.120430    0.498445 ^ _0845_/Y (sky130_fd_sc_hd__xnor2_2)
                                                         _0358_ (net)
                      0.045212    0.000007    0.498452 ^ _0846_/A2 (sky130_fd_sc_hd__o21ai_2)
     1    0.002212    0.020631    0.042024    0.540476 v _0846_/Y (sky130_fd_sc_hd__o21ai_2)
                                                         u_gpio.led2_cnt_d[14] (net)
                      0.020631    0.000003    0.540479 v _1123_/D (sky130_fd_sc_hd__dfrtp_2)
                                              0.540479   data arrival time

                                  0.000000    0.000000   clock clk (rise edge)
                                  0.000000    0.000000   clock source latency
   196    0.487655    0.000000    0.000000    0.000000 ^ clk (in)
                                                         clk (net)
                      0.007865    0.003932    0.003932 ^ _1123_/CLK (sky130_fd_sc_hd__dfrtp_2)
                                  0.250000    0.253932   clock uncertainty
                                  0.000000    0.253932   clock reconvergence pessimism
                                 -0.040658    0.213274   library hold time
                                              0.213274   data required time
---------------------------------------------------------------------------------------------
                                              0.213274   data required time
                                             -0.540479   data arrival time
---------------------------------------------------------------------------------------------
                                              0.327205   slack (MET)


Startpoint: _1158_ (rising edge-triggered flip-flop clocked by clk)
Endpoint: _1158_ (rising edge-triggered flip-flop clocked by clk)
Path Group: clk
Path Type: min

Fanout         Cap        Slew       Delay        Time   Description
---------------------------------------------------------------------------------------------
                                  0.000000    0.000000   clock clk (rise edge)
                                  0.000000    0.000000   clock source latency
   196    0.487655    0.000000    0.000000    0.000000 ^ clk (in)
                                                         clk (net)
                      0.006277    0.003138    0.003138 ^ _1158_/CLK (sky130_fd_sc_hd__dfrtp_2)
     3    0.016205    0.097504    0.373511    0.376649 ^ _1158_/Q (sky130_fd_sc_hd__dfrtp_2)
                                                         u_gpio.led0_cnt_q[5] (net)
                      0.097504    0.000033    0.376682 ^ _0708_/A (sky130_fd_sc_hd__xnor2_2)
     1    0.005062    0.045157    0.121172    0.497854 ^ _0708_/Y (sky130_fd_sc_hd__xnor2_2)
                                                         _0274_ (net)
                      0.045157    0.000007    0.497861 ^ _0709_/A2 (sky130_fd_sc_hd__o21ai_2)
     1    0.002145    0.020394    0.041797    0.539658 v _0709_/Y (sky130_fd_sc_hd__o21ai_2)
                                                         u_gpio.led0_cnt_d[5] (net)
                      0.020394    0.000002    0.539660 v _1158_/D (sky130_fd_sc_hd__dfrtp_2)
                                              0.539660   data arrival time

                                  0.000000    0.000000   clock clk (rise edge)
                                  0.000000    0.000000   clock source latency
   196    0.487655    0.000000    0.000000    0.000000 ^ clk (in)
                                                         clk (net)
                      0.006277    0.003138    0.003138 ^ _1158_/CLK (sky130_fd_sc_hd__dfrtp_2)
                                  0.250000    0.253138   clock uncertainty
                                  0.000000    0.253138   clock reconvergence pessimism
                                 -0.040924    0.212214   library hold time
                                              0.212214   data required time
---------------------------------------------------------------------------------------------
                                              0.212214   data required time
                                             -0.539660   data arrival time
---------------------------------------------------------------------------------------------
                                              0.327446   slack (MET)


Startpoint: _1117_ (rising edge-triggered flip-flop clocked by clk)
Endpoint: _1117_ (rising edge-triggered flip-flop clocked by clk)
Path Group: clk
Path Type: min

Fanout         Cap        Slew       Delay        Time   Description
---------------------------------------------------------------------------------------------
                                  0.000000    0.000000   clock clk (rise edge)
                                  0.000000    0.000000   clock source latency
   196    0.487655    0.000000    0.000000    0.000000 ^ clk (in)
                                                         clk (net)
                      0.002732    0.001366    0.001366 ^ _1117_/CLK (sky130_fd_sc_hd__dfrtp_2)
     3    0.016093    0.097066    0.371921    0.373287 ^ _1117_/Q (sky130_fd_sc_hd__dfrtp_2)
                                                         u_gpio.led2_cnt_q[8] (net)
                      0.097066    0.000040    0.373326 ^ _0829_/A (sky130_fd_sc_hd__xnor2_2)
     1    0.005035    0.045032    0.120953    0.494279 ^ _0829_/Y (sky130_fd_sc_hd__xnor2_2)
                                                         _0348_ (net)
                      0.045032    0.000008    0.494287 ^ _0830_/A2 (sky130_fd_sc_hd__o21ai_2)
     1    0.002375    0.021188    0.042486    0.536773 v _0830_/Y (sky130_fd_sc_hd__o21ai_2)
                                                         u_gpio.led2_cnt_d[8] (net)
                      0.021188    0.000004    0.536778 v _1117_/D (sky130_fd_sc_hd__dfrtp_2)
                                              0.536778   data arrival time

                                  0.000000    0.000000   clock clk (rise edge)
                                  0.000000    0.000000   clock source latency
   196    0.487655    0.000000    0.000000    0.000000 ^ clk (in)
                                                         clk (net)
                      0.002732    0.001366    0.001366 ^ _1117_/CLK (sky130_fd_sc_hd__dfrtp_2)
                                  0.250000    0.251366   clock uncertainty
                                  0.000000    0.251366   clock reconvergence pessimism
                                 -0.042056    0.209310   library hold time
                                              0.209310   data required time
---------------------------------------------------------------------------------------------
                                              0.209310   data required time
                                             -0.536778   data arrival time
---------------------------------------------------------------------------------------------
                                              0.327467   slack (MET)


Startpoint: _1155_ (rising edge-triggered flip-flop clocked by clk)
Endpoint: _1155_ (rising edge-triggered flip-flop clocked by clk)
Path Group: clk
Path Type: min

Fanout         Cap        Slew       Delay        Time   Description
---------------------------------------------------------------------------------------------
                                  0.000000    0.000000   clock clk (rise edge)
                                  0.000000    0.000000   clock source latency
   196    0.487655    0.000000    0.000000    0.000000 ^ clk (in)
                                                         clk (net)
                      0.006186    0.003093    0.003093 ^ _1155_/CLK (sky130_fd_sc_hd__dfrtp_2)
     3    0.015924    0.096294    0.372516    0.375608 ^ _1155_/Q (sky130_fd_sc_hd__dfrtp_2)
                                                         u_gpio.led0_cnt_q[2] (net)
                      0.096294    0.000038    0.375647 ^ _0700_/A (sky130_fd_sc_hd__xnor2_2)
     1    0.005241    0.045959    0.121542    0.497189 ^ _0700_/Y (sky130_fd_sc_hd__xnor2_2)
                                                         _0269_ (net)
                      0.045959    0.000013    0.497201 ^ _0701_/A2 (sky130_fd_sc_hd__o21ai_2)
     1    0.002276    0.020889    0.042431    0.539633 v _0701_/Y (sky130_fd_sc_hd__o21ai_2)
                                                         u_gpio.led0_cnt_d[2] (net)
                      0.020889    0.000003    0.539636 v _1155_/D (sky130_fd_sc_hd__dfrtp_2)
                                              0.539636   data arrival time

                                  0.000000    0.000000   clock clk (rise edge)
                                  0.000000    0.000000   clock source latency
   196    0.487655    0.000000    0.000000    0.000000 ^ clk (in)
                                                         clk (net)
                      0.006186    0.003093    0.003093 ^ _1155_/CLK (sky130_fd_sc_hd__dfrtp_2)
                                  0.250000    0.253093   clock uncertainty
                                  0.000000    0.253093   clock reconvergence pessimism
                                 -0.041147    0.211946   library hold time
                                              0.211946   data required time
---------------------------------------------------------------------------------------------
                                              0.211946   data required time
                                             -0.539636   data arrival time
---------------------------------------------------------------------------------------------
                                              0.327690   slack (MET)


Startpoint: _1136_ (rising edge-triggered flip-flop clocked by clk)
Endpoint: _1136_ (rising edge-triggered flip-flop clocked by clk)
Path Group: clk
Path Type: min

Fanout         Cap        Slew       Delay        Time   Description
---------------------------------------------------------------------------------------------
                                  0.000000    0.000000   clock clk (rise edge)
                                  0.000000    0.000000   clock source latency
   196    0.487655    0.000000    0.000000    0.000000 ^ clk (in)
                                                         clk (net)
                      0.005024    0.002512    0.002512 ^ _1136_/CLK (sky130_fd_sc_hd__dfrtp_2)
     3    0.016264    0.097774    0.373287    0.375799 ^ _1136_/Q (sky130_fd_sc_hd__dfrtp_2)
                                                         u_gpio.led1_cnt_q[5] (net)
                      0.097774    0.000028    0.375827 ^ _0765_/A (sky130_fd_sc_hd__xnor2_2)
     1    0.005015    0.044945    0.121060    0.496887 ^ _0765_/Y (sky130_fd_sc_hd__xnor2_2)
                                                         _0309_ (net)
                      0.044945    0.000006    0.496893 ^ _0766_/A2 (sky130_fd_sc_hd__o21ai_2)
     1    0.002234    0.020693    0.042018    0.538911 v _0766_/Y (sky130_fd_sc_hd__o21ai_2)
                                                         u_gpio.led1_cnt_d[5] (net)
                      0.020693    0.000003    0.538913 v _1136_/D (sky130_fd_sc_hd__dfrtp_2)
                                              0.538913   data arrival time

                                  0.000000    0.000000   clock clk (rise edge)
                                  0.000000    0.000000   clock source latency
   196    0.487655    0.000000    0.000000    0.000000 ^ clk (in)
                                                         clk (net)
                      0.005024    0.002512    0.002512 ^ _1136_/CLK (sky130_fd_sc_hd__dfrtp_2)
                                  0.250000    0.252512   clock uncertainty
                                  0.000000    0.252512   clock reconvergence pessimism
                                 -0.041331    0.211181   library hold time
                                              0.211181   data required time
---------------------------------------------------------------------------------------------
                                              0.211181   data required time
                                             -0.538913   data arrival time
---------------------------------------------------------------------------------------------
                                              0.327733   slack (MET)


Startpoint: _1139_ (rising edge-triggered flip-flop clocked by clk)
Endpoint: _1139_ (rising edge-triggered flip-flop clocked by clk)
Path Group: clk
Path Type: min

Fanout         Cap        Slew       Delay        Time   Description
---------------------------------------------------------------------------------------------
                                  0.000000    0.000000   clock clk (rise edge)
                                  0.000000    0.000000   clock source latency
   196    0.487655    0.000000    0.000000    0.000000 ^ clk (in)
                                                         clk (net)
                      0.005179    0.002589    0.002589 ^ _1139_/CLK (sky130_fd_sc_hd__dfrtp_2)
     3    0.016136    0.097222    0.372902    0.375491 ^ _1139_/Q (sky130_fd_sc_hd__dfrtp_2)
                                                         u_gpio.led1_cnt_q[8] (net)
                      0.097222    0.000036    0.375527 ^ _0773_/A (sky130_fd_sc_hd__xnor2_2)
     1    0.005114    0.045392    0.121299    0.496826 ^ _0773_/Y (sky130_fd_sc_hd__xnor2_2)
                                                         _0314_ (net)
                      0.045392    0.000010    0.496836 ^ _0774_/A2 (sky130_fd_sc_hd__o21ai_2)
     1    0.002268    0.020834    0.042250    0.539086 v _0774_/Y (sky130_fd_sc_hd__o21ai_2)
                                                         u_gpio.led1_cnt_d[8] (net)
                      0.020834    0.000003    0.539089 v _1139_/D (sky130_fd_sc_hd__dfrtp_2)
                                              0.539089   data arrival time

                                  0.000000    0.000000   clock clk (rise edge)
                                  0.000000    0.000000   clock source latency
   196    0.487655    0.000000    0.000000    0.000000 ^ clk (in)
                                                         clk (net)
                      0.005179    0.002589    0.002589 ^ _1139_/CLK (sky130_fd_sc_hd__dfrtp_2)
                                  0.250000    0.252589   clock uncertainty
                                  0.000000    0.252589   clock reconvergence pessimism
                                 -0.041354    0.211236   library hold time
                                              0.211236   data required time
---------------------------------------------------------------------------------------------
                                              0.211236   data required time
                                             -0.539089   data arrival time
---------------------------------------------------------------------------------------------
                                              0.327853   slack (MET)


Startpoint: _1142_ (rising edge-triggered flip-flop clocked by clk)
Endpoint: _1142_ (rising edge-triggered flip-flop clocked by clk)
Path Group: clk
Path Type: min

Fanout         Cap        Slew       Delay        Time   Description
---------------------------------------------------------------------------------------------
                                  0.000000    0.000000   clock clk (rise edge)
                                  0.000000    0.000000   clock source latency
   196    0.487655    0.000000    0.000000    0.000000 ^ clk (in)
                                                         clk (net)
                      0.005533    0.002767    0.002767 ^ _1142_/CLK (sky130_fd_sc_hd__dfrtp_2)
     3    0.016333    0.098068    0.373699    0.376465 ^ _1142_/Q (sky130_fd_sc_hd__dfrtp_2)
                                                         u_gpio.led1_cnt_q[11] (net)
                      0.098068    0.000033    0.376498 ^ _0781_/A (sky130_fd_sc_hd__xnor2_2)
     1    0.005076    0.045225    0.121374    0.497873 ^ _0781_/Y (sky130_fd_sc_hd__xnor2_2)
                                                         _0319_ (net)
                      0.045225    0.000008    0.497881 ^ _0782_/A2 (sky130_fd_sc_hd__o21ai_2)
     1    0.002178    0.020512    0.041920    0.539800 v _0782_/Y (sky130_fd_sc_hd__o21ai_2)
                                                         u_gpio.led1_cnt_d[11] (net)
                      0.020512    0.000002    0.539802 v _1142_/D (sky130_fd_sc_hd__dfrtp_2)
                                              0.539802   data arrival time

                                  0.000000    0.000000   clock clk (rise edge)
                                  0.000000    0.000000   clock source latency
   196    0.487655    0.000000    0.000000    0.000000 ^ clk (in)
                                                         clk (net)
                      0.005533    0.002767    0.002767 ^ _1142_/CLK (sky130_fd_sc_hd__dfrtp_2)
                                  0.250000    0.252767   clock uncertainty
                                  0.000000    0.252767   clock reconvergence pessimism
                                 -0.041142    0.211625   library hold time
                                              0.211625   data required time
---------------------------------------------------------------------------------------------
                                              0.211625   data required time
                                             -0.539802   data arrival time
---------------------------------------------------------------------------------------------
                                              0.328178   slack (MET)


Startpoint: _1145_ (rising edge-triggered flip-flop clocked by clk)
Endpoint: _1145_ (rising edge-triggered flip-flop clocked by clk)
Path Group: clk
Path Type: min

Fanout         Cap        Slew       Delay        Time   Description
---------------------------------------------------------------------------------------------
                                  0.000000    0.000000   clock clk (rise edge)
                                  0.000000    0.000000   clock source latency
   196    0.487655    0.000000    0.000000    0.000000 ^ clk (in)
                                                         clk (net)
                      0.006069    0.003035    0.003035 ^ _1145_/CLK (sky130_fd_sc_hd__dfrtp_2)
     3    0.016535    0.095867    0.374548    0.377582 ^ _1145_/Q (sky130_fd_sc_hd__dfrtp_2)
                                                         u_gpio.led1_cnt_q[14] (net)
                      0.095867    0.000038    0.377621 ^ _0789_/A (sky130_fd_sc_hd__xnor2_2)
     1    0.005128    0.045441    0.120993    0.498614 ^ _0789_/Y (sky130_fd_sc_hd__xnor2_2)
                                                         _0324_ (net)
                      0.045441    0.000009    0.498623 ^ _0790_/A2 (sky130_fd_sc_hd__o21ai_2)
     1    0.002120    0.020322    0.041797    0.540420 v _0790_/Y (sky130_fd_sc_hd__o21ai_2)
                                                         u_gpio.led1_cnt_d[14] (net)
                      0.020322    0.000002    0.540422 v _1145_/D (sky130_fd_sc_hd__dfrtp_2)
                                              0.540422   data arrival time

                                  0.000000    0.000000   clock clk (rise edge)
                                  0.000000    0.000000   clock source latency
   196    0.487655    0.000000    0.000000    0.000000 ^ clk (in)
                                                         clk (net)
                      0.006069    0.003035    0.003035 ^ _1145_/CLK (sky130_fd_sc_hd__dfrtp_2)
                                  0.250000    0.253035   clock uncertainty
                                  0.000000    0.253035   clock reconvergence pessimism
                                 -0.040942    0.212092   library hold time
                                              0.212092   data required time
---------------------------------------------------------------------------------------------
                                              0.212092   data required time
                                             -0.540422   data arrival time
---------------------------------------------------------------------------------------------
                                              0.328329   slack (MET)


Startpoint: _1164_ (rising edge-triggered flip-flop clocked by clk)
Endpoint: _1164_ (rising edge-triggered flip-flop clocked by clk)
Path Group: clk
Path Type: min

Fanout         Cap        Slew       Delay        Time   Description
---------------------------------------------------------------------------------------------
                                  0.000000    0.000000   clock clk (rise edge)
                                  0.000000    0.000000   clock source latency
   196    0.487655    0.000000    0.000000    0.000000 ^ clk (in)
                                                         clk (net)
                      0.011119    0.005560    0.005560 ^ _1164_/CLK (sky130_fd_sc_hd__dfrtp_2)
     3    0.016133    0.097138    0.374915    0.380474 ^ _1164_/Q (sky130_fd_sc_hd__dfrtp_2)
                                                         u_gpio.led0_cnt_q[11] (net)
                      0.097138    0.000017    0.380491 ^ _0724_/A (sky130_fd_sc_hd__xnor2_2)
     1    0.005194    0.045751    0.121583    0.502074 ^ _0724_/Y (sky130_fd_sc_hd__xnor2_2)
                                                         _0284_ (net)
                      0.045751    0.000011    0.502084 ^ _0725_/A2 (sky130_fd_sc_hd__o21ai_2)
     1    0.002159    0.020471    0.042004    0.544088 v _0725_/Y (sky130_fd_sc_hd__o21ai_2)
                                                         u_gpio.led0_cnt_d[11] (net)
                      0.020471    0.000002    0.544090 v _1164_/D (sky130_fd_sc_hd__dfrtp_2)
                                              0.544090   data arrival time

                                  0.000000    0.000000   clock clk (rise edge)
                                  0.000000    0.000000   clock source latency
   196    0.487655    0.000000    0.000000    0.000000 ^ clk (in)
                                                         clk (net)
                      0.011119    0.005560    0.005560 ^ _1164_/CLK (sky130_fd_sc_hd__dfrtp_2)
                                  0.250000    0.255560   clock uncertainty
                                  0.000000    0.255560   clock reconvergence pessimism
                                 -0.039852    0.215708   library hold time
                                              0.215708   data required time
---------------------------------------------------------------------------------------------
                                              0.215708   data required time
                                             -0.544090   data arrival time
---------------------------------------------------------------------------------------------
                                              0.328382   slack (MET)


Startpoint: _1161_ (rising edge-triggered flip-flop clocked by clk)
Endpoint: _1161_ (rising edge-triggered flip-flop clocked by clk)
Path Group: clk
Path Type: min

Fanout         Cap        Slew       Delay        Time   Description
---------------------------------------------------------------------------------------------
                                  0.000000    0.000000   clock clk (rise edge)
                                  0.000000    0.000000   clock source latency
   196    0.487655    0.000000    0.000000    0.000000 ^ clk (in)
                                                         clk (net)
                      0.011192    0.005596    0.005596 ^ _1161_/CLK (sky130_fd_sc_hd__dfrtp_2)
     3    0.016205    0.097448    0.375187    0.380783 ^ _1161_/Q (sky130_fd_sc_hd__dfrtp_2)
                                                         u_gpio.led0_cnt_q[8] (net)
                      0.097448    0.000026    0.380808 ^ _0716_/A (sky130_fd_sc_hd__xnor2_2)
     1    0.005152    0.045566    0.121505    0.502313 ^ _0716_/Y (sky130_fd_sc_hd__xnor2_2)
                                                         _0279_ (net)
                      0.045566    0.000009    0.502322 ^ _0717_/A2 (sky130_fd_sc_hd__o21ai_2)
     1    0.002165    0.020485    0.041974    0.544296 v _0717_/Y (sky130_fd_sc_hd__o21ai_2)
                                                         u_gpio.led0_cnt_d[8] (net)
                      0.020485    0.000002    0.544298 v _1161_/D (sky130_fd_sc_hd__dfrtp_2)
                                              0.544298   data arrival time

                                  0.000000    0.000000   clock clk (rise edge)
                                  0.000000    0.000000   clock source latency
   196    0.487655    0.000000    0.000000    0.000000 ^ clk (in)
                                                         clk (net)
                      0.011192    0.005596    0.005596 ^ _1161_/CLK (sky130_fd_sc_hd__dfrtp_2)
                                  0.250000    0.255596   clock uncertainty
                                  0.000000    0.255596   clock reconvergence pessimism
                                 -0.039841    0.215755   library hold time
                                              0.215755   data required time
---------------------------------------------------------------------------------------------
                                              0.215755   data required time
                                             -0.544298   data arrival time
---------------------------------------------------------------------------------------------
                                              0.328543   slack (MET)


Startpoint: _1027_ (rising edge-triggered flip-flop clocked by clk)
Endpoint: _1027_ (rising edge-triggered flip-flop clocked by clk)
Path Group: clk
Path Type: min

Fanout         Cap        Slew       Delay        Time   Description
---------------------------------------------------------------------------------------------
                                  0.000000    0.000000   clock clk (rise edge)
                                  0.000000    0.000000   clock source latency
   196    0.487655    0.000000    0.000000    0.000000 ^ clk (in)
                                                         clk (net)
                      0.019235    0.009618    0.009618 ^ _1027_/CLK (sky130_fd_sc_hd__dfrtp_2)
     6    0.021162    0.115763    0.394890    0.404507 ^ _1027_/Q (sky130_fd_sc_hd__dfrtp_2)
                                                         s_rvalid (net)
                      0.115763    0.000049    0.404557 ^ _0964_/B2 (sky130_fd_sc_hd__a221o_2)
     1    0.002558    0.029803    0.149516    0.554072 ^ _0964_/X (sky130_fd_sc_hd__a221o_2)
                                                         _0050_ (net)
                      0.029803    0.000006    0.554078 ^ _1027_/D (sky130_fd_sc_hd__dfrtp_2)
                                              0.554078   data arrival time

                                  0.000000    0.000000   clock clk (rise edge)
                                  0.000000    0.000000   clock source latency
   196    0.487655    0.000000    0.000000    0.000000 ^ clk (in)
                                                         clk (net)
                      0.019235    0.009618    0.009618 ^ _1027_/CLK (sky130_fd_sc_hd__dfrtp_2)
                                  0.250000    0.259618   clock uncertainty
                                  0.000000    0.259618   clock reconvergence pessimism
                                 -0.035040    0.224577   library hold time
                                              0.224577   data required time
---------------------------------------------------------------------------------------------
                                              0.224577   data required time
                                             -0.554078   data arrival time
---------------------------------------------------------------------------------------------
                                              0.329501   slack (MET)


Startpoint: _1047_ (rising edge-triggered flip-flop clocked by clk)
Endpoint: _1047_ (rising edge-triggered flip-flop clocked by clk)
Path Group: clk
Path Type: min

Fanout         Cap        Slew       Delay        Time   Description
---------------------------------------------------------------------------------------------
                                  0.000000    0.000000   clock clk (rise edge)
                                  0.000000    0.000000   clock source latency
   196    0.487655    0.000000    0.000000    0.000000 ^ clk (in)
                                                         clk (net)
                      0.019824    0.009912    0.009912 ^ _1047_/CLK (sky130_fd_sc_hd__dfrtp_2)
     7    0.025535    0.134896    0.410004    0.419916 ^ _1047_/Q (sky130_fd_sc_hd__dfrtp_2)
                                                         u_uart.tx_state_q[2] (net)
                      0.134896    0.000023    0.419939 ^ _0489_/B2 (sky130_fd_sc_hd__a32o_2)
     1    0.002145    0.038699    0.132996    0.552935 ^ _0489_/X (sky130_fd_sc_hd__a32o_2)
                                                         _0022_ (net)
                      0.038699    0.000001    0.552937 ^ _1047_/D (sky130_fd_sc_hd__dfrtp_2)
                                              0.552937   data arrival time

                                  0.000000    0.000000   clock clk (rise edge)
                                  0.000000    0.000000   clock source latency
   196    0.487655    0.000000    0.000000    0.000000 ^ clk (in)
                                                         clk (net)
                      0.019824    0.009912    0.009912 ^ _1047_/CLK (sky130_fd_sc_hd__dfrtp_2)
                                  0.250000    0.259912   clock uncertainty
                                  0.000000    0.259912   clock reconvergence pessimism
                                 -0.036808    0.223104   library hold time
                                              0.223104   data required time
---------------------------------------------------------------------------------------------
                                              0.223104   data required time
                                             -0.552937   data arrival time
---------------------------------------------------------------------------------------------
                                              0.329833   slack (MET)


Startpoint: _1167_ (rising edge-triggered flip-flop clocked by clk)
Endpoint: _1167_ (rising edge-triggered flip-flop clocked by clk)
Path Group: clk
Path Type: min

Fanout         Cap        Slew       Delay        Time   Description
---------------------------------------------------------------------------------------------
                                  0.000000    0.000000   clock clk (rise edge)
                                  0.000000    0.000000   clock source latency
   196    0.487655    0.000000    0.000000    0.000000 ^ clk (in)
                                                         clk (net)
                      0.011061    0.005531    0.005531 ^ _1167_/CLK (sky130_fd_sc_hd__dfrtp_2)
     3    0.016194    0.097402    0.375105    0.380635 ^ _1167_/Q (sky130_fd_sc_hd__dfrtp_2)
                                                         u_gpio.led0_cnt_q[14] (net)
                      0.097402    0.000010    0.380645 ^ _0732_/A (sky130_fd_sc_hd__xnor2_2)
     1    0.005561    0.045864    0.123063    0.503708 ^ _0732_/Y (sky130_fd_sc_hd__xnor2_2)
                                                         _0289_ (net)
                      0.045864    0.000019    0.503727 ^ _0733_/A2 (sky130_fd_sc_hd__o21ai_2)
     1    0.002247    0.020783    0.042313    0.546040 v _0733_/Y (sky130_fd_sc_hd__o21ai_2)
                                                         u_gpio.led0_cnt_d[14] (net)
                      0.020783    0.000003    0.546043 v _1167_/D (sky130_fd_sc_hd__dfrtp_2)
                                              0.546043   data arrival time

                                  0.000000    0.000000   clock clk (rise edge)
                                  0.000000    0.000000   clock source latency
   196    0.487655    0.000000    0.000000    0.000000 ^ clk (in)
                                                         clk (net)
                      0.011061    0.005531    0.005531 ^ _1167_/CLK (sky130_fd_sc_hd__dfrtp_2)
                                  0.250000    0.255531   clock uncertainty
                                  0.000000    0.255531   clock reconvergence pessimism
                                 -0.039992    0.215539   library hold time
                                              0.215539   data required time
---------------------------------------------------------------------------------------------
                                              0.215539   data required time
                                             -0.546043   data arrival time
---------------------------------------------------------------------------------------------
                                              0.330504   slack (MET)


Startpoint: _1012_ (rising edge-triggered flip-flop clocked by clk)
Endpoint: _1016_ (rising edge-triggered flip-flop clocked by clk)
Path Group: clk
Path Type: min

Fanout         Cap        Slew       Delay        Time   Description
---------------------------------------------------------------------------------------------
                                  0.000000    0.000000   clock clk (rise edge)
                                  0.000000    0.000000   clock source latency
   196    0.487655    0.000000    0.000000    0.000000 ^ clk (in)
                                                         clk (net)
                      0.019184    0.009592    0.009592 ^ _1012_/CLK (sky130_fd_sc_hd__dfrtp_2)
     3    0.007128    0.058495    0.341900    0.351492 ^ _1012_/Q (sky130_fd_sc_hd__dfrtp_2)
                                                         m_rready[0] (net)
                      0.058495    0.000022    0.351513 ^ _0468_/B (sky130_fd_sc_hd__and3_2)
     2    0.008675    0.068232    0.192932    0.544445 ^ _0468_/X (sky130_fd_sc_hd__and3_2)
                                                         _0002_ (net)
                      0.068232    0.000020    0.544465 ^ _1016_/D (sky130_fd_sc_hd__dfrtp_2)
                                              0.544465   data arrival time

                                  0.000000    0.000000   clock clk (rise edge)
                                  0.000000    0.000000   clock source latency
   196    0.487655    0.000000    0.000000    0.000000 ^ clk (in)
                                                         clk (net)
                      0.014580    0.007290    0.007290 ^ _1016_/CLK (sky130_fd_sc_hd__dfrtp_2)
                                  0.250000    0.257290   clock uncertainty
                                  0.000000    0.257290   clock reconvergence pessimism
                                 -0.043664    0.213627   library hold time
                                              0.213627   data required time
---------------------------------------------------------------------------------------------
                                              0.213627   data required time
                                             -0.544465   data arrival time
---------------------------------------------------------------------------------------------
                                              0.330839   slack (MET)


Startpoint: _1043_ (rising edge-triggered flip-flop clocked by clk)
Endpoint: _1043_ (rising edge-triggered flip-flop clocked by clk)
Path Group: clk
Path Type: min

Fanout         Cap        Slew       Delay        Time   Description
---------------------------------------------------------------------------------------------
                                  0.000000    0.000000   clock clk (rise edge)
                                  0.000000    0.000000   clock source latency
   196    0.487655    0.000000    0.000000    0.000000 ^ clk (in)
                                                         clk (net)
                      0.020139    0.010069    0.010069 ^ _1043_/CLK (sky130_fd_sc_hd__dfrtp_2)
     2    0.007414    0.059704    0.343456    0.353525 ^ _1043_/Q (sky130_fd_sc_hd__dfrtp_2)
                                                         u_uart.tx_bitcnt_q[2] (net)
                      0.059704    0.000002    0.353527 ^ _0997_/B1 (sky130_fd_sc_hd__a31o_2)
     1    0.001719    0.026985    0.088330    0.441857 ^ _0997_/X (sky130_fd_sc_hd__a31o_2)
                                                         _0432_ (net)
                      0.026985    0.000002    0.441859 ^ _0998_/B (sky130_fd_sc_hd__and2_2)
     1    0.002413    0.035872    0.120146    0.562004 ^ _0998_/X (sky130_fd_sc_hd__and2_2)
                                                         _0066_ (net)
                      0.035872    0.000004    0.562009 ^ _1043_/D (sky130_fd_sc_hd__dfrtp_2)
                                              0.562009   data arrival time

                                  0.000000    0.000000   clock clk (rise edge)
                                  0.000000    0.000000   clock source latency
   196    0.487655    0.000000    0.000000    0.000000 ^ clk (in)
                                                         clk (net)
                      0.020139    0.010069    0.010069 ^ _1043_/CLK (sky130_fd_sc_hd__dfrtp_2)
                                  0.250000    0.260069   clock uncertainty
                                  0.000000    0.260069   clock reconvergence pessimism
                                 -0.036178    0.223891   library hold time
                                              0.223891   data required time
---------------------------------------------------------------------------------------------
                                              0.223891   data required time
                                             -0.562009   data arrival time
---------------------------------------------------------------------------------------------
                                              0.338117   slack (MET)


Startpoint: _1150_ (rising edge-triggered flip-flop clocked by clk)
Endpoint: _1150_ (rising edge-triggered flip-flop clocked by clk)
Path Group: clk
Path Type: min

Fanout         Cap        Slew       Delay        Time   Description
---------------------------------------------------------------------------------------------
                                  0.000000    0.000000   clock clk (rise edge)
                                  0.000000    0.000000   clock source latency
   196    0.487655    0.000000    0.000000    0.000000 ^ clk (in)
                                                         clk (net)
                      0.010621    0.005310    0.005310 ^ _1150_/CLK (sky130_fd_sc_hd__dfrtp_2)
     3    0.016727    0.096641    0.376760    0.382070 ^ _1150_/Q (sky130_fd_sc_hd__dfrtp_2)
                                                         u_gpio.led1_cnt_q[19] (net)
                      0.096641    0.000041    0.382111 ^ _0803_/A (sky130_fd_sc_hd__xor2_2)
     1    0.004438    0.035009    0.075797    0.457907 v _0803_/X (sky130_fd_sc_hd__xor2_2)
                                                         _0333_ (net)
                      0.035009    0.000006    0.457913 v _0804_/A2 (sky130_fd_sc_hd__o21ai_2)
     1    0.002267    0.078966    0.090800    0.548713 ^ _0804_/Y (sky130_fd_sc_hd__o21ai_2)
                                                         u_gpio.led1_cnt_d[19] (net)
                      0.078966    0.000003    0.548716 ^ _1150_/D (sky130_fd_sc_hd__dfrtp_2)
                                              0.548716   data arrival time

                                  0.000000    0.000000   clock clk (rise edge)
                                  0.000000    0.000000   clock source latency
   196    0.487655    0.000000    0.000000    0.000000 ^ clk (in)
                                                         clk (net)
                      0.010621    0.005310    0.005310 ^ _1150_/CLK (sky130_fd_sc_hd__dfrtp_2)
                                  0.250000    0.255310   clock uncertainty
                                  0.000000    0.255310   clock reconvergence pessimism
                                 -0.046439    0.208871   library hold time
                                              0.208871   data required time
---------------------------------------------------------------------------------------------
                                              0.208871   data required time
                                             -0.548716   data arrival time
---------------------------------------------------------------------------------------------
                                              0.339845   slack (MET)


Startpoint: _1053_ (rising edge-triggered flip-flop clocked by clk)
Endpoint: _1052_ (rising edge-triggered flip-flop clocked by clk)
Path Group: clk
Path Type: min

Fanout         Cap        Slew       Delay        Time   Description
---------------------------------------------------------------------------------------------
                                  0.000000    0.000000   clock clk (rise edge)
                                  0.000000    0.000000   clock source latency
   196    0.487655    0.000000    0.000000    0.000000 ^ clk (in)
                                                         clk (net)
                      0.010347    0.005174    0.005174 ^ _1053_/CLK (sky130_fd_sc_hd__dfrtp_2)
     3    0.006483    0.055814    0.336099    0.341273 ^ _1053_/Q (sky130_fd_sc_hd__dfrtp_2)
                                                         u_arb.pref_d (net)
                      0.055814    0.000012    0.341285 ^ _0529_/B (sky130_fd_sc_hd__and2b_2)
     2    0.005380    0.047364    0.143827    0.485112 ^ _0529_/X (sky130_fd_sc_hd__and2b_2)
                                                         _0144_ (net)
                      0.047364    0.000007    0.485118 ^ _0530_/C1 (sky130_fd_sc_hd__a311o_2)
     1    0.002870    0.031421    0.093238    0.578357 ^ _0530_/X (sky130_fd_sc_hd__a311o_2)
                                                         _0016_ (net)
                      0.031421    0.000005    0.578362 ^ _1052_/D (sky130_fd_sc_hd__dfstp_2)
                                              0.578362   data arrival time

                                  0.000000    0.000000   clock clk (rise edge)
                                  0.000000    0.000000   clock source latency
   196    0.487655    0.000000    0.000000    0.000000 ^ clk (in)
                                                         clk (net)
                      0.010359    0.005180    0.005180 ^ _1052_/CLK (sky130_fd_sc_hd__dfstp_2)
                                  0.250000    0.255180   clock uncertainty
                                  0.000000    0.255180   clock reconvergence pessimism
                                 -0.033935    0.221244   library hold time
                                              0.221244   data required time
---------------------------------------------------------------------------------------------
                                              0.221244   data required time
                                             -0.578362   data arrival time
---------------------------------------------------------------------------------------------
                                              0.357118   slack (MET)


Startpoint: _1185_ (rising edge-triggered flip-flop clocked by clk)
Endpoint: _1185_ (rising edge-triggered flip-flop clocked by clk)
Path Group: clk
Path Type: min

Fanout         Cap        Slew       Delay        Time   Description
---------------------------------------------------------------------------------------------
                                  0.000000    0.000000   clock clk (rise edge)
                                  0.000000    0.000000   clock source latency
   196    0.487655    0.000000    0.000000    0.000000 ^ clk (in)
                                                         clk (net)
                      0.018840    0.009420    0.009420 ^ _1185_/CLK (sky130_fd_sc_hd__dfrtp_2)
     3    0.008470    0.064216    0.347562    0.356982 ^ _1185_/Q (sky130_fd_sc_hd__dfrtp_2)
                                                         u_gpio.led4_cnt_q[10] (net)
                      0.064216    0.000023    0.357005 ^ _0927_/A (sky130_fd_sc_hd__and2_2)
     1    0.002866    0.037985    0.130191    0.487196 ^ _0927_/X (sky130_fd_sc_hd__and2_2)
                                                         _0400_ (net)
                      0.037985    0.000005    0.487200 ^ _0928_/A2 (sky130_fd_sc_hd__o21a_2)
     1    0.002144    0.027244    0.097914    0.585114 ^ _0928_/X (sky130_fd_sc_hd__o21a_2)
                                                         u_gpio.led4_cnt_d[10] (net)
                      0.027244    0.000001    0.585116 ^ _1185_/D (sky130_fd_sc_hd__dfrtp_2)
                                              0.585116   data arrival time

                                  0.000000    0.000000   clock clk (rise edge)
                                  0.000000    0.000000   clock source latency
   196    0.487655    0.000000    0.000000    0.000000 ^ clk (in)
                                                         clk (net)
                      0.018840    0.009420    0.009420 ^ _1185_/CLK (sky130_fd_sc_hd__dfrtp_2)
                                  0.250000    0.259420   clock uncertainty
                                  0.000000    0.259420   clock reconvergence pessimism
                                 -0.034562    0.224857   library hold time
                                              0.224857   data required time
---------------------------------------------------------------------------------------------
                                              0.224857   data required time
                                             -0.585116   data arrival time
---------------------------------------------------------------------------------------------
                                              0.360258   slack (MET)


Startpoint: _1047_ (rising edge-triggered flip-flop clocked by clk)
Endpoint: _1046_ (rising edge-triggered flip-flop clocked by clk)
Path Group: clk
Path Type: min

Fanout         Cap        Slew       Delay        Time   Description
---------------------------------------------------------------------------------------------
                                  0.000000    0.000000   clock clk (rise edge)
                                  0.000000    0.000000   clock source latency
   196    0.487655    0.000000    0.000000    0.000000 ^ clk (in)
                                                         clk (net)
                      0.019824    0.009912    0.009912 ^ _1047_/CLK (sky130_fd_sc_hd__dfrtp_2)
     7    0.025535    0.134896    0.410004    0.419916 ^ _1047_/Q (sky130_fd_sc_hd__dfrtp_2)
                                                         u_uart.tx_state_q[2] (net)
                      0.134896    0.000209    0.420125 ^ _0490_/B2 (sky130_fd_sc_hd__a2bb2o_2)
     1    0.002295    0.030281    0.166155    0.586280 ^ _0490_/X (sky130_fd_sc_hd__a2bb2o_2)
                                                         _0021_ (net)
                      0.030281    0.000004    0.586284 ^ _1046_/D (sky130_fd_sc_hd__dfrtp_2)
                                              0.586284   data arrival time

                                  0.000000    0.000000   clock clk (rise edge)
                                  0.000000    0.000000   clock source latency
   196    0.487655    0.000000    0.000000    0.000000 ^ clk (in)
                                                         clk (net)
                      0.019934    0.009967    0.009967 ^ _1046_/CLK (sky130_fd_sc_hd__dfrtp_2)
                                  0.250000    0.259967   clock uncertainty
                                  0.000000    0.259967   clock reconvergence pessimism
                                 -0.035044    0.224923   library hold time
                                              0.224923   data required time
---------------------------------------------------------------------------------------------
                                              0.224923   data required time
                                             -0.586284   data arrival time
---------------------------------------------------------------------------------------------
                                              0.361361   slack (MET)


Startpoint: _1049_ (rising edge-triggered flip-flop clocked by clk)
Endpoint: _1051_ (rising edge-triggered flip-flop clocked by clk)
Path Group: clk
Path Type: min

Fanout         Cap        Slew       Delay        Time   Description
---------------------------------------------------------------------------------------------
                                  0.000000    0.000000   clock clk (rise edge)
                                  0.000000    0.000000   clock source latency
   196    0.487655    0.000000    0.000000    0.000000 ^ clk (in)
                                                         clk (net)
                      0.012679    0.006339    0.006339 ^ _1049_/CLK (sky130_fd_sc_hd__dfstp_2)
     8    0.030120    0.077103    0.396602    0.402941 v _1049_/Q (sky130_fd_sc_hd__dfstp_2)
                                                         u_coh.coh_state[0] (net)
                      0.077103    0.000033    0.402974 v _0448_/B1 (sky130_fd_sc_hd__o21ai_2)
     4    0.013791    0.097131    0.103781    0.506755 ^ _0448_/Y (sky130_fd_sc_hd__o21ai_2)
                                                         _0081_ (net)
                      0.097131    0.000062    0.506817 ^ _0449_/A (sky130_fd_sc_hd__inv_2)
     4    0.013871    0.043928    0.063254    0.570071 v _0449_/Y (sky130_fd_sc_hd__inv_2)
                                                         u_coh.coh_state_next[0] (net)
                      0.043928    0.000064    0.570135 v _1051_/D (sky130_fd_sc_hd__dfrtp_2)
                                              0.570135   data arrival time

                                  0.000000    0.000000   clock clk (rise edge)
                                  0.000000    0.000000   clock source latency
   196    0.487655    0.000000    0.000000    0.000000 ^ clk (in)
                                                         clk (net)
                      0.012653    0.006327    0.006327 ^ _1051_/CLK (sky130_fd_sc_hd__dfrtp_2)
                                  0.250000    0.256327   clock uncertainty
                                  0.000000    0.256327   clock reconvergence pessimism
                                 -0.049055    0.207271   library hold time
                                              0.207271   data required time
---------------------------------------------------------------------------------------------
                                              0.207271   data required time
                                             -0.570135   data arrival time
---------------------------------------------------------------------------------------------
                                              0.362864   slack (MET)


Startpoint: _1127_ (rising edge-triggered flip-flop clocked by clk)
Endpoint: _1127_ (rising edge-triggered flip-flop clocked by clk)
Path Group: clk
Path Type: min

Fanout         Cap        Slew       Delay        Time   Description
---------------------------------------------------------------------------------------------
                                  0.000000    0.000000   clock clk (rise edge)
                                  0.000000    0.000000   clock source latency
   196    0.487655    0.000000    0.000000    0.000000 ^ clk (in)
                                                         clk (net)
                      0.004453    0.002227    0.002227 ^ _1127_/CLK (sky130_fd_sc_hd__dfrtp_2)
     2    0.004144    0.045773    0.323731    0.325958 ^ _1127_/Q (sky130_fd_sc_hd__dfrtp_2)
                                                         u_gpio.led2_cnt_q[18] (net)
                      0.045773    0.000004    0.325962 ^ _0856_/B1 (sky130_fd_sc_hd__o31a_2)
     1    0.005017    0.044979    0.133357    0.459319 ^ _0856_/X (sky130_fd_sc_hd__o31a_2)
                                                         _0365_ (net)
                      0.044979    0.000008    0.459328 ^ _0857_/B (sky130_fd_sc_hd__nor2_2)
     1    0.004431    0.019071    0.032646    0.491973 v _0857_/Y (sky130_fd_sc_hd__nor2_2)
                                                         _0366_ (net)
                      0.019071    0.000006    0.491980 v _0858_/A2 (sky130_fd_sc_hd__o21ai_2)
     1    0.002184    0.078102    0.084910    0.576890 ^ _0858_/Y (sky130_fd_sc_hd__o21ai_2)
                                                         u_gpio.led2_cnt_d[18] (net)
                      0.078102    0.000002    0.576892 ^ _1127_/D (sky130_fd_sc_hd__dfrtp_2)
                                              0.576892   data arrival time

                                  0.000000    0.000000   clock clk (rise edge)
                                  0.000000    0.000000   clock source latency
   196    0.487655    0.000000    0.000000    0.000000 ^ clk (in)
                                                         clk (net)
                      0.004453    0.002227    0.002227 ^ _1127_/CLK (sky130_fd_sc_hd__dfrtp_2)
                                  0.250000    0.252227   clock uncertainty
                                  0.000000    0.252227   clock reconvergence pessimism
                                 -0.047108    0.205119   library hold time
                                              0.205119   data required time
---------------------------------------------------------------------------------------------
                                              0.205119   data required time
                                             -0.576892   data arrival time
---------------------------------------------------------------------------------------------
                                              0.371773   slack (MET)


Startpoint: _1171_ (rising edge-triggered flip-flop clocked by clk)
Endpoint: _1171_ (rising edge-triggered flip-flop clocked by clk)
Path Group: clk
Path Type: min

Fanout         Cap        Slew       Delay        Time   Description
---------------------------------------------------------------------------------------------
                                  0.000000    0.000000   clock clk (rise edge)
                                  0.000000    0.000000   clock source latency
   196    0.487655    0.000000    0.000000    0.000000 ^ clk (in)
                                                         clk (net)
                      0.010949    0.005475    0.005475 ^ _1171_/CLK (sky130_fd_sc_hd__dfrtp_2)
     2    0.004216    0.046086    0.326383    0.331857 ^ _1171_/Q (sky130_fd_sc_hd__dfrtp_2)
                                                         u_gpio.led0_cnt_q[18] (net)
                      0.046086    0.000004    0.331861 ^ _0743_/B1 (sky130_fd_sc_hd__o31a_2)
     1    0.004917    0.044546    0.133035    0.464896 ^ _0743_/X (sky130_fd_sc_hd__o31a_2)
                                                         _0296_ (net)
                      0.044546    0.000005    0.464902 ^ _0744_/B (sky130_fd_sc_hd__nor2_2)
     1    0.004379    0.019537    0.032410    0.497311 v _0744_/Y (sky130_fd_sc_hd__nor2_2)
                                                         _0297_ (net)
                      0.019537    0.000005    0.497316 v _0745_/A2 (sky130_fd_sc_hd__o21ai_2)
     1    0.002199    0.078252    0.085151    0.582467 ^ _0745_/Y (sky130_fd_sc_hd__o21ai_2)
                                                         u_gpio.led0_cnt_d[18] (net)
                      0.078252    0.000002    0.582469 ^ _1171_/D (sky130_fd_sc_hd__dfrtp_2)
                                              0.582469   data arrival time

                                  0.000000    0.000000   clock clk (rise edge)
                                  0.000000    0.000000   clock source latency
   196    0.487655    0.000000    0.000000    0.000000 ^ clk (in)
                                                         clk (net)
                      0.010949    0.005475    0.005475 ^ _1171_/CLK (sky130_fd_sc_hd__dfrtp_2)
                                  0.250000    0.255475   clock uncertainty
                                  0.000000    0.255475   clock reconvergence pessimism
                                 -0.046246    0.209229   library hold time
                                              0.209229   data required time
---------------------------------------------------------------------------------------------
                                              0.209229   data required time
                                             -0.582469   data arrival time
---------------------------------------------------------------------------------------------
                                              0.373240   slack (MET)


Startpoint: _1141_ (rising edge-triggered flip-flop clocked by clk)
Endpoint: _1141_ (rising edge-triggered flip-flop clocked by clk)
Path Group: clk
Path Type: min

Fanout         Cap        Slew       Delay        Time   Description
---------------------------------------------------------------------------------------------
                                  0.000000    0.000000   clock clk (rise edge)
                                  0.000000    0.000000   clock source latency
   196    0.487655    0.000000    0.000000    0.000000 ^ clk (in)
                                                         clk (net)
                      0.005534    0.002767    0.002767 ^ _1141_/CLK (sky130_fd_sc_hd__dfrtp_2)
     4    0.013106    0.081237    0.362603    0.365370 ^ _1141_/Q (sky130_fd_sc_hd__dfrtp_2)
                                                         u_gpio.led1_cnt_q[10] (net)
                      0.081237    0.000043    0.365413 ^ _0621_/A (sky130_fd_sc_hd__nor2_2)
     2    0.012398    0.041848    0.063214    0.428628 v _0621_/Y (sky130_fd_sc_hd__nor2_2)
                                                         _0220_ (net)
                      0.041848    0.000004    0.428632 v _0779_/A (sky130_fd_sc_hd__nor2_2)
     1    0.004882    0.082996    0.106285    0.534917 ^ _0779_/Y (sky130_fd_sc_hd__nor2_2)
                                                         _0318_ (net)
                      0.082996    0.000003    0.534921 ^ _0780_/A2 (sky130_fd_sc_hd__o21ai_2)
     1    0.002125    0.024169    0.049196    0.584116 v _0780_/Y (sky130_fd_sc_hd__o21ai_2)
                                                         u_gpio.led1_cnt_d[10] (net)
                      0.024169    0.000002    0.584118 v _1141_/D (sky130_fd_sc_hd__dfrtp_2)
                                              0.584118   data arrival time

                                  0.000000    0.000000   clock clk (rise edge)
                                  0.000000    0.000000   clock source latency
   196    0.487655    0.000000    0.000000    0.000000 ^ clk (in)
                                                         clk (net)
                      0.005534    0.002767    0.002767 ^ _1141_/CLK (sky130_fd_sc_hd__dfrtp_2)
                                  0.250000    0.252767   clock uncertainty
                                  0.000000    0.252767   clock reconvergence pessimism
                                 -0.042631    0.210136   library hold time
                                              0.210136   data required time
---------------------------------------------------------------------------------------------
                                              0.210136   data required time
                                             -0.584118   data arrival time
---------------------------------------------------------------------------------------------
                                              0.373982   slack (MET)


Startpoint: _1154_ (rising edge-triggered flip-flop clocked by clk)
Endpoint: _1154_ (rising edge-triggered flip-flop clocked by clk)
Path Group: clk
Path Type: min

Fanout         Cap        Slew       Delay        Time   Description
---------------------------------------------------------------------------------------------
                                  0.000000    0.000000   clock clk (rise edge)
                                  0.000000    0.000000   clock source latency
   196    0.487655    0.000000    0.000000    0.000000 ^ clk (in)
                                                         clk (net)
                      0.006211    0.003105    0.003105 ^ _1154_/CLK (sky130_fd_sc_hd__dfrtp_2)
     4    0.013815    0.084235    0.365261    0.368367 ^ _1154_/Q (sky130_fd_sc_hd__dfrtp_2)
                                                         u_gpio.led0_cnt_q[1] (net)
                      0.084235    0.000047    0.368413 ^ _0631_/B (sky130_fd_sc_hd__nor2_2)
     2    0.012789    0.041074    0.059688    0.428101 v _0631_/Y (sky130_fd_sc_hd__nor2_2)
                                                         _0229_ (net)
                      0.041074    0.000011    0.428112 v _0698_/A (sky130_fd_sc_hd__nor2_2)
     1    0.005028    0.084489    0.107068    0.535180 ^ _0698_/Y (sky130_fd_sc_hd__nor2_2)
                                                         _0268_ (net)
                      0.084489    0.000008    0.535188 ^ _0699_/A2 (sky130_fd_sc_hd__o21ai_2)
     1    0.002124    0.024339    0.049456    0.584644 v _0699_/Y (sky130_fd_sc_hd__o21ai_2)
                                                         u_gpio.led0_cnt_d[1] (net)
                      0.024339    0.000002    0.584646 v _1154_/D (sky130_fd_sc_hd__dfrtp_2)
                                              0.584646   data arrival time

                                  0.000000    0.000000   clock clk (rise edge)
                                  0.000000    0.000000   clock source latency
   196    0.487655    0.000000    0.000000    0.000000 ^ clk (in)
                                                         clk (net)
                      0.006211    0.003105    0.003105 ^ _1154_/CLK (sky130_fd_sc_hd__dfrtp_2)
                                  0.250000    0.253105   clock uncertainty
                                  0.000000    0.253105   clock reconvergence pessimism
                                 -0.042546    0.210559   library hold time
                                              0.210559   data required time
---------------------------------------------------------------------------------------------
                                              0.210559   data required time
                                             -0.584646   data arrival time
---------------------------------------------------------------------------------------------
                                              0.374087   slack (MET)


Startpoint: _1119_ (rising edge-triggered flip-flop clocked by clk)
Endpoint: _1119_ (rising edge-triggered flip-flop clocked by clk)
Path Group: clk
Path Type: min

Fanout         Cap        Slew       Delay        Time   Description
---------------------------------------------------------------------------------------------
                                  0.000000    0.000000   clock clk (rise edge)
                                  0.000000    0.000000   clock source latency
   196    0.487655    0.000000    0.000000    0.000000 ^ clk (in)
                                                         clk (net)
                      0.003668    0.001834    0.001834 ^ _1119_/CLK (sky130_fd_sc_hd__dfrtp_2)
     4    0.012798    0.082841    0.360929    0.362763 ^ _1119_/Q (sky130_fd_sc_hd__dfrtp_2)
                                                         u_gpio.led2_cnt_q[10] (net)
                      0.082841    0.000024    0.362787 ^ _0606_/A (sky130_fd_sc_hd__nor2_2)
     2    0.012442    0.042127    0.063809    0.426597 v _0606_/Y (sky130_fd_sc_hd__nor2_2)
                                                         _0206_ (net)
                      0.042127    0.000006    0.426602 v _0835_/A (sky130_fd_sc_hd__nor2_2)
     1    0.004966    0.083859    0.107038    0.533641 ^ _0835_/Y (sky130_fd_sc_hd__nor2_2)
                                                         _0352_ (net)
                      0.083859    0.000005    0.533646 ^ _0836_/A2 (sky130_fd_sc_hd__o21ai_2)
     1    0.002099    0.024180    0.049251    0.582898 v _0836_/Y (sky130_fd_sc_hd__o21ai_2)
                                                         u_gpio.led2_cnt_d[10] (net)
                      0.024180    0.000001    0.582899 v _1119_/D (sky130_fd_sc_hd__dfrtp_2)
                                              0.582899   data arrival time

                                  0.000000    0.000000   clock clk (rise edge)
                                  0.000000    0.000000   clock source latency
   196    0.487655    0.000000    0.000000    0.000000 ^ clk (in)
                                                         clk (net)
                      0.003668    0.001834    0.001834 ^ _1119_/CLK (sky130_fd_sc_hd__dfrtp_2)
                                  0.250000    0.251834   clock uncertainty
                                  0.000000    0.251834   clock reconvergence pessimism
                                 -0.043061    0.208773   library hold time
                                              0.208773   data required time
---------------------------------------------------------------------------------------------
                                              0.208773   data required time
                                             -0.582899   data arrival time
---------------------------------------------------------------------------------------------
                                              0.374126   slack (MET)


Startpoint: _1110_ (rising edge-triggered flip-flop clocked by clk)
Endpoint: _1110_ (rising edge-triggered flip-flop clocked by clk)
Path Group: clk
Path Type: min

Fanout         Cap        Slew       Delay        Time   Description
---------------------------------------------------------------------------------------------
                                  0.000000    0.000000   clock clk (rise edge)
                                  0.000000    0.000000   clock source latency
   196    0.487655    0.000000    0.000000    0.000000 ^ clk (in)
                                                         clk (net)
                      0.004539    0.002269    0.002269 ^ _1110_/CLK (sky130_fd_sc_hd__dfrtp_2)
     4    0.013823    0.084287    0.364715    0.366984 ^ _1110_/Q (sky130_fd_sc_hd__dfrtp_2)
                                                         u_gpio.led2_cnt_q[1] (net)
                      0.084287    0.000049    0.367034 ^ _0600_/B (sky130_fd_sc_hd__nor2_2)
     2    0.012710    0.042181    0.059560    0.426593 v _0600_/Y (sky130_fd_sc_hd__nor2_2)
                                                         _0200_ (net)
                      0.042181    0.000007    0.426601 v _0811_/A (sky130_fd_sc_hd__nor2_2)
     1    0.005045    0.084666    0.107657    0.534257 ^ _0811_/Y (sky130_fd_sc_hd__nor2_2)
                                                         _0337_ (net)
                      0.084666    0.000009    0.534266 ^ _0812_/A2 (sky130_fd_sc_hd__o21ai_2)
     1    0.002101    0.024281    0.049402    0.583668 v _0812_/Y (sky130_fd_sc_hd__o21ai_2)
                                                         u_gpio.led2_cnt_d[1] (net)
                      0.024281    0.000001    0.583669 v _1110_/D (sky130_fd_sc_hd__dfrtp_2)
                                              0.583669   data arrival time

                                  0.000000    0.000000   clock clk (rise edge)
                                  0.000000    0.000000   clock source latency
   196    0.487655    0.000000    0.000000    0.000000 ^ clk (in)
                                                         clk (net)
                      0.004539    0.002269    0.002269 ^ _1110_/CLK (sky130_fd_sc_hd__dfrtp_2)
                                  0.250000    0.252269   clock uncertainty
                                  0.000000    0.252269   clock reconvergence pessimism
                                 -0.042904    0.209366   library hold time
                                              0.209366   data required time
---------------------------------------------------------------------------------------------
                                              0.209366   data required time
                                             -0.583669   data arrival time
---------------------------------------------------------------------------------------------
                                              0.374303   slack (MET)


Startpoint: _1113_ (rising edge-triggered flip-flop clocked by clk)
Endpoint: _1113_ (rising edge-triggered flip-flop clocked by clk)
Path Group: clk
Path Type: min

Fanout         Cap        Slew       Delay        Time   Description
---------------------------------------------------------------------------------------------
                                  0.000000    0.000000   clock clk (rise edge)
                                  0.000000    0.000000   clock source latency
   196    0.487655    0.000000    0.000000    0.000000 ^ clk (in)
                                                         clk (net)
                      0.002919    0.001459    0.001459 ^ _1113_/CLK (sky130_fd_sc_hd__dfrtp_2)
     4    0.012764    0.082704    0.360558    0.362017 ^ _1113_/Q (sky130_fd_sc_hd__dfrtp_2)
                                                         u_gpio.led2_cnt_q[4] (net)
                      0.082704    0.000020    0.362037 ^ _0602_/A (sky130_fd_sc_hd__nor2_2)
     2    0.012488    0.042234    0.063849    0.425886 v _0602_/Y (sky130_fd_sc_hd__nor2_2)
                                                         _0202_ (net)
                      0.042234    0.000010    0.425896 v _0819_/A (sky130_fd_sc_hd__nor2_2)
     1    0.004988    0.084081    0.107248    0.533144 ^ _0819_/Y (sky130_fd_sc_hd__nor2_2)
                                                         _0342_ (net)
                      0.084081    0.000006    0.533150 ^ _0820_/A2 (sky130_fd_sc_hd__o21ai_2)
     1    0.002129    0.024308    0.049403    0.582552 v _0820_/Y (sky130_fd_sc_hd__o21ai_2)
                                                         u_gpio.led2_cnt_d[4] (net)
                      0.024308    0.000002    0.582554 v _1113_/D (sky130_fd_sc_hd__dfrtp_2)
                                              0.582554   data arrival time

                                  0.000000    0.000000   clock clk (rise edge)
                                  0.000000    0.000000   clock source latency
   196    0.487655    0.000000    0.000000    0.000000 ^ clk (in)
                                                         clk (net)
                      0.002919    0.001459    0.001459 ^ _1113_/CLK (sky130_fd_sc_hd__dfrtp_2)
                                  0.250000    0.251459   clock uncertainty
                                  0.000000    0.251459   clock reconvergence pessimism
                                 -0.043284    0.208175   library hold time
                                              0.208175   data required time
---------------------------------------------------------------------------------------------
                                              0.208175   data required time
                                             -0.582554   data arrival time
---------------------------------------------------------------------------------------------
                                              0.374379   slack (MET)


Startpoint: _1138_ (rising edge-triggered flip-flop clocked by clk)
Endpoint: _1138_ (rising edge-triggered flip-flop clocked by clk)
Path Group: clk
Path Type: min

Fanout         Cap        Slew       Delay        Time   Description
---------------------------------------------------------------------------------------------
                                  0.000000    0.000000   clock clk (rise edge)
                                  0.000000    0.000000   clock source latency
   196    0.487655    0.000000    0.000000    0.000000 ^ clk (in)
                                                         clk (net)
                      0.005167    0.002583    0.002583 ^ _1138_/CLK (sky130_fd_sc_hd__dfrtp_2)
     4    0.013069    0.081083    0.362350    0.364933 ^ _1138_/Q (sky130_fd_sc_hd__dfrtp_2)
                                                         u_gpio.led1_cnt_q[7] (net)
                      0.081083    0.000044    0.364977 ^ _0619_/A (sky130_fd_sc_hd__nor2_2)
     2    0.012518    0.042109    0.063382    0.428359 v _0619_/Y (sky130_fd_sc_hd__nor2_2)
                                                         _0218_ (net)
                      0.042109    0.000007    0.428366 v _0771_/A (sky130_fd_sc_hd__nor2_2)
     1    0.004905    0.083228    0.106565    0.534931 ^ _0771_/Y (sky130_fd_sc_hd__nor2_2)
                                                         _0313_ (net)
                      0.083228    0.000004    0.534936 ^ _0772_/A2 (sky130_fd_sc_hd__o21ai_2)
     1    0.002197    0.024443    0.049505    0.584441 v _0772_/Y (sky130_fd_sc_hd__o21ai_2)
                                                         u_gpio.led1_cnt_d[7] (net)
                      0.024443    0.000002    0.584443 v _1138_/D (sky130_fd_sc_hd__dfrtp_2)
                                              0.584443   data arrival time

                                  0.000000    0.000000   clock clk (rise edge)
                                  0.000000    0.000000   clock source latency
   196    0.487655    0.000000    0.000000    0.000000 ^ clk (in)
                                                         clk (net)
                      0.005167    0.002583    0.002583 ^ _1138_/CLK (sky130_fd_sc_hd__dfrtp_2)
                                  0.250000    0.252583   clock uncertainty
                                  0.000000    0.252583   clock reconvergence pessimism
                                 -0.042826    0.209757   library hold time
                                              0.209757   data required time
---------------------------------------------------------------------------------------------
                                              0.209757   data required time
                                             -0.584443   data arrival time
---------------------------------------------------------------------------------------------
                                              0.374686   slack (MET)


Startpoint: _1122_ (rising edge-triggered flip-flop clocked by clk)
Endpoint: _1122_ (rising edge-triggered flip-flop clocked by clk)
Path Group: clk
Path Type: min

Fanout         Cap        Slew       Delay        Time   Description
---------------------------------------------------------------------------------------------
                                  0.000000    0.000000   clock clk (rise edge)
                                  0.000000    0.000000   clock source latency
   196    0.487655    0.000000    0.000000    0.000000 ^ clk (in)
                                                         clk (net)
                      0.007763    0.003881    0.003881 ^ _1122_/CLK (sky130_fd_sc_hd__dfrtp_2)
     4    0.012810    0.082842    0.362366    0.366248 ^ _1122_/Q (sky130_fd_sc_hd__dfrtp_2)
                                                         u_gpio.led2_cnt_q[13] (net)
                      0.082842    0.000027    0.366275 ^ _0608_/A (sky130_fd_sc_hd__nor2_2)
     2    0.012575    0.042195    0.064043    0.430318 v _0608_/Y (sky130_fd_sc_hd__nor2_2)
                                                         _0208_ (net)
                      0.042195    0.000011    0.430329 v _0843_/A (sky130_fd_sc_hd__nor2_2)
     1    0.004958    0.083769    0.107002    0.537331 ^ _0843_/Y (sky130_fd_sc_hd__nor2_2)
                                                         _0357_ (net)
                      0.083769    0.000005    0.537336 ^ _0844_/A2 (sky130_fd_sc_hd__o21ai_2)
     1    0.002113    0.024219    0.049290    0.586626 v _0844_/Y (sky130_fd_sc_hd__o21ai_2)
                                                         u_gpio.led2_cnt_d[13] (net)
                      0.024219    0.000001    0.586628 v _1122_/D (sky130_fd_sc_hd__dfrtp_2)
                                              0.586628   data arrival time

                                  0.000000    0.000000   clock clk (rise edge)
                                  0.000000    0.000000   clock source latency
   196    0.487655    0.000000    0.000000    0.000000 ^ clk (in)
                                                         clk (net)
                      0.007763    0.003881    0.003881 ^ _1122_/CLK (sky130_fd_sc_hd__dfrtp_2)
                                  0.250000    0.253881   clock uncertainty
                                  0.000000    0.253881   clock reconvergence pessimism
                                 -0.042143    0.211738   library hold time
                                              0.211738   data required time
---------------------------------------------------------------------------------------------
                                              0.211738   data required time
                                             -0.586628   data arrival time
---------------------------------------------------------------------------------------------
                                              0.374890   slack (MET)


Startpoint: _1166_ (rising edge-triggered flip-flop clocked by clk)
Endpoint: _1166_ (rising edge-triggered flip-flop clocked by clk)
Path Group: clk
Path Type: min

Fanout         Cap        Slew       Delay        Time   Description
---------------------------------------------------------------------------------------------
                                  0.000000    0.000000   clock clk (rise edge)
                                  0.000000    0.000000   clock source latency
   196    0.487655    0.000000    0.000000    0.000000 ^ clk (in)
                                                         clk (net)
                      0.011078    0.005539    0.005539 ^ _1166_/CLK (sky130_fd_sc_hd__dfrtp_2)
     4    0.012785    0.082698    0.363415    0.368954 ^ _1166_/Q (sky130_fd_sc_hd__dfrtp_2)
                                                         u_gpio.led0_cnt_q[13] (net)
                      0.082698    0.000025    0.368979 ^ _0639_/A (sky130_fd_sc_hd__nor2_2)
     2    0.012860    0.041847    0.064511    0.433491 v _0639_/Y (sky130_fd_sc_hd__nor2_2)
                                                         _0237_ (net)
                      0.041847    0.000014    0.433505 v _0730_/A (sky130_fd_sc_hd__nor2_2)
     1    0.004944    0.083627    0.106754    0.540258 ^ _0730_/Y (sky130_fd_sc_hd__nor2_2)
                                                         _0288_ (net)
                      0.083627    0.000005    0.540263 ^ _0731_/A2 (sky130_fd_sc_hd__o21ai_2)
     1    0.002139    0.024291    0.049360    0.589623 v _0731_/Y (sky130_fd_sc_hd__o21ai_2)
                                                         u_gpio.led0_cnt_d[13] (net)
                      0.024291    0.000002    0.589625 v _1166_/D (sky130_fd_sc_hd__dfrtp_2)
                                              0.589625   data arrival time

                                  0.000000    0.000000   clock clk (rise edge)
                                  0.000000    0.000000   clock source latency
   196    0.487655    0.000000    0.000000    0.000000 ^ clk (in)
                                                         clk (net)
                      0.011078    0.005539    0.005539 ^ _1166_/CLK (sky130_fd_sc_hd__dfrtp_2)
                                  0.250000    0.255539   clock uncertainty
                                  0.000000    0.255539   clock reconvergence pessimism
                                 -0.041417    0.214123   library hold time
                                              0.214123   data required time
---------------------------------------------------------------------------------------------
                                              0.214123   data required time
                                             -0.589625   data arrival time
---------------------------------------------------------------------------------------------
                                              0.375502   slack (MET)


Startpoint: _1135_ (rising edge-triggered flip-flop clocked by clk)
Endpoint: _1135_ (rising edge-triggered flip-flop clocked by clk)
Path Group: clk
Path Type: min

Fanout         Cap        Slew       Delay        Time   Description
---------------------------------------------------------------------------------------------
                                  0.000000    0.000000   clock clk (rise edge)
                                  0.000000    0.000000   clock source latency
   196    0.487655    0.000000    0.000000    0.000000 ^ clk (in)
                                                         clk (net)
                      0.005026    0.002513    0.002513 ^ _1135_/CLK (sky130_fd_sc_hd__dfrtp_2)
     4    0.013265    0.081915    0.362976    0.365489 ^ _1135_/Q (sky130_fd_sc_hd__dfrtp_2)
                                                         u_gpio.led1_cnt_q[4] (net)
                      0.081915    0.000034    0.365523 ^ _0617_/A (sky130_fd_sc_hd__nor2_2)
     2    0.012490    0.042188    0.063599    0.429122 v _0617_/Y (sky130_fd_sc_hd__nor2_2)
                                                         _0216_ (net)
                      0.042188    0.000014    0.429136 v _0763_/A (sky130_fd_sc_hd__nor2_2)
     1    0.004948    0.083671    0.106927    0.536063 ^ _0763_/Y (sky130_fd_sc_hd__nor2_2)
                                                         _0308_ (net)
                      0.083671    0.000006    0.536068 ^ _0764_/A2 (sky130_fd_sc_hd__o21ai_2)
     1    0.002177    0.024425    0.049509    0.585577 v _0764_/Y (sky130_fd_sc_hd__o21ai_2)
                                                         u_gpio.led1_cnt_d[4] (net)
                      0.024425    0.000002    0.585579 v _1135_/D (sky130_fd_sc_hd__dfrtp_2)
                                              0.585579   data arrival time

                                  0.000000    0.000000   clock clk (rise edge)
                                  0.000000    0.000000   clock source latency
   196    0.487655    0.000000    0.000000    0.000000 ^ clk (in)
                                                         clk (net)
                      0.005026    0.002513    0.002513 ^ _1135_/CLK (sky130_fd_sc_hd__dfrtp_2)
                                  0.250000    0.252513   clock uncertainty
                                  0.000000    0.252513   clock reconvergence pessimism
                                 -0.042851    0.209662   library hold time
                                              0.209662   data required time
---------------------------------------------------------------------------------------------
                                              0.209662   data required time
                                             -0.585579   data arrival time
---------------------------------------------------------------------------------------------
                                              0.375917   slack (MET)


Startpoint: _1163_ (rising edge-triggered flip-flop clocked by clk)
Endpoint: _1163_ (rising edge-triggered flip-flop clocked by clk)
Path Group: clk
Path Type: min

Fanout         Cap        Slew       Delay        Time   Description
---------------------------------------------------------------------------------------------
                                  0.000000    0.000000   clock clk (rise edge)
                                  0.000000    0.000000   clock source latency
   196    0.487655    0.000000    0.000000    0.000000 ^ clk (in)
                                                         clk (net)
                      0.011116    0.005558    0.005558 ^ _1163_/CLK (sky130_fd_sc_hd__dfrtp_2)
     4    0.012880    0.083108    0.363754    0.369312 ^ _1163_/Q (sky130_fd_sc_hd__dfrtp_2)
                                                         u_gpio.led0_cnt_q[10] (net)
                      0.083108    0.000007    0.369318 ^ _0637_/A (sky130_fd_sc_hd__nor2_2)
     2    0.012567    0.042373    0.064122    0.433441 v _0637_/Y (sky130_fd_sc_hd__nor2_2)
                                                         _0235_ (net)
                      0.042373    0.000011    0.433452 v _0722_/A (sky130_fd_sc_hd__nor2_2)
     1    0.005023    0.084435    0.107568    0.541020 ^ _0722_/Y (sky130_fd_sc_hd__nor2_2)
                                                         _0283_ (net)
                      0.084435    0.000006    0.541026 ^ _0723_/A2 (sky130_fd_sc_hd__o21ai_2)
     1    0.002100    0.024251    0.049358    0.590384 v _0723_/Y (sky130_fd_sc_hd__o21ai_2)
                                                         u_gpio.led0_cnt_d[10] (net)
                      0.024251    0.000001    0.590385 v _1163_/D (sky130_fd_sc_hd__dfrtp_2)
                                              0.590385   data arrival time

                                  0.000000    0.000000   clock clk (rise edge)
                                  0.000000    0.000000   clock source latency
   196    0.487655    0.000000    0.000000    0.000000 ^ clk (in)
                                                         clk (net)
                      0.011116    0.005558    0.005558 ^ _1163_/CLK (sky130_fd_sc_hd__dfrtp_2)
                                  0.250000    0.255558   clock uncertainty
                                  0.000000    0.255558   clock reconvergence pessimism
                                 -0.041392    0.214166   library hold time
                                              0.214166   data required time
---------------------------------------------------------------------------------------------
                                              0.214166   data required time
                                             -0.590385   data arrival time
---------------------------------------------------------------------------------------------
                                              0.376219   slack (MET)


Startpoint: _1132_ (rising edge-triggered flip-flop clocked by clk)
Endpoint: _1132_ (rising edge-triggered flip-flop clocked by clk)
Path Group: clk
Path Type: min

Fanout         Cap        Slew       Delay        Time   Description
---------------------------------------------------------------------------------------------
                                  0.000000    0.000000   clock clk (rise edge)
                                  0.000000    0.000000   clock source latency
   196    0.487655    0.000000    0.000000    0.000000 ^ clk (in)
                                                         clk (net)
                      0.010220    0.005110    0.005110 ^ _1132_/CLK (sky130_fd_sc_hd__dfrtp_2)
     4    0.014096    0.085388    0.367583    0.372693 ^ _1132_/Q (sky130_fd_sc_hd__dfrtp_2)
                                                         u_gpio.led1_cnt_q[1] (net)
                      0.085388    0.000063    0.372756 ^ _0615_/B (sky130_fd_sc_hd__nor2_2)
     2    0.013013    0.041723    0.060453    0.433209 v _0615_/Y (sky130_fd_sc_hd__nor2_2)
                                                         _0214_ (net)
                      0.041723    0.000013    0.433223 v _0755_/A (sky130_fd_sc_hd__nor2_2)
     1    0.005066    0.084876    0.107622    0.540844 ^ _0755_/Y (sky130_fd_sc_hd__nor2_2)
                                                         _0303_ (net)
                      0.084876    0.000009    0.540854 ^ _0756_/A2 (sky130_fd_sc_hd__o21ai_2)
     1    0.002152    0.024480    0.049631    0.590484 v _0756_/Y (sky130_fd_sc_hd__o21ai_2)
                                                         u_gpio.led1_cnt_d[1] (net)
                      0.024480    0.000002    0.590486 v _1132_/D (sky130_fd_sc_hd__dfrtp_2)
                                              0.590486   data arrival time

                                  0.000000    0.000000   clock clk (rise edge)
                                  0.000000    0.000000   clock source latency
   196    0.487655    0.000000    0.000000    0.000000 ^ clk (in)
                                                         clk (net)
                      0.010220    0.005110    0.005110 ^ _1132_/CLK (sky130_fd_sc_hd__dfrtp_2)
                                  0.250000    0.255110   clock uncertainty
                                  0.000000    0.255110   clock reconvergence pessimism
                                 -0.041689    0.213421   library hold time
                                              0.213421   data required time
---------------------------------------------------------------------------------------------
                                              0.213421   data required time
                                             -0.590486   data arrival time
---------------------------------------------------------------------------------------------
                                              0.377066   slack (MET)


Startpoint: _1160_ (rising edge-triggered flip-flop clocked by clk)
Endpoint: _1160_ (rising edge-triggered flip-flop clocked by clk)
Path Group: clk
Path Type: min

Fanout         Cap        Slew       Delay        Time   Description
---------------------------------------------------------------------------------------------
                                  0.000000    0.000000   clock clk (rise edge)
                                  0.000000    0.000000   clock source latency
   196    0.487655    0.000000    0.000000    0.000000 ^ clk (in)
                                                         clk (net)
                      0.011197    0.005598    0.005598 ^ _1160_/CLK (sky130_fd_sc_hd__dfrtp_2)
     4    0.013109    0.084092    0.364565    0.370164 ^ _1160_/Q (sky130_fd_sc_hd__dfrtp_2)
                                                         u_gpio.led0_cnt_q[7] (net)
                      0.084092    0.000012    0.370176 ^ _0635_/A (sky130_fd_sc_hd__nor2_2)
     2    0.012619    0.042242    0.064535    0.434711 v _0635_/Y (sky130_fd_sc_hd__nor2_2)
                                                         _0233_ (net)
                      0.042242    0.000010    0.434721 v _0714_/A (sky130_fd_sc_hd__nor2_2)
     1    0.005067    0.084888    0.107847    0.542568 ^ _0714_/Y (sky130_fd_sc_hd__nor2_2)
                                                         _0278_ (net)
                      0.084888    0.000008    0.542575 ^ _0715_/A2 (sky130_fd_sc_hd__o21ai_2)
     1    0.002102    0.024311    0.049446    0.592022 v _0715_/Y (sky130_fd_sc_hd__o21ai_2)
                                                         u_gpio.led0_cnt_d[7] (net)
                      0.024311    0.000001    0.592023 v _1160_/D (sky130_fd_sc_hd__dfrtp_2)
                                              0.592023   data arrival time

                                  0.000000    0.000000   clock clk (rise edge)
                                  0.000000    0.000000   clock source latency
   196    0.487655    0.000000    0.000000    0.000000 ^ clk (in)
                                                         clk (net)
                      0.011197    0.005598    0.005598 ^ _1160_/CLK (sky130_fd_sc_hd__dfrtp_2)
                                  0.250000    0.255598   clock uncertainty
                                  0.000000    0.255598   clock reconvergence pessimism
                                 -0.041398    0.214201   library hold time
                                              0.214201   data required time
---------------------------------------------------------------------------------------------
                                              0.214201   data required time
                                             -0.592023   data arrival time
---------------------------------------------------------------------------------------------
                                              0.377823   slack (MET)


Startpoint: _1157_ (rising edge-triggered flip-flop clocked by clk)
Endpoint: _1157_ (rising edge-triggered flip-flop clocked by clk)
Path Group: clk
Path Type: min

Fanout         Cap        Slew       Delay        Time   Description
---------------------------------------------------------------------------------------------
                                  0.000000    0.000000   clock clk (rise edge)
                                  0.000000    0.000000   clock source latency
   196    0.487655    0.000000    0.000000    0.000000 ^ clk (in)
                                                         clk (net)
                      0.006252    0.003126    0.003126 ^ _1157_/CLK (sky130_fd_sc_hd__dfrtp_2)
     4    0.013365    0.085254    0.363756    0.366882 ^ _1157_/Q (sky130_fd_sc_hd__dfrtp_2)
                                                         u_gpio.led0_cnt_q[4] (net)
                      0.085254    0.000029    0.366911 ^ _0633_/A (sky130_fd_sc_hd__nor2_2)
     2    0.012651    0.042548    0.064967    0.431878 v _0633_/Y (sky130_fd_sc_hd__nor2_2)
                                                         _0231_ (net)
                      0.042548    0.000007    0.431886 v _0706_/A (sky130_fd_sc_hd__nor2_2)
     1    0.005031    0.084522    0.107703    0.539588 ^ _0706_/Y (sky130_fd_sc_hd__nor2_2)
                                                         _0273_ (net)
                      0.084522    0.000007    0.539596 ^ _0707_/A2 (sky130_fd_sc_hd__o21ai_2)
     1    0.002170    0.024499    0.049633    0.589229 v _0707_/Y (sky130_fd_sc_hd__o21ai_2)
                                                         u_gpio.led0_cnt_d[4] (net)
                      0.024499    0.000002    0.589231 v _1157_/D (sky130_fd_sc_hd__dfrtp_2)
                                              0.589231   data arrival time

                                  0.000000    0.000000   clock clk (rise edge)
                                  0.000000    0.000000   clock source latency
   196    0.487655    0.000000    0.000000    0.000000 ^ clk (in)
                                                         clk (net)
                      0.006252    0.003126    0.003126 ^ _1157_/CLK (sky130_fd_sc_hd__dfrtp_2)
                                  0.250000    0.253126   clock uncertainty
                                  0.000000    0.253126   clock reconvergence pessimism
                                 -0.042602    0.210525   library hold time
                                              0.210525   data required time
---------------------------------------------------------------------------------------------
                                              0.210525   data required time
                                             -0.589231   data arrival time
---------------------------------------------------------------------------------------------
                                              0.378707   slack (MET)


Startpoint: _1116_ (rising edge-triggered flip-flop clocked by clk)
Endpoint: _1116_ (rising edge-triggered flip-flop clocked by clk)
Path Group: clk
Path Type: min

Fanout         Cap        Slew       Delay        Time   Description
---------------------------------------------------------------------------------------------
                                  0.000000    0.000000   clock clk (rise edge)
                                  0.000000    0.000000   clock source latency
   196    0.487655    0.000000    0.000000    0.000000 ^ clk (in)
                                                         clk (net)
                      0.002847    0.001424    0.001424 ^ _1116_/CLK (sky130_fd_sc_hd__dfrtp_2)
     4    0.013717    0.083856    0.363771    0.365194 ^ _1116_/Q (sky130_fd_sc_hd__dfrtp_2)
                                                         u_gpio.led2_cnt_q[7] (net)
                      0.083856    0.000054    0.365248 ^ _0604_/A (sky130_fd_sc_hd__nor2_2)
     2    0.013007    0.042657    0.065155    0.430403 v _0604_/Y (sky130_fd_sc_hd__nor2_2)
                                                         _0204_ (net)
                      0.042657    0.000013    0.430416 v _0827_/A (sky130_fd_sc_hd__nor2_2)
     1    0.004975    0.083949    0.107325    0.537741 ^ _0827_/Y (sky130_fd_sc_hd__nor2_2)
                                                         _0347_ (net)
                      0.083949    0.000007    0.537748 ^ _0828_/A2 (sky130_fd_sc_hd__o21ai_2)
     1    0.002254    0.024719    0.049844    0.587592 v _0828_/Y (sky130_fd_sc_hd__o21ai_2)
                                                         u_gpio.led2_cnt_d[7] (net)
                      0.024719    0.000003    0.587595 v _1116_/D (sky130_fd_sc_hd__dfrtp_2)
                                              0.587595   data arrival time

                                  0.000000    0.000000   clock clk (rise edge)
                                  0.000000    0.000000   clock source latency
   196    0.487655    0.000000    0.000000    0.000000 ^ clk (in)
                                                         clk (net)
                      0.002847    0.001424    0.001424 ^ _1116_/CLK (sky130_fd_sc_hd__dfrtp_2)
                                  0.250000    0.251424   clock uncertainty
                                  0.000000    0.251424   clock reconvergence pessimism
                                 -0.043468    0.207956   library hold time
                                              0.207956   data required time
---------------------------------------------------------------------------------------------
                                              0.207956   data required time
                                             -0.587595   data arrival time
---------------------------------------------------------------------------------------------
                                              0.379639   slack (MET)


Startpoint: _1179_ (rising edge-triggered flip-flop clocked by clk)
Endpoint: _1179_ (rising edge-triggered flip-flop clocked by clk)
Path Group: clk
Path Type: min

Fanout         Cap        Slew       Delay        Time   Description
---------------------------------------------------------------------------------------------
                                  0.000000    0.000000   clock clk (rise edge)
                                  0.000000    0.000000   clock source latency
   196    0.487655    0.000000    0.000000    0.000000 ^ clk (in)
                                                         clk (net)
                      0.018778    0.009389    0.009389 ^ _1179_/CLK (sky130_fd_sc_hd__dfrtp_2)
     4    0.013325    0.082012    0.367870    0.377259 ^ _1179_/Q (sky130_fd_sc_hd__dfrtp_2)
                                                         u_gpio.led4_cnt_q[4] (net)
                      0.082012    0.000034    0.377293 ^ _0915_/A (sky130_fd_sc_hd__and2_2)
     1    0.002664    0.037026    0.135525    0.512818 ^ _0915_/X (sky130_fd_sc_hd__and2_2)
                                                         _0394_ (net)
                      0.037026    0.000001    0.512820 ^ _0916_/A2 (sky130_fd_sc_hd__o21a_2)
     1    0.002200    0.027509    0.097880    0.610700 ^ _0916_/X (sky130_fd_sc_hd__o21a_2)
                                                         u_gpio.led4_cnt_d[4] (net)
                      0.027509    0.000002    0.610702 ^ _1179_/D (sky130_fd_sc_hd__dfrtp_2)
                                              0.610702   data arrival time

                                  0.000000    0.000000   clock clk (rise edge)
                                  0.000000    0.000000   clock source latency
   196    0.487655    0.000000    0.000000    0.000000 ^ clk (in)
                                                         clk (net)
                      0.018778    0.009389    0.009389 ^ _1179_/CLK (sky130_fd_sc_hd__dfrtp_2)
                                  0.250000    0.259389   clock uncertainty
                                  0.000000    0.259389   clock reconvergence pessimism
                                 -0.034626    0.224763   library hold time
                                              0.224763   data required time
---------------------------------------------------------------------------------------------
                                              0.224763   data required time
                                             -0.610702   data arrival time
---------------------------------------------------------------------------------------------
                                              0.385939   slack (MET)


Startpoint: _1144_ (rising edge-triggered flip-flop clocked by clk)
Endpoint: _1144_ (rising edge-triggered flip-flop clocked by clk)
Path Group: clk
Path Type: min

Fanout         Cap        Slew       Delay        Time   Description
---------------------------------------------------------------------------------------------
                                  0.000000    0.000000   clock clk (rise edge)
                                  0.000000    0.000000   clock source latency
   196    0.487655    0.000000    0.000000    0.000000 ^ clk (in)
                                                         clk (net)
                      0.006069    0.003035    0.003035 ^ _1144_/CLK (sky130_fd_sc_hd__dfrtp_2)
     5    0.015516    0.091496    0.371044    0.374078 ^ _1144_/Q (sky130_fd_sc_hd__dfrtp_2)
                                                         u_gpio.led1_cnt_q[13] (net)
                      0.091496    0.000047    0.374125 ^ _0623_/A (sky130_fd_sc_hd__nor2_2)
     2    0.012460    0.044869    0.066621    0.440746 v _0623_/Y (sky130_fd_sc_hd__nor2_2)
                                                         _0222_ (net)
                      0.044869    0.000011    0.440757 v _0787_/A (sky130_fd_sc_hd__nor2_2)
     1    0.004928    0.083465    0.107887    0.548644 ^ _0787_/Y (sky130_fd_sc_hd__nor2_2)
                                                         _0323_ (net)
                      0.083465    0.000004    0.548648 ^ _0788_/A2 (sky130_fd_sc_hd__o21ai_2)
     1    0.002087    0.024096    0.049140    0.597789 v _0788_/Y (sky130_fd_sc_hd__o21ai_2)
                                                         u_gpio.led1_cnt_d[13] (net)
                      0.024096    0.000001    0.597790 v _1144_/D (sky130_fd_sc_hd__dfrtp_2)
                                              0.597790   data arrival time

                                  0.000000    0.000000   clock clk (rise edge)
                                  0.000000    0.000000   clock source latency
   196    0.487655    0.000000    0.000000    0.000000 ^ clk (in)
                                                         clk (net)
                      0.006069    0.003035    0.003035 ^ _1144_/CLK (sky130_fd_sc_hd__dfrtp_2)
                                  0.250000    0.253035   clock uncertainty
                                  0.000000    0.253035   clock reconvergence pessimism
                                 -0.042479    0.210555   library hold time
                                              0.210555   data required time
---------------------------------------------------------------------------------------------
                                              0.210555   data required time
                                             -0.597790   data arrival time
---------------------------------------------------------------------------------------------
                                              0.387234   slack (MET)


Startpoint: _1121_ (rising edge-triggered flip-flop clocked by clk)
Endpoint: _1121_ (rising edge-triggered flip-flop clocked by clk)
Path Group: clk
Path Type: min

Fanout         Cap        Slew       Delay        Time   Description
---------------------------------------------------------------------------------------------
                                  0.000000    0.000000   clock clk (rise edge)
                                  0.000000    0.000000   clock source latency
   196    0.487655    0.000000    0.000000    0.000000 ^ clk (in)
                                                         clk (net)
                      0.003802    0.001901    0.001901 ^ _1121_/CLK (sky130_fd_sc_hd__dfrtp_2)
     2    0.006187    0.049438    0.378230    0.380131 v _1121_/Q (sky130_fd_sc_hd__dfrtp_2)
                                                         u_gpio.led2_cnt_q[12] (net)
                      0.049438    0.000010    0.380141 v _0839_/B1 (sky130_fd_sc_hd__o31ai_2)
     1    0.001669    0.039816    0.049127    0.429268 ^ _0839_/Y (sky130_fd_sc_hd__o31ai_2)
                                                         _0354_ (net)
                      0.039816    0.000001    0.429270 ^ _0840_/B (sky130_fd_sc_hd__and2_2)
     1    0.004940    0.047742    0.136291    0.565560 ^ _0840_/X (sky130_fd_sc_hd__and2_2)
                                                         _0355_ (net)
                      0.047742    0.000005    0.565565 ^ _0841_/A2 (sky130_fd_sc_hd__o21ai_2)
     1    0.002144    0.020518    0.042503    0.608068 v _0841_/Y (sky130_fd_sc_hd__o21ai_2)
                                                         u_gpio.led2_cnt_d[12] (net)
                      0.020518    0.000002    0.608070 v _1121_/D (sky130_fd_sc_hd__dfrtp_2)
                                              0.608070   data arrival time

                                  0.000000    0.000000   clock clk (rise edge)
                                  0.000000    0.000000   clock source latency
   196    0.487655    0.000000    0.000000    0.000000 ^ clk (in)
                                                         clk (net)
                      0.003802    0.001901    0.001901 ^ _1121_/CLK (sky130_fd_sc_hd__dfrtp_2)
                                  0.250000    0.251901   clock uncertainty
                                  0.000000    0.251901   clock reconvergence pessimism
                                 -0.041539    0.210362   library hold time
                                              0.210362   data required time
---------------------------------------------------------------------------------------------
                                              0.210362   data required time
                                             -0.608070   data arrival time
---------------------------------------------------------------------------------------------
                                              0.397708   slack (MET)


Startpoint: _1115_ (rising edge-triggered flip-flop clocked by clk)
Endpoint: _1115_ (rising edge-triggered flip-flop clocked by clk)
Path Group: clk
Path Type: min

Fanout         Cap        Slew       Delay        Time   Description
---------------------------------------------------------------------------------------------
                                  0.000000    0.000000   clock clk (rise edge)
                                  0.000000    0.000000   clock source latency
   196    0.487655    0.000000    0.000000    0.000000 ^ clk (in)
                                                         clk (net)
                      0.002920    0.001460    0.001460 ^ _1115_/CLK (sky130_fd_sc_hd__dfrtp_2)
     2    0.006037    0.049028    0.377347    0.378807 v _1115_/Q (sky130_fd_sc_hd__dfrtp_2)
                                                         u_gpio.led2_cnt_q[6] (net)
                      0.049028    0.000004    0.378811 v _0823_/B1 (sky130_fd_sc_hd__o31ai_2)
     1    0.001801    0.040490    0.049490    0.428301 ^ _0823_/Y (sky130_fd_sc_hd__o31ai_2)
                                                         _0344_ (net)
                      0.040490    0.000002    0.428303 ^ _0824_/B (sky130_fd_sc_hd__and2_2)
     1    0.004989    0.047954    0.136694    0.564997 ^ _0824_/X (sky130_fd_sc_hd__and2_2)
                                                         _0345_ (net)
                      0.047954    0.000006    0.565003 ^ _0825_/A2 (sky130_fd_sc_hd__o21ai_2)
     1    0.002146    0.020539    0.042571    0.607574 v _0825_/Y (sky130_fd_sc_hd__o21ai_2)
                                                         u_gpio.led2_cnt_d[6] (net)
                      0.020539    0.000002    0.607576 v _1115_/D (sky130_fd_sc_hd__dfrtp_2)
                                              0.607576   data arrival time

                                  0.000000    0.000000   clock clk (rise edge)
                                  0.000000    0.000000   clock source latency
   196    0.487655    0.000000    0.000000    0.000000 ^ clk (in)
                                                         clk (net)
                      0.002920    0.001460    0.001460 ^ _1115_/CLK (sky130_fd_sc_hd__dfrtp_2)
                                  0.250000    0.251460   clock uncertainty
                                  0.000000    0.251460   clock reconvergence pessimism
                                 -0.041748    0.209712   library hold time
                                              0.209712   data required time
---------------------------------------------------------------------------------------------
                                              0.209712   data required time
                                             -0.607576   data arrival time
---------------------------------------------------------------------------------------------
                                              0.397864   slack (MET)


Startpoint: _1124_ (rising edge-triggered flip-flop clocked by clk)
Endpoint: _1124_ (rising edge-triggered flip-flop clocked by clk)
Path Group: clk
Path Type: min

Fanout         Cap        Slew       Delay        Time   Description
---------------------------------------------------------------------------------------------
                                  0.000000    0.000000   clock clk (rise edge)
                                  0.000000    0.000000   clock source latency
   196    0.487655    0.000000    0.000000    0.000000 ^ clk (in)
                                                         clk (net)
                      0.007764    0.003882    0.003882 ^ _1124_/CLK (sky130_fd_sc_hd__dfrtp_2)
     2    0.006056    0.049111    0.379215    0.383097 v _1124_/Q (sky130_fd_sc_hd__dfrtp_2)
                                                         u_gpio.led2_cnt_q[15] (net)
                      0.049111    0.000007    0.383105 v _0847_/B1 (sky130_fd_sc_hd__o31ai_2)
     1    0.001602    0.039441    0.048714    0.431818 ^ _0847_/Y (sky130_fd_sc_hd__o31ai_2)
                                                         _0359_ (net)
                      0.039441    0.000000    0.431819 ^ _0848_/B (sky130_fd_sc_hd__and2_2)
     1    0.005077    0.048434    0.136734    0.568552 ^ _0848_/X (sky130_fd_sc_hd__and2_2)
                                                         _0360_ (net)
                      0.048434    0.000008    0.568560 ^ _0849_/A2 (sky130_fd_sc_hd__o21ai_2)
     1    0.002182    0.020684    0.042815    0.611375 v _0849_/Y (sky130_fd_sc_hd__o21ai_2)
                                                         u_gpio.led2_cnt_d[15] (net)
                      0.020684    0.000002    0.611377 v _1124_/D (sky130_fd_sc_hd__dfrtp_2)
                                              0.611377   data arrival time

                                  0.000000    0.000000   clock clk (rise edge)
                                  0.000000    0.000000   clock source latency
   196    0.487655    0.000000    0.000000    0.000000 ^ clk (in)
                                                         clk (net)
                      0.007764    0.003882    0.003882 ^ _1124_/CLK (sky130_fd_sc_hd__dfrtp_2)
                                  0.250000    0.253882   clock uncertainty
                                  0.000000    0.253882   clock reconvergence pessimism
                                 -0.040703    0.213179   library hold time
                                              0.213179   data required time
---------------------------------------------------------------------------------------------
                                              0.213179   data required time
                                             -0.611377   data arrival time
---------------------------------------------------------------------------------------------
                                              0.398198   slack (MET)


Startpoint: _1159_ (rising edge-triggered flip-flop clocked by clk)
Endpoint: _1159_ (rising edge-triggered flip-flop clocked by clk)
Path Group: clk
Path Type: min

Fanout         Cap        Slew       Delay        Time   Description
---------------------------------------------------------------------------------------------
                                  0.000000    0.000000   clock clk (rise edge)
                                  0.000000    0.000000   clock source latency
   196    0.487655    0.000000    0.000000    0.000000 ^ clk (in)
                                                         clk (net)
                      0.006287    0.003144    0.003144 ^ _1159_/CLK (sky130_fd_sc_hd__dfrtp_2)
     2    0.006529    0.048574    0.380416    0.383559 v _1159_/Q (sky130_fd_sc_hd__dfrtp_2)
                                                         u_gpio.led0_cnt_q[6] (net)
                      0.048574    0.000020    0.383580 v _0710_/B1 (sky130_fd_sc_hd__o31ai_2)
     1    0.001682    0.039826    0.048804    0.432384 ^ _0710_/Y (sky130_fd_sc_hd__o31ai_2)
                                                         _0275_ (net)
                      0.039826    0.000002    0.432386 ^ _0711_/B (sky130_fd_sc_hd__and2_2)
     1    0.004913    0.047617    0.136181    0.568567 ^ _0711_/X (sky130_fd_sc_hd__and2_2)
                                                         _0276_ (net)
                      0.047617    0.000004    0.568571 ^ _0712_/A2 (sky130_fd_sc_hd__o21ai_2)
     1    0.002018    0.020079    0.042071    0.610642 v _0712_/Y (sky130_fd_sc_hd__o21ai_2)
                                                         u_gpio.led0_cnt_d[6] (net)
                      0.020079    0.000000    0.610642 v _1159_/D (sky130_fd_sc_hd__dfrtp_2)
                                              0.610642   data arrival time

                                  0.000000    0.000000   clock clk (rise edge)
                                  0.000000    0.000000   clock source latency
   196    0.487655    0.000000    0.000000    0.000000 ^ clk (in)
                                                         clk (net)
                      0.006287    0.003144    0.003144 ^ _1159_/CLK (sky130_fd_sc_hd__dfrtp_2)
                                  0.250000    0.253144   clock uncertainty
                                  0.000000    0.253144   clock reconvergence pessimism
                                 -0.040793    0.212350   library hold time
                                              0.212350   data required time
---------------------------------------------------------------------------------------------
                                              0.212350   data required time
                                             -0.610642   data arrival time
---------------------------------------------------------------------------------------------
                                              0.398292   slack (MET)


Startpoint: _1118_ (rising edge-triggered flip-flop clocked by clk)
Endpoint: _1118_ (rising edge-triggered flip-flop clocked by clk)
Path Group: clk
Path Type: min

Fanout         Cap        Slew       Delay        Time   Description
---------------------------------------------------------------------------------------------
                                  0.000000    0.000000   clock clk (rise edge)
                                  0.000000    0.000000   clock source latency
   196    0.487655    0.000000    0.000000    0.000000 ^ clk (in)
                                                         clk (net)
                      0.002816    0.001408    0.001408 ^ _1118_/CLK (sky130_fd_sc_hd__dfrtp_2)
     2    0.006119    0.049249    0.377612    0.379020 v _1118_/Q (sky130_fd_sc_hd__dfrtp_2)
                                                         u_gpio.led2_cnt_q[9] (net)
                      0.049249    0.000012    0.379032 v _0831_/B1 (sky130_fd_sc_hd__o31ai_2)
     1    0.001682    0.039872    0.049099    0.428131 ^ _0831_/Y (sky130_fd_sc_hd__o31ai_2)
                                                         _0349_ (net)
                      0.039872    0.000001    0.428132 ^ _0832_/B (sky130_fd_sc_hd__and2_2)
     1    0.004999    0.048008    0.136549    0.564681 ^ _0832_/X (sky130_fd_sc_hd__and2_2)
                                                         _0350_ (net)
                      0.048008    0.000006    0.564687 ^ _0833_/A2 (sky130_fd_sc_hd__o21ai_2)
     1    0.002296    0.021058    0.043061    0.607748 v _0833_/Y (sky130_fd_sc_hd__o21ai_2)
                                                         u_gpio.led2_cnt_d[9] (net)
                      0.021058    0.000003    0.607751 v _1118_/D (sky130_fd_sc_hd__dfrtp_2)
                                              0.607751   data arrival time

                                  0.000000    0.000000   clock clk (rise edge)
                                  0.000000    0.000000   clock source latency
   196    0.487655    0.000000    0.000000    0.000000 ^ clk (in)
                                                         clk (net)
                      0.002816    0.001408    0.001408 ^ _1118_/CLK (sky130_fd_sc_hd__dfrtp_2)
                                  0.250000    0.251408   clock uncertainty
                                  0.000000    0.251408   clock reconvergence pessimism
                                 -0.041983    0.209425   library hold time
                                              0.209425   data required time
---------------------------------------------------------------------------------------------
                                              0.209425   data required time
                                             -0.607751   data arrival time
---------------------------------------------------------------------------------------------
                                              0.398326   slack (MET)


Startpoint: _1146_ (rising edge-triggered flip-flop clocked by clk)
Endpoint: _1146_ (rising edge-triggered flip-flop clocked by clk)
Path Group: clk
Path Type: min

Fanout         Cap        Slew       Delay        Time   Description
---------------------------------------------------------------------------------------------
                                  0.000000    0.000000   clock clk (rise edge)
                                  0.000000    0.000000   clock source latency
   196    0.487655    0.000000    0.000000    0.000000 ^ clk (in)
                                                         clk (net)
                      0.005954    0.002977    0.002977 ^ _1146_/CLK (sky130_fd_sc_hd__dfrtp_2)
     2    0.006058    0.049104    0.378550    0.381527 v _1146_/Q (sky130_fd_sc_hd__dfrtp_2)
                                                         u_gpio.led1_cnt_q[15] (net)
                      0.049104    0.000009    0.381536 v _0791_/B1 (sky130_fd_sc_hd__o31ai_2)
     1    0.001780    0.040385    0.049439    0.430975 ^ _0791_/Y (sky130_fd_sc_hd__o31ai_2)
                                                         _0325_ (net)
                      0.040385    0.000002    0.430977 ^ _0792_/B (sky130_fd_sc_hd__and2_2)
     1    0.005021    0.048129    0.136795    0.567772 ^ _0792_/X (sky130_fd_sc_hd__and2_2)
                                                         _0326_ (net)
                      0.048129    0.000007    0.567779 ^ _0793_/A2 (sky130_fd_sc_hd__o21ai_2)
     1    0.002120    0.020458    0.042536    0.610314 v _0793_/Y (sky130_fd_sc_hd__o21ai_2)
                                                         u_gpio.led1_cnt_d[15] (net)
                      0.020458    0.000002    0.610316 v _1146_/D (sky130_fd_sc_hd__dfrtp_2)
                                              0.610316   data arrival time

                                  0.000000    0.000000   clock clk (rise edge)
                                  0.000000    0.000000   clock source latency
   196    0.487655    0.000000    0.000000    0.000000 ^ clk (in)
                                                         clk (net)
                      0.005954    0.002977    0.002977 ^ _1146_/CLK (sky130_fd_sc_hd__dfrtp_2)
                                  0.250000    0.252977   clock uncertainty
                                  0.000000    0.252977   clock reconvergence pessimism
                                 -0.041024    0.211953   library hold time
                                              0.211953   data required time
---------------------------------------------------------------------------------------------
                                              0.211953   data required time
                                             -0.610316   data arrival time
---------------------------------------------------------------------------------------------
                                              0.398363   slack (MET)


Startpoint: _1112_ (rising edge-triggered flip-flop clocked by clk)
Endpoint: _1112_ (rising edge-triggered flip-flop clocked by clk)
Path Group: clk
Path Type: min

Fanout         Cap        Slew       Delay        Time   Description
---------------------------------------------------------------------------------------------
                                  0.000000    0.000000   clock clk (rise edge)
                                  0.000000    0.000000   clock source latency
   196    0.487655    0.000000    0.000000    0.000000 ^ clk (in)
                                                         clk (net)
                      0.004570    0.002285    0.002285 ^ _1112_/CLK (sky130_fd_sc_hd__dfrtp_2)
     2    0.006050    0.049073    0.378006    0.380291 v _1112_/Q (sky130_fd_sc_hd__dfrtp_2)
                                                         u_gpio.led2_cnt_q[3] (net)
                      0.049073    0.000010    0.380301 v _0815_/B1 (sky130_fd_sc_hd__o31ai_2)
     1    0.001887    0.040950    0.049863    0.430164 ^ _0815_/Y (sky130_fd_sc_hd__o31ai_2)
                                                         _0339_ (net)
                      0.040950    0.000003    0.430167 ^ _0816_/B (sky130_fd_sc_hd__and2_2)
     1    0.004976    0.047902    0.136782    0.566950 ^ _0816_/X (sky130_fd_sc_hd__and2_2)
                                                         _0340_ (net)
                      0.047902    0.000006    0.566955 ^ _0817_/A2 (sky130_fd_sc_hd__o21ai_2)
     1    0.002154    0.020561    0.042580    0.609535 v _0817_/Y (sky130_fd_sc_hd__o21ai_2)
                                                         u_gpio.led2_cnt_d[3] (net)
                      0.020561    0.000002    0.609537 v _1112_/D (sky130_fd_sc_hd__dfrtp_2)
                                              0.609537   data arrival time

                                  0.000000    0.000000   clock clk (rise edge)
                                  0.000000    0.000000   clock source latency
   196    0.487655    0.000000    0.000000    0.000000 ^ clk (in)
                                                         clk (net)
                      0.004570    0.002285    0.002285 ^ _1112_/CLK (sky130_fd_sc_hd__dfrtp_2)
                                  0.250000    0.252285   clock uncertainty
                                  0.000000    0.252285   clock reconvergence pessimism
                                 -0.041381    0.210904   library hold time
                                              0.210904   data required time
---------------------------------------------------------------------------------------------
                                              0.210904   data required time
                                             -0.609537   data arrival time
---------------------------------------------------------------------------------------------
                                              0.398633   slack (MET)


Startpoint: _1140_ (rising edge-triggered flip-flop clocked by clk)
Endpoint: _1140_ (rising edge-triggered flip-flop clocked by clk)
Path Group: clk
Path Type: min

Fanout         Cap        Slew       Delay        Time   Description
---------------------------------------------------------------------------------------------
                                  0.000000    0.000000   clock clk (rise edge)
                                  0.000000    0.000000   clock source latency
   196    0.487655    0.000000    0.000000    0.000000 ^ clk (in)
                                                         clk (net)
                      0.005181    0.002591    0.002591 ^ _1140_/CLK (sky130_fd_sc_hd__dfrtp_2)
     2    0.006114    0.049249    0.378471    0.381061 v _1140_/Q (sky130_fd_sc_hd__dfrtp_2)
                                                         u_gpio.led1_cnt_q[9] (net)
                      0.049249    0.000011    0.381072 v _0775_/B1 (sky130_fd_sc_hd__o31ai_2)
     1    0.001662    0.039767    0.049017    0.430089 ^ _0775_/Y (sky130_fd_sc_hd__o31ai_2)
                                                         _0315_ (net)
                      0.039767    0.000001    0.430090 ^ _0776_/B (sky130_fd_sc_hd__and2_2)
     1    0.005066    0.048314    0.136789    0.566880 ^ _0776_/X (sky130_fd_sc_hd__and2_2)
                                                         _0316_ (net)
                      0.048314    0.000008    0.566887 ^ _0777_/A2 (sky130_fd_sc_hd__o21ai_2)
     1    0.002253    0.020922    0.043006    0.609894 v _0777_/Y (sky130_fd_sc_hd__o21ai_2)
                                                         u_gpio.led1_cnt_d[9] (net)
                      0.020922    0.000003    0.609897 v _1140_/D (sky130_fd_sc_hd__dfrtp_2)
                                              0.609897   data arrival time

                                  0.000000    0.000000   clock clk (rise edge)
                                  0.000000    0.000000   clock source latency
   196    0.487655    0.000000    0.000000    0.000000 ^ clk (in)
                                                         clk (net)
                      0.005181    0.002591    0.002591 ^ _1140_/CLK (sky130_fd_sc_hd__dfrtp_2)
                                  0.250000    0.252591   clock uncertainty
                                  0.000000    0.252591   clock reconvergence pessimism
                                 -0.041389    0.211202   library hold time
                                              0.211202   data required time
---------------------------------------------------------------------------------------------
                                              0.211202   data required time
                                             -0.609897   data arrival time
---------------------------------------------------------------------------------------------
                                              0.398695   slack (MET)


Startpoint: _1156_ (rising edge-triggered flip-flop clocked by clk)
Endpoint: _1156_ (rising edge-triggered flip-flop clocked by clk)
Path Group: clk
Path Type: min

Fanout         Cap        Slew       Delay        Time   Description
---------------------------------------------------------------------------------------------
                                  0.000000    0.000000   clock clk (rise edge)
                                  0.000000    0.000000   clock source latency
   196    0.487655    0.000000    0.000000    0.000000 ^ clk (in)
                                                         clk (net)
                      0.006196    0.003098    0.003098 ^ _1156_/CLK (sky130_fd_sc_hd__dfrtp_2)
     2    0.005996    0.048943    0.378413    0.381511 v _1156_/Q (sky130_fd_sc_hd__dfrtp_2)
                                                         u_gpio.led0_cnt_q[3] (net)
                      0.048943    0.000011    0.381521 v _0702_/B1 (sky130_fd_sc_hd__o31ai_2)
     1    0.001659    0.039732    0.048874    0.430395 ^ _0702_/Y (sky130_fd_sc_hd__o31ai_2)
                                                         _0270_ (net)
                      0.039732    0.000001    0.430396 ^ _0703_/B (sky130_fd_sc_hd__and2_2)
     1    0.005136    0.048630    0.137065    0.567461 ^ _0703_/X (sky130_fd_sc_hd__and2_2)
                                                         _0271_ (net)
                      0.048630    0.000009    0.567471 ^ _0704_/A2 (sky130_fd_sc_hd__o21ai_2)
     1    0.002268    0.020991    0.043143    0.610614 v _0704_/Y (sky130_fd_sc_hd__o21ai_2)
                                                         u_gpio.led0_cnt_d[3] (net)
                      0.020991    0.000003    0.610617 v _1156_/D (sky130_fd_sc_hd__dfrtp_2)
                                              0.610617   data arrival time

                                  0.000000    0.000000   clock clk (rise edge)
                                  0.000000    0.000000   clock source latency
   196    0.487655    0.000000    0.000000    0.000000 ^ clk (in)
                                                         clk (net)
                      0.006196    0.003098    0.003098 ^ _1156_/CLK (sky130_fd_sc_hd__dfrtp_2)
                                  0.250000    0.253098   clock uncertainty
                                  0.000000    0.253098   clock reconvergence pessimism
                                 -0.041185    0.211913   library hold time
                                              0.211913   data required time
---------------------------------------------------------------------------------------------
                                              0.211913   data required time
                                             -0.610617   data arrival time
---------------------------------------------------------------------------------------------
                                              0.398704   slack (MET)


Startpoint: _1134_ (rising edge-triggered flip-flop clocked by clk)
Endpoint: _1134_ (rising edge-triggered flip-flop clocked by clk)
Path Group: clk
Path Type: min

Fanout         Cap        Slew       Delay        Time   Description
---------------------------------------------------------------------------------------------
                                  0.000000    0.000000   clock clk (rise edge)
                                  0.000000    0.000000   clock source latency
   196    0.487655    0.000000    0.000000    0.000000 ^ clk (in)
                                                         clk (net)
                      0.005480    0.002740    0.002740 ^ _1134_/CLK (sky130_fd_sc_hd__dfrtp_2)
     2    0.006119    0.049267    0.378604    0.381343 v _1134_/Q (sky130_fd_sc_hd__dfrtp_2)
                                                         u_gpio.led1_cnt_q[3] (net)
                      0.049267    0.000011    0.381354 v _0759_/B1 (sky130_fd_sc_hd__o31ai_2)
     1    0.001854    0.040788    0.049812    0.431167 ^ _0759_/Y (sky130_fd_sc_hd__o31ai_2)
                                                         _0305_ (net)
                      0.040788    0.000003    0.431170 ^ _0760_/B (sky130_fd_sc_hd__and2_2)
     1    0.004948    0.047775    0.136618    0.567788 ^ _0760_/X (sky130_fd_sc_hd__and2_2)
                                                         _0306_ (net)
                      0.047775    0.000005    0.567794 ^ _0761_/A2 (sky130_fd_sc_hd__o21ai_2)
     1    0.002139    0.020505    0.042499    0.610293 v _0761_/Y (sky130_fd_sc_hd__o21ai_2)
                                                         u_gpio.led1_cnt_d[3] (net)
                      0.020505    0.000002    0.610294 v _1134_/D (sky130_fd_sc_hd__dfrtp_2)
                                              0.610294   data arrival time

                                  0.000000    0.000000   clock clk (rise edge)
                                  0.000000    0.000000   clock source latency
   196    0.487655    0.000000    0.000000    0.000000 ^ clk (in)
                                                         clk (net)
                      0.005480    0.002740    0.002740 ^ _1134_/CLK (sky130_fd_sc_hd__dfrtp_2)
                                  0.250000    0.252740   clock uncertainty
                                  0.000000    0.252740   clock reconvergence pessimism
                                 -0.041151    0.211589   library hold time
                                              0.211589   data required time
---------------------------------------------------------------------------------------------
                                              0.211589   data required time
                                             -0.610294   data arrival time
---------------------------------------------------------------------------------------------
                                              0.398706   slack (MET)


Startpoint: _1137_ (rising edge-triggered flip-flop clocked by clk)
Endpoint: _1137_ (rising edge-triggered flip-flop clocked by clk)
Path Group: clk
Path Type: min

Fanout         Cap        Slew       Delay        Time   Description
---------------------------------------------------------------------------------------------
                                  0.000000    0.000000   clock clk (rise edge)
                                  0.000000    0.000000   clock source latency
   196    0.487655    0.000000    0.000000    0.000000 ^ clk (in)
                                                         clk (net)
                      0.005108    0.002554    0.002554 ^ _1137_/CLK (sky130_fd_sc_hd__dfrtp_2)
     2    0.006110    0.049238    0.378429    0.380983 v _1137_/Q (sky130_fd_sc_hd__dfrtp_2)
                                                         u_gpio.led1_cnt_q[6] (net)
                      0.049238    0.000009    0.380992 v _0767_/B1 (sky130_fd_sc_hd__o31ai_2)
     1    0.001886    0.040958    0.049932    0.430925 ^ _0767_/Y (sky130_fd_sc_hd__o31ai_2)
                                                         _0310_ (net)
                      0.040958    0.000003    0.430928 ^ _0768_/B (sky130_fd_sc_hd__and2_2)
     1    0.004946    0.047767    0.136661    0.567590 ^ _0768_/X (sky130_fd_sc_hd__and2_2)
                                                         _0311_ (net)
                      0.047767    0.000005    0.567595 ^ _0769_/A2 (sky130_fd_sc_hd__o21ai_2)
     1    0.002200    0.020716    0.042691    0.610285 v _0769_/Y (sky130_fd_sc_hd__o21ai_2)
                                                         u_gpio.led1_cnt_d[6] (net)
                      0.020716    0.000002    0.610288 v _1137_/D (sky130_fd_sc_hd__dfrtp_2)
                                              0.610288   data arrival time

                                  0.000000    0.000000   clock clk (rise edge)
                                  0.000000    0.000000   clock source latency
   196    0.487655    0.000000    0.000000    0.000000 ^ clk (in)
                                                         clk (net)
                      0.005108    0.002554    0.002554 ^ _1137_/CLK (sky130_fd_sc_hd__dfrtp_2)
                                  0.250000    0.252554   clock uncertainty
                                  0.000000    0.252554   clock reconvergence pessimism
                                 -0.041322    0.211232   library hold time
                                              0.211232   data required time
---------------------------------------------------------------------------------------------
                                              0.211232   data required time
                                             -0.610288   data arrival time
---------------------------------------------------------------------------------------------
                                              0.399055   slack (MET)


Startpoint: _1143_ (rising edge-triggered flip-flop clocked by clk)
Endpoint: _1143_ (rising edge-triggered flip-flop clocked by clk)
Path Group: clk
Path Type: min

Fanout         Cap        Slew       Delay        Time   Description
---------------------------------------------------------------------------------------------
                                  0.000000    0.000000   clock clk (rise edge)
                                  0.000000    0.000000   clock source latency
   196    0.487655    0.000000    0.000000    0.000000 ^ clk (in)
                                                         clk (net)
                      0.005514    0.002757    0.002757 ^ _1143_/CLK (sky130_fd_sc_hd__dfrtp_2)
     2    0.006331    0.048090    0.379394    0.382151 v _1143_/Q (sky130_fd_sc_hd__dfrtp_2)
                                                         u_gpio.led1_cnt_q[12] (net)
                      0.048090    0.000018    0.382168 v _0783_/B1 (sky130_fd_sc_hd__o31ai_2)
     1    0.001702    0.039900    0.048677    0.430845 ^ _0783_/Y (sky130_fd_sc_hd__o31ai_2)
                                                         _0320_ (net)
                      0.039900    0.000002    0.430847 ^ _0784_/B (sky130_fd_sc_hd__and2_2)
     1    0.005092    0.048407    0.136938    0.567785 ^ _0784_/X (sky130_fd_sc_hd__and2_2)
                                                         _0321_ (net)
                      0.048407    0.000009    0.567793 ^ _0785_/A2 (sky130_fd_sc_hd__o21ai_2)
     1    0.002191    0.020715    0.042837    0.610631 v _0785_/Y (sky130_fd_sc_hd__o21ai_2)
                                                         u_gpio.led1_cnt_d[12] (net)
                      0.020715    0.000002    0.610633 v _1143_/D (sky130_fd_sc_hd__dfrtp_2)
                                              0.610633   data arrival time

                                  0.000000    0.000000   clock clk (rise edge)
                                  0.000000    0.000000   clock source latency
   196    0.487655    0.000000    0.000000    0.000000 ^ clk (in)
                                                         clk (net)
                      0.005514    0.002757    0.002757 ^ _1143_/CLK (sky130_fd_sc_hd__dfrtp_2)
                                  0.250000    0.252757   clock uncertainty
                                  0.000000    0.252757   clock reconvergence pessimism
                                 -0.041229    0.211528   library hold time
                                              0.211528   data required time
---------------------------------------------------------------------------------------------
                                              0.211528   data required time
                                             -0.610633   data arrival time
---------------------------------------------------------------------------------------------
                                              0.399105   slack (MET)


Startpoint: _1168_ (rising edge-triggered flip-flop clocked by clk)
Endpoint: _1168_ (rising edge-triggered flip-flop clocked by clk)
Path Group: clk
Path Type: min

Fanout         Cap        Slew       Delay        Time   Description
---------------------------------------------------------------------------------------------
                                  0.000000    0.000000   clock clk (rise edge)
                                  0.000000    0.000000   clock source latency
   196    0.487655    0.000000    0.000000    0.000000 ^ clk (in)
                                                         clk (net)
                      0.011084    0.005542    0.005542 ^ _1168_/CLK (sky130_fd_sc_hd__dfrtp_2)
     2    0.006471    0.050215    0.381985    0.387527 v _1168_/Q (sky130_fd_sc_hd__dfrtp_2)
                                                         u_gpio.led0_cnt_q[15] (net)
                      0.050215    0.000015    0.387542 v _0734_/B1 (sky130_fd_sc_hd__o31ai_2)
     1    0.001704    0.040058    0.049612    0.437155 ^ _0734_/Y (sky130_fd_sc_hd__o31ai_2)
                                                         _0290_ (net)
                      0.040058    0.000001    0.437156 ^ _0735_/B (sky130_fd_sc_hd__and2_2)
     1    0.004775    0.047066    0.135688    0.572844 ^ _0735_/X (sky130_fd_sc_hd__and2_2)
                                                         _0291_ (net)
                      0.047066    0.000001    0.572845 ^ _0736_/A2 (sky130_fd_sc_hd__o21ai_2)
     1    0.002156    0.020528    0.042358    0.615203 v _0736_/Y (sky130_fd_sc_hd__o21ai_2)
                                                         u_gpio.led0_cnt_d[15] (net)
                      0.020528    0.000002    0.615205 v _1168_/D (sky130_fd_sc_hd__dfrtp_2)
                                              0.615205   data arrival time

                                  0.000000    0.000000   clock clk (rise edge)
                                  0.000000    0.000000   clock source latency
   196    0.487655    0.000000    0.000000    0.000000 ^ clk (in)
                                                         clk (net)
                      0.011084    0.005542    0.005542 ^ _1168_/CLK (sky130_fd_sc_hd__dfrtp_2)
                                  0.250000    0.255542   clock uncertainty
                                  0.000000    0.255542   clock reconvergence pessimism
                                 -0.039883    0.215659   library hold time
                                              0.215659   data required time
---------------------------------------------------------------------------------------------
                                              0.215659   data required time
                                             -0.615205   data arrival time
---------------------------------------------------------------------------------------------
                                              0.399546   slack (MET)


Startpoint: _1165_ (rising edge-triggered flip-flop clocked by clk)
Endpoint: _1165_ (rising edge-triggered flip-flop clocked by clk)
Path Group: clk
Path Type: min

Fanout         Cap        Slew       Delay        Time   Description
---------------------------------------------------------------------------------------------
                                  0.000000    0.000000   clock clk (rise edge)
                                  0.000000    0.000000   clock source latency
   196    0.487655    0.000000    0.000000    0.000000 ^ clk (in)
                                                         clk (net)
                      0.011134    0.005567    0.005567 ^ _1165_/CLK (sky130_fd_sc_hd__dfrtp_2)
     2    0.006507    0.048528    0.382133    0.387700 v _1165_/Q (sky130_fd_sc_hd__dfrtp_2)
                                                         u_gpio.led0_cnt_q[12] (net)
                      0.048528    0.000019    0.387719 v _0726_/B1 (sky130_fd_sc_hd__o31ai_2)
     1    0.001789    0.040393    0.049223    0.436942 ^ _0726_/Y (sky130_fd_sc_hd__o31ai_2)
                                                         _0285_ (net)
                      0.040393    0.000002    0.436944 ^ _0727_/B (sky130_fd_sc_hd__and2_2)
     1    0.004925    0.047668    0.136403    0.573348 ^ _0727_/X (sky130_fd_sc_hd__and2_2)
                                                         _0286_ (net)
                      0.047668    0.000004    0.573352 ^ _0728_/A2 (sky130_fd_sc_hd__o21ai_2)
     1    0.002027    0.020113    0.042114    0.615466 v _0728_/Y (sky130_fd_sc_hd__o21ai_2)
                                                         u_gpio.led0_cnt_d[12] (net)
                      0.020113    0.000000    0.615466 v _1165_/D (sky130_fd_sc_hd__dfrtp_2)
                                              0.615466   data arrival time

                                  0.000000    0.000000   clock clk (rise edge)
                                  0.000000    0.000000   clock source latency
   196    0.487655    0.000000    0.000000    0.000000 ^ clk (in)
                                                         clk (net)
                      0.011134    0.005567    0.005567 ^ _1165_/CLK (sky130_fd_sc_hd__dfrtp_2)
                                  0.250000    0.255567   clock uncertainty
                                  0.000000    0.255567   clock reconvergence pessimism
                                 -0.039702    0.215865   library hold time
                                              0.215865   data required time
---------------------------------------------------------------------------------------------
                                              0.215865   data required time
                                             -0.615466   data arrival time
---------------------------------------------------------------------------------------------
                                              0.399601   slack (MET)


Startpoint: _1162_ (rising edge-triggered flip-flop clocked by clk)
Endpoint: _1162_ (rising edge-triggered flip-flop clocked by clk)
Path Group: clk
Path Type: min

Fanout         Cap        Slew       Delay        Time   Description
---------------------------------------------------------------------------------------------
                                  0.000000    0.000000   clock clk (rise edge)
                                  0.000000    0.000000   clock source latency
   196    0.487655    0.000000    0.000000    0.000000 ^ clk (in)
                                                         clk (net)
                      0.011183    0.005591    0.005591 ^ _1162_/CLK (sky130_fd_sc_hd__dfrtp_2)
     2    0.006247    0.049632    0.381193    0.386784 v _1162_/Q (sky130_fd_sc_hd__dfrtp_2)
                                                         u_gpio.led0_cnt_q[9] (net)
                      0.049632    0.000014    0.386798 v _0718_/B1 (sky130_fd_sc_hd__o31ai_2)
     1    0.001812    0.040590    0.049800    0.436598 ^ _0718_/Y (sky130_fd_sc_hd__o31ai_2)
                                                         _0280_ (net)
                      0.040590    0.000003    0.436601 ^ _0719_/B (sky130_fd_sc_hd__and2_2)
     1    0.005024    0.048119    0.136867    0.573468 ^ _0719_/X (sky130_fd_sc_hd__and2_2)
                                                         _0281_ (net)
                      0.048119    0.000006    0.573475 ^ _0720_/A2 (sky130_fd_sc_hd__o21ai_2)
     1    0.002071    0.020289    0.042378    0.615853 v _0720_/Y (sky130_fd_sc_hd__o21ai_2)
                                                         u_gpio.led0_cnt_d[9] (net)
                      0.020289    0.000001    0.615854 v _1162_/D (sky130_fd_sc_hd__dfrtp_2)
                                              0.615854   data arrival time

                                  0.000000    0.000000   clock clk (rise edge)
                                  0.000000    0.000000   clock source latency
   196    0.487655    0.000000    0.000000    0.000000 ^ clk (in)
                                                         clk (net)
                      0.011183    0.005591    0.005591 ^ _1162_/CLK (sky130_fd_sc_hd__dfrtp_2)
                                  0.250000    0.255591   clock uncertainty
                                  0.000000    0.255591   clock reconvergence pessimism
                                 -0.039763    0.215829   library hold time
                                              0.215829   data required time
---------------------------------------------------------------------------------------------
                                              0.215829   data required time
                                             -0.615854   data arrival time
---------------------------------------------------------------------------------------------
                                              0.400026   slack (MET)


Startpoint: _1070_ (rising edge-triggered flip-flop clocked by clk)
Endpoint: _1070_ (rising edge-triggered flip-flop clocked by clk)
Path Group: clk
Path Type: min

Fanout         Cap        Slew       Delay        Time   Description
---------------------------------------------------------------------------------------------
                                  0.000000    0.000000   clock clk (rise edge)
                                  0.000000    0.000000   clock source latency
   196    0.487655    0.000000    0.000000    0.000000 ^ clk (in)
                                                         clk (net)
                      0.013411    0.006705    0.006705 ^ _1070_/CLK (sky130_fd_sc_hd__dfrtp_2)
    12    0.035543    0.116158    0.461340    0.468045 v _1070_/Q (sky130_fd_sc_hd__dfrtp_2)
                                                         u_coh.proc_idx_q[1] (net)
                      0.116158    0.000129    0.468174 v _0439_/A (sky130_fd_sc_hd__inv_2)
     5    0.015582    0.080613    0.113138    0.581311 ^ _0439_/Y (sky130_fd_sc_hd__inv_2)
                                                         _0072_ (net)
                      0.080613    0.000045    0.581356 ^ _0555_/A (sky130_fd_sc_hd__nor2_2)
     1    0.002080    0.020578    0.041004    0.622361 v _0555_/Y (sky130_fd_sc_hd__nor2_2)
                                                         u_coh.proc_idx_d[1] (net)
                      0.020578    0.000001    0.622362 v _1070_/D (sky130_fd_sc_hd__dfrtp_2)
                                              0.622362   data arrival time

                                  0.000000    0.000000   clock clk (rise edge)
                                  0.000000    0.000000   clock source latency
   196    0.487655    0.000000    0.000000    0.000000 ^ clk (in)
                                                         clk (net)
                      0.013411    0.006705    0.006705 ^ _1070_/CLK (sky130_fd_sc_hd__dfrtp_2)
                                  0.250000    0.256705   clock uncertainty
                                  0.000000    0.256705   clock reconvergence pessimism
                                 -0.039373    0.217333   library hold time
                                              0.217333   data required time
---------------------------------------------------------------------------------------------
                                              0.217333   data required time
                                             -0.622362   data arrival time
---------------------------------------------------------------------------------------------
                                              0.405029   slack (MET)


Startpoint: _1049_ (rising edge-triggered flip-flop clocked by clk)
Endpoint: _1069_ (rising edge-triggered flip-flop clocked by clk)
Path Group: clk
Path Type: min

Fanout         Cap        Slew       Delay        Time   Description
---------------------------------------------------------------------------------------------
                                  0.000000    0.000000   clock clk (rise edge)
                                  0.000000    0.000000   clock source latency
   196    0.487655    0.000000    0.000000    0.000000 ^ clk (in)
                                                         clk (net)
                      0.012679    0.006339    0.006339 ^ _1049_/CLK (sky130_fd_sc_hd__dfstp_2)
     8    0.030120    0.077103    0.396602    0.402941 v _1049_/Q (sky130_fd_sc_hd__dfstp_2)
                                                         u_coh.coh_state[0] (net)
                      0.077103    0.000033    0.402974 v _0448_/B1 (sky130_fd_sc_hd__o21ai_2)
     4    0.013791    0.097131    0.103781    0.506755 ^ _0448_/Y (sky130_fd_sc_hd__o21ai_2)
                                                         _0081_ (net)
                      0.097131    0.000062    0.506817 ^ _0449_/A (sky130_fd_sc_hd__inv_2)
     4    0.013871    0.043928    0.063254    0.570071 v _0449_/Y (sky130_fd_sc_hd__inv_2)
                                                         u_coh.coh_state_next[0] (net)
                      0.043928    0.000103    0.570174 v _0554_/B (sky130_fd_sc_hd__nor2_2)
     1    0.002169    0.055072    0.063854    0.634028 ^ _0554_/Y (sky130_fd_sc_hd__nor2_2)
                                                         u_coh.proc_idx_d[0] (net)
                      0.055072    0.000002    0.634030 ^ _1069_/D (sky130_fd_sc_hd__dfrtp_2)
                                              0.634030   data arrival time

                                  0.000000    0.000000   clock clk (rise edge)
                                  0.000000    0.000000   clock source latency
   196    0.487655    0.000000    0.000000    0.000000 ^ clk (in)
                                                         clk (net)
                      0.013420    0.006710    0.006710 ^ _1069_/CLK (sky130_fd_sc_hd__dfrtp_2)
                                  0.250000    0.256710   clock uncertainty
                                  0.000000    0.256710   clock reconvergence pessimism
                                 -0.041086    0.215624   library hold time
                                              0.215624   data required time
---------------------------------------------------------------------------------------------
                                              0.215624   data required time
                                             -0.634030   data arrival time
---------------------------------------------------------------------------------------------
                                              0.418406   slack (MET)


Startpoint: _1147_ (rising edge-triggered flip-flop clocked by clk)
Endpoint: _1147_ (rising edge-triggered flip-flop clocked by clk)
Path Group: clk
Path Type: min

Fanout         Cap        Slew       Delay        Time   Description
---------------------------------------------------------------------------------------------
                                  0.000000    0.000000   clock clk (rise edge)
                                  0.000000    0.000000   clock source latency
   196    0.487655    0.000000    0.000000    0.000000 ^ clk (in)
                                                         clk (net)
                      0.005769    0.002885    0.002885 ^ _1147_/CLK (sky130_fd_sc_hd__dfrtp_2)
     4    0.012272    0.063471    0.401519    0.404403 v _1147_/Q (sky130_fd_sc_hd__dfrtp_2)
                                                         u_gpio.led1_cnt_q[16] (net)
                      0.063471    0.000034    0.404437 v _0795_/A (sky130_fd_sc_hd__nand2_2)
     1    0.001884    0.028160    0.050910    0.455347 ^ _0795_/Y (sky130_fd_sc_hd__nand2_2)
                                                         _0328_ (net)
                      0.028160    0.000002    0.455349 ^ _0796_/B (sky130_fd_sc_hd__and2b_2)
     1    0.005024    0.045771    0.134405    0.589754 ^ _0796_/X (sky130_fd_sc_hd__and2b_2)
                                                         _0329_ (net)
                      0.045771    0.000007    0.589761 ^ _0797_/A2 (sky130_fd_sc_hd__o21ai_2)
     1    0.002055    0.020114    0.041684    0.631445 v _0797_/Y (sky130_fd_sc_hd__o21ai_2)
                                                         u_gpio.led1_cnt_d[16] (net)
                      0.020114    0.000000    0.631446 v _1147_/D (sky130_fd_sc_hd__dfrtp_2)
                                              0.631446   data arrival time

                                  0.000000    0.000000   clock clk (rise edge)
                                  0.000000    0.000000   clock source latency
   196    0.487655    0.000000    0.000000    0.000000 ^ clk (in)
                                                         clk (net)
                      0.005769    0.002885    0.002885 ^ _1147_/CLK (sky130_fd_sc_hd__dfrtp_2)
                                  0.250000    0.252885   clock uncertainty
                                  0.000000    0.252885   clock reconvergence pessimism
                                 -0.040926    0.211959   library hold time
                                              0.211959   data required time
---------------------------------------------------------------------------------------------
                                              0.211959   data required time
                                             -0.631446   data arrival time
---------------------------------------------------------------------------------------------
                                              0.419488   slack (MET)


Startpoint: _1125_ (rising edge-triggered flip-flop clocked by clk)
Endpoint: _1125_ (rising edge-triggered flip-flop clocked by clk)
Path Group: clk
Path Type: min

Fanout         Cap        Slew       Delay        Time   Description
---------------------------------------------------------------------------------------------
                                  0.000000    0.000000   clock clk (rise edge)
                                  0.000000    0.000000   clock source latency
   196    0.487655    0.000000    0.000000    0.000000 ^ clk (in)
                                                         clk (net)
                      0.004473    0.002237    0.002237 ^ _1125_/CLK (sky130_fd_sc_hd__dfrtp_2)
     4    0.013176    0.065545    0.403787    0.406024 v _1125_/Q (sky130_fd_sc_hd__dfrtp_2)
                                                         u_gpio.led2_cnt_q[16] (net)
                      0.065545    0.000036    0.406061 v _0851_/A (sky130_fd_sc_hd__nand2_2)
     1    0.001836    0.028413    0.051449    0.457510 ^ _0851_/Y (sky130_fd_sc_hd__nand2_2)
                                                         _0362_ (net)
                      0.028413    0.000002    0.457512 ^ _0852_/B (sky130_fd_sc_hd__and2b_2)
     1    0.005030    0.045799    0.134504    0.592016 ^ _0852_/X (sky130_fd_sc_hd__and2b_2)
                                                         _0363_ (net)
                      0.045799    0.000007    0.592023 ^ _0853_/A2 (sky130_fd_sc_hd__o21ai_2)
     1    0.002089    0.020234    0.041799    0.633822 v _0853_/Y (sky130_fd_sc_hd__o21ai_2)
                                                         u_gpio.led2_cnt_d[16] (net)
                      0.020234    0.000001    0.633823 v _1125_/D (sky130_fd_sc_hd__dfrtp_2)
                                              0.633823   data arrival time

                                  0.000000    0.000000   clock clk (rise edge)
                                  0.000000    0.000000   clock source latency
   196    0.487655    0.000000    0.000000    0.000000 ^ clk (in)
                                                         clk (net)
                      0.004473    0.002237    0.002237 ^ _1125_/CLK (sky130_fd_sc_hd__dfrtp_2)
                                  0.250000    0.252237   clock uncertainty
                                  0.000000    0.252237   clock reconvergence pessimism
                                 -0.041270    0.210967   library hold time
                                              0.210967   data required time
---------------------------------------------------------------------------------------------
                                              0.210967   data required time
                                             -0.633823   data arrival time
---------------------------------------------------------------------------------------------
                                              0.422857   slack (MET)


Startpoint: _1169_ (rising edge-triggered flip-flop clocked by clk)
Endpoint: _1169_ (rising edge-triggered flip-flop clocked by clk)
Path Group: clk
Path Type: min

Fanout         Cap        Slew       Delay        Time   Description
---------------------------------------------------------------------------------------------
                                  0.000000    0.000000   clock clk (rise edge)
                                  0.000000    0.000000   clock source latency
   196    0.487655    0.000000    0.000000    0.000000 ^ clk (in)
                                                         clk (net)
                      0.011031    0.005516    0.005516 ^ _1169_/CLK (sky130_fd_sc_hd__dfrtp_2)
     4    0.013826    0.066356    0.407770    0.413286 v _1169_/Q (sky130_fd_sc_hd__dfrtp_2)
                                                         u_gpio.led0_cnt_q[16] (net)
                      0.066356    0.000026    0.413312 v _0738_/A (sky130_fd_sc_hd__nand2_2)
     1    0.001843    0.028617    0.051765    0.465077 ^ _0738_/Y (sky130_fd_sc_hd__nand2_2)
                                                         _0293_ (net)
                      0.028617    0.000001    0.465078 ^ _0739_/B (sky130_fd_sc_hd__and2b_2)
     1    0.005045    0.045864    0.134622    0.599701 ^ _0739_/X (sky130_fd_sc_hd__and2b_2)
                                                         _0294_ (net)
                      0.045864    0.000008    0.599709 ^ _0740_/A2 (sky130_fd_sc_hd__o21ai_2)
     1    0.002211    0.020658    0.042199    0.641908 v _0740_/Y (sky130_fd_sc_hd__o21ai_2)
                                                         u_gpio.led0_cnt_d[16] (net)
                      0.020658    0.000002    0.641911 v _1169_/D (sky130_fd_sc_hd__dfrtp_2)
                                              0.641911   data arrival time

                                  0.000000    0.000000   clock clk (rise edge)
                                  0.000000    0.000000   clock source latency
   196    0.487655    0.000000    0.000000    0.000000 ^ clk (in)
                                                         clk (net)
                      0.011031    0.005516    0.005516 ^ _1169_/CLK (sky130_fd_sc_hd__dfrtp_2)
                                  0.250000    0.255516   clock uncertainty
                                  0.000000    0.255516   clock reconvergence pessimism
                                 -0.039948    0.215568   library hold time
                                              0.215568   data required time
---------------------------------------------------------------------------------------------
                                              0.215568   data required time
                                             -0.641911   data arrival time
---------------------------------------------------------------------------------------------
                                              0.426343   slack (MET)


Startpoint: _1030_ (rising edge-triggered flip-flop clocked by clk)
Endpoint: _1076_ (rising edge-triggered flip-flop clocked by clk)
Path Group: clk
Path Type: min

Fanout         Cap        Slew       Delay        Time   Description
---------------------------------------------------------------------------------------------
                                  0.000000    0.000000   clock clk (rise edge)
                                  0.000000    0.000000   clock source latency
   196    0.487655    0.000000    0.000000    0.000000 ^ clk (in)
                                                         clk (net)
                      0.015431    0.007715    0.007715 ^ _1030_/CLK (sky130_fd_sc_hd__dfrtp_2)
     3    0.010009    0.057876    0.396686    0.404401 v _1030_/Q (sky130_fd_sc_hd__dfrtp_2)
                                                         u_sram.w_ready_d (net)
                      0.057876    0.000035    0.404436 v _0442_/A (sky130_fd_sc_hd__inv_2)
     4    0.014834    0.072826    0.084269    0.488705 ^ _0442_/Y (sky130_fd_sc_hd__inv_2)
                                                         _0075_ (net)
                      0.072826    0.000029    0.488734 ^ _0476_/B (sky130_fd_sc_hd__or3_2)
     3    0.010717    0.063008    0.139119    0.627853 ^ _0476_/X (sky130_fd_sc_hd__or3_2)
                                                         _0100_ (net)
                      0.063008    0.000046    0.627899 ^ _0477_/A (sky130_fd_sc_hd__inv_2)
     1    0.002478    0.017102    0.028170    0.656069 v _0477_/Y (sky130_fd_sc_hd__inv_2)
                                                         u_sram.u_sram.we (net)
                      0.017102    0.000006    0.656076 v _1076_/D (sky130_fd_sc_hd__dfrtp_2)
                                              0.656076   data arrival time

                                  0.000000    0.000000   clock clk (rise edge)
                                  0.000000    0.000000   clock source latency
   196    0.487655    0.000000    0.000000    0.000000 ^ clk (in)
                                                         clk (net)
                      0.015340    0.007670    0.007670 ^ _1076_/CLK (sky130_fd_sc_hd__dfrtp_2)
                                  0.250000    0.257670   clock uncertainty
                                  0.000000    0.257670   clock reconvergence pessimism
                                 -0.037517    0.220153   library hold time
                                              0.220153   data required time
---------------------------------------------------------------------------------------------
                                              0.220153   data required time
                                             -0.656076   data arrival time
---------------------------------------------------------------------------------------------
                                              0.435923   slack (MET)


Startpoint: _1031_ (rising edge-triggered flip-flop clocked by clk)
Endpoint: uart_tx (output port clocked by clk)
Path Group: clk
Path Type: min

Fanout         Cap        Slew       Delay        Time   Description
---------------------------------------------------------------------------------------------
                                  0.000000    0.000000   clock clk (rise edge)
                                  0.000000    0.000000   clock source latency
   196    0.487655    0.000000    0.000000    0.000000 ^ clk (in)
                                                         clk (net)
                      0.016115    0.008057    0.008057 ^ _1031_/CLK (sky130_fd_sc_hd__dfrtp_2)
     2    0.004954    0.047732    0.331480    0.339537 ^ _1031_/Q (sky130_fd_sc_hd__dfrtp_2)
                                                         u_uart.tx_shift_q[0] (net)
                      0.047732    0.000018    0.339556 ^ _0472_/A1 (sky130_fd_sc_hd__a21o_2)
     1    0.051705    0.256557    0.277669    0.617225 ^ _0472_/X (sky130_fd_sc_hd__a21o_2)
                                                         uart_tx (net)
                      0.256557    0.000374    0.617599 ^ uart_tx (out)
                                              0.617599   data arrival time

                                  0.000000    0.000000   clock clk (rise edge)
                                  0.000000    0.000000   clock network delay (propagated)
                                  0.250000    0.250000   clock uncertainty
                                  0.000000    0.250000   clock reconvergence pessimism
                                 -1.000000   -0.750000   output external delay
                                             -0.750000   data required time
---------------------------------------------------------------------------------------------
                                             -0.750000   data required time
                                             -0.617599   data arrival time
---------------------------------------------------------------------------------------------
                                              1.367599   slack (MET)


Startpoint: _1056_ (rising edge-triggered flip-flop clocked by clk)
Endpoint: _1102_ (removal check against rising-edge clock clk)
Path Group: asynchronous
Path Type: min

Fanout         Cap        Slew       Delay        Time   Description
---------------------------------------------------------------------------------------------
                                  0.000000    0.000000   clock clk (rise edge)
                                  0.000000    0.000000   clock source latency
   196    0.487655    0.000000    0.000000    0.000000 ^ clk (in)
                                                         clk (net)
                      0.015566    0.007783    0.007783 ^ _1056_/CLK (sky130_fd_sc_hd__dfrtp_2)
   194    0.819377    3.783620    2.941055    2.948838 ^ _1056_/Q (sky130_fd_sc_hd__dfrtp_2)
                                                         per_core[0].u_core.rst_n (net)
                      3.783620    0.000408    2.949246 ^ _1102_/RESET_B (sky130_fd_sc_hd__dfrtp_2)
                                              2.949246   data arrival time

                                  0.000000    0.000000   clock clk (rise edge)
                                  0.000000    0.000000   clock source latency
   196    0.487655    0.000000    0.000000    0.000000 ^ clk (in)
                                                         clk (net)
                      0.015605    0.007803    0.007803 ^ _1102_/CLK (sky130_fd_sc_hd__dfrtp_2)
                                  0.250000    0.257803   clock uncertainty
                                  0.000000    0.257803   clock reconvergence pessimism
                                  1.316497    1.574300   library removal time
                                              1.574300   data required time
---------------------------------------------------------------------------------------------
                                              1.574300   data required time
                                             -2.949246   data arrival time
---------------------------------------------------------------------------------------------
                                              1.374947   slack (MET)


Startpoint: _1056_ (rising edge-triggered flip-flop clocked by clk)
Endpoint: _1104_ (removal check against rising-edge clock clk)
Path Group: asynchronous
Path Type: min

Fanout         Cap        Slew       Delay        Time   Description
---------------------------------------------------------------------------------------------
                                  0.000000    0.000000   clock clk (rise edge)
                                  0.000000    0.000000   clock source latency
   196    0.487655    0.000000    0.000000    0.000000 ^ clk (in)
                                                         clk (net)
                      0.015566    0.007783    0.007783 ^ _1056_/CLK (sky130_fd_sc_hd__dfrtp_2)
   194    0.819377    3.783620    2.941055    2.948838 ^ _1056_/Q (sky130_fd_sc_hd__dfrtp_2)
                                                         per_core[0].u_core.rst_n (net)
                      3.783620    0.000422    2.949260 ^ _1104_/RESET_B (sky130_fd_sc_hd__dfrtp_2)
                                              2.949260   data arrival time

                                  0.000000    0.000000   clock clk (rise edge)
                                  0.000000    0.000000   clock source latency
   196    0.487655    0.000000    0.000000    0.000000 ^ clk (in)
                                                         clk (net)
                      0.015618    0.007809    0.007809 ^ _1104_/CLK (sky130_fd_sc_hd__dfrtp_2)
                                  0.250000    0.257809   clock uncertainty
                                  0.000000    0.257809   clock reconvergence pessimism
                                  1.316500    1.574309   library removal time
                                              1.574309   data required time
---------------------------------------------------------------------------------------------
                                              1.574309   data required time
                                             -2.949260   data arrival time
---------------------------------------------------------------------------------------------
                                              1.374951   slack (MET)


Startpoint: _1056_ (rising edge-triggered flip-flop clocked by clk)
Endpoint: _1103_ (removal check against rising-edge clock clk)
Path Group: asynchronous
Path Type: min

Fanout         Cap        Slew       Delay        Time   Description
---------------------------------------------------------------------------------------------
                                  0.000000    0.000000   clock clk (rise edge)
                                  0.000000    0.000000   clock source latency
   196    0.487655    0.000000    0.000000    0.000000 ^ clk (in)
                                                         clk (net)
                      0.015566    0.007783    0.007783 ^ _1056_/CLK (sky130_fd_sc_hd__dfrtp_2)
   194    0.819377    3.783620    2.941055    2.948838 ^ _1056_/Q (sky130_fd_sc_hd__dfrtp_2)
                                                         per_core[0].u_core.rst_n (net)
                      3.783620    0.000431    2.949269 ^ _1103_/RESET_B (sky130_fd_sc_hd__dfrtp_2)
                                              2.949269   data arrival time

                                  0.000000    0.000000   clock clk (rise edge)
                                  0.000000    0.000000   clock source latency
   196    0.487655    0.000000    0.000000    0.000000 ^ clk (in)
                                                         clk (net)
                      0.015623    0.007811    0.007811 ^ _1103_/CLK (sky130_fd_sc_hd__dfrtp_2)
                                  0.250000    0.257811   clock uncertainty
                                  0.000000    0.257811   clock reconvergence pessimism
                                  1.316501    1.574312   library removal time
                                              1.574312   data required time
---------------------------------------------------------------------------------------------
                                              1.574312   data required time
                                             -2.949269   data arrival time
---------------------------------------------------------------------------------------------
                                              1.374957   slack (MET)


Startpoint: _1056_ (rising edge-triggered flip-flop clocked by clk)
Endpoint: _1101_ (removal check against rising-edge clock clk)
Path Group: asynchronous
Path Type: min

Fanout         Cap        Slew       Delay        Time   Description
---------------------------------------------------------------------------------------------
                                  0.000000    0.000000   clock clk (rise edge)
                                  0.000000    0.000000   clock source latency
   196    0.487655    0.000000    0.000000    0.000000 ^ clk (in)
                                                         clk (net)
                      0.015566    0.007783    0.007783 ^ _1056_/CLK (sky130_fd_sc_hd__dfrtp_2)
   194    0.819377    3.783620    2.941055    2.948838 ^ _1056_/Q (sky130_fd_sc_hd__dfrtp_2)
                                                         per_core[0].u_core.rst_n (net)
                      3.783620    0.001721    2.950559 ^ _1101_/RESET_B (sky130_fd_sc_hd__dfrtp_2)
                                              2.950559   data arrival time

                                  0.000000    0.000000   clock clk (rise edge)
                                  0.000000    0.000000   clock source latency
   196    0.487655    0.000000    0.000000    0.000000 ^ clk (in)
                                                         clk (net)
                      0.015509    0.007754    0.007754 ^ _1101_/CLK (sky130_fd_sc_hd__dfrtp_2)
                                  0.250000    0.257754   clock uncertainty
                                  0.000000    0.257754   clock reconvergence pessimism
                                  1.316475    1.574229   library removal time
                                              1.574229   data required time
---------------------------------------------------------------------------------------------
                                              1.574229   data required time
                                             -2.950559   data arrival time
---------------------------------------------------------------------------------------------
                                              1.376330   slack (MET)


Startpoint: _1056_ (rising edge-triggered flip-flop clocked by clk)
Endpoint: _1106_ (removal check against rising-edge clock clk)
Path Group: asynchronous
Path Type: min

Fanout         Cap        Slew       Delay        Time   Description
---------------------------------------------------------------------------------------------
                                  0.000000    0.000000   clock clk (rise edge)
                                  0.000000    0.000000   clock source latency
   196    0.487655    0.000000    0.000000    0.000000 ^ clk (in)
                                                         clk (net)
                      0.015566    0.007783    0.007783 ^ _1056_/CLK (sky130_fd_sc_hd__dfrtp_2)
   194    0.819377    3.783620    2.941055    2.948838 ^ _1056_/Q (sky130_fd_sc_hd__dfrtp_2)
                                                         per_core[0].u_core.rst_n (net)
                      3.783620    0.002887    2.951725 ^ _1106_/RESET_B (sky130_fd_sc_hd__dfrtp_2)
                                              2.951725   data arrival time

                                  0.000000    0.000000   clock clk (rise edge)
                                  0.000000    0.000000   clock source latency
   196    0.487655    0.000000    0.000000    0.000000 ^ clk (in)
                                                         clk (net)
                      0.016905    0.008453    0.008453 ^ _1106_/CLK (sky130_fd_sc_hd__dfrtp_2)
                                  0.250000    0.258453   clock uncertainty
                                  0.000000    0.258453   clock reconvergence pessimism
                                  1.316788    1.575240   library removal time
                                              1.575240   data required time
---------------------------------------------------------------------------------------------
                                              1.575240   data required time
                                             -2.951725   data arrival time
---------------------------------------------------------------------------------------------
                                              1.376485   slack (MET)


Startpoint: _1056_ (rising edge-triggered flip-flop clocked by clk)
Endpoint: _1105_ (removal check against rising-edge clock clk)
Path Group: asynchronous
Path Type: min

Fanout         Cap        Slew       Delay        Time   Description
---------------------------------------------------------------------------------------------
                                  0.000000    0.000000   clock clk (rise edge)
                                  0.000000    0.000000   clock source latency
   196    0.487655    0.000000    0.000000    0.000000 ^ clk (in)
                                                         clk (net)
                      0.015566    0.007783    0.007783 ^ _1056_/CLK (sky130_fd_sc_hd__dfrtp_2)
   194    0.819377    3.783620    2.941055    2.948838 ^ _1056_/Q (sky130_fd_sc_hd__dfrtp_2)
                                                         per_core[0].u_core.rst_n (net)
                      3.783620    0.002898    2.951736 ^ _1105_/RESET_B (sky130_fd_sc_hd__dfrtp_2)
                                              2.951736   data arrival time

                                  0.000000    0.000000   clock clk (rise edge)
                                  0.000000    0.000000   clock source latency
   196    0.487655    0.000000    0.000000    0.000000 ^ clk (in)
                                                         clk (net)
                      0.016906    0.008453    0.008453 ^ _1105_/CLK (sky130_fd_sc_hd__dfrtp_2)
                                  0.250000    0.258453   clock uncertainty
                                  0.000000    0.258453   clock reconvergence pessimism
                                  1.316788    1.575241   library removal time
                                              1.575241   data required time
---------------------------------------------------------------------------------------------
                                              1.575241   data required time
                                             -2.951736   data arrival time
---------------------------------------------------------------------------------------------
                                              1.376495   slack (MET)


Startpoint: _1056_ (rising edge-triggered flip-flop clocked by clk)
Endpoint: _1175_ (removal check against rising-edge clock clk)
Path Group: asynchronous
Path Type: min

Fanout         Cap        Slew       Delay        Time   Description
---------------------------------------------------------------------------------------------
                                  0.000000    0.000000   clock clk (rise edge)
                                  0.000000    0.000000   clock source latency
   196    0.487655    0.000000    0.000000    0.000000 ^ clk (in)
                                                         clk (net)
                      0.015566    0.007783    0.007783 ^ _1056_/CLK (sky130_fd_sc_hd__dfrtp_2)
   194    0.819377    3.783620    2.941055    2.948838 ^ _1056_/Q (sky130_fd_sc_hd__dfrtp_2)
                                                         per_core[0].u_core.rst_n (net)
                      3.783626    0.004216    2.953054 ^ _1175_/RESET_B (sky130_fd_sc_hd__dfrtp_2)
                                              2.953054   data arrival time

                                  0.000000    0.000000   clock clk (rise edge)
                                  0.000000    0.000000   clock source latency
   196    0.487655    0.000000    0.000000    0.000000 ^ clk (in)
                                                         clk (net)
                      0.018418    0.009209    0.009209 ^ _1175_/CLK (sky130_fd_sc_hd__dfrtp_2)
                                  0.250000    0.259209   clock uncertainty
                                  0.000000    0.259209   clock reconvergence pessimism
                                  1.317128    1.576337   library removal time
                                              1.576337   data required time
---------------------------------------------------------------------------------------------
                                              1.576337   data required time
                                             -2.953054   data arrival time
---------------------------------------------------------------------------------------------
                                              1.376717   slack (MET)


Startpoint: _1056_ (rising edge-triggered flip-flop clocked by clk)
Endpoint: _1107_ (removal check against rising-edge clock clk)
Path Group: asynchronous
Path Type: min

Fanout         Cap        Slew       Delay        Time   Description
---------------------------------------------------------------------------------------------
                                  0.000000    0.000000   clock clk (rise edge)
                                  0.000000    0.000000   clock source latency
   196    0.487655    0.000000    0.000000    0.000000 ^ clk (in)
                                                         clk (net)
                      0.015566    0.007783    0.007783 ^ _1056_/CLK (sky130_fd_sc_hd__dfrtp_2)
   194    0.819377    3.783620    2.941055    2.948838 ^ _1056_/Q (sky130_fd_sc_hd__dfrtp_2)
                                                         per_core[0].u_core.rst_n (net)
                      3.783620    0.003159    2.951997 ^ _1107_/RESET_B (sky130_fd_sc_hd__dfrtp_2)
                                              2.951997   data arrival time

                                  0.000000    0.000000   clock clk (rise edge)
                                  0.000000    0.000000   clock source latency
   196    0.487655    0.000000    0.000000    0.000000 ^ clk (in)
                                                         clk (net)
                      0.016915    0.008458    0.008458 ^ _1107_/CLK (sky130_fd_sc_hd__dfrtp_2)
                                  0.250000    0.258458   clock uncertainty
                                  0.000000    0.258458   clock reconvergence pessimism
                                  1.316790    1.575248   library removal time
                                              1.575248   data required time
---------------------------------------------------------------------------------------------
                                              1.575248   data required time
                                             -2.951997   data arrival time
---------------------------------------------------------------------------------------------
                                              1.376750   slack (MET)


Startpoint: _1056_ (rising edge-triggered flip-flop clocked by clk)
Endpoint: _1108_ (removal check against rising-edge clock clk)
Path Group: asynchronous
Path Type: min

Fanout         Cap        Slew       Delay        Time   Description
---------------------------------------------------------------------------------------------
                                  0.000000    0.000000   clock clk (rise edge)
                                  0.000000    0.000000   clock source latency
   196    0.487655    0.000000    0.000000    0.000000 ^ clk (in)
                                                         clk (net)
                      0.015566    0.007783    0.007783 ^ _1056_/CLK (sky130_fd_sc_hd__dfrtp_2)
   194    0.819377    3.783620    2.941055    2.948838 ^ _1056_/Q (sky130_fd_sc_hd__dfrtp_2)
                                                         per_core[0].u_core.rst_n (net)
                      3.783620    0.003185    2.952023 ^ _1108_/RESET_B (sky130_fd_sc_hd__dfrtp_2)
                                              2.952023   data arrival time

                                  0.000000    0.000000   clock clk (rise edge)
                                  0.000000    0.000000   clock source latency
   196    0.487655    0.000000    0.000000    0.000000 ^ clk (in)
                                                         clk (net)
                      0.016935    0.008468    0.008468 ^ _1108_/CLK (sky130_fd_sc_hd__dfrtp_2)
                                  0.250000    0.258468   clock uncertainty
                                  0.000000    0.258468   clock reconvergence pessimism
                                  1.316794    1.575262   library removal time
                                              1.575262   data required time
---------------------------------------------------------------------------------------------
                                              1.575262   data required time
                                             -2.952023   data arrival time
---------------------------------------------------------------------------------------------
                                              1.376760   slack (MET)


Startpoint: _1056_ (rising edge-triggered flip-flop clocked by clk)
Endpoint: _1189_ (removal check against rising-edge clock clk)
Path Group: asynchronous
Path Type: min

Fanout         Cap        Slew       Delay        Time   Description
---------------------------------------------------------------------------------------------
                                  0.000000    0.000000   clock clk (rise edge)
                                  0.000000    0.000000   clock source latency
   196    0.487655    0.000000    0.000000    0.000000 ^ clk (in)
                                                         clk (net)
                      0.015566    0.007783    0.007783 ^ _1056_/CLK (sky130_fd_sc_hd__dfrtp_2)
   194    0.819377    3.783620    2.941055    2.948838 ^ _1056_/Q (sky130_fd_sc_hd__dfrtp_2)
                                                         per_core[0].u_core.rst_n (net)
                      3.783630    0.005422    2.954260 ^ _1189_/RESET_B (sky130_fd_sc_hd__dfrtp_2)
                                              2.954260   data arrival time

                                  0.000000    0.000000   clock clk (rise edge)
                                  0.000000    0.000000   clock source latency
   196    0.487655    0.000000    0.000000    0.000000 ^ clk (in)
                                                         clk (net)
                      0.019865    0.009933    0.009933 ^ _1189_/CLK (sky130_fd_sc_hd__dfrtp_2)
                                  0.250000    0.259933   clock uncertainty
                                  0.000000    0.259933   clock reconvergence pessimism
                                  1.317452    1.577385   library removal time
                                              1.577385   data required time
---------------------------------------------------------------------------------------------
                                              1.577385   data required time
                                             -2.954260   data arrival time
---------------------------------------------------------------------------------------------
                                              1.376875   slack (MET)


Startpoint: _1056_ (rising edge-triggered flip-flop clocked by clk)
Endpoint: _1190_ (removal check against rising-edge clock clk)
Path Group: asynchronous
Path Type: min

Fanout         Cap        Slew       Delay        Time   Description
---------------------------------------------------------------------------------------------
                                  0.000000    0.000000   clock clk (rise edge)
                                  0.000000    0.000000   clock source latency
   196    0.487655    0.000000    0.000000    0.000000 ^ clk (in)
                                                         clk (net)
                      0.015566    0.007783    0.007783 ^ _1056_/CLK (sky130_fd_sc_hd__dfrtp_2)
   194    0.819377    3.783620    2.941055    2.948838 ^ _1056_/Q (sky130_fd_sc_hd__dfrtp_2)
                                                         per_core[0].u_core.rst_n (net)
                      3.783630    0.005474    2.954312 ^ _1190_/RESET_B (sky130_fd_sc_hd__dfrtp_2)
                                              2.954312   data arrival time

                                  0.000000    0.000000   clock clk (rise edge)
                                  0.000000    0.000000   clock source latency
   196    0.487655    0.000000    0.000000    0.000000 ^ clk (in)
                                                         clk (net)
                      0.019916    0.009958    0.009958 ^ _1190_/CLK (sky130_fd_sc_hd__dfrtp_2)
                                  0.250000    0.259958   clock uncertainty
                                  0.000000    0.259958   clock reconvergence pessimism
                                  1.317464    1.577422   library removal time
                                              1.577422   data required time
---------------------------------------------------------------------------------------------
                                              1.577422   data required time
                                             -2.954312   data arrival time
---------------------------------------------------------------------------------------------
                                              1.376890   slack (MET)


Startpoint: _1056_ (rising edge-triggered flip-flop clocked by clk)
Endpoint: _1191_ (removal check against rising-edge clock clk)
Path Group: asynchronous
Path Type: min

Fanout         Cap        Slew       Delay        Time   Description
---------------------------------------------------------------------------------------------
                                  0.000000    0.000000   clock clk (rise edge)
                                  0.000000    0.000000   clock source latency
   196    0.487655    0.000000    0.000000    0.000000 ^ clk (in)
                                                         clk (net)
                      0.015566    0.007783    0.007783 ^ _1056_/CLK (sky130_fd_sc_hd__dfrtp_2)
   194    0.819377    3.783620    2.941055    2.948838 ^ _1056_/Q (sky130_fd_sc_hd__dfrtp_2)
                                                         per_core[0].u_core.rst_n (net)
                      3.783630    0.005553    2.954391 ^ _1191_/RESET_B (sky130_fd_sc_hd__dfrtp_2)
                                              2.954391   data arrival time

                                  0.000000    0.000000   clock clk (rise edge)
                                  0.000000    0.000000   clock source latency
   196    0.487655    0.000000    0.000000    0.000000 ^ clk (in)
                                                         clk (net)
                      0.019987    0.009994    0.009994 ^ _1191_/CLK (sky130_fd_sc_hd__dfrtp_2)
                                  0.250000    0.259994   clock uncertainty
                                  0.000000    0.259994   clock reconvergence pessimism
                                  1.317480    1.577473   library removal time
                                              1.577473   data required time
---------------------------------------------------------------------------------------------
                                              1.577473   data required time
                                             -2.954391   data arrival time
---------------------------------------------------------------------------------------------
                                              1.376918   slack (MET)


Startpoint: _1056_ (rising edge-triggered flip-flop clocked by clk)
Endpoint: _1065_ (removal check against rising-edge clock clk)
Path Group: asynchronous
Path Type: min

Fanout         Cap        Slew       Delay        Time   Description
---------------------------------------------------------------------------------------------
                                  0.000000    0.000000   clock clk (rise edge)
                                  0.000000    0.000000   clock source latency
   196    0.487655    0.000000    0.000000    0.000000 ^ clk (in)
                                                         clk (net)
                      0.015566    0.007783    0.007783 ^ _1056_/CLK (sky130_fd_sc_hd__dfrtp_2)
   194    0.819377    3.783620    2.941055    2.948838 ^ _1056_/Q (sky130_fd_sc_hd__dfrtp_2)
                                                         per_core[0].u_core.rst_n (net)
                      3.783626    0.004312    2.953150 ^ _1065_/RESET_B (sky130_fd_sc_hd__dfrtp_2)
                                              2.953150   data arrival time

                                  0.000000    0.000000   clock clk (rise edge)
                                  0.000000    0.000000   clock source latency
   196    0.487655    0.000000    0.000000    0.000000 ^ clk (in)
                                                         clk (net)
                      0.018235    0.009117    0.009117 ^ _1065_/CLK (sky130_fd_sc_hd__dfrtp_2)
                                  0.250000    0.259117   clock uncertainty
                                  0.000000    0.259117   clock reconvergence pessimism
                                  1.317087    1.576204   library removal time
                                              1.576204   data required time
---------------------------------------------------------------------------------------------
                                              1.576204   data required time
                                             -2.953150   data arrival time
---------------------------------------------------------------------------------------------
                                              1.376946   slack (MET)


Startpoint: _1056_ (rising edge-triggered flip-flop clocked by clk)
Endpoint: _1066_ (removal check against rising-edge clock clk)
Path Group: asynchronous
Path Type: min

Fanout         Cap        Slew       Delay        Time   Description
---------------------------------------------------------------------------------------------
                                  0.000000    0.000000   clock clk (rise edge)
                                  0.000000    0.000000   clock source latency
   196    0.487655    0.000000    0.000000    0.000000 ^ clk (in)
                                                         clk (net)
                      0.015566    0.007783    0.007783 ^ _1056_/CLK (sky130_fd_sc_hd__dfrtp_2)
   194    0.819377    3.783620    2.941055    2.948838 ^ _1056_/Q (sky130_fd_sc_hd__dfrtp_2)
                                                         per_core[0].u_core.rst_n (net)
                      3.783626    0.004311    2.953149 ^ _1066_/RESET_B (sky130_fd_sc_hd__dfrtp_2)
                                              2.953149   data arrival time

                                  0.000000    0.000000   clock clk (rise edge)
                                  0.000000    0.000000   clock source latency
   196    0.487655    0.000000    0.000000    0.000000 ^ clk (in)
                                                         clk (net)
                      0.018234    0.009117    0.009117 ^ _1066_/CLK (sky130_fd_sc_hd__dfrtp_2)
                                  0.250000    0.259117   clock uncertainty
                                  0.000000    0.259117   clock reconvergence pessimism
                                  1.317087    1.576204   library removal time
                                              1.576204   data required time
---------------------------------------------------------------------------------------------
                                              1.576204   data required time
                                             -2.953149   data arrival time
---------------------------------------------------------------------------------------------
                                              1.376945   slack (MET)


Startpoint: _1056_ (rising edge-triggered flip-flop clocked by clk)
Endpoint: _1042_ (removal check against rising-edge clock clk)
Path Group: asynchronous
Path Type: min

Fanout         Cap        Slew       Delay        Time   Description
---------------------------------------------------------------------------------------------
                                  0.000000    0.000000   clock clk (rise edge)
                                  0.000000    0.000000   clock source latency
   196    0.487655    0.000000    0.000000    0.000000 ^ clk (in)
                                                         clk (net)
                      0.015566    0.007783    0.007783 ^ _1056_/CLK (sky130_fd_sc_hd__dfrtp_2)
   194    0.819377    3.783620    2.941055    2.948838 ^ _1056_/Q (sky130_fd_sc_hd__dfrtp_2)
                                                         per_core[0].u_core.rst_n (net)
                      3.783631    0.005705    2.954543 ^ _1042_/RESET_B (sky130_fd_sc_hd__dfrtp_2)
                                              2.954543   data arrival time

                                  0.000000    0.000000   clock clk (rise edge)
                                  0.000000    0.000000   clock source latency
   196    0.487655    0.000000    0.000000    0.000000 ^ clk (in)
                                                         clk (net)
                      0.020155    0.010078    0.010078 ^ _1042_/CLK (sky130_fd_sc_hd__dfrtp_2)
                                  0.250000    0.260078   clock uncertainty
                                  0.000000    0.260078   clock reconvergence pessimism
                                  1.317518    1.577595   library removal time
                                              1.577595   data required time
---------------------------------------------------------------------------------------------
                                              1.577595   data required time
                                             -2.954543   data arrival time
---------------------------------------------------------------------------------------------
                                              1.376948   slack (MET)


Startpoint: _1056_ (rising edge-triggered flip-flop clocked by clk)
Endpoint: _1041_ (removal check against rising-edge clock clk)
Path Group: asynchronous
Path Type: min

Fanout         Cap        Slew       Delay        Time   Description
---------------------------------------------------------------------------------------------
                                  0.000000    0.000000   clock clk (rise edge)
                                  0.000000    0.000000   clock source latency
   196    0.487655    0.000000    0.000000    0.000000 ^ clk (in)
                                                         clk (net)
                      0.015566    0.007783    0.007783 ^ _1056_/CLK (sky130_fd_sc_hd__dfrtp_2)
   194    0.819377    3.783620    2.941055    2.948838 ^ _1056_/Q (sky130_fd_sc_hd__dfrtp_2)
                                                         per_core[0].u_core.rst_n (net)
                      3.783631    0.005700    2.954538 ^ _1041_/RESET_B (sky130_fd_sc_hd__dfrtp_2)
                                              2.954538   data arrival time

                                  0.000000    0.000000   clock clk (rise edge)
                                  0.000000    0.000000   clock source latency
   196    0.487655    0.000000    0.000000    0.000000 ^ clk (in)
                                                         clk (net)
                      0.020131    0.010066    0.010066 ^ _1041_/CLK (sky130_fd_sc_hd__dfrtp_2)
                                  0.250000    0.260066   clock uncertainty
                                  0.000000    0.260066   clock reconvergence pessimism
                                  1.317512    1.577578   library removal time
                                              1.577578   data required time
---------------------------------------------------------------------------------------------
                                              1.577578   data required time
                                             -2.954538   data arrival time
---------------------------------------------------------------------------------------------
                                              1.376960   slack (MET)


Startpoint: _1056_ (rising edge-triggered flip-flop clocked by clk)
Endpoint: _1043_ (removal check against rising-edge clock clk)
Path Group: asynchronous
Path Type: min

Fanout         Cap        Slew       Delay        Time   Description
---------------------------------------------------------------------------------------------
                                  0.000000    0.000000   clock clk (rise edge)
                                  0.000000    0.000000   clock source latency
   196    0.487655    0.000000    0.000000    0.000000 ^ clk (in)
                                                         clk (net)
                      0.015566    0.007783    0.007783 ^ _1056_/CLK (sky130_fd_sc_hd__dfrtp_2)
   194    0.819377    3.783620    2.941055    2.948838 ^ _1056_/Q (sky130_fd_sc_hd__dfrtp_2)
                                                         per_core[0].u_core.rst_n (net)
                      3.783631    0.005759    2.954597 ^ _1043_/RESET_B (sky130_fd_sc_hd__dfrtp_2)
                                              2.954597   data arrival time

                                  0.000000    0.000000   clock clk (rise edge)
                                  0.000000    0.000000   clock source latency
   196    0.487655    0.000000    0.000000    0.000000 ^ clk (in)
                                                         clk (net)
                      0.020139    0.010069    0.010069 ^ _1043_/CLK (sky130_fd_sc_hd__dfrtp_2)
                                  0.250000    0.260069   clock uncertainty
                                  0.000000    0.260069   clock reconvergence pessimism
                                  1.317514    1.577583   library removal time
                                              1.577583   data required time
---------------------------------------------------------------------------------------------
                                              1.577583   data required time
                                             -2.954597   data arrival time
---------------------------------------------------------------------------------------------
                                              1.377014   slack (MET)


Startpoint: _1056_ (rising edge-triggered flip-flop clocked by clk)
Endpoint: _1067_ (removal check against rising-edge clock clk)
Path Group: asynchronous
Path Type: min

Fanout         Cap        Slew       Delay        Time   Description
---------------------------------------------------------------------------------------------
                                  0.000000    0.000000   clock clk (rise edge)
                                  0.000000    0.000000   clock source latency
   196    0.487655    0.000000    0.000000    0.000000 ^ clk (in)
                                                         clk (net)
                      0.015566    0.007783    0.007783 ^ _1056_/CLK (sky130_fd_sc_hd__dfrtp_2)
   194    0.819377    3.783620    2.941055    2.948838 ^ _1056_/Q (sky130_fd_sc_hd__dfrtp_2)
                                                         per_core[0].u_core.rst_n (net)
                      3.783620    0.003382    2.952220 ^ _1067_/RESET_B (sky130_fd_sc_hd__dfrtp_2)
                                              2.952220   data arrival time

                                  0.000000    0.000000   clock clk (rise edge)
                                  0.000000    0.000000   clock source latency
   196    0.487655    0.000000    0.000000    0.000000 ^ clk (in)
                                                         clk (net)
                      0.016809    0.008404    0.008404 ^ _1067_/CLK (sky130_fd_sc_hd__dfrtp_2)
                                  0.250000    0.258404   clock uncertainty
                                  0.000000    0.258404   clock reconvergence pessimism
                                  1.316766    1.575170   library removal time
                                              1.575170   data required time
---------------------------------------------------------------------------------------------
                                              1.575170   data required time
                                             -2.952220   data arrival time
---------------------------------------------------------------------------------------------
                                              1.377050   slack (MET)


Startpoint: _1056_ (rising edge-triggered flip-flop clocked by clk)
Endpoint: _1182_ (removal check against rising-edge clock clk)
Path Group: asynchronous
Path Type: min

Fanout         Cap        Slew       Delay        Time   Description
---------------------------------------------------------------------------------------------
                                  0.000000    0.000000   clock clk (rise edge)
                                  0.000000    0.000000   clock source latency
   196    0.487655    0.000000    0.000000    0.000000 ^ clk (in)
                                                         clk (net)
                      0.015566    0.007783    0.007783 ^ _1056_/CLK (sky130_fd_sc_hd__dfrtp_2)
   194    0.819377    3.783620    2.941055    2.948838 ^ _1056_/Q (sky130_fd_sc_hd__dfrtp_2)
                                                         per_core[0].u_core.rst_n (net)
                      3.783627    0.004550    2.953388 ^ _1182_/RESET_B (sky130_fd_sc_hd__dfrtp_2)
                                              2.953388   data arrival time

                                  0.000000    0.000000   clock clk (rise edge)
                                  0.000000    0.000000   clock source latency
   196    0.487655    0.000000    0.000000    0.000000 ^ clk (in)
                                                         clk (net)
                      0.018398    0.009199    0.009199 ^ _1182_/CLK (sky130_fd_sc_hd__dfrtp_2)
                                  0.250000    0.259199   clock uncertainty
                                  0.000000    0.259199   clock reconvergence pessimism
                                  1.317123    1.576322   library removal time
                                              1.576322   data required time
---------------------------------------------------------------------------------------------
                                              1.576322   data required time
                                             -2.953388   data arrival time
---------------------------------------------------------------------------------------------
                                              1.377066   slack (MET)


Startpoint: _1056_ (rising edge-triggered flip-flop clocked by clk)
Endpoint: _1100_ (removal check against rising-edge clock clk)
Path Group: asynchronous
Path Type: min

Fanout         Cap        Slew       Delay        Time   Description
---------------------------------------------------------------------------------------------
                                  0.000000    0.000000   clock clk (rise edge)
                                  0.000000    0.000000   clock source latency
   196    0.487655    0.000000    0.000000    0.000000 ^ clk (in)
                                                         clk (net)
                      0.015566    0.007783    0.007783 ^ _1056_/CLK (sky130_fd_sc_hd__dfrtp_2)
   194    0.819377    3.783620    2.941055    2.948838 ^ _1056_/Q (sky130_fd_sc_hd__dfrtp_2)
                                                         per_core[0].u_core.rst_n (net)
                      3.783620    0.002446    2.951283 ^ _1100_/RESET_B (sky130_fd_sc_hd__dfrtp_2)
                                              2.951283   data arrival time

                                  0.000000    0.000000   clock clk (rise edge)
                                  0.000000    0.000000   clock source latency
   196    0.487655    0.000000    0.000000    0.000000 ^ clk (in)
                                                         clk (net)
                      0.015466    0.007733    0.007733 ^ _1100_/CLK (sky130_fd_sc_hd__dfrtp_2)
                                  0.250000    0.257733   clock uncertainty
                                  0.000000    0.257733   clock reconvergence pessimism
                                  1.316466    1.574199   library removal time
                                              1.574199   data required time
---------------------------------------------------------------------------------------------
                                              1.574199   data required time
                                             -2.951283   data arrival time
---------------------------------------------------------------------------------------------
                                              1.377085   slack (MET)


Startpoint: _1056_ (rising edge-triggered flip-flop clocked by clk)
Endpoint: _1068_ (removal check against rising-edge clock clk)
Path Group: asynchronous
Path Type: min

Fanout         Cap        Slew       Delay        Time   Description
---------------------------------------------------------------------------------------------
                                  0.000000    0.000000   clock clk (rise edge)
                                  0.000000    0.000000   clock source latency
   196    0.487655    0.000000    0.000000    0.000000 ^ clk (in)
                                                         clk (net)
                      0.015566    0.007783    0.007783 ^ _1056_/CLK (sky130_fd_sc_hd__dfrtp_2)
   194    0.819377    3.783620    2.941055    2.948838 ^ _1056_/Q (sky130_fd_sc_hd__dfrtp_2)
                                                         per_core[0].u_core.rst_n (net)
                      3.783620    0.003430    2.952268 ^ _1068_/RESET_B (sky130_fd_sc_hd__dfrtp_2)
                                              2.952268   data arrival time

                                  0.000000    0.000000   clock clk (rise edge)
                                  0.000000    0.000000   clock source latency
   196    0.487655    0.000000    0.000000    0.000000 ^ clk (in)
                                                         clk (net)
                      0.016805    0.008402    0.008402 ^ _1068_/CLK (sky130_fd_sc_hd__dfrtp_2)
                                  0.250000    0.258402   clock uncertainty
                                  0.000000    0.258402   clock reconvergence pessimism
                                  1.316765    1.575168   library removal time
                                              1.575168   data required time
---------------------------------------------------------------------------------------------
                                              1.575168   data required time
                                             -2.952268   data arrival time
---------------------------------------------------------------------------------------------
                                              1.377100   slack (MET)


Startpoint: _1056_ (rising edge-triggered flip-flop clocked by clk)
Endpoint: _1183_ (removal check against rising-edge clock clk)
Path Group: asynchronous
Path Type: min

Fanout         Cap        Slew       Delay        Time   Description
---------------------------------------------------------------------------------------------
                                  0.000000    0.000000   clock clk (rise edge)
                                  0.000000    0.000000   clock source latency
   196    0.487655    0.000000    0.000000    0.000000 ^ clk (in)
                                                         clk (net)
                      0.015566    0.007783    0.007783 ^ _1056_/CLK (sky130_fd_sc_hd__dfrtp_2)
   194    0.819377    3.783620    2.941055    2.948838 ^ _1056_/Q (sky130_fd_sc_hd__dfrtp_2)
                                                         per_core[0].u_core.rst_n (net)
                      3.783627    0.004670    2.953508 ^ _1183_/RESET_B (sky130_fd_sc_hd__dfrtp_2)
                                              2.953508   data arrival time

                                  0.000000    0.000000   clock clk (rise edge)
                                  0.000000    0.000000   clock source latency
   196    0.487655    0.000000    0.000000    0.000000 ^ clk (in)
                                                         clk (net)
                      0.018419    0.009210    0.009210 ^ _1183_/CLK (sky130_fd_sc_hd__dfrtp_2)
                                  0.250000    0.259210   clock uncertainty
                                  0.000000    0.259210   clock reconvergence pessimism
                                  1.317128    1.576338   library removal time
                                              1.576338   data required time
---------------------------------------------------------------------------------------------
                                              1.576338   data required time
                                             -2.953508   data arrival time
---------------------------------------------------------------------------------------------
                                              1.377170   slack (MET)


Startpoint: _1056_ (rising edge-triggered flip-flop clocked by clk)
Endpoint: _1178_ (removal check against rising-edge clock clk)
Path Group: asynchronous
Path Type: min

Fanout         Cap        Slew       Delay        Time   Description
---------------------------------------------------------------------------------------------
                                  0.000000    0.000000   clock clk (rise edge)
                                  0.000000    0.000000   clock source latency
   196    0.487655    0.000000    0.000000    0.000000 ^ clk (in)
                                                         clk (net)
                      0.015566    0.007783    0.007783 ^ _1056_/CLK (sky130_fd_sc_hd__dfrtp_2)
   194    0.819377    3.783620    2.941055    2.948838 ^ _1056_/Q (sky130_fd_sc_hd__dfrtp_2)
                                                         per_core[0].u_core.rst_n (net)
                      3.783628    0.004840    2.953678 ^ _1178_/RESET_B (sky130_fd_sc_hd__dfrtp_2)
                                              2.953678   data arrival time

                                  0.000000    0.000000   clock clk (rise edge)
                                  0.000000    0.000000   clock source latency
   196    0.487655    0.000000    0.000000    0.000000 ^ clk (in)
                                                         clk (net)
                      0.018645    0.009322    0.009322 ^ _1178_/CLK (sky130_fd_sc_hd__dfrtp_2)
                                  0.250000    0.259322   clock uncertainty
                                  0.000000    0.259322   clock reconvergence pessimism
                                  1.317179    1.576501   library removal time
                                              1.576501   data required time
---------------------------------------------------------------------------------------------
                                              1.576501   data required time
                                             -2.953678   data arrival time
---------------------------------------------------------------------------------------------
                                              1.377177   slack (MET)


Startpoint: _1056_ (rising edge-triggered flip-flop clocked by clk)
Endpoint: _1176_ (removal check against rising-edge clock clk)
Path Group: asynchronous
Path Type: min

Fanout         Cap        Slew       Delay        Time   Description
---------------------------------------------------------------------------------------------
                                  0.000000    0.000000   clock clk (rise edge)
                                  0.000000    0.000000   clock source latency
   196    0.487655    0.000000    0.000000    0.000000 ^ clk (in)
                                                         clk (net)
                      0.015566    0.007783    0.007783 ^ _1056_/CLK (sky130_fd_sc_hd__dfrtp_2)
   194    0.819377    3.783620    2.941055    2.948838 ^ _1056_/Q (sky130_fd_sc_hd__dfrtp_2)
                                                         per_core[0].u_core.rst_n (net)
                      3.783628    0.004846    2.953684 ^ _1176_/RESET_B (sky130_fd_sc_hd__dfrtp_2)
                                              2.953684   data arrival time

                                  0.000000    0.000000   clock clk (rise edge)
                                  0.000000    0.000000   clock source latency
   196    0.487655    0.000000    0.000000    0.000000 ^ clk (in)
                                                         clk (net)
                      0.018649    0.009325    0.009325 ^ _1176_/CLK (sky130_fd_sc_hd__dfrtp_2)
                                  0.250000    0.259325   clock uncertainty
                                  0.000000    0.259325   clock reconvergence pessimism
                                  1.317180    1.576504   library removal time
                                              1.576504   data required time
---------------------------------------------------------------------------------------------
                                              1.576504   data required time
                                             -2.953684   data arrival time
---------------------------------------------------------------------------------------------
                                              1.377180   slack (MET)


Startpoint: _1056_ (rising edge-triggered flip-flop clocked by clk)
Endpoint: _1177_ (removal check against rising-edge clock clk)
Path Group: asynchronous
Path Type: min

Fanout         Cap        Slew       Delay        Time   Description
---------------------------------------------------------------------------------------------
                                  0.000000    0.000000   clock clk (rise edge)
                                  0.000000    0.000000   clock source latency
   196    0.487655    0.000000    0.000000    0.000000 ^ clk (in)
                                                         clk (net)
                      0.015566    0.007783    0.007783 ^ _1056_/CLK (sky130_fd_sc_hd__dfrtp_2)
   194    0.819377    3.783620    2.941055    2.948838 ^ _1056_/Q (sky130_fd_sc_hd__dfrtp_2)
                                                         per_core[0].u_core.rst_n (net)
                      3.783628    0.004846    2.953684 ^ _1177_/RESET_B (sky130_fd_sc_hd__dfrtp_2)
                                              2.953684   data arrival time

                                  0.000000    0.000000   clock clk (rise edge)
                                  0.000000    0.000000   clock source latency
   196    0.487655    0.000000    0.000000    0.000000 ^ clk (in)
                                                         clk (net)
                      0.018649    0.009324    0.009324 ^ _1177_/CLK (sky130_fd_sc_hd__dfrtp_2)
                                  0.250000    0.259324   clock uncertainty
                                  0.000000    0.259324   clock reconvergence pessimism
                                  1.317180    1.576504   library removal time
                                              1.576504   data required time
---------------------------------------------------------------------------------------------
                                              1.576504   data required time
                                             -2.953684   data arrival time
---------------------------------------------------------------------------------------------
                                              1.377180   slack (MET)


Startpoint: _1056_ (rising edge-triggered flip-flop clocked by clk)
Endpoint: _1184_ (removal check against rising-edge clock clk)
Path Group: asynchronous
Path Type: min

Fanout         Cap        Slew       Delay        Time   Description
---------------------------------------------------------------------------------------------
                                  0.000000    0.000000   clock clk (rise edge)
                                  0.000000    0.000000   clock source latency
   196    0.487655    0.000000    0.000000    0.000000 ^ clk (in)
                                                         clk (net)
                      0.015566    0.007783    0.007783 ^ _1056_/CLK (sky130_fd_sc_hd__dfrtp_2)
   194    0.819377    3.783620    2.941055    2.948838 ^ _1056_/Q (sky130_fd_sc_hd__dfrtp_2)
                                                         per_core[0].u_core.rst_n (net)
                      3.783628    0.004768    2.953606 ^ _1184_/RESET_B (sky130_fd_sc_hd__dfrtp_2)
                                              2.953606   data arrival time

                                  0.000000    0.000000   clock clk (rise edge)
                                  0.000000    0.000000   clock source latency
   196    0.487655    0.000000    0.000000    0.000000 ^ clk (in)
                                                         clk (net)
                      0.018433    0.009217    0.009217 ^ _1184_/CLK (sky130_fd_sc_hd__dfrtp_2)
                                  0.250000    0.259217   clock uncertainty
                                  0.000000    0.259217   clock reconvergence pessimism
                                  1.317132    1.576348   library removal time
                                              1.576348   data required time
---------------------------------------------------------------------------------------------
                                              1.576348   data required time
                                             -2.953606   data arrival time
---------------------------------------------------------------------------------------------
                                              1.377257   slack (MET)


Startpoint: _1056_ (rising edge-triggered flip-flop clocked by clk)
Endpoint: _1194_ (removal check against rising-edge clock clk)
Path Group: asynchronous
Path Type: min

Fanout         Cap        Slew       Delay        Time   Description
---------------------------------------------------------------------------------------------
                                  0.000000    0.000000   clock clk (rise edge)
                                  0.000000    0.000000   clock source latency
   196    0.487655    0.000000    0.000000    0.000000 ^ clk (in)
                                                         clk (net)
                      0.015566    0.007783    0.007783 ^ _1056_/CLK (sky130_fd_sc_hd__dfrtp_2)
   194    0.819377    3.783620    2.941055    2.948838 ^ _1056_/Q (sky130_fd_sc_hd__dfrtp_2)
                                                         per_core[0].u_core.rst_n (net)
                      3.783633    0.006283    2.955121 ^ _1194_/RESET_B (sky130_fd_sc_hd__dfrtp_2)
                                              2.955121   data arrival time

                                  0.000000    0.000000   clock clk (rise edge)
                                  0.000000    0.000000   clock source latency
   196    0.487655    0.000000    0.000000    0.000000 ^ clk (in)
                                                         clk (net)
                      0.020394    0.010197    0.010197 ^ _1194_/CLK (sky130_fd_sc_hd__dfrtp_2)
                                  0.250000    0.260197   clock uncertainty
                                  0.000000    0.260197   clock reconvergence pessimism
                                  1.317572    1.577769   library removal time
                                              1.577769   data required time
---------------------------------------------------------------------------------------------
                                              1.577769   data required time
                                             -2.955121   data arrival time
---------------------------------------------------------------------------------------------
                                              1.377352   slack (MET)


Startpoint: _1056_ (rising edge-triggered flip-flop clocked by clk)
Endpoint: _1195_ (removal check against rising-edge clock clk)
Path Group: asynchronous
Path Type: min

Fanout         Cap        Slew       Delay        Time   Description
---------------------------------------------------------------------------------------------
                                  0.000000    0.000000   clock clk (rise edge)
                                  0.000000    0.000000   clock source latency
   196    0.487655    0.000000    0.000000    0.000000 ^ clk (in)
                                                         clk (net)
                      0.015566    0.007783    0.007783 ^ _1056_/CLK (sky130_fd_sc_hd__dfrtp_2)
   194    0.819377    3.783620    2.941055    2.948838 ^ _1056_/Q (sky130_fd_sc_hd__dfrtp_2)
                                                         per_core[0].u_core.rst_n (net)
                      3.783633    0.006290    2.955128 ^ _1195_/RESET_B (sky130_fd_sc_hd__dfrtp_2)
                                              2.955128   data arrival time

                                  0.000000    0.000000   clock clk (rise edge)
                                  0.000000    0.000000   clock source latency
   196    0.487655    0.000000    0.000000    0.000000 ^ clk (in)
                                                         clk (net)
                      0.020403    0.010201    0.010201 ^ _1195_/CLK (sky130_fd_sc_hd__dfrtp_2)
                                  0.250000    0.260201   clock uncertainty
                                  0.000000    0.260201   clock reconvergence pessimism
                                  1.317574    1.577775   library removal time
                                              1.577775   data required time
---------------------------------------------------------------------------------------------
                                              1.577775   data required time
                                             -2.955128   data arrival time
---------------------------------------------------------------------------------------------
                                              1.377353   slack (MET)


Startpoint: _1056_ (rising edge-triggered flip-flop clocked by clk)
Endpoint: _1046_ (removal check against rising-edge clock clk)
Path Group: asynchronous
Path Type: min

Fanout         Cap        Slew       Delay        Time   Description
---------------------------------------------------------------------------------------------
                                  0.000000    0.000000   clock clk (rise edge)
                                  0.000000    0.000000   clock source latency
   196    0.487655    0.000000    0.000000    0.000000 ^ clk (in)
                                                         clk (net)
                      0.015566    0.007783    0.007783 ^ _1056_/CLK (sky130_fd_sc_hd__dfrtp_2)
   194    0.819377    3.783620    2.941055    2.948838 ^ _1056_/Q (sky130_fd_sc_hd__dfrtp_2)
                                                         per_core[0].u_core.rst_n (net)
                      3.783632    0.005960    2.954798 ^ _1046_/RESET_B (sky130_fd_sc_hd__dfrtp_2)
                                              2.954798   data arrival time

                                  0.000000    0.000000   clock clk (rise edge)
                                  0.000000    0.000000   clock source latency
   196    0.487655    0.000000    0.000000    0.000000 ^ clk (in)
                                                         clk (net)
                      0.019934    0.009967    0.009967 ^ _1046_/CLK (sky130_fd_sc_hd__dfrtp_2)
                                  0.250000    0.259967   clock uncertainty
                                  0.000000    0.259967   clock reconvergence pessimism
                                  1.317469    1.577436   library removal time
                                              1.577436   data required time
---------------------------------------------------------------------------------------------
                                              1.577436   data required time
                                             -2.954798   data arrival time
---------------------------------------------------------------------------------------------
                                              1.377362   slack (MET)


Startpoint: _1056_ (rising edge-triggered flip-flop clocked by clk)
Endpoint: _1040_ (removal check against rising-edge clock clk)
Path Group: asynchronous
Path Type: min

Fanout         Cap        Slew       Delay        Time   Description
---------------------------------------------------------------------------------------------
                                  0.000000    0.000000   clock clk (rise edge)
                                  0.000000    0.000000   clock source latency
   196    0.487655    0.000000    0.000000    0.000000 ^ clk (in)
                                                         clk (net)
                      0.015566    0.007783    0.007783 ^ _1056_/CLK (sky130_fd_sc_hd__dfrtp_2)
   194    0.819377    3.783620    2.941055    2.948838 ^ _1056_/Q (sky130_fd_sc_hd__dfrtp_2)
                                                         per_core[0].u_core.rst_n (net)
                      3.783632    0.005992    2.954830 ^ _1040_/RESET_B (sky130_fd_sc_hd__dfrtp_2)
                                              2.954830   data arrival time

                                  0.000000    0.000000   clock clk (rise edge)
                                  0.000000    0.000000   clock source latency
   196    0.487655    0.000000    0.000000    0.000000 ^ clk (in)
                                                         clk (net)
                      0.019951    0.009975    0.009975 ^ _1040_/CLK (sky130_fd_sc_hd__dfrtp_2)
                                  0.250000    0.259975   clock uncertainty
                                  0.000000    0.259975   clock reconvergence pessimism
                                  1.317472    1.577448   library removal time
                                              1.577448   data required time
---------------------------------------------------------------------------------------------
                                              1.577448   data required time
                                             -2.954830   data arrival time
---------------------------------------------------------------------------------------------
                                              1.377383   slack (MET)


Startpoint: _1056_ (rising edge-triggered flip-flop clocked by clk)
Endpoint: _1044_ (removal check against rising-edge clock clk)
Path Group: asynchronous
Path Type: min

Fanout         Cap        Slew       Delay        Time   Description
---------------------------------------------------------------------------------------------
                                  0.000000    0.000000   clock clk (rise edge)
                                  0.000000    0.000000   clock source latency
   196    0.487655    0.000000    0.000000    0.000000 ^ clk (in)
                                                         clk (net)
                      0.015566    0.007783    0.007783 ^ _1056_/CLK (sky130_fd_sc_hd__dfrtp_2)
   194    0.819377    3.783620    2.941055    2.948838 ^ _1056_/Q (sky130_fd_sc_hd__dfrtp_2)
                                                         per_core[0].u_core.rst_n (net)
                      3.783632    0.005849    2.954687 ^ _1044_/RESET_B (sky130_fd_sc_hd__dfrtp_2)
                                              2.954687   data arrival time

                                  0.000000    0.000000   clock clk (rise edge)
                                  0.000000    0.000000   clock source latency
   196    0.487655    0.000000    0.000000    0.000000 ^ clk (in)
                                                         clk (net)
                      0.019747    0.009874    0.009874 ^ _1044_/CLK (sky130_fd_sc_hd__dfrtp_2)
                                  0.250000    0.259874   clock uncertainty
                                  0.000000    0.259874   clock reconvergence pessimism
                                  1.317427    1.577300   library removal time
                                              1.577300   data required time
---------------------------------------------------------------------------------------------
                                              1.577300   data required time
                                             -2.954687   data arrival time
---------------------------------------------------------------------------------------------
                                              1.377386   slack (MET)


Startpoint: _1056_ (rising edge-triggered flip-flop clocked by clk)
Endpoint: _1196_ (removal check against rising-edge clock clk)
Path Group: asynchronous
Path Type: min

Fanout         Cap        Slew       Delay        Time   Description
---------------------------------------------------------------------------------------------
                                  0.000000    0.000000   clock clk (rise edge)
                                  0.000000    0.000000   clock source latency
   196    0.487655    0.000000    0.000000    0.000000 ^ clk (in)
                                                         clk (net)
                      0.015566    0.007783    0.007783 ^ _1056_/CLK (sky130_fd_sc_hd__dfrtp_2)
   194    0.819377    3.783620    2.941055    2.948838 ^ _1056_/Q (sky130_fd_sc_hd__dfrtp_2)
                                                         per_core[0].u_core.rst_n (net)
                      3.783634    0.006336    2.955174 ^ _1196_/RESET_B (sky130_fd_sc_hd__dfrtp_2)
                                              2.955174   data arrival time

                                  0.000000    0.000000   clock clk (rise edge)
                                  0.000000    0.000000   clock source latency
   196    0.487655    0.000000    0.000000    0.000000 ^ clk (in)
                                                         clk (net)
                      0.020406    0.010203    0.010203 ^ _1196_/CLK (sky130_fd_sc_hd__dfrtp_2)
                                  0.250000    0.260203   clock uncertainty
                                  0.000000    0.260203   clock reconvergence pessimism
                                  1.317574    1.577777   library removal time
                                              1.577777   data required time
---------------------------------------------------------------------------------------------
                                              1.577777   data required time
                                             -2.955174   data arrival time
---------------------------------------------------------------------------------------------
                                              1.377397   slack (MET)


Startpoint: _1056_ (rising edge-triggered flip-flop clocked by clk)
Endpoint: _1037_ (removal check against rising-edge clock clk)
Path Group: asynchronous
Path Type: min

Fanout         Cap        Slew       Delay        Time   Description
---------------------------------------------------------------------------------------------
                                  0.000000    0.000000   clock clk (rise edge)
                                  0.000000    0.000000   clock source latency
   196    0.487655    0.000000    0.000000    0.000000 ^ clk (in)
                                                         clk (net)
                      0.015566    0.007783    0.007783 ^ _1056_/CLK (sky130_fd_sc_hd__dfrtp_2)
   194    0.819377    3.783620    2.941055    2.948838 ^ _1056_/Q (sky130_fd_sc_hd__dfrtp_2)
                                                         per_core[0].u_core.rst_n (net)
                      3.783635    0.006517    2.955355 ^ _1037_/RESET_B (sky130_fd_sc_hd__dfrtp_2)
                                              2.955355   data arrival time

                                  0.000000    0.000000   clock clk (rise edge)
                                  0.000000    0.000000   clock source latency
   196    0.487655    0.000000    0.000000    0.000000 ^ clk (in)
                                                         clk (net)
                      0.020535    0.010268    0.010268 ^ _1037_/CLK (sky130_fd_sc_hd__dfrtp_2)
                                  0.250000    0.260268   clock uncertainty
                                  0.000000    0.260268   clock reconvergence pessimism
                                  1.317604    1.577871   library removal time
                                              1.577871   data required time
---------------------------------------------------------------------------------------------
                                              1.577871   data required time
                                             -2.955355   data arrival time
---------------------------------------------------------------------------------------------
                                              1.377483   slack (MET)


Startpoint: _1056_ (rising edge-triggered flip-flop clocked by clk)
Endpoint: _1181_ (removal check against rising-edge clock clk)
Path Group: asynchronous
Path Type: min

Fanout         Cap        Slew       Delay        Time   Description
---------------------------------------------------------------------------------------------
                                  0.000000    0.000000   clock clk (rise edge)
                                  0.000000    0.000000   clock source latency
   196    0.487655    0.000000    0.000000    0.000000 ^ clk (in)
                                                         clk (net)
                      0.015566    0.007783    0.007783 ^ _1056_/CLK (sky130_fd_sc_hd__dfrtp_2)
   194    0.819377    3.783620    2.941055    2.948838 ^ _1056_/Q (sky130_fd_sc_hd__dfrtp_2)
                                                         per_core[0].u_core.rst_n (net)
                      3.783629    0.005233    2.954071 ^ _1181_/RESET_B (sky130_fd_sc_hd__dfrtp_2)
                                              2.954071   data arrival time

                                  0.000000    0.000000   clock clk (rise edge)
                                  0.000000    0.000000   clock source latency
   196    0.487655    0.000000    0.000000    0.000000 ^ clk (in)
                                                         clk (net)
                      0.018760    0.009380    0.009380 ^ _1181_/CLK (sky130_fd_sc_hd__dfrtp_2)
                                  0.250000    0.259380   clock uncertainty
                                  0.000000    0.259380   clock reconvergence pessimism
                                  1.317205    1.576585   library removal time
                                              1.576585   data required time
---------------------------------------------------------------------------------------------
                                              1.576585   data required time
                                             -2.954071   data arrival time
---------------------------------------------------------------------------------------------
                                              1.377487   slack (MET)


Startpoint: _1056_ (rising edge-triggered flip-flop clocked by clk)
Endpoint: _1038_ (removal check against rising-edge clock clk)
Path Group: asynchronous
Path Type: min

Fanout         Cap        Slew       Delay        Time   Description
---------------------------------------------------------------------------------------------
                                  0.000000    0.000000   clock clk (rise edge)
                                  0.000000    0.000000   clock source latency
   196    0.487655    0.000000    0.000000    0.000000 ^ clk (in)
                                                         clk (net)
                      0.015566    0.007783    0.007783 ^ _1056_/CLK (sky130_fd_sc_hd__dfrtp_2)
   194    0.819377    3.783620    2.941055    2.948838 ^ _1056_/Q (sky130_fd_sc_hd__dfrtp_2)
                                                         per_core[0].u_core.rst_n (net)
                      3.783635    0.006496    2.955334 ^ _1038_/RESET_B (sky130_fd_sc_hd__dfrtp_2)
                                              2.955334   data arrival time

                                  0.000000    0.000000   clock clk (rise edge)
                                  0.000000    0.000000   clock source latency
   196    0.487655    0.000000    0.000000    0.000000 ^ clk (in)
                                                         clk (net)
                      0.020487    0.010244    0.010244 ^ _1038_/CLK (sky130_fd_sc_hd__dfrtp_2)
                                  0.250000    0.260244   clock uncertainty
                                  0.000000    0.260244   clock reconvergence pessimism
                                  1.317593    1.577837   library removal time
                                              1.577837   data required time
---------------------------------------------------------------------------------------------
                                              1.577837   data required time
                                             -2.955334   data arrival time
---------------------------------------------------------------------------------------------
                                              1.377498   slack (MET)


Startpoint: _1056_ (rising edge-triggered flip-flop clocked by clk)
Endpoint: _1039_ (removal check against rising-edge clock clk)
Path Group: asynchronous
Path Type: min

Fanout         Cap        Slew       Delay        Time   Description
---------------------------------------------------------------------------------------------
                                  0.000000    0.000000   clock clk (rise edge)
                                  0.000000    0.000000   clock source latency
   196    0.487655    0.000000    0.000000    0.000000 ^ clk (in)
                                                         clk (net)
                      0.015566    0.007783    0.007783 ^ _1056_/CLK (sky130_fd_sc_hd__dfrtp_2)
   194    0.819377    3.783620    2.941055    2.948838 ^ _1056_/Q (sky130_fd_sc_hd__dfrtp_2)
                                                         per_core[0].u_core.rst_n (net)
                      3.783635    0.006507    2.955345 ^ _1039_/RESET_B (sky130_fd_sc_hd__dfrtp_2)
                                              2.955345   data arrival time

                                  0.000000    0.000000   clock clk (rise edge)
                                  0.000000    0.000000   clock source latency
   196    0.487655    0.000000    0.000000    0.000000 ^ clk (in)
                                                         clk (net)
                      0.020500    0.010250    0.010250 ^ _1039_/CLK (sky130_fd_sc_hd__dfrtp_2)
                                  0.250000    0.260250   clock uncertainty
                                  0.000000    0.260250   clock reconvergence pessimism
                                  1.317596    1.577846   library removal time
                                              1.577846   data required time
---------------------------------------------------------------------------------------------
                                              1.577846   data required time
                                             -2.955345   data arrival time
---------------------------------------------------------------------------------------------
                                              1.377499   slack (MET)


Startpoint: _1056_ (rising edge-triggered flip-flop clocked by clk)
Endpoint: _1180_ (removal check against rising-edge clock clk)
Path Group: asynchronous
Path Type: min

Fanout         Cap        Slew       Delay        Time   Description
---------------------------------------------------------------------------------------------
                                  0.000000    0.000000   clock clk (rise edge)
                                  0.000000    0.000000   clock source latency
   196    0.487655    0.000000    0.000000    0.000000 ^ clk (in)
                                                         clk (net)
                      0.015566    0.007783    0.007783 ^ _1056_/CLK (sky130_fd_sc_hd__dfrtp_2)
   194    0.819377    3.783620    2.941055    2.948838 ^ _1056_/Q (sky130_fd_sc_hd__dfrtp_2)
                                                         per_core[0].u_core.rst_n (net)
                      3.783629    0.005272    2.954109 ^ _1180_/RESET_B (sky130_fd_sc_hd__dfrtp_2)
                                              2.954109   data arrival time

                                  0.000000    0.000000   clock clk (rise edge)
                                  0.000000    0.000000   clock source latency
   196    0.487655    0.000000    0.000000    0.000000 ^ clk (in)
                                                         clk (net)
                      0.018773    0.009386    0.009386 ^ _1180_/CLK (sky130_fd_sc_hd__dfrtp_2)
                                  0.250000    0.259386   clock uncertainty
                                  0.000000    0.259386   clock reconvergence pessimism
                                  1.317208    1.576594   library removal time
                                              1.576594   data required time
---------------------------------------------------------------------------------------------
                                              1.576594   data required time
                                             -2.954109   data arrival time
---------------------------------------------------------------------------------------------
                                              1.377515   slack (MET)


Startpoint: _1056_ (rising edge-triggered flip-flop clocked by clk)
Endpoint: _1036_ (removal check against rising-edge clock clk)
Path Group: asynchronous
Path Type: min

Fanout         Cap        Slew       Delay        Time   Description
---------------------------------------------------------------------------------------------
                                  0.000000    0.000000   clock clk (rise edge)
                                  0.000000    0.000000   clock source latency
   196    0.487655    0.000000    0.000000    0.000000 ^ clk (in)
                                                         clk (net)
                      0.015566    0.007783    0.007783 ^ _1056_/CLK (sky130_fd_sc_hd__dfrtp_2)
   194    0.819377    3.783620    2.941055    2.948838 ^ _1056_/Q (sky130_fd_sc_hd__dfrtp_2)
                                                         per_core[0].u_core.rst_n (net)
                      3.783635    0.006567    2.955405 ^ _1036_/RESET_B (sky130_fd_sc_hd__dfrtp_2)
                                              2.955405   data arrival time

                                  0.000000    0.000000   clock clk (rise edge)
                                  0.000000    0.000000   clock source latency
   196    0.487655    0.000000    0.000000    0.000000 ^ clk (in)
                                                         clk (net)
                      0.020555    0.010278    0.010278 ^ _1036_/CLK (sky130_fd_sc_hd__dfrtp_2)
                                  0.250000    0.260278   clock uncertainty
                                  0.000000    0.260278   clock reconvergence pessimism
                                  1.317608    1.577886   library removal time
                                              1.577886   data required time
---------------------------------------------------------------------------------------------
                                              1.577886   data required time
                                             -2.955405   data arrival time
---------------------------------------------------------------------------------------------
                                              1.377519   slack (MET)


Startpoint: _1056_ (rising edge-triggered flip-flop clocked by clk)
Endpoint: _1179_ (removal check against rising-edge clock clk)
Path Group: asynchronous
Path Type: min

Fanout         Cap        Slew       Delay        Time   Description
---------------------------------------------------------------------------------------------
                                  0.000000    0.000000   clock clk (rise edge)
                                  0.000000    0.000000   clock source latency
   196    0.487655    0.000000    0.000000    0.000000 ^ clk (in)
                                                         clk (net)
                      0.015566    0.007783    0.007783 ^ _1056_/CLK (sky130_fd_sc_hd__dfrtp_2)
   194    0.819377    3.783620    2.941055    2.948838 ^ _1056_/Q (sky130_fd_sc_hd__dfrtp_2)
                                                         per_core[0].u_core.rst_n (net)
                      3.783629    0.005278    2.954116 ^ _1179_/RESET_B (sky130_fd_sc_hd__dfrtp_2)
                                              2.954116   data arrival time

                                  0.000000    0.000000   clock clk (rise edge)
                                  0.000000    0.000000   clock source latency
   196    0.487655    0.000000    0.000000    0.000000 ^ clk (in)
                                                         clk (net)
                      0.018778    0.009389    0.009389 ^ _1179_/CLK (sky130_fd_sc_hd__dfrtp_2)
                                  0.250000    0.259389   clock uncertainty
                                  0.000000    0.259389   clock reconvergence pessimism
                                  1.317209    1.576598   library removal time
                                              1.576598   data required time
---------------------------------------------------------------------------------------------
                                              1.576598   data required time
                                             -2.954116   data arrival time
---------------------------------------------------------------------------------------------
                                              1.377518   slack (MET)


Startpoint: _1056_ (rising edge-triggered flip-flop clocked by clk)
Endpoint: _1187_ (removal check against rising-edge clock clk)
Path Group: asynchronous
Path Type: min

Fanout         Cap        Slew       Delay        Time   Description
---------------------------------------------------------------------------------------------
                                  0.000000    0.000000   clock clk (rise edge)
                                  0.000000    0.000000   clock source latency
   196    0.487655    0.000000    0.000000    0.000000 ^ clk (in)
                                                         clk (net)
                      0.015566    0.007783    0.007783 ^ _1056_/CLK (sky130_fd_sc_hd__dfrtp_2)
   194    0.819377    3.783620    2.941055    2.948838 ^ _1056_/Q (sky130_fd_sc_hd__dfrtp_2)
                                                         per_core[0].u_core.rst_n (net)
                      3.783629    0.005070    2.953908 ^ _1187_/RESET_B (sky130_fd_sc_hd__dfrtp_2)
                                              2.953908   data arrival time

                                  0.000000    0.000000   clock clk (rise edge)
                                  0.000000    0.000000   clock source latency
   196    0.487655    0.000000    0.000000    0.000000 ^ clk (in)
                                                         clk (net)
                      0.018463    0.009232    0.009232 ^ _1187_/CLK (sky130_fd_sc_hd__dfrtp_2)
                                  0.250000    0.259232   clock uncertainty
                                  0.000000    0.259232   clock reconvergence pessimism
                                  1.317138    1.576370   library removal time
                                              1.576370   data required time
---------------------------------------------------------------------------------------------
                                              1.576370   data required time
                                             -2.953908   data arrival time
---------------------------------------------------------------------------------------------
                                              1.377538   slack (MET)


Startpoint: _1056_ (rising edge-triggered flip-flop clocked by clk)
Endpoint: _1035_ (removal check against rising-edge clock clk)
Path Group: asynchronous
Path Type: min

Fanout         Cap        Slew       Delay        Time   Description
---------------------------------------------------------------------------------------------
                                  0.000000    0.000000   clock clk (rise edge)
                                  0.000000    0.000000   clock source latency
   196    0.487655    0.000000    0.000000    0.000000 ^ clk (in)
                                                         clk (net)
                      0.015566    0.007783    0.007783 ^ _1056_/CLK (sky130_fd_sc_hd__dfrtp_2)
   194    0.819377    3.783620    2.941055    2.948838 ^ _1056_/Q (sky130_fd_sc_hd__dfrtp_2)
                                                         per_core[0].u_core.rst_n (net)
                      3.783635    0.006642    2.955479 ^ _1035_/RESET_B (sky130_fd_sc_hd__dfrtp_2)
                                              2.955479   data arrival time

                                  0.000000    0.000000   clock clk (rise edge)
                                  0.000000    0.000000   clock source latency
   196    0.487655    0.000000    0.000000    0.000000 ^ clk (in)
                                                         clk (net)
                      0.020579    0.010289    0.010289 ^ _1035_/CLK (sky130_fd_sc_hd__dfrtp_2)
                                  0.250000    0.260289   clock uncertainty
                                  0.000000    0.260289   clock reconvergence pessimism
                                  1.317613    1.577903   library removal time
                                              1.577903   data required time
---------------------------------------------------------------------------------------------
                                              1.577903   data required time
                                             -2.955479   data arrival time
---------------------------------------------------------------------------------------------
                                              1.377577   slack (MET)


Startpoint: _1056_ (rising edge-triggered flip-flop clocked by clk)
Endpoint: _1064_ (removal check against rising-edge clock clk)
Path Group: asynchronous
Path Type: min

Fanout         Cap        Slew       Delay        Time   Description
---------------------------------------------------------------------------------------------
                                  0.000000    0.000000   clock clk (rise edge)
                                  0.000000    0.000000   clock source latency
   196    0.487655    0.000000    0.000000    0.000000 ^ clk (in)
                                                         clk (net)
                      0.015566    0.007783    0.007783 ^ _1056_/CLK (sky130_fd_sc_hd__dfrtp_2)
   194    0.819377    3.783620    2.941055    2.948838 ^ _1056_/Q (sky130_fd_sc_hd__dfrtp_2)
                                                         per_core[0].u_core.rst_n (net)
                      3.783625    0.003797    2.952635 ^ _1064_/RESET_B (sky130_fd_sc_hd__dfrtp_2)
                                              2.952635   data arrival time

                                  0.000000    0.000000   clock clk (rise edge)
                                  0.000000    0.000000   clock source latency
   196    0.487655    0.000000    0.000000    0.000000 ^ clk (in)
                                                         clk (net)
                      0.016619    0.008310    0.008310 ^ _1064_/CLK (sky130_fd_sc_hd__dfrtp_2)
                                  0.250000    0.258310   clock uncertainty
                                  0.000000    0.258310   clock reconvergence pessimism
                                  1.316725    1.575035   library removal time
                                              1.575035   data required time
---------------------------------------------------------------------------------------------
                                              1.575035   data required time
                                             -2.952635   data arrival time
---------------------------------------------------------------------------------------------
                                              1.377601   slack (MET)


Startpoint: _1056_ (rising edge-triggered flip-flop clocked by clk)
Endpoint: _1034_ (removal check against rising-edge clock clk)
Path Group: asynchronous
Path Type: min

Fanout         Cap        Slew       Delay        Time   Description
---------------------------------------------------------------------------------------------
                                  0.000000    0.000000   clock clk (rise edge)
                                  0.000000    0.000000   clock source latency
   196    0.487655    0.000000    0.000000    0.000000 ^ clk (in)
                                                         clk (net)
                      0.015566    0.007783    0.007783 ^ _1056_/CLK (sky130_fd_sc_hd__dfrtp_2)
   194    0.819377    3.783620    2.941055    2.948838 ^ _1056_/Q (sky130_fd_sc_hd__dfrtp_2)
                                                         per_core[0].u_core.rst_n (net)
                      3.783635    0.006678    2.955516 ^ _1034_/RESET_B (sky130_fd_sc_hd__dfrtp_2)
                                              2.955516   data arrival time

                                  0.000000    0.000000   clock clk (rise edge)
                                  0.000000    0.000000   clock source latency
   196    0.487655    0.000000    0.000000    0.000000 ^ clk (in)
                                                         clk (net)
                      0.020585    0.010293    0.010293 ^ _1034_/CLK (sky130_fd_sc_hd__dfrtp_2)
                                  0.250000    0.260293   clock uncertainty
                                  0.000000    0.260293   clock reconvergence pessimism
                                  1.317615    1.577908   library removal time
                                              1.577908   data required time
---------------------------------------------------------------------------------------------
                                              1.577908   data required time
                                             -2.955516   data arrival time
---------------------------------------------------------------------------------------------
                                              1.377609   slack (MET)


Startpoint: _1056_ (rising edge-triggered flip-flop clocked by clk)
Endpoint: _1188_ (removal check against rising-edge clock clk)
Path Group: asynchronous
Path Type: min

Fanout         Cap        Slew       Delay        Time   Description
---------------------------------------------------------------------------------------------
                                  0.000000    0.000000   clock clk (rise edge)
                                  0.000000    0.000000   clock source latency
   196    0.487655    0.000000    0.000000    0.000000 ^ clk (in)
                                                         clk (net)
                      0.015566    0.007783    0.007783 ^ _1056_/CLK (sky130_fd_sc_hd__dfrtp_2)
   194    0.819377    3.783620    2.941055    2.948838 ^ _1056_/Q (sky130_fd_sc_hd__dfrtp_2)
                                                         per_core[0].u_core.rst_n (net)
                      3.783629    0.005165    2.954003 ^ _1188_/RESET_B (sky130_fd_sc_hd__dfrtp_2)
                                              2.954003   data arrival time

                                  0.000000    0.000000   clock clk (rise edge)
                                  0.000000    0.000000   clock source latency
   196    0.487655    0.000000    0.000000    0.000000 ^ clk (in)
                                                         clk (net)
                      0.018468    0.009234    0.009234 ^ _1188_/CLK (sky130_fd_sc_hd__dfrtp_2)
                                  0.250000    0.259234   clock uncertainty
                                  0.000000    0.259234   clock reconvergence pessimism
                                  1.317140    1.576373   library removal time
                                              1.576373   data required time
---------------------------------------------------------------------------------------------
                                              1.576373   data required time
                                             -2.954003   data arrival time
---------------------------------------------------------------------------------------------
                                              1.377629   slack (MET)


Startpoint: _1056_ (rising edge-triggered flip-flop clocked by clk)
Endpoint: _1063_ (removal check against rising-edge clock clk)
Path Group: asynchronous
Path Type: min

Fanout         Cap        Slew       Delay        Time   Description
---------------------------------------------------------------------------------------------
                                  0.000000    0.000000   clock clk (rise edge)
                                  0.000000    0.000000   clock source latency
   196    0.487655    0.000000    0.000000    0.000000 ^ clk (in)
                                                         clk (net)
                      0.015566    0.007783    0.007783 ^ _1056_/CLK (sky130_fd_sc_hd__dfrtp_2)
   194    0.819377    3.783620    2.941055    2.948838 ^ _1056_/Q (sky130_fd_sc_hd__dfrtp_2)
                                                         per_core[0].u_core.rst_n (net)
                      3.783625    0.003799    2.952637 ^ _1063_/RESET_B (sky130_fd_sc_hd__dfrtp_2)
                                              2.952637   data arrival time

                                  0.000000    0.000000   clock clk (rise edge)
                                  0.000000    0.000000   clock source latency
   196    0.487655    0.000000    0.000000    0.000000 ^ clk (in)
                                                         clk (net)
                      0.016518    0.008259    0.008259 ^ _1063_/CLK (sky130_fd_sc_hd__dfrtp_2)
                                  0.250000    0.258259   clock uncertainty
                                  0.000000    0.258259   clock reconvergence pessimism
                                  1.316702    1.574961   library removal time
                                              1.574961   data required time
---------------------------------------------------------------------------------------------
                                              1.574961   data required time
                                             -2.952637   data arrival time
---------------------------------------------------------------------------------------------
                                              1.377676   slack (MET)


Startpoint: _1056_ (rising edge-triggered flip-flop clocked by clk)
Endpoint: _1185_ (removal check against rising-edge clock clk)
Path Group: asynchronous
Path Type: min

Fanout         Cap        Slew       Delay        Time   Description
---------------------------------------------------------------------------------------------
                                  0.000000    0.000000   clock clk (rise edge)
                                  0.000000    0.000000   clock source latency
   196    0.487655    0.000000    0.000000    0.000000 ^ clk (in)
                                                         clk (net)
                      0.015566    0.007783    0.007783 ^ _1056_/CLK (sky130_fd_sc_hd__dfrtp_2)
   194    0.819377    3.783620    2.941055    2.948838 ^ _1056_/Q (sky130_fd_sc_hd__dfrtp_2)
                                                         per_core[0].u_core.rst_n (net)
                      3.783631    0.005615    2.954453 ^ _1185_/RESET_B (sky130_fd_sc_hd__dfrtp_2)
                                              2.954453   data arrival time

                                  0.000000    0.000000   clock clk (rise edge)
                                  0.000000    0.000000   clock source latency
   196    0.487655    0.000000    0.000000    0.000000 ^ clk (in)
                                                         clk (net)
                      0.018840    0.009420    0.009420 ^ _1185_/CLK (sky130_fd_sc_hd__dfrtp_2)
                                  0.250000    0.259420   clock uncertainty
                                  0.000000    0.259420   clock reconvergence pessimism
                                  1.317223    1.576643   library removal time
                                              1.576643   data required time
---------------------------------------------------------------------------------------------
                                              1.576643   data required time
                                             -2.954453   data arrival time
---------------------------------------------------------------------------------------------
                                              1.377810   slack (MET)


Startpoint: _1056_ (rising edge-triggered flip-flop clocked by clk)
Endpoint: _1186_ (removal check against rising-edge clock clk)
Path Group: asynchronous
Path Type: min

Fanout         Cap        Slew       Delay        Time   Description
---------------------------------------------------------------------------------------------
                                  0.000000    0.000000   clock clk (rise edge)
                                  0.000000    0.000000   clock source latency
   196    0.487655    0.000000    0.000000    0.000000 ^ clk (in)
                                                         clk (net)
                      0.015566    0.007783    0.007783 ^ _1056_/CLK (sky130_fd_sc_hd__dfrtp_2)
   194    0.819377    3.783620    2.941055    2.948838 ^ _1056_/Q (sky130_fd_sc_hd__dfrtp_2)
                                                         per_core[0].u_core.rst_n (net)
                      3.783631    0.005619    2.954457 ^ _1186_/RESET_B (sky130_fd_sc_hd__dfrtp_2)
                                              2.954457   data arrival time

                                  0.000000    0.000000   clock clk (rise edge)
                                  0.000000    0.000000   clock source latency
   196    0.487655    0.000000    0.000000    0.000000 ^ clk (in)
                                                         clk (net)
                      0.018843    0.009421    0.009421 ^ _1186_/CLK (sky130_fd_sc_hd__dfrtp_2)
                                  0.250000    0.259421   clock uncertainty
                                  0.000000    0.259421   clock reconvergence pessimism
                                  1.317224    1.576645   library removal time
                                              1.576645   data required time
---------------------------------------------------------------------------------------------
                                              1.576645   data required time
                                             -2.954457   data arrival time
---------------------------------------------------------------------------------------------
                                              1.377812   slack (MET)


Startpoint: _1056_ (rising edge-triggered flip-flop clocked by clk)
Endpoint: _1057_ (removal check against rising-edge clock clk)
Path Group: asynchronous
Path Type: min

Fanout         Cap        Slew       Delay        Time   Description
---------------------------------------------------------------------------------------------
                                  0.000000    0.000000   clock clk (rise edge)
                                  0.000000    0.000000   clock source latency
   196    0.487655    0.000000    0.000000    0.000000 ^ clk (in)
                                                         clk (net)
                      0.015566    0.007783    0.007783 ^ _1056_/CLK (sky130_fd_sc_hd__dfrtp_2)
   194    0.819377    3.783620    2.941055    2.948838 ^ _1056_/Q (sky130_fd_sc_hd__dfrtp_2)
                                                         per_core[0].u_core.rst_n (net)
                      3.783629    0.005006    2.953844 ^ _1057_/RESET_B (sky130_fd_sc_hd__dfrtp_2)
                                              2.953844   data arrival time

                                  0.000000    0.000000   clock clk (rise edge)
                                  0.000000    0.000000   clock source latency
   196    0.487655    0.000000    0.000000    0.000000 ^ clk (in)
                                                         clk (net)
                      0.017798    0.008899    0.008899 ^ _1057_/CLK (sky130_fd_sc_hd__dfrtp_2)
                                  0.250000    0.258899   clock uncertainty
                                  0.000000    0.258899   clock reconvergence pessimism
                                  1.316990    1.575889   library removal time
                                              1.575889   data required time
---------------------------------------------------------------------------------------------
                                              1.575889   data required time
                                             -2.953844   data arrival time
---------------------------------------------------------------------------------------------
                                              1.377955   slack (MET)


Startpoint: _1056_ (rising edge-triggered flip-flop clocked by clk)
Endpoint: _1192_ (removal check against rising-edge clock clk)
Path Group: asynchronous
Path Type: min

Fanout         Cap        Slew       Delay        Time   Description
---------------------------------------------------------------------------------------------
                                  0.000000    0.000000   clock clk (rise edge)
                                  0.000000    0.000000   clock source latency
   196    0.487655    0.000000    0.000000    0.000000 ^ clk (in)
                                                         clk (net)
                      0.015566    0.007783    0.007783 ^ _1056_/CLK (sky130_fd_sc_hd__dfrtp_2)
   194    0.819377    3.783620    2.941055    2.948838 ^ _1056_/Q (sky130_fd_sc_hd__dfrtp_2)
                                                         per_core[0].u_core.rst_n (net)
                      3.783632    0.005897    2.954735 ^ _1192_/RESET_B (sky130_fd_sc_hd__dfrtp_2)
                                              2.954735   data arrival time

                                  0.000000    0.000000   clock clk (rise edge)
                                  0.000000    0.000000   clock source latency
   196    0.487655    0.000000    0.000000    0.000000 ^ clk (in)
                                                         clk (net)
                      0.018867    0.009433    0.009433 ^ _1192_/CLK (sky130_fd_sc_hd__dfrtp_2)
                                  0.250000    0.259433   clock uncertainty
                                  0.000000    0.259433   clock reconvergence pessimism
                                  1.317230    1.576663   library removal time
                                              1.576663   data required time
---------------------------------------------------------------------------------------------
                                              1.576663   data required time
                                             -2.954735   data arrival time
---------------------------------------------------------------------------------------------
                                              1.378072   slack (MET)


Startpoint: _1056_ (rising edge-triggered flip-flop clocked by clk)
Endpoint: _1058_ (removal check against rising-edge clock clk)
Path Group: asynchronous
Path Type: min

Fanout         Cap        Slew       Delay        Time   Description
---------------------------------------------------------------------------------------------
                                  0.000000    0.000000   clock clk (rise edge)
                                  0.000000    0.000000   clock source latency
   196    0.487655    0.000000    0.000000    0.000000 ^ clk (in)
                                                         clk (net)
                      0.015566    0.007783    0.007783 ^ _1056_/CLK (sky130_fd_sc_hd__dfrtp_2)
   194    0.819377    3.783620    2.941055    2.948838 ^ _1056_/Q (sky130_fd_sc_hd__dfrtp_2)
                                                         per_core[0].u_core.rst_n (net)
                      3.783629    0.005156    2.953994 ^ _1058_/RESET_B (sky130_fd_sc_hd__dfrtp_2)
                                              2.953994   data arrival time

                                  0.000000    0.000000   clock clk (rise edge)
                                  0.000000    0.000000   clock source latency
   196    0.487655    0.000000    0.000000    0.000000 ^ clk (in)
                                                         clk (net)
                      0.017789    0.008894    0.008894 ^ _1058_/CLK (sky130_fd_sc_hd__dfrtp_2)
                                  0.250000    0.258894   clock uncertainty
                                  0.000000    0.258894   clock reconvergence pessimism
                                  1.316988    1.575882   library removal time
                                              1.575882   data required time
---------------------------------------------------------------------------------------------
                                              1.575882   data required time
                                             -2.953994   data arrival time
---------------------------------------------------------------------------------------------
                                              1.378112   slack (MET)


Startpoint: _1056_ (rising edge-triggered flip-flop clocked by clk)
Endpoint: _1193_ (removal check against rising-edge clock clk)
Path Group: asynchronous
Path Type: min

Fanout         Cap        Slew       Delay        Time   Description
---------------------------------------------------------------------------------------------
                                  0.000000    0.000000   clock clk (rise edge)
                                  0.000000    0.000000   clock source latency
   196    0.487655    0.000000    0.000000    0.000000 ^ clk (in)
                                                         clk (net)
                      0.015566    0.007783    0.007783 ^ _1056_/CLK (sky130_fd_sc_hd__dfrtp_2)
   194    0.819377    3.783620    2.941055    2.948838 ^ _1056_/Q (sky130_fd_sc_hd__dfrtp_2)
                                                         per_core[0].u_core.rst_n (net)
                      3.783632    0.005951    2.954789 ^ _1193_/RESET_B (sky130_fd_sc_hd__dfrtp_2)
                                              2.954789   data arrival time

                                  0.000000    0.000000   clock clk (rise edge)
                                  0.000000    0.000000   clock source latency
   196    0.487655    0.000000    0.000000    0.000000 ^ clk (in)
                                                         clk (net)
                      0.018869    0.009435    0.009435 ^ _1193_/CLK (sky130_fd_sc_hd__dfrtp_2)
                                  0.250000    0.259435   clock uncertainty
                                  0.000000    0.259435   clock reconvergence pessimism
                                  1.317230    1.576665   library removal time
                                              1.576665   data required time
---------------------------------------------------------------------------------------------
                                              1.576665   data required time
                                             -2.954789   data arrival time
---------------------------------------------------------------------------------------------
                                              1.378124   slack (MET)


Startpoint: _1056_ (rising edge-triggered flip-flop clocked by clk)
Endpoint: _1099_ (removal check against rising-edge clock clk)
Path Group: asynchronous
Path Type: min

Fanout         Cap        Slew       Delay        Time   Description
---------------------------------------------------------------------------------------------
                                  0.000000    0.000000   clock clk (rise edge)
                                  0.000000    0.000000   clock source latency
   196    0.487655    0.000000    0.000000    0.000000 ^ clk (in)
                                                         clk (net)
                      0.015566    0.007783    0.007783 ^ _1056_/CLK (sky130_fd_sc_hd__dfrtp_2)
   194    0.819377    3.783620    2.941055    2.948838 ^ _1056_/Q (sky130_fd_sc_hd__dfrtp_2)
                                                         per_core[0].u_core.rst_n (net)
                      3.783620    0.003534    2.952372 ^ _1099_/RESET_B (sky130_fd_sc_hd__dfrtp_2)
                                              2.952372   data arrival time

                                  0.000000    0.000000   clock clk (rise edge)
                                  0.000000    0.000000   clock source latency
   196    0.487655    0.000000    0.000000    0.000000 ^ clk (in)
                                                         clk (net)
                      0.015099    0.007550    0.007550 ^ _1099_/CLK (sky130_fd_sc_hd__dfrtp_2)
                                  0.250000    0.257550   clock uncertainty
                                  0.000000    0.257550   clock reconvergence pessimism
                                  1.316384    1.573933   library removal time
                                              1.573933   data required time
---------------------------------------------------------------------------------------------
                                              1.573933   data required time
                                             -2.952372   data arrival time
---------------------------------------------------------------------------------------------
                                              1.378438   slack (MET)


Startpoint: _1056_ (rising edge-triggered flip-flop clocked by clk)
Endpoint: _1059_ (removal check against rising-edge clock clk)
Path Group: asynchronous
Path Type: min

Fanout         Cap        Slew       Delay        Time   Description
---------------------------------------------------------------------------------------------
                                  0.000000    0.000000   clock clk (rise edge)
                                  0.000000    0.000000   clock source latency
   196    0.487655    0.000000    0.000000    0.000000 ^ clk (in)
                                                         clk (net)
                      0.015566    0.007783    0.007783 ^ _1056_/CLK (sky130_fd_sc_hd__dfrtp_2)
   194    0.819377    3.783620    2.941055    2.948838 ^ _1056_/Q (sky130_fd_sc_hd__dfrtp_2)
                                                         per_core[0].u_core.rst_n (net)
                      3.783633    0.006120    2.954958 ^ _1059_/RESET_B (sky130_fd_sc_hd__dfrtp_2)
                                              2.954958   data arrival time

                                  0.000000    0.000000   clock clk (rise edge)
                                  0.000000    0.000000   clock source latency
   196    0.487655    0.000000    0.000000    0.000000 ^ clk (in)
                                                         clk (net)
                      0.018349    0.009175    0.009175 ^ _1059_/CLK (sky130_fd_sc_hd__dfrtp_2)
                                  0.250000    0.259175   clock uncertainty
                                  0.000000    0.259175   clock reconvergence pessimism
                                  1.317114    1.576289   library removal time
                                              1.576289   data required time
---------------------------------------------------------------------------------------------
                                              1.576289   data required time
                                             -2.954958   data arrival time
---------------------------------------------------------------------------------------------
                                              1.378669   slack (MET)


Startpoint: _1056_ (rising edge-triggered flip-flop clocked by clk)
Endpoint: _1060_ (removal check against rising-edge clock clk)
Path Group: asynchronous
Path Type: min

Fanout         Cap        Slew       Delay        Time   Description
---------------------------------------------------------------------------------------------
                                  0.000000    0.000000   clock clk (rise edge)
                                  0.000000    0.000000   clock source latency
   196    0.487655    0.000000    0.000000    0.000000 ^ clk (in)
                                                         clk (net)
                      0.015566    0.007783    0.007783 ^ _1056_/CLK (sky130_fd_sc_hd__dfrtp_2)
   194    0.819377    3.783620    2.941055    2.948838 ^ _1056_/Q (sky130_fd_sc_hd__dfrtp_2)
                                                         per_core[0].u_core.rst_n (net)
                      3.783633    0.006159    2.954997 ^ _1060_/RESET_B (sky130_fd_sc_hd__dfrtp_2)
                                              2.954997   data arrival time

                                  0.000000    0.000000   clock clk (rise edge)
                                  0.000000    0.000000   clock source latency
   196    0.487655    0.000000    0.000000    0.000000 ^ clk (in)
                                                         clk (net)
                      0.018367    0.009184    0.009184 ^ _1060_/CLK (sky130_fd_sc_hd__dfrtp_2)
                                  0.250000    0.259184   clock uncertainty
                                  0.000000    0.259184   clock reconvergence pessimism
                                  1.317118    1.576302   library removal time
                                              1.576302   data required time
---------------------------------------------------------------------------------------------
                                              1.576302   data required time
                                             -2.954997   data arrival time
---------------------------------------------------------------------------------------------
                                              1.378695   slack (MET)


Startpoint: _1056_ (rising edge-triggered flip-flop clocked by clk)
Endpoint: _1061_ (removal check against rising-edge clock clk)
Path Group: asynchronous
Path Type: min

Fanout         Cap        Slew       Delay        Time   Description
---------------------------------------------------------------------------------------------
                                  0.000000    0.000000   clock clk (rise edge)
                                  0.000000    0.000000   clock source latency
   196    0.487655    0.000000    0.000000    0.000000 ^ clk (in)
                                                         clk (net)
                      0.015566    0.007783    0.007783 ^ _1056_/CLK (sky130_fd_sc_hd__dfrtp_2)
   194    0.819377    3.783620    2.941055    2.948838 ^ _1056_/Q (sky130_fd_sc_hd__dfrtp_2)
                                                         per_core[0].u_core.rst_n (net)
                      3.783637    0.006865    2.955703 ^ _1061_/RESET_B (sky130_fd_sc_hd__dfrtp_2)
                                              2.955703   data arrival time

                                  0.000000    0.000000   clock clk (rise edge)
                                  0.000000    0.000000   clock source latency
   196    0.487655    0.000000    0.000000    0.000000 ^ clk (in)
                                                         clk (net)
                      0.018725    0.009363    0.009363 ^ _1061_/CLK (sky130_fd_sc_hd__dfrtp_2)
                                  0.250000    0.259363   clock uncertainty
                                  0.000000    0.259363   clock reconvergence pessimism
                                  1.317199    1.576562   library removal time
                                              1.576562   data required time
---------------------------------------------------------------------------------------------
                                              1.576562   data required time
                                             -2.955703   data arrival time
---------------------------------------------------------------------------------------------
                                              1.379141   slack (MET)


Startpoint: _1056_ (rising edge-triggered flip-flop clocked by clk)
Endpoint: _1062_ (removal check against rising-edge clock clk)
Path Group: asynchronous
Path Type: min

Fanout         Cap        Slew       Delay        Time   Description
---------------------------------------------------------------------------------------------
                                  0.000000    0.000000   clock clk (rise edge)
                                  0.000000    0.000000   clock source latency
   196    0.487655    0.000000    0.000000    0.000000 ^ clk (in)
                                                         clk (net)
                      0.015566    0.007783    0.007783 ^ _1056_/CLK (sky130_fd_sc_hd__dfrtp_2)
   194    0.819377    3.783620    2.941055    2.948838 ^ _1056_/Q (sky130_fd_sc_hd__dfrtp_2)
                                                         per_core[0].u_core.rst_n (net)
                      3.783637    0.006870    2.955708 ^ _1062_/RESET_B (sky130_fd_sc_hd__dfrtp_2)
                                              2.955708   data arrival time

                                  0.000000    0.000000   clock clk (rise edge)
                                  0.000000    0.000000   clock source latency
   196    0.487655    0.000000    0.000000    0.000000 ^ clk (in)
                                                         clk (net)
                      0.018728    0.009364    0.009364 ^ _1062_/CLK (sky130_fd_sc_hd__dfrtp_2)
                                  0.250000    0.259364   clock uncertainty
                                  0.000000    0.259364   clock reconvergence pessimism
                                  1.317200    1.576564   library removal time
                                              1.576564   data required time
---------------------------------------------------------------------------------------------
                                              1.576564   data required time
                                             -2.955708   data arrival time
---------------------------------------------------------------------------------------------
                                              1.379144   slack (MET)


Startpoint: _1056_ (rising edge-triggered flip-flop clocked by clk)
Endpoint: _1012_ (removal check against rising-edge clock clk)
Path Group: asynchronous
Path Type: min

Fanout         Cap        Slew       Delay        Time   Description
---------------------------------------------------------------------------------------------
                                  0.000000    0.000000   clock clk (rise edge)
                                  0.000000    0.000000   clock source latency
   196    0.487655    0.000000    0.000000    0.000000 ^ clk (in)
                                                         clk (net)
                      0.015566    0.007783    0.007783 ^ _1056_/CLK (sky130_fd_sc_hd__dfrtp_2)
   194    0.819377    3.783620    2.941055    2.948838 ^ _1056_/Q (sky130_fd_sc_hd__dfrtp_2)
                                                         per_core[0].u_core.rst_n (net)
                      3.783642    0.007789    2.956627 ^ _1012_/RESET_B (sky130_fd_sc_hd__dfrtp_2)
                                              2.956627   data arrival time

                                  0.000000    0.000000   clock clk (rise edge)
                                  0.000000    0.000000   clock source latency
   196    0.487655    0.000000    0.000000    0.000000 ^ clk (in)
                                                         clk (net)
                      0.019184    0.009592    0.009592 ^ _1012_/CLK (sky130_fd_sc_hd__dfrtp_2)
                                  0.250000    0.259592   clock uncertainty
                                  0.000000    0.259592   clock reconvergence pessimism
                                  1.317303    1.576895   library removal time
                                              1.576895   data required time
---------------------------------------------------------------------------------------------
                                              1.576895   data required time
                                             -2.956627   data arrival time
---------------------------------------------------------------------------------------------
                                              1.379732   slack (MET)


Startpoint: _1056_ (rising edge-triggered flip-flop clocked by clk)
Endpoint: _1028_ (removal check against rising-edge clock clk)
Path Group: asynchronous
Path Type: min

Fanout         Cap        Slew       Delay        Time   Description
---------------------------------------------------------------------------------------------
                                  0.000000    0.000000   clock clk (rise edge)
                                  0.000000    0.000000   clock source latency
   196    0.487655    0.000000    0.000000    0.000000 ^ clk (in)
                                                         clk (net)
                      0.015566    0.007783    0.007783 ^ _1056_/CLK (sky130_fd_sc_hd__dfrtp_2)
   194    0.819377    3.783620    2.941055    2.948838 ^ _1056_/Q (sky130_fd_sc_hd__dfrtp_2)
                                                         per_core[0].u_core.rst_n (net)
                      3.783643    0.008061    2.956899 ^ _1028_/RESET_B (sky130_fd_sc_hd__dfrtp_2)
                                              2.956899   data arrival time

                                  0.000000    0.000000   clock clk (rise edge)
                                  0.000000    0.000000   clock source latency
   196    0.487655    0.000000    0.000000    0.000000 ^ clk (in)
                                                         clk (net)
                      0.019486    0.009743    0.009743 ^ _1028_/CLK (sky130_fd_sc_hd__dfrtp_2)
                                  0.250000    0.259743   clock uncertainty
                                  0.000000    0.259743   clock reconvergence pessimism
                                  1.317371    1.577114   library removal time
                                              1.577114   data required time
---------------------------------------------------------------------------------------------
                                              1.577114   data required time
                                             -2.956899   data arrival time
---------------------------------------------------------------------------------------------
                                              1.379785   slack (MET)


Startpoint: _1056_ (rising edge-triggered flip-flop clocked by clk)
Endpoint: _1027_ (removal check against rising-edge clock clk)
Path Group: asynchronous
Path Type: min

Fanout         Cap        Slew       Delay        Time   Description
---------------------------------------------------------------------------------------------
                                  0.000000    0.000000   clock clk (rise edge)
                                  0.000000    0.000000   clock source latency
   196    0.487655    0.000000    0.000000    0.000000 ^ clk (in)
                                                         clk (net)
                      0.015566    0.007783    0.007783 ^ _1056_/CLK (sky130_fd_sc_hd__dfrtp_2)
   194    0.819377    3.783620    2.941055    2.948838 ^ _1056_/Q (sky130_fd_sc_hd__dfrtp_2)
                                                         per_core[0].u_core.rst_n (net)
                      3.783642    0.007895    2.956733 ^ _1027_/RESET_B (sky130_fd_sc_hd__dfrtp_2)
                                              2.956733   data arrival time

                                  0.000000    0.000000   clock clk (rise edge)
                                  0.000000    0.000000   clock source latency
   196    0.487655    0.000000    0.000000    0.000000 ^ clk (in)
                                                         clk (net)
                      0.019235    0.009618    0.009618 ^ _1027_/CLK (sky130_fd_sc_hd__dfrtp_2)
                                  0.250000    0.259618   clock uncertainty
                                  0.000000    0.259618   clock reconvergence pessimism
                                  1.317315    1.576932   library removal time
                                              1.576932   data required time
---------------------------------------------------------------------------------------------
                                              1.576932   data required time
                                             -2.956733   data arrival time
---------------------------------------------------------------------------------------------
                                              1.379800   slack (MET)


Startpoint: _1056_ (rising edge-triggered flip-flop clocked by clk)
Endpoint: _1006_ (removal check against rising-edge clock clk)
Path Group: asynchronous
Path Type: min

Fanout         Cap        Slew       Delay        Time   Description
---------------------------------------------------------------------------------------------
                                  0.000000    0.000000   clock clk (rise edge)
                                  0.000000    0.000000   clock source latency
   196    0.487655    0.000000    0.000000    0.000000 ^ clk (in)
                                                         clk (net)
                      0.015566    0.007783    0.007783 ^ _1056_/CLK (sky130_fd_sc_hd__dfrtp_2)
   194    0.819377    3.783620    2.941055    2.948838 ^ _1056_/Q (sky130_fd_sc_hd__dfrtp_2)
                                                         per_core[0].u_core.rst_n (net)
                      3.783643    0.008165    2.957002 ^ _1006_/RESET_B (sky130_fd_sc_hd__dfrtp_2)
                                              2.957002   data arrival time

                                  0.000000    0.000000   clock clk (rise edge)
                                  0.000000    0.000000   clock source latency
   196    0.487655    0.000000    0.000000    0.000000 ^ clk (in)
                                                         clk (net)
                      0.019568    0.009784    0.009784 ^ _1006_/CLK (sky130_fd_sc_hd__dfrtp_2)
                                  0.250000    0.259784   clock uncertainty
                                  0.000000    0.259784   clock reconvergence pessimism
                                  1.317389    1.577173   library removal time
                                              1.577173   data required time
---------------------------------------------------------------------------------------------
                                              1.577173   data required time
                                             -2.957002   data arrival time
---------------------------------------------------------------------------------------------
                                              1.379829   slack (MET)


Startpoint: _1056_ (rising edge-triggered flip-flop clocked by clk)
Endpoint: _1014_ (removal check against rising-edge clock clk)
Path Group: asynchronous
Path Type: min

Fanout         Cap        Slew       Delay        Time   Description
---------------------------------------------------------------------------------------------
                                  0.000000    0.000000   clock clk (rise edge)
                                  0.000000    0.000000   clock source latency
   196    0.487655    0.000000    0.000000    0.000000 ^ clk (in)
                                                         clk (net)
                      0.015566    0.007783    0.007783 ^ _1056_/CLK (sky130_fd_sc_hd__dfrtp_2)
   194    0.819377    3.783620    2.941055    2.948838 ^ _1056_/Q (sky130_fd_sc_hd__dfrtp_2)
                                                         per_core[0].u_core.rst_n (net)
                      3.783644    0.008189    2.957027 ^ _1014_/RESET_B (sky130_fd_sc_hd__dfrtp_2)
                                              2.957027   data arrival time

                                  0.000000    0.000000   clock clk (rise edge)
                                  0.000000    0.000000   clock source latency
   196    0.487655    0.000000    0.000000    0.000000 ^ clk (in)
                                                         clk (net)
                      0.019591    0.009795    0.009795 ^ _1014_/CLK (sky130_fd_sc_hd__dfrtp_2)
                                  0.250000    0.259795   clock uncertainty
                                  0.000000    0.259795   clock reconvergence pessimism
                                  1.317395    1.577190   library removal time
                                              1.577190   data required time
---------------------------------------------------------------------------------------------
                                              1.577190   data required time
                                             -2.957027   data arrival time
---------------------------------------------------------------------------------------------
                                              1.379837   slack (MET)


Startpoint: _1056_ (rising edge-triggered flip-flop clocked by clk)
Endpoint: _1009_ (removal check against rising-edge clock clk)
Path Group: asynchronous
Path Type: min

Fanout         Cap        Slew       Delay        Time   Description
---------------------------------------------------------------------------------------------
                                  0.000000    0.000000   clock clk (rise edge)
                                  0.000000    0.000000   clock source latency
   196    0.487655    0.000000    0.000000    0.000000 ^ clk (in)
                                                         clk (net)
                      0.015566    0.007783    0.007783 ^ _1056_/CLK (sky130_fd_sc_hd__dfrtp_2)
   194    0.819377    3.783620    2.941055    2.948838 ^ _1056_/Q (sky130_fd_sc_hd__dfrtp_2)
                                                         per_core[0].u_core.rst_n (net)
                      3.783644    0.008306    2.957144 ^ _1009_/RESET_B (sky130_fd_sc_hd__dfrtp_2)
                                              2.957144   data arrival time

                                  0.000000    0.000000   clock clk (rise edge)
                                  0.000000    0.000000   clock source latency
   196    0.487655    0.000000    0.000000    0.000000 ^ clk (in)
                                                         clk (net)
                      0.019704    0.009852    0.009852 ^ _1009_/CLK (sky130_fd_sc_hd__dfrtp_2)
                                  0.250000    0.259852   clock uncertainty
                                  0.000000    0.259852   clock reconvergence pessimism
                                  1.317420    1.577272   library removal time
                                              1.577272   data required time
---------------------------------------------------------------------------------------------
                                              1.577272   data required time
                                             -2.957144   data arrival time
---------------------------------------------------------------------------------------------
                                              1.379872   slack (MET)


Startpoint: _1056_ (rising edge-triggered flip-flop clocked by clk)
Endpoint: _1013_ (removal check against rising-edge clock clk)
Path Group: asynchronous
Path Type: min

Fanout         Cap        Slew       Delay        Time   Description
---------------------------------------------------------------------------------------------
                                  0.000000    0.000000   clock clk (rise edge)
                                  0.000000    0.000000   clock source latency
   196    0.487655    0.000000    0.000000    0.000000 ^ clk (in)
                                                         clk (net)
                      0.015566    0.007783    0.007783 ^ _1056_/CLK (sky130_fd_sc_hd__dfrtp_2)
   194    0.819377    3.783620    2.941055    2.948838 ^ _1056_/Q (sky130_fd_sc_hd__dfrtp_2)
                                                         per_core[0].u_core.rst_n (net)
                      3.783645    0.008413    2.957251 ^ _1013_/RESET_B (sky130_fd_sc_hd__dfrtp_2)
                                              2.957251   data arrival time

                                  0.000000    0.000000   clock clk (rise edge)
                                  0.000000    0.000000   clock source latency
   196    0.487655    0.000000    0.000000    0.000000 ^ clk (in)
                                                         clk (net)
                      0.019777    0.009888    0.009888 ^ _1013_/CLK (sky130_fd_sc_hd__dfrtp_2)
                                  0.250000    0.259888   clock uncertainty
                                  0.000000    0.259888   clock reconvergence pessimism
                                  1.317437    1.577325   library removal time
                                              1.577325   data required time
---------------------------------------------------------------------------------------------
                                              1.577325   data required time
                                             -2.957251   data arrival time
---------------------------------------------------------------------------------------------
                                              1.379926   slack (MET)


Startpoint: _1056_ (rising edge-triggered flip-flop clocked by clk)
Endpoint: _1048_ (removal check against rising-edge clock clk)
Path Group: asynchronous
Path Type: min

Fanout         Cap        Slew       Delay        Time   Description
---------------------------------------------------------------------------------------------
                                  0.000000    0.000000   clock clk (rise edge)
                                  0.000000    0.000000   clock source latency
   196    0.487655    0.000000    0.000000    0.000000 ^ clk (in)
                                                         clk (net)
                      0.015566    0.007783    0.007783 ^ _1056_/CLK (sky130_fd_sc_hd__dfrtp_2)
   194    0.819377    3.783620    2.941055    2.948838 ^ _1056_/Q (sky130_fd_sc_hd__dfrtp_2)
                                                         per_core[0].u_core.rst_n (net)
                      3.783645    0.008509    2.957347 ^ _1048_/RESET_B (sky130_fd_sc_hd__dfrtp_2)
                                              2.957347   data arrival time

                                  0.000000    0.000000   clock clk (rise edge)
                                  0.000000    0.000000   clock source latency
   196    0.487655    0.000000    0.000000    0.000000 ^ clk (in)
                                                         clk (net)
                      0.019885    0.009942    0.009942 ^ _1048_/CLK (sky130_fd_sc_hd__dfrtp_2)
                                  0.250000    0.259942   clock uncertainty
                                  0.000000    0.259942   clock reconvergence pessimism
                                  1.317461    1.577403   library removal time
                                              1.577403   data required time
---------------------------------------------------------------------------------------------
                                              1.577403   data required time
                                             -2.957347   data arrival time
---------------------------------------------------------------------------------------------
                                              1.379944   slack (MET)


Startpoint: _1056_ (rising edge-triggered flip-flop clocked by clk)
Endpoint: _1047_ (removal check against rising-edge clock clk)
Path Group: asynchronous
Path Type: min

Fanout         Cap        Slew       Delay        Time   Description
---------------------------------------------------------------------------------------------
                                  0.000000    0.000000   clock clk (rise edge)
                                  0.000000    0.000000   clock source latency
   196    0.487655    0.000000    0.000000    0.000000 ^ clk (in)
                                                         clk (net)
                      0.015566    0.007783    0.007783 ^ _1056_/CLK (sky130_fd_sc_hd__dfrtp_2)
   194    0.819377    3.783620    2.941055    2.948838 ^ _1056_/Q (sky130_fd_sc_hd__dfrtp_2)
                                                         per_core[0].u_core.rst_n (net)
                      3.783645    0.008490    2.957328 ^ _1047_/RESET_B (sky130_fd_sc_hd__dfrtp_2)
                                              2.957328   data arrival time

                                  0.000000    0.000000   clock clk (rise edge)
                                  0.000000    0.000000   clock source latency
   196    0.487655    0.000000    0.000000    0.000000 ^ clk (in)
                                                         clk (net)
                      0.019824    0.009912    0.009912 ^ _1047_/CLK (sky130_fd_sc_hd__dfrtp_2)
                                  0.250000    0.259912   clock uncertainty
                                  0.000000    0.259912   clock reconvergence pessimism
                                  1.317447    1.577360   library removal time
                                              1.577360   data required time
---------------------------------------------------------------------------------------------
                                              1.577360   data required time
                                             -2.957328   data arrival time
---------------------------------------------------------------------------------------------
                                              1.379968   slack (MET)


Startpoint: _1056_ (rising edge-triggered flip-flop clocked by clk)
Endpoint: _1086_ (removal check against rising-edge clock clk)
Path Group: asynchronous
Path Type: min

Fanout         Cap        Slew       Delay        Time   Description
---------------------------------------------------------------------------------------------
                                  0.000000    0.000000   clock clk (rise edge)
                                  0.000000    0.000000   clock source latency
   196    0.487655    0.000000    0.000000    0.000000 ^ clk (in)
                                                         clk (net)
                      0.015566    0.007783    0.007783 ^ _1056_/CLK (sky130_fd_sc_hd__dfrtp_2)
   194    0.819377    3.783620    2.941055    2.948838 ^ _1056_/Q (sky130_fd_sc_hd__dfrtp_2)
                                                         per_core[0].u_core.rst_n (net)
                      3.783633    0.006091    2.954929 ^ _1086_/RESET_B (sky130_fd_sc_hd__dfrtp_2)
                                              2.954929   data arrival time

                                  0.000000    0.000000   clock clk (rise edge)
                                  0.000000    0.000000   clock source latency
   196    0.487655    0.000000    0.000000    0.000000 ^ clk (in)
                                                         clk (net)
                      0.016068    0.008034    0.008034 ^ _1086_/CLK (sky130_fd_sc_hd__dfrtp_2)
                                  0.250000    0.258034   clock uncertainty
                                  0.000000    0.258034   clock reconvergence pessimism
                                  1.316604    1.574638   library removal time
                                              1.574638   data required time
---------------------------------------------------------------------------------------------
                                              1.574638   data required time
                                             -2.954929   data arrival time
---------------------------------------------------------------------------------------------
                                              1.380291   slack (MET)


Startpoint: _1056_ (rising edge-triggered flip-flop clocked by clk)
Endpoint: _1033_ (removal check against rising-edge clock clk)
Path Group: asynchronous
Path Type: min

Fanout         Cap        Slew       Delay        Time   Description
---------------------------------------------------------------------------------------------
                                  0.000000    0.000000   clock clk (rise edge)
                                  0.000000    0.000000   clock source latency
   196    0.487655    0.000000    0.000000    0.000000 ^ clk (in)
                                                         clk (net)
                      0.015566    0.007783    0.007783 ^ _1056_/CLK (sky130_fd_sc_hd__dfrtp_2)
   194    0.819377    3.783620    2.941055    2.948838 ^ _1056_/Q (sky130_fd_sc_hd__dfrtp_2)
                                                         per_core[0].u_core.rst_n (net)
                      3.783636    0.006722    2.955560 ^ _1033_/RESET_B (sky130_fd_sc_hd__dfrtp_2)
                                              2.955560   data arrival time

                                  0.000000    0.000000   clock clk (rise edge)
                                  0.000000    0.000000   clock source latency
   196    0.487655    0.000000    0.000000    0.000000 ^ clk (in)
                                                         clk (net)
                      0.016139    0.008070    0.008070 ^ _1033_/CLK (sky130_fd_sc_hd__dfrtp_2)
                                  0.250000    0.258070   clock uncertainty
                                  0.000000    0.258070   clock reconvergence pessimism
                                  1.316620    1.574690   library removal time
                                              1.574690   data required time
---------------------------------------------------------------------------------------------
                                              1.574690   data required time
                                             -2.955560   data arrival time
---------------------------------------------------------------------------------------------
                                              1.380870   slack (MET)


Startpoint: _1056_ (rising edge-triggered flip-flop clocked by clk)
Endpoint: _1032_ (removal check against rising-edge clock clk)
Path Group: asynchronous
Path Type: min

Fanout         Cap        Slew       Delay        Time   Description
---------------------------------------------------------------------------------------------
                                  0.000000    0.000000   clock clk (rise edge)
                                  0.000000    0.000000   clock source latency
   196    0.487655    0.000000    0.000000    0.000000 ^ clk (in)
                                                         clk (net)
                      0.015566    0.007783    0.007783 ^ _1056_/CLK (sky130_fd_sc_hd__dfrtp_2)
   194    0.819377    3.783620    2.941055    2.948838 ^ _1056_/Q (sky130_fd_sc_hd__dfrtp_2)
                                                         per_core[0].u_core.rst_n (net)
                      3.783636    0.006750    2.955588 ^ _1032_/RESET_B (sky130_fd_sc_hd__dfrtp_2)
                                              2.955588   data arrival time

                                  0.000000    0.000000   clock clk (rise edge)
                                  0.000000    0.000000   clock source latency
   196    0.487655    0.000000    0.000000    0.000000 ^ clk (in)
                                                         clk (net)
                      0.016129    0.008064    0.008064 ^ _1032_/CLK (sky130_fd_sc_hd__dfrtp_2)
                                  0.250000    0.258064   clock uncertainty
                                  0.000000    0.258064   clock reconvergence pessimism
                                  1.316618    1.574682   library removal time
                                              1.574682   data required time
---------------------------------------------------------------------------------------------
                                              1.574682   data required time
                                             -2.955588   data arrival time
---------------------------------------------------------------------------------------------
                                              1.380906   slack (MET)


Startpoint: _1056_ (rising edge-triggered flip-flop clocked by clk)
Endpoint: _1031_ (removal check against rising-edge clock clk)
Path Group: asynchronous
Path Type: min

Fanout         Cap        Slew       Delay        Time   Description
---------------------------------------------------------------------------------------------
                                  0.000000    0.000000   clock clk (rise edge)
                                  0.000000    0.000000   clock source latency
   196    0.487655    0.000000    0.000000    0.000000 ^ clk (in)
                                                         clk (net)
                      0.015566    0.007783    0.007783 ^ _1056_/CLK (sky130_fd_sc_hd__dfrtp_2)
   194    0.819377    3.783620    2.941055    2.948838 ^ _1056_/Q (sky130_fd_sc_hd__dfrtp_2)
                                                         per_core[0].u_core.rst_n (net)
                      3.783636    0.006758    2.955596 ^ _1031_/RESET_B (sky130_fd_sc_hd__dfrtp_2)
                                              2.955596   data arrival time

                                  0.000000    0.000000   clock clk (rise edge)
                                  0.000000    0.000000   clock source latency
   196    0.487655    0.000000    0.000000    0.000000 ^ clk (in)
                                                         clk (net)
                      0.016115    0.008057    0.008057 ^ _1031_/CLK (sky130_fd_sc_hd__dfrtp_2)
                                  0.250000    0.258057   clock uncertainty
                                  0.000000    0.258057   clock reconvergence pessimism
                                  1.316615    1.574673   library removal time
                                              1.574673   data required time
---------------------------------------------------------------------------------------------
                                              1.574673   data required time
                                             -2.955596   data arrival time
---------------------------------------------------------------------------------------------
                                              1.380924   slack (MET)


Startpoint: _1056_ (rising edge-triggered flip-flop clocked by clk)
Endpoint: _1098_ (removal check against rising-edge clock clk)
Path Group: asynchronous
Path Type: min

Fanout         Cap        Slew       Delay        Time   Description
---------------------------------------------------------------------------------------------
                                  0.000000    0.000000   clock clk (rise edge)
                                  0.000000    0.000000   clock source latency
   196    0.487655    0.000000    0.000000    0.000000 ^ clk (in)
                                                         clk (net)
                      0.015566    0.007783    0.007783 ^ _1056_/CLK (sky130_fd_sc_hd__dfrtp_2)
   194    0.819377    3.783620    2.941055    2.948838 ^ _1056_/Q (sky130_fd_sc_hd__dfrtp_2)
                                                         per_core[0].u_core.rst_n (net)
                      3.783629    0.005291    2.954129 ^ _1098_/RESET_B (sky130_fd_sc_hd__dfrtp_2)
                                              2.954129   data arrival time

                                  0.000000    0.000000   clock clk (rise edge)
                                  0.000000    0.000000   clock source latency
   196    0.487655    0.000000    0.000000    0.000000 ^ clk (in)
                                                         clk (net)
                      0.013958    0.006979    0.006979 ^ _1098_/CLK (sky130_fd_sc_hd__dfrtp_2)
                                  0.250000    0.256979   clock uncertainty
                                  0.000000    0.256979   clock reconvergence pessimism
                                  1.316131    1.573110   library removal time
                                              1.573110   data required time
---------------------------------------------------------------------------------------------
                                              1.573110   data required time
                                             -2.954129   data arrival time
---------------------------------------------------------------------------------------------
                                              1.381019   slack (MET)


Startpoint: _1056_ (rising edge-triggered flip-flop clocked by clk)
Endpoint: _1097_ (removal check against rising-edge clock clk)
Path Group: asynchronous
Path Type: min

Fanout         Cap        Slew       Delay        Time   Description
---------------------------------------------------------------------------------------------
                                  0.000000    0.000000   clock clk (rise edge)
                                  0.000000    0.000000   clock source latency
   196    0.487655    0.000000    0.000000    0.000000 ^ clk (in)
                                                         clk (net)
                      0.015566    0.007783    0.007783 ^ _1056_/CLK (sky130_fd_sc_hd__dfrtp_2)
   194    0.819377    3.783620    2.941055    2.948838 ^ _1056_/Q (sky130_fd_sc_hd__dfrtp_2)
                                                         per_core[0].u_core.rst_n (net)
                      3.783630    0.005425    2.954262 ^ _1097_/RESET_B (sky130_fd_sc_hd__dfrtp_2)
                                              2.954262   data arrival time

                                  0.000000    0.000000   clock clk (rise edge)
                                  0.000000    0.000000   clock source latency
   196    0.487655    0.000000    0.000000    0.000000 ^ clk (in)
                                                         clk (net)
                      0.013870    0.006935    0.006935 ^ _1097_/CLK (sky130_fd_sc_hd__dfrtp_2)
                                  0.250000    0.256935   clock uncertainty
                                  0.000000    0.256935   clock reconvergence pessimism
                                  1.316111    1.573046   library removal time
                                              1.573046   data required time
---------------------------------------------------------------------------------------------
                                              1.573046   data required time
                                             -2.954262   data arrival time
---------------------------------------------------------------------------------------------
                                              1.381216   slack (MET)


Startpoint: _1056_ (rising edge-triggered flip-flop clocked by clk)
Endpoint: _1083_ (removal check against rising-edge clock clk)
Path Group: asynchronous
Path Type: min

Fanout         Cap        Slew       Delay        Time   Description
---------------------------------------------------------------------------------------------
                                  0.000000    0.000000   clock clk (rise edge)
                                  0.000000    0.000000   clock source latency
   196    0.487655    0.000000    0.000000    0.000000 ^ clk (in)
                                                         clk (net)
                      0.015566    0.007783    0.007783 ^ _1056_/CLK (sky130_fd_sc_hd__dfrtp_2)
   194    0.819377    3.783620    2.941055    2.948838 ^ _1056_/Q (sky130_fd_sc_hd__dfrtp_2)
                                                         per_core[0].u_core.rst_n (net)
                      3.783646    0.008564    2.957402 ^ _1083_/RESET_B (sky130_fd_sc_hd__dfrtp_2)
                                              2.957402   data arrival time

                                  0.000000    0.000000   clock clk (rise edge)
                                  0.000000    0.000000   clock source latency
   196    0.487655    0.000000    0.000000    0.000000 ^ clk (in)
                                                         clk (net)
                      0.015872    0.007936    0.007936 ^ _1083_/CLK (sky130_fd_sc_hd__dfrtp_2)
                                  0.250000    0.257936   clock uncertainty
                                  0.000000    0.257936   clock reconvergence pessimism
                                  1.316564    1.574500   library removal time
                                              1.574500   data required time
---------------------------------------------------------------------------------------------
                                              1.574500   data required time
                                             -2.957402   data arrival time
---------------------------------------------------------------------------------------------
                                              1.382903   slack (MET)


Startpoint: _1056_ (rising edge-triggered flip-flop clocked by clk)
Endpoint: _1096_ (removal check against rising-edge clock clk)
Path Group: asynchronous
Path Type: min

Fanout         Cap        Slew       Delay        Time   Description
---------------------------------------------------------------------------------------------
                                  0.000000    0.000000   clock clk (rise edge)
                                  0.000000    0.000000   clock source latency
   196    0.487655    0.000000    0.000000    0.000000 ^ clk (in)
                                                         clk (net)
                      0.015566    0.007783    0.007783 ^ _1056_/CLK (sky130_fd_sc_hd__dfrtp_2)
   194    0.819377    3.783620    2.941055    2.948838 ^ _1056_/Q (sky130_fd_sc_hd__dfrtp_2)
                                                         per_core[0].u_core.rst_n (net)
                      3.783637    0.006903    2.955741 ^ _1096_/RESET_B (sky130_fd_sc_hd__dfrtp_2)
                                              2.955741   data arrival time

                                  0.000000    0.000000   clock clk (rise edge)
                                  0.000000    0.000000   clock source latency
   196    0.487655    0.000000    0.000000    0.000000 ^ clk (in)
                                                         clk (net)
                      0.012526    0.006263    0.006263 ^ _1096_/CLK (sky130_fd_sc_hd__dfrtp_2)
                                  0.250000    0.256263   clock uncertainty
                                  0.000000    0.256263   clock reconvergence pessimism
                                  1.315812    1.572075   library removal time
                                              1.572075   data required time
---------------------------------------------------------------------------------------------
                                              1.572075   data required time
                                             -2.955741   data arrival time
---------------------------------------------------------------------------------------------
                                              1.383666   slack (MET)


Startpoint: _1056_ (rising edge-triggered flip-flop clocked by clk)
Endpoint: _1072_ (removal check against rising-edge clock clk)
Path Group: asynchronous
Path Type: min

Fanout         Cap        Slew       Delay        Time   Description
---------------------------------------------------------------------------------------------
                                  0.000000    0.000000   clock clk (rise edge)
                                  0.000000    0.000000   clock source latency
   196    0.487655    0.000000    0.000000    0.000000 ^ clk (in)
                                                         clk (net)
                      0.015566    0.007783    0.007783 ^ _1056_/CLK (sky130_fd_sc_hd__dfrtp_2)
   194    0.819377    3.783620    2.941055    2.948838 ^ _1056_/Q (sky130_fd_sc_hd__dfrtp_2)
                                                         per_core[0].u_core.rst_n (net)
                      3.783636    0.006745    2.955583 ^ _1072_/RESET_B (sky130_fd_sc_hd__dfrtp_2)
                                              2.955583   data arrival time

                                  0.000000    0.000000   clock clk (rise edge)
                                  0.000000    0.000000   clock source latency
   196    0.487655    0.000000    0.000000    0.000000 ^ clk (in)
                                                         clk (net)
                      0.012184    0.006092    0.006092 ^ _1072_/CLK (sky130_fd_sc_hd__dfrtp_2)
                                  0.250000    0.256092   clock uncertainty
                                  0.000000    0.256092   clock reconvergence pessimism
                                  1.315736    1.571828   library removal time
                                              1.571828   data required time
---------------------------------------------------------------------------------------------
                                              1.571828   data required time
                                             -2.955583   data arrival time
---------------------------------------------------------------------------------------------
                                              1.383755   slack (MET)


Startpoint: _1056_ (rising edge-triggered flip-flop clocked by clk)
Endpoint: _1073_ (removal check against rising-edge clock clk)
Path Group: asynchronous
Path Type: min

Fanout         Cap        Slew       Delay        Time   Description
---------------------------------------------------------------------------------------------
                                  0.000000    0.000000   clock clk (rise edge)
                                  0.000000    0.000000   clock source latency
   196    0.487655    0.000000    0.000000    0.000000 ^ clk (in)
                                                         clk (net)
                      0.015566    0.007783    0.007783 ^ _1056_/CLK (sky130_fd_sc_hd__dfrtp_2)
   194    0.819377    3.783620    2.941055    2.948838 ^ _1056_/Q (sky130_fd_sc_hd__dfrtp_2)
                                                         per_core[0].u_core.rst_n (net)
                      3.783636    0.006783    2.955621 ^ _1073_/RESET_B (sky130_fd_sc_hd__dfrtp_2)
                                              2.955621   data arrival time

                                  0.000000    0.000000   clock clk (rise edge)
                                  0.000000    0.000000   clock source latency
   196    0.487655    0.000000    0.000000    0.000000 ^ clk (in)
                                                         clk (net)
                      0.012184    0.006092    0.006092 ^ _1073_/CLK (sky130_fd_sc_hd__dfrtp_2)
                                  0.250000    0.256092   clock uncertainty
                                  0.000000    0.256092   clock reconvergence pessimism
                                  1.315736    1.571828   library removal time
                                              1.571828   data required time
---------------------------------------------------------------------------------------------
                                              1.571828   data required time
                                             -2.955621   data arrival time
---------------------------------------------------------------------------------------------
                                              1.383794   slack (MET)


Startpoint: _1056_ (rising edge-triggered flip-flop clocked by clk)
Endpoint: _1095_ (removal check against rising-edge clock clk)
Path Group: asynchronous
Path Type: min

Fanout         Cap        Slew       Delay        Time   Description
---------------------------------------------------------------------------------------------
                                  0.000000    0.000000   clock clk (rise edge)
                                  0.000000    0.000000   clock source latency
   196    0.487655    0.000000    0.000000    0.000000 ^ clk (in)
                                                         clk (net)
                      0.015566    0.007783    0.007783 ^ _1056_/CLK (sky130_fd_sc_hd__dfrtp_2)
   194    0.819377    3.783620    2.941055    2.948838 ^ _1056_/Q (sky130_fd_sc_hd__dfrtp_2)
                                                         per_core[0].u_core.rst_n (net)
                      3.783637    0.007018    2.955856 ^ _1095_/RESET_B (sky130_fd_sc_hd__dfrtp_2)
                                              2.955856   data arrival time

                                  0.000000    0.000000   clock clk (rise edge)
                                  0.000000    0.000000   clock source latency
   196    0.487655    0.000000    0.000000    0.000000 ^ clk (in)
                                                         clk (net)
                      0.012247    0.006123    0.006123 ^ _1095_/CLK (sky130_fd_sc_hd__dfrtp_2)
                                  0.250000    0.256123   clock uncertainty
                                  0.000000    0.256123   clock reconvergence pessimism
                                  1.315750    1.571874   library removal time
                                              1.571874   data required time
---------------------------------------------------------------------------------------------
                                              1.571874   data required time
                                             -2.955856   data arrival time
---------------------------------------------------------------------------------------------
                                              1.383982   slack (MET)


Startpoint: _1056_ (rising edge-triggered flip-flop clocked by clk)
Endpoint: _1070_ (removal check against rising-edge clock clk)
Path Group: asynchronous
Path Type: min

Fanout         Cap        Slew       Delay        Time   Description
---------------------------------------------------------------------------------------------
                                  0.000000    0.000000   clock clk (rise edge)
                                  0.000000    0.000000   clock source latency
   196    0.487655    0.000000    0.000000    0.000000 ^ clk (in)
                                                         clk (net)
                      0.015566    0.007783    0.007783 ^ _1056_/CLK (sky130_fd_sc_hd__dfrtp_2)
   194    0.819377    3.783620    2.941055    2.948838 ^ _1056_/Q (sky130_fd_sc_hd__dfrtp_2)
                                                         per_core[0].u_core.rst_n (net)
                      3.783643    0.008121    2.956959 ^ _1070_/RESET_B (sky130_fd_sc_hd__dfrtp_2)
                                              2.956959   data arrival time

                                  0.000000    0.000000   clock clk (rise edge)
                                  0.000000    0.000000   clock source latency
   196    0.487655    0.000000    0.000000    0.000000 ^ clk (in)
                                                         clk (net)
                      0.013411    0.006705    0.006705 ^ _1070_/CLK (sky130_fd_sc_hd__dfrtp_2)
                                  0.250000    0.256705   clock uncertainty
                                  0.000000    0.256705   clock reconvergence pessimism
                                  1.316012    1.572718   library removal time
                                              1.572718   data required time
---------------------------------------------------------------------------------------------
                                              1.572718   data required time
                                             -2.956959   data arrival time
---------------------------------------------------------------------------------------------
                                              1.384241   slack (MET)


Startpoint: _1056_ (rising edge-triggered flip-flop clocked by clk)
Endpoint: _1069_ (removal check against rising-edge clock clk)
Path Group: asynchronous
Path Type: min

Fanout         Cap        Slew       Delay        Time   Description
---------------------------------------------------------------------------------------------
                                  0.000000    0.000000   clock clk (rise edge)
                                  0.000000    0.000000   clock source latency
   196    0.487655    0.000000    0.000000    0.000000 ^ clk (in)
                                                         clk (net)
                      0.015566    0.007783    0.007783 ^ _1056_/CLK (sky130_fd_sc_hd__dfrtp_2)
   194    0.819377    3.783620    2.941055    2.948838 ^ _1056_/Q (sky130_fd_sc_hd__dfrtp_2)
                                                         per_core[0].u_core.rst_n (net)
                      3.783643    0.008133    2.956971 ^ _1069_/RESET_B (sky130_fd_sc_hd__dfrtp_2)
                                              2.956971   data arrival time

                                  0.000000    0.000000   clock clk (rise edge)
                                  0.000000    0.000000   clock source latency
   196    0.487655    0.000000    0.000000    0.000000 ^ clk (in)
                                                         clk (net)
                      0.013420    0.006710    0.006710 ^ _1069_/CLK (sky130_fd_sc_hd__dfrtp_2)
                                  0.250000    0.256710   clock uncertainty
                                  0.000000    0.256710   clock reconvergence pessimism
                                  1.316014    1.572725   library removal time
                                              1.572725   data required time
---------------------------------------------------------------------------------------------
                                              1.572725   data required time
                                             -2.956971   data arrival time
---------------------------------------------------------------------------------------------
                                              1.384247   slack (MET)


Startpoint: _1056_ (rising edge-triggered flip-flop clocked by clk)
Endpoint: _1004_ (removal check against rising-edge clock clk)
Path Group: asynchronous
Path Type: min

Fanout         Cap        Slew       Delay        Time   Description
---------------------------------------------------------------------------------------------
                                  0.000000    0.000000   clock clk (rise edge)
                                  0.000000    0.000000   clock source latency
   196    0.487655    0.000000    0.000000    0.000000 ^ clk (in)
                                                         clk (net)
                      0.015566    0.007783    0.007783 ^ _1056_/CLK (sky130_fd_sc_hd__dfrtp_2)
   194    0.819377    3.783620    2.941055    2.948838 ^ _1056_/Q (sky130_fd_sc_hd__dfrtp_2)
                                                         per_core[0].u_core.rst_n (net)
                      3.783649    0.009063    2.957901 ^ _1004_/RESET_B (sky130_fd_sc_hd__dfrtp_2)
                                              2.957901   data arrival time

                                  0.000000    0.000000   clock clk (rise edge)
                                  0.000000    0.000000   clock source latency
   196    0.487655    0.000000    0.000000    0.000000 ^ clk (in)
                                                         clk (net)
                      0.014569    0.007285    0.007285 ^ _1004_/CLK (sky130_fd_sc_hd__dfrtp_2)
                                  0.250000    0.257285   clock uncertainty
                                  0.000000    0.257285   clock reconvergence pessimism
                                  1.316273    1.573557   library removal time
                                              1.573557   data required time
---------------------------------------------------------------------------------------------
                                              1.573557   data required time
                                             -2.957901   data arrival time
---------------------------------------------------------------------------------------------
                                              1.384344   slack (MET)


Startpoint: _1056_ (rising edge-triggered flip-flop clocked by clk)
Endpoint: _1022_ (removal check against rising-edge clock clk)
Path Group: asynchronous
Path Type: min

Fanout         Cap        Slew       Delay        Time   Description
---------------------------------------------------------------------------------------------
                                  0.000000    0.000000   clock clk (rise edge)
                                  0.000000    0.000000   clock source latency
   196    0.487655    0.000000    0.000000    0.000000 ^ clk (in)
                                                         clk (net)
                      0.015566    0.007783    0.007783 ^ _1056_/CLK (sky130_fd_sc_hd__dfrtp_2)
   194    0.819377    3.783620    2.941055    2.948838 ^ _1056_/Q (sky130_fd_sc_hd__dfrtp_2)
                                                         per_core[0].u_core.rst_n (net)
                      3.783639    0.007327    2.956165 ^ _1022_/RESET_B (sky130_fd_sc_hd__dfrtp_2)
                                              2.956165   data arrival time

                                  0.000000    0.000000   clock clk (rise edge)
                                  0.000000    0.000000   clock source latency
   196    0.487655    0.000000    0.000000    0.000000 ^ clk (in)
                                                         clk (net)
                      0.012162    0.006081    0.006081 ^ _1022_/CLK (sky130_fd_sc_hd__dfrtp_2)
                                  0.250000    0.256081   clock uncertainty
                                  0.000000    0.256081   clock reconvergence pessimism
                                  1.315732    1.571812   library removal time
                                              1.571812   data required time
---------------------------------------------------------------------------------------------
                                              1.571812   data required time
                                             -2.956165   data arrival time
---------------------------------------------------------------------------------------------
                                              1.384352   slack (MET)


Startpoint: _1056_ (rising edge-triggered flip-flop clocked by clk)
Endpoint: _1018_ (removal check against rising-edge clock clk)
Path Group: asynchronous
Path Type: min

Fanout         Cap        Slew       Delay        Time   Description
---------------------------------------------------------------------------------------------
                                  0.000000    0.000000   clock clk (rise edge)
                                  0.000000    0.000000   clock source latency
   196    0.487655    0.000000    0.000000    0.000000 ^ clk (in)
                                                         clk (net)
                      0.015566    0.007783    0.007783 ^ _1056_/CLK (sky130_fd_sc_hd__dfrtp_2)
   194    0.819377    3.783620    2.941055    2.948838 ^ _1056_/Q (sky130_fd_sc_hd__dfrtp_2)
                                                         per_core[0].u_core.rst_n (net)
                      3.783639    0.007361    2.956199 ^ _1018_/RESET_B (sky130_fd_sc_hd__dfrtp_2)
                                              2.956199   data arrival time

                                  0.000000    0.000000   clock clk (rise edge)
                                  0.000000    0.000000   clock source latency
   196    0.487655    0.000000    0.000000    0.000000 ^ clk (in)
                                                         clk (net)
                      0.012158    0.006079    0.006079 ^ _1018_/CLK (sky130_fd_sc_hd__dfrtp_2)
                                  0.250000    0.256079   clock uncertainty
                                  0.000000    0.256079   clock reconvergence pessimism
                                  1.315731    1.571810   library removal time
                                              1.571810   data required time
---------------------------------------------------------------------------------------------
                                              1.571810   data required time
                                             -2.956199   data arrival time
---------------------------------------------------------------------------------------------
                                              1.384389   slack (MET)


Startpoint: _1056_ (rising edge-triggered flip-flop clocked by clk)
Endpoint: _1021_ (removal check against rising-edge clock clk)
Path Group: asynchronous
Path Type: min

Fanout         Cap        Slew       Delay        Time   Description
---------------------------------------------------------------------------------------------
                                  0.000000    0.000000   clock clk (rise edge)
                                  0.000000    0.000000   clock source latency
   196    0.487655    0.000000    0.000000    0.000000 ^ clk (in)
                                                         clk (net)
                      0.015566    0.007783    0.007783 ^ _1056_/CLK (sky130_fd_sc_hd__dfrtp_2)
   194    0.819377    3.783620    2.941055    2.948838 ^ _1056_/Q (sky130_fd_sc_hd__dfrtp_2)
                                                         per_core[0].u_core.rst_n (net)
                      3.783647    0.008709    2.957547 ^ _1021_/RESET_B (sky130_fd_sc_hd__dfrtp_2)
                                              2.957547   data arrival time

                                  0.000000    0.000000   clock clk (rise edge)
                                  0.000000    0.000000   clock source latency
   196    0.487655    0.000000    0.000000    0.000000 ^ clk (in)
                                                         clk (net)
                      0.013861    0.006931    0.006931 ^ _1021_/CLK (sky130_fd_sc_hd__dfrtp_2)
                                  0.250000    0.256931   clock uncertainty
                                  0.000000    0.256931   clock reconvergence pessimism
                                  1.316114    1.573044   library removal time
                                              1.573044   data required time
---------------------------------------------------------------------------------------------
                                              1.573044   data required time
                                             -2.957547   data arrival time
---------------------------------------------------------------------------------------------
                                              1.384503   slack (MET)


Startpoint: _1056_ (rising edge-triggered flip-flop clocked by clk)
Endpoint: _1017_ (removal check against rising-edge clock clk)
Path Group: asynchronous
Path Type: min

Fanout         Cap        Slew       Delay        Time   Description
---------------------------------------------------------------------------------------------
                                  0.000000    0.000000   clock clk (rise edge)
                                  0.000000    0.000000   clock source latency
   196    0.487655    0.000000    0.000000    0.000000 ^ clk (in)
                                                         clk (net)
                      0.015566    0.007783    0.007783 ^ _1056_/CLK (sky130_fd_sc_hd__dfrtp_2)
   194    0.819377    3.783620    2.941055    2.948838 ^ _1056_/Q (sky130_fd_sc_hd__dfrtp_2)
                                                         per_core[0].u_core.rst_n (net)
                      3.783647    0.008714    2.957552 ^ _1017_/RESET_B (sky130_fd_sc_hd__dfrtp_2)
                                              2.957552   data arrival time

                                  0.000000    0.000000   clock clk (rise edge)
                                  0.000000    0.000000   clock source latency
   196    0.487655    0.000000    0.000000    0.000000 ^ clk (in)
                                                         clk (net)
                      0.013864    0.006932    0.006932 ^ _1017_/CLK (sky130_fd_sc_hd__dfrtp_2)
                                  0.250000    0.256932   clock uncertainty
                                  0.000000    0.256932   clock reconvergence pessimism
                                  1.316115    1.573047   library removal time
                                              1.573047   data required time
---------------------------------------------------------------------------------------------
                                              1.573047   data required time
                                             -2.957552   data arrival time
---------------------------------------------------------------------------------------------
                                              1.384505   slack (MET)


Startpoint: _1056_ (rising edge-triggered flip-flop clocked by clk)
Endpoint: _1074_ (removal check against rising-edge clock clk)
Path Group: asynchronous
Path Type: min

Fanout         Cap        Slew       Delay        Time   Description
---------------------------------------------------------------------------------------------
                                  0.000000    0.000000   clock clk (rise edge)
                                  0.000000    0.000000   clock source latency
   196    0.487655    0.000000    0.000000    0.000000 ^ clk (in)
                                                         clk (net)
                      0.015566    0.007783    0.007783 ^ _1056_/CLK (sky130_fd_sc_hd__dfrtp_2)
   194    0.819377    3.783620    2.941055    2.948838 ^ _1056_/Q (sky130_fd_sc_hd__dfrtp_2)
                                                         per_core[0].u_core.rst_n (net)
                      3.783649    0.008989    2.957827 ^ _1074_/RESET_B (sky130_fd_sc_hd__dfrtp_2)
                                              2.957827   data arrival time

                                  0.000000    0.000000   clock clk (rise edge)
                                  0.000000    0.000000   clock source latency
   196    0.487655    0.000000    0.000000    0.000000 ^ clk (in)
                                                         clk (net)
                      0.014074    0.007037    0.007037 ^ _1074_/CLK (sky130_fd_sc_hd__dfrtp_2)
                                  0.250000    0.257037   clock uncertainty
                                  0.000000    0.257037   clock reconvergence pessimism
                                  1.316162    1.573199   library removal time
                                              1.573199   data required time
---------------------------------------------------------------------------------------------
                                              1.573199   data required time
                                             -2.957827   data arrival time
---------------------------------------------------------------------------------------------
                                              1.384628   slack (MET)


Startpoint: _1056_ (rising edge-triggered flip-flop clocked by clk)
Endpoint: _1075_ (removal check against rising-edge clock clk)
Path Group: asynchronous
Path Type: min

Fanout         Cap        Slew       Delay        Time   Description
---------------------------------------------------------------------------------------------
                                  0.000000    0.000000   clock clk (rise edge)
                                  0.000000    0.000000   clock source latency
   196    0.487655    0.000000    0.000000    0.000000 ^ clk (in)
                                                         clk (net)
                      0.015566    0.007783    0.007783 ^ _1056_/CLK (sky130_fd_sc_hd__dfrtp_2)
   194    0.819377    3.783620    2.941055    2.948838 ^ _1056_/Q (sky130_fd_sc_hd__dfrtp_2)
                                                         per_core[0].u_core.rst_n (net)
                      3.783650    0.009180    2.958018 ^ _1075_/RESET_B (sky130_fd_sc_hd__dfrtp_2)
                                              2.958018   data arrival time

                                  0.000000    0.000000   clock clk (rise edge)
                                  0.000000    0.000000   clock source latency
   196    0.487655    0.000000    0.000000    0.000000 ^ clk (in)
                                                         clk (net)
                      0.014219    0.007110    0.007110 ^ _1075_/CLK (sky130_fd_sc_hd__dfrtp_2)
                                  0.250000    0.257109   clock uncertainty
                                  0.000000    0.257109   clock reconvergence pessimism
                                  1.316195    1.573304   library removal time
                                              1.573304   data required time
---------------------------------------------------------------------------------------------
                                              1.573304   data required time
                                             -2.958018   data arrival time
---------------------------------------------------------------------------------------------
                                              1.384714   slack (MET)


Startpoint: _1056_ (rising edge-triggered flip-flop clocked by clk)
Endpoint: _1011_ (removal check against rising-edge clock clk)
Path Group: asynchronous
Path Type: min

Fanout         Cap        Slew       Delay        Time   Description
---------------------------------------------------------------------------------------------
                                  0.000000    0.000000   clock clk (rise edge)
                                  0.000000    0.000000   clock source latency
   196    0.487655    0.000000    0.000000    0.000000 ^ clk (in)
                                                         clk (net)
                      0.015566    0.007783    0.007783 ^ _1056_/CLK (sky130_fd_sc_hd__dfrtp_2)
   194    0.819377    3.783620    2.941055    2.948838 ^ _1056_/Q (sky130_fd_sc_hd__dfrtp_2)
                                                         per_core[0].u_core.rst_n (net)
                      3.783653    0.009593    2.958431 ^ _1011_/RESET_B (sky130_fd_sc_hd__dfrtp_2)
                                              2.958431   data arrival time

                                  0.000000    0.000000   clock clk (rise edge)
                                  0.000000    0.000000   clock source latency
   196    0.487655    0.000000    0.000000    0.000000 ^ clk (in)
                                                         clk (net)
                      0.014655    0.007327    0.007327 ^ _1011_/CLK (sky130_fd_sc_hd__dfrtp_2)
                                  0.250000    0.257327   clock uncertainty
                                  0.000000    0.257327   clock reconvergence pessimism
                                  1.316293    1.573620   library removal time
                                              1.573620   data required time
---------------------------------------------------------------------------------------------
                                              1.573620   data required time
                                             -2.958431   data arrival time
---------------------------------------------------------------------------------------------
                                              1.384810   slack (MET)


Startpoint: _1056_ (rising edge-triggered flip-flop clocked by clk)
Endpoint: _1016_ (removal check against rising-edge clock clk)
Path Group: asynchronous
Path Type: min

Fanout         Cap        Slew       Delay        Time   Description
---------------------------------------------------------------------------------------------
                                  0.000000    0.000000   clock clk (rise edge)
                                  0.000000    0.000000   clock source latency
   196    0.487655    0.000000    0.000000    0.000000 ^ clk (in)
                                                         clk (net)
                      0.015566    0.007783    0.007783 ^ _1056_/CLK (sky130_fd_sc_hd__dfrtp_2)
   194    0.819377    3.783620    2.941055    2.948838 ^ _1056_/Q (sky130_fd_sc_hd__dfrtp_2)
                                                         per_core[0].u_core.rst_n (net)
                      3.783653    0.009553    2.958390 ^ _1016_/RESET_B (sky130_fd_sc_hd__dfrtp_2)
                                              2.958390   data arrival time

                                  0.000000    0.000000   clock clk (rise edge)
                                  0.000000    0.000000   clock source latency
   196    0.487655    0.000000    0.000000    0.000000 ^ clk (in)
                                                         clk (net)
                      0.014580    0.007290    0.007290 ^ _1016_/CLK (sky130_fd_sc_hd__dfrtp_2)
                                  0.250000    0.257290   clock uncertainty
                                  0.000000    0.257290   clock reconvergence pessimism
                                  1.316276    1.573566   library removal time
                                              1.573566   data required time
---------------------------------------------------------------------------------------------
                                              1.573566   data required time
                                             -2.958390   data arrival time
---------------------------------------------------------------------------------------------
                                              1.384824   slack (MET)


Startpoint: _1056_ (rising edge-triggered flip-flop clocked by clk)
Endpoint: _1008_ (removal check against rising-edge clock clk)
Path Group: asynchronous
Path Type: min

Fanout         Cap        Slew       Delay        Time   Description
---------------------------------------------------------------------------------------------
                                  0.000000    0.000000   clock clk (rise edge)
                                  0.000000    0.000000   clock source latency
   196    0.487655    0.000000    0.000000    0.000000 ^ clk (in)
                                                         clk (net)
                      0.015566    0.007783    0.007783 ^ _1056_/CLK (sky130_fd_sc_hd__dfrtp_2)
   194    0.819377    3.783620    2.941055    2.948838 ^ _1056_/Q (sky130_fd_sc_hd__dfrtp_2)
                                                         per_core[0].u_core.rst_n (net)
                      3.783652    0.009480    2.958318 ^ _1008_/RESET_B (sky130_fd_sc_hd__dfrtp_2)
                                              2.958318   data arrival time

                                  0.000000    0.000000   clock clk (rise edge)
                                  0.000000    0.000000   clock source latency
   196    0.487655    0.000000    0.000000    0.000000 ^ clk (in)
                                                         clk (net)
                      0.014447    0.007223    0.007223 ^ _1008_/CLK (sky130_fd_sc_hd__dfrtp_2)
                                  0.250000    0.257223   clock uncertainty
                                  0.000000    0.257223   clock reconvergence pessimism
                                  1.316246    1.573470   library removal time
                                              1.573470   data required time
---------------------------------------------------------------------------------------------
                                              1.573470   data required time
                                             -2.958318   data arrival time
---------------------------------------------------------------------------------------------
                                              1.384849   slack (MET)


Startpoint: _1056_ (rising edge-triggered flip-flop clocked by clk)
Endpoint: _1003_ (removal check against rising-edge clock clk)
Path Group: asynchronous
Path Type: min

Fanout         Cap        Slew       Delay        Time   Description
---------------------------------------------------------------------------------------------
                                  0.000000    0.000000   clock clk (rise edge)
                                  0.000000    0.000000   clock source latency
   196    0.487655    0.000000    0.000000    0.000000 ^ clk (in)
                                                         clk (net)
                      0.015566    0.007783    0.007783 ^ _1056_/CLK (sky130_fd_sc_hd__dfrtp_2)
   194    0.819377    3.783620    2.941055    2.948838 ^ _1056_/Q (sky130_fd_sc_hd__dfrtp_2)
                                                         per_core[0].u_core.rst_n (net)
                      3.783656    0.010064    2.958902 ^ _1003_/RESET_B (sky130_fd_sc_hd__dfrtp_2)
                                              2.958902   data arrival time

                                  0.000000    0.000000   clock clk (rise edge)
                                  0.000000    0.000000   clock source latency
   196    0.487655    0.000000    0.000000    0.000000 ^ clk (in)
                                                         clk (net)
                      0.014848    0.007424    0.007424 ^ _1003_/CLK (sky130_fd_sc_hd__dfrtp_2)
                                  0.250000    0.257424   clock uncertainty
                                  0.000000    0.257424   clock reconvergence pessimism
                                  1.316337    1.573761   library removal time
                                              1.573761   data required time
---------------------------------------------------------------------------------------------
                                              1.573761   data required time
                                             -2.958902   data arrival time
---------------------------------------------------------------------------------------------
                                              1.385141   slack (MET)


Startpoint: _1056_ (rising edge-triggered flip-flop clocked by clk)
Endpoint: _1001_ (removal check against rising-edge clock clk)
Path Group: asynchronous
Path Type: min

Fanout         Cap        Slew       Delay        Time   Description
---------------------------------------------------------------------------------------------
                                  0.000000    0.000000   clock clk (rise edge)
                                  0.000000    0.000000   clock source latency
   196    0.487655    0.000000    0.000000    0.000000 ^ clk (in)
                                                         clk (net)
                      0.015566    0.007783    0.007783 ^ _1056_/CLK (sky130_fd_sc_hd__dfrtp_2)
   194    0.819377    3.783620    2.941055    2.948838 ^ _1056_/Q (sky130_fd_sc_hd__dfrtp_2)
                                                         per_core[0].u_core.rst_n (net)
                      3.783661    0.010694    2.959532 ^ _1001_/RESET_B (sky130_fd_sc_hd__dfrtp_2)
                                              2.959532   data arrival time

                                  0.000000    0.000000   clock clk (rise edge)
                                  0.000000    0.000000   clock source latency
   196    0.487655    0.000000    0.000000    0.000000 ^ clk (in)
                                                         clk (net)
                      0.015153    0.007576    0.007576 ^ _1001_/CLK (sky130_fd_sc_hd__dfrtp_2)
                                  0.250000    0.257576   clock uncertainty
                                  0.000000    0.257576   clock reconvergence pessimism
                                  1.316407    1.573983   library removal time
                                              1.573983   data required time
---------------------------------------------------------------------------------------------
                                              1.573983   data required time
                                             -2.959532   data arrival time
---------------------------------------------------------------------------------------------
                                              1.385549   slack (MET)


Startpoint: _1056_ (rising edge-triggered flip-flop clocked by clk)
Endpoint: _1051_ (removal check against rising-edge clock clk)
Path Group: asynchronous
Path Type: min

Fanout         Cap        Slew       Delay        Time   Description
---------------------------------------------------------------------------------------------
                                  0.000000    0.000000   clock clk (rise edge)
                                  0.000000    0.000000   clock source latency
   196    0.487655    0.000000    0.000000    0.000000 ^ clk (in)
                                                         clk (net)
                      0.015566    0.007783    0.007783 ^ _1056_/CLK (sky130_fd_sc_hd__dfrtp_2)
   194    0.819377    3.783620    2.941055    2.948838 ^ _1056_/Q (sky130_fd_sc_hd__dfrtp_2)
                                                         per_core[0].u_core.rst_n (net)
                      3.783648    0.008896    2.957734 ^ _1051_/RESET_B (sky130_fd_sc_hd__dfrtp_2)
                                              2.957734   data arrival time

                                  0.000000    0.000000   clock clk (rise edge)
                                  0.000000    0.000000   clock source latency
   196    0.487655    0.000000    0.000000    0.000000 ^ clk (in)
                                                         clk (net)
                      0.012653    0.006327    0.006327 ^ _1051_/CLK (sky130_fd_sc_hd__dfrtp_2)
                                  0.250000    0.256327   clock uncertainty
                                  0.000000    0.256327   clock reconvergence pessimism
                                  1.315844    1.572171   library removal time
                                              1.572171   data required time
---------------------------------------------------------------------------------------------
                                              1.572171   data required time
                                             -2.957734   data arrival time
---------------------------------------------------------------------------------------------
                                              1.385564   slack (MET)


Startpoint: _1056_ (rising edge-triggered flip-flop clocked by clk)
Endpoint: _1050_ (removal check against rising-edge clock clk)
Path Group: asynchronous
Path Type: min

Fanout         Cap        Slew       Delay        Time   Description
---------------------------------------------------------------------------------------------
                                  0.000000    0.000000   clock clk (rise edge)
                                  0.000000    0.000000   clock source latency
   196    0.487655    0.000000    0.000000    0.000000 ^ clk (in)
                                                         clk (net)
                      0.015566    0.007783    0.007783 ^ _1056_/CLK (sky130_fd_sc_hd__dfrtp_2)
   194    0.819377    3.783620    2.941055    2.948838 ^ _1056_/Q (sky130_fd_sc_hd__dfrtp_2)
                                                         per_core[0].u_core.rst_n (net)
                      3.783648    0.008924    2.957762 ^ _1050_/RESET_B (sky130_fd_sc_hd__dfrtp_2)
                                              2.957762   data arrival time

                                  0.000000    0.000000   clock clk (rise edge)
                                  0.000000    0.000000   clock source latency
   196    0.487655    0.000000    0.000000    0.000000 ^ clk (in)
                                                         clk (net)
                      0.012683    0.006341    0.006341 ^ _1050_/CLK (sky130_fd_sc_hd__dfrtp_2)
                                  0.250000    0.256341   clock uncertainty
                                  0.000000    0.256341   clock reconvergence pessimism
                                  1.315851    1.572192   library removal time
                                              1.572192   data required time
---------------------------------------------------------------------------------------------
                                              1.572192   data required time
                                             -2.957762   data arrival time
---------------------------------------------------------------------------------------------
                                              1.385570   slack (MET)


Startpoint: _1056_ (rising edge-triggered flip-flop clocked by clk)
Endpoint: _1005_ (removal check against rising-edge clock clk)
Path Group: asynchronous
Path Type: min

Fanout         Cap        Slew       Delay        Time   Description
---------------------------------------------------------------------------------------------
                                  0.000000    0.000000   clock clk (rise edge)
                                  0.000000    0.000000   clock source latency
   196    0.487655    0.000000    0.000000    0.000000 ^ clk (in)
                                                         clk (net)
                      0.015566    0.007783    0.007783 ^ _1056_/CLK (sky130_fd_sc_hd__dfrtp_2)
   194    0.819377    3.783620    2.941055    2.948838 ^ _1056_/Q (sky130_fd_sc_hd__dfrtp_2)
                                                         per_core[0].u_core.rst_n (net)
                      3.783662    0.010801    2.959639 ^ _1005_/RESET_B (sky130_fd_sc_hd__dfrtp_2)
                                              2.959639   data arrival time

                                  0.000000    0.000000   clock clk (rise edge)
                                  0.000000    0.000000   clock source latency
   196    0.487655    0.000000    0.000000    0.000000 ^ clk (in)
                                                         clk (net)
                      0.015202    0.007601    0.007601 ^ _1005_/CLK (sky130_fd_sc_hd__dfrtp_2)
                                  0.250000    0.257601   clock uncertainty
                                  0.000000    0.257601   clock reconvergence pessimism
                                  1.316418    1.574019   library removal time
                                              1.574019   data required time
---------------------------------------------------------------------------------------------
                                              1.574019   data required time
                                             -2.959639   data arrival time
---------------------------------------------------------------------------------------------
                                              1.385621   slack (MET)


Startpoint: _1056_ (rising edge-triggered flip-flop clocked by clk)
Endpoint: _1029_ (removal check against rising-edge clock clk)
Path Group: asynchronous
Path Type: min

Fanout         Cap        Slew       Delay        Time   Description
---------------------------------------------------------------------------------------------
                                  0.000000    0.000000   clock clk (rise edge)
                                  0.000000    0.000000   clock source latency
   196    0.487655    0.000000    0.000000    0.000000 ^ clk (in)
                                                         clk (net)
                      0.015566    0.007783    0.007783 ^ _1056_/CLK (sky130_fd_sc_hd__dfrtp_2)
   194    0.819377    3.783620    2.941055    2.948838 ^ _1056_/Q (sky130_fd_sc_hd__dfrtp_2)
                                                         per_core[0].u_core.rst_n (net)
                      3.783665    0.011183    2.960021 ^ _1029_/RESET_B (sky130_fd_sc_hd__dfrtp_2)
                                              2.960021   data arrival time

                                  0.000000    0.000000   clock clk (rise edge)
                                  0.000000    0.000000   clock source latency
   196    0.487655    0.000000    0.000000    0.000000 ^ clk (in)
                                                         clk (net)
                      0.015441    0.007721    0.007721 ^ _1029_/CLK (sky130_fd_sc_hd__dfrtp_2)
                                  0.250000    0.257721   clock uncertainty
                                  0.000000    0.257721   clock reconvergence pessimism
                                  1.316472    1.574193   library removal time
                                              1.574193   data required time
---------------------------------------------------------------------------------------------
                                              1.574193   data required time
                                             -2.960021   data arrival time
---------------------------------------------------------------------------------------------
                                              1.385828   slack (MET)


Startpoint: _1056_ (rising edge-triggered flip-flop clocked by clk)
Endpoint: _1030_ (removal check against rising-edge clock clk)
Path Group: asynchronous
Path Type: min

Fanout         Cap        Slew       Delay        Time   Description
---------------------------------------------------------------------------------------------
                                  0.000000    0.000000   clock clk (rise edge)
                                  0.000000    0.000000   clock source latency
   196    0.487655    0.000000    0.000000    0.000000 ^ clk (in)
                                                         clk (net)
                      0.015566    0.007783    0.007783 ^ _1056_/CLK (sky130_fd_sc_hd__dfrtp_2)
   194    0.819377    3.783620    2.941055    2.948838 ^ _1056_/Q (sky130_fd_sc_hd__dfrtp_2)
                                                         per_core[0].u_core.rst_n (net)
                      3.783665    0.011174    2.960012 ^ _1030_/RESET_B (sky130_fd_sc_hd__dfrtp_2)
                                              2.960012   data arrival time

                                  0.000000    0.000000   clock clk (rise edge)
                                  0.000000    0.000000   clock source latency
   196    0.487655    0.000000    0.000000    0.000000 ^ clk (in)
                                                         clk (net)
                      0.015431    0.007715    0.007715 ^ _1030_/CLK (sky130_fd_sc_hd__dfrtp_2)
                                  0.250000    0.257715   clock uncertainty
                                  0.000000    0.257715   clock reconvergence pessimism
                                  1.316470    1.574185   library removal time
                                              1.574185   data required time
---------------------------------------------------------------------------------------------
                                              1.574185   data required time
                                             -2.960012   data arrival time
---------------------------------------------------------------------------------------------
                                              1.385827   slack (MET)


Startpoint: _1056_ (rising edge-triggered flip-flop clocked by clk)
Endpoint: _1024_ (removal check against rising-edge clock clk)
Path Group: asynchronous
Path Type: min

Fanout         Cap        Slew       Delay        Time   Description
---------------------------------------------------------------------------------------------
                                  0.000000    0.000000   clock clk (rise edge)
                                  0.000000    0.000000   clock source latency
   196    0.487655    0.000000    0.000000    0.000000 ^ clk (in)
                                                         clk (net)
                      0.015566    0.007783    0.007783 ^ _1056_/CLK (sky130_fd_sc_hd__dfrtp_2)
   194    0.819377    3.783620    2.941055    2.948838 ^ _1056_/Q (sky130_fd_sc_hd__dfrtp_2)
                                                         per_core[0].u_core.rst_n (net)
                      3.783647    0.008793    2.957630 ^ _1024_/RESET_B (sky130_fd_sc_hd__dfrtp_2)
                                              2.957630   data arrival time

                                  0.000000    0.000000   clock clk (rise edge)
                                  0.000000    0.000000   clock source latency
   196    0.487655    0.000000    0.000000    0.000000 ^ clk (in)
                                                         clk (net)
                      0.012066    0.006033    0.006033 ^ _1024_/CLK (sky130_fd_sc_hd__dfrtp_2)
                                  0.250000    0.256033   clock uncertainty
                                  0.000000    0.256033   clock reconvergence pessimism
                                  1.315713    1.571746   library removal time
                                              1.571746   data required time
---------------------------------------------------------------------------------------------
                                              1.571746   data required time
                                             -2.957630   data arrival time
---------------------------------------------------------------------------------------------
                                              1.385885   slack (MET)


Startpoint: _1056_ (rising edge-triggered flip-flop clocked by clk)
Endpoint: _1020_ (removal check against rising-edge clock clk)
Path Group: asynchronous
Path Type: min

Fanout         Cap        Slew       Delay        Time   Description
---------------------------------------------------------------------------------------------
                                  0.000000    0.000000   clock clk (rise edge)
                                  0.000000    0.000000   clock source latency
   196    0.487655    0.000000    0.000000    0.000000 ^ clk (in)
                                                         clk (net)
                      0.015566    0.007783    0.007783 ^ _1056_/CLK (sky130_fd_sc_hd__dfrtp_2)
   194    0.819377    3.783620    2.941055    2.948838 ^ _1056_/Q (sky130_fd_sc_hd__dfrtp_2)
                                                         per_core[0].u_core.rst_n (net)
                      3.783647    0.008784    2.957622 ^ _1020_/RESET_B (sky130_fd_sc_hd__dfrtp_2)
                                              2.957622   data arrival time

                                  0.000000    0.000000   clock clk (rise edge)
                                  0.000000    0.000000   clock source latency
   196    0.487655    0.000000    0.000000    0.000000 ^ clk (in)
                                                         clk (net)
                      0.012040    0.006020    0.006020 ^ _1020_/CLK (sky130_fd_sc_hd__dfrtp_2)
                                  0.250000    0.256020   clock uncertainty
                                  0.000000    0.256020   clock reconvergence pessimism
                                  1.315707    1.571727   library removal time
                                              1.571727   data required time
---------------------------------------------------------------------------------------------
                                              1.571727   data required time
                                             -2.957622   data arrival time
---------------------------------------------------------------------------------------------
                                              1.385895   slack (MET)


Startpoint: _1056_ (rising edge-triggered flip-flop clocked by clk)
Endpoint: _1094_ (removal check against rising-edge clock clk)
Path Group: asynchronous
Path Type: min

Fanout         Cap        Slew       Delay        Time   Description
---------------------------------------------------------------------------------------------
                                  0.000000    0.000000   clock clk (rise edge)
                                  0.000000    0.000000   clock source latency
   196    0.487655    0.000000    0.000000    0.000000 ^ clk (in)
                                                         clk (net)
                      0.015566    0.007783    0.007783 ^ _1056_/CLK (sky130_fd_sc_hd__dfrtp_2)
   194    0.819377    3.783620    2.941055    2.948838 ^ _1056_/Q (sky130_fd_sc_hd__dfrtp_2)
                                                         per_core[0].u_core.rst_n (net)
                      3.783644    0.008221    2.957059 ^ _1094_/RESET_B (sky130_fd_sc_hd__dfrtp_2)
                                              2.957059   data arrival time

                                  0.000000    0.000000   clock clk (rise edge)
                                  0.000000    0.000000   clock source latency
   196    0.487655    0.000000    0.000000    0.000000 ^ clk (in)
                                                         clk (net)
                      0.011218    0.005609    0.005609 ^ _1094_/CLK (sky130_fd_sc_hd__dfrtp_2)
                                  0.250000    0.255609   clock uncertainty
                                  0.000000    0.255609   clock reconvergence pessimism
                                  1.315522    1.571131   library removal time
                                              1.571131   data required time
---------------------------------------------------------------------------------------------
                                              1.571131   data required time
                                             -2.957059   data arrival time
---------------------------------------------------------------------------------------------
                                              1.385929   slack (MET)


Startpoint: _1056_ (rising edge-triggered flip-flop clocked by clk)
Endpoint: _1093_ (removal check against rising-edge clock clk)
Path Group: asynchronous
Path Type: min

Fanout         Cap        Slew       Delay        Time   Description
---------------------------------------------------------------------------------------------
                                  0.000000    0.000000   clock clk (rise edge)
                                  0.000000    0.000000   clock source latency
   196    0.487655    0.000000    0.000000    0.000000 ^ clk (in)
                                                         clk (net)
                      0.015566    0.007783    0.007783 ^ _1056_/CLK (sky130_fd_sc_hd__dfrtp_2)
   194    0.819377    3.783620    2.941055    2.948838 ^ _1056_/Q (sky130_fd_sc_hd__dfrtp_2)
                                                         per_core[0].u_core.rst_n (net)
                      3.783645    0.008327    2.957165 ^ _1093_/RESET_B (sky130_fd_sc_hd__dfrtp_2)
                                              2.957165   data arrival time

                                  0.000000    0.000000   clock clk (rise edge)
                                  0.000000    0.000000   clock source latency
   196    0.487655    0.000000    0.000000    0.000000 ^ clk (in)
                                                         clk (net)
                      0.011323    0.005662    0.005662 ^ _1093_/CLK (sky130_fd_sc_hd__dfrtp_2)
                                  0.250000    0.255662   clock uncertainty
                                  0.000000    0.255662   clock reconvergence pessimism
                                  1.315546    1.571207   library removal time
                                              1.571207   data required time
---------------------------------------------------------------------------------------------
                                              1.571207   data required time
                                             -2.957165   data arrival time
---------------------------------------------------------------------------------------------
                                              1.385958   slack (MET)


Startpoint: _1056_ (rising edge-triggered flip-flop clocked by clk)
Endpoint: _1080_ (removal check against rising-edge clock clk)
Path Group: asynchronous
Path Type: min

Fanout         Cap        Slew       Delay        Time   Description
---------------------------------------------------------------------------------------------
                                  0.000000    0.000000   clock clk (rise edge)
                                  0.000000    0.000000   clock source latency
   196    0.487655    0.000000    0.000000    0.000000 ^ clk (in)
                                                         clk (net)
                      0.015566    0.007783    0.007783 ^ _1056_/CLK (sky130_fd_sc_hd__dfrtp_2)
   194    0.819377    3.783620    2.941055    2.948838 ^ _1056_/Q (sky130_fd_sc_hd__dfrtp_2)
                                                         per_core[0].u_core.rst_n (net)
                      3.783667    0.011503    2.960340 ^ _1080_/RESET_B (sky130_fd_sc_hd__dfrtp_2)
                                              2.960340   data arrival time

                                  0.000000    0.000000   clock clk (rise edge)
                                  0.000000    0.000000   clock source latency
   196    0.487655    0.000000    0.000000    0.000000 ^ clk (in)
                                                         clk (net)
                      0.015647    0.007824    0.007824 ^ _1080_/CLK (sky130_fd_sc_hd__dfrtp_2)
                                  0.250000    0.257824   clock uncertainty
                                  0.000000    0.257824   clock reconvergence pessimism
                                  1.316519    1.574342   library removal time
                                              1.574342   data required time
---------------------------------------------------------------------------------------------
                                              1.574342   data required time
                                             -2.960340   data arrival time
---------------------------------------------------------------------------------------------
                                              1.385998   slack (MET)


Startpoint: _1056_ (rising edge-triggered flip-flop clocked by clk)
Endpoint: _1076_ (removal check against rising-edge clock clk)
Path Group: asynchronous
Path Type: min

Fanout         Cap        Slew       Delay        Time   Description
---------------------------------------------------------------------------------------------
                                  0.000000    0.000000   clock clk (rise edge)
                                  0.000000    0.000000   clock source latency
   196    0.487655    0.000000    0.000000    0.000000 ^ clk (in)
                                                         clk (net)
                      0.015566    0.007783    0.007783 ^ _1056_/CLK (sky130_fd_sc_hd__dfrtp_2)
   194    0.819377    3.783620    2.941055    2.948838 ^ _1056_/Q (sky130_fd_sc_hd__dfrtp_2)
                                                         per_core[0].u_core.rst_n (net)
                      3.783666    0.011309    2.960147 ^ _1076_/RESET_B (sky130_fd_sc_hd__dfrtp_2)
                                              2.960147   data arrival time

                                  0.000000    0.000000   clock clk (rise edge)
                                  0.000000    0.000000   clock source latency
   196    0.487655    0.000000    0.000000    0.000000 ^ clk (in)
                                                         clk (net)
                      0.015340    0.007670    0.007670 ^ _1076_/CLK (sky130_fd_sc_hd__dfrtp_2)
                                  0.250000    0.257670   clock uncertainty
                                  0.000000    0.257670   clock reconvergence pessimism
                                  1.316450    1.574119   library removal time
                                              1.574119   data required time
---------------------------------------------------------------------------------------------
                                              1.574119   data required time
                                             -2.960147   data arrival time
---------------------------------------------------------------------------------------------
                                              1.386027   slack (MET)


Startpoint: _1056_ (rising edge-triggered flip-flop clocked by clk)
Endpoint: _1079_ (removal check against rising-edge clock clk)
Path Group: asynchronous
Path Type: min

Fanout         Cap        Slew       Delay        Time   Description
---------------------------------------------------------------------------------------------
                                  0.000000    0.000000   clock clk (rise edge)
                                  0.000000    0.000000   clock source latency
   196    0.487655    0.000000    0.000000    0.000000 ^ clk (in)
                                                         clk (net)
                      0.015566    0.007783    0.007783 ^ _1056_/CLK (sky130_fd_sc_hd__dfrtp_2)
   194    0.819377    3.783620    2.941055    2.948838 ^ _1056_/Q (sky130_fd_sc_hd__dfrtp_2)
                                                         per_core[0].u_core.rst_n (net)
                      3.783669    0.011642    2.960480 ^ _1079_/RESET_B (sky130_fd_sc_hd__dfrtp_2)
                                              2.960480   data arrival time

                                  0.000000    0.000000   clock clk (rise edge)
                                  0.000000    0.000000   clock source latency
   196    0.487655    0.000000    0.000000    0.000000 ^ clk (in)
                                                         clk (net)
                      0.015672    0.007836    0.007836 ^ _1079_/CLK (sky130_fd_sc_hd__dfrtp_2)
                                  0.250000    0.257836   clock uncertainty
                                  0.000000    0.257836   clock reconvergence pessimism
                                  1.316525    1.574361   library removal time
                                              1.574361   data required time
---------------------------------------------------------------------------------------------
                                              1.574361   data required time
                                             -2.960480   data arrival time
---------------------------------------------------------------------------------------------
                                              1.386119   slack (MET)


Startpoint: _1056_ (rising edge-triggered flip-flop clocked by clk)
Endpoint: _1077_ (removal check against rising-edge clock clk)
Path Group: asynchronous
Path Type: min

Fanout         Cap        Slew       Delay        Time   Description
---------------------------------------------------------------------------------------------
                                  0.000000    0.000000   clock clk (rise edge)
                                  0.000000    0.000000   clock source latency
   196    0.487655    0.000000    0.000000    0.000000 ^ clk (in)
                                                         clk (net)
                      0.015566    0.007783    0.007783 ^ _1056_/CLK (sky130_fd_sc_hd__dfrtp_2)
   194    0.819377    3.783620    2.941055    2.948838 ^ _1056_/Q (sky130_fd_sc_hd__dfrtp_2)
                                                         per_core[0].u_core.rst_n (net)
                      3.783669    0.011680    2.960518 ^ _1077_/RESET_B (sky130_fd_sc_hd__dfrtp_2)
                                              2.960518   data arrival time

                                  0.000000    0.000000   clock clk (rise edge)
                                  0.000000    0.000000   clock source latency
   196    0.487655    0.000000    0.000000    0.000000 ^ clk (in)
                                                         clk (net)
                      0.015675    0.007838    0.007838 ^ _1077_/CLK (sky130_fd_sc_hd__dfrtp_2)
                                  0.250000    0.257838   clock uncertainty
                                  0.000000    0.257838   clock reconvergence pessimism
                                  1.316526    1.574363   library removal time
                                              1.574363   data required time
---------------------------------------------------------------------------------------------
                                              1.574363   data required time
                                             -2.960518   data arrival time
---------------------------------------------------------------------------------------------
                                              1.386155   slack (MET)


Startpoint: _1056_ (rising edge-triggered flip-flop clocked by clk)
Endpoint: _1023_ (removal check against rising-edge clock clk)
Path Group: asynchronous
Path Type: min

Fanout         Cap        Slew       Delay        Time   Description
---------------------------------------------------------------------------------------------
                                  0.000000    0.000000   clock clk (rise edge)
                                  0.000000    0.000000   clock source latency
   196    0.487655    0.000000    0.000000    0.000000 ^ clk (in)
                                                         clk (net)
                      0.015566    0.007783    0.007783 ^ _1056_/CLK (sky130_fd_sc_hd__dfrtp_2)
   194    0.819377    3.783620    2.941055    2.948838 ^ _1056_/Q (sky130_fd_sc_hd__dfrtp_2)
                                                         per_core[0].u_core.rst_n (net)
                      3.783649    0.008980    2.957818 ^ _1023_/RESET_B (sky130_fd_sc_hd__dfrtp_2)
                                              2.957818   data arrival time

                                  0.000000    0.000000   clock clk (rise edge)
                                  0.000000    0.000000   clock source latency
   196    0.487655    0.000000    0.000000    0.000000 ^ clk (in)
                                                         clk (net)
                      0.011911    0.005955    0.005955 ^ _1023_/CLK (sky130_fd_sc_hd__dfrtp_2)
                                  0.250000    0.255955   clock uncertainty
                                  0.000000    0.255955   clock reconvergence pessimism
                                  1.315678    1.571634   library removal time
                                              1.571634   data required time
---------------------------------------------------------------------------------------------
                                              1.571634   data required time
                                             -2.957818   data arrival time
---------------------------------------------------------------------------------------------
                                              1.386184   slack (MET)


Startpoint: _1056_ (rising edge-triggered flip-flop clocked by clk)
Endpoint: _1019_ (removal check against rising-edge clock clk)
Path Group: asynchronous
Path Type: min

Fanout         Cap        Slew       Delay        Time   Description
---------------------------------------------------------------------------------------------
                                  0.000000    0.000000   clock clk (rise edge)
                                  0.000000    0.000000   clock source latency
   196    0.487655    0.000000    0.000000    0.000000 ^ clk (in)
                                                         clk (net)
                      0.015566    0.007783    0.007783 ^ _1056_/CLK (sky130_fd_sc_hd__dfrtp_2)
   194    0.819377    3.783620    2.941055    2.948838 ^ _1056_/Q (sky130_fd_sc_hd__dfrtp_2)
                                                         per_core[0].u_core.rst_n (net)
                      3.783649    0.009017    2.957855 ^ _1019_/RESET_B (sky130_fd_sc_hd__dfrtp_2)
                                              2.957855   data arrival time

                                  0.000000    0.000000   clock clk (rise edge)
                                  0.000000    0.000000   clock source latency
   196    0.487655    0.000000    0.000000    0.000000 ^ clk (in)
                                                         clk (net)
                      0.011912    0.005956    0.005956 ^ _1019_/CLK (sky130_fd_sc_hd__dfrtp_2)
                                  0.250000    0.255956   clock uncertainty
                                  0.000000    0.255956   clock reconvergence pessimism
                                  1.315678    1.571634   library removal time
                                              1.571634   data required time
---------------------------------------------------------------------------------------------
                                              1.571634   data required time
                                             -2.957855   data arrival time
---------------------------------------------------------------------------------------------
                                              1.386220   slack (MET)


Startpoint: _1056_ (rising edge-triggered flip-flop clocked by clk)
Endpoint: _1092_ (removal check against rising-edge clock clk)
Path Group: asynchronous
Path Type: min

Fanout         Cap        Slew       Delay        Time   Description
---------------------------------------------------------------------------------------------
                                  0.000000    0.000000   clock clk (rise edge)
                                  0.000000    0.000000   clock source latency
   196    0.487655    0.000000    0.000000    0.000000 ^ clk (in)
                                                         clk (net)
                      0.015566    0.007783    0.007783 ^ _1056_/CLK (sky130_fd_sc_hd__dfrtp_2)
   194    0.819377    3.783620    2.941055    2.948838 ^ _1056_/Q (sky130_fd_sc_hd__dfrtp_2)
                                                         per_core[0].u_core.rst_n (net)
                      3.783643    0.008166    2.957004 ^ _1092_/RESET_B (sky130_fd_sc_hd__dfrtp_2)
                                              2.957004   data arrival time

                                  0.000000    0.000000   clock clk (rise edge)
                                  0.000000    0.000000   clock source latency
   196    0.487655    0.000000    0.000000    0.000000 ^ clk (in)
                                                         clk (net)
                      0.009913    0.004957    0.004957 ^ _1092_/CLK (sky130_fd_sc_hd__dfrtp_2)
                                  0.250000    0.254957   clock uncertainty
                                  0.000000    0.254957   clock reconvergence pessimism
                                  1.315230    1.570186   library removal time
                                              1.570186   data required time
---------------------------------------------------------------------------------------------
                                              1.570186   data required time
                                             -2.957004   data arrival time
---------------------------------------------------------------------------------------------
                                              1.386818   slack (MET)


Startpoint: _1056_ (rising edge-triggered flip-flop clocked by clk)
Endpoint: _1091_ (removal check against rising-edge clock clk)
Path Group: asynchronous
Path Type: min

Fanout         Cap        Slew       Delay        Time   Description
---------------------------------------------------------------------------------------------
                                  0.000000    0.000000   clock clk (rise edge)
                                  0.000000    0.000000   clock source latency
   196    0.487655    0.000000    0.000000    0.000000 ^ clk (in)
                                                         clk (net)
                      0.015566    0.007783    0.007783 ^ _1056_/CLK (sky130_fd_sc_hd__dfrtp_2)
   194    0.819377    3.783620    2.941055    2.948838 ^ _1056_/Q (sky130_fd_sc_hd__dfrtp_2)
                                                         per_core[0].u_core.rst_n (net)
                      3.783644    0.008181    2.957019 ^ _1091_/RESET_B (sky130_fd_sc_hd__dfrtp_2)
                                              2.957019   data arrival time

                                  0.000000    0.000000   clock clk (rise edge)
                                  0.000000    0.000000   clock source latency
   196    0.487655    0.000000    0.000000    0.000000 ^ clk (in)
                                                         clk (net)
                      0.009868    0.004934    0.004934 ^ _1091_/CLK (sky130_fd_sc_hd__dfrtp_2)
                                  0.250000    0.254934   clock uncertainty
                                  0.000000    0.254934   clock reconvergence pessimism
                                  1.315220    1.570154   library removal time
                                              1.570154   data required time
---------------------------------------------------------------------------------------------
                                              1.570154   data required time
                                             -2.957019   data arrival time
---------------------------------------------------------------------------------------------
                                              1.386865   slack (MET)


Startpoint: _1056_ (rising edge-triggered flip-flop clocked by clk)
Endpoint: _1007_ (removal check against rising-edge clock clk)
Path Group: asynchronous
Path Type: min

Fanout         Cap        Slew       Delay        Time   Description
---------------------------------------------------------------------------------------------
                                  0.000000    0.000000   clock clk (rise edge)
                                  0.000000    0.000000   clock source latency
   196    0.487655    0.000000    0.000000    0.000000 ^ clk (in)
                                                         clk (net)
                      0.015566    0.007783    0.007783 ^ _1056_/CLK (sky130_fd_sc_hd__dfrtp_2)
   194    0.819377    3.783620    2.941055    2.948838 ^ _1056_/Q (sky130_fd_sc_hd__dfrtp_2)
                                                         per_core[0].u_core.rst_n (net)
                      3.783658    0.010258    2.959096 ^ _1007_/RESET_B (sky130_fd_sc_hd__dfrtp_2)
                                              2.959096   data arrival time

                                  0.000000    0.000000   clock clk (rise edge)
                                  0.000000    0.000000   clock source latency
   196    0.487655    0.000000    0.000000    0.000000 ^ clk (in)
                                                         clk (net)
                      0.010297    0.005148    0.005148 ^ _1007_/CLK (sky130_fd_sc_hd__dfrtp_2)
                                  0.250000    0.255148   clock uncertainty
                                  0.000000    0.255148   clock reconvergence pessimism
                                  1.315319    1.570468   library removal time
                                              1.570468   data required time
---------------------------------------------------------------------------------------------
                                              1.570468   data required time
                                             -2.959096   data arrival time
---------------------------------------------------------------------------------------------
                                              1.388628   slack (MET)


Startpoint: _1056_ (rising edge-triggered flip-flop clocked by clk)
Endpoint: _1015_ (removal check against rising-edge clock clk)
Path Group: asynchronous
Path Type: min

Fanout         Cap        Slew       Delay        Time   Description
---------------------------------------------------------------------------------------------
                                  0.000000    0.000000   clock clk (rise edge)
                                  0.000000    0.000000   clock source latency
   196    0.487655    0.000000    0.000000    0.000000 ^ clk (in)
                                                         clk (net)
                      0.015566    0.007783    0.007783 ^ _1056_/CLK (sky130_fd_sc_hd__dfrtp_2)
   194    0.819377    3.783620    2.941055    2.948838 ^ _1056_/Q (sky130_fd_sc_hd__dfrtp_2)
                                                         per_core[0].u_core.rst_n (net)
                      3.783658    0.010354    2.959192 ^ _1015_/RESET_B (sky130_fd_sc_hd__dfrtp_2)
                                              2.959192   data arrival time

                                  0.000000    0.000000   clock clk (rise edge)
                                  0.000000    0.000000   clock source latency
   196    0.487655    0.000000    0.000000    0.000000 ^ clk (in)
                                                         clk (net)
                      0.010294    0.005147    0.005147 ^ _1015_/CLK (sky130_fd_sc_hd__dfrtp_2)
                                  0.250000    0.255147   clock uncertainty
                                  0.000000    0.255147   clock reconvergence pessimism
                                  1.315319    1.570466   library removal time
                                              1.570466   data required time
---------------------------------------------------------------------------------------------
                                              1.570466   data required time
                                             -2.959192   data arrival time
---------------------------------------------------------------------------------------------
                                              1.388726   slack (MET)


Startpoint: _1056_ (rising edge-triggered flip-flop clocked by clk)
Endpoint: _1053_ (removal check against rising-edge clock clk)
Path Group: asynchronous
Path Type: min

Fanout         Cap        Slew       Delay        Time   Description
---------------------------------------------------------------------------------------------
                                  0.000000    0.000000   clock clk (rise edge)
                                  0.000000    0.000000   clock source latency
   196    0.487655    0.000000    0.000000    0.000000 ^ clk (in)
                                                         clk (net)
                      0.015566    0.007783    0.007783 ^ _1056_/CLK (sky130_fd_sc_hd__dfrtp_2)
   194    0.819377    3.783620    2.941055    2.948838 ^ _1056_/Q (sky130_fd_sc_hd__dfrtp_2)
                                                         per_core[0].u_core.rst_n (net)
                      3.783660    0.010526    2.959364 ^ _1053_/RESET_B (sky130_fd_sc_hd__dfrtp_2)
                                              2.959364   data arrival time

                                  0.000000    0.000000   clock clk (rise edge)
                                  0.000000    0.000000   clock source latency
   196    0.487655    0.000000    0.000000    0.000000 ^ clk (in)
                                                         clk (net)
                      0.010347    0.005174    0.005174 ^ _1053_/CLK (sky130_fd_sc_hd__dfrtp_2)
                                  0.250000    0.255174   clock uncertainty
                                  0.000000    0.255174   clock reconvergence pessimism
                                  1.315331    1.570505   library removal time
                                              1.570505   data required time
---------------------------------------------------------------------------------------------
                                              1.570505   data required time
                                             -2.959364   data arrival time
---------------------------------------------------------------------------------------------
                                              1.388859   slack (MET)


Startpoint: _1056_ (rising edge-triggered flip-flop clocked by clk)
Endpoint: _1054_ (removal check against rising-edge clock clk)
Path Group: asynchronous
Path Type: min

Fanout         Cap        Slew       Delay        Time   Description
---------------------------------------------------------------------------------------------
                                  0.000000    0.000000   clock clk (rise edge)
                                  0.000000    0.000000   clock source latency
   196    0.487655    0.000000    0.000000    0.000000 ^ clk (in)
                                                         clk (net)
                      0.015566    0.007783    0.007783 ^ _1056_/CLK (sky130_fd_sc_hd__dfrtp_2)
   194    0.819377    3.783620    2.941055    2.948838 ^ _1056_/Q (sky130_fd_sc_hd__dfrtp_2)
                                                         per_core[0].u_core.rst_n (net)
                      3.783660    0.010552    2.959389 ^ _1054_/RESET_B (sky130_fd_sc_hd__dfrtp_2)
                                              2.959389   data arrival time

                                  0.000000    0.000000   clock clk (rise edge)
                                  0.000000    0.000000   clock source latency
   196    0.487655    0.000000    0.000000    0.000000 ^ clk (in)
                                                         clk (net)
                      0.010368    0.005184    0.005184 ^ _1054_/CLK (sky130_fd_sc_hd__dfrtp_2)
                                  0.250000    0.255184   clock uncertainty
                                  0.000000    0.255184   clock reconvergence pessimism
                                  1.315336    1.570520   library removal time
                                              1.570520   data required time
---------------------------------------------------------------------------------------------
                                              1.570520   data required time
                                             -2.959389   data arrival time
---------------------------------------------------------------------------------------------
                                              1.388870   slack (MET)


Startpoint: _1056_ (rising edge-triggered flip-flop clocked by clk)
Endpoint: _1025_ (removal check against rising-edge clock clk)
Path Group: asynchronous
Path Type: min

Fanout         Cap        Slew       Delay        Time   Description
---------------------------------------------------------------------------------------------
                                  0.000000    0.000000   clock clk (rise edge)
                                  0.000000    0.000000   clock source latency
   196    0.487655    0.000000    0.000000    0.000000 ^ clk (in)
                                                         clk (net)
                      0.015566    0.007783    0.007783 ^ _1056_/CLK (sky130_fd_sc_hd__dfrtp_2)
   194    0.819377    3.783620    2.941055    2.948838 ^ _1056_/Q (sky130_fd_sc_hd__dfrtp_2)
                                                         per_core[0].u_core.rst_n (net)
                      3.783660    0.010560    2.959398 ^ _1025_/RESET_B (sky130_fd_sc_hd__dfrtp_2)
                                              2.959398   data arrival time

                                  0.000000    0.000000   clock clk (rise edge)
                                  0.000000    0.000000   clock source latency
   196    0.487655    0.000000    0.000000    0.000000 ^ clk (in)
                                                         clk (net)
                      0.010374    0.005187    0.005187 ^ _1025_/CLK (sky130_fd_sc_hd__dfrtp_2)
                                  0.250000    0.255187   clock uncertainty
                                  0.000000    0.255187   clock reconvergence pessimism
                                  1.315337    1.570525   library removal time
                                              1.570525   data required time
---------------------------------------------------------------------------------------------
                                              1.570525   data required time
                                             -2.959398   data arrival time
---------------------------------------------------------------------------------------------
                                              1.388873   slack (MET)


Startpoint: _1056_ (rising edge-triggered flip-flop clocked by clk)
Endpoint: _1123_ (removal check against rising-edge clock clk)
Path Group: asynchronous
Path Type: min

Fanout         Cap        Slew       Delay        Time   Description
---------------------------------------------------------------------------------------------
                                  0.000000    0.000000   clock clk (rise edge)
                                  0.000000    0.000000   clock source latency
   196    0.487655    0.000000    0.000000    0.000000 ^ clk (in)
                                                         clk (net)
                      0.015566    0.007783    0.007783 ^ _1056_/CLK (sky130_fd_sc_hd__dfrtp_2)
   194    0.819377    3.783620    2.941055    2.948838 ^ _1056_/Q (sky130_fd_sc_hd__dfrtp_2)
                                                         per_core[0].u_core.rst_n (net)
                      3.783647    0.008799    2.957637 ^ _1123_/RESET_B (sky130_fd_sc_hd__dfrtp_2)
                                              2.957637   data arrival time

                                  0.000000    0.000000   clock clk (rise edge)
                                  0.000000    0.000000   clock source latency
   196    0.487655    0.000000    0.000000    0.000000 ^ clk (in)
                                                         clk (net)
                      0.007865    0.003932    0.003932 ^ _1123_/CLK (sky130_fd_sc_hd__dfrtp_2)
                                  0.250000    0.253932   clock uncertainty
                                  0.000000    0.253932   clock reconvergence pessimism
                                  1.314773    1.568705   library removal time
                                              1.568705   data required time
---------------------------------------------------------------------------------------------
                                              1.568705   data required time
                                             -2.957637   data arrival time
---------------------------------------------------------------------------------------------
                                              1.388932   slack (MET)


Startpoint: _1056_ (rising edge-triggered flip-flop clocked by clk)
Endpoint: _1122_ (removal check against rising-edge clock clk)
Path Group: asynchronous
Path Type: min

Fanout         Cap        Slew       Delay        Time   Description
---------------------------------------------------------------------------------------------
                                  0.000000    0.000000   clock clk (rise edge)
                                  0.000000    0.000000   clock source latency
   196    0.487655    0.000000    0.000000    0.000000 ^ clk (in)
                                                         clk (net)
                      0.015566    0.007783    0.007783 ^ _1056_/CLK (sky130_fd_sc_hd__dfrtp_2)
   194    0.819377    3.783620    2.941055    2.948838 ^ _1056_/Q (sky130_fd_sc_hd__dfrtp_2)
                                                         per_core[0].u_core.rst_n (net)
                      3.783647    0.008796    2.957634 ^ _1122_/RESET_B (sky130_fd_sc_hd__dfrtp_2)
                                              2.957634   data arrival time

                                  0.000000    0.000000   clock clk (rise edge)
                                  0.000000    0.000000   clock source latency
   196    0.487655    0.000000    0.000000    0.000000 ^ clk (in)
                                                         clk (net)
                      0.007763    0.003881    0.003881 ^ _1122_/CLK (sky130_fd_sc_hd__dfrtp_2)
                                  0.250000    0.253881   clock uncertainty
                                  0.000000    0.253881   clock reconvergence pessimism
                                  1.314750    1.568631   library removal time
                                              1.568631   data required time
---------------------------------------------------------------------------------------------
                                              1.568631   data required time
                                             -2.957634   data arrival time
---------------------------------------------------------------------------------------------
                                              1.389003   slack (MET)


Startpoint: _1056_ (rising edge-triggered flip-flop clocked by clk)
Endpoint: _1124_ (removal check against rising-edge clock clk)
Path Group: asynchronous
Path Type: min

Fanout         Cap        Slew       Delay        Time   Description
---------------------------------------------------------------------------------------------
                                  0.000000    0.000000   clock clk (rise edge)
                                  0.000000    0.000000   clock source latency
   196    0.487655    0.000000    0.000000    0.000000 ^ clk (in)
                                                         clk (net)
                      0.015566    0.007783    0.007783 ^ _1056_/CLK (sky130_fd_sc_hd__dfrtp_2)
   194    0.819377    3.783620    2.941055    2.948838 ^ _1056_/Q (sky130_fd_sc_hd__dfrtp_2)
                                                         per_core[0].u_core.rst_n (net)
                      3.783647    0.008805    2.957643 ^ _1124_/RESET_B (sky130_fd_sc_hd__dfrtp_2)
                                              2.957643   data arrival time

                                  0.000000    0.000000   clock clk (rise edge)
                                  0.000000    0.000000   clock source latency
   196    0.487655    0.000000    0.000000    0.000000 ^ clk (in)
                                                         clk (net)
                      0.007764    0.003882    0.003882 ^ _1124_/CLK (sky130_fd_sc_hd__dfrtp_2)
                                  0.250000    0.253882   clock uncertainty
                                  0.000000    0.253882   clock reconvergence pessimism
                                  1.314750    1.568632   library removal time
                                              1.568632   data required time
---------------------------------------------------------------------------------------------
                                              1.568632   data required time
                                             -2.957643   data arrival time
---------------------------------------------------------------------------------------------
                                              1.389011   slack (MET)


Startpoint: _1056_ (rising edge-triggered flip-flop clocked by clk)
Endpoint: _1010_ (removal check against rising-edge clock clk)
Path Group: asynchronous
Path Type: min

Fanout         Cap        Slew       Delay        Time   Description
---------------------------------------------------------------------------------------------
                                  0.000000    0.000000   clock clk (rise edge)
                                  0.000000    0.000000   clock source latency
   196    0.487655    0.000000    0.000000    0.000000 ^ clk (in)
                                                         clk (net)
                      0.015566    0.007783    0.007783 ^ _1056_/CLK (sky130_fd_sc_hd__dfrtp_2)
   194    0.819377    3.783620    2.941055    2.948838 ^ _1056_/Q (sky130_fd_sc_hd__dfrtp_2)
                                                         per_core[0].u_core.rst_n (net)
                      3.783658    0.010291    2.959129 ^ _1010_/RESET_B (sky130_fd_sc_hd__dfrtp_2)
                                              2.959129   data arrival time

                                  0.000000    0.000000   clock clk (rise edge)
                                  0.000000    0.000000   clock source latency
   196    0.487655    0.000000    0.000000    0.000000 ^ clk (in)
                                                         clk (net)
                      0.009738    0.004869    0.004869 ^ _1010_/CLK (sky130_fd_sc_hd__dfrtp_2)
                                  0.250000    0.254869   clock uncertainty
                                  0.000000    0.254869   clock reconvergence pessimism
                                  1.315194    1.570063   library removal time
                                              1.570063   data required time
---------------------------------------------------------------------------------------------
                                              1.570063   data required time
                                             -2.959129   data arrival time
---------------------------------------------------------------------------------------------
                                              1.389066   slack (MET)


Startpoint: _1056_ (rising edge-triggered flip-flop clocked by clk)
Endpoint: _1002_ (removal check against rising-edge clock clk)
Path Group: asynchronous
Path Type: min

Fanout         Cap        Slew       Delay        Time   Description
---------------------------------------------------------------------------------------------
                                  0.000000    0.000000   clock clk (rise edge)
                                  0.000000    0.000000   clock source latency
   196    0.487655    0.000000    0.000000    0.000000 ^ clk (in)
                                                         clk (net)
                      0.015566    0.007783    0.007783 ^ _1056_/CLK (sky130_fd_sc_hd__dfrtp_2)
   194    0.819377    3.783620    2.941055    2.948838 ^ _1056_/Q (sky130_fd_sc_hd__dfrtp_2)
                                                         per_core[0].u_core.rst_n (net)
                      3.783662    0.010743    2.959581 ^ _1002_/RESET_B (sky130_fd_sc_hd__dfrtp_2)
                                              2.959581   data arrival time

                                  0.000000    0.000000   clock clk (rise edge)
                                  0.000000    0.000000   clock source latency
   196    0.487655    0.000000    0.000000    0.000000 ^ clk (in)
                                                         clk (net)
                      0.010207    0.005104    0.005104 ^ _1002_/CLK (sky130_fd_sc_hd__dfrtp_2)
                                  0.250000    0.255104   clock uncertainty
                                  0.000000    0.255104   clock reconvergence pessimism
                                  1.315300    1.570404   library removal time
                                              1.570404   data required time
---------------------------------------------------------------------------------------------
                                              1.570404   data required time
                                             -2.959581   data arrival time
---------------------------------------------------------------------------------------------
                                              1.389177   slack (MET)


Startpoint: _1056_ (rising edge-triggered flip-flop clocked by clk)
Endpoint: _1071_ (removal check against rising-edge clock clk)
Path Group: asynchronous
Path Type: min

Fanout         Cap        Slew       Delay        Time   Description
---------------------------------------------------------------------------------------------
                                  0.000000    0.000000   clock clk (rise edge)
                                  0.000000    0.000000   clock source latency
   196    0.487655    0.000000    0.000000    0.000000 ^ clk (in)
                                                         clk (net)
                      0.015566    0.007783    0.007783 ^ _1056_/CLK (sky130_fd_sc_hd__dfrtp_2)
   194    0.819377    3.783620    2.941055    2.948838 ^ _1056_/Q (sky130_fd_sc_hd__dfrtp_2)
                                                         per_core[0].u_core.rst_n (net)
                      3.783658    0.010285    2.959123 ^ _1071_/RESET_B (sky130_fd_sc_hd__dfrtp_2)
                                              2.959123   data arrival time

                                  0.000000    0.000000   clock clk (rise edge)
                                  0.000000    0.000000   clock source latency
   196    0.487655    0.000000    0.000000    0.000000 ^ clk (in)
                                                         clk (net)
                      0.009569    0.004785    0.004785 ^ _1071_/CLK (sky130_fd_sc_hd__dfrtp_2)
                                  0.250000    0.254784   clock uncertainty
                                  0.000000    0.254784   clock reconvergence pessimism
                                  1.315157    1.569941   library removal time
                                              1.569941   data required time
---------------------------------------------------------------------------------------------
                                              1.569941   data required time
                                             -2.959123   data arrival time
---------------------------------------------------------------------------------------------
                                              1.389182   slack (MET)


Startpoint: _1056_ (rising edge-triggered flip-flop clocked by clk)
Endpoint: _1026_ (removal check against rising-edge clock clk)
Path Group: asynchronous
Path Type: min

Fanout         Cap        Slew       Delay        Time   Description
---------------------------------------------------------------------------------------------
                                  0.000000    0.000000   clock clk (rise edge)
                                  0.000000    0.000000   clock source latency
   196    0.487655    0.000000    0.000000    0.000000 ^ clk (in)
                                                         clk (net)
                      0.015566    0.007783    0.007783 ^ _1056_/CLK (sky130_fd_sc_hd__dfrtp_2)
   194    0.819377    3.783620    2.941055    2.948838 ^ _1056_/Q (sky130_fd_sc_hd__dfrtp_2)
                                                         per_core[0].u_core.rst_n (net)
                      3.783658    0.010283    2.959121 ^ _1026_/RESET_B (sky130_fd_sc_hd__dfrtp_2)
                                              2.959121   data arrival time

                                  0.000000    0.000000   clock clk (rise edge)
                                  0.000000    0.000000   clock source latency
   196    0.487655    0.000000    0.000000    0.000000 ^ clk (in)
                                                         clk (net)
                      0.009540    0.004770    0.004770 ^ _1026_/CLK (sky130_fd_sc_hd__dfrtp_2)
                                  0.250000    0.254770   clock uncertainty
                                  0.000000    0.254770   clock reconvergence pessimism
                                  1.315150    1.569920   library removal time
                                              1.569920   data required time
---------------------------------------------------------------------------------------------
                                              1.569920   data required time
                                             -2.959121   data arrival time
---------------------------------------------------------------------------------------------
                                              1.389201   slack (MET)


Startpoint: _1056_ (rising edge-triggered flip-flop clocked by clk)
Endpoint: _1150_ (removal check against rising-edge clock clk)
Path Group: asynchronous
Path Type: min

Fanout         Cap        Slew       Delay        Time   Description
---------------------------------------------------------------------------------------------
                                  0.000000    0.000000   clock clk (rise edge)
                                  0.000000    0.000000   clock source latency
   196    0.487655    0.000000    0.000000    0.000000 ^ clk (in)
                                                         clk (net)
                      0.015566    0.007783    0.007783 ^ _1056_/CLK (sky130_fd_sc_hd__dfrtp_2)
   194    0.819377    3.783620    2.941055    2.948838 ^ _1056_/Q (sky130_fd_sc_hd__dfrtp_2)
                                                         per_core[0].u_core.rst_n (net)
                      3.783665    0.011183    2.960021 ^ _1150_/RESET_B (sky130_fd_sc_hd__dfrtp_2)
                                              2.960021   data arrival time

                                  0.000000    0.000000   clock clk (rise edge)
                                  0.000000    0.000000   clock source latency
   196    0.487655    0.000000    0.000000    0.000000 ^ clk (in)
                                                         clk (net)
                      0.010621    0.005310    0.005310 ^ _1150_/CLK (sky130_fd_sc_hd__dfrtp_2)
                                  0.250000    0.255310   clock uncertainty
                                  0.000000    0.255310   clock reconvergence pessimism
                                  1.315394    1.570704   library removal time
                                              1.570704   data required time
---------------------------------------------------------------------------------------------
                                              1.570704   data required time
                                             -2.960021   data arrival time
---------------------------------------------------------------------------------------------
                                              1.389317   slack (MET)


Startpoint: _1056_ (rising edge-triggered flip-flop clocked by clk)
Endpoint: _1151_ (removal check against rising-edge clock clk)
Path Group: asynchronous
Path Type: min

Fanout         Cap        Slew       Delay        Time   Description
---------------------------------------------------------------------------------------------
                                  0.000000    0.000000   clock clk (rise edge)
                                  0.000000    0.000000   clock source latency
   196    0.487655    0.000000    0.000000    0.000000 ^ clk (in)
                                                         clk (net)
                      0.015566    0.007783    0.007783 ^ _1056_/CLK (sky130_fd_sc_hd__dfrtp_2)
   194    0.819377    3.783620    2.941055    2.948838 ^ _1056_/Q (sky130_fd_sc_hd__dfrtp_2)
                                                         per_core[0].u_core.rst_n (net)
                      3.783665    0.011168    2.960006 ^ _1151_/RESET_B (sky130_fd_sc_hd__dfrtp_2)
                                              2.960006   data arrival time

                                  0.000000    0.000000   clock clk (rise edge)
                                  0.000000    0.000000   clock source latency
   196    0.487655    0.000000    0.000000    0.000000 ^ clk (in)
                                                         clk (net)
                      0.010583    0.005291    0.005291 ^ _1151_/CLK (sky130_fd_sc_hd__dfrtp_2)
                                  0.250000    0.255291   clock uncertainty
                                  0.000000    0.255291   clock reconvergence pessimism
                                  1.315385    1.570677   library removal time
                                              1.570677   data required time
---------------------------------------------------------------------------------------------
                                              1.570677   data required time
                                             -2.960006   data arrival time
---------------------------------------------------------------------------------------------
                                              1.389330   slack (MET)


Startpoint: _1056_ (rising edge-triggered flip-flop clocked by clk)
Endpoint: _1130_ (removal check against rising-edge clock clk)
Path Group: asynchronous
Path Type: min

Fanout         Cap        Slew       Delay        Time   Description
---------------------------------------------------------------------------------------------
                                  0.000000    0.000000   clock clk (rise edge)
                                  0.000000    0.000000   clock source latency
   196    0.487655    0.000000    0.000000    0.000000 ^ clk (in)
                                                         clk (net)
                      0.015566    0.007783    0.007783 ^ _1056_/CLK (sky130_fd_sc_hd__dfrtp_2)
   194    0.819377    3.783620    2.941055    2.948838 ^ _1056_/Q (sky130_fd_sc_hd__dfrtp_2)
                                                         per_core[0].u_core.rst_n (net)
                      3.783653    0.009735    2.958573 ^ _1130_/RESET_B (sky130_fd_sc_hd__dfrtp_2)
                                              2.958573   data arrival time

                                  0.000000    0.000000   clock clk (rise edge)
                                  0.000000    0.000000   clock source latency
   196    0.487655    0.000000    0.000000    0.000000 ^ clk (in)
                                                         clk (net)
                      0.008541    0.004271    0.004271 ^ _1130_/CLK (sky130_fd_sc_hd__dfrtp_2)
                                  0.250000    0.254271   clock uncertainty
                                  0.000000    0.254271   clock reconvergence pessimism
                                  1.314926    1.569196   library removal time
                                              1.569196   data required time
---------------------------------------------------------------------------------------------
                                              1.569196   data required time
                                             -2.958573   data arrival time
---------------------------------------------------------------------------------------------
                                              1.389377   slack (MET)


Startpoint: _1056_ (rising edge-triggered flip-flop clocked by clk)
Endpoint: _1152_ (removal check against rising-edge clock clk)
Path Group: asynchronous
Path Type: min

Fanout         Cap        Slew       Delay        Time   Description
---------------------------------------------------------------------------------------------
                                  0.000000    0.000000   clock clk (rise edge)
                                  0.000000    0.000000   clock source latency
   196    0.487655    0.000000    0.000000    0.000000 ^ clk (in)
                                                         clk (net)
                      0.015566    0.007783    0.007783 ^ _1056_/CLK (sky130_fd_sc_hd__dfrtp_2)
   194    0.819377    3.783620    2.941055    2.948838 ^ _1056_/Q (sky130_fd_sc_hd__dfrtp_2)
                                                         per_core[0].u_core.rst_n (net)
                      3.783664    0.011091    2.959929 ^ _1152_/RESET_B (sky130_fd_sc_hd__dfrtp_2)
                                              2.959929   data arrival time

                                  0.000000    0.000000   clock clk (rise edge)
                                  0.000000    0.000000   clock source latency
   196    0.487655    0.000000    0.000000    0.000000 ^ clk (in)
                                                         clk (net)
                      0.010347    0.005173    0.005173 ^ _1152_/CLK (sky130_fd_sc_hd__dfrtp_2)
                                  0.250000    0.255173   clock uncertainty
                                  0.000000    0.255173   clock reconvergence pessimism
                                  1.315332    1.570506   library removal time
                                              1.570506   data required time
---------------------------------------------------------------------------------------------
                                              1.570506   data required time
                                             -2.959929   data arrival time
---------------------------------------------------------------------------------------------
                                              1.389423   slack (MET)


Startpoint: _1056_ (rising edge-triggered flip-flop clocked by clk)
Endpoint: _1167_ (removal check against rising-edge clock clk)
Path Group: asynchronous
Path Type: min

Fanout         Cap        Slew       Delay        Time   Description
---------------------------------------------------------------------------------------------
                                  0.000000    0.000000   clock clk (rise edge)
                                  0.000000    0.000000   clock source latency
   196    0.487655    0.000000    0.000000    0.000000 ^ clk (in)
                                                         clk (net)
                      0.015566    0.007783    0.007783 ^ _1056_/CLK (sky130_fd_sc_hd__dfrtp_2)
   194    0.819377    3.783620    2.941055    2.948838 ^ _1056_/Q (sky130_fd_sc_hd__dfrtp_2)
                                                         per_core[0].u_core.rst_n (net)
                      3.783669    0.011630    2.960468 ^ _1167_/RESET_B (sky130_fd_sc_hd__dfrtp_2)
                                              2.960468   data arrival time

                                  0.000000    0.000000   clock clk (rise edge)
                                  0.000000    0.000000   clock source latency
   196    0.487655    0.000000    0.000000    0.000000 ^ clk (in)
                                                         clk (net)
                      0.011061    0.005531    0.005531 ^ _1167_/CLK (sky130_fd_sc_hd__dfrtp_2)
                                  0.250000    0.255531   clock uncertainty
                                  0.000000    0.255531   clock reconvergence pessimism
                                  1.315493    1.571024   library removal time
                                              1.571024   data required time
---------------------------------------------------------------------------------------------
                                              1.571024   data required time
                                             -2.960468   data arrival time
---------------------------------------------------------------------------------------------
                                              1.389444   slack (MET)


Startpoint: _1056_ (rising edge-triggered flip-flop clocked by clk)
Endpoint: _1128_ (removal check against rising-edge clock clk)
Path Group: asynchronous
Path Type: min

Fanout         Cap        Slew       Delay        Time   Description
---------------------------------------------------------------------------------------------
                                  0.000000    0.000000   clock clk (rise edge)
                                  0.000000    0.000000   clock source latency
   196    0.487655    0.000000    0.000000    0.000000 ^ clk (in)
                                                         clk (net)
                      0.015566    0.007783    0.007783 ^ _1056_/CLK (sky130_fd_sc_hd__dfrtp_2)
   194    0.819377    3.783620    2.941055    2.948838 ^ _1056_/Q (sky130_fd_sc_hd__dfrtp_2)
                                                         per_core[0].u_core.rst_n (net)
                      3.783656    0.010054    2.958892 ^ _1128_/RESET_B (sky130_fd_sc_hd__dfrtp_2)
                                              2.958892   data arrival time

                                  0.000000    0.000000   clock clk (rise edge)
                                  0.000000    0.000000   clock source latency
   196    0.487655    0.000000    0.000000    0.000000 ^ clk (in)
                                                         clk (net)
                      0.008865    0.004433    0.004433 ^ _1128_/CLK (sky130_fd_sc_hd__dfrtp_2)
                                  0.250000    0.254433   clock uncertainty
                                  0.000000    0.254433   clock reconvergence pessimism
                                  1.314999    1.569431   library removal time
                                              1.569431   data required time
---------------------------------------------------------------------------------------------
                                              1.569431   data required time
                                             -2.958892   data arrival time
---------------------------------------------------------------------------------------------
                                              1.389460   slack (MET)


Startpoint: _1056_ (rising edge-triggered flip-flop clocked by clk)
Endpoint: _1166_ (removal check against rising-edge clock clk)
Path Group: asynchronous
Path Type: min

Fanout         Cap        Slew       Delay        Time   Description
---------------------------------------------------------------------------------------------
                                  0.000000    0.000000   clock clk (rise edge)
                                  0.000000    0.000000   clock source latency
   196    0.487655    0.000000    0.000000    0.000000 ^ clk (in)
                                                         clk (net)
                      0.015566    0.007783    0.007783 ^ _1056_/CLK (sky130_fd_sc_hd__dfrtp_2)
   194    0.819377    3.783620    2.941055    2.948838 ^ _1056_/Q (sky130_fd_sc_hd__dfrtp_2)
                                                         per_core[0].u_core.rst_n (net)
                      3.783669    0.011659    2.960497 ^ _1166_/RESET_B (sky130_fd_sc_hd__dfrtp_2)
                                              2.960497   data arrival time

                                  0.000000    0.000000   clock clk (rise edge)
                                  0.000000    0.000000   clock source latency
   196    0.487655    0.000000    0.000000    0.000000 ^ clk (in)
                                                         clk (net)
                      0.011078    0.005539    0.005539 ^ _1166_/CLK (sky130_fd_sc_hd__dfrtp_2)
                                  0.250000    0.255539   clock uncertainty
                                  0.000000    0.255539   clock reconvergence pessimism
                                  1.315497    1.571036   library removal time
                                              1.571036   data required time
---------------------------------------------------------------------------------------------
                                              1.571036   data required time
                                             -2.960497   data arrival time
---------------------------------------------------------------------------------------------
                                              1.389461   slack (MET)


Startpoint: _1056_ (rising edge-triggered flip-flop clocked by clk)
Endpoint: _1168_ (removal check against rising-edge clock clk)
Path Group: asynchronous
Path Type: min

Fanout         Cap        Slew       Delay        Time   Description
---------------------------------------------------------------------------------------------
                                  0.000000    0.000000   clock clk (rise edge)
                                  0.000000    0.000000   clock source latency
   196    0.487655    0.000000    0.000000    0.000000 ^ clk (in)
                                                         clk (net)
                      0.015566    0.007783    0.007783 ^ _1056_/CLK (sky130_fd_sc_hd__dfrtp_2)
   194    0.819377    3.783620    2.941055    2.948838 ^ _1056_/Q (sky130_fd_sc_hd__dfrtp_2)
                                                         per_core[0].u_core.rst_n (net)
                      3.783669    0.011667    2.960505 ^ _1168_/RESET_B (sky130_fd_sc_hd__dfrtp_2)
                                              2.960505   data arrival time

                                  0.000000    0.000000   clock clk (rise edge)
                                  0.000000    0.000000   clock source latency
   196    0.487655    0.000000    0.000000    0.000000 ^ clk (in)
                                                         clk (net)
                      0.011084    0.005542    0.005542 ^ _1168_/CLK (sky130_fd_sc_hd__dfrtp_2)
                                  0.250000    0.255542   clock uncertainty
                                  0.000000    0.255542   clock reconvergence pessimism
                                  1.315499    1.571041   library removal time
                                              1.571041   data required time
---------------------------------------------------------------------------------------------
                                              1.571041   data required time
                                             -2.960505   data arrival time
---------------------------------------------------------------------------------------------
                                              1.389464   slack (MET)


Startpoint: _1056_ (rising edge-triggered flip-flop clocked by clk)
Endpoint: _1129_ (removal check against rising-edge clock clk)
Path Group: asynchronous
Path Type: min

Fanout         Cap        Slew       Delay        Time   Description
---------------------------------------------------------------------------------------------
                                  0.000000    0.000000   clock clk (rise edge)
                                  0.000000    0.000000   clock source latency
   196    0.487655    0.000000    0.000000    0.000000 ^ clk (in)
                                                         clk (net)
                      0.015566    0.007783    0.007783 ^ _1056_/CLK (sky130_fd_sc_hd__dfrtp_2)
   194    0.819377    3.783620    2.941055    2.948838 ^ _1056_/Q (sky130_fd_sc_hd__dfrtp_2)
                                                         per_core[0].u_core.rst_n (net)
                      3.783655    0.009965    2.958803 ^ _1129_/RESET_B (sky130_fd_sc_hd__dfrtp_2)
                                              2.958803   data arrival time

                                  0.000000    0.000000   clock clk (rise edge)
                                  0.000000    0.000000   clock source latency
   196    0.487655    0.000000    0.000000    0.000000 ^ clk (in)
                                                         clk (net)
                      0.008724    0.004362    0.004362 ^ _1129_/CLK (sky130_fd_sc_hd__dfrtp_2)
                                  0.250000    0.254362   clock uncertainty
                                  0.000000    0.254362   clock reconvergence pessimism
                                  1.314967    1.569329   library removal time
                                              1.569329   data required time
---------------------------------------------------------------------------------------------
                                              1.569329   data required time
                                             -2.958803   data arrival time
---------------------------------------------------------------------------------------------
                                              1.389474   slack (MET)


Startpoint: _1056_ (rising edge-triggered flip-flop clocked by clk)
Endpoint: _1131_ (removal check against rising-edge clock clk)
Path Group: asynchronous
Path Type: min

Fanout         Cap        Slew       Delay        Time   Description
---------------------------------------------------------------------------------------------
                                  0.000000    0.000000   clock clk (rise edge)
                                  0.000000    0.000000   clock source latency
   196    0.487655    0.000000    0.000000    0.000000 ^ clk (in)
                                                         clk (net)
                      0.015566    0.007783    0.007783 ^ _1056_/CLK (sky130_fd_sc_hd__dfrtp_2)
   194    0.819377    3.783620    2.941055    2.948838 ^ _1056_/Q (sky130_fd_sc_hd__dfrtp_2)
                                                         per_core[0].u_core.rst_n (net)
                      3.783664    0.011102    2.959940 ^ _1131_/RESET_B (sky130_fd_sc_hd__dfrtp_2)
                                              2.959940   data arrival time

                                  0.000000    0.000000   clock clk (rise edge)
                                  0.000000    0.000000   clock source latency
   196    0.487655    0.000000    0.000000    0.000000 ^ clk (in)
                                                         clk (net)
                      0.010218    0.005109    0.005109 ^ _1131_/CLK (sky130_fd_sc_hd__dfrtp_2)
                                  0.250000    0.255109   clock uncertainty
                                  0.000000    0.255109   clock reconvergence pessimism
                                  1.315303    1.570412   library removal time
                                              1.570412   data required time
---------------------------------------------------------------------------------------------
                                              1.570412   data required time
                                             -2.959940   data arrival time
---------------------------------------------------------------------------------------------
                                              1.389528   slack (MET)


Startpoint: _1056_ (rising edge-triggered flip-flop clocked by clk)
Endpoint: _1132_ (removal check against rising-edge clock clk)
Path Group: asynchronous
Path Type: min

Fanout         Cap        Slew       Delay        Time   Description
---------------------------------------------------------------------------------------------
                                  0.000000    0.000000   clock clk (rise edge)
                                  0.000000    0.000000   clock source latency
   196    0.487655    0.000000    0.000000    0.000000 ^ clk (in)
                                                         clk (net)
                      0.015566    0.007783    0.007783 ^ _1056_/CLK (sky130_fd_sc_hd__dfrtp_2)
   194    0.819377    3.783620    2.941055    2.948838 ^ _1056_/Q (sky130_fd_sc_hd__dfrtp_2)
                                                         per_core[0].u_core.rst_n (net)
                      3.783665    0.011136    2.959974 ^ _1132_/RESET_B (sky130_fd_sc_hd__dfrtp_2)
                                              2.959974   data arrival time

                                  0.000000    0.000000   clock clk (rise edge)
                                  0.000000    0.000000   clock source latency
   196    0.487655    0.000000    0.000000    0.000000 ^ clk (in)
                                                         clk (net)
                      0.010220    0.005110    0.005110 ^ _1132_/CLK (sky130_fd_sc_hd__dfrtp_2)
                                  0.250000    0.255110   clock uncertainty
                                  0.000000    0.255110   clock reconvergence pessimism
                                  1.315304    1.570414   library removal time
                                              1.570414   data required time
---------------------------------------------------------------------------------------------
                                              1.570414   data required time
                                             -2.959974   data arrival time
---------------------------------------------------------------------------------------------
                                              1.389559   slack (MET)


Startpoint: _1056_ (rising edge-triggered flip-flop clocked by clk)
Endpoint: _1169_ (removal check against rising-edge clock clk)
Path Group: asynchronous
Path Type: min

Fanout         Cap        Slew       Delay        Time   Description
---------------------------------------------------------------------------------------------
                                  0.000000    0.000000   clock clk (rise edge)
                                  0.000000    0.000000   clock source latency
   196    0.487655    0.000000    0.000000    0.000000 ^ clk (in)
                                                         clk (net)
                      0.015566    0.007783    0.007783 ^ _1056_/CLK (sky130_fd_sc_hd__dfrtp_2)
   194    0.819377    3.783620    2.941055    2.948838 ^ _1056_/Q (sky130_fd_sc_hd__dfrtp_2)
                                                         per_core[0].u_core.rst_n (net)
                      3.783670    0.011773    2.960611 ^ _1169_/RESET_B (sky130_fd_sc_hd__dfrtp_2)
                                              2.960611   data arrival time

                                  0.000000    0.000000   clock clk (rise edge)
                                  0.000000    0.000000   clock source latency
   196    0.487655    0.000000    0.000000    0.000000 ^ clk (in)
                                                         clk (net)
                      0.011031    0.005516    0.005516 ^ _1169_/CLK (sky130_fd_sc_hd__dfrtp_2)
                                  0.250000    0.255516   clock uncertainty
                                  0.000000    0.255516   clock reconvergence pessimism
                                  1.315487    1.571003   library removal time
                                              1.571003   data required time
---------------------------------------------------------------------------------------------
                                              1.571003   data required time
                                             -2.960611   data arrival time
---------------------------------------------------------------------------------------------
                                              1.389609   slack (MET)


Startpoint: _1056_ (rising edge-triggered flip-flop clocked by clk)
Endpoint: _1090_ (removal check against rising-edge clock clk)
Path Group: asynchronous
Path Type: min

Fanout         Cap        Slew       Delay        Time   Description
---------------------------------------------------------------------------------------------
                                  0.000000    0.000000   clock clk (rise edge)
                                  0.000000    0.000000   clock source latency
   196    0.487655    0.000000    0.000000    0.000000 ^ clk (in)
                                                         clk (net)
                      0.015566    0.007783    0.007783 ^ _1056_/CLK (sky130_fd_sc_hd__dfrtp_2)
   194    0.819377    3.783620    2.941055    2.948838 ^ _1056_/Q (sky130_fd_sc_hd__dfrtp_2)
                                                         per_core[0].u_core.rst_n (net)
                      3.783646    0.008674    2.957512 ^ _1090_/RESET_B (sky130_fd_sc_hd__dfrtp_2)
                                              2.957512   data arrival time

                                  0.000000    0.000000   clock clk (rise edge)
                                  0.000000    0.000000   clock source latency
   196    0.487655    0.000000    0.000000    0.000000 ^ clk (in)
                                                         clk (net)
                      0.006738    0.003369    0.003369 ^ _1090_/CLK (sky130_fd_sc_hd__dfrtp_2)
                                  0.250000    0.253369   clock uncertainty
                                  0.000000    0.253369   clock reconvergence pessimism
                                  1.314520    1.567889   library removal time
                                              1.567889   data required time
---------------------------------------------------------------------------------------------
                                              1.567889   data required time
                                             -2.957512   data arrival time
---------------------------------------------------------------------------------------------
                                              1.389623   slack (MET)


Startpoint: _1056_ (rising edge-triggered flip-flop clocked by clk)
Endpoint: _1165_ (removal check against rising-edge clock clk)
Path Group: asynchronous
Path Type: min

Fanout         Cap        Slew       Delay        Time   Description
---------------------------------------------------------------------------------------------
                                  0.000000    0.000000   clock clk (rise edge)
                                  0.000000    0.000000   clock source latency
   196    0.487655    0.000000    0.000000    0.000000 ^ clk (in)
                                                         clk (net)
                      0.015566    0.007783    0.007783 ^ _1056_/CLK (sky130_fd_sc_hd__dfrtp_2)
   194    0.819377    3.783620    2.941055    2.948838 ^ _1056_/Q (sky130_fd_sc_hd__dfrtp_2)
                                                         per_core[0].u_core.rst_n (net)
                      3.783671    0.011876    2.960714 ^ _1165_/RESET_B (sky130_fd_sc_hd__dfrtp_2)
                                              2.960714   data arrival time

                                  0.000000    0.000000   clock clk (rise edge)
                                  0.000000    0.000000   clock source latency
   196    0.487655    0.000000    0.000000    0.000000 ^ clk (in)
                                                         clk (net)
                      0.011134    0.005567    0.005567 ^ _1165_/CLK (sky130_fd_sc_hd__dfrtp_2)
                                  0.250000    0.255567   clock uncertainty
                                  0.000000    0.255567   clock reconvergence pessimism
                                  1.315510    1.571077   library removal time
                                              1.571077   data required time
---------------------------------------------------------------------------------------------
                                              1.571077   data required time
                                             -2.960714   data arrival time
---------------------------------------------------------------------------------------------
                                              1.389637   slack (MET)


Startpoint: _1056_ (rising edge-triggered flip-flop clocked by clk)
Endpoint: _1164_ (removal check against rising-edge clock clk)
Path Group: asynchronous
Path Type: min

Fanout         Cap        Slew       Delay        Time   Description
---------------------------------------------------------------------------------------------
                                  0.000000    0.000000   clock clk (rise edge)
                                  0.000000    0.000000   clock source latency
   196    0.487655    0.000000    0.000000    0.000000 ^ clk (in)
                                                         clk (net)
                      0.015566    0.007783    0.007783 ^ _1056_/CLK (sky130_fd_sc_hd__dfrtp_2)
   194    0.819377    3.783620    2.941055    2.948838 ^ _1056_/Q (sky130_fd_sc_hd__dfrtp_2)
                                                         per_core[0].u_core.rst_n (net)
                      3.783672    0.011967    2.960805 ^ _1164_/RESET_B (sky130_fd_sc_hd__dfrtp_2)
                                              2.960805   data arrival time

                                  0.000000    0.000000   clock clk (rise edge)
                                  0.000000    0.000000   clock source latency
   196    0.487655    0.000000    0.000000    0.000000 ^ clk (in)
                                                         clk (net)
                      0.011119    0.005560    0.005560 ^ _1164_/CLK (sky130_fd_sc_hd__dfrtp_2)
                                  0.250000    0.255560   clock uncertainty
                                  0.000000    0.255560   clock reconvergence pessimism
                                  1.315507    1.571067   library removal time
                                              1.571067   data required time
---------------------------------------------------------------------------------------------
                                              1.571067   data required time
                                             -2.960805   data arrival time
---------------------------------------------------------------------------------------------
                                              1.389738   slack (MET)


Startpoint: _1056_ (rising edge-triggered flip-flop clocked by clk)
Endpoint: _1163_ (removal check against rising-edge clock clk)
Path Group: asynchronous
Path Type: min

Fanout         Cap        Slew       Delay        Time   Description
---------------------------------------------------------------------------------------------
                                  0.000000    0.000000   clock clk (rise edge)
                                  0.000000    0.000000   clock source latency
   196    0.487655    0.000000    0.000000    0.000000 ^ clk (in)
                                                         clk (net)
                      0.015566    0.007783    0.007783 ^ _1056_/CLK (sky130_fd_sc_hd__dfrtp_2)
   194    0.819377    3.783620    2.941055    2.948838 ^ _1056_/Q (sky130_fd_sc_hd__dfrtp_2)
                                                         per_core[0].u_core.rst_n (net)
                      3.783672    0.011974    2.960812 ^ _1163_/RESET_B (sky130_fd_sc_hd__dfrtp_2)
                                              2.960812   data arrival time

                                  0.000000    0.000000   clock clk (rise edge)
                                  0.000000    0.000000   clock source latency
   196    0.487655    0.000000    0.000000    0.000000 ^ clk (in)
                                                         clk (net)
                      0.011116    0.005558    0.005558 ^ _1163_/CLK (sky130_fd_sc_hd__dfrtp_2)
                                  0.250000    0.255558   clock uncertainty
                                  0.000000    0.255558   clock reconvergence pessimism
                                  1.315507    1.571065   library removal time
                                              1.571065   data required time
---------------------------------------------------------------------------------------------
                                              1.571065   data required time
                                             -2.960812   data arrival time
---------------------------------------------------------------------------------------------
                                              1.389747   slack (MET)


Startpoint: _1056_ (rising edge-triggered flip-flop clocked by clk)
Endpoint: _1162_ (removal check against rising-edge clock clk)
Path Group: asynchronous
Path Type: min

Fanout         Cap        Slew       Delay        Time   Description
---------------------------------------------------------------------------------------------
                                  0.000000    0.000000   clock clk (rise edge)
                                  0.000000    0.000000   clock source latency
   196    0.487655    0.000000    0.000000    0.000000 ^ clk (in)
                                                         clk (net)
                      0.015566    0.007783    0.007783 ^ _1056_/CLK (sky130_fd_sc_hd__dfrtp_2)
   194    0.819377    3.783620    2.941055    2.948838 ^ _1056_/Q (sky130_fd_sc_hd__dfrtp_2)
                                                         per_core[0].u_core.rst_n (net)
                      3.783673    0.012069    2.960907 ^ _1162_/RESET_B (sky130_fd_sc_hd__dfrtp_2)
                                              2.960907   data arrival time

                                  0.000000    0.000000   clock clk (rise edge)
                                  0.000000    0.000000   clock source latency
   196    0.487655    0.000000    0.000000    0.000000 ^ clk (in)
                                                         clk (net)
                      0.011183    0.005591    0.005591 ^ _1162_/CLK (sky130_fd_sc_hd__dfrtp_2)
                                  0.250000    0.255591   clock uncertainty
                                  0.000000    0.255591   clock reconvergence pessimism
                                  1.315522    1.571113   library removal time
                                              1.571113   data required time
---------------------------------------------------------------------------------------------
                                              1.571113   data required time
                                             -2.960907   data arrival time
---------------------------------------------------------------------------------------------
                                              1.389794   slack (MET)


Startpoint: _1056_ (rising edge-triggered flip-flop clocked by clk)
Endpoint: _1161_ (removal check against rising-edge clock clk)
Path Group: asynchronous
Path Type: min

Fanout         Cap        Slew       Delay        Time   Description
---------------------------------------------------------------------------------------------
                                  0.000000    0.000000   clock clk (rise edge)
                                  0.000000    0.000000   clock source latency
   196    0.487655    0.000000    0.000000    0.000000 ^ clk (in)
                                                         clk (net)
                      0.015566    0.007783    0.007783 ^ _1056_/CLK (sky130_fd_sc_hd__dfrtp_2)
   194    0.819377    3.783620    2.941055    2.948838 ^ _1056_/Q (sky130_fd_sc_hd__dfrtp_2)
                                                         per_core[0].u_core.rst_n (net)
                      3.783673    0.012081    2.960918 ^ _1161_/RESET_B (sky130_fd_sc_hd__dfrtp_2)
                                              2.960918   data arrival time

                                  0.000000    0.000000   clock clk (rise edge)
                                  0.000000    0.000000   clock source latency
   196    0.487655    0.000000    0.000000    0.000000 ^ clk (in)
                                                         clk (net)
                      0.011192    0.005596    0.005596 ^ _1161_/CLK (sky130_fd_sc_hd__dfrtp_2)
                                  0.250000    0.255596   clock uncertainty
                                  0.000000    0.255596   clock reconvergence pessimism
                                  1.315524    1.571119   library removal time
                                              1.571119   data required time
---------------------------------------------------------------------------------------------
                                              1.571119   data required time
                                             -2.960918   data arrival time
---------------------------------------------------------------------------------------------
                                              1.389799   slack (MET)


Startpoint: _1056_ (rising edge-triggered flip-flop clocked by clk)
Endpoint: _1160_ (removal check against rising-edge clock clk)
Path Group: asynchronous
Path Type: min

Fanout         Cap        Slew       Delay        Time   Description
---------------------------------------------------------------------------------------------
                                  0.000000    0.000000   clock clk (rise edge)
                                  0.000000    0.000000   clock source latency
   196    0.487655    0.000000    0.000000    0.000000 ^ clk (in)
                                                         clk (net)
                      0.015566    0.007783    0.007783 ^ _1056_/CLK (sky130_fd_sc_hd__dfrtp_2)
   194    0.819377    3.783620    2.941055    2.948838 ^ _1056_/Q (sky130_fd_sc_hd__dfrtp_2)
                                                         per_core[0].u_core.rst_n (net)
                      3.783673    0.012088    2.960926 ^ _1160_/RESET_B (sky130_fd_sc_hd__dfrtp_2)
                                              2.960926   data arrival time

                                  0.000000    0.000000   clock clk (rise edge)
                                  0.000000    0.000000   clock source latency
   196    0.487655    0.000000    0.000000    0.000000 ^ clk (in)
                                                         clk (net)
                      0.011197    0.005598    0.005598 ^ _1160_/CLK (sky130_fd_sc_hd__dfrtp_2)
                                  0.250000    0.255598   clock uncertainty
                                  0.000000    0.255598   clock reconvergence pessimism
                                  1.315525    1.571123   library removal time
                                              1.571123   data required time
---------------------------------------------------------------------------------------------
                                              1.571123   data required time
                                             -2.960926   data arrival time
---------------------------------------------------------------------------------------------
                                              1.389802   slack (MET)


Startpoint: _1056_ (rising edge-triggered flip-flop clocked by clk)
Endpoint: _1170_ (removal check against rising-edge clock clk)
Path Group: asynchronous
Path Type: min

Fanout         Cap        Slew       Delay        Time   Description
---------------------------------------------------------------------------------------------
                                  0.000000    0.000000   clock clk (rise edge)
                                  0.000000    0.000000   clock source latency
   196    0.487655    0.000000    0.000000    0.000000 ^ clk (in)
                                                         clk (net)
                      0.015566    0.007783    0.007783 ^ _1056_/CLK (sky130_fd_sc_hd__dfrtp_2)
   194    0.819377    3.783620    2.941055    2.948838 ^ _1056_/Q (sky130_fd_sc_hd__dfrtp_2)
                                                         per_core[0].u_core.rst_n (net)
                      3.783673    0.012092    2.960930 ^ _1170_/RESET_B (sky130_fd_sc_hd__dfrtp_2)
                                              2.960930   data arrival time

                                  0.000000    0.000000   clock clk (rise edge)
                                  0.000000    0.000000   clock source latency
   196    0.487655    0.000000    0.000000    0.000000 ^ clk (in)
                                                         clk (net)
                      0.010944    0.005472    0.005472 ^ _1170_/CLK (sky130_fd_sc_hd__dfrtp_2)
                                  0.250000    0.255472   clock uncertainty
                                  0.000000    0.255472   clock reconvergence pessimism
                                  1.315468    1.570940   library removal time
                                              1.570940   data required time
---------------------------------------------------------------------------------------------
                                              1.570940   data required time
                                             -2.960930   data arrival time
---------------------------------------------------------------------------------------------
                                              1.389990   slack (MET)


Startpoint: _1056_ (rising edge-triggered flip-flop clocked by clk)
Endpoint: _1171_ (removal check against rising-edge clock clk)
Path Group: asynchronous
Path Type: min

Fanout         Cap        Slew       Delay        Time   Description
---------------------------------------------------------------------------------------------
                                  0.000000    0.000000   clock clk (rise edge)
                                  0.000000    0.000000   clock source latency
   196    0.487655    0.000000    0.000000    0.000000 ^ clk (in)
                                                         clk (net)
                      0.015566    0.007783    0.007783 ^ _1056_/CLK (sky130_fd_sc_hd__dfrtp_2)
   194    0.819377    3.783620    2.941055    2.948838 ^ _1056_/Q (sky130_fd_sc_hd__dfrtp_2)
                                                         per_core[0].u_core.rst_n (net)
                      3.783674    0.012177    2.961015 ^ _1171_/RESET_B (sky130_fd_sc_hd__dfrtp_2)
                                              2.961015   data arrival time

                                  0.000000    0.000000   clock clk (rise edge)
                                  0.000000    0.000000   clock source latency
   196    0.487655    0.000000    0.000000    0.000000 ^ clk (in)
                                                         clk (net)
                      0.010949    0.005475    0.005475 ^ _1171_/CLK (sky130_fd_sc_hd__dfrtp_2)
                                  0.250000    0.255475   clock uncertainty
                                  0.000000    0.255475   clock reconvergence pessimism
                                  1.315470    1.570944   library removal time
                                              1.570944   data required time
---------------------------------------------------------------------------------------------
                                              1.570944   data required time
                                             -2.961015   data arrival time
---------------------------------------------------------------------------------------------
                                              1.390071   slack (MET)


Startpoint: _1056_ (rising edge-triggered flip-flop clocked by clk)
Endpoint: _1089_ (removal check against rising-edge clock clk)
Path Group: asynchronous
Path Type: min

Fanout         Cap        Slew       Delay        Time   Description
---------------------------------------------------------------------------------------------
                                  0.000000    0.000000   clock clk (rise edge)
                                  0.000000    0.000000   clock source latency
   196    0.487655    0.000000    0.000000    0.000000 ^ clk (in)
                                                         clk (net)
                      0.015566    0.007783    0.007783 ^ _1056_/CLK (sky130_fd_sc_hd__dfrtp_2)
   194    0.819377    3.783620    2.941055    2.948838 ^ _1056_/Q (sky130_fd_sc_hd__dfrtp_2)
                                                         per_core[0].u_core.rst_n (net)
                      3.783647    0.008715    2.957553 ^ _1089_/RESET_B (sky130_fd_sc_hd__dfrtp_2)
                                              2.957553   data arrival time

                                  0.000000    0.000000   clock clk (rise edge)
                                  0.000000    0.000000   clock source latency
   196    0.487655    0.000000    0.000000    0.000000 ^ clk (in)
                                                         clk (net)
                      0.006145    0.003072    0.003072 ^ _1089_/CLK (sky130_fd_sc_hd__dfrtp_2)
                                  0.250000    0.253072   clock uncertainty
                                  0.000000    0.253072   clock reconvergence pessimism
                                  1.314388    1.567460   library removal time
                                              1.567460   data required time
---------------------------------------------------------------------------------------------
                                              1.567460   data required time
                                             -2.957553   data arrival time
---------------------------------------------------------------------------------------------
                                              1.390093   slack (MET)


Startpoint: _1056_ (rising edge-triggered flip-flop clocked by clk)
Endpoint: _1172_ (removal check against rising-edge clock clk)
Path Group: asynchronous
Path Type: min

Fanout         Cap        Slew       Delay        Time   Description
---------------------------------------------------------------------------------------------
                                  0.000000    0.000000   clock clk (rise edge)
                                  0.000000    0.000000   clock source latency
   196    0.487655    0.000000    0.000000    0.000000 ^ clk (in)
                                                         clk (net)
                      0.015566    0.007783    0.007783 ^ _1056_/CLK (sky130_fd_sc_hd__dfrtp_2)
   194    0.819377    3.783620    2.941055    2.948838 ^ _1056_/Q (sky130_fd_sc_hd__dfrtp_2)
                                                         per_core[0].u_core.rst_n (net)
                      3.783675    0.012351    2.961189 ^ _1172_/RESET_B (sky130_fd_sc_hd__dfrtp_2)
                                              2.961189   data arrival time

                                  0.000000    0.000000   clock clk (rise edge)
                                  0.000000    0.000000   clock source latency
   196    0.487655    0.000000    0.000000    0.000000 ^ clk (in)
                                                         clk (net)
                      0.011043    0.005521    0.005521 ^ _1172_/CLK (sky130_fd_sc_hd__dfrtp_2)
                                  0.250000    0.255521   clock uncertainty
                                  0.000000    0.255521   clock reconvergence pessimism
                                  1.315491    1.571012   library removal time
                                              1.571012   data required time
---------------------------------------------------------------------------------------------
                                              1.571012   data required time
                                             -2.961189   data arrival time
---------------------------------------------------------------------------------------------
                                              1.390176   slack (MET)


Startpoint: _1056_ (rising edge-triggered flip-flop clocked by clk)
Endpoint: _1173_ (removal check against rising-edge clock clk)
Path Group: asynchronous
Path Type: min

Fanout         Cap        Slew       Delay        Time   Description
---------------------------------------------------------------------------------------------
                                  0.000000    0.000000   clock clk (rise edge)
                                  0.000000    0.000000   clock source latency
   196    0.487655    0.000000    0.000000    0.000000 ^ clk (in)
                                                         clk (net)
                      0.015566    0.007783    0.007783 ^ _1056_/CLK (sky130_fd_sc_hd__dfrtp_2)
   194    0.819377    3.783620    2.941055    2.948838 ^ _1056_/Q (sky130_fd_sc_hd__dfrtp_2)
                                                         per_core[0].u_core.rst_n (net)
                      3.783677    0.012508    2.961346 ^ _1173_/RESET_B (sky130_fd_sc_hd__dfrtp_2)
                                              2.961346   data arrival time

                                  0.000000    0.000000   clock clk (rise edge)
                                  0.000000    0.000000   clock source latency
   196    0.487655    0.000000    0.000000    0.000000 ^ clk (in)
                                                         clk (net)
                      0.011086    0.005543    0.005543 ^ _1173_/CLK (sky130_fd_sc_hd__dfrtp_2)
                                  0.250000    0.255543   clock uncertainty
                                  0.000000    0.255543   clock reconvergence pessimism
                                  1.315501    1.571044   library removal time
                                              1.571044   data required time
---------------------------------------------------------------------------------------------
                                              1.571044   data required time
                                             -2.961346   data arrival time
---------------------------------------------------------------------------------------------
                                              1.390302   slack (MET)


Startpoint: _1056_ (rising edge-triggered flip-flop clocked by clk)
Endpoint: _1174_ (removal check against rising-edge clock clk)
Path Group: asynchronous
Path Type: min

Fanout         Cap        Slew       Delay        Time   Description
---------------------------------------------------------------------------------------------
                                  0.000000    0.000000   clock clk (rise edge)
                                  0.000000    0.000000   clock source latency
   196    0.487655    0.000000    0.000000    0.000000 ^ clk (in)
                                                         clk (net)
                      0.015566    0.007783    0.007783 ^ _1056_/CLK (sky130_fd_sc_hd__dfrtp_2)
   194    0.819377    3.783620    2.941055    2.948838 ^ _1056_/Q (sky130_fd_sc_hd__dfrtp_2)
                                                         per_core[0].u_core.rst_n (net)
                      3.783678    0.012606    2.961444 ^ _1174_/RESET_B (sky130_fd_sc_hd__dfrtp_2)
                                              2.961444   data arrival time

                                  0.000000    0.000000   clock clk (rise edge)
                                  0.000000    0.000000   clock source latency
   196    0.487655    0.000000    0.000000    0.000000 ^ clk (in)
                                                         clk (net)
                      0.011103    0.005552    0.005552 ^ _1174_/CLK (sky130_fd_sc_hd__dfrtp_2)
                                  0.250000    0.255552   clock uncertainty
                                  0.000000    0.255552   clock reconvergence pessimism
                                  1.315505    1.571057   library removal time
                                              1.571057   data required time
---------------------------------------------------------------------------------------------
                                              1.571057   data required time
                                             -2.961444   data arrival time
---------------------------------------------------------------------------------------------
                                              1.390387   slack (MET)


Startpoint: _1056_ (rising edge-triggered flip-flop clocked by clk)
Endpoint: _1153_ (removal check against rising-edge clock clk)
Path Group: asynchronous
Path Type: min

Fanout         Cap        Slew       Delay        Time   Description
---------------------------------------------------------------------------------------------
                                  0.000000    0.000000   clock clk (rise edge)
                                  0.000000    0.000000   clock source latency
   196    0.487655    0.000000    0.000000    0.000000 ^ clk (in)
                                                         clk (net)
                      0.015566    0.007783    0.007783 ^ _1056_/CLK (sky130_fd_sc_hd__dfrtp_2)
   194    0.819377    3.783620    2.941055    2.948838 ^ _1056_/Q (sky130_fd_sc_hd__dfrtp_2)
                                                         per_core[0].u_core.rst_n (net)
                      3.783678    0.012681    2.961519 ^ _1153_/RESET_B (sky130_fd_sc_hd__dfrtp_2)
                                              2.961519   data arrival time

                                  0.000000    0.000000   clock clk (rise edge)
                                  0.000000    0.000000   clock source latency
   196    0.487655    0.000000    0.000000    0.000000 ^ clk (in)
                                                         clk (net)
                      0.011110    0.005555    0.005555 ^ _1153_/CLK (sky130_fd_sc_hd__dfrtp_2)
                                  0.250000    0.255555   clock uncertainty
                                  0.000000    0.255555   clock reconvergence pessimism
                                  1.315507    1.571062   library removal time
                                              1.571062   data required time
---------------------------------------------------------------------------------------------
                                              1.571062   data required time
                                             -2.961519   data arrival time
---------------------------------------------------------------------------------------------
                                              1.390457   slack (MET)


Startpoint: _1056_ (rising edge-triggered flip-flop clocked by clk)
Endpoint: _1088_ (removal check against rising-edge clock clk)
Path Group: asynchronous
Path Type: min

Fanout         Cap        Slew       Delay        Time   Description
---------------------------------------------------------------------------------------------
                                  0.000000    0.000000   clock clk (rise edge)
                                  0.000000    0.000000   clock source latency
   196    0.487655    0.000000    0.000000    0.000000 ^ clk (in)
                                                         clk (net)
                      0.015566    0.007783    0.007783 ^ _1056_/CLK (sky130_fd_sc_hd__dfrtp_2)
   194    0.819377    3.783620    2.941055    2.948838 ^ _1056_/Q (sky130_fd_sc_hd__dfrtp_2)
                                                         per_core[0].u_core.rst_n (net)
                      3.783647    0.008760    2.957598 ^ _1088_/RESET_B (sky130_fd_sc_hd__dfrtp_2)
                                              2.957598   data arrival time

                                  0.000000    0.000000   clock clk (rise edge)
                                  0.000000    0.000000   clock source latency
   196    0.487655    0.000000    0.000000    0.000000 ^ clk (in)
                                                         clk (net)
                      0.005434    0.002717    0.002717 ^ _1088_/CLK (sky130_fd_sc_hd__dfrtp_2)
                                  0.250000    0.252717   clock uncertainty
                                  0.000000    0.252717   clock reconvergence pessimism
                                  1.314229    1.566946   library removal time
                                              1.566946   data required time
---------------------------------------------------------------------------------------------
                                              1.566946   data required time
                                             -2.957598   data arrival time
---------------------------------------------------------------------------------------------
                                              1.390652   slack (MET)


Startpoint: _1056_ (rising edge-triggered flip-flop clocked by clk)
Endpoint: _1121_ (removal check against rising-edge clock clk)
Path Group: asynchronous
Path Type: min

Fanout         Cap        Slew       Delay        Time   Description
---------------------------------------------------------------------------------------------
                                  0.000000    0.000000   clock clk (rise edge)
                                  0.000000    0.000000   clock source latency
   196    0.487655    0.000000    0.000000    0.000000 ^ clk (in)
                                                         clk (net)
                      0.015566    0.007783    0.007783 ^ _1056_/CLK (sky130_fd_sc_hd__dfrtp_2)
   194    0.819377    3.783620    2.941055    2.948838 ^ _1056_/Q (sky130_fd_sc_hd__dfrtp_2)
                                                         per_core[0].u_core.rst_n (net)
                      3.783648    0.008920    2.957758 ^ _1121_/RESET_B (sky130_fd_sc_hd__dfrtp_2)
                                              2.957758   data arrival time

                                  0.000000    0.000000   clock clk (rise edge)
                                  0.000000    0.000000   clock source latency
   196    0.487655    0.000000    0.000000    0.000000 ^ clk (in)
                                                         clk (net)
                      0.003802    0.001901    0.001901 ^ _1121_/CLK (sky130_fd_sc_hd__dfrtp_2)
                                  0.250000    0.251901   clock uncertainty
                                  0.000000    0.251901   clock reconvergence pessimism
                                  1.313864    1.565765   library removal time
                                              1.565765   data required time
---------------------------------------------------------------------------------------------
                                              1.565765   data required time
                                             -2.957758   data arrival time
---------------------------------------------------------------------------------------------
                                              1.391993   slack (MET)


Startpoint: _1056_ (rising edge-triggered flip-flop clocked by clk)
Endpoint: _1120_ (removal check against rising-edge clock clk)
Path Group: asynchronous
Path Type: min

Fanout         Cap        Slew       Delay        Time   Description
---------------------------------------------------------------------------------------------
                                  0.000000    0.000000   clock clk (rise edge)
                                  0.000000    0.000000   clock source latency
   196    0.487655    0.000000    0.000000    0.000000 ^ clk (in)
                                                         clk (net)
                      0.015566    0.007783    0.007783 ^ _1056_/CLK (sky130_fd_sc_hd__dfrtp_2)
   194    0.819377    3.783620    2.941055    2.948838 ^ _1056_/Q (sky130_fd_sc_hd__dfrtp_2)
                                                         per_core[0].u_core.rst_n (net)
                      3.783648    0.008923    2.957761 ^ _1120_/RESET_B (sky130_fd_sc_hd__dfrtp_2)
                                              2.957761   data arrival time

                                  0.000000    0.000000   clock clk (rise edge)
                                  0.000000    0.000000   clock source latency
   196    0.487655    0.000000    0.000000    0.000000 ^ clk (in)
                                                         clk (net)
                      0.003744    0.001872    0.001872 ^ _1120_/CLK (sky130_fd_sc_hd__dfrtp_2)
                                  0.250000    0.251872   clock uncertainty
                                  0.000000    0.251872   clock reconvergence pessimism
                                  1.313851    1.565723   library removal time
                                              1.565723   data required time
---------------------------------------------------------------------------------------------
                                              1.565723   data required time
                                             -2.957761   data arrival time
---------------------------------------------------------------------------------------------
                                              1.392038   slack (MET)


Startpoint: _1056_ (rising edge-triggered flip-flop clocked by clk)
Endpoint: _1119_ (removal check against rising-edge clock clk)
Path Group: asynchronous
Path Type: min

Fanout         Cap        Slew       Delay        Time   Description
---------------------------------------------------------------------------------------------
                                  0.000000    0.000000   clock clk (rise edge)
                                  0.000000    0.000000   clock source latency
   196    0.487655    0.000000    0.000000    0.000000 ^ clk (in)
                                                         clk (net)
                      0.015566    0.007783    0.007783 ^ _1056_/CLK (sky130_fd_sc_hd__dfrtp_2)
   194    0.819377    3.783620    2.941055    2.948838 ^ _1056_/Q (sky130_fd_sc_hd__dfrtp_2)
                                                         per_core[0].u_core.rst_n (net)
                      3.783648    0.008924    2.957762 ^ _1119_/RESET_B (sky130_fd_sc_hd__dfrtp_2)
                                              2.957762   data arrival time

                                  0.000000    0.000000   clock clk (rise edge)
                                  0.000000    0.000000   clock source latency
   196    0.487655    0.000000    0.000000    0.000000 ^ clk (in)
                                                         clk (net)
                      0.003668    0.001834    0.001834 ^ _1119_/CLK (sky130_fd_sc_hd__dfrtp_2)
                                  0.250000    0.251834   clock uncertainty
                                  0.000000    0.251834   clock reconvergence pessimism
                                  1.313834    1.565668   library removal time
                                              1.565668   data required time
---------------------------------------------------------------------------------------------
                                              1.565668   data required time
                                             -2.957762   data arrival time
---------------------------------------------------------------------------------------------
                                              1.392094   slack (MET)


Startpoint: _1056_ (rising edge-triggered flip-flop clocked by clk)
Endpoint: _1087_ (removal check against rising-edge clock clk)
Path Group: asynchronous
Path Type: min

Fanout         Cap        Slew       Delay        Time   Description
---------------------------------------------------------------------------------------------
                                  0.000000    0.000000   clock clk (rise edge)
                                  0.000000    0.000000   clock source latency
   196    0.487655    0.000000    0.000000    0.000000 ^ clk (in)
                                                         clk (net)
                      0.015566    0.007783    0.007783 ^ _1056_/CLK (sky130_fd_sc_hd__dfrtp_2)
   194    0.819377    3.783620    2.941055    2.948838 ^ _1056_/Q (sky130_fd_sc_hd__dfrtp_2)
                                                         per_core[0].u_core.rst_n (net)
                      3.783648    0.008884    2.957722 ^ _1087_/RESET_B (sky130_fd_sc_hd__dfrtp_2)
                                              2.957722   data arrival time

                                  0.000000    0.000000   clock clk (rise edge)
                                  0.000000    0.000000   clock source latency
   196    0.487655    0.000000    0.000000    0.000000 ^ clk (in)
                                                         clk (net)
                      0.003107    0.001553    0.001553 ^ _1087_/CLK (sky130_fd_sc_hd__dfrtp_2)
                                  0.250000    0.251553   clock uncertainty
                                  0.000000    0.251553   clock reconvergence pessimism
                                  1.313709    1.565262   library removal time
                                              1.565262   data required time
---------------------------------------------------------------------------------------------
                                              1.565262   data required time
                                             -2.957722   data arrival time
---------------------------------------------------------------------------------------------
                                              1.392460   slack (MET)


Startpoint: _1056_ (rising edge-triggered flip-flop clocked by clk)
Endpoint: _1137_ (removal check against rising-edge clock clk)
Path Group: asynchronous
Path Type: min

Fanout         Cap        Slew       Delay        Time   Description
---------------------------------------------------------------------------------------------
                                  0.000000    0.000000   clock clk (rise edge)
                                  0.000000    0.000000   clock source latency
   196    0.487655    0.000000    0.000000    0.000000 ^ clk (in)
                                                         clk (net)
                      0.015566    0.007783    0.007783 ^ _1056_/CLK (sky130_fd_sc_hd__dfrtp_2)
   194    0.819377    3.783620    2.941055    2.948838 ^ _1056_/Q (sky130_fd_sc_hd__dfrtp_2)
                                                         per_core[0].u_core.rst_n (net)
                      3.783660    0.010516    2.959354 ^ _1137_/RESET_B (sky130_fd_sc_hd__dfrtp_2)
                                              2.959354   data arrival time

                                  0.000000    0.000000   clock clk (rise edge)
                                  0.000000    0.000000   clock source latency
   196    0.487655    0.000000    0.000000    0.000000 ^ clk (in)
                                                         clk (net)
                      0.005108    0.002554    0.002554 ^ _1137_/CLK (sky130_fd_sc_hd__dfrtp_2)
                                  0.250000    0.252554   clock uncertainty
                                  0.000000    0.252554   clock reconvergence pessimism
                                  1.314159    1.566713   library removal time
                                              1.566713   data required time
---------------------------------------------------------------------------------------------
                                              1.566713   data required time
                                             -2.959354   data arrival time
---------------------------------------------------------------------------------------------
                                              1.392641   slack (MET)


Startpoint: _1056_ (rising edge-triggered flip-flop clocked by clk)
Endpoint: _1135_ (removal check against rising-edge clock clk)
Path Group: asynchronous
Path Type: min

Fanout         Cap        Slew       Delay        Time   Description
---------------------------------------------------------------------------------------------
                                  0.000000    0.000000   clock clk (rise edge)
                                  0.000000    0.000000   clock source latency
   196    0.487655    0.000000    0.000000    0.000000 ^ clk (in)
                                                         clk (net)
                      0.015566    0.007783    0.007783 ^ _1056_/CLK (sky130_fd_sc_hd__dfrtp_2)
   194    0.819377    3.783620    2.941055    2.948838 ^ _1056_/Q (sky130_fd_sc_hd__dfrtp_2)
                                                         per_core[0].u_core.rst_n (net)
                      3.783659    0.010461    2.959299 ^ _1135_/RESET_B (sky130_fd_sc_hd__dfrtp_2)
                                              2.959299   data arrival time

                                  0.000000    0.000000   clock clk (rise edge)
                                  0.000000    0.000000   clock source latency
   196    0.487655    0.000000    0.000000    0.000000 ^ clk (in)
                                                         clk (net)
                      0.005026    0.002513    0.002513 ^ _1135_/CLK (sky130_fd_sc_hd__dfrtp_2)
                                  0.250000    0.252513   clock uncertainty
                                  0.000000    0.252513   clock reconvergence pessimism
                                  1.314141    1.566654   library removal time
                                              1.566654   data required time
---------------------------------------------------------------------------------------------
                                              1.566654   data required time
                                             -2.959299   data arrival time
---------------------------------------------------------------------------------------------
                                              1.392645   slack (MET)


Startpoint: _1056_ (rising edge-triggered flip-flop clocked by clk)
Endpoint: _1136_ (removal check against rising-edge clock clk)
Path Group: asynchronous
Path Type: min

Fanout         Cap        Slew       Delay        Time   Description
---------------------------------------------------------------------------------------------
                                  0.000000    0.000000   clock clk (rise edge)
                                  0.000000    0.000000   clock source latency
   196    0.487655    0.000000    0.000000    0.000000 ^ clk (in)
                                                         clk (net)
                      0.015566    0.007783    0.007783 ^ _1056_/CLK (sky130_fd_sc_hd__dfrtp_2)
   194    0.819377    3.783620    2.941055    2.948838 ^ _1056_/Q (sky130_fd_sc_hd__dfrtp_2)
                                                         per_core[0].u_core.rst_n (net)
                      3.783659    0.010473    2.959311 ^ _1136_/RESET_B (sky130_fd_sc_hd__dfrtp_2)
                                              2.959311   data arrival time

                                  0.000000    0.000000   clock clk (rise edge)
                                  0.000000    0.000000   clock source latency
   196    0.487655    0.000000    0.000000    0.000000 ^ clk (in)
                                                         clk (net)
                      0.005024    0.002512    0.002512 ^ _1136_/CLK (sky130_fd_sc_hd__dfrtp_2)
                                  0.250000    0.252512   clock uncertainty
                                  0.000000    0.252512   clock reconvergence pessimism
                                  1.314141    1.566653   library removal time
                                              1.566653   data required time
---------------------------------------------------------------------------------------------
                                              1.566653   data required time
                                             -2.959311   data arrival time
---------------------------------------------------------------------------------------------
                                              1.392658   slack (MET)


Startpoint: _1056_ (rising edge-triggered flip-flop clocked by clk)
Endpoint: _1138_ (removal check against rising-edge clock clk)
Path Group: asynchronous
Path Type: min

Fanout         Cap        Slew       Delay        Time   Description
---------------------------------------------------------------------------------------------
                                  0.000000    0.000000   clock clk (rise edge)
                                  0.000000    0.000000   clock source latency
   196    0.487655    0.000000    0.000000    0.000000 ^ clk (in)
                                                         clk (net)
                      0.015566    0.007783    0.007783 ^ _1056_/CLK (sky130_fd_sc_hd__dfrtp_2)
   194    0.819377    3.783620    2.941055    2.948838 ^ _1056_/Q (sky130_fd_sc_hd__dfrtp_2)
                                                         per_core[0].u_core.rst_n (net)
                      3.783660    0.010602    2.959440 ^ _1138_/RESET_B (sky130_fd_sc_hd__dfrtp_2)
                                              2.959440   data arrival time

                                  0.000000    0.000000   clock clk (rise edge)
                                  0.000000    0.000000   clock source latency
   196    0.487655    0.000000    0.000000    0.000000 ^ clk (in)
                                                         clk (net)
                      0.005167    0.002583    0.002583 ^ _1138_/CLK (sky130_fd_sc_hd__dfrtp_2)
                                  0.250000    0.252583   clock uncertainty
                                  0.000000    0.252583   clock reconvergence pessimism
                                  1.314173    1.566756   library removal time
                                              1.566756   data required time
---------------------------------------------------------------------------------------------
                                              1.566756   data required time
                                             -2.959440   data arrival time
---------------------------------------------------------------------------------------------
                                              1.392684   slack (MET)


Startpoint: _1056_ (rising edge-triggered flip-flop clocked by clk)
Endpoint: _1139_ (removal check against rising-edge clock clk)
Path Group: asynchronous
Path Type: min

Fanout         Cap        Slew       Delay        Time   Description
---------------------------------------------------------------------------------------------
                                  0.000000    0.000000   clock clk (rise edge)
                                  0.000000    0.000000   clock source latency
   196    0.487655    0.000000    0.000000    0.000000 ^ clk (in)
                                                         clk (net)
                      0.015566    0.007783    0.007783 ^ _1056_/CLK (sky130_fd_sc_hd__dfrtp_2)
   194    0.819377    3.783620    2.941055    2.948838 ^ _1056_/Q (sky130_fd_sc_hd__dfrtp_2)
                                                         per_core[0].u_core.rst_n (net)
                      3.783660    0.010618    2.959456 ^ _1139_/RESET_B (sky130_fd_sc_hd__dfrtp_2)
                                              2.959456   data arrival time

                                  0.000000    0.000000   clock clk (rise edge)
                                  0.000000    0.000000   clock source latency
   196    0.487655    0.000000    0.000000    0.000000 ^ clk (in)
                                                         clk (net)
                      0.005179    0.002589    0.002589 ^ _1139_/CLK (sky130_fd_sc_hd__dfrtp_2)
                                  0.250000    0.252589   clock uncertainty
                                  0.000000    0.252589   clock reconvergence pessimism
                                  1.314175    1.566765   library removal time
                                              1.566765   data required time
---------------------------------------------------------------------------------------------
                                              1.566765   data required time
                                             -2.959456   data arrival time
---------------------------------------------------------------------------------------------
                                              1.392692   slack (MET)


Startpoint: _1056_ (rising edge-triggered flip-flop clocked by clk)
Endpoint: _1140_ (removal check against rising-edge clock clk)
Path Group: asynchronous
Path Type: min

Fanout         Cap        Slew       Delay        Time   Description
---------------------------------------------------------------------------------------------
                                  0.000000    0.000000   clock clk (rise edge)
                                  0.000000    0.000000   clock source latency
   196    0.487655    0.000000    0.000000    0.000000 ^ clk (in)
                                                         clk (net)
                      0.015566    0.007783    0.007783 ^ _1056_/CLK (sky130_fd_sc_hd__dfrtp_2)
   194    0.819377    3.783620    2.941055    2.948838 ^ _1056_/Q (sky130_fd_sc_hd__dfrtp_2)
                                                         per_core[0].u_core.rst_n (net)
                      3.783660    0.010621    2.959459 ^ _1140_/RESET_B (sky130_fd_sc_hd__dfrtp_2)
                                              2.959459   data arrival time

                                  0.000000    0.000000   clock clk (rise edge)
                                  0.000000    0.000000   clock source latency
   196    0.487655    0.000000    0.000000    0.000000 ^ clk (in)
                                                         clk (net)
                      0.005181    0.002591    0.002591 ^ _1140_/CLK (sky130_fd_sc_hd__dfrtp_2)
                                  0.250000    0.252591   clock uncertainty
                                  0.000000    0.252591   clock reconvergence pessimism
                                  1.314176    1.566766   library removal time
                                              1.566766   data required time
---------------------------------------------------------------------------------------------
                                              1.566766   data required time
                                             -2.959459   data arrival time
---------------------------------------------------------------------------------------------
                                              1.392693   slack (MET)


Startpoint: _1056_ (rising edge-triggered flip-flop clocked by clk)
Endpoint: _1118_ (removal check against rising-edge clock clk)
Path Group: asynchronous
Path Type: min

Fanout         Cap        Slew       Delay        Time   Description
---------------------------------------------------------------------------------------------
                                  0.000000    0.000000   clock clk (rise edge)
                                  0.000000    0.000000   clock source latency
   196    0.487655    0.000000    0.000000    0.000000 ^ clk (in)
                                                         clk (net)
                      0.015566    0.007783    0.007783 ^ _1056_/CLK (sky130_fd_sc_hd__dfrtp_2)
   194    0.819377    3.783620    2.941055    2.948838 ^ _1056_/Q (sky130_fd_sc_hd__dfrtp_2)
                                                         per_core[0].u_core.rst_n (net)
                      3.783649    0.009017    2.957855 ^ _1118_/RESET_B (sky130_fd_sc_hd__dfrtp_2)
                                              2.957855   data arrival time

                                  0.000000    0.000000   clock clk (rise edge)
                                  0.000000    0.000000   clock source latency
   196    0.487655    0.000000    0.000000    0.000000 ^ clk (in)
                                                         clk (net)
                      0.002816    0.001408    0.001408 ^ _1118_/CLK (sky130_fd_sc_hd__dfrtp_2)
                                  0.250000    0.251408   clock uncertainty
                                  0.000000    0.251408   clock reconvergence pessimism
                                  1.313644    1.565052   library removal time
                                              1.565052   data required time
---------------------------------------------------------------------------------------------
                                              1.565052   data required time
                                             -2.957855   data arrival time
---------------------------------------------------------------------------------------------
                                              1.392803   slack (MET)


Startpoint: _1056_ (rising edge-triggered flip-flop clocked by clk)
Endpoint: _1126_ (removal check against rising-edge clock clk)
Path Group: asynchronous
Path Type: min

Fanout         Cap        Slew       Delay        Time   Description
---------------------------------------------------------------------------------------------
                                  0.000000    0.000000   clock clk (rise edge)
                                  0.000000    0.000000   clock source latency
   196    0.487655    0.000000    0.000000    0.000000 ^ clk (in)
                                                         clk (net)
                      0.015566    0.007783    0.007783 ^ _1056_/CLK (sky130_fd_sc_hd__dfrtp_2)
   194    0.819377    3.783620    2.941055    2.948838 ^ _1056_/Q (sky130_fd_sc_hd__dfrtp_2)
                                                         per_core[0].u_core.rst_n (net)
                      3.783658    0.010304    2.959142 ^ _1126_/RESET_B (sky130_fd_sc_hd__dfrtp_2)
                                              2.959142   data arrival time

                                  0.000000    0.000000   clock clk (rise edge)
                                  0.000000    0.000000   clock source latency
   196    0.487655    0.000000    0.000000    0.000000 ^ clk (in)
                                                         clk (net)
                      0.004561    0.002280    0.002280 ^ _1126_/CLK (sky130_fd_sc_hd__dfrtp_2)
                                  0.250000    0.252280   clock uncertainty
                                  0.000000    0.252280   clock reconvergence pessimism
                                  1.314036    1.566317   library removal time
                                              1.566317   data required time
---------------------------------------------------------------------------------------------
                                              1.566317   data required time
                                             -2.959142   data arrival time
---------------------------------------------------------------------------------------------
                                              1.392825   slack (MET)


Startpoint: _1056_ (rising edge-triggered flip-flop clocked by clk)
Endpoint: _1127_ (removal check against rising-edge clock clk)
Path Group: asynchronous
Path Type: min

Fanout         Cap        Slew       Delay        Time   Description
---------------------------------------------------------------------------------------------
                                  0.000000    0.000000   clock clk (rise edge)
                                  0.000000    0.000000   clock source latency
   196    0.487655    0.000000    0.000000    0.000000 ^ clk (in)
                                                         clk (net)
                      0.015566    0.007783    0.007783 ^ _1056_/CLK (sky130_fd_sc_hd__dfrtp_2)
   194    0.819377    3.783620    2.941055    2.948838 ^ _1056_/Q (sky130_fd_sc_hd__dfrtp_2)
                                                         per_core[0].u_core.rst_n (net)
                      3.783658    0.010229    2.959067 ^ _1127_/RESET_B (sky130_fd_sc_hd__dfrtp_2)
                                              2.959067   data arrival time

                                  0.000000    0.000000   clock clk (rise edge)
                                  0.000000    0.000000   clock source latency
   196    0.487655    0.000000    0.000000    0.000000 ^ clk (in)
                                                         clk (net)
                      0.004453    0.002227    0.002227 ^ _1127_/CLK (sky130_fd_sc_hd__dfrtp_2)
                                  0.250000    0.252227   clock uncertainty
                                  0.000000    0.252227   clock reconvergence pessimism
                                  1.314012    1.566239   library removal time
                                              1.566239   data required time
---------------------------------------------------------------------------------------------
                                              1.566239   data required time
                                             -2.959067   data arrival time
---------------------------------------------------------------------------------------------
                                              1.392828   slack (MET)


Startpoint: _1056_ (rising edge-triggered flip-flop clocked by clk)
Endpoint: _1117_ (removal check against rising-edge clock clk)
Path Group: asynchronous
Path Type: min

Fanout         Cap        Slew       Delay        Time   Description
---------------------------------------------------------------------------------------------
                                  0.000000    0.000000   clock clk (rise edge)
                                  0.000000    0.000000   clock source latency
   196    0.487655    0.000000    0.000000    0.000000 ^ clk (in)
                                                         clk (net)
                      0.015566    0.007783    0.007783 ^ _1056_/CLK (sky130_fd_sc_hd__dfrtp_2)
   194    0.819377    3.783620    2.941055    2.948838 ^ _1056_/Q (sky130_fd_sc_hd__dfrtp_2)
                                                         per_core[0].u_core.rst_n (net)
                      3.783649    0.009011    2.957849 ^ _1117_/RESET_B (sky130_fd_sc_hd__dfrtp_2)
                                              2.957849   data arrival time

                                  0.000000    0.000000   clock clk (rise edge)
                                  0.000000    0.000000   clock source latency
   196    0.487655    0.000000    0.000000    0.000000 ^ clk (in)
                                                         clk (net)
                      0.002732    0.001366    0.001366 ^ _1117_/CLK (sky130_fd_sc_hd__dfrtp_2)
                                  0.250000    0.251366   clock uncertainty
                                  0.000000    0.251366   clock reconvergence pessimism
                                  1.313625    1.564991   library removal time
                                              1.564991   data required time
---------------------------------------------------------------------------------------------
                                              1.564991   data required time
                                             -2.957849   data arrival time
---------------------------------------------------------------------------------------------
                                              1.392858   slack (MET)


Startpoint: _1056_ (rising edge-triggered flip-flop clocked by clk)
Endpoint: _1125_ (removal check against rising-edge clock clk)
Path Group: asynchronous
Path Type: min

Fanout         Cap        Slew       Delay        Time   Description
---------------------------------------------------------------------------------------------
                                  0.000000    0.000000   clock clk (rise edge)
                                  0.000000    0.000000   clock source latency
   196    0.487655    0.000000    0.000000    0.000000 ^ clk (in)
                                                         clk (net)
                      0.015566    0.007783    0.007783 ^ _1056_/CLK (sky130_fd_sc_hd__dfrtp_2)
   194    0.819377    3.783620    2.941055    2.948838 ^ _1056_/Q (sky130_fd_sc_hd__dfrtp_2)
                                                         per_core[0].u_core.rst_n (net)
                      3.783658    0.010296    2.959133 ^ _1125_/RESET_B (sky130_fd_sc_hd__dfrtp_2)
                                              2.959133   data arrival time

                                  0.000000    0.000000   clock clk (rise edge)
                                  0.000000    0.000000   clock source latency
   196    0.487655    0.000000    0.000000    0.000000 ^ clk (in)
                                                         clk (net)
                      0.004473    0.002237    0.002237 ^ _1125_/CLK (sky130_fd_sc_hd__dfrtp_2)
                                  0.250000    0.252237   clock uncertainty
                                  0.000000    0.252237   clock reconvergence pessimism
                                  1.314017    1.566254   library removal time
                                              1.566254   data required time
---------------------------------------------------------------------------------------------
                                              1.566254   data required time
                                             -2.959133   data arrival time
---------------------------------------------------------------------------------------------
                                              1.392880   slack (MET)


Startpoint: _1056_ (rising edge-triggered flip-flop clocked by clk)
Endpoint: _1116_ (removal check against rising-edge clock clk)
Path Group: asynchronous
Path Type: min

Fanout         Cap        Slew       Delay        Time   Description
---------------------------------------------------------------------------------------------
                                  0.000000    0.000000   clock clk (rise edge)
                                  0.000000    0.000000   clock source latency
   196    0.487655    0.000000    0.000000    0.000000 ^ clk (in)
                                                         clk (net)
                      0.015566    0.007783    0.007783 ^ _1056_/CLK (sky130_fd_sc_hd__dfrtp_2)
   194    0.819377    3.783620    2.941055    2.948838 ^ _1056_/Q (sky130_fd_sc_hd__dfrtp_2)
                                                         per_core[0].u_core.rst_n (net)
                      3.783649    0.009124    2.957962 ^ _1116_/RESET_B (sky130_fd_sc_hd__dfrtp_2)
                                              2.957962   data arrival time

                                  0.000000    0.000000   clock clk (rise edge)
                                  0.000000    0.000000   clock source latency
   196    0.487655    0.000000    0.000000    0.000000 ^ clk (in)
                                                         clk (net)
                      0.002847    0.001424    0.001424 ^ _1116_/CLK (sky130_fd_sc_hd__dfrtp_2)
                                  0.250000    0.251424   clock uncertainty
                                  0.000000    0.251424   clock reconvergence pessimism
                                  1.313651    1.565074   library removal time
                                              1.565074   data required time
---------------------------------------------------------------------------------------------
                                              1.565074   data required time
                                             -2.957962   data arrival time
---------------------------------------------------------------------------------------------
                                              1.392887   slack (MET)


Startpoint: _1056_ (rising edge-triggered flip-flop clocked by clk)
Endpoint: _1148_ (removal check against rising-edge clock clk)
Path Group: asynchronous
Path Type: min

Fanout         Cap        Slew       Delay        Time   Description
---------------------------------------------------------------------------------------------
                                  0.000000    0.000000   clock clk (rise edge)
                                  0.000000    0.000000   clock source latency
   196    0.487655    0.000000    0.000000    0.000000 ^ clk (in)
                                                         clk (net)
                      0.015566    0.007783    0.007783 ^ _1056_/CLK (sky130_fd_sc_hd__dfrtp_2)
   194    0.819377    3.783620    2.941055    2.948838 ^ _1056_/Q (sky130_fd_sc_hd__dfrtp_2)
                                                         per_core[0].u_core.rst_n (net)
                      3.783665    0.011275    2.960113 ^ _1148_/RESET_B (sky130_fd_sc_hd__dfrtp_2)
                                              2.960113   data arrival time

                                  0.000000    0.000000   clock clk (rise edge)
                                  0.000000    0.000000   clock source latency
   196    0.487655    0.000000    0.000000    0.000000 ^ clk (in)
                                                         clk (net)
                      0.005771    0.002886    0.002886 ^ _1148_/CLK (sky130_fd_sc_hd__dfrtp_2)
                                  0.250000    0.252886   clock uncertainty
                                  0.000000    0.252886   clock reconvergence pessimism
                                  1.314309    1.567195   library removal time
                                              1.567195   data required time
---------------------------------------------------------------------------------------------
                                              1.567195   data required time
                                             -2.960113   data arrival time
---------------------------------------------------------------------------------------------
                                              1.392918   slack (MET)


Startpoint: _1056_ (rising edge-triggered flip-flop clocked by clk)
Endpoint: _1113_ (removal check against rising-edge clock clk)
Path Group: asynchronous
Path Type: min

Fanout         Cap        Slew       Delay        Time   Description
---------------------------------------------------------------------------------------------
                                  0.000000    0.000000   clock clk (rise edge)
                                  0.000000    0.000000   clock source latency
   196    0.487655    0.000000    0.000000    0.000000 ^ clk (in)
                                                         clk (net)
                      0.015566    0.007783    0.007783 ^ _1056_/CLK (sky130_fd_sc_hd__dfrtp_2)
   194    0.819377    3.783620    2.941055    2.948838 ^ _1056_/Q (sky130_fd_sc_hd__dfrtp_2)
                                                         per_core[0].u_core.rst_n (net)
                      3.783650    0.009216    2.958054 ^ _1113_/RESET_B (sky130_fd_sc_hd__dfrtp_2)
                                              2.958054   data arrival time

                                  0.000000    0.000000   clock clk (rise edge)
                                  0.000000    0.000000   clock source latency
   196    0.487655    0.000000    0.000000    0.000000 ^ clk (in)
                                                         clk (net)
                      0.002919    0.001459    0.001459 ^ _1113_/CLK (sky130_fd_sc_hd__dfrtp_2)
                                  0.250000    0.251459   clock uncertainty
                                  0.000000    0.251459   clock reconvergence pessimism
                                  1.313667    1.565126   library removal time
                                              1.565126   data required time
---------------------------------------------------------------------------------------------
                                              1.565126   data required time
                                             -2.958054   data arrival time
---------------------------------------------------------------------------------------------
                                              1.392928   slack (MET)


Startpoint: _1056_ (rising edge-triggered flip-flop clocked by clk)
Endpoint: _1147_ (removal check against rising-edge clock clk)
Path Group: asynchronous
Path Type: min

Fanout         Cap        Slew       Delay        Time   Description
---------------------------------------------------------------------------------------------
                                  0.000000    0.000000   clock clk (rise edge)
                                  0.000000    0.000000   clock source latency
   196    0.487655    0.000000    0.000000    0.000000 ^ clk (in)
                                                         clk (net)
                      0.015566    0.007783    0.007783 ^ _1056_/CLK (sky130_fd_sc_hd__dfrtp_2)
   194    0.819377    3.783620    2.941055    2.948838 ^ _1056_/Q (sky130_fd_sc_hd__dfrtp_2)
                                                         per_core[0].u_core.rst_n (net)
                      3.783665    0.011282    2.960120 ^ _1147_/RESET_B (sky130_fd_sc_hd__dfrtp_2)
                                              2.960120   data arrival time

                                  0.000000    0.000000   clock clk (rise edge)
                                  0.000000    0.000000   clock source latency
   196    0.487655    0.000000    0.000000    0.000000 ^ clk (in)
                                                         clk (net)
                      0.005769    0.002885    0.002885 ^ _1147_/CLK (sky130_fd_sc_hd__dfrtp_2)
                                  0.250000    0.252885   clock uncertainty
                                  0.000000    0.252885   clock reconvergence pessimism
                                  1.314309    1.567193   library removal time
                                              1.567193   data required time
---------------------------------------------------------------------------------------------
                                              1.567193   data required time
                                             -2.960120   data arrival time
---------------------------------------------------------------------------------------------
                                              1.392927   slack (MET)


Startpoint: _1056_ (rising edge-triggered flip-flop clocked by clk)
Endpoint: _1114_ (removal check against rising-edge clock clk)
Path Group: asynchronous
Path Type: min

Fanout         Cap        Slew       Delay        Time   Description
---------------------------------------------------------------------------------------------
                                  0.000000    0.000000   clock clk (rise edge)
                                  0.000000    0.000000   clock source latency
   196    0.487655    0.000000    0.000000    0.000000 ^ clk (in)
                                                         clk (net)
                      0.015566    0.007783    0.007783 ^ _1056_/CLK (sky130_fd_sc_hd__dfrtp_2)
   194    0.819377    3.783620    2.941055    2.948838 ^ _1056_/Q (sky130_fd_sc_hd__dfrtp_2)
                                                         per_core[0].u_core.rst_n (net)
                      3.783650    0.009217    2.958055 ^ _1114_/RESET_B (sky130_fd_sc_hd__dfrtp_2)
                                              2.958055   data arrival time

                                  0.000000    0.000000   clock clk (rise edge)
                                  0.000000    0.000000   clock source latency
   196    0.487655    0.000000    0.000000    0.000000 ^ clk (in)
                                                         clk (net)
                      0.002919    0.001460    0.001460 ^ _1114_/CLK (sky130_fd_sc_hd__dfrtp_2)
                                  0.250000    0.251460   clock uncertainty
                                  0.000000    0.251460   clock reconvergence pessimism
                                  1.313667    1.565127   library removal time
                                              1.565127   data required time
---------------------------------------------------------------------------------------------
                                              1.565127   data required time
                                             -2.958055   data arrival time
---------------------------------------------------------------------------------------------
                                              1.392928   slack (MET)


Startpoint: _1056_ (rising edge-triggered flip-flop clocked by clk)
Endpoint: _1115_ (removal check against rising-edge clock clk)
Path Group: asynchronous
Path Type: min

Fanout         Cap        Slew       Delay        Time   Description
---------------------------------------------------------------------------------------------
                                  0.000000    0.000000   clock clk (rise edge)
                                  0.000000    0.000000   clock source latency
   196    0.487655    0.000000    0.000000    0.000000 ^ clk (in)
                                                         clk (net)
                      0.015566    0.007783    0.007783 ^ _1056_/CLK (sky130_fd_sc_hd__dfrtp_2)
   194    0.819377    3.783620    2.941055    2.948838 ^ _1056_/Q (sky130_fd_sc_hd__dfrtp_2)
                                                         per_core[0].u_core.rst_n (net)
                      3.783650    0.009218    2.958056 ^ _1115_/RESET_B (sky130_fd_sc_hd__dfrtp_2)
                                              2.958056   data arrival time

                                  0.000000    0.000000   clock clk (rise edge)
                                  0.000000    0.000000   clock source latency
   196    0.487655    0.000000    0.000000    0.000000 ^ clk (in)
                                                         clk (net)
                      0.002920    0.001460    0.001460 ^ _1115_/CLK (sky130_fd_sc_hd__dfrtp_2)
                                  0.250000    0.251460   clock uncertainty
                                  0.000000    0.251460   clock reconvergence pessimism
                                  1.313667    1.565127   library removal time
                                              1.565127   data required time
---------------------------------------------------------------------------------------------
                                              1.565127   data required time
                                             -2.958056   data arrival time
---------------------------------------------------------------------------------------------
                                              1.392929   slack (MET)


Startpoint: _1056_ (rising edge-triggered flip-flop clocked by clk)
Endpoint: _1109_ (removal check against rising-edge clock clk)
Path Group: asynchronous
Path Type: min

Fanout         Cap        Slew       Delay        Time   Description
---------------------------------------------------------------------------------------------
                                  0.000000    0.000000   clock clk (rise edge)
                                  0.000000    0.000000   clock source latency
   196    0.487655    0.000000    0.000000    0.000000 ^ clk (in)
                                                         clk (net)
                      0.015566    0.007783    0.007783 ^ _1056_/CLK (sky130_fd_sc_hd__dfrtp_2)
   194    0.819377    3.783620    2.941055    2.948838 ^ _1056_/Q (sky130_fd_sc_hd__dfrtp_2)
                                                         per_core[0].u_core.rst_n (net)
                      3.783659    0.010408    2.959246 ^ _1109_/RESET_B (sky130_fd_sc_hd__dfrtp_2)
                                              2.959246   data arrival time

                                  0.000000    0.000000   clock clk (rise edge)
                                  0.000000    0.000000   clock source latency
   196    0.487655    0.000000    0.000000    0.000000 ^ clk (in)
                                                         clk (net)
                      0.004539    0.002270    0.002270 ^ _1109_/CLK (sky130_fd_sc_hd__dfrtp_2)
                                  0.250000    0.252270   clock uncertainty
                                  0.000000    0.252270   clock reconvergence pessimism
                                  1.314032    1.566301   library removal time
                                              1.566301   data required time
---------------------------------------------------------------------------------------------
                                              1.566301   data required time
                                             -2.959246   data arrival time
---------------------------------------------------------------------------------------------
                                              1.392944   slack (MET)


Startpoint: _1056_ (rising edge-triggered flip-flop clocked by clk)
Endpoint: _1110_ (removal check against rising-edge clock clk)
Path Group: asynchronous
Path Type: min

Fanout         Cap        Slew       Delay        Time   Description
---------------------------------------------------------------------------------------------
                                  0.000000    0.000000   clock clk (rise edge)
                                  0.000000    0.000000   clock source latency
   196    0.487655    0.000000    0.000000    0.000000 ^ clk (in)
                                                         clk (net)
                      0.015566    0.007783    0.007783 ^ _1056_/CLK (sky130_fd_sc_hd__dfrtp_2)
   194    0.819377    3.783620    2.941055    2.948838 ^ _1056_/Q (sky130_fd_sc_hd__dfrtp_2)
                                                         per_core[0].u_core.rst_n (net)
                      3.783659    0.010407    2.959245 ^ _1110_/RESET_B (sky130_fd_sc_hd__dfrtp_2)
                                              2.959245   data arrival time

                                  0.000000    0.000000   clock clk (rise edge)
                                  0.000000    0.000000   clock source latency
   196    0.487655    0.000000    0.000000    0.000000 ^ clk (in)
                                                         clk (net)
                      0.004539    0.002269    0.002269 ^ _1110_/CLK (sky130_fd_sc_hd__dfrtp_2)
                                  0.250000    0.252269   clock uncertainty
                                  0.000000    0.252269   clock reconvergence pessimism
                                  1.314032    1.566301   library removal time
                                              1.566301   data required time
---------------------------------------------------------------------------------------------
                                              1.566301   data required time
                                             -2.959245   data arrival time
---------------------------------------------------------------------------------------------
                                              1.392944   slack (MET)


Startpoint: _1056_ (rising edge-triggered flip-flop clocked by clk)
Endpoint: _1111_ (removal check against rising-edge clock clk)
Path Group: asynchronous
Path Type: min

Fanout         Cap        Slew       Delay        Time   Description
---------------------------------------------------------------------------------------------
                                  0.000000    0.000000   clock clk (rise edge)
                                  0.000000    0.000000   clock source latency
   196    0.487655    0.000000    0.000000    0.000000 ^ clk (in)
                                                         clk (net)
                      0.015566    0.007783    0.007783 ^ _1056_/CLK (sky130_fd_sc_hd__dfrtp_2)
   194    0.819377    3.783620    2.941055    2.948838 ^ _1056_/Q (sky130_fd_sc_hd__dfrtp_2)
                                                         per_core[0].u_core.rst_n (net)
                      3.783659    0.010447    2.959285 ^ _1111_/RESET_B (sky130_fd_sc_hd__dfrtp_2)
                                              2.959285   data arrival time

                                  0.000000    0.000000   clock clk (rise edge)
                                  0.000000    0.000000   clock source latency
   196    0.487655    0.000000    0.000000    0.000000 ^ clk (in)
                                                         clk (net)
                      0.004569    0.002285    0.002285 ^ _1111_/CLK (sky130_fd_sc_hd__dfrtp_2)
                                  0.250000    0.252285   clock uncertainty
                                  0.000000    0.252285   clock reconvergence pessimism
                                  1.314039    1.566323   library removal time
                                              1.566323   data required time
---------------------------------------------------------------------------------------------
                                              1.566323   data required time
                                             -2.959285   data arrival time
---------------------------------------------------------------------------------------------
                                              1.392962   slack (MET)


Startpoint: _1056_ (rising edge-triggered flip-flop clocked by clk)
Endpoint: _1112_ (removal check against rising-edge clock clk)
Path Group: asynchronous
Path Type: min

Fanout         Cap        Slew       Delay        Time   Description
---------------------------------------------------------------------------------------------
                                  0.000000    0.000000   clock clk (rise edge)
                                  0.000000    0.000000   clock source latency
   196    0.487655    0.000000    0.000000    0.000000 ^ clk (in)
                                                         clk (net)
                      0.015566    0.007783    0.007783 ^ _1056_/CLK (sky130_fd_sc_hd__dfrtp_2)
   194    0.819377    3.783620    2.941055    2.948838 ^ _1056_/Q (sky130_fd_sc_hd__dfrtp_2)
                                                         per_core[0].u_core.rst_n (net)
                      3.783659    0.010448    2.959286 ^ _1112_/RESET_B (sky130_fd_sc_hd__dfrtp_2)
                                              2.959286   data arrival time

                                  0.000000    0.000000   clock clk (rise edge)
                                  0.000000    0.000000   clock source latency
   196    0.487655    0.000000    0.000000    0.000000 ^ clk (in)
                                                         clk (net)
                      0.004570    0.002285    0.002285 ^ _1112_/CLK (sky130_fd_sc_hd__dfrtp_2)
                                  0.250000    0.252285   clock uncertainty
                                  0.000000    0.252285   clock reconvergence pessimism
                                  1.314039    1.566324   library removal time
                                              1.566324   data required time
---------------------------------------------------------------------------------------------
                                              1.566324   data required time
                                             -2.959286   data arrival time
---------------------------------------------------------------------------------------------
                                              1.392962   slack (MET)


Startpoint: _1056_ (rising edge-triggered flip-flop clocked by clk)
Endpoint: _1149_ (removal check against rising-edge clock clk)
Path Group: asynchronous
Path Type: min

Fanout         Cap        Slew       Delay        Time   Description
---------------------------------------------------------------------------------------------
                                  0.000000    0.000000   clock clk (rise edge)
                                  0.000000    0.000000   clock source latency
   196    0.487655    0.000000    0.000000    0.000000 ^ clk (in)
                                                         clk (net)
                      0.015566    0.007783    0.007783 ^ _1056_/CLK (sky130_fd_sc_hd__dfrtp_2)
   194    0.819377    3.783620    2.941055    2.948838 ^ _1056_/Q (sky130_fd_sc_hd__dfrtp_2)
                                                         per_core[0].u_core.rst_n (net)
                      3.783666    0.011295    2.960133 ^ _1149_/RESET_B (sky130_fd_sc_hd__dfrtp_2)
                                              2.960133   data arrival time

                                  0.000000    0.000000   clock clk (rise edge)
                                  0.000000    0.000000   clock source latency
   196    0.487655    0.000000    0.000000    0.000000 ^ clk (in)
                                                         clk (net)
                      0.005706    0.002853    0.002853 ^ _1149_/CLK (sky130_fd_sc_hd__dfrtp_2)
                                  0.250000    0.252853   clock uncertainty
                                  0.000000    0.252853   clock reconvergence pessimism
                                  1.314295    1.567147   library removal time
                                              1.567147   data required time
---------------------------------------------------------------------------------------------
                                              1.567147   data required time
                                             -2.960133   data arrival time
---------------------------------------------------------------------------------------------
                                              1.392985   slack (MET)


Startpoint: _1056_ (rising edge-triggered flip-flop clocked by clk)
Endpoint: _1144_ (removal check against rising-edge clock clk)
Path Group: asynchronous
Path Type: min

Fanout         Cap        Slew       Delay        Time   Description
---------------------------------------------------------------------------------------------
                                  0.000000    0.000000   clock clk (rise edge)
                                  0.000000    0.000000   clock source latency
   196    0.487655    0.000000    0.000000    0.000000 ^ clk (in)
                                                         clk (net)
                      0.015566    0.007783    0.007783 ^ _1056_/CLK (sky130_fd_sc_hd__dfrtp_2)
   194    0.819377    3.783620    2.941055    2.948838 ^ _1056_/Q (sky130_fd_sc_hd__dfrtp_2)
                                                         per_core[0].u_core.rst_n (net)
                      3.783669    0.011673    2.960511 ^ _1144_/RESET_B (sky130_fd_sc_hd__dfrtp_2)
                                              2.960511   data arrival time

                                  0.000000    0.000000   clock clk (rise edge)
                                  0.000000    0.000000   clock source latency
   196    0.487655    0.000000    0.000000    0.000000 ^ clk (in)
                                                         clk (net)
                      0.006069    0.003035    0.003035 ^ _1144_/CLK (sky130_fd_sc_hd__dfrtp_2)
                                  0.250000    0.253035   clock uncertainty
                                  0.000000    0.253035   clock reconvergence pessimism
                                  1.314377    1.567412   library removal time
                                              1.567412   data required time
---------------------------------------------------------------------------------------------
                                              1.567412   data required time
                                             -2.960511   data arrival time
---------------------------------------------------------------------------------------------
                                              1.393100   slack (MET)


Startpoint: _1056_ (rising edge-triggered flip-flop clocked by clk)
Endpoint: _1145_ (removal check against rising-edge clock clk)
Path Group: asynchronous
Path Type: min

Fanout         Cap        Slew       Delay        Time   Description
---------------------------------------------------------------------------------------------
                                  0.000000    0.000000   clock clk (rise edge)
                                  0.000000    0.000000   clock source latency
   196    0.487655    0.000000    0.000000    0.000000 ^ clk (in)
                                                         clk (net)
                      0.015566    0.007783    0.007783 ^ _1056_/CLK (sky130_fd_sc_hd__dfrtp_2)
   194    0.819377    3.783620    2.941055    2.948838 ^ _1056_/Q (sky130_fd_sc_hd__dfrtp_2)
                                                         per_core[0].u_core.rst_n (net)
                      3.783669    0.011673    2.960511 ^ _1145_/RESET_B (sky130_fd_sc_hd__dfrtp_2)
                                              2.960511   data arrival time

                                  0.000000    0.000000   clock clk (rise edge)
                                  0.000000    0.000000   clock source latency
   196    0.487655    0.000000    0.000000    0.000000 ^ clk (in)
                                                         clk (net)
                      0.006069    0.003035    0.003035 ^ _1145_/CLK (sky130_fd_sc_hd__dfrtp_2)
                                  0.250000    0.253035   clock uncertainty
                                  0.000000    0.253035   clock reconvergence pessimism
                                  1.314377    1.567411   library removal time
                                              1.567411   data required time
---------------------------------------------------------------------------------------------
                                              1.567411   data required time
                                             -2.960511   data arrival time
---------------------------------------------------------------------------------------------
                                              1.393100   slack (MET)


Startpoint: _1056_ (rising edge-triggered flip-flop clocked by clk)
Endpoint: _1146_ (removal check against rising-edge clock clk)
Path Group: asynchronous
Path Type: min

Fanout         Cap        Slew       Delay        Time   Description
---------------------------------------------------------------------------------------------
                                  0.000000    0.000000   clock clk (rise edge)
                                  0.000000    0.000000   clock source latency
   196    0.487655    0.000000    0.000000    0.000000 ^ clk (in)
                                                         clk (net)
                      0.015566    0.007783    0.007783 ^ _1056_/CLK (sky130_fd_sc_hd__dfrtp_2)
   194    0.819377    3.783620    2.941055    2.948838 ^ _1056_/Q (sky130_fd_sc_hd__dfrtp_2)
                                                         per_core[0].u_core.rst_n (net)
                      3.783669    0.011641    2.960479 ^ _1146_/RESET_B (sky130_fd_sc_hd__dfrtp_2)
                                              2.960479   data arrival time

                                  0.000000    0.000000   clock clk (rise edge)
                                  0.000000    0.000000   clock source latency
   196    0.487655    0.000000    0.000000    0.000000 ^ clk (in)
                                                         clk (net)
                      0.005954    0.002977    0.002977 ^ _1146_/CLK (sky130_fd_sc_hd__dfrtp_2)
                                  0.250000    0.252977   clock uncertainty
                                  0.000000    0.252977   clock reconvergence pessimism
                                  1.314351    1.567328   library removal time
                                              1.567328   data required time
---------------------------------------------------------------------------------------------
                                              1.567328   data required time
                                             -2.960479   data arrival time
---------------------------------------------------------------------------------------------
                                              1.393151   slack (MET)


Startpoint: _1056_ (rising edge-triggered flip-flop clocked by clk)
Endpoint: _1133_ (removal check against rising-edge clock clk)
Path Group: asynchronous
Path Type: min

Fanout         Cap        Slew       Delay        Time   Description
---------------------------------------------------------------------------------------------
                                  0.000000    0.000000   clock clk (rise edge)
                                  0.000000    0.000000   clock source latency
   196    0.487655    0.000000    0.000000    0.000000 ^ clk (in)
                                                         clk (net)
                      0.015566    0.007783    0.007783 ^ _1056_/CLK (sky130_fd_sc_hd__dfrtp_2)
   194    0.819377    3.783620    2.941055    2.948838 ^ _1056_/Q (sky130_fd_sc_hd__dfrtp_2)
                                                         per_core[0].u_core.rst_n (net)
                      3.783666    0.011376    2.960214 ^ _1133_/RESET_B (sky130_fd_sc_hd__dfrtp_2)
                                              2.960214   data arrival time

                                  0.000000    0.000000   clock clk (rise edge)
                                  0.000000    0.000000   clock source latency
   196    0.487655    0.000000    0.000000    0.000000 ^ clk (in)
                                                         clk (net)
                      0.005480    0.002740    0.002740 ^ _1133_/CLK (sky130_fd_sc_hd__dfrtp_2)
                                  0.250000    0.252740   clock uncertainty
                                  0.000000    0.252740   clock reconvergence pessimism
                                  1.314244    1.566985   library removal time
                                              1.566985   data required time
---------------------------------------------------------------------------------------------
                                              1.566985   data required time
                                             -2.960214   data arrival time
---------------------------------------------------------------------------------------------
                                              1.393229   slack (MET)


Startpoint: _1056_ (rising edge-triggered flip-flop clocked by clk)
Endpoint: _1134_ (removal check against rising-edge clock clk)
Path Group: asynchronous
Path Type: min

Fanout         Cap        Slew       Delay        Time   Description
---------------------------------------------------------------------------------------------
                                  0.000000    0.000000   clock clk (rise edge)
                                  0.000000    0.000000   clock source latency
   196    0.487655    0.000000    0.000000    0.000000 ^ clk (in)
                                                         clk (net)
                      0.015566    0.007783    0.007783 ^ _1056_/CLK (sky130_fd_sc_hd__dfrtp_2)
   194    0.819377    3.783620    2.941055    2.948838 ^ _1056_/Q (sky130_fd_sc_hd__dfrtp_2)
                                                         per_core[0].u_core.rst_n (net)
                      3.783666    0.011381    2.960219 ^ _1134_/RESET_B (sky130_fd_sc_hd__dfrtp_2)
                                              2.960219   data arrival time

                                  0.000000    0.000000   clock clk (rise edge)
                                  0.000000    0.000000   clock source latency
   196    0.487655    0.000000    0.000000    0.000000 ^ clk (in)
                                                         clk (net)
                      0.005480    0.002740    0.002740 ^ _1134_/CLK (sky130_fd_sc_hd__dfrtp_2)
                                  0.250000    0.252740   clock uncertainty
                                  0.000000    0.252740   clock reconvergence pessimism
                                  1.314244    1.566984   library removal time
                                              1.566984   data required time
---------------------------------------------------------------------------------------------
                                              1.566984   data required time
                                             -2.960219   data arrival time
---------------------------------------------------------------------------------------------
                                              1.393235   slack (MET)


Startpoint: _1056_ (rising edge-triggered flip-flop clocked by clk)
Endpoint: _1143_ (removal check against rising-edge clock clk)
Path Group: asynchronous
Path Type: min

Fanout         Cap        Slew       Delay        Time   Description
---------------------------------------------------------------------------------------------
                                  0.000000    0.000000   clock clk (rise edge)
                                  0.000000    0.000000   clock source latency
   196    0.487655    0.000000    0.000000    0.000000 ^ clk (in)
                                                         clk (net)
                      0.015566    0.007783    0.007783 ^ _1056_/CLK (sky130_fd_sc_hd__dfrtp_2)
   194    0.819377    3.783620    2.941055    2.948838 ^ _1056_/Q (sky130_fd_sc_hd__dfrtp_2)
                                                         per_core[0].u_core.rst_n (net)
                      3.783668    0.011560    2.960398 ^ _1143_/RESET_B (sky130_fd_sc_hd__dfrtp_2)
                                              2.960398   data arrival time

                                  0.000000    0.000000   clock clk (rise edge)
                                  0.000000    0.000000   clock source latency
   196    0.487655    0.000000    0.000000    0.000000 ^ clk (in)
                                                         clk (net)
                      0.005514    0.002757    0.002757 ^ _1143_/CLK (sky130_fd_sc_hd__dfrtp_2)
                                  0.250000    0.252757   clock uncertainty
                                  0.000000    0.252757   clock reconvergence pessimism
                                  1.314252    1.567009   library removal time
                                              1.567009   data required time
---------------------------------------------------------------------------------------------
                                              1.567009   data required time
                                             -2.960398   data arrival time
---------------------------------------------------------------------------------------------
                                              1.393389   slack (MET)


Startpoint: _1056_ (rising edge-triggered flip-flop clocked by clk)
Endpoint: _1141_ (removal check against rising-edge clock clk)
Path Group: asynchronous
Path Type: min

Fanout         Cap        Slew       Delay        Time   Description
---------------------------------------------------------------------------------------------
                                  0.000000    0.000000   clock clk (rise edge)
                                  0.000000    0.000000   clock source latency
   196    0.487655    0.000000    0.000000    0.000000 ^ clk (in)
                                                         clk (net)
                      0.015566    0.007783    0.007783 ^ _1056_/CLK (sky130_fd_sc_hd__dfrtp_2)
   194    0.819377    3.783620    2.941055    2.948838 ^ _1056_/Q (sky130_fd_sc_hd__dfrtp_2)
                                                         per_core[0].u_core.rst_n (net)
                      3.783668    0.011585    2.960423 ^ _1141_/RESET_B (sky130_fd_sc_hd__dfrtp_2)
                                              2.960423   data arrival time

                                  0.000000    0.000000   clock clk (rise edge)
                                  0.000000    0.000000   clock source latency
   196    0.487655    0.000000    0.000000    0.000000 ^ clk (in)
                                                         clk (net)
                      0.005534    0.002767    0.002767 ^ _1141_/CLK (sky130_fd_sc_hd__dfrtp_2)
                                  0.250000    0.252767   clock uncertainty
                                  0.000000    0.252767   clock reconvergence pessimism
                                  1.314257    1.567024   library removal time
                                              1.567024   data required time
---------------------------------------------------------------------------------------------
                                              1.567024   data required time
                                             -2.960423   data arrival time
---------------------------------------------------------------------------------------------
                                              1.393399   slack (MET)


Startpoint: _1056_ (rising edge-triggered flip-flop clocked by clk)
Endpoint: _1142_ (removal check against rising-edge clock clk)
Path Group: asynchronous
Path Type: min

Fanout         Cap        Slew       Delay        Time   Description
---------------------------------------------------------------------------------------------
                                  0.000000    0.000000   clock clk (rise edge)
                                  0.000000    0.000000   clock source latency
   196    0.487655    0.000000    0.000000    0.000000 ^ clk (in)
                                                         clk (net)
                      0.015566    0.007783    0.007783 ^ _1056_/CLK (sky130_fd_sc_hd__dfrtp_2)
   194    0.819377    3.783620    2.941055    2.948838 ^ _1056_/Q (sky130_fd_sc_hd__dfrtp_2)
                                                         per_core[0].u_core.rst_n (net)
                      3.783668    0.011584    2.960422 ^ _1142_/RESET_B (sky130_fd_sc_hd__dfrtp_2)
                                              2.960422   data arrival time

                                  0.000000    0.000000   clock clk (rise edge)
                                  0.000000    0.000000   clock source latency
   196    0.487655    0.000000    0.000000    0.000000 ^ clk (in)
                                                         clk (net)
                      0.005533    0.002767    0.002767 ^ _1142_/CLK (sky130_fd_sc_hd__dfrtp_2)
                                  0.250000    0.252767   clock uncertainty
                                  0.000000    0.252767   clock reconvergence pessimism
                                  1.314257    1.567023   library removal time
                                              1.567023   data required time
---------------------------------------------------------------------------------------------
                                              1.567023   data required time
                                             -2.960422   data arrival time
---------------------------------------------------------------------------------------------
                                              1.393399   slack (MET)


Startpoint: _1056_ (rising edge-triggered flip-flop clocked by clk)
Endpoint: _1154_ (removal check against rising-edge clock clk)
Path Group: asynchronous
Path Type: min

Fanout         Cap        Slew       Delay        Time   Description
---------------------------------------------------------------------------------------------
                                  0.000000    0.000000   clock clk (rise edge)
                                  0.000000    0.000000   clock source latency
   196    0.487655    0.000000    0.000000    0.000000 ^ clk (in)
                                                         clk (net)
                      0.015566    0.007783    0.007783 ^ _1056_/CLK (sky130_fd_sc_hd__dfrtp_2)
   194    0.819377    3.783620    2.941055    2.948838 ^ _1056_/Q (sky130_fd_sc_hd__dfrtp_2)
                                                         per_core[0].u_core.rst_n (net)
                      3.783679    0.012772    2.961610 ^ _1154_/RESET_B (sky130_fd_sc_hd__dfrtp_2)
                                              2.961610   data arrival time

                                  0.000000    0.000000   clock clk (rise edge)
                                  0.000000    0.000000   clock source latency
   196    0.487655    0.000000    0.000000    0.000000 ^ clk (in)
                                                         clk (net)
                      0.006211    0.003105    0.003105 ^ _1154_/CLK (sky130_fd_sc_hd__dfrtp_2)
                                  0.250000    0.253105   clock uncertainty
                                  0.000000    0.253105   clock reconvergence pessimism
                                  1.314411    1.567516   library removal time
                                              1.567516   data required time
---------------------------------------------------------------------------------------------
                                              1.567516   data required time
                                             -2.961610   data arrival time
---------------------------------------------------------------------------------------------
                                              1.394094   slack (MET)


Startpoint: _1056_ (rising edge-triggered flip-flop clocked by clk)
Endpoint: _1156_ (removal check against rising-edge clock clk)
Path Group: asynchronous
Path Type: min

Fanout         Cap        Slew       Delay        Time   Description
---------------------------------------------------------------------------------------------
                                  0.000000    0.000000   clock clk (rise edge)
                                  0.000000    0.000000   clock source latency
   196    0.487655    0.000000    0.000000    0.000000 ^ clk (in)
                                                         clk (net)
                      0.015566    0.007783    0.007783 ^ _1056_/CLK (sky130_fd_sc_hd__dfrtp_2)
   194    0.819377    3.783620    2.941055    2.948838 ^ _1056_/Q (sky130_fd_sc_hd__dfrtp_2)
                                                         per_core[0].u_core.rst_n (net)
                      3.783680    0.012883    2.961721 ^ _1156_/RESET_B (sky130_fd_sc_hd__dfrtp_2)
                                              2.961721   data arrival time

                                  0.000000    0.000000   clock clk (rise edge)
                                  0.000000    0.000000   clock source latency
   196    0.487655    0.000000    0.000000    0.000000 ^ clk (in)
                                                         clk (net)
                      0.006196    0.003098    0.003098 ^ _1156_/CLK (sky130_fd_sc_hd__dfrtp_2)
                                  0.250000    0.253098   clock uncertainty
                                  0.000000    0.253098   clock reconvergence pessimism
                                  1.314408    1.567506   library removal time
                                              1.567506   data required time
---------------------------------------------------------------------------------------------
                                              1.567506   data required time
                                             -2.961721   data arrival time
---------------------------------------------------------------------------------------------
                                              1.394214   slack (MET)


Startpoint: _1056_ (rising edge-triggered flip-flop clocked by clk)
Endpoint: _1155_ (removal check against rising-edge clock clk)
Path Group: asynchronous
Path Type: min

Fanout         Cap        Slew       Delay        Time   Description
---------------------------------------------------------------------------------------------
                                  0.000000    0.000000   clock clk (rise edge)
                                  0.000000    0.000000   clock source latency
   196    0.487655    0.000000    0.000000    0.000000 ^ clk (in)
                                                         clk (net)
                      0.015566    0.007783    0.007783 ^ _1056_/CLK (sky130_fd_sc_hd__dfrtp_2)
   194    0.819377    3.783620    2.941055    2.948838 ^ _1056_/Q (sky130_fd_sc_hd__dfrtp_2)
                                                         per_core[0].u_core.rst_n (net)
                      3.783680    0.012883    2.961721 ^ _1155_/RESET_B (sky130_fd_sc_hd__dfrtp_2)
                                              2.961721   data arrival time

                                  0.000000    0.000000   clock clk (rise edge)
                                  0.000000    0.000000   clock source latency
   196    0.487655    0.000000    0.000000    0.000000 ^ clk (in)
                                                         clk (net)
                      0.006186    0.003093    0.003093 ^ _1155_/CLK (sky130_fd_sc_hd__dfrtp_2)
                                  0.250000    0.253093   clock uncertainty
                                  0.000000    0.253093   clock reconvergence pessimism
                                  1.314406    1.567499   library removal time
                                              1.567499   data required time
---------------------------------------------------------------------------------------------
                                              1.567499   data required time
                                             -2.961721   data arrival time
---------------------------------------------------------------------------------------------
                                              1.394222   slack (MET)


Startpoint: _1056_ (rising edge-triggered flip-flop clocked by clk)
Endpoint: _1157_ (removal check against rising-edge clock clk)
Path Group: asynchronous
Path Type: min

Fanout         Cap        Slew       Delay        Time   Description
---------------------------------------------------------------------------------------------
                                  0.000000    0.000000   clock clk (rise edge)
                                  0.000000    0.000000   clock source latency
   196    0.487655    0.000000    0.000000    0.000000 ^ clk (in)
                                                         clk (net)
                      0.015566    0.007783    0.007783 ^ _1056_/CLK (sky130_fd_sc_hd__dfrtp_2)
   194    0.819377    3.783620    2.941055    2.948838 ^ _1056_/Q (sky130_fd_sc_hd__dfrtp_2)
                                                         per_core[0].u_core.rst_n (net)
                      3.783681    0.012951    2.961789 ^ _1157_/RESET_B (sky130_fd_sc_hd__dfrtp_2)
                                              2.961789   data arrival time

                                  0.000000    0.000000   clock clk (rise edge)
                                  0.000000    0.000000   clock source latency
   196    0.487655    0.000000    0.000000    0.000000 ^ clk (in)
                                                         clk (net)
                      0.006252    0.003126    0.003126 ^ _1157_/CLK (sky130_fd_sc_hd__dfrtp_2)
                                  0.250000    0.253126   clock uncertainty
                                  0.000000    0.253126   clock reconvergence pessimism
                                  1.314421    1.567547   library removal time
                                              1.567547   data required time
---------------------------------------------------------------------------------------------
                                              1.567547   data required time
                                             -2.961789   data arrival time
---------------------------------------------------------------------------------------------
                                              1.394242   slack (MET)


Startpoint: _1056_ (rising edge-triggered flip-flop clocked by clk)
Endpoint: _1158_ (removal check against rising-edge clock clk)
Path Group: asynchronous
Path Type: min

Fanout         Cap        Slew       Delay        Time   Description
---------------------------------------------------------------------------------------------
                                  0.000000    0.000000   clock clk (rise edge)
                                  0.000000    0.000000   clock source latency
   196    0.487655    0.000000    0.000000    0.000000 ^ clk (in)
                                                         clk (net)
                      0.015566    0.007783    0.007783 ^ _1056_/CLK (sky130_fd_sc_hd__dfrtp_2)
   194    0.819377    3.783620    2.941055    2.948838 ^ _1056_/Q (sky130_fd_sc_hd__dfrtp_2)
                                                         per_core[0].u_core.rst_n (net)
                      3.783681    0.012981    2.961819 ^ _1158_/RESET_B (sky130_fd_sc_hd__dfrtp_2)
                                              2.961819   data arrival time

                                  0.000000    0.000000   clock clk (rise edge)
                                  0.000000    0.000000   clock source latency
   196    0.487655    0.000000    0.000000    0.000000 ^ clk (in)
                                                         clk (net)
                      0.006277    0.003138    0.003138 ^ _1158_/CLK (sky130_fd_sc_hd__dfrtp_2)
                                  0.250000    0.253138   clock uncertainty
                                  0.000000    0.253138   clock reconvergence pessimism
                                  1.314427    1.567565   library removal time
                                              1.567565   data required time
---------------------------------------------------------------------------------------------
                                              1.567565   data required time
                                             -2.961819   data arrival time
---------------------------------------------------------------------------------------------
                                              1.394254   slack (MET)


Startpoint: _1056_ (rising edge-triggered flip-flop clocked by clk)
Endpoint: _1159_ (removal check against rising-edge clock clk)
Path Group: asynchronous
Path Type: min

Fanout         Cap        Slew       Delay        Time   Description
---------------------------------------------------------------------------------------------
                                  0.000000    0.000000   clock clk (rise edge)
                                  0.000000    0.000000   clock source latency
   196    0.487655    0.000000    0.000000    0.000000 ^ clk (in)
                                                         clk (net)
                      0.015566    0.007783    0.007783 ^ _1056_/CLK (sky130_fd_sc_hd__dfrtp_2)
   194    0.819377    3.783620    2.941055    2.948838 ^ _1056_/Q (sky130_fd_sc_hd__dfrtp_2)
                                                         per_core[0].u_core.rst_n (net)
                      3.783681    0.012995    2.961833 ^ _1159_/RESET_B (sky130_fd_sc_hd__dfrtp_2)
                                              2.961833   data arrival time

                                  0.000000    0.000000   clock clk (rise edge)
                                  0.000000    0.000000   clock source latency
   196    0.487655    0.000000    0.000000    0.000000 ^ clk (in)
                                                         clk (net)
                      0.006287    0.003144    0.003144 ^ _1159_/CLK (sky130_fd_sc_hd__dfrtp_2)
                                  0.250000    0.253144   clock uncertainty
                                  0.000000    0.253144   clock reconvergence pessimism
                                  1.314429    1.567572   library removal time
                                              1.567572   data required time
---------------------------------------------------------------------------------------------
                                              1.567572   data required time
                                             -2.961833   data arrival time
---------------------------------------------------------------------------------------------
                                              1.394260   slack (MET)


Startpoint: _1108_ (rising edge-triggered flip-flop clocked by clk)
Endpoint: led[3] (output port clocked by clk)
Path Group: clk
Path Type: min

Fanout         Cap        Slew       Delay        Time   Description
---------------------------------------------------------------------------------------------
                                  0.000000    0.000000   clock clk (rise edge)
                                  0.000000    0.000000   clock source latency
   196    0.487655    0.000000    0.000000    0.000000 ^ clk (in)
                                                         clk (net)
                      0.016935    0.008468    0.008468 ^ _1108_/CLK (sky130_fd_sc_hd__dfrtp_2)
     3    0.009020    0.064606    0.349256    0.357724 ^ _1108_/Q (sky130_fd_sc_hd__dfrtp_2)
                                                         u_gpio.led3_cnt_q[21] (net)
                      0.064606    0.000041    0.357764 ^ _0598_/A (sky130_fd_sc_hd__nor2_2)
    21    0.098469    0.222958    0.195355    0.553120 v _0598_/Y (sky130_fd_sc_hd__nor2_2)
                                                         _0199_ (net)
                      0.223014    0.002965    0.556084 v _0599_/A (sky130_fd_sc_hd__inv_2)
     1    0.004007    0.059788    0.096963    0.653047 ^ _0599_/Y (sky130_fd_sc_hd__inv_2)
                                                         u_gpio.led3_active (net)
                      0.059788    0.000041    0.653088 ^ _1204_/A (sky130_fd_sc_hd__buf_2)
     1    0.051582    0.251354    0.260593    0.913682 ^ _1204_/X (sky130_fd_sc_hd__buf_2)
                                                         led[3] (net)
                      0.251355    0.000512    0.914194 ^ led[3] (out)
                                              0.914194   data arrival time

                                  0.000000    0.000000   clock clk (rise edge)
                                  0.000000    0.000000   clock network delay (propagated)
                                  0.250000    0.250000   clock uncertainty
                                  0.000000    0.250000   clock reconvergence pessimism
                                 -1.000000   -0.750000   output external delay
                                             -0.750000   data required time
---------------------------------------------------------------------------------------------
                                             -0.750000   data required time
                                             -0.914194   data arrival time
---------------------------------------------------------------------------------------------
                                              1.664194   slack (MET)


Startpoint: _1130_ (rising edge-triggered flip-flop clocked by clk)
Endpoint: led[2] (output port clocked by clk)
Path Group: clk
Path Type: min

Fanout         Cap        Slew       Delay        Time   Description
---------------------------------------------------------------------------------------------
                                  0.000000    0.000000   clock clk (rise edge)
                                  0.000000    0.000000   clock source latency
   196    0.487655    0.000000    0.000000    0.000000 ^ clk (in)
                                                         clk (net)
                      0.008541    0.004271    0.004271 ^ _1130_/CLK (sky130_fd_sc_hd__dfrtp_2)
     3    0.012216    0.080294    0.360176    0.364447 ^ _1130_/Q (sky130_fd_sc_hd__dfrtp_2)
                                                         u_gpio.led2_cnt_q[21] (net)
                      0.080294    0.000018    0.364465 ^ _0613_/A (sky130_fd_sc_hd__nor2_2)
    21    0.108135    0.243568    0.217621    0.582086 v _0613_/Y (sky130_fd_sc_hd__nor2_2)
                                                         _0213_ (net)
                      0.243571    0.000737    0.582824 v _0614_/A (sky130_fd_sc_hd__inv_2)
     1    0.001888    0.052837    0.083394    0.666217 ^ _0614_/Y (sky130_fd_sc_hd__inv_2)
                                                         u_gpio.led2_active (net)
                      0.052837    0.000000    0.666218 ^ _1203_/A (sky130_fd_sc_hd__buf_2)
     1    0.051505    0.250974    0.257811    0.924029 ^ _1203_/X (sky130_fd_sc_hd__buf_2)
                                                         led[2] (net)
                      0.250975    0.000496    0.924525 ^ led[2] (out)
                                              0.924525   data arrival time

                                  0.000000    0.000000   clock clk (rise edge)
                                  0.000000    0.000000   clock network delay (propagated)
                                  0.250000    0.250000   clock uncertainty
                                  0.000000    0.250000   clock reconvergence pessimism
                                 -1.000000   -0.750000   output external delay
                                             -0.750000   data required time
---------------------------------------------------------------------------------------------
                                             -0.750000   data required time
                                             -0.924525   data arrival time
---------------------------------------------------------------------------------------------
                                              1.674525   slack (MET)


Startpoint: _1152_ (rising edge-triggered flip-flop clocked by clk)
Endpoint: led[1] (output port clocked by clk)
Path Group: clk
Path Type: min

Fanout         Cap        Slew       Delay        Time   Description
---------------------------------------------------------------------------------------------
                                  0.000000    0.000000   clock clk (rise edge)
                                  0.000000    0.000000   clock source latency
   196    0.487655    0.000000    0.000000    0.000000 ^ clk (in)
                                                         clk (net)
                      0.010347    0.005173    0.005173 ^ _1152_/CLK (sky130_fd_sc_hd__dfrtp_2)
     3    0.012278    0.080539    0.361061    0.366234 ^ _1152_/Q (sky130_fd_sc_hd__dfrtp_2)
                                                         u_gpio.led1_cnt_q[21] (net)
                      0.080539    0.000006    0.366240 ^ _0629_/A (sky130_fd_sc_hd__nor2_2)
    21    0.107823    0.242879    0.217251    0.583491 v _0629_/Y (sky130_fd_sc_hd__nor2_2)
                                                         _0228_ (net)
                      0.242881    0.000593    0.584084 v _0630_/A (sky130_fd_sc_hd__inv_2)
     1    0.001990    0.053329    0.084151    0.668234 ^ _0630_/Y (sky130_fd_sc_hd__inv_2)
                                                         u_gpio.led1_active (net)
                      0.053329    0.000002    0.668236 ^ _1202_/A (sky130_fd_sc_hd__buf_2)
     1    0.051378    0.250370    0.257601    0.925837 ^ _1202_/X (sky130_fd_sc_hd__buf_2)
                                                         led[1] (net)
                      0.250371    0.000468    0.926305 ^ led[1] (out)
                                              0.926305   data arrival time

                                  0.000000    0.000000   clock clk (rise edge)
                                  0.000000    0.000000   clock network delay (propagated)
                                  0.250000    0.250000   clock uncertainty
                                  0.000000    0.250000   clock reconvergence pessimism
                                 -1.000000   -0.750000   output external delay
                                             -0.750000   data required time
---------------------------------------------------------------------------------------------
                                             -0.750000   data required time
                                             -0.926305   data arrival time
---------------------------------------------------------------------------------------------
                                              1.676305   slack (MET)


Startpoint: _1174_ (rising edge-triggered flip-flop clocked by clk)
Endpoint: led[0] (output port clocked by clk)
Path Group: clk
Path Type: min

Fanout         Cap        Slew       Delay        Time   Description
---------------------------------------------------------------------------------------------
                                  0.000000    0.000000   clock clk (rise edge)
                                  0.000000    0.000000   clock source latency
   196    0.487655    0.000000    0.000000    0.000000 ^ clk (in)
                                                         clk (net)
                      0.011103    0.005552    0.005552 ^ _1174_/CLK (sky130_fd_sc_hd__dfrtp_2)
     3    0.012205    0.080218    0.361004    0.366556 ^ _1174_/Q (sky130_fd_sc_hd__dfrtp_2)
                                                         u_gpio.led0_cnt_q[21] (net)
                      0.080218    0.000021    0.366576 ^ _0644_/A (sky130_fd_sc_hd__nor2_2)
    21    0.108579    0.244401    0.218614    0.585191 v _0644_/Y (sky130_fd_sc_hd__nor2_2)
                                                         _0242_ (net)
                      0.244402    0.000434    0.585625 v _0645_/A (sky130_fd_sc_hd__inv_2)
     1    0.002063    0.053976    0.085086    0.670711 ^ _0645_/Y (sky130_fd_sc_hd__inv_2)
                                                         u_gpio.led0_active (net)
                      0.053976    0.000002    0.670713 ^ _1201_/A (sky130_fd_sc_hd__buf_2)
     1    0.051437    0.250649    0.258020    0.928733 ^ _1201_/X (sky130_fd_sc_hd__buf_2)
                                                         led[0] (net)
                      0.250650    0.000481    0.929214 ^ led[0] (out)
                                              0.929214   data arrival time

                                  0.000000    0.000000   clock clk (rise edge)
                                  0.000000    0.000000   clock network delay (propagated)
                                  0.250000    0.250000   clock uncertainty
                                  0.000000    0.250000   clock reconvergence pessimism
                                 -1.000000   -0.750000   output external delay
                                             -0.750000   data required time
---------------------------------------------------------------------------------------------
                                             -0.750000   data required time
                                             -0.929214   data arrival time
---------------------------------------------------------------------------------------------
                                              1.679214   slack (MET)


Startpoint: _1196_ (rising edge-triggered flip-flop clocked by clk)
Endpoint: led[4] (output port clocked by clk)
Path Group: clk
Path Type: min

Fanout         Cap        Slew       Delay        Time   Description
---------------------------------------------------------------------------------------------
                                  0.000000    0.000000   clock clk (rise edge)
                                  0.000000    0.000000   clock source latency
   196    0.487655    0.000000    0.000000    0.000000 ^ clk (in)
                                                         clk (net)
                      0.020406    0.010203    0.010203 ^ _1196_/CLK (sky130_fd_sc_hd__dfrtp_2)
     3    0.008518    0.062379    0.348288    0.358491 ^ _1196_/Q (sky130_fd_sc_hd__dfrtp_2)
                                                         u_gpio.led4_cnt_q[21] (net)
                      0.062379    0.000026    0.358517 ^ _0575_/A (sky130_fd_sc_hd__nor2_2)
    18    0.086831    0.197392    0.176989    0.535506 v _0575_/Y (sky130_fd_sc_hd__nor2_2)
                                                         _0177_ (net)
                      0.197394    0.000483    0.535988 v _0576_/A (sky130_fd_sc_hd__inv_2)
     4    0.015397    0.095042    0.144036    0.680025 ^ _0576_/Y (sky130_fd_sc_hd__inv_2)
                                                         u_gpio.led4_active (net)
                      0.095042    0.000104    0.680129 ^ _1205_/A (sky130_fd_sc_hd__buf_2)
     1    0.051834    0.252566    0.274211    0.954340 ^ _1205_/X (sky130_fd_sc_hd__buf_2)
                                                         led[4] (net)
                      0.252635    0.000588    0.954927 ^ led[4] (out)
                                              0.954927   data arrival time

                                  0.000000    0.000000   clock clk (rise edge)
                                  0.000000    0.000000   clock network delay (propagated)
                                  0.250000    0.250000   clock uncertainty
                                  0.000000    0.250000   clock reconvergence pessimism
                                 -1.000000   -0.750000   output external delay
                                             -0.750000   data required time
---------------------------------------------------------------------------------------------
                                             -0.750000   data required time
                                             -0.954927   data arrival time
---------------------------------------------------------------------------------------------
                                              1.704927   slack (MET)


Startpoint: _1056_ (rising edge-triggered flip-flop clocked by clk)
Endpoint: _1045_ (removal check against rising-edge clock clk)
Path Group: asynchronous
Path Type: min

Fanout         Cap        Slew       Delay        Time   Description
---------------------------------------------------------------------------------------------
                                  0.000000    0.000000   clock clk (rise edge)
                                  0.000000    0.000000   clock source latency
   196    0.487655    0.000000    0.000000    0.000000 ^ clk (in)
                                                         clk (net)
                      0.015566    0.007783    0.007783 ^ _1056_/CLK (sky130_fd_sc_hd__dfrtp_2)
   194    0.819377    3.783620    2.941055    2.948838 ^ _1056_/Q (sky130_fd_sc_hd__dfrtp_2)
                                                         per_core[0].u_core.rst_n (net)
                      3.783633    0.006034    2.954872 ^ _1045_/SET_B (sky130_fd_sc_hd__dfstp_2)
                                              2.954872   data arrival time

                                  0.000000    0.000000   clock clk (rise edge)
                                  0.000000    0.000000   clock source latency
   196    0.487655    0.000000    0.000000    0.000000 ^ clk (in)
                                                         clk (net)
                      0.019926    0.009963    0.009963 ^ _1045_/CLK (sky130_fd_sc_hd__dfstp_2)
                                  0.250000    0.259963   clock uncertainty
                                  0.000000    0.259963   clock reconvergence pessimism
                                  0.191819    0.451781   library removal time
                                              0.451781   data required time
---------------------------------------------------------------------------------------------
                                              0.451781   data required time
                                             -2.954872   data arrival time
---------------------------------------------------------------------------------------------
                                              2.503090   slack (MET)


Startpoint: _1056_ (rising edge-triggered flip-flop clocked by clk)
Endpoint: _1085_ (removal check against rising-edge clock clk)
Path Group: asynchronous
Path Type: min

Fanout         Cap        Slew       Delay        Time   Description
---------------------------------------------------------------------------------------------
                                  0.000000    0.000000   clock clk (rise edge)
                                  0.000000    0.000000   clock source latency
   196    0.487655    0.000000    0.000000    0.000000 ^ clk (in)
                                                         clk (net)
                      0.015566    0.007783    0.007783 ^ _1056_/CLK (sky130_fd_sc_hd__dfrtp_2)
   194    0.819377    3.783620    2.941055    2.948838 ^ _1056_/Q (sky130_fd_sc_hd__dfrtp_2)
                                                         per_core[0].u_core.rst_n (net)
                      3.783633    0.006104    2.954942 ^ _1085_/SET_B (sky130_fd_sc_hd__dfstp_2)
                                              2.954942   data arrival time

                                  0.000000    0.000000   clock clk (rise edge)
                                  0.000000    0.000000   clock source latency
   196    0.487655    0.000000    0.000000    0.000000 ^ clk (in)
                                                         clk (net)
                      0.016026    0.008013    0.008013 ^ _1085_/CLK (sky130_fd_sc_hd__dfstp_2)
                                  0.250000    0.258013   clock uncertainty
                                  0.000000    0.258013   clock reconvergence pessimism
                                  0.190797    0.448810   library removal time
                                              0.448810   data required time
---------------------------------------------------------------------------------------------
                                              0.448810   data required time
                                             -2.954942   data arrival time
---------------------------------------------------------------------------------------------
                                              2.506132   slack (MET)


Startpoint: _1056_ (rising edge-triggered flip-flop clocked by clk)
Endpoint: _1084_ (removal check against rising-edge clock clk)
Path Group: asynchronous
Path Type: min

Fanout         Cap        Slew       Delay        Time   Description
---------------------------------------------------------------------------------------------
                                  0.000000    0.000000   clock clk (rise edge)
                                  0.000000    0.000000   clock source latency
   196    0.487655    0.000000    0.000000    0.000000 ^ clk (in)
                                                         clk (net)
                      0.015566    0.007783    0.007783 ^ _1056_/CLK (sky130_fd_sc_hd__dfrtp_2)
   194    0.819377    3.783620    2.941055    2.948838 ^ _1056_/Q (sky130_fd_sc_hd__dfrtp_2)
                                                         per_core[0].u_core.rst_n (net)
                      3.783633    0.006110    2.954948 ^ _1084_/SET_B (sky130_fd_sc_hd__dfstp_2)
                                              2.954948   data arrival time

                                  0.000000    0.000000   clock clk (rise edge)
                                  0.000000    0.000000   clock source latency
   196    0.487655    0.000000    0.000000    0.000000 ^ clk (in)
                                                         clk (net)
                      0.015997    0.007999    0.007999 ^ _1084_/CLK (sky130_fd_sc_hd__dfstp_2)
                                  0.250000    0.257999   clock uncertainty
                                  0.000000    0.257999   clock reconvergence pessimism
                                  0.190789    0.448788   library removal time
                                              0.448788   data required time
---------------------------------------------------------------------------------------------
                                              0.448788   data required time
                                             -2.954948   data arrival time
---------------------------------------------------------------------------------------------
                                              2.506160   slack (MET)


Startpoint: _1056_ (rising edge-triggered flip-flop clocked by clk)
Endpoint: _1081_ (removal check against rising-edge clock clk)
Path Group: asynchronous
Path Type: min

Fanout         Cap        Slew       Delay        Time   Description
---------------------------------------------------------------------------------------------
                                  0.000000    0.000000   clock clk (rise edge)
                                  0.000000    0.000000   clock source latency
   196    0.487655    0.000000    0.000000    0.000000 ^ clk (in)
                                                         clk (net)
                      0.015566    0.007783    0.007783 ^ _1056_/CLK (sky130_fd_sc_hd__dfrtp_2)
   194    0.819377    3.783620    2.941055    2.948838 ^ _1056_/Q (sky130_fd_sc_hd__dfrtp_2)
                                                         per_core[0].u_core.rst_n (net)
                      3.783646    0.008568    2.957406 ^ _1081_/SET_B (sky130_fd_sc_hd__dfstp_2)
                                              2.957406   data arrival time

                                  0.000000    0.000000   clock clk (rise edge)
                                  0.000000    0.000000   clock source latency
   196    0.487655    0.000000    0.000000    0.000000 ^ clk (in)
                                                         clk (net)
                      0.015876    0.007938    0.007938 ^ _1081_/CLK (sky130_fd_sc_hd__dfstp_2)
                                  0.250000    0.257938   clock uncertainty
                                  0.000000    0.257938   clock reconvergence pessimism
                                  0.190757    0.448695   library removal time
                                              0.448695   data required time
---------------------------------------------------------------------------------------------
                                              0.448695   data required time
                                             -2.957406   data arrival time
---------------------------------------------------------------------------------------------
                                              2.508710   slack (MET)


Startpoint: _1056_ (rising edge-triggered flip-flop clocked by clk)
Endpoint: _1082_ (removal check against rising-edge clock clk)
Path Group: asynchronous
Path Type: min

Fanout         Cap        Slew       Delay        Time   Description
---------------------------------------------------------------------------------------------
                                  0.000000    0.000000   clock clk (rise edge)
                                  0.000000    0.000000   clock source latency
   196    0.487655    0.000000    0.000000    0.000000 ^ clk (in)
                                                         clk (net)
                      0.015566    0.007783    0.007783 ^ _1056_/CLK (sky130_fd_sc_hd__dfrtp_2)
   194    0.819377    3.783620    2.941055    2.948838 ^ _1056_/Q (sky130_fd_sc_hd__dfrtp_2)
                                                         per_core[0].u_core.rst_n (net)
                      3.783646    0.008537    2.957375 ^ _1082_/SET_B (sky130_fd_sc_hd__dfstp_2)
                                              2.957375   data arrival time

                                  0.000000    0.000000   clock clk (rise edge)
                                  0.000000    0.000000   clock source latency
   196    0.487655    0.000000    0.000000    0.000000 ^ clk (in)
                                                         clk (net)
                      0.015794    0.007897    0.007897 ^ _1082_/CLK (sky130_fd_sc_hd__dfstp_2)
                                  0.250000    0.257897   clock uncertainty
                                  0.000000    0.257897   clock reconvergence pessimism
                                  0.190736    0.448633   library removal time
                                              0.448633   data required time
---------------------------------------------------------------------------------------------
                                              0.448633   data required time
                                             -2.957375   data arrival time
---------------------------------------------------------------------------------------------
                                              2.508742   slack (MET)


Startpoint: _1056_ (rising edge-triggered flip-flop clocked by clk)
Endpoint: _1049_ (removal check against rising-edge clock clk)
Path Group: asynchronous
Path Type: min

Fanout         Cap        Slew       Delay        Time   Description
---------------------------------------------------------------------------------------------
                                  0.000000    0.000000   clock clk (rise edge)
                                  0.000000    0.000000   clock source latency
   196    0.487655    0.000000    0.000000    0.000000 ^ clk (in)
                                                         clk (net)
                      0.015566    0.007783    0.007783 ^ _1056_/CLK (sky130_fd_sc_hd__dfrtp_2)
   194    0.819377    3.783620    2.941055    2.948838 ^ _1056_/Q (sky130_fd_sc_hd__dfrtp_2)
                                                         per_core[0].u_core.rst_n (net)
                      3.783648    0.008918    2.957756 ^ _1049_/SET_B (sky130_fd_sc_hd__dfstp_2)
                                              2.957756   data arrival time

                                  0.000000    0.000000   clock clk (rise edge)
                                  0.000000    0.000000   clock source latency
   196    0.487655    0.000000    0.000000    0.000000 ^ clk (in)
                                                         clk (net)
                      0.012679    0.006339    0.006339 ^ _1049_/CLK (sky130_fd_sc_hd__dfstp_2)
                                  0.250000    0.256339   clock uncertainty
                                  0.000000    0.256339   clock reconvergence pessimism
                                  0.189920    0.446259   library removal time
                                              0.446259   data required time
---------------------------------------------------------------------------------------------
                                              0.446259   data required time
                                             -2.957756   data arrival time
---------------------------------------------------------------------------------------------
                                              2.511497   slack (MET)


Startpoint: _1056_ (rising edge-triggered flip-flop clocked by clk)
Endpoint: _1078_ (removal check against rising-edge clock clk)
Path Group: asynchronous
Path Type: min

Fanout         Cap        Slew       Delay        Time   Description
---------------------------------------------------------------------------------------------
                                  0.000000    0.000000   clock clk (rise edge)
                                  0.000000    0.000000   clock source latency
   196    0.487655    0.000000    0.000000    0.000000 ^ clk (in)
                                                         clk (net)
                      0.015566    0.007783    0.007783 ^ _1056_/CLK (sky130_fd_sc_hd__dfrtp_2)
   194    0.819377    3.783620    2.941055    2.948838 ^ _1056_/Q (sky130_fd_sc_hd__dfrtp_2)
                                                         per_core[0].u_core.rst_n (net)
                      3.783666    0.011348    2.960186 ^ _1078_/SET_B (sky130_fd_sc_hd__dfstp_2)
                                              2.960186   data arrival time

                                  0.000000    0.000000   clock clk (rise edge)
                                  0.000000    0.000000   clock source latency
   196    0.487655    0.000000    0.000000    0.000000 ^ clk (in)
                                                         clk (net)
                      0.015609    0.007805    0.007805 ^ _1078_/CLK (sky130_fd_sc_hd__dfstp_2)
                                  0.250000    0.257805   clock uncertainty
                                  0.000000    0.257805   clock reconvergence pessimism
                                  0.190688    0.448493   library removal time
                                              0.448493   data required time
---------------------------------------------------------------------------------------------
                                              0.448493   data required time
                                             -2.960186   data arrival time
---------------------------------------------------------------------------------------------
                                              2.511693   slack (MET)


Startpoint: _1056_ (rising edge-triggered flip-flop clocked by clk)
Endpoint: _1052_ (removal check against rising-edge clock clk)
Path Group: asynchronous
Path Type: min

Fanout         Cap        Slew       Delay        Time   Description
---------------------------------------------------------------------------------------------
                                  0.000000    0.000000   clock clk (rise edge)
                                  0.000000    0.000000   clock source latency
   196    0.487655    0.000000    0.000000    0.000000 ^ clk (in)
                                                         clk (net)
                      0.015566    0.007783    0.007783 ^ _1056_/CLK (sky130_fd_sc_hd__dfrtp_2)
   194    0.819377    3.783620    2.941055    2.948838 ^ _1056_/Q (sky130_fd_sc_hd__dfrtp_2)
                                                         per_core[0].u_core.rst_n (net)
                      3.783660    0.010539    2.959377 ^ _1052_/SET_B (sky130_fd_sc_hd__dfstp_2)
                                              2.959377   data arrival time

                                  0.000000    0.000000   clock clk (rise edge)
                                  0.000000    0.000000   clock source latency
   196    0.487655    0.000000    0.000000    0.000000 ^ clk (in)
                                                         clk (net)
                      0.010359    0.005180    0.005180 ^ _1052_/CLK (sky130_fd_sc_hd__dfstp_2)
                                  0.250000    0.255180   clock uncertainty
                                  0.000000    0.255180   clock reconvergence pessimism
                                  0.189312    0.444491   library removal time
                                              0.444491   data required time
---------------------------------------------------------------------------------------------
                                              0.444491   data required time
                                             -2.959377   data arrival time
---------------------------------------------------------------------------------------------
                                              2.514885   slack (MET)



