net,length_um
net907,1.24607mm
net835,1.065455mm
net951,1.029465mm
net915,966.525µm
net930,964.69µm
net860,927.15µm
net943,900.05µm
net1163,879.84µm
net998,855.935µm
net1120,845.86µm
net962,845.69µm
net961,827.06µm
clknet_2_3_0_clk,825.62µm
clk,814.43µm
net912,812.745µm
net1172,810.94µm
net900,810.88µm
net966,784.27µm
clknet_0_clk,764.44µm
net971,764.075µm
net933,762.185µm
system.shared_memory.pending_address\[1\],761.59µm
clknet_2_0_0_clk,761.12µm
clknet_2_2_0_clk,756.79µm
net934,749.815µm
net918,741.53µm
net717,740.52µm
net957,737.04µm
net840,730.86µm
net959,725.58µm
net830,715.89µm
net988,715.265µm
net1100,713.85µm
net1223,710.795µm
net976,705.385µm
net921,700.445µm
_07578_,699.82µm
clknet_2_1_0_clk,698.76µm
net842,697.725µm
net875,697.44µm
net834,693.13µm
net920,693.115µm
net993,692.52µm
net985,688.81µm
_05318_,688.79µm
net837,684.745µm
net852,683.21µm
net849,682.885µm
net828,682.72µm
net844,677.655µm
net905,677.625µm
net941,671.775µm
net894,667.72µm
net716,667.22µm
net1141,666.74µm
net990,666.475µm
net858,664.88µm
net935,664.63µm
_05287_,664.33µm
net1152,661.21µm
net956,661.185µm
net1119,659.72µm
net969,659.285µm
net949,657.76µm
net984,656.785µm
net954,656.635µm
_05289_,655.68µm
net967,655.485µm
net731,654.88µm
net857,652.84µm
net965,651.14µm
net974,647.16µm
net846,646.335µm
net1109,642.82µm
net903,642.225µm
net854,635.695µm
net980,635.31µm
net964,634.88µm
net925,633.15µm
net997,632.015µm
_07575_,631.155µm
net944,627.515µm
net989,621.07µm
net832,618.635µm
net922,615.85µm
net932,615.125µm
net986,614.855µm
net979,614.47µm
net805,614.32µm
net890,612.09µm
net1098,609.76µm
net1103,608.995µm
net1122,608.91µm
_05278_,608.65µm
system.shared_memory.pending_address\[2\],606.82µm
_05293_,605.76µm
net940,605.455µm
net927,605.24µm
net897,604.19µm
net861,602.15µm
net1118,594.89µm
system.shared_memory.pending_write_data\[22\],589.4µm
system.shared_memory.pending_write_data\[9\],588.74µm
net729,587.38µm
net839,587.2µm
net908,582.23µm
net1072,581.06µm
net977,580.02µm
_05294_,575.5µm
net1115,573.94µm
net1114,573.2µm
net953,573.14µm
net950,567.115µm
net960,566.16µm
net896,565.52µm
net853,564.845µm
net924,563.54µm
net981,563.51µm
net1113,562.8µm
net882,561.2µm
system.shared_memory.pending_write_data\[19\],559.6µm
_05283_,552.525µm
net847,550.875µm
system.shared_memory.pending_write_data\[17\],550.04µm
net836,549.34µm
net1097,549.04µm
_05282_,548.84µm
net1105,546.3µm
net1161,542.54µm
net1108,537.68µm
net1040,534.34µm
net916,532.99µm
_05324_,531.595µm
net901,531.1µm
net938,530.725µm
net926,528.03µm
net880,527.7µm
_05279_,527.085µm
net879,522.495µm
_05315_,521.48µm
system.shared_memory.pending_write_data\[25\],519.44µm
net1084,518.875µm
net1073,517.64µm
net1162,514.825µm
net1101,509.69µm
net1035,509.09µm
net1148,508.575µm
net982,508.53µm
net970,503.735µm
clknet_5_14__leaf_clk,501.45µm
net1066,501.09µm
net978,499.435µm
net1117,499.38µm
system.shared_memory.pending_write_data\[26\],499.195µm
net850,498.28µm
net1060,496.51µm
net1055,492.64µm
net942,492.595µm
net1160,492.18µm
net1107,491.18µm
net1089,490.27µm
_05284_,489.08µm
net1124,488.705µm
net786,488.63µm
net863,488.42µm
net873,488.4µm
net1079,488.08µm
net1096,487.92µm
net948,487.325µm
net1164,486.725µm
net898,484.115µm
net1063,484.09µm
net790,482.875µm
net1221,481.23µm
net1064,481.21µm
_05291_,479.7µm
net909,479.35µm
system.interconnect_unit.mem_read_data\[21\],479.34µm
net1009,477.68µm
net859,477.44µm
net1179,477.17µm
net1142,477.15µm
system.shared_memory.pending_write_data\[2\],477.09µm
net1029,475.47µm
_05286_,471.105µm
net910,470.6µm
net815,470.28µm
_05296_,469.6µm
net983,467.78µm
net1210,466.46µm
system.interconnect_unit.mem_read_data\[23\],466.315µm
net1017,465.6µm
_05344_,461.96µm
net1086,460.88µm
system.shared_memory.pending_write_data\[30\],460.28µm
clknet_5_7__leaf_clk,457.38µm
net1139,456.915µm
net919,456.84µm
system.shared_memory.pending_write_data\[4\],456.82µm
_07572_,456.58µm
net1220,455µm
net1026,454.62µm
net821,453.96µm
net746,453.42µm
net807,452.97µm
net1037,451.13µm
net785,450.26µm
net1121,450.18µm
net1074,448.96µm
net893,448.1µm
net819,446.48µm
net952,445.425µm
net748,445.23µm
net994,445.09µm
net1019,444.89µm
net975,444.23µm
clknet_5_3__leaf_clk,440.43µm
system.shared_memory.pending_write_data\[24\],439.41µm
net787,438.15µm
net1041,437.97µm
net1062,437.955µm
net1020,435.57µm
clknet_5_8__leaf_clk,434.14µm
net914,434.135µm
net878,432.38µm
net1039,432.38µm
net1080,432.02µm
clknet_5_6__leaf_clk,431.4µm
net1153,431.1µm
net1225,429.905µm
net1056,428.92µm
net906,428.145µm
net1095,426.58µm
net995,425.55µm
system.shared_memory.pending_write_data\[11\],424.92µm
net1067,424.52µm
net750,423.55µm
_03880_,423.45µm
net806,423.305µm
clknet_5_15__leaf_clk,419.3µm
net825,418.195µm
net841,418.14µm
net719,415.62µm
net931,415.52µm
system.shared_memory.pending_write_data\[10\],415.36µm
net1016,413.9µm
net1166,413.16µm
net1222,412.7µm
net881,412.46µm
net1128,412.14µm
clknet_5_13__leaf_clk,411.3µm
net1059,411.12µm
net1052,410.61µm
net804,410.285µm
net865,410.23µm
_05238_,409.83µm
_06032_,409.66µm
clknet_5_4__leaf_clk,409µm
net972,408.3µm
net947,408.095µm
net1031,407.47µm
net725,405.97µm
system.shared_memory.pending_write_data\[12\],405.95µm
_03822_,405.475µm
net831,405.34µm
_05236_,404.74µm
net996,403.48µm
net1045,401.42µm
net1022,401.26µm
core0.imm_gen.instruction\[20\],399.64µm
net1043,399.22µm
net810,399.14µm
net1133,398.77µm
net1068,398.63µm
net1007,398.57µm
system.interconnect_unit.mem_read_data\[18\],396.95µm
system.shared_memory.pending_write_data\[16\],396.64µm
net764,396.465µm
net1091,396.43µm
net1012,396.28µm
system.interconnect_unit.mem_read_data\[19\],395.38µm
clknet_5_2__leaf_clk,395.28µm
net929,395.195µm
_06723_,395.18µm
system.shared_memory.pending_write_data\[15\],395.14µm
net803,393.97µm
_07581_,393.76µm
net820,392.66µm
net1038,392.08µm
net1071,391.885µm
net1092,391.64µm
net1102,390.54µm
_07359_,390.18µm
net946,389.78µm
clknet_5_0__leaf_clk,389.5µm
net1013,387.635µm
clknet_5_9__leaf_clk,387.3µm
net936,386.405µm
net955,385.225µm
net1112,384.82µm
net992,383.855µm
net1010,382.87µm
net829,382.33µm
net1070,382.195µm
system.shared_memory.pending_write_data\[6\],381.58µm
clknet_5_5__leaf_clk,381.52µm
net1075,380.98µm
_04500_,380.79µm
net1077,379.96µm
net862,379.39µm
system.shared_memory.pending_address\[0\],378.67µm
net753,378.6µm
net822,378.02µm
net855,376.755µm
_03829_,376.33µm
_05297_,376.01µm
system.shared_memory.pending_write_data\[14\],375.82µm
clknet_5_29__leaf_clk,375.74µm
net904,375.56µm
net1048,375.54µm
net851,375.44µm
net778,374.58µm
net1047,372.78µm
net1061,372.34µm
net1094,371.7µm
clknet_5_11__leaf_clk,371.34µm
net756,368.865µm
net744,368.525µm
net1093,366.78µm
net902,366.35µm
net1076,366.28µm
net802,365µm
net723,364.86µm
net1030,364.255µm
net1014,363.755µm
core1.imm_gen.instruction\[22\],363.485µm
net913,363.055µm
net726,362.845µm
net1116,362.15µm
net1001,361.34µm
net1049,360.74µm
core1.imm_gen.instruction\[17\],359.42µm
net1126,359.31µm
_06075_,358.84µm
net1036,358.53µm
net1125,357.6µm
net848,357.595µm
_04490_,357.275µm
net899,356.645µm
net939,356.27µm
_06204_,355.2µm
net1111,354.22µm
net1032,354.13µm
_05316_,354.07µm
clknet_5_1__leaf_clk,353.54µm
net833,353.47µm
net1069,352.94µm
clknet_5_23__leaf_clk,351.69µm
net963,351.6µm
net884,351.325µm
system.interconnect_unit.mem_read_data\[15\],350.87µm
net1154,349.39µm
net1058,348.62µm
_03548_,348.24µm
net958,347.69µm
net777,347.64µm
net1027,347.22µm
system.shared_memory.pending_write_data\[3\],346.84µm
_06718_,346.685µm
net1137,346.3µm
net823,344.915µm
core0.imm_gen.instruction\[22\],343.8µm
net1004,343.555µm
_05337_,343.505µm
net809,342.42µm
net1090,342.04µm
net885,342.01µm
net937,341.585µm
_07354_,341.2µm
net869,340.29µm
clknet_5_25__leaf_clk,340.12µm
core1.imm_gen.instruction\[7\],339.8µm
system.shared_memory.pending_write_data\[1\],339.66µm
_06289_,339.54µm
net329,338.24µm
net711,337.5µm
reset,337.06µm
system.interconnect_unit.mem_read_data\[12\],334.35µm
net1130,334.26µm
net754,334.17µm
net1078,333.21µm
_06717_,333.16µm
clknet_5_22__leaf_clk,332.12µm
_03824_,330.84µm
net1104,328.32µm
net1123,328.21µm
net751,327.935µm
_07338_,327.04µm
net1134,326.98µm
net732,326.28µm
net973,326.065µm
net1021,325.05µm
net1159,324.85µm
net1044,324.14µm
_03818_,322.81µm
net784,322.07µm
system.interconnect_unit.mem_read_data\[13\],321.85µm
net843,321.515µm
net1169,321.135µm
net710,320.715µm
net765,320.7µm
system.shared_memory.pending_write_data\[8\],319.835µm
_07319_,319.26µm
net1051,318.54µm
_04823_,317.56µm
_05237_,317.4µm
net945,317.14µm
_03402_,317.06µm
net722,316.92µm
net1168,316.145µm
system.shared_memory.pending_write_data\[20\],315.9µm
_07375_,315.75µm
_03482_,315.37µm
net1003,315.18µm
core0.imm_gen.instruction\[23\],314.8µm
net800,314.06µm
_03821_,313.78µm
clknet_5_18__leaf_clk,313.32µm
_03414_,313.08µm
_03405_,311.39µm
net755,310.48µm
net1042,310.3µm
system.shared_memory.pending_address\[3\],310.18µm
_04826_,309.94µm
net968,309.79µm
_07452_,309.3µm
net1190,307.14µm
system.interconnect_unit.mem_read_data\[9\],307.12µm
_04884_,307µm
system.shared_memory.pending_write_data\[31\],306.98µm
net1088,306.93µm
_03950_,306.565µm
net826,306.22µm
_07278_,305.87µm
_07549_,305.79µm
net1050,305.235µm
system.shared_memory.pending_write_data\[7\],305.14µm
net1219,304.91µm
_05331_,303.61µm
core1.control.opcode\[5\],303.34µm
system.interconnect_unit.mem_read_data\[14\],303.09µm
net761,302.665µm
net714,302.32µm
_03103_,301.12µm
system.shared_memory.pending_write_data\[21\],300.86µm
_02976_,300.41µm
_03962_,299.81µm
net1184,299.24µm
clknet_5_16__leaf_clk,298.28µm
net1053,296.6µm
_04907_,295.96µm
net745,295.6µm
net1033,295.47µm
clknet_5_24__leaf_clk,294.88µm
_04488_,292.9µm
clknet_5_19__leaf_clk,292.86µm
net1131,292.79µm
net1015,292.435µm
_07110_,292.06µm
core0.control.opcode\[4\],291.485µm
net743,291.3µm
system.interconnect_unit.mem_read_data\[11\],290.52µm
net1028,288.84µm
_04457_,288.63µm
net1177,288.1µm
_07366_,287.66µm
clknet_5_12__leaf_clk,286.74µm
system.shared_memory.pending,286.58µm
_07272_,286.54µm
_02970_,285.84µm
core1.regs.registers\[4\]\[22\],284.86µm
net1167,284.585µm
_04496_,284.46µm
_07329_,283.92µm
net923,283.23µm
net1006,282.94µm
_02980_,282.92µm
_02981_,282.46µm
net1008,282.46µm
net728,281.98µm
net740,281.55µm
net1206,281.22µm
net1187,280.72µm
_03001_,280.17µm
_03423_,279.94µm
net1186,279.74µm
system.shared_memory.pending_write_data\[5\],279.56µm
net1170,279.275µm
net871,278.9µm
net801,278.77µm
net877,278.2µm
_06722_,278.19µm
_07131_,276.44µm
core1.regs.registers\[4\]\[25\],275.48µm
net867,275.44µm
_06895_,275.32µm
system.shared_memory.pending_address\[4\],275.06µm
core1.pc\[2\],274.885µm
core0.control.opcode\[5\],274.67µm
net845,274.6µm
_03475_,273.61µm
_07113_,273.6µm
_07384_,273.44µm
net827,273.02µm
system.shared_memory.pending_write_data\[18\],272.12µm
net883,271.56µm
net1165,271.44µm
system.interconnect_unit.mem_read_data\[3\],270.86µm
_04958_,269.04µm
_05043_,268.86µm
net1065,268.255µm
clknet_5_26__leaf_clk,267.44µm
system.interconnect_unit.mem_read_data\[28\],267.11µm
net1023,266.14µm
_02848_,265.04µm
_02886_,264.96µm
system.shared_memory.pending_address\[5\],264.84µm
net333,264.34µm
net1136,264.3µm
net1155,263.7µm
net991,263.045µm
_03828_,262.825µm
clknet_5_17__leaf_clk,262.78µm
net874,262.38µm
net814,262.16µm
_02868_,261.54µm
net866,261.1µm
net1216,261.1µm
_03064_,260.72µm
_06716_,258.8µm
_03416_,258.46µm
net1081,258.23µm
core1.regs.registers\[4\]\[29\],258.12µm
core1.regs.registers\[4\]\[28\],258.09µm
net838,257.83µm
net868,257.78µm
net713,256.98µm
_03942_,256.91µm
clknet_5_27__leaf_clk,256.7µm
net1158,256.65µm
net1188,256.24µm
_05153_,255.9µm
_04188_,255.64µm
net739,254.98µm
net735,254.975µm
net1183,254.34µm
net799,254.08µm
net892,253.915µm
_03418_,253.79µm
net747,253.62µm
net864,253.54µm
system.interconnect_unit.mem_read_data\[2\],253.52µm
net917,253.475µm
net738,253.315µm
net928,252.64µm
_03420_,252.54µm
net816,252.46µm
_03878_,252.135µm
_02895_,252.04µm
net1189,251.98µm
_06782_,251.81µm
net856,251.805µm
_03558_,250.135µm
net720,249.98µm
_03072_,249.4µm
net1185,249.2µm
net1054,249.18µm
_02982_,249.04µm
_02856_,248.62µm
net891,248.53µm
clknet_5_10__leaf_clk,248.38µm
net1127,248.34µm
system.uart_system.m_axi_awvalid,247.23µm
net895,247.2µm
net724,247.14µm
net1211,247.06µm
net1156,246.73µm
_07112_,246.28µm
_06729_,245.11µm
net888,244.675µm
_07387_,243.78µm
_04825_,242.72µm
core1.regs.registers\[4\]\[30\],242.46µm
net1182,242.38µm
core1.imm_gen.instruction\[9\],241.97µm
_02936_,241.62µm
core1.regs.registers\[4\]\[20\],241.62µm
net757,241.56µm
system.shared_memory.pending_write_data\[29\],241.24µm
net1083,240.88µm
_05141_,240.22µm
clknet_5_28__leaf_clk,239.93µm
_03478_,239.32µm
net818,239.18µm
net1143,238.84µm
_03083_,238.03µm
_03938_,237.595µm
_07305_,237.565µm
_07583_,237.54µm
core1.regs.registers\[4\]\[21\],236.98µm
_02894_,236.78µm
net733,236.64µm
_02994_,236.57µm
net1181,235.56µm
net1057,235.52µm
_03002_,235.26µm
_05495_,234.64µm
_03032_,234.56µm
_02990_,234.31µm
net330,234.3µm
_03003_,233.4µm
_03048_,233.28µm
_05132_,232.99µm
net783,232.78µm
_03407_,232.06µm
net1157,231.37µm
net1140,230.7µm
_03820_,230.655µm
_04969_,230.34µm
net1145,229.845µm
net734,229.56µm
net741,229.535µm
_02898_,229.48µm
net999,229.24µm
_02983_,228.88µm
_02995_,228.74µm
_02984_,228.66µm
core1.control.opcode\[2\],228.48µm
net767,228.31µm
net1024,228.28µm
core1.imm_gen.instruction\[21\],227.79µm
_03040_,227.72µm
net1176,227.6µm
_02992_,227.175µm
_03065_,226.94µm
_07417_,226.92µm
_04405_,226.445µm
core1.regs.registers\[4\]\[27\],226.44µm
system.shared_memory.pending_write_data\[0\],226.36µm
_03068_,226.26µm
_04439_,226.015µm
_05779_,225.4µm
_05161_,224.71µm
_05262_,224.32µm
_02906_,224.1µm
_04728_,224.01µm
system.interconnect_unit.mem_read_data\[10\],223.99µm
_03495_,223.62µm
_02891_,223.34µm
_02988_,223.22µm
net776,223.17µm
_02951_,223.16µm
_03014_,222.76µm
_02952_,222.45µm
_03043_,221.9µm
_04487_,221.61µm
_02999_,221.4µm
core1.regs.registers\[4\]\[6\],221.2µm
net712,221.14µm
_02957_,221.02µm
_05148_,220.97µm
_04499_,220.9µm
_03410_,220.4µm
_03879_,220.24µm
_04929_,220.19µm
_02958_,219.72µm
_03020_,219.72µm
_06939_,219.71µm
net749,219.58µm
_05218_,219.12µm
_07588_,219.04µm
net721,218.46µm
_03084_,218.42µm
_02927_,218.3µm
system.uart_system.m_axi_awready,217.8µm
_07313_,217.75µm
_07292_,217.655µm
_02950_,217.42µm
_02901_,217.22µm
_05281_,217.22µm
_07392_,217.13µm
_02887_,216.72µm
_04360_,216.405µm
_03066_,215.96µm
net911,215.655µm
net987,215.43µm
_02973_,215.17µm
_02949_,215.115µm
_03511_,215µm
core1.regs.registers\[4\]\[18\],214.68µm
_02860_,214.655µm
_02940_,214.52µm
_04345_,214.295µm
net808,214.01µm
_03082_,213.76µm
_02977_,213.54µm
_02941_,213.38µm
_04331_,213.285µm
_05182_,213.2µm
_06987_,213.08µm
_03825_,213.06µm
net811,213.03µm
net889,212.975µm
_02946_,212.96µm
_05280_,212.82µm
_04428_,212.475µm
_02989_,212.3µm
net1129,212.16µm
net758,211.79µm
_04918_,211.54µm
_03058_,211.38µm
_02863_,210.92µm
system.interconnect_unit.mem_read_data\[4\],210.65µm
clknet_5_21__leaf_clk,210.355µm
net752,210.3µm
_07011_,210.24µm
_03025_,210.06µm
_07201_,210.06µm
_02840_,209.93µm
_02903_,209.84µm
net1034,209.6µm
_03026_,209.08µm
_03041_,208.92µm
_04786_,208.65µm
_02969_,208.54µm
net796,208.44µm
_02929_,208.295µm
_07580_,207.94µm
_02926_,207.06µm
net1025,206.91µm
_02853_,206.9µm
_04317_,206.61µm
_03947_,206.18µm
_02987_,206.12µm
system.interconnect_unit.mem_read_data\[7\],205.6µm
_03042_,205.46µm
_03005_,204.98µm
_05259_,204.76µm
_06628_,204.69µm
net1151,204.475µm
net768,204.42µm
_02978_,204.36µm
net1106,204.25µm
_03035_,204.22µm
net870,203.82µm
_02975_,203.38µm
_02907_,203.37µm
net795,203.15µm
_03079_,203.12µm
_02921_,202.5µm
_02851_,202.14µm
net332,201.74µm
_03045_,201.48µm
net797,201.27µm
_03004_,201µm
_03071_,200.4µm
_05285_,200.04µm
net1110,200µm
clknet_5_30__leaf_clk,199.69µm
net727,199.28µm
_04736_,199.06µm
_07414_,198.92µm
_02878_,198.88µm
net779,198.86µm
_05233_,198.7µm
_04745_,198.52µm
net1224,198.31µm
_05325_,197.68µm
net760,197.48µm
net1191,197.06µm
_02849_,196.98µm
_03520_,196.96µm
_02873_,196.4µm
_07258_,196.21µm
_07286_,196.2µm
_03067_,196.12µm
_02879_,196.07µm
_02964_,195.9µm
_04892_,195.72µm
system.interconnect_unit.mem_read_data\[8\],195.58µm
_03056_,195.34µm
_03017_,195.1µm
_02859_,194.66µm
_07427_,194.46µm
_02850_,193.98µm
_03023_,193.81µm
_02922_,193.795µm
_02846_,193.52µm
_05434_,193.42µm
_02931_,193.38µm
_03006_,193.18µm
_05400_,193.08µm
_06724_,193.08µm
_03029_,193.06µm
_03104_,192.98µm
_04137_,192.82µm
_02924_,192.76µm
net331,192.6µm
net715,192.37µm
_04519_,192.3µm
net773,192.24µm
net1209,191.66µm
_02966_,191.38µm
_02965_,190.98µm
_03027_,190.82µm
core1.regs.registers\[4\]\[17\],190.78µm
system.interconnect_unit.mem_read_data\[26\],190.7µm
system.interconnect_unit.mem_read_data\[25\],190.58µm
_02979_,190.12µm
_02968_,190µm
_02944_,189.9µm
_03015_,189.9µm
net812,189.78µm
_07574_,189.54µm
_02997_,189.52µm
_04645_,189.51µm
_02939_,189.42µm
_06855_,188.88µm
_02917_,188.85µm
_02845_,188.84µm
net770,188.495µm
net1193,188.44µm
_04290_,188.41µm
_02972_,188.3µm
_03030_,187.78µm
net718,187.69µm
core1.regs.registers\[4\]\[3\],187.68µm
_04752_,187.62µm
_02993_,187.48µm
_06857_,187.41µm
net1135,187.38µm
_03009_,187.06µm
_02847_,187.04µm
_02923_,187.04µm
_07584_,186.86µm
_03075_,186.66µm
net781,186.62µm
_05263_,186.47µm
_05209_,186.38µm
_02844_,185.92µm
clknet_5_20__leaf_clk,185.92µm
_05224_,185.78µm
_02902_,185.66µm
_02852_,185.45µm
system.shared_memory.pending_write_data\[27\],184.98µm
_06759_,184.84µm
_03050_,184.76µm
system.uart_system.uart_slave.tx_busy,184.545µm
_07135_,184.38µm
_03034_,184.32µm
core0.pc\[2\],184.26µm
_02938_,184.24µm
_03060_,184.22µm
_07221_,183.74µm
_07585_,183.12µm
_04895_,182.8µm
_03016_,182.58µm
net1011,182.56µm
_02947_,182.375µm
system.interconnect_unit.mem_read_data\[22\],182.315µm
system.mailbox_unit.message\[31\],181.82µm
net872,181.82µm
_02842_,181.32µm
system.interconnect_unit.mem_read_data\[1\],181.06µm
_03000_,180.94µm
_03078_,180.88µm
_02948_,180.84µm
_03463_,180.84µm
_04501_,180.78µm
_03500_,180.56µm
_02913_,180.52µm
_02930_,180.52µm
_02839_,180.46µm
_02870_,180.42µm
_03074_,180.4µm
_05255_,180.36µm
_05902_,180.26µm
_02861_,179.96µm
_06371_,179.845µm
_04700_,179.82µm
_02933_,179.7µm
_04936_,179.53µm
_03055_,179.4µm
_02974_,179.38µm
_03070_,179.3µm
_03076_,178.9µm
_04203_,178.68µm
_07372_,178.39µm
_05693_,178.36µm
_02909_,178.02µm
_04075_,177.85µm
_02953_,177.7µm
_03028_,177.6µm
_04791_,177.4µm
_05338_,177.26µm
_05661_,177.14µm
_06731_,177.07µm
system.uart_system.uart_slave.uart_rx_unit.rx_sync,177.02µm
_06868_,176.54µm
_04467_,176.39µm
_02920_,176.38µm
_07130_,176.265µm
_07406_,176.14µm
_07009_,175.88µm
_05538_,175.74µm
_04805_,175.68µm
_07167_,175.46µm
_03046_,175.3µm
_06047_,175.28µm
net1149,175.28µm
_04165_,174.995µm
_03036_,174.7µm
_02991_,174.56µm
_02841_,174.52µm
_07203_,174.5µm
_03038_,174.4µm
_02881_,174.22µm
_02905_,174.15µm
_02925_,173.6µm
net1005,173.42µm
_05734_,173.325µm
_03465_,173.32µm
net1208,173.1µm
_04680_,172.96µm
_02867_,172.91µm
_03013_,172.82µm
_06421_,172.66µm
core0.control.opcode\[2\],172.52µm
_02911_,172.48µm
core1.regs.registers\[4\]\[24\],172.46µm
_03054_,172.44µm
system.uart_system.master_bridge.state\[0\],172.03µm
net775,171.78µm
net782,171.715µm
_07399_,171.68µm
_03007_,170.72µm
_03063_,170.54µm
_02956_,170.49µm
system.interconnect_unit.uart_read_data\[5\],170.41µm
net1099,170.4µm
net887,170.33µm
_07326_,170.24µm
_02862_,170.14µm
_02919_,170.14µm
net1082,170.12µm
_05608_,170.06µm
_02904_,169.98µm
core0.imm_gen.instruction\[15\],169.83µm
_05891_,169.8µm
_03073_,169.72µm
_07044_,169.54µm
core1.execute_phase,169.46µm
_07589_,169.38µm
core1.pc\[0\],169.26µm
_03069_,169.22µm
_05149_,169.22µm
_02889_,169.18µm
_02986_,168.96µm
core1.regs.registers\[4\]\[23\],168.78µm
system.uart_system.master_bridge.state\[1\],168.78µm
_02885_,168.68µm
_03240_,168.48µm
_03936_,168.275µm
_02937_,168.22µm
_04556_,168.21µm
_02942_,168.18µm
_07325_,168.16µm
core0.control.funct3\[1\],168.06µm
_07401_,168.04µm
_02890_,167.89µm
_07001_,167.84µm
_03815_,167.8µm
_07266_,167.66µm
_03544_,167.56µm
_02932_,167.495µm
_07281_,167.17µm
_03059_,167.1µm
_03047_,166.8µm
_02875_,166.58µm
_02960_,166.56µm
_06355_,166.54µm
_05139_,166.14µm
_02854_,165.98µm
_05205_,165.78µm
clknet_5_31__leaf_clk,165.76µm
_04513_,165.46µm
net1000,165.41µm
system.interconnect_unit.mem_read_data\[17\],165.355µm
net1217,165.34µm
_02955_,165.1µm
_07577_,165µm
_02857_,164.74µm
net824,164.705µm
_03241_,164.13µm
_02971_,164.095µm
_03080_,164.06µm
_03507_,163.975µm
_02880_,163.89µm
_06464_,163.88µm
net1178,163.8µm
_07361_,163.6µm
_07043_,163.5µm
system.interconnect_unit.mem_read_data\[27\],163.455µm
_02910_,163.04µm
_02959_,162.96µm
_02943_,162.68µm
_04108_,162.63µm
net789,162.4µm
_03933_,161.98µm
_05261_,161.74µm
_02985_,160.84µm
_02874_,160.4µm
_05155_,159.63µm
system.interconnect_unit.mem_read_data\[5\],159.37µm
_07586_,159.32µm
_03081_,159.27µm
_02883_,159.12µm
_02914_,158.92µm
_06161_,158.86µm
_04872_,158.79µm
_03604_,158.715µm
_05420_,158.66µm
_02897_,158.1µm
_07525_,158.02µm
_07241_,157.7µm
core1.pc\[1\],157.46µm
core1.regs.registers\[4\]\[1\],156.72µm
_06313_,156.68µm
_02915_,156.62µm
_07267_,156.52µm
_02935_,156.5µm
_03085_,156.28µm
_03062_,156.1µm
_07045_,155.98µm
_03816_,155.76µm
_03549_,155.53µm
_04662_,155.34µm
_05351_,155.22µm
net1132,155.07µm
_03814_,155.06µm
_07299_,154.98µm
_03010_,154.96µm
net742,154.86µm
_02928_,154.82µm
_03813_,154.54µm
_06715_,154.52µm
_06901_,154.42µm
_04779_,154.38µm
_03049_,154.12µm
_06575_,154.08µm
_07151_,154.08µm
_03882_,153.7µm
core1.regs.registers\[4\]\[26\],153.66µm
_03012_,153.5µm
_07185_,153.46µm
_02892_,153.335µm
_03008_,153.2µm
_05197_,153.03µm
_04942_,152.94µm
_04668_,152.9µm
_04581_,152.44µm
_03024_,152.36µm
_05252_,151.94µm
_03817_,151.8µm
_05618_,151.74µm
_06277_,151.72µm
_02967_,151.58µm
core0.imm_gen.instruction\[21\],151.29µm
_02876_,151.275µm
_07587_,150.76µm
_02855_,150.72µm
net886,150.36µm
_04838_,150.32µm
_02864_,150.21µm
_04638_,150.12µm
_03086_,149.94µm
system.shared_memory.pending_write_data\[13\],149.68µm
_04057_,149.425µm
system.interconnect_unit.uart_read_data\[3\],149.38µm
_02954_,149.28µm
_06148_,149.28µm
_06442_,149.16µm
_02961_,149.14µm
_05128_,149.09µm
_04611_,149.04µm
_06720_,148.82µm
_02858_,148.77µm
core1.regs.registers\[4\]\[9\],148.53µm
_02866_,148.44µm
net1180,148.34µm
core1.regs.registers\[4\]\[19\],148.18µm
_06778_,148.1µm
_04975_,148.04µm
_04903_,147.86µm
_07219_,147.76µm
_03506_,147.7µm
_07285_,147.44µm
_04632_,147.4µm
_02916_,147.16µm
_04507_,146.52µm
_03019_,146.46µm
_02877_,146.2µm
_07394_,146.01µm
_05478_,145.845µm
_03441_,145.78µm
_04414_,145.12µm
_03545_,144.975µm
_06732_,144.7µm
clknet_leaf_252_clk,144.66µm
system.interconnect_unit.mem_read_data\[16\],144.63µm
net1146,144.485µm
_06671_,143.84µm
_03051_,143.81µm
_07106_,143.6µm
_02908_,143.36µm
_04533_,143µm
_03021_,142.9µm
core0.regs.registers\[1\]\[26\],142.865µm
_03826_,142.86µm
_04842_,142.8µm
core1.regs.registers\[4\]\[14\],142.45µm
clknet_leaf_270_clk,142.34µm
_04639_,141.91µm
_03519_,141.78µm
_05144_,141.76µm
system.shared_memory.pending_write,141.7µm
_02872_,141.54µm
net1175,141.52µm
clknet_leaf_114_clk,141.04µm
_02900_,140.96µm
_06501_,140.84µm
_07301_,140.62µm
clknet_leaf_276_clk,140.54µm
_06839_,140.48µm
_03044_,140.46µm
_02934_,140.34µm
_03917_,140.24µm
_05650_,140.24µm
_02996_,140.08µm
clknet_leaf_331_clk,139.98µm
_04643_,139.94µm
_07312_,139.78µm
_02945_,139.74µm
_03515_,139.54µm
_05193_,139.26µm
_05243_,139.1µm
_02998_,138.92µm
_03039_,138.92µm
_04002_,138.77µm
_03985_,138.605µm
_05047_,138.6µm
_04303_,138.52µm
_05591_,138.02µm
_02893_,137.98µm
_06118_,137.92µm
_04691_,137.89µm
_02773_,137.845µm
_03524_,137.84µm
system.interconnect_unit.mem_read_data\[6\],137.82µm
_04033_,137.78µm
core1.regs.registers\[4\]\[10\],137.51µm
_02871_,137.45µm
_03011_,137.4µm
core1.regs.registers\[4\]\[4\],137.4µm
_05581_,137.06µm
_06837_,137.02µm
_02865_,136.94µm
_02843_,136.9µm
_07409_,136.67µm
_02584_,136.6µm
_05387_,136.52µm
system.interconnect_unit.mem_read_data\[24\],136.44µm
_03946_,136.28µm
_03408_,136.1µm
_05784_,136.1µm
_05200_,135.98µm
net766,135.9µm
net780,135.725µm
system.uart_system.m_axi_wvalid,135.51µm
core1.regs.registers\[4\]\[8\],135.4µm
_03547_,135.32µm
_06153_,134.68µm
clknet_leaf_128_clk,134.62µm
_04932_,134.44µm
net1173,134.32µm
system.interconnect_unit.uart_read_data\[0\],134.12µm
_06005_,133.9µm
_03928_,133.84µm
net792,133.74µm
_07370_,133.24µm
_02918_,133.14µm
net730,132.98µm
_03403_,132.94µm
net813,132.78µm
net1002,132.64µm
_06911_,132.6µm
_06288_,132.38µm
_02884_,131.88µm
_04995_,131.86µm
clknet_leaf_92_clk,131.78µm
_03486_,131.5µm
_05548_,131.38µm
_02869_,131.36µm
_04811_,131.36µm
_03927_,131.11µm
_06408_,131.1µm
_07357_,130.86µm
_06853_,130.62µm
_03442_,130.49µm
_03435_,130.38µm
_07421_,130.32µm
clknet_leaf_309_clk,130.18µm
_06507_,130.16µm
_03411_,130.14µm
_02882_,130.1µm
core0.regs.registers\[1\]\[29\],129.64µm
_03061_,129.54µm
_04774_,129.5µm
_05981_,129.34µm
_03447_,129.12µm
_02896_,129.1µm
_04569_,129.02µm
_06755_,128.705µm
_05405_,128.7µm
system.mailbox_unit.message\[23\],128.7µm
clknet_leaf_113_clk,128.6µm
_06414_,128.545µm
_05257_,128.28µm
clknet_leaf_54_clk,128.28µm
_04596_,128.12µm
_03022_,127.98µm
_06904_,127.84µm
_03576_,127.54µm
_05214_,127.35µm
net1218,127.18µm
clknet_leaf_162_clk,126.8µm
clknet_leaf_34_clk,126.48µm
core1.regs.registers\[4\]\[11\],126.3µm
net1087,126.2µm
_05246_,126.18µm
_07380_,126.1µm
_04653_,125.94µm
_06048_,125.66µm
core1.regs.registers\[4\]\[31\],125.66µm
_07331_,125.28µm
clknet_leaf_254_clk,125.2µm
clknet_leaf_5_clk,125.16µm
_07348_,125.14µm
_03575_,125.1µm
_06900_,124.945µm
system.interconnect_unit.mem_read_data\[29\],124.66µm
clknet_leaf_94_clk,124.52µm
_02899_,124.22µm
_03491_,124.12µm
core0.regs.registers\[1\]\[8\],123.92µm
_02545_,123.875µm
_04098_,123.84µm
clknet_leaf_64_clk,123.8µm
_05565_,123.58µm
_03053_,123.48µm
_03457_,123.47µm
_03057_,122.66µm
_04617_,122.58µm
_05832_,122.48µm
_03448_,122.38µm
clknet_leaf_190_clk,121.98µm
_06469_,121.92µm
core1.regs.registers\[4\]\[16\],121.4µm
_02912_,121.38µm
_05122_,121.3µm
core0.pc\[6\],121.2µm
_06890_,121.03µm
_07239_,121.02µm
_03774_,120.715µm
_05798_,120.52µm
_06824_,120.46µm
_03052_,120.355µm
_05817_,120.34µm
_06674_,120.28µm
_07183_,120.18µm
_03396_,120.04µm
_05789_,119.94µm
clknet_leaf_295_clk,119.9µm
_05275_,119.88µm
_07524_,119.82µm
clknet_leaf_96_clk,119.8µm
_03429_,119.28µm
_07199_,119.28µm
net1150,119.25µm
_05543_,119µm
_05566_,118.9µm
_07037_,118.42µm
clknet_leaf_118_clk,118.34µm
net1018,118.12µm
system.mailbox_unit.message\[26\],118.11µm
clknet_leaf_214_clk,117.84µm
clknet_leaf_56_clk,117.82µm
_04885_,117.78µm
_07548_,117.74µm
_03018_,117.6µm
_06080_,117.56µm
system.uart_system.m_axi_wready,117.33µm
_03413_,117.32µm
clknet_leaf_334_clk,117.3µm
clknet_leaf_108_clk,116.73µm
_03569_,116.625µm
clknet_leaf_95_clk,116.62µm
clknet_leaf_312_clk,116.42µm
net791,116.38µm
net1144,116.355µm
_03889_,116.26µm
_06171_,116.12µm
_03433_,116.02µm
_07264_,116µm
_03487_,115.9µm
clknet_leaf_6_clk,115.88µm
_04489_,115.8µm
_06128_,115.8µm
_04440_,115.4µm
net1147,115.34µm
_04043_,115.12µm
clknet_leaf_11_clk,115.08µm
_03460_,115µm
system.interconnect_unit.mem_read_data\[20\],114.78µm
_07477_,114.58µm
clknet_leaf_132_clk,114.58µm
net763,114.26µm
_05861_,114.16µm
_03430_,114.06µm
_05490_,114.03µm
clknet_leaf_115_clk,113.98µm
_04917_,113.53µm
_02963_,113.52µm
_06457_,113.52µm
core1.pc\[4\],113.44µm
system.mailbox_unit.message\[21\],113.32µm
clknet_leaf_326_clk,113.32µm
_03421_,113.3µm
_06228_,113.3µm
_03872_,113.24µm
core1.regs.registers\[4\]\[2\],113.22µm
_03077_,113.14µm
system.uart_system.m_axi_bvalid,113.1µm
system.mailbox_unit.message\[22\],113.06µm
_03504_,113.04µm
_07271_,112.905µm
clknet_leaf_43_clk,112.72µm
_03922_,112.515µm
_04276_,112.4µm
_05596_,112.36µm
_05746_,112.32µm
system.mailbox_unit.message\[17\],112.21µm
_06184_,112.18µm
clknet_leaf_73_clk,112.01µm
_06560_,112µm
_05976_,111.78µm
clknet_leaf_78_clk,111.74µm
_05292_,111.7µm
clknet_leaf_19_clk,111.62µm
_06308_,111.595µm
_05477_,111.56µm
_06559_,111.56µm
_03087_,111.44µm
clknet_leaf_271_clk,111.4µm
_04495_,111.33µm
_07356_,111.24µm
_05818_,111.2µm
clknet_leaf_269_clk,111.14µm
core0.regs.registers\[1\]\[28\],111.07µm
core0.regs.registers\[1\]\[7\],110.84µm
_05452_,110.755µm
clknet_leaf_277_clk,110.66µm
clknet_leaf_121_clk,110.62µm
clknet_leaf_154_clk,110.57µm
clknet_leaf_109_clk,110.52µm
_07000_,110.47µm
_03468_,110.37µm
_07379_,110.14µm
_07340_,110.06µm
clknet_leaf_40_clk,110.055µm
_07229_,110.02µm
clknet_leaf_41_clk,109.965µm
clknet_leaf_75_clk,109.88µm
_06459_,109.48µm
_03945_,109.42µm
_05903_,109.38µm
_05858_,109.34µm
_03471_,109.06µm
_06502_,108.98µm
clknet_leaf_165_clk,108.98µm
_06616_,108.96µm
_05782_,108.7µm
_05394_,108.62µm
core0.regs.registers\[1\]\[10\],108.61µm
clknet_leaf_287_clk,108.58µm
_03603_,108.44µm
system.mailbox_unit.message\[0\],108.375µm
clknet_leaf_88_clk,108.3µm
_04948_,108.28µm
_05718_,108.28µm
core0.regs.registers\[1\]\[9\],108µm
clknet_leaf_268_clk,107.915µm
_06517_,107.78µm
_04257_,107.42µm
_05266_,107.36µm
clknet_leaf_99_clk,107.26µm
clknet_leaf_291_clk,107.255µm
_03037_,107.24µm
_06245_,107.08µm
_05123_,106.98µm
_06727_,106.86µm
_04855_,106.84µm
system.uart_system.uart_slave.tx_data\[3\],106.79µm
clknet_leaf_284_clk,106.64µm
_03901_,106.62µm
core1.control.funct3\[1\],106.59µm
clknet_leaf_255_clk,106.48µm
system.mailbox_unit.message\[9\],106.4µm
_06542_,106.32µm
clknet_leaf_212_clk,106.26µm
_03404_,105.96µm
clknet_leaf_144_clk,105.86µm
_04992_,105.845µm
net759,105.66µm
_05847_,105.54µm
_03440_,105.5µm
_05117_,105.38µm
core1.pc\[3\],105.3µm
_03551_,105.18µm
_06629_,105.16µm
system.uart_system.uart_slave.tx_data\[5\],105.085µm
clknet_leaf_283_clk,104.88µm
_04589_,104.86µm
_05685_,104.86µm
_05989_,104.74µm
_07424_,104.72µm
clknet_leaf_205_clk,104.6µm
_07302_,104.48µm
_03454_,104.4µm
_05102_,104.32µm
_07371_,104.28µm
core0.regs.registers\[1\]\[16\],104.22µm
_04772_,104.2µm
clknet_leaf_65_clk,104.18µm
core0.pc\[3\],104.085µm
_07376_,104.01µm
clknet_leaf_2_clk,103.9µm
_05100_,103.88µm
_06447_,103.76µm
clknet_leaf_52_clk,103.7µm
clknet_leaf_57_clk,103.7µm
_07317_,103.68µm
_03459_,103.6µm
_07390_,103.57µm
clknet_leaf_32_clk,103.34µm
clknet_leaf_244_clk,103.34µm
clknet_leaf_226_clk,103.12µm
_04993_,103.06µm
_06763_,103.06µm
_04641_,102.9µm
clknet_leaf_4_clk,102.84µm
_07423_,102.76µm
_04252_,102.7µm
_03492_,102.68µm
_04267_,102.6µm
clknet_leaf_24_clk,102.6µm
_02888_,102.56µm
_06780_,102.54µm
_03436_,102.435µm
_04494_,102.3µm
system.uart_system.uart_slave.tx_data\[4\],102.145µm
_03532_,102.1µm
_04937_,101.9µm
_06304_,101.88µm
clknet_leaf_77_clk,101.64µm
clknet_leaf_317_clk,101.56µm
_06626_,101.54µm
_06177_,101.44µm
_05825_,101.41µm
_06905_,101.28µm
_03553_,101.22µm
core0.regs.registers\[1\]\[30\],101.12µm
clknet_leaf_227_clk,100.78µm
_04824_,100.76µm
clknet_leaf_203_clk,100.56µm
_05225_,100.54µm
clknet_leaf_8_clk,100.54µm
_04702_,100.48µm
_06811_,100.46µm
clknet_leaf_301_clk,100.28µm
_04706_,100.18µm
_04773_,100.14µm
_06291_,100.04µm
_04185_,99.98µm
_07107_,99.695µm
clknet_leaf_116_clk,99.64µm
clknet_leaf_305_clk,99.58µm
_04139_,99.46µm
clknet_leaf_320_clk,99.44µm
clknet_leaf_131_clk,99.04µm
clknet_leaf_187_clk,99.04µm
core1.pc\[25\],99.02µm
_06876_,98.85µm
_06413_,98.76µm
clknet_leaf_85_clk,98.755µm
_03501_,98.64µm
_07075_,98.54µm
clknet_leaf_62_clk,98.34µm
clknet_leaf_218_clk,98.28µm
_04864_,98.2µm
_03031_,98.15µm
_05945_,98.12µm
_06806_,98µm
_05749_,97.98µm
_07247_,97.94µm
net762,97.82µm
_05520_,97.76µm
clknet_leaf_93_clk,97.74µm
clknet_leaf_104_clk,97.66µm
_07291_,97.62µm
_06499_,97.54µm
clknet_leaf_50_clk,97.48µm
clknet_leaf_209_clk,97.23µm
_03530_,97.22µm
_07349_,97.215µm
clknet_leaf_164_clk,97.14µm
clknet_leaf_126_clk,97.12µm
_04545_,97.02µm
clknet_leaf_36_clk,96.84µm
system.mailbox_unit.message\[18\],96.76µm
_06415_,96.6µm
clknet_leaf_15_clk,96.52µm
system.mailbox_unit.message\[15\],96.5µm
_06984_,96.34µm
_04618_,96.26µm
_04810_,96.2µm
_02962_,96.12µm
system.uart_system.uart_slave.uart_rx_unit.bit_index\[2\],96.07µm
clknet_leaf_53_clk,96.06µm
clknet_leaf_279_clk,96.02µm
clknet_leaf_80_clk,95.795µm
core1.pc\[28\],95.64µm
clknet_leaf_245_clk,95.58µm
_06793_,95.54µm
_05126_,95.52µm
_07202_,95.5µm
_06537_,95.38µm
_03554_,95.26µm
core0.regs.registers\[1\]\[6\],95.24µm
core1.pc\[27\],95.2µm
clknet_leaf_83_clk,95.16µm
core0.pc\[27\],94.72µm
clknet_leaf_55_clk,94.72µm
clknet_leaf_280_clk,94.72µm
_06383_,94.68µm
_03445_,94.6µm
clknet_leaf_1_clk,94.58µm
_03529_,94.52µm
core0.imm_gen.instruction\[7\],94.52µm
_07332_,94.5µm
_06730_,94.48µm
clknet_leaf_297_clk,94.46µm
clknet_leaf_7_clk,94.42µm
clknet_leaf_324_clk,94.38µm
net328,94.22µm
clknet_leaf_16_clk,94µm
clknet_leaf_63_clk,93.98µm
_04399_,93.96µm
clknet_leaf_152_clk,93.58µm
_03895_,93.55µm
clknet_leaf_281_clk,93.52µm
_05042_,93.4µm
_06341_,93.4µm
clknet_leaf_71_clk,93.3µm
_06318_,93.24µm
_06996_,93.12µm
_03525_,93.1µm
_05521_,93.025µm
clknet_leaf_28_clk,92.9µm
_07298_,92.86µm
clknet_leaf_147_clk,92.82µm
_05367_,92.77µm
clknet_leaf_149_clk,92.76µm
_04733_,92.74µm
_03439_,92.38µm
core0.pc\[5\],92.33µm
clknet_leaf_155_clk,92.32µm
_04220_,92.265µm
_07240_,92.1µm
clknet_leaf_148_clk,91.82µm
system.uart_system.uart_slave.tx_data\[6\],91.685µm
clknet_leaf_206_clk,91.68µm
_07382_,91.67µm
_05605_,91.6µm
net771,91.56µm
clknet_leaf_173_clk,91.5µm
core1.imm_gen.instruction\[20\],91.44µm
_06741_,91.42µm
clknet_leaf_27_clk,91.4µm
clknet_leaf_292_clk,91.4µm
_06068_,91.32µm
_04726_,91.24µm
net817,91.18µm
clknet_leaf_221_clk,91.16µm
_06372_,91.04µm
_07388_,90.92µm
clknet_leaf_42_clk,90.9µm
clknet_leaf_45_clk,90.68µm
clknet_leaf_151_clk,90.54µm
clknet_leaf_120_clk,90.52µm
clknet_leaf_210_clk,90.14µm
system.interconnect_unit.mem_read_data\[30\],90.02µm
_05220_,90µm
_05159_,89.98µm
_04492_,89.88µm
_02467_,89.8µm
system.interconnect_unit.uart_lock,89.58µm
_03718_,89.32µm
clknet_leaf_306_clk,89.32µm
core1.pc\[19\],89.28µm
clknet_leaf_44_clk,89.26µm
_06251_,89.22µm
_06976_,89.21µm
_07287_,89.2µm
_07320_,88.92µm
clknet_leaf_257_clk,88.76µm
system.mailbox_unit.message\[29\],88.72µm
clknet_leaf_90_clk,88.72µm
_03481_,88.68µm
_03944_,88.62µm
clknet_leaf_25_clk,88.6µm
clknet_leaf_150_clk,88.56µm
clknet_leaf_122_clk,88.52µm
_05835_,88.5µm
_03953_,88.38µm
core1.pc\[9\],88.37µm
clknet_leaf_315_clk,88.27µm
net1192,88.26µm
_04983_,88.15µm
_05168_,88.08µm
_04160_,88.04µm
clknet_leaf_174_clk,88.02µm
clknet_leaf_256_clk,88.02µm
_05914_,87.96µm
_05244_,87.9µm
system.mailbox_unit.message\[27\],87.9µm
clknet_leaf_323_clk,87.86µm
clknet_leaf_124_clk,87.76µm
_06818_,87.66µm
clknet_leaf_219_clk,87.66µm
clknet_leaf_225_clk,87.6µm
_05198_,87.52µm
_03470_,87.48µm
clknet_leaf_30_clk,87.38µm
_03516_,87.375µm
_05239_,87.34µm
core1.regs.registers\[1\]\[25\],87.26µm
clknet_leaf_70_clk,87.26µm
_07274_,87µm
system.mailbox_unit.message\[19\],86.86µm
net736,86.58µm
clknet_leaf_101_clk,86.48µm
_03863_,86.41µm
_04138_,86.13µm
_03954_,86.1µm
_03426_,85.95µm
_05199_,85.94µm
clknet_leaf_215_clk,85.92µm
_06736_,85.88µm
_03242_,85.87µm
_06726_,85.86µm
clknet_leaf_310_clk,85.84µm
_05649_,85.72µm
clknet_leaf_29_clk,85.7µm
_03552_,85.64µm
_03539_,85.615µm
_03479_,85.61µm
clknet_leaf_87_clk,85.5µm
_06649_,85.34µm
clknet_leaf_61_clk,85.04µm
clknet_leaf_192_clk,85.02µm
_05563_,84.94µm
system.mailbox_unit.message\[20\],84.78µm
core0.pc\[4\],84.72µm
clknet_leaf_335_clk,84.72µm
_05820_,84.68µm
_07182_,84.66µm
system.mailbox_unit.message\[28\],84.66µm
core0.regs.registers\[1\]\[18\],84.6µm
system.mailbox_unit.message\[16\],84.6µm
_05918_,84.58µm
clknet_leaf_60_clk,84.3µm
clknet_leaf_201_clk,84.295µm
clknet_leaf_100_clk,84.22µm
_05919_,84.07µm
clknet_leaf_159_clk,83.985µm
_03510_,83.92µm
clknet_leaf_31_clk,83.72µm
clknet_leaf_285_clk,83.71µm
clknet_leaf_304_clk,83.66µm
_05956_,83.63µm
core0.pc\[1\],83.35µm
_05994_,83.32µm
clknet_leaf_328_clk,83.28µm
_06592_,83.24µm
_06090_,83.18µm
clknet_leaf_182_clk,83.12µm
clknet_leaf_289_clk,83µm
_03939_,82.99µm
_04198_,82.92µm
system.interconnect_unit.uart_ready,82.92µm
clknet_leaf_82_clk,82.74µm
_04727_,82.62µm
_03555_,82.54µm
system.mailbox_unit.message\[11\],82.54µm
_05008_,82.32µm
clknet_leaf_314_clk,82.32µm
core1.pc\[7\],82.265µm
system.uart_system.uart_slave.tx_data\[7\],82.205µm
clknet_leaf_158_clk,82.16µm
clknet_leaf_321_clk,82.12µm
_04570_,82µm
_05276_,81.98µm
_05558_,81.96µm
_04765_,81.9µm
_07030_,81.84µm
_03561_,81.82µm
clknet_leaf_184_clk,81.82µm
net798,81.8µm
_06170_,81.8µm
_06936_,81.74µm
clknet_leaf_303_clk,81.74µm
_04770_,81.73µm
_06881_,81.7µm
_07362_,81.66µm
clknet_leaf_12_clk,81.66µm
_04468_,81.64µm
_04502_,81.62µm
clknet_leaf_274_clk,81.58µm
clknet_leaf_103_clk,81.5µm
_04865_,81.46µm
core0.pc\[9\],81.455µm
clknet_leaf_338_clk,81.44µm
_05881_,81.42µm
clknet_leaf_76_clk,81.4µm
clknet_leaf_81_clk,81.4µm
clknet_leaf_110_clk,81.32µm
clknet_leaf_302_clk,81.24µm
core0.pc\[8\],81.22µm
clknet_leaf_112_clk,81.22µm
_05628_,81.2µm
_04990_,81.18µm
_04642_,81.08µm
_06587_,81.02µm
_04672_,80.98µm
core1.regs.registers\[4\]\[12\],80.845µm
clknet_leaf_72_clk,80.8µm
clknet_leaf_298_clk,80.78µm
_04631_,80.76µm
_07268_,80.72µm
clknet_leaf_125_clk,80.7µm
_04497_,80.52µm
clknet_leaf_97_clk,80.5µm
_06931_,80.46µm
system.mailbox_unit.message\[7\],80.36µm
core1.regs.registers\[4\]\[15\],80.26µm
net876,80.08µm
_07275_,80.05µm
_06511_,79.9µm
_05500_,79.84µm
_06390_,79.68µm
_05871_,79.56µm
clknet_leaf_47_clk,79.56µm
_04572_,79.46µm
_03278_,79.32µm
_06243_,79.3µm
core0.pc\[7\],79.29µm
clknet_leaf_86_clk,79.275µm
_06654_,79.22µm
_04573_,79.18µm
_06926_,79.16µm
_07373_,79.08µm
_06063_,79.06µm
net1207,79.04µm
_05860_,79µm
_03869_,78.88µm
_07184_,78.84µm
_04243_,78.82µm
clknet_leaf_313_clk,78.78µm
clknet_leaf_107_clk,78.72µm
clknet_leaf_138_clk,78.72µm
_06714_,78.7µm
_07261_,78.6µm
_05185_,78.58µm
clknet_leaf_67_clk,78.46µm
clknet_leaf_325_clk,78.46µm
_06929_,78.445µm
_06756_,78.34µm
core0.pc\[12\],78.185µm
system.uart_system.master_bridge.state\[3\],78.18µm
_07383_,78.12µm
_04871_,78.11µm
_07132_,78.08µm
clknet_leaf_262_clk,78.06µm
_04582_,78µm
_06922_,77.98µm
_03534_,77.895µm
_05946_,77.88µm
clknet_leaf_10_clk,77.88µm
_06867_,77.82µm
clknet_leaf_14_clk,77.82µm
_07386_,77.76µm
system.uart_system.uart_slave.uart_rx_unit.bit_index\[1\],77.74µm
_04853_,77.7µm
_05849_,77.7µm
clknet_leaf_26_clk,77.56µm
clknet_leaf_249_clk,77.54µm
clknet_leaf_299_clk,77.54µm
_06020_,77.36µm
core0.regs.registers\[1\]\[17\],77.36µm
_03912_,77.24µm
_05735_,77.24µm
clknet_leaf_329_clk,77.14µm
_03974_,77.085µm
clknet_leaf_327_clk,77.02µm
_03494_,77.01µm
_05844_,76.95µm
_05776_,76.82µm
net1138,76.78µm
_03106_,76.76µm
clknet_leaf_157_clk,76.76µm
_06989_,76.68µm
clknet_leaf_293_clk,76.68µm
clknet_leaf_21_clk,76.62µm
_06256_,76.6µm
_07288_,76.54µm
core0.pc\[20\],76.52µm
clknet_leaf_117_clk,76.44µm
_05038_,76.42µm
_05165_,76.3µm
_06025_,76.3µm
clknet_leaf_202_clk,76.2µm
clknet_leaf_102_clk,76.18µm
_03118_,76.08µm
_05302_,76.08µm
clknet_leaf_38_clk,76.08µm
_03538_,76.06µm
clknet_leaf_66_clk,76.02µm
_06494_,75.98µm
_04904_,75.9µm
_07178_,75.86µm
_04739_,75.84µm
_07327_,75.74µm
clknet_leaf_181_clk,75.72µm
_06963_,75.7µm
_07294_,75.66µm
_04413_,75.62µm
clknet_leaf_236_clk,75.5µm
_03537_,75.44µm
_05170_,75.28µm
_04686_,75.22µm
_05936_,75.16µm
_07381_,75.16µm
clknet_leaf_37_clk,75.16µm
core1.pc\[14\],75.12µm
_05104_,75.1µm
_03489_,75.08µm
_05395_,75.06µm
core1.regs.registers\[4\]\[0\],75.02µm
clknet_leaf_179_clk,74.92µm
_07402_,74.9µm
clknet_leaf_13_clk,74.71µm
_06834_,74.64µm
system.shared_memory.pending_write_strobe\[2\],74.64µm
_06565_,74.62µm
clknet_leaf_0_clk,74.52µm
clknet_leaf_129_clk,74.5µm
_06595_,74.34µm
clknet_leaf_105_clk,74.3µm
clknet_leaf_167_clk,74.22µm
clknet_leaf_9_clk,74.18µm
_04557_,74.14µm
clknet_leaf_286_clk,74.14µm
clknet_leaf_223_clk,74µm
_06008_,73.96µm
_07116_,73.88µm
core1.pc\[17\],73.86µm
_06282_,73.82µm
_06402_,73.82µm
_03663_,73.8µm
_04851_,73.8µm
_05721_,73.68µm
clknet_leaf_146_clk,73.68µm
_04914_,73.64µm
clknet_leaf_288_clk,73.58µm
_04622_,73.57µm
_07395_,73.36µm
_05574_,73.34µm
system.uart_system.uart_slave.uart_rx_unit.bit_index\[0\],73.28µm
system.mailbox_unit.message\[10\],73.18µm
_03528_,73.1µm
_03925_,73.06µm
_03239_,73.01µm
_03473_,72.98µm
_07398_,72.98µm
_04953_,72.96µm
clknet_leaf_180_clk,72.96µm
_03458_,72.95µm
_04448_,72.94µm
_07214_,72.82µm
system.shared_memory.pending_write_strobe\[0\],72.78µm
system.uart_system.m_axi_arvalid,72.73µm
_04852_,72.68µm
clknet_leaf_197_clk,72.68µm
_05240_,72.66µm
_07308_,72.6µm
_05180_,72.56µm
clknet_leaf_68_clk,72.56µm
_02465_,72.54µm
_06647_,72.48µm
core1.pc\[21\],72.4µm
clknet_leaf_207_clk,72.36µm
_03533_,72.34µm
clknet_leaf_319_clk,72.28µm
_04415_,72.25µm
system.mailbox_unit.message\[13\],72.18µm
_07418_,72.16µm
_04253_,71.96µm
clknet_leaf_22_clk,71.9µm
clknet_leaf_48_clk,71.82µm
clknet_leaf_163_clk,71.82µm
clknet_leaf_156_clk,71.7µm
_04520_,71.68µm
_04701_,71.6µm
_04364_,71.58µm
_04708_,71.5µm
_05217_,71.5µm
clknet_leaf_160_clk,71.5µm
clknet_leaf_316_clk,71.36µm
clknet_leaf_20_clk,71.34µm
_03434_,71.28µm
_05651_,71.28µm
_06787_,71.225µm
system.uart_system.uart_slave.tx_data\[2\],71.19µm
_03923_,71.12µm
_06233_,71.12µm
_05698_,71.08µm
_06634_,71.05µm
_04119_,70.96µm
core0.pc\[28\],70.9µm
core1.pc\[26\],70.9µm
_02792_,70.865µm
_02585_,70.845µm
_07328_,70.72µm
_07282_,70.68µm
_05984_,70.52µm
clknet_leaf_296_clk,70.52µm
clknet_leaf_98_clk,70.48µm
clknet_leaf_224_clk,70.44µm
_06322_,70.4µm
clknet_leaf_39_clk,70.32µm
_05105_,70.12µm
_05680_,70.08µm
net794,70.05µm
_05130_,69.84µm
_07166_,69.82µm
system.uart_system.master_bridge.state\[2\],69.82µm
_05048_,69.78µm
_05966_,69.78µm
system.uart_system.uart_slave.tx_data\[0\],69.78µm
_03602_,69.7µm
clknet_leaf_161_clk,69.68µm
_04796_,69.64µm
_07410_,69.62µm
_04147_,69.52µm
system.uart_system.uart_slave.uart_rx_unit.state\[0\],69.47µm
clknet_leaf_267_clk,69.44µm
_06993_,69.38µm
clknet_leaf_213_clk,69.34µm
clknet_leaf_166_clk,69.32µm
clknet_leaf_258_clk,69.28µm
_06693_,69.21µm
_06733_,69.12µm
_07295_,69.08µm
core1.pc\[15\],69.08µm
_06051_,69.06µm
_06105_,69.06µm
_04244_,68.98µm
_07353_,68.96µm
_05703_,68.94µm
core0.regs.registers\[1\]\[2\],68.94µm
_03892_,68.86µm
_05177_,68.86µm
core0.regs.registers\[1\]\[27\],68.56µm
clknet_leaf_69_clk,68.56µm
_05943_,68.52µm
_06734_,68.46µm
clknet_leaf_208_clk,68.38µm
_05553_,68.34µm
clknet_leaf_58_clk,68.34µm
core0.imm_gen.instruction\[8\],68.295µm
clknet_leaf_290_clk,68.26µm
_04866_,68.16µm
_03724_,68.14µm
_06688_,68.08µm
clknet_leaf_111_clk,68.08µm
clknet_leaf_336_clk,68.08µm
_05683_,68.02µm
_06752_,68.02µm
_07481_,67.96µm
_05613_,67.9µm
_06923_,67.86µm
clknet_leaf_91_clk,67.82µm
clknet_leaf_17_clk,67.74µm
clknet_leaf_307_clk,67.72µm
system.uart_system.master_bridge.state\[4\],67.68µm
clknet_leaf_18_clk,67.66µm
_04154_,67.56µm
clknet_leaf_130_clk,67.56µm
_06262_,67.5µm
_05253_,67.48µm
_05040_,67.4µm
_04321_,67.28µm
_04985_,67.2µm
core0.pc\[29\],67.18µm
clknet_leaf_318_clk,67.18µm
core0.regs.registers\[1\]\[15\],67.14µm
_04788_,67.12µm
clknet_leaf_51_clk,67.02µm
clknet_leaf_186_clk,66.98µm
_07324_,66.84µm
_06779_,66.8µm
core0.pc\[26\],66.66µm
system.uart_system.uart_slave.uart_tx_unit.bit_index\[0\],66.64µm
clknet_leaf_59_clk,66.6µm
_06952_,66.58µm
_07316_,66.58µm
net3786,66.55µm
_04014_,66.53µm
core1.pc\[12\],66.4µm
_07014_,66.2µm
system.uart_system.uart_slave.uart_tx_unit.state\[2\],66.11µm
core0.pc\[25\],65.98µm
_06863_,65.96µm
_07307_,65.88µm
_04795_,65.825µm
_06738_,65.68µm
_06832_,65.62µm
clknet_leaf_253_clk,65.6µm
core1.pc\[5\],65.58µm
_04651_,65.56µm
clknet_leaf_3_clk,65.48µm
_05738_,65.44µm
system.mailbox_unit.message\[8\],65.44µm
_06398_,65.425µm
_06758_,65.4µm
_05044_,65.36µm
_05232_,65.36µm
core1.pc\[29\],65.34µm
_06917_,65.31µm
_03518_,65.24µm
_05204_,65.24µm
_05584_,65.22µm
_04418_,65.12µm
core0.regs.registers\[1\]\[11\],65.12µm
_04970_,65.1µm
_06699_,65.04µm
clknet_leaf_330_clk,65.02µm
_03565_,64.96µm
clknet_leaf_322_clk,64.93µm
_04549_,64.9µm
_05816_,64.6µm
_07217_,64.6µm
_04258_,64.4µm
core1.control.opcode\[4\],64.4µm
_05666_,64.38µm
clknet_leaf_35_clk,64.32µm
_05523_,64.28µm
_05461_,64.18µm
_04694_,64.06µm
_06386_,64.02µm
system.uart_system.uart_slave.uart_rx_unit.state\[1\],64.015µm
_04716_,64µm
_05480_,64µm
_06846_,64µm
_04832_,63.98µm
_03564_,63.9µm
_04411_,63.9µm
_05777_,63.9µm
_05085_,63.84µm
_06344_,63.84µm
_04249_,63.76µm
_06804_,63.74µm
_06893_,63.7µm
_07034_,63.7µm
_07341_,63.68µm
core0.regs.registers\[1\]\[23\],63.68µm
_03474_,63.64µm
_05688_,63.64µm
_05692_,63.64µm
_04295_,63.56µm
clknet_leaf_123_clk,63.48µm
_06757_,63.42µm
_07358_,63.37µm
_04180_,63.34µm
clknet_leaf_200_clk,63.3µm
_05586_,63.24µm
_05933_,63.24µm
clknet_leaf_33_clk,63.24µm
clknet_leaf_145_clk,63.24µm
_06176_,63.22µm
core1.pc\[23\],63.18µm
_05751_,63.14µm
clknet_leaf_240_clk,63.08µm
_05362_,63µm
_07013_,63µm
_04735_,62.98µm
_04349_,62.92µm
clknet_leaf_278_clk,62.86µm
_05330_,62.8µm
system.uart_system.uart_slave.uart_rx_unit.state\[2\],62.765µm
core0.pc\[17\],62.72µm
core0.pc\[18\],62.71µm
net788,62.62µm
_04938_,62.5µm
clknet_leaf_140_clk,62.5µm
_06991_,62.36µm
clknet_leaf_196_clk,62.2µm
_05819_,62.06µm
_03775_,61.96µm
clknet_leaf_333_clk,61.94µm
clknet_leaf_265_clk,61.92µm
_03088_,61.905µm
_02476_,61.845µm
_06335_,61.84µm
_07212_,61.84µm
_04841_,61.66µm
_05179_,61.58µm
_06307_,61.54µm
clknet_leaf_308_clk,61.5µm
_06323_,61.46µm
clknet_leaf_169_clk,61.46µm
_04237_,61.44µm
clknet_leaf_185_clk,61.32µm
_06807_,61.28µm
_06476_,61.26µm
clknet_leaf_183_clk,61.17µm
system.mailbox_unit.message\[12\],61.16µm
core0.regs.registers\[1\]\[0\],61.14µm
_03453_,61.08µm
clknet_leaf_260_clk,61.04µm
_06971_,61µm
core0.regs.registers\[1\]\[31\],60.96µm
_06410_,60.86µm
core1.pc\[18\],60.76µm
_04093_,60.66µm
_04697_,60.66µm
_04888_,60.66µm
_05476_,60.66µm
_06370_,60.64µm
_05103_,60.62µm
_03343_,60.56µm
clknet_leaf_127_clk,60.38µm
_03800_,60.34µm
_06452_,60.34µm
_04994_,60.2µm
_07150_,60.16µm
_07181_,60.16µm
clknet_leaf_239_clk,60.04µm
_05762_,59.98µm
_06995_,59.96µm
_04525_,59.9µm
core1.pc\[8\],59.9µm
clknet_leaf_46_clk,59.9µm
net1174,59.78µm
_04095_,59.78µm
_06238_,59.78µm
_06138_,59.6µm
core1.pc\[22\],59.58µm
clknet_leaf_137_clk,59.48µm
core0.regs.registers\[1\]\[14\],59.36µm
clknet_leaf_119_clk,59.36µm
net3780,59.25µm
clknet_leaf_194_clk,59.24µm
_04350_,59.205µm
system.mailbox_unit.message\[25\],59.16µm
_06820_,58.98µm
clknet_leaf_74_clk,58.92µm
clknet_leaf_250_clk,58.9µm
_04840_,58.7µm
_05971_,58.64µm
_06073_,58.54µm
_05146_,58.52µm
_06100_,58.52µm
_03566_,58.4µm
_04910_,58.36µm
_06015_,58.36µm
_06445_,58.36µm
_07193_,58.34µm
_04714_,58.28µm
net793,58.22µm
core0.pc\[13\],58.02µm
clknet_leaf_177_clk,58µm
clknet_leaf_175_clk,57.98µm
clknet_leaf_143_clk,57.875µm
_03666_,57.86µm
clknet_leaf_246_clk,57.86µm
_06031_,57.84µm
_07186_,57.84µm
system.mailbox_unit.message\[5\],57.84µm
_05648_,57.8µm
clknet_leaf_136_clk,57.76µm
clknet_leaf_264_clk,57.74µm
_04506_,57.7µm
_05050_,57.68µm
_06662_,57.6µm
_06794_,57.44µm
core0.pc\[24\],57.42µm
net1823,57.41µm
_05732_,57.4µm
_04021_,57.38µm
_04789_,57.3µm
_06789_,57.3µm
_03505_,57.18µm
_04544_,57.1µm
clknet_leaf_220_clk,57.08µm
clknet_leaf_89_clk,57.06µm
_03244_,57.04µm
_06814_,57.02µm
clknet_leaf_211_clk,57.02µm
_03550_,57µm
_04793_,56.98µm
_03833_,56.9µm
_05096_,56.8µm
_03370_,56.79µm
clknet_leaf_241_clk,56.76µm
_05778_,56.74µm
clknet_leaf_272_clk,56.72µm
_04957_,56.7µm
clknet_leaf_79_clk,56.64µm
_06577_,56.58µm
_06030_,56.54µm
_04860_,56.5µm
_05072_,56.46µm
core0.regs.registers\[1\]\[22\],56.44µm
clknet_leaf_198_clk,56.42µm
_04094_,56.38µm
_05099_,56.38µm
_04597_,56.32µm
_06584_,56.24µm
_05186_,56.22µm
clknet_leaf_311_clk,56.22µm
clknet_leaf_275_clk,56.16µm
_06764_,56.12µm
net737,56.1µm
_07218_,56.04µm
_06885_,55.92µm
_07162_,55.76µm
clknet_leaf_217_clk,55.76µm
core0.execute_phase,55.66µm
_04381_,55.6µm
_06776_,55.54µm
_06849_,55.52µm
_03787_,55.49µm
_03686_,55.42µm
_03568_,55.36µm
_03931_,55.34µm
_04809_,55.295µm
_05576_,55.26µm
_03446_,55.205µm
_05948_,55.12µm
_06907_,55.1µm
_05876_,55.08µm
clknet_leaf_199_clk,55.06µm
_05039_,54.95µm
_05137_,54.95µm
_03509_,54.92µm
_04532_,54.92µm
_04807_,54.9µm
_06325_,54.9µm
core0.regs.registers\[1\]\[20\],54.68µm
_03930_,54.66µm
_04528_,54.62µm
clknet_leaf_178_clk,54.58µm
_07160_,54.54µm
_04419_,54.52µm
_06841_,54.52µm
_03875_,54.36µm
_05803_,54.34µm
clknet_leaf_142_clk,54.34µm
_05830_,54.28µm
_06426_,54.225µm
net3749,54.03µm
_05632_,53.92µm
core0.pc\[23\],53.875µm
_05898_,53.84µm
_06924_,53.76µm
_04210_,53.7µm
system.uart_system.uart_slave.tx_data\[1\],53.7µm
clknet_leaf_168_clk,53.7µm
_05023_,53.68µm
_05350_,53.68µm
_05352_,53.6µm
core0.pc\[22\],53.38µm
_05707_,53.34µm
core1.pc\[13\],53.34µm
_06058_,53.32µm
_06746_,53.24µm
core0.pc\[21\],53.18µm
_03160_,53.14µm
_05678_,53.1µm
_05019_,52.9µm
net1194,52.9µm
system.mailbox_unit.message\[14\],52.82µm
_03398_,52.74µm
_04251_,52.74µm
_03807_,52.7µm
core1.pc\[6\],52.44µm
system.interconnect_unit.mem_lock,52.44µm
_04713_,52.42µm
_06937_,52.38µm
_03940_,52.3µm
_04822_,52.22µm
net1343,52.21µm
_04388_,52.18µm
clknet_leaf_84_clk,52.16µm
_04292_,52.1µm
_06673_,52.1µm
_05097_,52.08µm
_04637_,51.9µm
system.uart_system.uart_slave.uart_tx_unit.bit_index\[1\],51.885µm
_05249_,51.86µm
_03090_,51.84µm
_06754_,51.82µm
_03425_,51.8µm
_04461_,51.74µm
_05054_,51.62µm
_04398_,51.58µm
_04873_,51.58µm
net1198,51.56µm
_06432_,51.505µm
_03218_,51.46µm
_04086_,51.34µm
core0.pc\[14\],51.095µm
_06817_,51.08µm
_05510_,51µm
system.mailbox_unit.message\[24\],50.88µm
_07111_,50.8µm
_07337_,50.76µm
_06910_,50.7µm
_06670_,50.645µm
_06202_,50.64µm
_03499_,50.61µm
net1261,50.51µm
_04827_,50.5µm
core0.pc\[10\],50.47µm
_04431_,50.34µm
core1.regs.registers\[4\]\[13\],50.26µm
_05260_,50.2µm
clknet_leaf_139_clk,50.16µm
_05264_,50.12µm
_03851_,50.095µm
_03432_,50.04µm
_07351_,50.04µm
_07137_,50.02µm
_04318_,49.96µm
_06821_,49.86µm
clknet_leaf_216_clk,49.82µm
_05457_,49.78µm
clknet_leaf_242_clk,49.78µm
_06792_,49.74µm
_06156_,49.72µm
_05863_,49.7µm
_05570_,49.64µm
net1215,49.605µm
_07189_,49.58µm
_06299_,49.54µm
_04615_,49.52µm
clknet_leaf_259_clk,49.5µm
_06601_,49.34µm
_04010_,49.28µm
_07200_,49.28µm
system.uart_system.uart_slave.uart_tx_unit.bg.count\[11\],49.24µm
_06484_,49.16µm
_04013_,49.12µm
_04815_,48.93µm
_03333_,48.9µm
_05533_,48.9µm
core1.pc\[20\],48.89µm
_04709_,48.82µm
_05129_,48.76µm
_05194_,48.76µm
system.uart_system.uart_slave.uart_rx_unit.bg.count\[0\],48.76µm
_04477_,48.74µm
_06798_,48.74µm
_05076_,48.72µm
_05074_,48.68µm
_03401_,48.56µm
_03514_,48.54µm
_07147_,48.53µm
core1.regs.registers\[5\]\[25\],48.52µm
_07153_,48.4µm
_07007_,48.34µm
_03427_,48.325µm
_05519_,48.32µm
core1.regs.registers\[4\]\[5\],48.32µm
_06130_,48.24µm
_07040_,48.2µm
_04078_,48.19µm
system.mailbox_unit.message\[1\],48.12µm
clknet_leaf_237_clk,48.12µm
_07265_,48.1µm
net3771,48.07µm
_06610_,48.06µm
_05853_,48.02µm
_03265_,47.97µm
_04409_,47.94µm
_03678_,47.88µm
_05181_,47.84µm
_05424_,47.78µm
_04605_,47.72µm
_04750_,47.62µm
_04778_,47.62µm
_04783_,47.61µm
_04521_,47.52µm
_05065_,47.52µm
_04312_,47.51µm
_06179_,47.44µm
clknet_leaf_300_clk,47.44µm
_06770_,47.42µm
system.uart_system.uart_slave.uart_rx_unit.bg.count\[9\],47.4µm
clknet_leaf_172_clk,47.32µm
system.shared_memory.memory\[55\]\[4\],47.26µm
_04293_,47.24µm
_04862_,47.18µm
_05046_,47.18µm
_04574_,47.16µm
_05896_,47.1µm
_04857_,46.98µm
_04737_,46.91µm
system.uart_system.m_axi_rdata\[2\],46.88µm
_05595_,46.86µm
clknet_leaf_195_clk,46.86µm
_05409_,46.84µm
_04821_,46.62µm
clknet_leaf_234_clk,46.56µm
_06615_,46.5µm
core0.regs.registers\[2\]\[23\],46.4µm
_05841_,46.36µm
_03881_,46.33µm
_06713_,46.32µm
_04527_,46.24µm
_04420_,46.1µm
_05020_,46.1µm
_06848_,46.1µm
_07270_,45.98µm
_03657_,45.96µm
core0.regs.registers\[1\]\[5\],45.96µm
_03464_,45.935µm
_07391_,45.92µm
_05970_,45.82µm
clknet_leaf_49_clk,45.8µm
_04782_,45.78µm
_05349_,45.76µm
_04724_,45.72µm
_05250_,45.72µm
_06310_,45.72µm
_05708_,45.68µm
system.mailbox_unit.message\[3\],45.52µm
_03450_,45.4µm
_06029_,45.34µm
system.uart_system.uart_slave.rx_valid,45.33µm
_03809_,45.3µm
clknet_leaf_106_clk,45.22µm
_07290_,45.16µm
_04087_,45.04µm
_04219_,45µm
clknet_leaf_222_clk,44.98µm
core0.regs.registers\[1\]\[19\],44.9µm
net3710,44.89µm
_05231_,44.86µm
_04747_,44.825µm
_03578_,44.76µm
_04947_,44.72µm
core1.regs.registers\[6\]\[14\],44.72µm
clknet_leaf_251_clk,44.72µm
net3718,44.705µm
_04407_,44.7µm
_06042_,44.68µm
_04239_,44.64µm
_06708_,44.62µm
_04695_,44.525µm
_04715_,44.46µm
_03597_,44.44µm
net1259,44.42µm
_04547_,44.36µm
_05061_,44.32µm
net1338,44.32µm
_03179_,44.31µm
_04762_,44.3µm
_06747_,44.24µm
_05069_,44.2µm
_07237_,44.2µm
_04097_,44.18µm
_05057_,44.14µm
_06796_,44.14µm
_04640_,44.12µm
_06287_,44.12µm
_04132_,44.1µm
_07165_,43.94µm
_06672_,43.92µm
core0.pc\[11\],43.92µm
_04020_,43.78µm
system.uart_system.uart_slave.uart_rx_unit.data_reg\[4\],43.76µm
_05230_,43.64µm
_07235_,43.55µm
clknet_leaf_153_clk,43.52µm
clknet_leaf_135_clk,43.46µm
_04928_,43.42µm
_04189_,43.38µm
_04721_,43.38µm
_06712_,43.325µm
_05905_,43.32µm
_06328_,43.32µm
_06920_,43.26µm
system.mailbox_unit.message\[30\],43.2µm
_04308_,43.18µm
clknet_leaf_332_clk,43.14µm
_07015_,43.12µm
_03733_,43.08µm
_04666_,43.02µm
_05012_,43µm
_06158_,43µm
core1.regs.registers\[3\]\[10\],43µm
_04619_,42.96µm
clknet_leaf_282_clk,42.92µm
_05728_,42.88µm
_04430_,42.82µm
core0.regs.registers\[1\]\[25\],42.82µm
_05090_,42.8µm
system.uart_system.uart_slave.uart_rx_unit.data_reg\[2\],42.8µm
_04504_,42.74µm
_03269_,42.6µm
_05675_,42.56µm
core1.pc\[24\],42.55µm
_03451_,42.46µm
_05669_,42.46µm
core0.regs.registers\[3\]\[26\],42.4µm
system.uart_system.uart_slave.uart_rx_unit.bg.count\[2\],42.24µm
_02478_,42.165µm
_04416_,42.1µm
_06988_,42.08µm
clknet_leaf_133_clk,42.08µm
_05357_,42.05µm
_05643_,41.98µm
system.uart_system.uart_slave.uart_rx_unit.bg.count\[5\],41.92µm
_04061_,41.82µm
_04112_,41.8µm
_06349_,41.78µm
_05143_,41.74µm
_04306_,41.72µm
_04800_,41.72µm
_05268_,41.72µm
_05791_,41.7µm
_05986_,41.7µm
_03142_,41.68µm
_04978_,41.66µm
clknet_leaf_193_clk,41.66µm
_05323_,41.62µm
_06735_,41.62µm
_06739_,41.58µm
_04034_,41.54µm
clknet_leaf_232_clk,41.54µm
core0.pc\[15\],41.52µm
clknet_leaf_247_clk,41.5µm
_03438_,41.48µm
net1197,41.48µm
_04473_,41.46µm
_04633_,41.32µm
_04296_,41.3µm
_07232_,41.28µm
_03114_,41.26µm
_04674_,41.26µm
_05601_,41.26µm
_05258_,41.24µm
system.uart_system.uart_slave.uart_rx_unit.bg.count\[6\],41.22µm
_03285_,41.16µm
_04169_,41.08µm
_06142_,41.06µm
_05364_,41.04µm
core0.regs.registers\[3\]\[23\],41.04µm
_05138_,41.02µm
_07425_,40.98µm
net3692,40.92µm
_04305_,40.88µm
_06266_,40.86µm
_04551_,40.84µm
_07159_,40.84µm
_07389_,40.84µm
clknet_leaf_229_clk,40.74µm
_03877_,40.7µm
_04319_,40.7µm
core1.regs.registers\[6\]\[9\],40.62µm
_05907_,40.6µm
_06611_,40.58µm
core0.regs.registers\[1\]\[24\],40.46µm
_04612_,40.44µm
system.uart_system.uart_slave.uart_rx_unit.bg.count\[12\],40.42µm
_05991_,40.34µm
_05135_,40.3µm
_05540_,40.3µm
_05671_,40.3µm
_03444_,40.22µm
_04863_,40.04µm
_04396_,40µm
_06531_,40µm
clknet_leaf_233_clk,40µm
_06479_,39.82µm
system.uart_system.uart_slave.uart_rx_unit.bg.count\[10\],39.82µm
_04876_,39.795µm
net1266,39.78µm
_03467_,39.74µm
system.uart_system.uart_slave.uart_rx_unit.bg.count\[13\],39.66µm
_04987_,39.62µm
_07140_,39.5µm
_04389_,39.44µm
_06961_,39.44µm
system.uart_system.uart_slave.uart_rx_unit.bg.count\[1\],39.43µm
_05133_,39.4µm
core1.regs.registers\[2\]\[9\],39.4µm
_03542_,39.36µm
_06166_,39.36µm
_06772_,39.26µm
_05234_,39.24µm
_05453_,39.22µm
_05272_,39.2µm
_04459_,39.185µm
_05515_,39.16µm
_03314_,39.12µm
clknet_leaf_238_clk,39.12µm
_04755_,39.08µm
_04361_,39.07µm
_04542_,39.04µm
clknet_leaf_204_clk,38.94µm
_06209_,38.925µm
_04858_,38.91µm
_04738_,38.9µm
_06483_,38.9µm
_05977_,38.86µm
_06213_,38.82µm
_04720_,38.54µm
_04830_,38.54µm
_04563_,38.46µm
_03669_,38.44µm
_05658_,38.36µm
_03906_,38.34µm
_07420_,38.34µm
_06854_,38.3µm
core1.regs.registers\[6\]\[25\],38.26µm
_04661_,38.24µm
core1.regs.registers\[5\]\[14\],38.22µm
core1.pc\[10\],38.2µm
_04007_,38.18µm
_05412_,38.16µm
_03498_,38.14µm
_06842_,38.02µm
_06365_,37.98µm
_04221_,37.86µm
_04443_,37.86µm
_06791_,37.72µm
net3688,37.68µm
_05722_,37.54µm
core1.regs.registers\[6\]\[18\],37.54µm
_04630_,37.525µm
_06215_,37.52µm
_05014_,37.42µm
_06702_,37.42µm
_03126_,37.36µm
_03143_,37.36µm
_06527_,37.36µm
system.uart_system.uart_slave.uart_rx_unit.bg.count\[11\],37.34µm
net1195,37.34µm
_05944_,37.325µm
_07254_,37.32µm
core0.regs.registers\[3\]\[31\],37.32µm
system.uart_system.uart_slave.uart_rx_unit.data_reg\[6\],37.26µm
system.shared_memory.memory\[8\]\[14\],37.24µm
_03958_,37.18µm
net1196,37.14µm
_02548_,37.105µm
_06345_,37.1µm
_03671_,37.08µm
_04673_,37.02µm
core0.pc\[16\],37.02µm
_04265_,36.98µm
_05336_,36.98µm
_04175_,36.84µm
_04044_,36.78µm
_06992_,36.78µm
_04731_,36.56µm
clknet_leaf_263_clk,36.56µm
_05800_,36.44µm
clknet_leaf_294_clk,36.44µm
_07188_,36.4µm
_04880_,36.34µm
_05311_,36.32µm
_07133_,36.3µm
_03836_,36.28µm
_06812_,36.28µm
_04908_,36.22µm
_06004_,36.2µm
net1270,36.18µm
_06969_,36.15µm
system.shared_memory.memory\[8\]\[9\],36.14µm
_04472_,36.1µm
_05398_,36.08µm
_06463_,36.02µm
system.uart_system.uart_slave.uart_rx_unit.bg.count\[3\],36.02µm
_03905_,35.94µm
_07139_,35.94µm
_05369_,35.92µm
system.uart_system.uart_slave.uart_rx_unit.data_reg\[1\],35.88µm
_04320_,35.86µm
_05380_,35.8µm
system.uart_system.uart_slave.uart_tx_unit.state\[1\],35.78µm
_06062_,35.72µm
_07164_,35.72µm
_07413_,35.7µm
system.shared_memory.pending_write_data\[28\],35.7µm
_06196_,35.64µm
_04077_,35.56µm
_06864_,35.52µm
_07276_,35.5µm
_04164_,35.48µm
_06586_,35.48µm
_06852_,35.44µm
_05590_,35.32µm
_04508_,35.3µm
_05300_,35.3µm
system.uart_system.uart_slave.uart_tx_unit.bg.count\[6\],35.28µm
_03839_,35.24µm
_04417_,35.24µm
_04804_,35.22µm
_07238_,35.22µm
_04839_,35.2µm
_03186_,35.18µm
_04363_,35.18µm
_06260_,35.16µm
_06823_,35.14µm
_03964_,35.12µm
_06897_,35.12µm
_06526_,35.04µm
_04973_,35.02µm
system.uart_system.uart_slave.rx_data\[4\],35.02µm
_06781_,34.92µm
_05256_,34.86µm
_04909_,34.83µm
_04204_,34.8µm
_05893_,34.8µm
_04710_,34.78µm
_07149_,34.78µm
_07322_,34.76µm
core1.pc\[16\],34.74µm
_07195_,34.72µm
_05924_,34.7µm
_06721_,34.7µm
core0.regs.registers\[1\]\[13\],34.7µm
_06694_,34.645µm
_06651_,34.64µm
_04961_,34.62µm
_05247_,34.62µm
_04065_,34.6µm
_04707_,34.6µm
_04965_,34.6µm
_05314_,34.6µm
_03963_,34.56µm
_07018_,34.56µm
core1.pc\[11\],34.56µm
_03536_,34.48µm
_05479_,34.46µm
_06865_,34.4µm
_06762_,34.38µm
_04379_,34.3µm
_03952_,34.28µm
_06740_,34.28µm
_03781_,34.26µm
_06077_,34.26µm
_04050_,34.18µm
system.uart_system.m_axi_arready,34.18µm
system.uart_system.uart_slave.uart_tx_unit.bg.count\[3\],34.18µm
_06761_,34.16µm
_05005_,34.14µm
core1.regs.registers\[3\]\[30\],34.06µm
_04725_,34.045µm
_06375_,34.04µm
_06999_,34µm
clknet_leaf_141_clk,33.98µm
_06783_,33.96µm
_06953_,33.96µm
_04535_,33.94µm
_06908_,33.94µm
_06827_,33.88µm
_06934_,33.84µm
_04246_,33.8µm
_05723_,33.78µm
uart_rx_line,33.73µm
_04982_,33.7µm
system.uart_system.uart_slave.uart_tx_unit.bg.count\[7\],33.68µm
system.uart_system.uart_slave.write_address\[3\],33.62µm
_04019_,33.59µm
_04814_,33.58µm
_04163_,33.54µm
_04422_,33.5µm
_05963_,33.5µm
_07102_,33.5µm
system.uart_system.uart_slave.rx_data\[0\],33.48µm
_04091_,33.46µm
_06943_,33.42µm
_04867_,33.38µm
_04141_,33.34µm
system.uart_system.uart_slave.rx_data\[5\],33.34µm
_06548_,33.32µm
_04626_,33.31µm
system.uart_system.uart_slave.uart_rx_unit.data_reg\[0\],33.3µm
core0.pc\[19\],33.28µm
_05187_,33.24µm
_04442_,33.22µm
_06644_,33.165µm
_04453_,33.12µm
_05221_,33.06µm
_06580_,32.98µm
_04518_,32.96µm
_05772_,32.92µm
uart_tx_line,32.89µm
_05109_,32.88µm
_06982_,32.86µm
_06585_,32.84µm
_03600_,32.82µm
_06947_,32.815µm
net1273,32.8µm
_04179_,32.76µm
_05348_,32.74µm
_03951_,32.72µm
_06441_,32.7µm
core1.regs.registers\[3\]\[28\],32.68µm
_06836_,32.65µm
_03357_,32.61µm
_05397_,32.58µm
system.uart_system.uart_slave.uart_rx_unit.data_reg\[7\],32.58µm
_03162_,32.56µm
_05512_,32.56µm
_06544_,32.54µm
_05125_,32.52µm
_04336_,32.5µm
_04870_,32.46µm
_06331_,32.42µm
_05229_,32.38µm
_05765_,32.32µm
_06301_,32.32µm
_03990_,32.26µm
_04784_,32.26µm
_04113_,32.24µm
_04447_,32.2µm
_04646_,32.14µm
_04307_,32.12µm
core0.regs.registers\[2\]\[26\],32.12µm
_03736_,32.08µm
_04624_,32.08µm
_05407_,32µm
_04829_,31.96µm
core0.regs.registers\[3\]\[8\],31.96µm
clknet_leaf_188_clk,31.96µm
clknet_leaf_230_clk,31.92µm
_04127_,31.88µm
_04847_,31.88µm
_04483_,31.86µm
_04004_,31.84µm
_04748_,31.82µm
_04893_,31.76µm
_03790_,31.7µm
net1085,31.7µm
_05184_,31.68µm
_04848_,31.66µm
_06232_,31.62µm
_05606_,31.54µm
_06203_,31.54µm
_06206_,31.54µm
_04003_,31.38µm
_04781_,31.38µm
_05393_,31.36µm
_04182_,31.32µm
system.uart_system.uart_slave.uart_tx_unit.state\[4\],31.26µm
_04333_,31.24µm
_06805_,31.24µm
core1.regs.registers\[5\]\[11\],31.24µm
_04234_,31.2µm
_03477_,31.1µm
_04972_,31.1µm
_05973_,31.08µm
_06567_,31.08µm
_05064_,31.02µm
system.shared_memory.memory\[26\]\[7\],31.005µm
_04183_,31µm
_04846_,30.98µm
_04575_,30.96µm
_04657_,30.96µm
clknet_leaf_228_clk,30.96µm
_00033_,30.94µm
_05029_,30.86µm
_04432_,30.8µm
system.uart_system.uart_slave.rx_data\[7\],30.8µm
_06745_,30.68µm
_04819_,30.62µm
_05872_,30.62µm
_04151_,30.6µm
_04480_,30.52µm
core1.regs.registers\[5\]\[22\],30.5µm
system.shared_memory.memory\[33\]\[2\],30.43µm
_04346_,30.42µm
_05391_,30.32µm
_04758_,30.3µm
_03730_,30.24µm
_03711_,30.22µm
_05439_,30.22µm
system.uart_system.m_axi_wdata\[7\],30.22µm
_03496_,30.18µm
_03146_,30.16µm
_04924_,30.16µm
_05340_,30.16µm
_06082_,30.16µm
_06223_,30.16µm
system.shared_memory.memory\[22\]\[27\],30.1µm
_04222_,30.08µm
_05295_,30.08µm
_03275_,30.06µm
_06557_,30.06µm
_07342_,29.98µm
core0.regs.registers\[3\]\[15\],29.95µm
core1.regs.registers\[6\]\[19\],29.94µm
_04466_,29.86µm
_06225_,29.86µm
core1.regs.registers\[6\]\[12\],29.86µm
_05251_,29.82µm
_07233_,29.76µm
_06638_,29.74µm
system.uart_system.uart_slave.uart_tx_unit.parity_reg,29.74µm
core1.regs.registers\[7\]\[22\],29.7µm
core1.regs.registers\[5\]\[12\],29.68µm
system.uart_system.uart_slave.uart_rx_unit.bg.count\[14\],29.68µm
_03201_,29.665µm
_05741_,29.66µm
_04452_,29.6µm
_07323_,29.57µm
_03366_,29.54µm
_05274_,29.54µm
_04831_,29.48µm
system.uart_system.uart_slave.uart_tx_unit.bg.count\[0\],29.45µm
_05003_,29.44µm
_05166_,29.42µm
_04753_,29.4µm
_05449_,29.36µm
_07234_,29.36µm
core1.regs.registers\[3\]\[21\],29.36µm
system.uart_system.uart_slave.address_received,29.34µm
_04539_,29.32µm
core0.regs.registers\[2\]\[17\],29.32µm
_04214_,29.3µm
_04628_,29.3µm
_04655_,29.29µm
core1.regs.registers\[3\]\[25\],29.28µm
core1.regs.registers\[6\]\[17\],29.28µm
core0.regs.registers\[3\]\[21\],29.26µm
_03297_,29.24µm
_06429_,29.24µm
_04202_,29.08µm
_04776_,29.04µm
_06512_,29µm
core1.regs.registers\[7\]\[14\],29µm
_03462_,28.96µm
_04263_,28.88µm
_05120_,28.88µm
_03784_,28.86µm
_05001_,28.86µm
_07378_,28.85µm
_03151_,28.84µm
_07031_,28.78µm
_03204_,28.74µm
_03795_,28.72µm
_04629_,28.68µm
system.uart_system.m_axi_rready,28.66µm
_04167_,28.62µm
_04450_,28.62µm
_06932_,28.62µm
net1202,28.61µm
_05172_,28.58µm
_03685_,28.52µm
_06705_,28.52µm
system.mailbox_unit.valid,28.48µm
_04899_,28.44µm
_07033_,28.4µm
core1.regs.registers\[6\]\[22\],28.36µm
_05537_,28.34µm
_06609_,28.34µm
_06690_,28.34µm
_06972_,28.32µm
_05852_,28.22µm
_03993_,28.2µm
_04155_,28.18µm
_06711_,28.14µm
net3917,28.12µm
_04801_,28.1µm
_05016_,28.1µm
_06856_,28.1µm
_03095_,28.06µm
system.uart_system.uart_slave.uart_tx_unit.bg.count\[4\],28.04µm
_03886_,28µm
core0.regs.registers\[1\]\[4\],28µm
_07022_,27.96µm
system.shared_memory.memory\[42\]\[0\],27.96µm
_05681_,27.94µm
_04763_,27.9µm
_07072_,27.88µm
core0.pc\[30\],27.88µm
_05730_,27.86µm
net1200,27.86µm
_04850_,27.82µm
core1.regs.registers\[3\]\[17\],27.82µm
_06388_,27.79µm
_05113_,27.78µm
system.uart_system.uart_slave.uart_rx_unit.data_reg\[5\],27.78µm
system.uart_system.uart_slave.uart_tx_unit.bg.count\[9\],27.76µm
clknet_leaf_266_clk,27.74µm
core1.pc\[30\],27.72µm
_04136_,27.66µm
_06949_,27.6µm
_05636_,27.52µm
_02464_,27.48µm
_06121_,27.46µm
_05754_,27.44µm
_06035_,27.44µm
_06532_,27.44µm
_05953_,27.42µm
_07006_,27.4µm
_03559_,27.38µm
_05978_,27.36µm
_06576_,27.36µm
net3781,27.32µm
_04048_,27.3µm
_04479_,27.3µm
_04843_,27.3µm
_05842_,27.3µm
_04620_,27.28µm
_06143_,27.22µm
_06116_,27.17µm
_06336_,27.16µm
_06261_,27.14µm
core0.regs.registers\[1\]\[21\],27.14µm
_06701_,27.1µm
_06899_,27.1µm
_06604_,27.06µm
_03469_,27.05µm
_05670_,27.02µm
_05760_,27.02µm
_06795_,27.02µm
_06981_,27.02µm
system.uart_system.uart_slave.uart_rx_unit.bg.count\[4\],27µm
_04954_,26.98µm
_04986_,26.98µm
_05938_,26.98µm
_06187_,26.96µm
_06680_,26.96µm
_05358_,26.92µm
system.uart_system.uart_slave.write_address\[1\],26.92µm
_06639_,26.88µm
_05850_,26.86µm
_06272_,26.86µm
_06563_,26.86µm
_06960_,26.78µm
_06942_,26.76µm
_04522_,26.75µm
_03664_,26.72µm
_04229_,26.64µm
_04798_,26.64µm
core1.regs.registers\[7\]\[4\],26.64µm
_03260_,26.6µm
_06368_,26.6µm
_04378_,26.58µm
core1.regs.registers\[2\]\[19\],26.58µm
_06129_,26.56µm
clknet_leaf_235_clk,26.56µm
_06808_,26.54µm
net3794,26.48µm
_06928_,26.46µm
_06994_,26.46µm
_04240_,26.44µm
_06296_,26.44µm
system.shared_memory.memory\[55\]\[22\],26.44µm
_04064_,26.42µm
_07173_,26.42µm
system.uart_system.m_axi_wdata\[0\],26.42µm
_03649_,26.4µm
core0.regs.registers\[2\]\[12\],26.34µm
_07315_,26.32µm
_05934_,26.3µm
system.shared_memory.memory\[22\]\[24\],26.3µm
_04384_,26.26µm
_03246_,26.2µm
_05402_,26.2µm
_04351_,26.14µm
_07049_,26.14µm
core1.regs.registers\[7\]\[10\],26.14µm
_06946_,26.12µm
_05541_,26.1µm
_05866_,26.1µm
core1.regs.registers\[5\]\[17\],26.1µm
_04732_,26.06µm
_03213_,26.04µm
_05273_,26.04µm
_06915_,26.02µm
system.mailbox_unit.message\[4\],26µm
_04659_,25.98µm
_05228_,25.9µm
_04110_,25.86µm
_04262_,25.86µm
_05807_,25.86µm
_03331_,25.84µm
core1.regs.registers\[3\]\[14\],25.84µm
_04685_,25.82µm
_06279_,25.82µm
_05270_,25.8µm
_05406_,25.8µm
system.shared_memory.memory\[29\]\[8\],25.8µm
_06294_,25.76µm
_06909_,25.76µm
system.shared_memory.memory\[61\]\[21\],25.74µm
core0.regs.registers\[1\]\[1\],25.7µm
_05642_,25.68µm
_06380_,25.68µm
_04012_,25.64µm
_04603_,25.64µm
_06529_,25.64µm
core1.regs.registers\[1\]\[16\],25.64µm
_06689_,25.58µm
_03591_,25.54µm
_03596_,25.52µm
_06618_,25.52µm
_07138_,25.48µm
system.shared_memory.memory\[4\]\[4\],25.445µm
_07169_,25.44µm
system.uart_system.uart_slave.rx_data\[1\],25.435µm
_04887_,25.38µm
system.uart_system.uart_slave.write_data\[4\],25.38µm
_04259_,25.32µm
_04997_,25.3µm
_06635_,25.28µm
_03989_,25.26µm
_04587_,25.26µm
core0.regs.registers\[3\]\[25\],25.26µm
_04484_,25.24µm
_04228_,25.2µm
_04470_,25.2µm
_06444_,25.2µm
_04897_,25.18µm
_05899_,25.18µm
_03811_,25.14µm
clknet_leaf_176_clk,25.14µm
_03843_,25.12µm
_03957_,25.1µm
system.uart_system.uart_slave.write_strobe\[0\],25.1µm
_04689_,25.08µm
_05805_,25.06µm
_06089_,25.06µm
_06467_,25.06µm
_04089_,25.055µm
net3662,25.02µm
_04635_,25µm
_03456_,24.98µm
net3638,24.98µm
_05633_,24.96µm
_04083_,24.94µm
_04787_,24.94µm
_04059_,24.92µm
_05178_,24.92µm
core1.regs.registers\[7\]\[12\],24.92µm
system.shared_memory.memory\[23\]\[11\],24.92µm
_03830_,24.815µm
_04740_,24.815µm
_04421_,24.76µm
_03907_,24.72µm
clknet_leaf_189_clk,24.72µm
_03593_,24.715µm
_03914_,24.7µm
_04775_,24.68µm
_06955_,24.68µm
_04153_,24.66µm
_06940_,24.66µm
_03842_,24.64µm
_05107_,24.64µm
_04024_,24.6µm
_06190_,24.6µm
_06840_,24.6µm
_04206_,24.58µm
_06631_,24.58µm
net1214,24.58µm
_03590_,24.56µm
_04529_,24.56µm
_04889_,24.56µm
system.shared_memory.memory\[43\]\[10\],24.56µm
_05033_,24.54µm
_05656_,24.54µm
_06838_,24.54µm
_06556_,24.52µm
_05070_,24.5µm
_03904_,24.49µm
_04761_,24.46µm
_06520_,24.46µm
system.shared_memory.memory\[13\]\[10\],24.455µm
system.interconnect_unit.uart_read_data\[4\],24.42µm
system.shared_memory.memory\[24\]\[9\],24.42µm
_04281_,24.405µm
_00125_,24.385µm
_05494_,24.38µm
system.shared_memory.memory\[61\]\[11\],24.38µm
_05073_,24.34µm
_06496_,24.34µm
_06514_,24.34µm
_06944_,24.34µm
_07028_,24.34µm
system.shared_memory.memory\[42\]\[1\],24.32µm
_06424_,24.3µm
_06753_,24.28µm
_04820_,24.26µm
_05068_,24.24µm
_04391_,24.215µm
_04444_,24.18µm
_06826_,24.18µm
core1.regs.registers\[7\]\[16\],24.18µm
system.shared_memory.memory\[48\]\[13\],24.18µm
core1.regs.registers\[4\]\[7\],24.14µm
system.uart_system.m_axi_wdata\[1\],24.14µm
_03252_,24.12µm
_04382_,24.12µm
system.shared_memory.memory\[8\]\[8\],24.1µm
_04812_,24.04µm
_04595_,24.02µm
_06833_,24.02µm
_03715_,24µm
_05188_,24µm
system.shared_memory.memory\[57\]\[19\],24µm
_06678_,23.98µm
system.shared_memory.memory\[23\]\[6\],23.98µm
_06351_,23.96µm
system.uart_system.uart_slave.uart_rx_unit.bg.count\[15\],23.96µm
system.shared_memory.memory\[0\]\[30\],23.94µm
_05801_,23.92µm
_07156_,23.92µm
_07405_,23.92µm
system.shared_memory.memory\[34\]\[18\],23.92µm
core1.regs.registers\[2\]\[14\],23.88µm
net1201,23.88µm
_03209_,23.86µm
_04505_,23.86µm
system.shared_memory.memory\[29\]\[11\],23.86µm
_06249_,23.84µm
core1.regs.registers\[6\]\[6\],23.82µm
_05219_,23.8µm
_04614_,23.76µm
_05793_,23.755µm
system.shared_memory.memory\[20\]\[2\],23.745µm
_06275_,23.74µm
system.uart_system.m_axi_wdata\[2\],23.74µm
_04081_,23.72µm
_06057_,23.72µm
core0.regs.registers\[3\]\[9\],23.7µm
_03452_,23.68µm
_05271_,23.68µm
system.shared_memory.memory\[43\]\[3\],23.68µm
system.uart_system.uart_slave.uart_tx_unit.bg.count\[10\],23.65µm
system.shared_memory.memory\[20\]\[22\],23.645µm
core1.regs.registers\[5\]\[28\],23.64µm
system.shared_memory.memory\[48\]\[11\],23.64µm
_04648_,23.56µm
_05124_,23.54µm
core1.regs.registers\[5\]\[3\],23.54µm
system.shared_memory.memory\[18\]\[4\],23.54µm
_05306_,23.5µm
system.shared_memory.memory\[43\]\[28\],23.5µm
_03309_,23.48µm
_05051_,23.42µm
_06822_,23.42µm
_07025_,23.42µm
system.shared_memory.memory\[57\]\[30\],23.42µm
core1.regs.registers\[5\]\[26\],23.4µm
_04291_,23.38µm
_05426_,23.38µm
system.shared_memory.memory\[4\]\[9\],23.38µm
_05156_,23.34µm
_06661_,23.34µm
_07197_,23.34µm
system.shared_memory.memory\[60\]\[15\],23.34µm
_06147_,23.3µm
_06614_,23.3µm
_06831_,23.295µm
system.uart_system.uart_slave.uart_tx_unit.state\[3\],23.24µm
_05423_,23.2µm
system.shared_memory.memory\[26\]\[12\],23.16µm
_03233_,23.14µm
_04949_,23.14µm
_05241_,23.12µm
_05769_,23.12µm
_00189_,23.085µm
_06065_,23.06µm
_06803_,23.06µm
_07500_,23.06µm
_03860_,23.04µm
_04845_,23.04µm
_05379_,23.04µm
_05437_,23.04µm
_06333_,23.04µm
core1.regs.registers\[3\]\[18\],23.04µm
_06927_,23µm
_06284_,22.98µm
_03673_,22.96µm
_06884_,22.96µm
core1.regs.registers\[2\]\[25\],22.96µm
_07012_,22.955µm
_05015_,22.92µm
_05627_,22.92µm
system.shared_memory.memory\[7\]\[26\],22.88µm
_04894_,22.84µm
_04451_,22.8µm
_03986_,22.76µm
_06108_,22.76µm
_07227_,22.74µm
_04208_,22.72µm
_04562_,22.72µm
core1.regs.registers\[7\]\[19\],22.72µm
system.shared_memory.memory\[37\]\[17\],22.72µm
net3798,22.715µm
_04245_,22.68µm
_06750_,22.68µm
_07127_,22.68µm
_04250_,22.64µm
_05389_,22.62µm
core1.regs.registers\[5\]\[18\],22.62µm
_06957_,22.605µm
_05583_,22.6µm
net3674,22.59µm
_05034_,22.58µm
_06229_,22.58µm
_06956_,22.58µm
system.shared_memory.memory\[10\]\[27\],22.55µm
_03650_,22.54µm
_04126_,22.54µm
_04209_,22.54µm
_06980_,22.54µm
system.uart_system.uart_slave.uart_tx_unit.bg.count\[8\],22.53µm
_03688_,22.52µm
_05432_,22.5µm
system.shared_memory.memory\[29\]\[23\],22.5µm
_04746_,22.48µm
system.shared_memory.memory\[24\]\[7\],22.46µm
system.shared_memory.memory\[26\]\[11\],22.46µm
net3579,22.46µm
_04080_,22.44µm
_06682_,22.42µm
_05894_,22.4µm
_06174_,22.4µm
_04571_,22.38µm
_06017_,22.38µm
_06258_,22.36µm
_06710_,22.36µm
_03300_,22.34µm
core0.regs.registers\[2\]\[21\],22.34µm
_05134_,22.32µm
system.uart_system.uart_slave.rx_data\[2\],22.305µm
_06977_,22.3µm
system.uart_system.m_axi_bready,22.3µm
clknet_leaf_273_clk,22.3µm
system.uart_system.m_axi_wdata\[6\],22.26µm
system.shared_memory.memory\[2\]\[1\],22.24µm
_04538_,22.14µm
core1.regs.registers\[1\]\[18\],22.14µm
_04530_,22.12µm
_05951_,22.05µm
_05504_,22.04µm
_05556_,22.04µm
_05929_,22.04µm
_06448_,22.04µm
system.uart_system.uart_slave.uart_tx_unit.bg.count\[1\],22.04µm
_03197_,22.02µm
_04386_,22µm
_04433_,22µm
_06053_,22µm
_07304_,21.98µm
system.shared_memory.memory\[4\]\[30\],21.98µm
_05696_,21.96µm
clknet_leaf_23_clk,21.96µm
_04481_,21.92µm
core0.regs.registers\[0\]\[29\],21.92µm
_03753_,21.88µm
core0.regs.registers\[0\]\[24\],21.88µm
core1.regs.registers\[3\]\[31\],21.875µm
core0.regs.registers\[3\]\[22\],21.86µm
_05826_,21.84µm
system.shared_memory.memory\[13\]\[17\],21.84µm
system.shared_memory.memory\[39\]\[13\],21.84µm
_05410_,21.78µm
system.shared_memory.memory\[22\]\[17\],21.78µm
_03867_,21.76µm
_04511_,21.76µm
_06212_,21.76µm
_04392_,21.74µm
_03599_,21.72µm
_03291_,21.7µm
_04327_,21.7µm
_05725_,21.68µm
_06273_,21.66µm
_06877_,21.66µm
_04223_,21.64µm
_04756_,21.62µm
system.shared_memory.memory\[24\]\[18\],21.62µm
_04835_,21.6µm
_05157_,21.6µm
_04663_,21.58µm
_06024_,21.58µm
_06113_,21.58µm
_06320_,21.58µm
_05710_,21.54µm
_06369_,21.52µm
system.uart_system.uart_slave.write_address\[16\],21.52µm
_04069_,21.5µm
_05846_,21.5µm
_07109_,21.48µm
net3734,21.48µm
_03720_,21.46µm
_04524_,21.46µm
system.shared_memory.memory\[25\]\[29\],21.46µm
_04844_,21.42µm
_04608_,21.41µm
_04073_,21.38µm
_07223_,21.38µm
net3945,21.38µm
_04201_,21.34µm
_06485_,21.34µm
system.shared_memory.memory\[3\]\[18\],21.28µm
system.shared_memory.memory\[20\]\[4\],21.265µm
_04213_,21.26µm
_05056_,21.24µm
system.shared_memory.memory\[7\]\[13\],21.24µm
_04988_,21.2µm
_05174_,21.2µm
_05836_,21.2µm
_04482_,21.16µm
_04585_,21.16µm
_05154_,21.16µm
_06658_,21.16µm
_03975_,21.14µm
_05158_,21.14µm
_04070_,21.12µm
_05797_,21.12µm
_05916_,21.12µm
core1.regs.registers\[3\]\[9\],21.12µm
system.shared_memory.memory\[21\]\[0\],21.12µm
_04959_,21.08µm
_07115_,21.08µm
clknet_leaf_231_clk,21.08µm
_03589_,21.05µm
system.shared_memory.memory\[0\]\[27\],21.04µm
system.uart_system.uart_slave.uart_rx_unit.bg.count\[8\],21.04µm
system.uart_system.uart_slave.write_address\[17\],21.02µm
system.shared_memory.memory\[34\]\[17\],21.005µm
_04401_,21µm
_06869_,21µm
system.shared_memory.memory\[14\]\[24\],21µm
_06945_,20.96µm
_03908_,20.9µm
_06329_,20.895µm
_07576_,20.88µm
system.shared_memory.memory\[6\]\[3\],20.88µm
_04882_,20.86µm
_04923_,20.855µm
_05560_,20.83µm
_06056_,20.82µm
system.shared_memory.memory\[35\]\[3\],20.82µm
system.shared_memory.memory\[38\]\[23\],20.8µm
_06627_,20.78µm
_07093_,20.78µm
_07134_,20.78µm
_04636_,20.74µm
_05022_,20.74µm
_06199_,20.7µm
_07017_,20.7µm
_04599_,20.66µm
_05653_,20.66µm
system.shared_memory.memory\[30\]\[24\],20.66µm
_03226_,20.64µm
_04424_,20.64µm
_03196_,20.63µm
_07032_,20.62µm
system.shared_memory.memory\[11\]\[9\],20.6µm
system.shared_memory.memory\[50\]\[12\],20.565µm
_05942_,20.56µm
_06641_,20.56µm
core1.regs.registers\[6\]\[21\],20.56µm
_06098_,20.54µm
_06751_,20.54µm
core1.regs.registers\[2\]\[17\],20.54µm
system.uart_system.m_axi_wdata\[3\],20.54µm
_03601_,20.52µm
_04881_,20.5µm
_05482_,20.46µm
core1.regs.registers\[7\]\[30\],20.46µm
system.shared_memory.memory\[55\]\[29\],20.46µm
_04760_,20.44µm
_03652_,20.42µm
_05940_,20.42µm
core1.regs.registers\[7\]\[24\],20.38µm
_05645_,20.34µm
system.shared_memory.memory\[12\]\[0\],20.325µm
_04790_,20.3µm
_03490_,20.28µm
system.shared_memory.memory\[15\]\[10\],20.28µm
_06870_,20.25µm
system.shared_memory.memory\[10\]\[29\],20.245µm
_04971_,20.24µm
_02479_,20.22µm
system.shared_memory.memory\[32\]\[7\],20.22µm
net3800,20.21µm
_05785_,20.2µm
_06007_,20.2µm
_06964_,20.2µm
_07249_,20.2µm
_03377_,20.16µm
_04785_,20.16µm
system.shared_memory.memory\[61\]\[5\],20.16µm
_04311_,20.14µm
_06623_,20.12µm
system.shared_memory.memory\[57\]\[14\],20.12µm
system.uart_system.uart_slave.uart_tx_unit.bg.count\[13\],20.12µm
_04588_,20.08µm
_02466_,20.06µm
_05025_,20.06µm
core0.regs.registers\[2\]\[31\],20.06µm
_03428_,20.04µm
system.shared_memory.memory\[33\]\[18\],20.04µm
_03229_,20µm
system.shared_memory.memory\[10\]\[4\],20µm
system.shared_memory.memory\[39\]\[1\],20µm
_05674_,19.98µm
system.shared_memory.memory\[34\]\[0\],19.96µm
system.shared_memory.memory\[39\]\[24\],19.96µm
_06208_,19.94µm
system.shared_memory.memory\[17\]\[5\],19.94µm
system.shared_memory.memory\[55\]\[24\],19.94µm
_07119_,19.92µm
_03176_,19.9µm
_04684_,19.9µm
system.shared_memory.memory\[1\]\[11\],19.9µm
_06950_,19.88µm
_03145_,19.86µm
_06707_,19.86µm
system.shared_memory.memory\[23\]\[27\],19.86µm
_05339_,19.84µm
_05473_,19.84µm
_04446_,19.82µm
system.interconnect_unit.uart_owner,19.82µm
system.shared_memory.memory\[27\]\[15\],19.81µm
_03383_,19.76µm
_06579_,19.76µm
_07231_,19.76µm
system.shared_memory.memory\[61\]\[12\],19.76µm
_03304_,19.74µm
_07257_,19.74µm
_06122_,19.72µm
system.shared_memory.memory\[25\]\[21\],19.72µm
_03249_,19.7µm
_05969_,19.7µm
_07024_,19.7µm
net3803,19.695µm
_06265_,19.66µm
core1.regs.registers\[6\]\[11\],19.64µm
_06630_,19.6µm
system.shared_memory.memory\[45\]\[30\],19.6µm
core0.regs.registers\[0\]\[15\],19.59µm
_05638_,19.58µm
core0.regs.registers\[1\]\[12\],19.58µm
core0.regs.registers\[3\]\[11\],19.58µm
system.shared_memory.memory\[46\]\[0\],19.58µm
system.shared_memory.memory\[62\]\[26\],19.58µm
_06449_,19.54µm
_06921_,19.54µm
system.uart_system.m_axi_wdata\[5\],19.54µm
_04272_,19.48µm
_06889_,19.48µm
_05041_,19.46µm
net3015,19.46µm
system.shared_memory.memory\[6\]\[7\],19.445µm
_03651_,19.44µm
_06681_,19.44µm
_07086_,19.44µm
core1.regs.registers\[6\]\[1\],19.44µm
system.shared_memory.memory\[50\]\[25\],19.42µm
_06598_,19.415µm
_05745_,19.4µm
_05580_,19.38µm
_05631_,19.38µm
core1.regs.registers\[7\]\[21\],19.36µm
system.shared_memory.memory\[12\]\[1\],19.34µm
_06286_,19.32µm
_07277_,19.32µm
_04162_,19.28µm
_06359_,19.28µm
_06664_,19.28µm
_06858_,19.28µm
system.shared_memory.memory\[35\]\[30\],19.28µm
_04591_,19.24µm
system.shared_memory.memory\[63\]\[1\],19.22µm
_04921_,19.2µm
_04946_,19.16µm
_06975_,19.16µm
_07209_,19.16µm
_06263_,19.14µm
_06303_,19.14µm
_04652_,19.12µm
core1.regs.registers\[5\]\[21\],19.12µm
system.shared_memory.memory\[19\]\[28\],19.12µm
system.shared_memory.memory\[22\]\[20\],19.12µm
_03802_,19.1µm
_06967_,19.1µm
system.uart_system.uart_slave.rx_data\[3\],19.085µm
_05879_,19.08µm
_03891_,19.04µm
_06697_,19.02µm
_07343_,19.02µm
_07244_,19µm
system.shared_memory.memory\[55\]\[26\],19µm
_05704_,18.98µm
system.shared_memory.memory\[11\]\[11\],18.98µm
system.shared_memory.memory\[15\]\[25\],18.98µm
_03647_,18.96µm
_06253_,18.96µm
core0.regs.registers\[3\]\[6\],18.96µm
_05657_,18.94µm
_06416_,18.94µm
system.shared_memory.memory\[14\]\[16\],18.94µm
_06632_,18.92µm
system.shared_memory.memory\[59\]\[10\],18.92µm
system.shared_memory.memory\[52\]\[15\],18.9µm
system.shared_memory.memory\[10\]\[28\],18.88µm
_04315_,18.86µm
_04372_,18.86µm
_05092_,18.86µm
_06309_,18.86µm
_07089_,18.86µm
core1.regs.registers\[5\]\[23\],18.86µm
system.shared_memory.memory\[4\]\[20\],18.86µm
_05959_,18.84µm
_06564_,18.84µm
system.shared_memory.memory\[13\]\[16\],18.84µm
system.shared_memory.memory\[20\]\[5\],18.835µm
_03355_,18.82µm
_05593_,18.82µm
_06071_,18.82µm
_06490_,18.82µm
core1.regs.registers\[1\]\[12\],18.82µm
system.shared_memory.memory\[60\]\[0\],18.8µm
system.uart_system.uart_slave.uart_tx_unit.bg.count\[12\],18.785µm
_04063_,18.78µm
_04667_,18.78µm
_06137_,18.78µm
_04266_,18.74µm
_07187_,18.74µm
core1.regs.registers\[5\]\[16\],18.74µm
_06201_,18.72µm
system.shared_memory.memory\[4\]\[19\],18.705µm
system.shared_memory.memory\[60\]\[5\],18.705µm
system.shared_memory.memory\[40\]\[21\],18.7µm
_05983_,18.68µm
_06497_,18.68µm
_04046_,18.66µm
_04583_,18.66µm
_05545_,18.66µm
_06508_,18.66µm
_06835_,18.66µm
core0.regs.registers\[2\]\[8\],18.66µm
system.shared_memory.memory\[13\]\[27\],18.66µm
system.shared_memory.memory\[24\]\[0\],18.66µm
system.shared_memory.memory\[31\]\[16\],18.66µm
system.shared_memory.memory\[9\]\[28\],18.66µm
_03328_,18.64µm
system.shared_memory.memory\[59\]\[12\],18.64µm
_06404_,18.62µm
system.shared_memory.memory\[56\]\[20\],18.62µm
_02618_,18.6µm
_05988_,18.6µm
system.shared_memory.memory\[26\]\[1\],18.585µm
_04212_,18.58µm
system.shared_memory.memory\[10\]\[26\],18.58µm
system.shared_memory.memory\[31\]\[30\],18.58µm
system.shared_memory.memory\[43\]\[8\],18.58µm
system.uart_system.uart_slave.uart_rx_unit.bg.count\[7\],18.58µm
_04380_,18.56µm
_03389_,18.54µm
_04238_,18.54µm
system.uart_system.m_axi_wdata\[4\],18.54µm
_04808_,18.52µm
_03264_,18.5µm
system.interconnect_unit.uart_read_data\[7\],18.5µm
_04241_,18.48µm
_04390_,18.48µm
_05485_,18.48µm
_06010_,18.48µm
_06110_,18.48µm
_06704_,18.48µm
_06744_,18.48µm
_03592_,18.46µm
system.shared_memory.memory\[38\]\[18\],18.46µm
_03595_,18.44µm
_05190_,18.44µm
_06552_,18.44µm
core1.regs.registers\[3\]\[22\],18.44µm
_03317_,18.42µm
system.shared_memory.memory\[59\]\[25\],18.42µm
_03976_,18.4µm
_04930_,18.4µm
_05869_,18.4µm
_06471_,18.4µm
_06648_,18.4µm
_06692_,18.4µm
_07191_,18.4µm
_07560_,18.4µm
_06244_,18.385µm
_04134_,18.36µm
_04247_,18.36µm
_06021_,18.36µm
_07052_,18.36µm
_07411_,18.36µm
_06474_,18.32µm
_07064_,18.32µm
_07451_,18.32µm
_04517_,18.28µm
_06536_,18.28µm
_07051_,18.28µm
system.shared_memory.memory\[1\]\[5\],18.28µm
system.shared_memory.memory\[26\]\[27\],18.28µm
system.shared_memory.memory\[51\]\[15\],18.28µm
_04955_,18.26µm
_06493_,18.26µm
system.shared_memory.memory\[21\]\[9\],18.26µm
_06104_,18.24µm
system.shared_memory.memory\[35\]\[15\],18.24µm
system.shared_memory.memory\[15\]\[12\],18.22µm
_05049_,18.2µm
system.shared_memory.memory\[54\]\[22\],18.2µm
system.shared_memory.memory\[55\]\[21\],18.2µm
system.shared_memory.memory\[58\]\[2\],18.2µm
_06434_,18.18µm
_06951_,18.18µm
_07404_,18.18µm
system.shared_memory.memory\[1\]\[3\],18.18µm
system.shared_memory.memory\[5\]\[0\],18.18µm
_04590_,18.16µm
_06866_,18.16µm
_07105_,18.16µm
system.shared_memory.memory\[24\]\[24\],18.16µm
system.shared_memory.memory\[25\]\[18\],18.16µm
system.shared_memory.memory\[34\]\[9\],18.16µm
_03856_,18.14µm
_05691_,18.14µm
_06067_,18.12µm
system.shared_memory.memory\[32\]\[14\],18.12µm
_04406_,18.1µm
_04698_,18.1µm
_05027_,18.1µm
_05110_,18.1µm
_05269_,18.1µm
_06093_,18.1µm
_07163_,18.1µm
system.shared_memory.memory\[45\]\[16\],18.1µm
_05609_,18.08µm
_07144_,18.02µm
core1.regs.registers\[5\]\[13\],18.02µm
_05493_,17.98µm
_07070_,17.98µm
system.shared_memory.memory\[59\]\[29\],17.98µm
system.shared_memory.memory\[6\]\[12\],17.98µm
net772,17.98µm
system.shared_memory.memory\[22\]\[26\],17.965µm
_04964_,17.96µm
system.shared_memory.memory\[46\]\[24\],17.96µm
system.uart_system.m_axi_araddr\[2\],17.96µm
system.uart_system.uart_slave.write_address\[8\],17.96µm
_06554_,17.94µm
system.shared_memory.memory\[20\]\[27\],17.92µm
system.shared_memory.memory\[63\]\[9\],17.92µm
_06621_,17.88µm
core0.regs.registers\[0\]\[10\],17.88µm
_04047_,17.86µm
_07122_,17.86µm
system.shared_memory.memory\[22\]\[3\],17.86µm
system.shared_memory.memory\[8\]\[21\],17.86µm
_05360_,17.84µm
_04342_,17.82µm
_05031_,17.82µm
_07407_,17.82µm
system.shared_memory.memory\[35\]\[14\],17.82µm
_03243_,17.8µm
_06685_,17.8µm
_05067_,17.78µm
core1.regs.registers\[7\]\[17\],17.78µm
system.shared_memory.memory\[18\]\[19\],17.78µm
system.shared_memory.memory\[38\]\[13\],17.76µm
system.shared_memory.memory\[55\]\[11\],17.76µm
_04335_,17.74µm
_04356_,17.74µm
_05189_,17.74µm
_05629_,17.74µm
system.mailbox_unit.message\[6\],17.74µm
system.shared_memory.memory\[38\]\[30\],17.74µm
_04304_,17.72µm
_04940_,17.72µm
system.shared_memory.memory\[48\]\[7\],17.72µm
system.shared_memory.memory\[50\]\[10\],17.72µm
_04471_,17.7µm
system.shared_memory.memory\[44\]\[14\],17.7µm
system.shared_memory.memory\[44\]\[1\],17.7µm
system.shared_memory.memory\[60\]\[31\],17.7µm
_03100_,17.68µm
net3783,17.68µm
core1.regs.registers\[1\]\[4\],17.64µm
_06135_,17.62µm
_06675_,17.62µm
core1.regs.registers\[6\]\[28\],17.62µm
_04803_,17.6µm
_04834_,17.6µm
_06571_,17.6µm
_07039_,17.6µm
_03745_,17.58µm
_05175_,17.58µm
_05662_,17.58µm
system.shared_memory.memory\[23\]\[2\],17.58µm
_03251_,17.56µm
_04029_,17.56µm
_05060_,17.56µm
_05620_,17.56µm
core0.regs.registers\[2\]\[28\],17.56µm
system.shared_memory.memory\[55\]\[9\],17.56µm
system.uart_system.uart_slave.uart_tx_unit.bg.count\[14\],17.56µm
_05448_,17.54µm
_06633_,17.54µm
net3751,17.54µm
_04650_,17.52µm
system.shared_memory.memory\[21\]\[8\],17.52µm
system.shared_memory.memory\[56\]\[13\],17.505µm
system.uart_system.m_axi_araddr\[3\],17.5µm
system.uart_system.uart_slave.write_address\[2\],17.5µm
_05371_,17.48µm
_06211_,17.48µm
_04121_,17.46µm
_06451_,17.46µm
core0.regs.registers\[0\]\[16\],17.46µm
system.shared_memory.memory\[29\]\[2\],17.46µm
system.shared_memory.memory\[37\]\[31\],17.46µm
_04423_,17.44µm
system.shared_memory.memory\[37\]\[13\],17.44µm
system.shared_memory.memory\[60\]\[17\],17.42µm
system.shared_memory.memory\[25\]\[8\],17.405µm
_05603_,17.4µm
_05792_,17.4µm
system.shared_memory.memory\[11\]\[23\],17.4µm
system.shared_memory.memory\[19\]\[31\],17.4µm
system.shared_memory.memory\[50\]\[26\],17.4µm
system.shared_memory.memory\[51\]\[24\],17.4µm
system.shared_memory.memory\[58\]\[11\],17.38µm
_04699_,17.365µm
_04568_,17.36µm
_07071_,17.36µm
system.shared_memory.memory\[45\]\[31\],17.36µm
system.shared_memory.memory\[47\]\[15\],17.36µm
_00176_,17.345µm
_03259_,17.34µm
core1.regs.registers\[1\]\[26\],17.34µm
system.shared_memory.memory\[42\]\[14\],17.34µm
_04271_,17.32µm
_05081_,17.32µm
system.shared_memory.memory\[17\]\[2\],17.32µm
_05602_,17.3µm
system.shared_memory.memory\[3\]\[26\],17.3µm
_05998_,17.26µm
system.shared_memory.memory\[18\]\[30\],17.245µm
_04184_,17.24µm
core1.regs.registers\[3\]\[23\],17.24µm
system.shared_memory.memory\[13\]\[13\],17.24µm
system.shared_memory.memory\[63\]\[8\],17.24µm
_03973_,17.22µm
system.uart_system.uart_slave.uart_tx_unit.bg.count\[2\],17.22µm
core0.regs.registers\[0\]\[6\],17.2µm
system.shared_memory.memory\[62\]\[21\],17.2µm
system.shared_memory.memory\[34\]\[7\],17.185µm
_04598_,17.18µm
system.shared_memory.memory\[63\]\[14\],17.18µm
system.shared_memory.memory\[7\]\[30\],17.18µm
_06523_,17.16µm
system.shared_memory.memory\[17\]\[28\],17.16µm
_06797_,17.14µm
system.shared_memory.memory\[21\]\[27\],17.14µm
system.shared_memory.memory\[2\]\[10\],17.14µm
_04616_,17.12µm
_06420_,17.12µm
system.shared_memory.memory\[23\]\[30\],17.115µm
system.shared_memory.memory\[26\]\[17\],17.11µm
_05127_,17.1µm
system.shared_memory.memory\[1\]\[0\],17.1µm
system.shared_memory.memory\[36\]\[17\],17.1µm
_07005_,17.06µm
system.shared_memory.memory\[18\]\[2\],17.06µm
system.shared_memory.memory\[25\]\[13\],17.06µm
system.shared_memory.memory\[9\]\[17\],17.06µm
system.shared_memory.memory\[30\]\[20\],17.04µm
system.shared_memory.memory\[32\]\[8\],17.04µm
net3784,17.04µm
_04898_,17.02µm
_06825_,17.02µm
system.uart_system.uart_slave.uart_rx_unit.data_reg\[3\],17.02µm
system.uart_system.uart_slave.write_address\[19\],17.02µm
_06162_,17.015µm
_05931_,17µm
_06684_,16.98µm
system.shared_memory.memory\[61\]\[16\],16.98µm
system.shared_memory.memory\[8\]\[13\],16.98µm
system.shared_memory.memory\[62\]\[6\],16.94µm
_05009_,16.92µm
system.shared_memory.memory\[19\]\[25\],16.92µm
_03855_,16.9µm
_04211_,16.9µm
_05208_,16.9µm
_06120_,16.9µm
system.shared_memory.memory\[46\]\[21\],16.9µm
system.shared_memory.memory\[58\]\[29\],16.885µm
_05207_,16.88µm
_06667_,16.88µm
_07019_,16.88µm
system.shared_memory.memory\[44\]\[3\],16.865µm
_06423_,16.86µm
_07284_,16.86µm
system.shared_memory.memory\[25\]\[7\],16.86µm
system.shared_memory.memory\[54\]\[13\],16.86µm
system.shared_memory.memory\[62\]\[18\],16.845µm
_05740_,16.84µm
core1.regs.registers\[2\]\[12\],16.84µm
system.shared_memory.memory\[27\]\[16\],16.82µm
system.shared_memory.memory\[44\]\[30\],16.82µm
system.shared_memory.memory\[7\]\[24\],16.82µm
_03660_,16.8µm
_04759_,16.8µm
_04886_,16.8µm
core1.regs.registers\[5\]\[24\],16.8µm
system.shared_memory.memory\[21\]\[7\],16.8µm
system.shared_memory.memory\[6\]\[24\],16.8µm
core1.regs.registers\[1\]\[31\],16.78µm
system.shared_memory.memory\[48\]\[27\],16.78µm
_05055_,16.76µm
_05417_,16.76µm
_05422_,16.76µm
_05524_,16.76µm
system.shared_memory.memory\[14\]\[1\],16.74µm
system.shared_memory.memory\[56\]\[28\],16.74µm
_04883_,16.72µm
core1.regs.registers\[3\]\[29\],16.72µm
system.shared_memory.memory\[63\]\[13\],16.72µm
system.shared_memory.memory\[9\]\[12\],16.72µm
_05098_,16.7µm
core0.regs.registers\[0\]\[7\],16.7µm
system.shared_memory.memory\[27\]\[18\],16.68µm
system.shared_memory.memory\[1\]\[31\],16.66µm
system.shared_memory.memory\[28\]\[1\],16.66µm
system.shared_memory.memory\[61\]\[25\],16.66µm
net3742,16.66µm
_06246_,16.64µm
system.shared_memory.memory\[12\]\[22\],16.64µm
system.shared_memory.memory\[23\]\[9\],16.64µm
system.shared_memory.memory\[58\]\[19\],16.64µm
system.shared_memory.memory\[8\]\[30\],16.64µm
_06887_,16.62µm
system.shared_memory.memory\[26\]\[14\],16.62µm
_05443_,16.6µm
_05507_,16.6µm
_05644_,16.6µm
system.shared_memory.memory\[41\]\[28\],16.6µm
system.shared_memory.memory\[56\]\[8\],16.6µm
system.shared_memory.memory\[61\]\[28\],16.6µm
net1046,16.6µm
_07041_,16.58µm
core0.regs.registers\[3\]\[14\],16.58µm
system.shared_memory.memory\[7\]\[15\],16.58µm
system.shared_memory.memory\[32\]\[23\],16.565µm
_04869_,16.56µm
_04913_,16.56µm
_05766_,16.56µm
_04226_,16.54µm
_06364_,16.54µm
system.shared_memory.memory\[15\]\[8\],16.54µm
system.shared_memory.memory\[3\]\[3\],16.54µm
system.shared_memory.memory\[50\]\[15\],16.525µm
_04082_,16.52µm
_07142_,16.52µm
system.shared_memory.memory\[19\]\[9\],16.52µm
system.shared_memory.memory\[24\]\[16\],16.52µm
system.shared_memory.memory\[28\]\[16\],16.52µm
system.shared_memory.memory\[5\]\[14\],16.52µm
_07396_,16.5µm
system.shared_memory.memory\[18\]\[3\],16.5µm
_06503_,16.48µm
core1.regs.registers\[5\]\[20\],16.48µm
system.shared_memory.memory\[56\]\[23\],16.48µm
system.shared_memory.memory\[57\]\[21\],16.48µm
system.shared_memory.memory\[5\]\[31\],16.48µm
system.uart_system.m_axi_araddr\[12\],16.48µm
system.shared_memory.memory\[1\]\[20\],16.46µm
system.shared_memory.memory\[14\]\[27\],16.445µm
system.shared_memory.memory\[20\]\[1\],16.445µm
_03659_,16.44µm
_06353_,16.44µm
_06472_,16.44µm
_07412_,16.44µm
_05018_,16.42µm
_03272_,16.4µm
_04515_,16.4µm
_06419_,16.4µm
system.shared_memory.memory\[29\]\[0\],16.4µm
system.shared_memory.memory\[31\]\[4\],16.4µm
system.shared_memory.memory\[44\]\[17\],16.4µm
system.shared_memory.memory\[5\]\[9\],16.4µm
system.shared_memory.memory\[62\]\[1\],16.4µm
system.shared_memory.memory\[62\]\[30\],16.4µm
_04207_,16.38µm
_05878_,16.38µm
core0.regs.registers\[2\]\[7\],16.38µm
core1.regs.registers\[6\]\[4\],16.36µm
system.shared_memory.memory\[11\]\[31\],16.36µm
system.shared_memory.memory\[9\]\[13\],16.36µm
_03395_,16.355µm
core1.regs.registers\[1\]\[11\],16.34µm
system.shared_memory.memory\[47\]\[17\],16.34µm
_05077_,16.32µm
_05366_,16.32µm
_06879_,16.32µm
system.shared_memory.memory\[24\]\[13\],16.32µm
system.shared_memory.memory\[48\]\[30\],16.32µm
_07487_,16.3µm
system.shared_memory.memory\[10\]\[9\],16.28µm
system.shared_memory.memory\[13\]\[18\],16.28µm
system.shared_memory.memory\[4\]\[14\],16.28µm
system.shared_memory.memory\[5\]\[28\],16.28µm
_03899_,16.26µm
_04856_,16.26µm
_05822_,16.26µm
_06578_,16.26µm
_07311_,16.26µm
system.shared_memory.memory\[45\]\[11\],16.26µm
system.shared_memory.memory\[46\]\[13\],16.26µm
_04125_,16.24µm
system.shared_memory.memory\[16\]\[4\],16.24µm
system.shared_memory.memory\[39\]\[28\],16.24µm
system.shared_memory.memory\[4\]\[12\],16.24µm
_03277_,16.235µm
system.shared_memory.memory\[54\]\[30\],16.225µm
_05032_,16.22µm
_05546_,16.22µm
_05599_,16.22µm
_06437_,16.22µm
system.shared_memory.memory\[17\]\[30\],16.22µm
system.shared_memory.memory\[29\]\[4\],16.22µm
system.shared_memory.memory\[35\]\[28\],16.22µm
system.shared_memory.memory\[3\]\[15\],16.22µm
system.uart_system.uart_slave.rx_data\[6\],16.22µm
_04586_,16.2µm
system.shared_memory.memory\[24\]\[26\],16.2µm
system.shared_memory.memory\[24\]\[4\],16.195µm
_00149_,16.185µm
_04976_,16.17µm
_05949_,16.16µm
_07369_,16.16µm
_05131_,16.14µm
_06059_,16.14µm
_06086_,16.14µm
_07038_,16.14µm
system.shared_memory.memory\[17\]\[24\],16.14µm
system.shared_memory.memory\[35\]\[17\],16.14µm
system.shared_memory.memory\[47\]\[18\],16.14µm
system.shared_memory.memory\[51\]\[20\],16.14µm
system.uart_system.uart_slave.write_data\[0\],16.14µm
_04561_,16.135µm
_05652_,16.1µm
_07004_,16.1µm
system.shared_memory.memory\[25\]\[6\],16.1µm
net3807,16.1µm
_06933_,16.08µm
system.shared_memory.memory\[12\]\[11\],16.08µm
_04485_,16.06µm
_04861_,16.06µm
core1.regs.registers\[1\]\[21\],16.06µm
system.shared_memory.memory\[29\]\[22\],16.06µm
system.shared_memory.memory\[8\]\[10\],16.06µm
_03696_,16.04µm
system.shared_memory.memory\[0\]\[28\],16.04µm
system.shared_memory.memory\[22\]\[13\],16.04µm
_04408_,16.02µm
_05694_,16.02µm
core1.regs.registers\[3\]\[8\],16.02µm
system.shared_memory.memory\[58\]\[25\],16.02µm
_05313_,16µm
_05827_,15.98µm
_06295_,15.98µm
_07088_,15.98µm
core1.regs.registers\[5\]\[10\],15.98µm
system.shared_memory.memory\[17\]\[22\],15.98µm
_04143_,15.965µm
_05506_,15.96µm
_05950_,15.96µm
_06428_,15.96µm
core1.regs.registers\[6\]\[29\],15.96µm
system.shared_memory.memory\[44\]\[11\],15.96µm
system.shared_memory.memory\[36\]\[22\],15.945µm
_03934_,15.94µm
_04062_,15.94µm
_04347_,15.94µm
system.shared_memory.memory\[63\]\[21\],15.94µm
core0.regs.registers\[2\]\[22\],15.92µm
system.shared_memory.memory\[53\]\[19\],15.92µm
_05470_,15.9µm
system.shared_memory.memory\[21\]\[30\],15.9µm
system.shared_memory.memory\[22\]\[23\],15.9µm
system.shared_memory.memory\[63\]\[10\],15.9µm
_06990_,15.88µm
system.shared_memory.memory\[4\]\[8\],15.865µm
_04005_,15.86µm
_04509_,15.86µm
_06219_,15.86µm
core1.pc\[31\],15.86µm
core1.regs.registers\[5\]\[4\],15.86µm
system.shared_memory.memory\[20\]\[16\],15.86µm
net3756,15.86µm
system.shared_memory.memory\[41\]\[2\],15.84µm
system.shared_memory.memory\[42\]\[29\],15.84µm
system.shared_memory.memory\[51\]\[18\],15.84µm
_00146_,15.825µm
system.uart_system.m_axi_araddr\[20\],15.82µm
_03148_,15.8µm
_03885_,15.8µm
_05201_,15.8µm
system.shared_memory.memory\[16\]\[19\],15.8µm
_05142_,15.78µm
_06160_,15.78µm
system.shared_memory.memory\[10\]\[14\],15.78µm
system.shared_memory.memory\[26\]\[24\],15.78µm
system.shared_memory.memory\[42\]\[13\],15.78µm
system.shared_memory.memory\[51\]\[1\],15.78µm
_00423_,15.765µm
system.shared_memory.memory\[56\]\[29\],15.765µm
system.shared_memory.memory\[61\]\[31\],15.765µm
_04058_,15.76µm
_04092_,15.76µm
_04269_,15.76µm
_04313_,15.76µm
_05665_,15.76µm
_06338_,15.76µm
system.shared_memory.memory\[31\]\[24\],15.76µm
system.shared_memory.memory\[32\]\[10\],15.76µm
system.shared_memory.memory\[37\]\[16\],15.76µm
system.shared_memory.memory\[41\]\[23\],15.76µm
system.shared_memory.memory\[47\]\[0\],15.76µm
system.shared_memory.memory\[4\]\[5\],15.76µm
system.shared_memory.memory\[63\]\[11\],15.76µm
system.uart_system.uart_slave.uart_rx_unit.parity_bad,15.76µm
_03850_,15.74µm
system.shared_memory.memory\[1\]\[6\],15.74µm
system.shared_memory.memory\[22\]\[28\],15.74µm
net3758,15.74µm
_02012_,15.725µm
_03326_,15.72µm
_03859_,15.72µm
system.shared_memory.memory\[0\]\[11\],15.72µm
system.shared_memory.memory\[20\]\[8\],15.72µm
system.shared_memory.memory\[26\]\[31\],15.72µm
system.shared_memory.memory\[39\]\[9\],15.72µm
system.shared_memory.memory\[4\]\[28\],15.72µm
system.shared_memory.memory\[50\]\[21\],15.72µm
system.shared_memory.memory\[60\]\[23\],15.72µm
system.shared_memory.memory\[7\]\[9\],15.72µm
system.shared_memory.memory\[12\]\[20\],15.705µm
system.shared_memory.memory\[54\]\[29\],15.7µm
system.shared_memory.memory\[6\]\[15\],15.7µm
system.shared_memory.memory\[42\]\[15\],15.695µm
_05416_,15.68µm
_05421_,15.68µm
_06126_,15.68µm
_06959_,15.68µm
system.shared_memory.memory\[45\]\[23\],15.68µm
system.uart_system.uart_slave.write_address\[13\],15.68µm
system.shared_memory.memory\[5\]\[21\],15.66µm
_05211_,15.645µm
_04114_,15.64µm
_05456_,15.64µm
_07175_,15.64µm
system.shared_memory.memory\[2\]\[16\],15.64µm
system.shared_memory.memory\[58\]\[5\],15.64µm
system.shared_memory.memory\[9\]\[15\],15.64µm
_03133_,15.62µm
_03382_,15.62µm
system.shared_memory.memory\[28\]\[4\],15.62µm
system.shared_memory.memory\[47\]\[31\],15.62µm
system.shared_memory.memory\[59\]\[8\],15.62µm
net1322,15.615µm
core0.regs.registers\[0\]\[14\],15.6µm
core1.regs.registers\[5\]\[0\],15.6µm
system.shared_memory.memory\[19\]\[4\],15.6µm
system.shared_memory.memory\[30\]\[31\],15.6µm
system.shared_memory.memory\[46\]\[9\],15.6µm
_03263_,15.58µm
core0.regs.registers\[3\]\[12\],15.58µm
system.shared_memory.memory\[36\]\[24\],15.58µm
_04671_,15.56µm
_06384_,15.56µm
system.shared_memory.memory\[14\]\[2\],15.56µm
system.shared_memory.memory\[7\]\[22\],15.56µm
_05322_,15.54µm
system.shared_memory.memory\[51\]\[5\],15.52µm
system.shared_memory.memory\[52\]\[22\],15.52µm
system.shared_memory.memory\[6\]\[21\],15.52µm
_03909_,15.48µm
_04001_,15.48µm
_07419_,15.48µm
system.shared_memory.memory\[28\]\[18\],15.48µm
system.shared_memory.memory\[48\]\[28\],15.48µm
system.shared_memory.memory\[54\]\[2\],15.48µm
_06134_,15.46µm
_06337_,15.46µm
core1.regs.registers\[2\]\[18\],15.46µm
system.shared_memory.memory\[49\]\[1\],15.46µm
_05804_,15.44µm
system.shared_memory.memory\[0\]\[24\],15.44µm
system.shared_memory.memory\[13\]\[0\],15.44µm
system.shared_memory.memory\[16\]\[13\],15.44µm
system.shared_memory.memory\[63\]\[12\],15.44µm
system.shared_memory.memory\[6\]\[4\],15.44µm
_05227_,15.42µm
system.shared_memory.memory\[26\]\[16\],15.42µm
system.shared_memory.memory\[49\]\[12\],15.42µm
system.shared_memory.memory\[49\]\[13\],15.42µm
system.shared_memory.memory\[49\]\[19\],15.42µm
net3666,15.42µm
_03965_,15.415µm
_02469_,15.405µm
_04476_,15.4µm
_05867_,15.4µm
_06851_,15.4µm
system.shared_memory.memory\[31\]\[13\],15.4µm
system.shared_memory.memory\[36\]\[5\],15.4µm
_07252_,15.38µm
system.shared_memory.memory\[17\]\[29\],15.38µm
system.shared_memory.memory\[34\]\[27\],15.38µm
system.shared_memory.memory\[58\]\[23\],15.38µm
system.shared_memory.memory\[27\]\[14\],15.36µm
system.shared_memory.memory\[53\]\[10\],15.36µm
_05755_,15.34µm
system.shared_memory.memory\[40\]\[30\],15.34µm
system.shared_memory.memory\[57\]\[15\],15.34µm
system.shared_memory.memory\[59\]\[6\],15.34µm
_05813_,15.32µm
_06455_,15.32µm
system.shared_memory.memory\[52\]\[29\],15.32µm
system.shared_memory.memory\[9\]\[31\],15.315µm
_05320_,15.3µm
_06152_,15.3µm
_07495_,15.3µm
system.shared_memory.memory\[17\]\[12\],15.3µm
system.uart_system.uart_slave.write_address\[6\],15.3µm
core1.regs.registers\[7\]\[20\],15.28µm
system.mailbox_unit.message\[2\],15.28µm
net3778,15.28µm
_04966_,15.26µm
system.shared_memory.memory\[22\]\[7\],15.26µm
system.shared_memory.memory\[31\]\[20\],15.26µm
system.shared_memory.memory\[9\]\[6\],15.26µm
system.shared_memory.memory\[3\]\[25\],15.24µm
system.shared_memory.memory\[61\]\[30\],15.24µm
system.shared_memory.memory\[9\]\[9\],15.24µm
system.shared_memory.memory\[30\]\[28\],15.235µm
system.shared_memory.memory\[37\]\[8\],15.235µm
_04754_,15.22µm
_05773_,15.22µm
_05787_,15.22µm
_06124_,15.22µm
_06236_,15.22µm
_06966_,15.22µm
_07226_,15.22µm
system.shared_memory.memory\[31\]\[21\],15.22µm
system.shared_memory.memory\[57\]\[4\],15.22µm
system.shared_memory.memory\[7\]\[27\],15.22µm
_03384_,15.2µm
system.shared_memory.memory\[56\]\[27\],15.2µm
_03598_,15.18µm
_04816_,15.18µm
system.shared_memory.memory\[11\]\[13\],15.18µm
system.shared_memory.memory\[15\]\[23\],15.18µm
system.shared_memory.memory\[29\]\[24\],15.18µm
_05883_,15.16µm
system.shared_memory.memory\[43\]\[21\],15.16µm
_04103_,15.14µm
_04166_,15.14µm
_06603_,15.14µm
system.shared_memory.memory\[25\]\[11\],15.14µm
system.shared_memory.memory\[37\]\[1\],15.14µm
system.shared_memory.memory\[51\]\[16\],15.14µm
system.shared_memory.memory\[8\]\[7\],15.14µm
_07309_,15.12µm
system.shared_memory.memory\[28\]\[2\],15.105µm
_03803_,15.1µm
_05183_,15.1µm
system.shared_memory.memory\[21\]\[28\],15.1µm
system.shared_memory.memory\[27\]\[0\],15.1µm
system.shared_memory.memory\[32\]\[9\],15.1µm
system.shared_memory.memory\[47\]\[24\],15.1µm
_06687_,15.08µm
system.shared_memory.memory\[3\]\[5\],15.08µm
_05757_,15.065µm
_07260_,15.06µm
system.shared_memory.memory\[29\]\[16\],15.06µm
system.shared_memory.memory\[34\]\[24\],15.06µm
system.shared_memory.memory\[41\]\[10\],15.06µm
_03089_,15.05µm
_06659_,15.04µm
system.shared_memory.memory\[35\]\[27\],15.04µm
_00003_,15.025µm
system.shared_memory.memory\[46\]\[18\],15.025µm
_04200_,15.02µm
system.shared_memory.memory\[19\]\[18\],15.02µm
system.shared_memory.memory\[2\]\[24\],15.02µm
system.shared_memory.memory\[38\]\[6\],15.02µm
system.shared_memory.memory\[46\]\[28\],15.02µm
system.shared_memory.memory\[52\]\[24\],15.02µm
system.uart_system.uart_slave.write_address\[21\],15.02µm
_05684_,15µm
_06040_,15µm
system.uart_system.uart_slave.uart_tx_unit.data_reg\[5\],15µm
system.shared_memory.memory\[27\]\[2\],14.98µm
system.shared_memory.memory\[28\]\[20\],14.98µm
_03750_,14.96µm
system.shared_memory.memory\[38\]\[16\],14.96µm
system.shared_memory.memory\[4\]\[1\],14.96µm
system.shared_memory.memory\[54\]\[19\],14.96µm
system.shared_memory.memory\[11\]\[2\],14.94µm
system.shared_memory.memory\[44\]\[9\],14.94µm
system.shared_memory.memory\[63\]\[0\],14.94µm
system.shared_memory.memory\[8\]\[31\],14.94µm
_04704_,14.92µm
_05468_,14.92µm
_05915_,14.92µm
_06016_,14.92µm
_06348_,14.92µm
_06566_,14.92µm
_06608_,14.92µm
_06809_,14.92µm
system.shared_memory.memory\[22\]\[5\],14.92µm
system.shared_memory.memory\[42\]\[8\],14.92µm
system.uart_system.uart_slave.write_address\[25\],14.92µm
_04015_,14.9µm
core0.regs.registers\[0\]\[5\],14.9µm
system.shared_memory.memory\[18\]\[7\],14.885µm
_03844_,14.88µm
_04922_,14.88µm
_06350_,14.88µm
core0.regs.registers\[0\]\[30\],14.88µm
core1.regs.registers\[1\]\[29\],14.88µm
system.shared_memory.memory\[26\]\[9\],14.88µm
system.shared_memory.memory\[28\]\[15\],14.88µm
system.shared_memory.memory\[56\]\[21\],14.88µm
_04462_,14.87µm
_03258_,14.86µm
_03573_,14.86µm
system.shared_memory.memory\[1\]\[26\],14.86µm
system.shared_memory.memory\[29\]\[1\],14.86µm
system.shared_memory.memory\[61\]\[26\],14.86µm
_05488_,14.84µm
core1.regs.registers\[5\]\[9\],14.84µm
system.shared_memory.memory\[4\]\[15\],14.84µm
_06935_,14.82µm
system.shared_memory.memory\[19\]\[15\],14.82µm
system.uart_system.uart_slave.write_address\[5\],14.82µm
core1.regs.registers\[7\]\[27\],14.8µm
system.shared_memory.memory\[19\]\[6\],14.8µm
system.shared_memory.memory\[49\]\[10\],14.8µm
system.shared_memory.memory\[58\]\[8\],14.8µm
_05859_,14.795µm
system.shared_memory.memory\[46\]\[12\],14.78µm
_05639_,14.76µm
_05995_,14.76µm
system.shared_memory.memory\[37\]\[30\],14.76µm
system.shared_memory.memory\[9\]\[21\],14.74µm
_04106_,14.72µm
_06829_,14.72µm
system.shared_memory.memory\[3\]\[29\],14.72µm
system.shared_memory.memory\[48\]\[8\],14.72µm
system.shared_memory.memory\[56\]\[18\],14.72µm
system.shared_memory.memory\[61\]\[2\],14.72µm
_04248_,14.7µm
core1.regs.registers\[6\]\[23\],14.7µm
system.shared_memory.memory\[2\]\[25\],14.7µm
net3184,14.7µm
system.shared_memory.memory\[1\]\[2\],14.685µm
system.shared_memory.memory\[62\]\[25\],14.685µm
_06743_,14.68µm
system.shared_memory.memory\[39\]\[5\],14.68µm
system.shared_memory.memory\[57\]\[12\],14.68µm
system.shared_memory.memory\[5\]\[5\],14.68µm
system.uart_system.m_axi_araddr\[0\],14.68µm
system.shared_memory.memory\[47\]\[26\],14.66µm
system.shared_memory.memory\[29\]\[21\],14.64µm
system.shared_memory.memory\[48\]\[29\],14.64µm
system.shared_memory.memory\[57\]\[10\],14.64µm
_04681_,14.62µm
_06028_,14.62µm
system.shared_memory.memory\[56\]\[15\],14.62µm
system.shared_memory.memory\[7\]\[8\],14.62µm
system.shared_memory.memory\[22\]\[12\],14.605µm
system.shared_memory.memory\[52\]\[1\],14.605µm
_05857_,14.6µm
system.shared_memory.memory\[23\]\[24\],14.6µm
system.shared_memory.memory\[31\]\[28\],14.6µm
system.shared_memory.memory\[35\]\[0\],14.6µm
system.shared_memory.memory\[53\]\[16\],14.6µm
system.shared_memory.memory\[5\]\[15\],14.6µm
_06871_,14.58µm
system.shared_memory.memory\[56\]\[10\],14.58µm
_04540_,14.57µm
_04441_,14.565µm
_05216_,14.56µm
system.shared_memory.memory\[53\]\[6\],14.56µm
system.shared_memory.memory\[58\]\[1\],14.56µm
clknet_leaf_191_clk,14.56µm
core0.regs.registers\[3\]\[27\],14.54µm
system.shared_memory.memory\[22\]\[22\],14.54µm
system.shared_memory.memory\[52\]\[31\],14.54µm
system.shared_memory.memory\[57\]\[29\],14.54µm
system.shared_memory.memory\[57\]\[6\],14.54µm
_04806_,14.525µm
_05150_,14.52µm
_06227_,14.52µm
system.shared_memory.memory\[30\]\[30\],14.52µm
system.shared_memory.memory\[37\]\[15\],14.52µm
system.shared_memory.memory\[52\]\[10\],14.52µm
system.shared_memory.memory\[60\]\[10\],14.52µm
system.uart_system.m_axi_araddr\[18\],14.52µm
_04627_,14.5µm
_05673_,14.5µm
_07552_,14.5µm
system.shared_memory.memory\[43\]\[25\],14.5µm
system.shared_memory.memory\[24\]\[15\],14.485µm
_03352_,14.48µm
system.shared_memory.memory\[0\]\[14\],14.48µm
system.shared_memory.memory\[17\]\[26\],14.48µm
system.shared_memory.memory\[20\]\[0\],14.48µm
system.shared_memory.memory\[51\]\[22\],14.48µm
net3706,14.48µm
_05332_,14.46µm
_05469_,14.46µm
_05964_,14.46µm
core1.regs.registers\[2\]\[10\],14.46µm
_03350_,14.44µm
system.shared_memory.memory\[0\]\[29\],14.44µm
system.shared_memory.memory\[13\]\[31\],14.44µm
system.shared_memory.memory\[47\]\[5\],14.44µm
system.shared_memory.memory\[9\]\[24\],14.44µm
_03728_,14.42µm
_06771_,14.42µm
system.shared_memory.memory\[17\]\[1\],14.42µm
system.shared_memory.memory\[1\]\[19\],14.42µm
system.shared_memory.memory\[23\]\[17\],14.42µm
system.shared_memory.memory\[51\]\[27\],14.42µm
system.shared_memory.memory\[63\]\[29\],14.42µm
system.uart_system.uart_slave.write_data\[7\],14.42µm
net3965,14.42µm
_05587_,14.4µm
_07483_,14.4µm
system.shared_memory.memory\[5\]\[3\],14.4µm
_04280_,14.38µm
_05390_,14.38µm
core1.regs.registers\[7\]\[29\],14.38µm
system.shared_memory.memory\[25\]\[23\],14.38µm
system.shared_memory.memory\[26\]\[29\],14.38µm
system.shared_memory.memory\[2\]\[6\],14.38µm
_06180_,14.36µm
system.uart_system.m_axi_araddr\[26\],14.36µm
_05886_,14.345µm
_07094_,14.34µm
core1.regs.registers\[3\]\[11\],14.34µm
system.shared_memory.memory\[16\]\[12\],14.34µm
system.shared_memory.memory\[16\]\[21\],14.34µm
system.shared_memory.memory\[5\]\[11\],14.34µm
system.uart_system.uart_slave.write_address\[23\],14.34µm
system.uart_system.uart_slave.write_address\[30\],14.34µm
system.shared_memory.memory\[19\]\[2\],14.32µm
_04337_,14.3µm
_04438_,14.3µm
_04890_,14.3µm
_04905_,14.3µm
_05392_,14.3µm
_06011_,14.3µm
_06041_,14.3µm
system.shared_memory.memory\[35\]\[6\],14.3µm
system.shared_memory.memory\[44\]\[20\],14.285µm
system.shared_memory.memory\[2\]\[30\],14.28µm
system.shared_memory.memory\[51\]\[11\],14.28µm
system.uart_system.m_axi_araddr\[6\],14.28µm
_03627_,14.26µm
_04326_,14.26µm
_06486_,14.26µm
system.shared_memory.memory\[25\]\[25\],14.26µm
system.shared_memory.memory\[37\]\[21\],14.26µm
system.shared_memory.memory\[54\]\[7\],14.26µm
system.shared_memory.memory\[7\]\[5\],14.26µm
system.uart_system.m_axi_araddr\[16\],14.26µm
net3728,14.26µm
_02287_,14.24µm
system.uart_system.uart_slave.uart_tx_unit.data_reg\[2\],14.24µm
system.shared_memory.memory\[36\]\[8\],14.235µm
_04236_,14.22µm
_04792_,14.22µm
_06737_,14.22µm
_06880_,14.22µm
system.shared_memory.memory\[33\]\[30\],14.22µm
system.shared_memory.memory\[53\]\[31\],14.22µm
system.shared_memory.memory\[6\]\[2\],14.22µm
_03168_,14.2µm
_06078_,14.2µm
system.shared_memory.memory\[39\]\[10\],14.2µm
system.shared_memory.memory\[48\]\[20\],14.2µm
system.shared_memory.memory\[61\]\[24\],14.185µm
_05396_,14.18µm
system.shared_memory.memory\[37\]\[2\],14.18µm
net769,14.18µm
_04300_,14.14µm
core0.pc\[0\],14.14µm
core1.regs.registers\[1\]\[13\],14.14µm
core1.regs.registers\[3\]\[26\],14.14µm
core1.regs.registers\[3\]\[5\],14.14µm
system.shared_memory.memory\[14\]\[7\],14.14µm
system.shared_memory.memory\[15\]\[9\],14.14µm
system.shared_memory.memory\[26\]\[28\],14.14µm
system.shared_memory.memory\[31\]\[6\],14.14µm
system.shared_memory.memory\[46\]\[10\],14.14µm
system.shared_memory.memory\[54\]\[1\],14.14µm
system.shared_memory.memory\[57\]\[11\],14.14µm
system.shared_memory.memory\[60\]\[24\],14.14µm
_04537_,14.135µm
_03543_,14.12µm
_03247_,14.1µm
_03792_,14.1µm
system.shared_memory.memory\[10\]\[25\],14.1µm
system.shared_memory.memory\[16\]\[11\],14.1µm
system.shared_memory.memory\[17\]\[16\],14.1µm
system.shared_memory.memory\[28\]\[28\],14.1µm
system.shared_memory.memory\[53\]\[12\],14.1µm
system.shared_memory.memory\[61\]\[18\],14.1µm
system.shared_memory.memory\[8\]\[5\],14.1µm
system.uart_system.uart_slave.uart_tx_unit.data_reg\[0\],14.1µm
_03874_,14.08µm
system.shared_memory.memory\[27\]\[5\],14.08µm
system.shared_memory.memory\[52\]\[28\],14.08µm
system.shared_memory.memory\[56\]\[9\],14.08µm
system.shared_memory.memory\[5\]\[7\],14.08µm
system.shared_memory.memory\[9\]\[14\],14.08µm
system.uart_system.uart_slave.write_address\[18\],14.08µm
_05101_,14.06µm
_05195_,14.06µm
system.shared_memory.memory\[11\]\[29\],14.06µm
system.shared_memory.memory\[21\]\[10\],14.06µm
system.shared_memory.memory\[34\]\[5\],14.06µm
system.shared_memory.memory\[44\]\[0\],14.06µm
system.shared_memory.memory\[1\]\[12\],14.04µm
system.shared_memory.memory\[32\]\[18\],14.04µm
system.uart_system.uart_slave.uart_tx_unit.state\[0\],14.04µm
_06400_,14.02µm
_06430_,14.02µm
_07251_,14.02µm
system.shared_memory.memory\[10\]\[11\],14.02µm
system.shared_memory.memory\[37\]\[29\],14.02µm
system.shared_memory.memory\[3\]\[10\],14.02µm
system.shared_memory.memory\[50\]\[8\],14.02µm
system.shared_memory.memory\[61\]\[4\],14.02µm
net2999,14.02µm
_05592_,14µm
_05764_,14µm
_05851_,14µm
_06314_,14µm
_06550_,14µm
system.shared_memory.memory\[19\]\[20\],14µm
system.shared_memory.memory\[59\]\[2\],14µm
system.shared_memory.memory\[15\]\[27\],13.98µm
system.shared_memory.memory\[27\]\[13\],13.98µm
system.shared_memory.memory\[27\]\[6\],13.98µm
system.shared_memory.memory\[6\]\[9\],13.98µm
_04344_,13.96µm
core0.regs.registers\[0\]\[11\],13.96µm
core1.regs.registers\[1\]\[23\],13.96µm
system.shared_memory.memory\[53\]\[23\],13.96µm
system.shared_memory.memory\[58\]\[4\],13.96µm
system.uart_system.uart_slave.write_address\[11\],13.96µm
system.shared_memory.memory\[6\]\[1\],13.945µm
_04696_,13.94µm
_04133_,13.92µm
_04950_,13.92µm
system.shared_memory.memory\[14\]\[31\],13.92µm
system.shared_memory.memory\[47\]\[6\],13.92µm
system.shared_memory.memory\[56\]\[6\],13.92µm
system.shared_memory.memory\[0\]\[6\],13.905µm
_03153_,13.9µm
core1.regs.registers\[2\]\[23\],13.9µm
system.shared_memory.memory\[21\]\[14\],13.9µm
system.shared_memory.memory\[21\]\[1\],13.9µm
system.shared_memory.memory\[24\]\[27\],13.9µm
system.shared_memory.memory\[49\]\[21\],13.9µm
system.uart_system.m_axi_araddr\[29\],13.9µm
net3390,13.9µm
net3664,13.9µm
_04079_,13.88µm
_04286_,13.88µm
_04675_,13.88µm
_05788_,13.88µm
_06539_,13.88µm
system.shared_memory.memory\[24\]\[14\],13.88µm
system.shared_memory.memory\[3\]\[28\],13.88µm
system.shared_memory.memory\[54\]\[18\],13.88µm
system.shared_memory.memory\[5\]\[10\],13.88µm
system.shared_memory.memory\[20\]\[28\],13.86µm
net3620,13.86µm
system.shared_memory.memory\[20\]\[13\],13.855µm
system.shared_memory.memory\[28\]\[22\],13.855µm
_04998_,13.84µm
_05359_,13.84µm
_05573_,13.84µm
_05795_,13.84µm
_05845_,13.84µm
_05887_,13.84µm
_06034_,13.84µm
_06044_,13.84µm
_06254_,13.84µm
_06343_,13.84µm
_06407_,13.84µm
_06409_,13.84µm
_07065_,13.84µm
core1.regs.registers\[3\]\[13\],13.84µm
system.shared_memory.memory\[13\]\[24\],13.84µm
system.shared_memory.memory\[19\]\[23\],13.84µm
system.shared_memory.memory\[22\]\[21\],13.84µm
system.shared_memory.memory\[46\]\[15\],13.84µm
net3130,13.84µm
_06252_,13.82µm
system.shared_memory.memory\[45\]\[29\],13.82µm
system.shared_memory.memory\[45\]\[7\],13.82µm
system.shared_memory.memory\[54\]\[27\],13.82µm
_04712_,13.8µm
_06088_,13.8µm
system.shared_memory.memory\[21\]\[26\],13.8µm
system.shared_memory.memory\[25\]\[3\],13.8µm
system.shared_memory.memory\[30\]\[26\],13.8µm
system.shared_memory.memory\[57\]\[17\],13.8µm
_00047_,13.78µm
net3394,13.78µm
net3465,13.78µm
_04334_,13.76µm
_04679_,13.76µm
_06023_,13.76µm
core1.regs.registers\[6\]\[8\],13.76µm
core1.regs.registers\[7\]\[5\],13.76µm
system.shared_memory.memory\[15\]\[3\],13.76µm
system.shared_memory.memory\[21\]\[5\],13.76µm
system.shared_memory.memory\[29\]\[17\],13.76µm
_05430_,13.74µm
system.shared_memory.memory\[23\]\[1\],13.74µm
system.shared_memory.memory\[42\]\[27\],13.74µm
system.shared_memory.memory\[12\]\[4\],13.725µm
_04920_,13.72µm
_07008_,13.72µm
system.shared_memory.memory\[49\]\[29\],13.72µm
system.shared_memory.memory\[54\]\[8\],13.7µm
_05551_,13.68µm
_06954_,13.68µm
core1.regs.registers\[7\]\[26\],13.68µm
system.shared_memory.memory\[18\]\[27\],13.68µm
system.shared_memory.memory\[2\]\[20\],13.68µm
system.shared_memory.memory\[31\]\[25\],13.68µm
system.shared_memory.memory\[35\]\[9\],13.68µm
system.shared_memory.memory\[40\]\[25\],13.68µm
system.shared_memory.memory\[48\]\[3\],13.68µm
system.shared_memory.memory\[55\]\[17\],13.68µm
system.shared_memory.memory\[62\]\[16\],13.68µm
_05222_,13.66µm
system.shared_memory.memory\[45\]\[13\],13.66µm
_06916_,13.64µm
system.shared_memory.memory\[10\]\[0\],13.64µm
system.shared_memory.memory\[31\]\[1\],13.64µm
system.shared_memory.memory\[34\]\[6\],13.64µm
system.shared_memory.memory\[43\]\[29\],13.64µm
system.shared_memory.memory\[58\]\[16\],13.64µm
system.shared_memory.memory\[62\]\[3\],13.64µm
_03380_,13.62µm
_05203_,13.62µm
_05413_,13.62µm
_05497_,13.62µm
system.shared_memory.memory\[13\]\[6\],13.62µm
system.shared_memory.memory\[42\]\[5\],13.62µm
system.shared_memory.memory\[43\]\[18\],13.62µm
system.shared_memory.memory\[38\]\[7\],13.61µm
system.shared_memory.memory\[0\]\[4\],13.6µm
system.shared_memory.memory\[12\]\[15\],13.6µm
system.shared_memory.memory\[23\]\[22\],13.6µm
system.shared_memory.memory\[58\]\[10\],13.6µm
system.shared_memory.memory\[53\]\[0\],13.58µm
system.shared_memory.memory\[59\]\[14\],13.58µm
_04309_,13.56µm
core0.regs.registers\[2\]\[30\],13.56µm
system.shared_memory.memory\[44\]\[2\],13.56µm
system.shared_memory.memory\[4\]\[26\],13.56µm
system.shared_memory.memory\[50\]\[23\],13.56µm
system.shared_memory.memory\[9\]\[26\],13.56µm
_03801_,13.54µm
_03991_,13.54µm
_06292_,13.54µm
_06436_,13.54µm
system.shared_memory.memory\[16\]\[25\],13.54µm
system.shared_memory.memory\[17\]\[19\],13.54µm
system.shared_memory.memory\[22\]\[8\],13.54µm
system.shared_memory.memory\[3\]\[23\],13.54µm
system.shared_memory.memory\[40\]\[3\],13.54µm
net3769,13.54µm
_06624_,13.52µm
system.shared_memory.memory\[26\]\[30\],13.52µm
system.shared_memory.memory\[51\]\[0\],13.52µm
_03900_,13.5µm
system.shared_memory.memory\[19\]\[24\],13.5µm
system.shared_memory.memory\[28\]\[21\],13.5µm
system.shared_memory.memory\[37\]\[14\],13.5µm
system.shared_memory.memory\[58\]\[31\],13.5µm
system.uart_system.uart_slave.write_address\[10\],13.5µm
_06133_,13.48µm
_07104_,13.48µm
system.shared_memory.memory\[0\]\[9\],13.48µm
system.shared_memory.memory\[26\]\[25\],13.48µm
system.shared_memory.memory\[35\]\[22\],13.48µm
_06533_,13.46µm
core0.regs.registers\[3\]\[24\],13.46µm
core1.regs.registers\[2\]\[21\],13.46µm
system.shared_memory.memory\[12\]\[19\],13.46µm
system.shared_memory.memory\[39\]\[17\],13.46µm
system.shared_memory.memory\[56\]\[12\],13.46µm
system.uart_system.uart_slave.uart_tx_unit.bg.count\[5\],13.46µm
system.shared_memory.memory\[58\]\[26\],13.44µm
net3599,13.44µm
_03386_,13.42µm
_03412_,13.42µm
_04678_,13.42µm
_05724_,13.42µm
system.shared_memory.memory\[31\]\[26\],13.42µm
system.shared_memory.memory\[47\]\[23\],13.42µm
system.shared_memory.memory\[7\]\[3\],13.42µm
net2993,13.42µm
_03876_,13.4µm
_05821_,13.4µm
system.shared_memory.memory\[9\]\[25\],13.4µm
system.shared_memory.memory\[60\]\[28\],13.385µm
_04692_,13.38µm
_05440_,13.38µm
_06656_,13.38µm
_07066_,13.38µm
system.shared_memory.memory\[9\]\[8\],13.38µm
system.uart_system.uart_slave.uart_tx_unit.data_reg\[7\],13.38µm
system.shared_memory.memory\[18\]\[5\],13.36µm
system.shared_memory.memory\[50\]\[6\],13.36µm
net1171,13.36µm
_00048_,13.34µm
_03296_,13.34µm
_05106_,13.34µm
_05444_,13.34µm
system.shared_memory.memory\[10\]\[22\],13.34µm
system.shared_memory.memory\[28\]\[31\],13.34µm
system.shared_memory.memory\[33\]\[15\],13.34µm
system.shared_memory.memory\[38\]\[28\],13.34µm
system.shared_memory.memory\[41\]\[11\],13.34µm
system.shared_memory.memory\[16\]\[23\],13.32µm
system.shared_memory.memory\[8\]\[12\],13.32µm
net3041,13.32µm
_05136_,13.3µm
_06777_,13.3µm
_07100_,13.3µm
system.shared_memory.memory\[39\]\[15\],13.3µm
clknet_leaf_243_clk,13.3µm
system.shared_memory.memory\[7\]\[6\],13.28µm
net3401,13.28µm
_04719_,13.26µm
_06165_,13.26µm
_06399_,13.26µm
_06438_,13.26µm
system.shared_memory.memory\[20\]\[6\],13.26µm
system.shared_memory.memory\[21\]\[18\],13.26µm
system.shared_memory.memory\[25\]\[14\],13.26µm
net3696,13.26µm
system.shared_memory.memory\[30\]\[4\],13.24µm
system.shared_memory.memory\[51\]\[25\],13.24µm
system.shared_memory.memory\[26\]\[22\],13.225µm
_03751_,13.22µm
_04766_,13.22µm
_07021_,13.22µm
_07505_,13.22µm
system.shared_memory.memory\[19\]\[3\],13.22µm
system.shared_memory.memory\[31\]\[18\],13.22µm
system.shared_memory.memory\[54\]\[20\],13.22µm
system.shared_memory.memory\[55\]\[27\],13.22µm
system.shared_memory.memory\[63\]\[2\],13.22µm
_03116_,13.2µm
_03157_,13.2µm
_06553_,13.2µm
system.shared_memory.memory\[1\]\[27\],13.2µm
system.shared_memory.memory\[1\]\[29\],13.2µm
system.shared_memory.memory\[45\]\[17\],13.2µm
system.shared_memory.memory\[59\]\[19\],13.2µm
system.shared_memory.memory\[61\]\[29\],13.2µm
_05569_,13.18µm
_05744_,13.18µm
_06591_,13.18µm
system.interconnect_unit.uart_read_data\[1\],13.18µm
system.shared_memory.memory\[29\]\[13\],13.18µm
system.shared_memory.memory\[40\]\[31\],13.18µm
system.shared_memory.memory\[49\]\[14\],13.18µm
system.uart_system.uart_slave.write_data\[6\],13.18µm
_03959_,13.16µm
_05900_,13.16µm
system.shared_memory.memory\[35\]\[10\],13.16µm
system.shared_memory.memory\[37\]\[7\],13.16µm
system.shared_memory.memory\[50\]\[22\],13.16µm
system.shared_memory.memory\[6\]\[6\],13.145µm
_04944_,13.14µm
system.shared_memory.memory\[11\]\[16\],13.14µm
system.shared_memory.memory\[25\]\[30\],13.14µm
system.shared_memory.memory\[41\]\[17\],13.14µm
system.shared_memory.memory\[47\]\[12\],13.14µm
system.shared_memory.memory\[52\]\[0\],13.14µm
system.shared_memory.memory\[63\]\[17\],13.14µm
system.shared_memory.memory\[8\]\[22\],13.14µm
net1262,13.14µm
system.shared_memory.memory\[20\]\[18\],13.12µm
system.shared_memory.memory\[3\]\[11\],13.12µm
system.shared_memory.memory\[49\]\[7\],13.12µm
system.shared_memory.memory\[53\]\[21\],13.12µm
system.shared_memory.memory\[53\]\[29\],13.12µm
net3892,13.115µm
_04644_,13.1µm
_06405_,13.1µm
core1.regs.registers\[3\]\[27\],13.1µm
system.shared_memory.memory\[0\]\[10\],13.1µm
system.shared_memory.memory\[12\]\[2\],13.1µm
system.shared_memory.memory\[13\]\[7\],13.1µm
system.shared_memory.memory\[21\]\[15\],13.1µm
system.shared_memory.memory\[2\]\[19\],13.1µm
system.shared_memory.memory\[39\]\[21\],13.1µm
system.shared_memory.memory\[44\]\[26\],13.1µm
system.shared_memory.memory\[56\]\[25\],13.1µm
_03372_,13.08µm
_03744_,13.08µm
_05743_,13.08µm
_06139_,13.08µm
system.shared_memory.memory\[12\]\[8\],13.08µm
system.shared_memory.memory\[15\]\[14\],13.08µm
system.shared_memory.memory\[20\]\[23\],13.08µm
system.shared_memory.memory\[23\]\[10\],13.08µm
system.shared_memory.memory\[58\]\[30\],13.08µm
system.shared_memory.memory\[59\]\[4\],13.08µm
core0.regs.registers\[0\]\[13\],13.06µm
system.shared_memory.memory\[26\]\[13\],13.06µm
system.shared_memory.memory\[46\]\[23\],13.06µm
_03840_,13.04µm
_04559_,13.04µm
_04780_,13.04µm
_06242_,13.04µm
_07050_,13.04µm
system.shared_memory.memory\[11\]\[20\],13.04µm
system.shared_memory.memory\[53\]\[30\],13.04µm
system.shared_memory.memory\[54\]\[4\],13.04µm
system.shared_memory.memory\[57\]\[8\],13.04µm
system.shared_memory.memory\[8\]\[6\],13.04µm
system.shared_memory.memory\[12\]\[25\],13.025µm
_05446_,13.02µm
system.shared_memory.memory\[21\]\[20\],13.02µm
system.uart_system.m_axi_araddr\[1\],13.02µm
_03692_,13µm
_04171_,13µm
_04984_,13µm
_05579_,13µm
_06136_,13µm
core1.regs.registers\[2\]\[30\],13µm
system.shared_memory.memory\[41\]\[25\],13µm
system.shared_memory.memory\[43\]\[13\],13µm
system.shared_memory.memory\[52\]\[14\],13µm
system.shared_memory.memory\[6\]\[28\],13µm
system.shared_memory.memory\[8\]\[27\],13µm
_03759_,12.98µm
system.shared_memory.memory\[9\]\[29\],12.98µm
system.shared_memory.memory\[58\]\[7\],12.975µm
_04018_,12.97µm
_03181_,12.96µm
_04152_,12.96µm
_05321_,12.96µm
_07364_,12.96µm
system.shared_memory.memory\[15\]\[0\],12.96µm
system.shared_memory.memory\[24\]\[5\],12.96µm
system.shared_memory.memory\[29\]\[20\],12.96µm
system.shared_memory.memory\[8\]\[29\],12.96µm
_04435_,12.94µm
_05676_,12.94µm
_05974_,12.94µm
system.shared_memory.memory\[29\]\[12\],12.94µm
system.shared_memory.memory\[41\]\[24\],12.94µm
system.uart_system.m_axi_araddr\[11\],12.94µm
system.shared_memory.memory\[14\]\[3\],12.935µm
_04403_,12.92µm
_05892_,12.92µm
_06155_,12.92µm
_06216_,12.92µm
_07263_,12.92µm
core1.regs.registers\[3\]\[19\],12.92µm
system.shared_memory.memory\[13\]\[4\],12.92µm
system.shared_memory.memory\[58\]\[0\],12.92µm
net3200,12.92µm
_06378_,12.9µm
system.shared_memory.memory\[1\]\[16\],12.9µm
system.shared_memory.memory\[52\]\[25\],12.9µm
system.shared_memory.memory\[53\]\[24\],12.9µm
system.shared_memory.memory\[12\]\[24\],12.895µm
_01085_,12.885µm
_04717_,12.88µm
_06185_,12.88µm
core0.regs.registers\[2\]\[2\],12.88µm
core1.regs.registers\[7\]\[7\],12.88µm
system.interconnect_unit.uart_read_data\[2\],12.88µm
system.shared_memory.memory\[44\]\[31\],12.88µm
core1.regs.registers\[1\]\[1\],12.86µm
system.shared_memory.memory\[21\]\[19\],12.86µm
system.shared_memory.memory\[43\]\[1\],12.86µm
net3548,12.86µm
_04951_,12.84µm
_05505_,12.84µm
_06240_,12.84µm
_07303_,12.84µm
core1.regs.registers\[1\]\[19\],12.84µm
system.shared_memory.memory\[27\]\[3\],12.84µm
system.shared_memory.memory\[35\]\[20\],12.84µm
system.shared_memory.memory\[35\]\[26\],12.84µm
system.shared_memory.memory\[53\]\[3\],12.84µm
system.shared_memory.memory\[57\]\[27\],12.84µm
system.shared_memory.memory\[6\]\[25\],12.83µm
system.shared_memory.memory\[26\]\[26\],12.82µm
system.uart_system.uart_slave.uart_tx_unit.data_reg\[1\],12.82µm
_04613_,12.8µm
_05028_,12.8µm
_06257_,12.8µm
core0.regs.registers\[0\]\[4\],12.8µm
system.shared_memory.memory\[19\]\[17\],12.8µm
system.shared_memory.memory\[35\]\[23\],12.8µm
system.shared_memory.memory\[39\]\[6\],12.8µm
system.shared_memory.memory\[42\]\[9\],12.8µm
_03156_,12.78µm
system.shared_memory.memory\[0\]\[21\],12.78µm
system.shared_memory.memory\[44\]\[19\],12.765µm
_04718_,12.76µm
_05955_,12.76µm
core0.regs.registers\[0\]\[8\],12.76µm
system.interconnect_unit.last_grant,12.76µm
system.shared_memory.memory\[1\]\[15\],12.76µm
system.shared_memory.memory\[23\]\[18\],12.76µm
system.shared_memory.memory\[30\]\[10\],12.76µm
system.shared_memory.memory\[36\]\[0\],12.76µm
system.shared_memory.memory\[40\]\[18\],12.76µm
system.shared_memory.memory\[41\]\[26\],12.76µm
system.shared_memory.memory\[55\]\[15\],12.76µm
system.shared_memory.memory\[61\]\[22\],12.76µm
system.uart_system.uart_slave.uart_tx_unit.bit_index\[2\],12.76µm
system.shared_memory.memory\[27\]\[19\],12.75µm
_07363_,12.74µm
system.shared_memory.memory\[29\]\[14\],12.74µm
system.shared_memory.memory\[55\]\[23\],12.74µm
net3420,12.74µm
_00800_,12.725µm
_04531_,12.72µm
system.shared_memory.memory\[18\]\[28\],12.72µm
system.shared_memory.memory\[40\]\[4\],12.72µm
system.shared_memory.memory\[42\]\[11\],12.72µm
system.shared_memory.memory\[43\]\[9\],12.72µm
system.shared_memory.memory\[55\]\[0\],12.72µm
system.shared_memory.memory\[58\]\[17\],12.72µm
system.shared_memory.memory\[62\]\[17\],12.72µm
system.shared_memory.memory\[62\]\[22\],12.72µm
_04669_,12.7µm
_04751_,12.7µm
system.shared_memory.memory\[19\]\[11\],12.7µm
system.shared_memory.memory\[5\]\[27\],12.7µm
net3847,12.7µm
net3853,12.7µm
_05824_,12.68µm
system.shared_memory.memory\[3\]\[20\],12.68µm
system.shared_memory.memory\[52\]\[2\],12.68µm
system.shared_memory.memory\[7\]\[1\],12.68µm
system.shared_memory.memory\[42\]\[23\],12.675µm
system.shared_memory.memory\[60\]\[30\],12.675µm
_04654_,12.66µm
_06891_,12.66µm
system.shared_memory.memory\[1\]\[7\],12.66µm
system.shared_memory.memory\[27\]\[21\],12.66µm
system.shared_memory.memory\[47\]\[9\],12.66µm
system.shared_memory.memory\[49\]\[4\],12.66µm
system.shared_memory.memory\[57\]\[23\],12.66µm
_05549_,12.64µm
_05864_,12.64µm
_06677_,12.64µm
system.shared_memory.memory\[0\]\[26\],12.64µm
system.shared_memory.memory\[15\]\[24\],12.64µm
system.shared_memory.memory\[33\]\[16\],12.64µm
system.shared_memory.memory\[34\]\[12\],12.64µm
system.shared_memory.memory\[4\]\[18\],12.64µm
_02736_,12.62µm
_03523_,12.62µm
_03546_,12.62µm
_05415_,12.62µm
_05503_,12.62µm
_05589_,12.62µm
_06572_,12.62µm
_06878_,12.62µm
system.shared_memory.memory\[28\]\[13\],12.62µm
system.shared_memory.memory\[41\]\[16\],12.615µm
_03321_,12.6µm
_04665_,12.6µm
core1.regs.registers\[2\]\[31\],12.6µm
system.shared_memory.memory\[62\]\[10\],12.6µm
net3242,12.6µm
system.shared_memory.memory\[34\]\[11\],12.585µm
_04817_,12.58µm
system.shared_memory.memory\[14\]\[21\],12.58µm
system.shared_memory.memory\[27\]\[28\],12.58µm
system.shared_memory.memory\[28\]\[27\],12.58µm
system.shared_memory.memory\[43\]\[24\],12.58µm
system.shared_memory.memory\[55\]\[8\],12.58µm
system.shared_memory.memory\[57\]\[22\],12.58µm
_05530_,12.56µm
_06406_,12.56µm
system.shared_memory.memory\[33\]\[25\],12.56µm
system.shared_memory.memory\[36\]\[10\],12.56µm
net3919,12.555µm
_04301_,12.54µm
_04374_,12.54µm
_05363_,12.54µm
_05527_,12.54µm
_05709_,12.54µm
_06115_,12.54µm
_06642_,12.54µm
_07570_,12.54µm
core1.regs.registers\[5\]\[30\],12.54µm
system.shared_memory.memory\[14\]\[12\],12.54µm
system.shared_memory.memory\[37\]\[28\],12.54µm
system.shared_memory.memory\[60\]\[22\],12.54µm
net3213,12.54µm
_06109_,12.52µm
_03121_,12.5µm
_03295_,12.5µm
_03738_,12.5µm
_03988_,12.5µm
_06220_,12.5µm
system.shared_memory.memory\[15\]\[6\],12.5µm
system.shared_memory.memory\[28\]\[7\],12.5µm
system.shared_memory.memory\[36\]\[7\],12.5µm
system.shared_memory.memory\[55\]\[12\],12.5µm
system.uart_system.m_axi_araddr\[27\],12.5µm
system.shared_memory.memory\[12\]\[13\],12.48µm
_02679_,12.465µm
system.shared_memory.memory\[12\]\[9\],12.465µm
_03653_,12.46µm
core0.regs.registers\[0\]\[31\],12.46µm
system.shared_memory.memory\[25\]\[16\],12.46µm
system.shared_memory.memory\[3\]\[31\],12.46µm
system.shared_memory.memory\[59\]\[22\],12.46µm
_04385_,12.44µm
system.shared_memory.memory\[13\]\[23\],12.44µm
system.shared_memory.memory\[16\]\[28\],12.44µm
system.shared_memory.memory\[30\]\[8\],12.44µm
system.shared_memory.memory\[4\]\[10\],12.425µm
system.shared_memory.memory\[52\]\[4\],12.425µm
_03667_,12.42µm
system.shared_memory.memory\[52\]\[7\],12.42µm
net1416,12.42µm
_06164_,12.4µm
system.shared_memory.memory\[14\]\[19\],12.4µm
system.shared_memory.memory\[16\]\[8\],12.4µm
_03721_,12.38µm
_04768_,12.38µm
_04901_,12.38µm
_04934_,12.38µm
_05715_,12.38µm
_05958_,12.38µm
_06064_,12.38µm
_07176_,12.38µm
_05640_,12.36µm
net2263,12.36µm
net3730,12.36µm
net3774,12.36µm
core0.regs.registers\[3\]\[20\],12.34µm
system.shared_memory.memory\[11\]\[10\],12.34µm
system.shared_memory.memory\[31\]\[14\],12.34µm
system.shared_memory.memory\[36\]\[12\],12.34µm
system.shared_memory.memory\[38\]\[9\],12.34µm
system.shared_memory.memory\[43\]\[16\],12.34µm
system.shared_memory.memory\[50\]\[14\],12.34µm
system.shared_memory.memory\[32\]\[21\],12.32µm
system.shared_memory.memory\[48\]\[15\],12.32µm
system.shared_memory.memory\[16\]\[29\],12.305µm
system.shared_memory.memory\[46\]\[4\],12.305µm
_03215_,12.3µm
_04028_,12.3µm
system.interconnect_unit.uart_read_data\[6\],12.3µm
system.shared_memory.memory\[47\]\[30\],12.3µm
system.shared_memory.memory\[48\]\[31\],12.3µm
system.shared_memory.memory\[60\]\[14\],12.3µm
system.shared_memory.memory\[8\]\[15\],12.3µm
_04523_,12.28µm
system.shared_memory.memory\[11\]\[21\],12.28µm
system.shared_memory.memory\[1\]\[10\],12.28µm
_00142_,12.265µm
_05112_,12.26µm
_07002_,12.26µm
system.shared_memory.memory\[43\]\[19\],12.26µm
system.shared_memory.memory\[7\]\[31\],12.26µm
net2910,12.26µm
_03835_,12.24µm
_06535_,12.24µm
system.shared_memory.memory\[31\]\[8\],12.24µm
system.shared_memory.memory\[51\]\[19\],12.24µm
_05720_,12.22µm
system.uart_system.uart_slave.write_address\[31\],12.22µm
_07117_,12.2µm
system.shared_memory.memory\[22\]\[10\],12.2µm
system.shared_memory.memory\[25\]\[12\],12.2µm
system.shared_memory.memory\[36\]\[6\],12.2µm
system.shared_memory.memory\[38\]\[31\],12.2µm
system.shared_memory.memory\[40\]\[22\],12.2µm
system.shared_memory.memory\[43\]\[23\],12.2µm
system.shared_memory.memory\[45\]\[4\],12.2µm
_06357_,12.18µm
_07026_,12.18µm
system.shared_memory.memory\[0\]\[18\],12.18µm
system.shared_memory.memory\[32\]\[26\],12.18µm
system.shared_memory.memory\[34\]\[26\],12.18µm
system.shared_memory.memory\[41\]\[22\],12.18µm
system.shared_memory.memory\[25\]\[0\],12.165µm
_06012_,12.16µm
_06882_,12.16µm
system.shared_memory.memory\[3\]\[30\],12.16µm
net2979,12.16µm
core1.regs.registers\[2\]\[16\],12.14µm
core1.regs.registers\[7\]\[1\],12.14µm
system.shared_memory.memory\[7\]\[4\],12.14µm
net3590,12.14µm
_02747_,12.12µm
_04833_,12.12µm
_04933_,12.12µm
_05471_,12.12µm
_07078_,12.12µm
system.shared_memory.memory\[20\]\[12\],12.12µm
system.shared_memory.memory\[27\]\[4\],12.12µm
system.shared_memory.memory\[50\]\[4\],12.12µm
system.shared_memory.memory\[56\]\[14\],12.12µm
system.shared_memory.memory\[63\]\[22\],12.12µm
system.shared_memory.memory\[6\]\[23\],12.12µm
system.shared_memory.memory\[7\]\[19\],12.12µm
system.shared_memory.memory\[44\]\[29\],12.105µm
_05535_,12.1µm
system.shared_memory.memory\[41\]\[14\],12.1µm
system.shared_memory.memory\[4\]\[29\],12.1µm
net3837,12.1µm
_01504_,12.085µm
_02411_,12.085µm
_02742_,12.08µm
_04941_,12.08µm
_06293_,12.08µm
core0.regs.registers\[3\]\[7\],12.08µm
core1.regs.registers\[2\]\[15\],12.08µm
core1.regs.registers\[6\]\[16\],12.08µm
system.shared_memory.memory\[14\]\[29\],12.08µm
system.shared_memory.memory\[18\]\[22\],12.08µm
system.shared_memory.memory\[22\]\[15\],12.08µm
system.shared_memory.memory\[32\]\[2\],12.08µm
system.shared_memory.memory\[63\]\[7\],12.08µm
system.shared_memory.memory\[6\]\[0\],12.08µm
system.shared_memory.memory\[8\]\[28\],12.08µm
clknet_leaf_261_clk,12.08µm
net3613,12.08µm
_03668_,12.06µm
system.shared_memory.memory\[50\]\[27\],12.06µm
_06132_,12.04µm
_06948_,12.04µm
system.shared_memory.memory\[11\]\[8\],12.04µm
system.shared_memory.memory\[24\]\[2\],12.04µm
system.shared_memory.memory\[44\]\[24\],12.04µm
_05310_,12.02µm
net2207,12.02µm
_03708_,12µm
_04584_,12µm
_06214_,12µm
system.shared_memory.memory\[49\]\[3\],12µm
system.shared_memory.pending_write_strobe\[3\],12µm
net2766,12µm
_04576_,11.98µm
core0.regs.registers\[0\]\[19\],11.98µm
core0.regs.registers\[0\]\[2\],11.98µm
system.shared_memory.memory\[22\]\[30\],11.98µm
system.shared_memory.memory\[9\]\[11\],11.98µm
net3763,11.98µm
_03662_,11.96µm
_04146_,11.96µm
_04170_,11.96µm
_04577_,11.96µm
_04664_,11.96µm
_06046_,11.96µm
_06456_,11.96µm
_06850_,11.96µm
_07456_,11.96µm
system.shared_memory.memory\[22\]\[6\],11.96µm
system.shared_memory.memory\[29\]\[5\],11.96µm
system.shared_memory.memory\[30\]\[0\],11.96µm
system.shared_memory.memory\[3\]\[21\],11.96µm
system.shared_memory.memory\[55\]\[18\],11.96µm
system.shared_memory.memory\[60\]\[21\],11.96µm
system.shared_memory.memory\[8\]\[11\],11.96µm
system.shared_memory.memory\[52\]\[11\],11.94µm
_00106_,11.925µm
_03449_,11.92µm
_06612_,11.92µm
core1.regs.registers\[6\]\[7\],11.92µm
system.shared_memory.memory\[32\]\[0\],11.92µm
system.shared_memory.memory\[53\]\[26\],11.92µm
system.shared_memory.memory\[54\]\[14\],11.92µm
system.shared_memory.memory\[54\]\[15\],11.92µm
system.shared_memory.memory\[55\]\[30\],11.92µm
_02684_,11.905µm
_03742_,11.9µm
_04302_,11.9µm
system.shared_memory.memory\[20\]\[25\],11.9µm
system.shared_memory.memory\[62\]\[20\],11.9µm
core1.regs.registers\[1\]\[5\],11.88µm
system.shared_memory.memory\[19\]\[19\],11.88µm
system.shared_memory.memory\[27\]\[24\],11.88µm
system.shared_memory.memory\[31\]\[0\],11.88µm
system.shared_memory.memory\[53\]\[15\],11.88µm
system.shared_memory.pending_write_strobe\[1\],11.875µm
system.shared_memory.memory\[24\]\[20\],11.86µm
system.shared_memory.memory\[4\]\[0\],11.86µm
system.shared_memory.memory\[55\]\[5\],11.86µm
system.shared_memory.memory\[46\]\[25\],11.845µm
_03127_,11.84µm
_03362_,11.84µm
_04088_,11.84µm
_05912_,11.84µm
_06433_,11.84µm
system.shared_memory.memory\[0\]\[8\],11.84µm
system.shared_memory.memory\[14\]\[15\],11.84µm
system.shared_memory.memory\[17\]\[13\],11.84µm
system.shared_memory.memory\[20\]\[11\],11.84µm
system.shared_memory.memory\[27\]\[1\],11.84µm
system.shared_memory.memory\[50\]\[13\],11.84µm
system.shared_memory.memory\[52\]\[8\],11.84µm
system.shared_memory.memory\[7\]\[28\],11.84µm
_02462_,11.825µm
_03322_,11.82µm
_06683_,11.82µm
core0.regs.registers\[0\]\[27\],11.82µm
system.shared_memory.memory\[40\]\[13\],11.82µm
_04683_,11.8µm
_05116_,11.8µm
_06241_,11.8µm
_06888_,11.8µm
system.shared_memory.memory\[27\]\[7\],11.8µm
system.shared_memory.memory\[50\]\[1\],11.8µm
_01198_,11.78µm
_04911_,11.78µm
_07345_,11.78µm
core0.regs.registers\[0\]\[28\],11.78µm
system.shared_memory.memory\[0\]\[5\],11.78µm
system.shared_memory.memory\[19\]\[5\],11.78µm
system.shared_memory.memory\[1\]\[9\],11.78µm
system.shared_memory.memory\[25\]\[17\],11.78µm
system.shared_memory.memory\[38\]\[19\],11.78µm
system.shared_memory.memory\[41\]\[4\],11.78µm
system.shared_memory.memory\[43\]\[12\],11.78µm
system.shared_memory.memory\[57\]\[13\],11.78µm
system.shared_memory.memory\[58\]\[13\],11.78µm
core1.regs.registers\[2\]\[20\],11.76µm
system.shared_memory.memory\[19\]\[8\],11.76µm
system.shared_memory.memory\[7\]\[21\],11.76µm
_03324_,11.74µm
_03845_,11.74µm
_04604_,11.74µm
_05026_,11.74µm
system.shared_memory.memory\[15\]\[19\],11.74µm
system.shared_memory.memory\[17\]\[25\],11.74µm
system.shared_memory.memory\[21\]\[2\],11.74µm
system.shared_memory.memory\[57\]\[20\],11.74µm
_05578_,11.72µm
_05840_,11.72µm
system.shared_memory.memory\[10\]\[24\],11.72µm
system.shared_memory.memory\[15\]\[28\],11.72µm
system.shared_memory.memory\[52\]\[12\],11.72µm
system.shared_memory.memory\[8\]\[23\],11.72µm
_03280_,11.7µm
_04474_,11.7µm
_05328_,11.7µm
_05472_,11.7µm
_05768_,11.7µm
_06182_,11.7µm
_06528_,11.7µm
_06546_,11.7µm
core1.regs.registers\[7\]\[9\],11.7µm
system.shared_memory.memory\[34\]\[14\],11.7µm
system.shared_memory.memory\[57\]\[9\],11.7µm
system.shared_memory.memory\[62\]\[14\],11.7µm
net2430,11.7µm
_01785_,11.685µm
system.shared_memory.memory\[17\]\[4\],11.68µm
_07136_,11.66µm
core0.regs.registers\[2\]\[10\],11.66µm
core0.regs.registers\[2\]\[25\],11.66µm
core0.regs.registers\[3\]\[17\],11.66µm
system.shared_memory.memory\[16\]\[9\],11.66µm
system.shared_memory.memory\[41\]\[27\],11.66µm
system.shared_memory.memory\[55\]\[25\],11.66µm
system.shared_memory.memory\[6\]\[13\],11.66µm
_05329_,11.655µm
_06679_,11.64µm
system.shared_memory.memory\[33\]\[10\],11.64µm
system.uart_system.m_axi_araddr\[4\],11.64µm
_00175_,11.625µm
_02132_,11.625µm
system.shared_memory.memory\[26\]\[4\],11.625µm
_03131_,11.62µm
_05660_,11.62µm
_05927_,11.62µm
system.shared_memory.memory\[15\]\[5\],11.62µm
system.shared_memory.memory\[55\]\[16\],11.62µm
_03765_,11.6µm
_06074_,11.6µm
system.shared_memory.memory\[36\]\[19\],11.6µm
system.shared_memory.memory\[60\]\[25\],11.6µm
_04026_,11.58µm
_04332_,11.58µm
_05855_,11.58µm
_07289_,11.58µm
core1.regs.registers\[1\]\[9\],11.58µm
system.shared_memory.memory\[22\]\[14\],11.58µm
system.shared_memory.memory\[40\]\[27\],11.58µm
_03769_,11.56µm
_06786_,11.56µm
system.shared_memory.memory\[12\]\[7\],11.56µm
system.shared_memory.memory\[25\]\[27\],11.56µm
system.shared_memory.memory\[36\]\[3\],11.56µm
system.shared_memory.memory\[50\]\[28\],11.56µm
net3635,11.56µm
_06813_,11.55µm
system.shared_memory.memory\[62\]\[12\],11.545µm
_04935_,11.54µm
core1.regs.registers\[1\]\[15\],11.54µm
system.shared_memory.memory\[1\]\[22\],11.54µm
system.shared_memory.memory\[32\]\[13\],11.54µm
system.shared_memory.memory\[38\]\[27\],11.54µm
system.shared_memory.memory\[41\]\[21\],11.54µm
system.shared_memory.memory\[9\]\[16\],11.54µm
system.shared_memory.memory\[12\]\[26\],11.535µm
system.shared_memory.memory\[28\]\[17\],11.53µm
_01847_,11.52µm
system.shared_memory.memory\[15\]\[15\],11.52µm
system.shared_memory.memory\[19\]\[1\],11.52µm
system.shared_memory.memory\[1\]\[30\],11.52µm
system.shared_memory.memory\[24\]\[28\],11.52µm
system.shared_memory.memory\[24\]\[31\],11.52µm
system.shared_memory.memory\[49\]\[0\],11.52µm
system.shared_memory.memory\[59\]\[11\],11.52µm
system.shared_memory.memory\[7\]\[14\],11.52µm
net2350,11.52µm
system.shared_memory.memory\[54\]\[26\],11.505µm
_04084_,11.5µm
system.shared_memory.memory\[18\]\[9\],11.5µm
system.shared_memory.memory\[28\]\[19\],11.5µm
net1874,11.5µm
_01828_,11.485µm
system.shared_memory.memory\[4\]\[6\],11.48µm
system.shared_memory.memory\[51\]\[2\],11.48µm
system.shared_memory.memory\[63\]\[28\],11.48µm
net2278,11.48µm
net3351,11.48µm
system.shared_memory.memory\[44\]\[8\],11.465µm
system.shared_memory.memory\[62\]\[31\],11.465µm
_03633_,11.46µm
_04323_,11.46µm
_05347_,11.46µm
_05616_,11.46µm
_05758_,11.46µm
_07059_,11.46µm
system.shared_memory.memory\[33\]\[26\],11.46µm
system.uart_system.m_axi_araddr\[10\],11.46µm
net1929,11.46µm
net2015,11.46µm
net2490,11.46µm
system.shared_memory.memory\[18\]\[12\],11.455µm
_06149_,11.44µm
system.shared_memory.memory\[52\]\[18\],11.425µm
_03706_,11.42µm
system.shared_memory.memory\[0\]\[2\],11.42µm
system.shared_memory.memory\[12\]\[28\],11.42µm
system.shared_memory.memory\[18\]\[11\],11.42µm
system.shared_memory.memory\[22\]\[9\],11.42µm
system.shared_memory.memory\[25\]\[5\],11.42µm
system.shared_memory.memory\[33\]\[7\],11.42µm
system.shared_memory.memory\[37\]\[4\],11.42µm
system.shared_memory.memory\[45\]\[22\],11.42µm
net1419,11.42µm
_01707_,11.405µm
_01979_,11.405µm
_05750_,11.4µm
system.shared_memory.memory\[48\]\[22\],11.4µm
system.shared_memory.memory\[63\]\[27\],11.4µm
net3160,11.4µm
_00782_,11.385µm
system.shared_memory.memory\[28\]\[11\],11.385µm
_03302_,11.38µm
_07280_,11.38µm
system.shared_memory.memory\[21\]\[6\],11.38µm
system.shared_memory.memory\[2\]\[27\],11.38µm
system.shared_memory.memory\[32\]\[19\],11.38µm
system.shared_memory.memory\[42\]\[26\],11.38µm
system.shared_memory.memory\[44\]\[13\],11.38µm
system.shared_memory.memory\[51\]\[23\],11.38µm
system.shared_memory.memory\[58\]\[22\],11.38µm
net3421,11.38µm
_03690_,11.36µm
system.shared_memory.memory\[13\]\[11\],11.36µm
net3542,11.36µm
_04016_,11.34µm
_05706_,11.34µm
core0.regs.registers\[0\]\[9\],11.34µm
system.shared_memory.memory\[54\]\[11\],11.34µm
_03799_,11.33µm
_03173_,11.32µm
_06076_,11.32µm
_06379_,11.32µm
system.shared_memory.memory\[24\]\[1\],11.32µm
system.shared_memory.memory\[29\]\[10\],11.32µm
system.shared_memory.memory\[36\]\[11\],11.32µm
system.shared_memory.memory\[39\]\[0\],11.32µm
system.uart_system.m_axi_awaddr\[24\],11.32µm
net3219,11.32µm
system.shared_memory.memory\[44\]\[5\],11.315µm
net3791,11.315µm
_03232_,11.3µm
_06985_,11.3µm
system.shared_memory.memory\[12\]\[31\],11.3µm
system.shared_memory.memory\[15\]\[11\],11.3µm
system.shared_memory.memory\[16\]\[26\],11.3µm
system.shared_memory.memory\[37\]\[12\],11.3µm
system.shared_memory.memory\[3\]\[17\],11.3µm
system.shared_memory.memory\[49\]\[30\],11.3µm
system.shared_memory.memory\[56\]\[19\],11.3µm
system.shared_memory.memory\[57\]\[16\],11.3µm
_01505_,11.285µm
_04215_,11.28µm
_04960_,11.28µm
_05011_,11.28µm
core1.regs.registers\[3\]\[15\],11.28µm
system.shared_memory.memory\[37\]\[19\],11.28µm
system.shared_memory.memory\[38\]\[5\],11.28µm
system.shared_memory.memory\[3\]\[24\],11.28µm
system.uart_system.m_axi_araddr\[19\],11.28µm
net3560,11.28µm
_06045_,11.26µm
_06096_,11.26µm
system.shared_memory.memory\[29\]\[30\],11.26µm
_02356_,11.245µm
_02702_,11.245µm
_03327_,11.24µm
_03342_,11.24µm
_04794_,11.24µm
_05083_,11.24µm
_05562_,11.24µm
_05770_,11.24µm
_06178_,11.24µm
_06193_,11.24µm
_06466_,11.24µm
_07061_,11.24µm
system.shared_memory.memory\[18\]\[6\],11.24µm
system.shared_memory.memory\[39\]\[26\],11.24µm
system.shared_memory.memory\[57\]\[7\],11.24µm
net2018,11.24µm
net2874,11.24µm
net3721,11.24µm
_04039_,11.22µm
_05370_,11.22µm
system.shared_memory.memory\[34\]\[10\],11.22µm
system.shared_memory.memory\[49\]\[6\],11.22µm
system.shared_memory.memory\[57\]\[28\],11.22µm
_02733_,11.2µm
_04109_,11.2µm
_04510_,11.2µm
core0.regs.registers\[3\]\[5\],11.2µm
system.shared_memory.memory\[11\]\[7\],11.2µm
system.shared_memory.memory\[32\]\[30\],11.2µm
system.shared_memory.memory\[35\]\[24\],11.2µm
system.shared_memory.memory\[40\]\[15\],11.2µm
system.shared_memory.memory\[43\]\[27\],11.2µm
system.shared_memory.memory\[46\]\[31\],11.2µm
system.shared_memory.memory\[56\]\[17\],11.2µm
system.shared_memory.memory\[58\]\[28\],11.2µm
system.uart_system.uart_slave.write_data\[3\],11.2µm
net2894,11.2µm
net3731,11.2µm
_06676_,11.18µm
core1.regs.registers\[2\]\[26\],11.18µm
core1.regs.registers\[7\]\[0\],11.18µm
system.shared_memory.memory\[27\]\[26\],11.18µm
system.shared_memory.memory\[60\]\[16\],11.18µm
net1265,11.18µm
system.shared_memory.memory\[34\]\[21\],11.175µm
_02730_,11.16µm
_03637_,11.16µm
_04124_,11.16µm
_06107_,11.16µm
_06332_,11.16µm
_06401_,11.16µm
system.shared_memory.memory\[26\]\[15\],11.16µm
system.shared_memory.memory\[26\]\[3\],11.16µm
system.shared_memory.memory\[29\]\[26\],11.16µm
system.uart_system.uart_slave.write_address\[20\],11.16µm
net3719,11.16µm
net2889,11.14µm
_03896_,11.12µm
_04877_,11.12µm
system.shared_memory.memory\[23\]\[29\],11.12µm
system.shared_memory.memory\[40\]\[23\],11.12µm
system.shared_memory.memory\[48\]\[21\],11.12µm
system.shared_memory.memory\[48\]\[25\],11.12µm
_02688_,11.1µm
system.shared_memory.memory\[25\]\[2\],11.1µm
system.shared_memory.memory\[27\]\[17\],11.1µm
net2670,11.1µm
_03174_,11.08µm
_05176_,11.08µm
_05445_,11.08µm
_07091_,11.08µm
_07475_,11.08µm
system.shared_memory.memory\[19\]\[30\],11.08µm
system.shared_memory.memory\[30\]\[19\],11.08µm
system.shared_memory.memory\[42\]\[17\],11.08µm
system.shared_memory.memory\[47\]\[7\],11.06µm
system.shared_memory.memory\[58\]\[18\],11.06µm
system.shared_memory.memory\[62\]\[29\],11.06µm
_00180_,11.045µm
system.shared_memory.memory\[5\]\[1\],11.045µm
system.shared_memory.memory\[60\]\[2\],11.045µm
_03400_,11.04µm
_04279_,11.04µm
core1.regs.registers\[6\]\[10\],11.04µm
system.shared_memory.memory\[11\]\[30\],11.04µm
system.shared_memory.memory\[19\]\[22\],11.04µm
system.shared_memory.memory\[50\]\[9\],11.04µm
net2027,11.04µm
net2077,11.04µm
net3765,11.04µm
net3805,11.04µm
system.shared_memory.memory\[60\]\[29\],11.03µm
_05498_,11.02µm
net2389,11.02µm
net2700,11.02µm
net2762,11.02µm
net2938,11.02µm
net3442,11.02µm
_00042_,11.005µm
_01890_,11.005µm
_03827_,11µm
_06640_,11µm
_07092_,11µm
core1.regs.registers\[3\]\[2\],11µm
system.shared_memory.memory\[13\]\[25\],11µm
system.shared_memory.memory\[17\]\[21\],11µm
system.shared_memory.memory\[23\]\[25\],11µm
system.shared_memory.memory\[2\]\[29\],11µm
core0.regs.registers\[2\]\[0\],10.98µm
system.shared_memory.memory\[13\]\[22\],10.98µm
system.shared_memory.memory\[56\]\[0\],10.98µm
system.shared_memory.memory\[10\]\[12\],10.96µm
system.shared_memory.memory\[16\]\[14\],10.96µm
system.shared_memory.memory\[40\]\[19\],10.96µm
system.shared_memory.memory\[45\]\[21\],10.96µm
system.shared_memory.memory\[52\]\[21\],10.96µm
_05361_,10.94µm
system.shared_memory.memory\[18\]\[10\],10.94µm
net2734,10.94µm
_00173_,10.925µm
_00319_,10.925µm
system.shared_memory.memory\[5\]\[30\],10.92µm
system.shared_memory.memory\[5\]\[8\],10.92µm
system.shared_memory.memory\[61\]\[15\],10.92µm
system.shared_memory.memory\[8\]\[26\],10.92µm
_02269_,10.915µm
system.shared_memory.memory\[55\]\[1\],10.91µm
_05202_,10.9µm
_05376_,10.9µm
_06091_,10.9µm
_06270_,10.9µm
_07063_,10.9µm
system.shared_memory.memory\[1\]\[24\],10.9µm
system.shared_memory.memory\[21\]\[3\],10.9µm
system.shared_memory.memory\[48\]\[0\],10.9µm
system.shared_memory.memory\[52\]\[30\],10.9µm
system.uart_system.m_axi_araddr\[15\],10.9µm
_00181_,10.885µm
_04268_,10.88µm
system.shared_memory.memory\[30\]\[22\],10.88µm
_02829_,10.875µm
system.shared_memory.memory\[24\]\[25\],10.86µm
system.shared_memory.memory\[25\]\[28\],10.86µm
system.shared_memory.memory\[25\]\[31\],10.86µm
system.shared_memory.memory\[33\]\[13\],10.86µm
system.shared_memory.memory\[9\]\[0\],10.86µm
system.shared_memory.memory\[45\]\[1\],10.855µm
system.shared_memory.memory\[34\]\[2\],10.84µm
system.shared_memory.memory\[40\]\[20\],10.84µm
_04512_,10.82µm
_06700_,10.82µm
system.shared_memory.memory\[29\]\[6\],10.82µm
system.shared_memory.memory\[31\]\[9\],10.82µm
system.shared_memory.memory\[33\]\[22\],10.82µm
system.shared_memory.memory\[39\]\[25\],10.82µm
system.shared_memory.memory\[59\]\[15\],10.82µm
system.shared_memory.memory\[59\]\[21\],10.82µm
system.shared_memory.memory\[5\]\[22\],10.82µm
system.shared_memory.memory\[61\]\[20\],10.82µm
_04150_,10.8µm
_04178_,10.8µm
_04906_,10.8µm
_06112_,10.8µm
system.shared_memory.memory\[48\]\[24\],10.8µm
system.shared_memory.memory\[7\]\[25\],10.8µm
core1.regs.registers\[1\]\[28\],10.785µm
_03697_,10.78µm
_03854_,10.78µm
_05484_,10.78µm
_05752_,10.78µm
_05806_,10.78µm
_05874_,10.78µm
_05890_,10.78µm
_06103_,10.78µm
_06450_,10.78µm
system.shared_memory.memory\[23\]\[16\],10.78µm
system.shared_memory.memory\[2\]\[0\],10.78µm
system.shared_memory.memory\[39\]\[16\],10.78µm
system.shared_memory.memory\[56\]\[2\],10.78µm
system.shared_memory.memory\[7\]\[29\],10.78µm
system.shared_memory.memory\[9\]\[3\],10.78µm
system.uart_system.m_axi_araddr\[23\],10.78µm
net1831,10.78µm
net3320,10.78µm
system.shared_memory.memory\[22\]\[31\],10.775µm
system.shared_memory.memory\[4\]\[31\],10.76µm
_00709_,10.745µm
system.shared_memory.memory\[12\]\[16\],10.745µm
system.shared_memory.memory\[36\]\[14\],10.745µm
_04526_,10.74µm
core1.regs.registers\[2\]\[3\],10.74µm
core1.regs.registers\[6\]\[0\],10.74µm
system.shared_memory.memory\[14\]\[5\],10.74µm
system.shared_memory.memory\[1\]\[23\],10.74µm
system.shared_memory.memory\[2\]\[11\],10.74µm
system.shared_memory.memory\[39\]\[30\],10.74µm
system.shared_memory.memory\[43\]\[11\],10.74µm
system.shared_memory.memory\[44\]\[27\],10.74µm
system.shared_memory.memory\[8\]\[16\],10.74µm
_03110_,10.72µm
_05030_,10.72µm
_06038_,10.72µm
_06582_,10.72µm
system.shared_memory.memory\[15\]\[13\],10.72µm
system.shared_memory.memory\[19\]\[7\],10.72µm
_02577_,10.705µm
_04190_,10.7µm
_04294_,10.7µm
_04503_,10.7µm
_04543_,10.7µm
_05686_,10.7µm
_06070_,10.7µm
_07436_,10.7µm
system.shared_memory.memory\[29\]\[28\],10.7µm
system.shared_memory.memory\[2\]\[7\],10.7µm
system.shared_memory.memory\[63\]\[25\],10.7µm
system.shared_memory.memory\[8\]\[18\],10.7µm
system.shared_memory.memory\[8\]\[1\],10.7µm
net2777,10.7µm
net3693,10.7µm
_05087_,10.68µm
system.shared_memory.memory\[18\]\[13\],10.68µm
system.shared_memory.memory\[21\]\[12\],10.68µm
system.shared_memory.memory\[24\]\[3\],10.68µm
system.shared_memory.memory\[42\]\[20\],10.68µm
_02286_,10.665µm
_03212_,10.66µm
_04117_,10.66µm
_04454_,10.66µm
_04968_,10.66µm
_05501_,10.66µm
_06387_,10.66µm
core1.regs.registers\[5\]\[31\],10.66µm
core1.regs.registers\[6\]\[2\],10.66µm
system.shared_memory.memory\[47\]\[25\],10.66µm
net1909,10.66µm
_01697_,10.645µm
_02189_,10.64µm
system.shared_memory.memory\[18\]\[26\],10.64µm
system.shared_memory.memory\[1\]\[21\],10.64µm
net3283,10.64µm
system.shared_memory.memory\[18\]\[21\],10.625µm
_03701_,10.62µm
_06453_,10.62µm
_07450_,10.62µm
core0.regs.registers\[2\]\[15\],10.62µm
core0.regs.registers\[2\]\[4\],10.62µm
system.shared_memory.memory\[20\]\[31\],10.62µm
system.shared_memory.memory\[33\]\[6\],10.62µm
system.shared_memory.memory\[47\]\[21\],10.62µm
system.shared_memory.memory\[53\]\[20\],10.62µm
system.uart_system.m_axi_araddr\[21\],10.62µm
system.shared_memory.memory\[33\]\[23\],10.6µm
system.shared_memory.memory\[61\]\[14\],10.6µm
net3417,10.6µm
net3640,10.6µm
net3747,10.6µm
_04173_,10.59µm
system.shared_memory.memory\[40\]\[6\],10.585µm
system.shared_memory.memory\[60\]\[1\],10.585µm
_04096_,10.58µm
_05002_,10.58µm
system.shared_memory.memory\[32\]\[3\],10.58µm
system.shared_memory.memory\[35\]\[1\],10.58µm
system.shared_memory.memory\[36\]\[18\],10.58µm
system.shared_memory.memory\[42\]\[10\],10.58µm
system.shared_memory.memory\[49\]\[20\],10.58µm
system.shared_memory.memory\[59\]\[20\],10.58µm
net1417,10.58µm
_02155_,10.565µm
_00208_,10.56µm
system.shared_memory.memory\[21\]\[31\],10.56µm
net2175,10.56µm
net2305,10.56µm
net3006,10.56µm
net3147,10.56µm
_04896_,10.55µm
_04723_,10.54µm
_04837_,10.54µm
_05071_,10.54µm
_05312_,10.54µm
_05968_,10.54µm
_07465_,10.54µm
system.shared_memory.memory\[10\]\[1\],10.54µm
system.shared_memory.memory\[26\]\[19\],10.54µm
system.shared_memory.memory\[30\]\[12\],10.54µm
system.shared_memory.memory\[48\]\[17\],10.54µm
system.shared_memory.memory\[55\]\[31\],10.54µm
system.shared_memory.memory\[62\]\[27\],10.54µm
system.shared_memory.memory\[15\]\[7\],10.52µm
system.shared_memory.memory\[56\]\[26\],10.52µm
_00372_,10.505µm
_01991_,10.505µm
system.shared_memory.memory\[4\]\[13\],10.505µm
_02718_,10.5µm
_04187_,10.5µm
_05615_,10.5µm
_06281_,10.5µm
_07256_,10.5µm
core1.regs.registers\[1\]\[0\],10.5µm
system.interconnect_unit.mem_read_data\[0\],10.5µm
system.shared_memory.memory\[13\]\[28\],10.5µm
system.shared_memory.memory\[1\]\[13\],10.5µm
system.shared_memory.memory\[1\]\[14\],10.5µm
system.shared_memory.memory\[21\]\[22\],10.5µm
system.shared_memory.memory\[27\]\[27\],10.5µm
system.shared_memory.memory\[2\]\[8\],10.5µm
system.shared_memory.memory\[37\]\[26\],10.5µm
system.shared_memory.memory\[40\]\[16\],10.5µm
system.shared_memory.memory\[40\]\[7\],10.5µm
system.shared_memory.memory\[48\]\[12\],10.5µm
system.shared_memory.memory\[57\]\[26\],10.5µm
system.shared_memory.memory\[9\]\[4\],10.5µm
system.uart_system.m_axi_araddr\[22\],10.5µm
net1264,10.5µm
_05882_,10.495µm
_01422_,10.485µm
_01462_,10.485µm
net2558,10.48µm
_03606_,10.46µm
_04375_,10.46µm
_05729_,10.46µm
system.shared_memory.memory\[13\]\[20\],10.46µm
system.shared_memory.memory\[46\]\[2\],10.46µm
system.shared_memory.memory\[51\]\[28\],10.46µm
system.shared_memory.memory\[54\]\[21\],10.46µm
system.shared_memory.memory\[49\]\[27\],10.44µm
net2148,10.44µm
_07566_,10.42µm
system.shared_memory.memory\[18\]\[14\],10.42µm
system.shared_memory.memory\[30\]\[16\],10.42µm
system.shared_memory.memory\[47\]\[27\],10.42µm
system.shared_memory.memory\[57\]\[24\],10.42µm
system.shared_memory.memory\[7\]\[10\],10.42µm
_03267_,10.4µm
_03810_,10.4µm
_04658_,10.4µm
_05870_,10.4µm
_06302_,10.4µm
_07087_,10.4µm
_07333_,10.4µm
system.shared_memory.memory\[0\]\[1\],10.4µm
system.shared_memory.memory\[17\]\[10\],10.4µm
system.shared_memory.memory\[29\]\[7\],10.4µm
system.shared_memory.memory\[3\]\[9\],10.4µm
system.shared_memory.memory\[47\]\[29\],10.4µm
system.shared_memory.memory\[49\]\[15\],10.4µm
system.shared_memory.memory\[51\]\[3\],10.4µm
system.shared_memory.memory\[59\]\[1\],10.4µm
system.shared_memory.memory\[5\]\[20\],10.4µm
system.shared_memory.memory\[61\]\[27\],10.4µm
_04298_,10.38µm
_06393_,10.38µm
core0.regs.registers\[0\]\[18\],10.38µm
system.shared_memory.memory\[11\]\[14\],10.38µm
system.shared_memory.memory\[28\]\[3\],10.38µm
system.shared_memory.memory\[30\]\[17\],10.38µm
system.shared_memory.memory\[41\]\[6\],10.38µm
system.shared_memory.memory\[44\]\[28\],10.38µm
system.shared_memory.memory\[48\]\[2\],10.38µm
system.shared_memory.memory\[49\]\[16\],10.38µm
system.shared_memory.memory\[51\]\[30\],10.38µm
_02108_,10.365µm
_02122_,10.36µm
_04601_,10.36µm
_05564_,10.36µm
system.shared_memory.memory\[10\]\[7\],10.36µm
system.shared_memory.memory\[21\]\[13\],10.36µm
system.shared_memory.memory\[35\]\[29\],10.36µm
system.shared_memory.memory\[50\]\[20\],10.36µm
system.shared_memory.memory\[6\]\[22\],10.36µm
_00229_,10.345µm
_06055_,10.34µm
_06315_,10.34µm
_01437_,10.335µm
system.shared_memory.memory\[44\]\[12\],10.335µm
core1.regs.registers\[1\]\[14\],10.33µm
_02297_,10.325µm
_03112_,10.32µm
_03910_,10.32µm
_05254_,10.32µm
_05411_,10.32µm
_05459_,10.32µm
_05786_,10.32µm
_05794_,10.32µm
_06127_,10.32µm
_06207_,10.32µm
system.shared_memory.memory\[52\]\[16\],10.32µm
system.shared_memory.memory\[9\]\[1\],10.32µm
net3050,10.32µm
_03702_,10.3µm
core1.regs.registers\[1\]\[3\],10.3µm
system.shared_memory.memory\[4\]\[11\],10.3µm
net2152,10.3µm
_00781_,10.285µm
_03849_,10.28µm
_04274_,10.28µm
_05532_,10.28µm
system.shared_memory.memory\[17\]\[0\],10.28µm
system.shared_memory.memory\[28\]\[24\],10.28µm
system.shared_memory.memory\[40\]\[0\],10.28µm
system.shared_memory.memory\[42\]\[12\],10.28µm
system.shared_memory.memory\[50\]\[18\],10.28µm
system.shared_memory.memory\[54\]\[6\],10.28µm
system.uart_system.uart_slave.write_address\[27\],10.28µm
net1437,10.28µm
net2672,10.28µm
system.shared_memory.memory\[6\]\[8\],10.26µm
_00347_,10.245µm
_03158_,10.24µm
_03613_,10.24µm
_05385_,10.24µm
_05455_,10.24µm
_06222_,10.24µm
_07519_,10.24µm
core0.regs.registers\[3\]\[0\],10.24µm
system.shared_memory.memory\[32\]\[22\],10.24µm
system.uart_system.m_axi_araddr\[31\],10.24µm
net1565,10.24µm
net2837,10.24µm
_05215_,10.23µm
_01202_,10.22µm
_06605_,10.215µm
system.shared_memory.memory\[10\]\[21\],10.215µm
_03768_,10.21µm
system.shared_memory.memory\[9\]\[23\],10.21µm
_00399_,10.205µm
_03189_,10.2µm
_03776_,10.2µm
_04656_,10.2µm
_05834_,10.2µm
_06197_,10.2µm
system.shared_memory.memory\[33\]\[11\],10.2µm
net2286,10.2µm
net2991,10.2µm
_00948_,10.195µm
system.shared_memory.memory\[0\]\[7\],10.18µm
system.shared_memory.memory\[14\]\[4\],10.18µm
system.shared_memory.memory\[48\]\[9\],10.18µm
_00298_,10.165µm
_01304_,10.165µm
system.shared_memory.memory\[20\]\[26\],10.165µm
system.shared_memory.memory\[58\]\[14\],10.165µm
_04027_,10.16µm
_05831_,10.16µm
system.shared_memory.memory\[14\]\[13\],10.16µm
system.shared_memory.memory\[38\]\[2\],10.16µm
system.shared_memory.memory\[41\]\[18\],10.16µm
system.shared_memory.memory\[49\]\[31\],10.16µm
system.shared_memory.memory\[12\]\[23\],10.14µm
system.shared_memory.memory\[23\]\[5\],10.14µm
system.shared_memory.memory\[36\]\[28\],10.14µm
system.shared_memory.memory\[4\]\[22\],10.125µm
system.shared_memory.memory\[62\]\[9\],10.125µm
_04030_,10.12µm
_04777_,10.12µm
_06267_,10.12µm
_06653_,10.12µm
_07170_,10.12µm
system.shared_memory.memory\[62\]\[15\],10.12µm
net1512,10.12µm
net2044,10.12µm
net3116,10.12µm
net3955,10.11µm
_04289_,10.1µm
_06703_,10.1µm
net2411,10.1µm
net2521,10.1µm
net3186,10.1µm
net3352,10.1µm
net3405,10.1µm
net3462,10.1µm
_00155_,10.095µm
system.shared_memory.memory\[62\]\[4\],10.085µm
system.shared_memory.memory\[29\]\[19\],10.08µm
system.shared_memory.memory\[31\]\[11\],10.08µm
system.shared_memory.memory\[4\]\[25\],10.08µm
system.shared_memory.memory\[50\]\[2\],10.08µm
_02292_,10.065µm
_03238_,10.06µm
system.shared_memory.memory\[33\]\[29\],10.06µm
system.shared_memory.memory\[38\]\[25\],10.06µm
net1592,10.06µm
net1815,10.06µm
net3453,10.06µm
system.shared_memory.memory\[20\]\[3\],10.045µm
_07504_,10.04µm
core1.regs.registers\[5\]\[15\],10.04µm
system.shared_memory.memory\[11\]\[27\],10.04µm
system.shared_memory.memory\[24\]\[29\],10.04µm
system.shared_memory.memory\[32\]\[16\],10.04µm
system.shared_memory.memory\[41\]\[20\],10.04µm
system.shared_memory.memory\[42\]\[4\],10.04µm
system.shared_memory.memory\[46\]\[3\],10.04µm
system.shared_memory.memory\[4\]\[21\],10.04µm
system.shared_memory.memory\[59\]\[23\],10.04µm
system.shared_memory.memory\[5\]\[25\],10.04µm
system.uart_system.uart_slave.write_address\[4\],10.04µm
core0.regs.registers\[2\]\[20\],10.02µm
system.shared_memory.memory\[30\]\[15\],10.02µm
_03903_,10µm
_04102_,10µm
core0.regs.registers\[0\]\[20\],10µm
core0.regs.registers\[2\]\[5\],10µm
core1.regs.registers\[7\]\[23\],10µm
system.shared_memory.memory\[2\]\[12\],10µm
system.shared_memory.memory\[31\]\[19\],10µm
system.shared_memory.memory\[32\]\[20\],10µm
system.shared_memory.memory\[38\]\[4\],10µm
net1299,10µm
_00811_,9.995µm
_02683_,9.985µm
core1.regs.registers\[5\]\[6\],9.98µm
system.shared_memory.memory\[23\]\[15\],9.98µm
system.shared_memory.memory\[51\]\[12\],9.98µm
net2584,9.98µm
net3802,9.98µm
core1.regs.registers\[7\]\[3\],9.96µm
system.shared_memory.memory\[20\]\[30\],9.96µm
system.shared_memory.memory\[7\]\[18\],9.96µm
_00544_,9.945µm
system.shared_memory.memory\[54\]\[5\],9.945µm
net1248,9.945µm
_04142_,9.94µm
core0.pc\[31\],9.94µm
core1.regs.registers\[6\]\[26\],9.94µm
system.shared_memory.memory\[31\]\[12\],9.94µm
system.shared_memory.memory\[37\]\[18\],9.94µm
system.shared_memory.memory\[39\]\[19\],9.94µm
system.shared_memory.memory\[3\]\[16\],9.94µm
system.shared_memory.memory\[3\]\[19\],9.94µm
system.shared_memory.memory\[43\]\[4\],9.94µm
system.shared_memory.memory\[46\]\[29\],9.94µm
system.shared_memory.memory\[53\]\[4\],9.94µm
system.shared_memory.memory\[54\]\[16\],9.94µm
system.shared_memory.memory\[56\]\[11\],9.94µm
system.shared_memory.memory\[59\]\[24\],9.94µm
system.shared_memory.memory\[10\]\[5\],9.92µm
system.shared_memory.memory\[46\]\[19\],9.92µm
system.shared_memory.memory\[46\]\[7\],9.92µm
system.shared_memory.memory\[48\]\[5\],9.92µm
system.shared_memory.memory\[53\]\[18\],9.92µm
system.shared_memory.memory\[5\]\[23\],9.92µm
_07125_,9.91µm
_01272_,9.905µm
_02821_,9.9µm
_05600_,9.9µm
_06377_,9.9µm
_06425_,9.9µm
_06709_,9.9µm
core0.regs.registers\[3\]\[18\],9.9µm
system.shared_memory.memory\[12\]\[30\],9.9µm
system.shared_memory.memory\[13\]\[1\],9.9µm
system.shared_memory.memory\[15\]\[16\],9.9µm
system.shared_memory.memory\[31\]\[22\],9.9µm
system.shared_memory.memory\[33\]\[20\],9.9µm
system.shared_memory.memory\[33\]\[8\],9.9µm
system.shared_memory.memory\[35\]\[8\],9.9µm
system.shared_memory.memory\[37\]\[6\],9.9µm
system.shared_memory.memory\[39\]\[4\],9.9µm
system.shared_memory.memory\[59\]\[17\],9.9µm
system.shared_memory.memory\[6\]\[27\],9.9µm
system.uart_system.m_axi_awaddr\[12\],9.9µm
system.uart_system.m_axi_awaddr\[27\],9.9µm
_05425_,9.88µm
_05731_,9.88µm
_06050_,9.88µm
_06435_,9.88µm
core1.regs.registers\[6\]\[3\],9.88µm
system.shared_memory.memory\[34\]\[31\],9.88µm
system.shared_memory.memory\[36\]\[13\],9.88µm
net2349,9.88µm
net3714,9.88µm
system.shared_memory.memory\[4\]\[24\],9.875µm
_00901_,9.865µm
_01454_,9.865µm
_01466_,9.865µm
_01821_,9.865µm
_02265_,9.865µm
_02250_,9.86µm
_03625_,9.86µm
_05037_,9.86µm
_05635_,9.86µm
_05659_,9.86µm
_05783_,9.86µm
_06018_,9.86µm
_06305_,9.86µm
_06397_,9.86µm
_07469_,9.86µm
system.shared_memory.memory\[45\]\[15\],9.86µm
system.shared_memory.memory\[45\]\[8\],9.86µm
system.shared_memory.memory\[52\]\[23\],9.86µm
system.shared_memory.memory\[55\]\[6\],9.86µm
system.shared_memory.memory\[7\]\[7\],9.86µm
system.shared_memory.memory\[46\]\[22\],9.845µm
system.shared_memory.memory\[16\]\[31\],9.84µm
system.shared_memory.memory\[60\]\[18\],9.84µm
_00157_,9.825µm
_01889_,9.825µm
_02117_,9.825µm
_04090_,9.82µm
_04357_,9.82µm
_05119_,9.82µm
_05167_,9.82µm
_05748_,9.82µm
_05843_,9.82µm
_05889_,9.82µm
_07534_,9.82µm
core0.regs.registers\[0\]\[17\],9.82µm
core0.regs.registers\[3\]\[3\],9.82µm
core1.regs.registers\[1\]\[30\],9.82µm
system.shared_memory.memory\[10\]\[17\],9.82µm
system.shared_memory.memory\[13\]\[2\],9.82µm
system.shared_memory.memory\[21\]\[4\],9.82µm
system.shared_memory.memory\[39\]\[29\],9.82µm
system.shared_memory.memory\[3\]\[0\],9.82µm
system.shared_memory.memory\[42\]\[21\],9.82µm
system.shared_memory.memory\[46\]\[20\],9.82µm
system.shared_memory.memory\[47\]\[10\],9.82µm
system.shared_memory.memory\[48\]\[26\],9.82µm
system.shared_memory.memory\[49\]\[2\],9.82µm
system.shared_memory.memory\[4\]\[23\],9.82µm
system.shared_memory.memory\[57\]\[18\],9.82µm
system.shared_memory.memory\[62\]\[13\],9.82µm
system.shared_memory.memory\[63\]\[24\],9.82µm
system.shared_memory.memory\[9\]\[19\],9.82µm
net2941,9.82µm
net3940,9.815µm
_04111_,9.8µm
system.shared_memory.memory\[14\]\[17\],9.8µm
system.shared_memory.memory\[19\]\[0\],9.8µm
system.shared_memory.memory\[22\]\[11\],9.8µm
system.shared_memory.memory\[23\]\[31\],9.8µm
_02516_,9.785µm
system.shared_memory.memory\[10\]\[23\],9.785µm
_04404_,9.78µm
_04730_,9.78µm
_05550_,9.78µm
_05727_,9.78µm
_06083_,9.78µm
_06101_,9.78µm
_06131_,9.78µm
_06144_,9.78µm
_06189_,9.78µm
_06427_,9.78µm
_06573_,9.78µm
_07068_,9.78µm
core0.regs.registers\[3\]\[28\],9.78µm
system.shared_memory.memory\[18\]\[24\],9.78µm
system.shared_memory.memory\[22\]\[16\],9.78µm
system.shared_memory.memory\[46\]\[6\],9.78µm
system.shared_memory.memory\[55\]\[19\],9.78µm
system.shared_memory.memory\[5\]\[16\],9.78µm
system.shared_memory.memory\[6\]\[26\],9.78µm
net1801,9.78µm
net2417,9.78µm
net3334,9.78µm
_01566_,9.775µm
_02052_,9.775µm
system.shared_memory.memory\[33\]\[3\],9.77µm
_03183_,9.76µm
_03587_,9.76µm
_03754_,9.76µm
_05342_,9.76µm
system.shared_memory.memory\[25\]\[24\],9.76µm
_05223_,9.74µm
_07096_,9.74µm
_07213_,9.74µm
system.shared_memory.memory\[16\]\[0\],9.74µm
_01831_,9.735µm
_04148_,9.72µm
_04491_,9.72µm
system.shared_memory.memory\[31\]\[29\],9.72µm
system.shared_memory.memory\[32\]\[17\],9.72µm
net2566,9.72µm
_01289_,9.705µm
system.shared_memory.memory\[16\]\[15\],9.705µm
system.shared_memory.memory\[2\]\[14\],9.705µm
_05121_,9.7µm
_05373_,9.7µm
core1.regs.registers\[2\]\[13\],9.7µm
core1.regs.registers\[6\]\[30\],9.7µm
core1.regs.registers\[7\]\[11\],9.7µm
system.shared_memory.memory\[16\]\[30\],9.7µm
system.shared_memory.memory\[27\]\[30\],9.7µm
system.shared_memory.memory\[29\]\[29\],9.7µm
system.shared_memory.memory\[33\]\[17\],9.7µm
system.shared_memory.memory\[33\]\[1\],9.7µm
system.shared_memory.memory\[39\]\[14\],9.7µm
system.shared_memory.memory\[43\]\[17\],9.7µm
system.shared_memory.memory\[46\]\[17\],9.7µm
system.shared_memory.memory\[53\]\[14\],9.7µm
system.shared_memory.memory\[55\]\[3\],9.7µm
system.shared_memory.memory\[7\]\[17\],9.7µm
net1328,9.7µm
net2298,9.7µm
net3703,9.7µm
_06392_,9.68µm
_06815_,9.68µm
system.shared_memory.memory\[61\]\[6\],9.68µm
net2012,9.68µm
net2978,9.68µm
net3282,9.68µm
_04690_,9.66µm
_05013_,9.66µm
_05080_,9.66µm
_06698_,9.66µm
system.shared_memory.memory\[24\]\[30\],9.66µm
system.shared_memory.memory\[6\]\[11\],9.66µm
net1702,9.66µm
_00745_,9.645µm
_00916_,9.645µm
net2791,9.64µm
_05923_,9.62µm
system.shared_memory.memory\[16\]\[10\],9.62µm
system.shared_memory.memory\[19\]\[21\],9.62µm
system.shared_memory.memory\[22\]\[25\],9.62µm
system.shared_memory.memory\[23\]\[23\],9.62µm
system.shared_memory.memory\[31\]\[2\],9.62µm
system.shared_memory.memory\[35\]\[19\],9.62µm
system.shared_memory.memory\[38\]\[21\],9.62µm
system.shared_memory.memory\[5\]\[29\],9.62µm
system.shared_memory.memory\[63\]\[15\],9.62µm
net3741,9.62µm
net3773,9.62µm
_01319_,9.605µm
_01694_,9.605µm
core1.regs.registers\[3\]\[6\],9.6µm
system.shared_memory.memory\[15\]\[4\],9.6µm
system.shared_memory.memory\[31\]\[27\],9.6µm
system.shared_memory.memory\[46\]\[8\],9.6µm
system.shared_memory.memory\[53\]\[25\],9.6µm
system.shared_memory.memory\[8\]\[19\],9.6µm
system.shared_memory.memory\[40\]\[5\],9.595µm
_00145_,9.585µm
_00764_,9.585µm
system.shared_memory.memory\[46\]\[11\],9.585µm
_05288_,9.58µm
core1.regs.registers\[1\]\[20\],9.58µm
core1.regs.registers\[7\]\[25\],9.58µm
system.shared_memory.memory\[24\]\[11\],9.58µm
system.shared_memory.memory\[25\]\[22\],9.58µm
system.shared_memory.memory\[33\]\[9\],9.58µm
system.uart_system.uart_slave.uart_tx_unit.data_reg\[4\],9.58µm
net3481,9.58µm
net1235,9.565µm
_03273_,9.56µm
_03746_,9.56µm
_05514_,9.56µm
system.shared_memory.memory\[41\]\[30\],9.56µm
_01399_,9.555µm
_04967_,9.54µm
system.shared_memory.memory\[16\]\[24\],9.54µm
system.shared_memory.memory\[21\]\[24\],9.54µm
system.shared_memory.memory\[2\]\[26\],9.54µm
system.shared_memory.memory\[7\]\[16\],9.54µm
_00532_,9.535µm
system.shared_memory.memory\[45\]\[9\],9.535µm
_04919_,9.52µm
_05354_,9.52µm
_06590_,9.52µm
_06652_,9.52µm
system.shared_memory.memory\[13\]\[29\],9.52µm
system.shared_memory.memory\[24\]\[21\],9.52µm
system.shared_memory.memory\[32\]\[1\],9.52µm
system.shared_memory.memory\[35\]\[13\],9.52µm
system.shared_memory.memory\[53\]\[22\],9.52µm
system.shared_memory.memory\[6\]\[17\],9.52µm
net1296,9.52µm
_00385_,9.505µm
_00933_,9.505µm
_04260_,9.5µm
_04261_,9.5µm
_05695_,9.5µm
_05877_,9.5µm
core0.regs.registers\[0\]\[1\],9.5µm
system.shared_memory.memory\[17\]\[20\],9.5µm
system.shared_memory.memory\[44\]\[4\],9.5µm
system.shared_memory.memory\[47\]\[20\],9.5µm
system.shared_memory.memory\[49\]\[23\],9.5µm
system.shared_memory.memory\[51\]\[17\],9.5µm
system.shared_memory.memory\[52\]\[5\],9.5µm
system.shared_memory.memory\[31\]\[15\],9.495µm
_01752_,9.485µm
_03348_,9.48µm
_03466_,9.48µm
_03691_,9.48µm
_05809_,9.48µm
_07055_,9.48µm
system.shared_memory.memory\[11\]\[17\],9.48µm
system.shared_memory.memory\[1\]\[18\],9.48µm
system.shared_memory.memory\[21\]\[21\],9.48µm
system.shared_memory.memory\[30\]\[27\],9.48µm
system.shared_memory.memory\[34\]\[23\],9.48µm
system.shared_memory.memory\[45\]\[3\],9.48µm
system.shared_memory.memory\[46\]\[27\],9.48µm
system.shared_memory.memory\[54\]\[28\],9.48µm
system.shared_memory.memory\[54\]\[9\],9.48µm
system.shared_memory.memory\[59\]\[9\],9.48µm
system.uart_system.m_axi_rvalid,9.48µm
net1559,9.48µm
net2097,9.48µm
_05309_,9.46µm
_06828_,9.46µm
core0.regs.registers\[2\]\[6\],9.46µm
system.shared_memory.memory\[21\]\[23\],9.46µm
system.uart_system.uart_slave.data_received,9.46µm
_00373_,9.445µm
_03316_,9.44µm
_07526_,9.44µm
_07564_,9.44µm
core1.regs.registers\[6\]\[5\],9.44µm
system.shared_memory.memory\[35\]\[16\],9.44µm
system.shared_memory.memory\[38\]\[29\],9.44µm
system.shared_memory.memory\[58\]\[20\],9.44µm
system.shared_memory.memory\[63\]\[18\],9.44µm
net2882,9.44µm
_03893_,9.42µm
_04377_,9.42µm
_05997_,9.42µm
_06324_,9.42µm
_06583_,9.42µm
_07463_,9.42µm
net1750,9.42µm
net2755,9.42µm
_00221_,9.405µm
_01835_,9.405µm
_02546_,9.405µm
_05007_,9.4µm
_05384_,9.4µm
_05714_,9.4µm
core0.regs.registers\[3\]\[10\],9.4µm
system.shared_memory.memory\[29\]\[18\],9.4µm
system.shared_memory.memory\[3\]\[6\],9.4µm
system.shared_memory.memory\[49\]\[5\],9.4µm
system.shared_memory.memory\[50\]\[24\],9.4µm
system.shared_memory.memory\[59\]\[27\],9.4µm
core1.regs.registers\[2\]\[27\],9.38µm
system.shared_memory.memory\[0\]\[19\],9.38µm
system.shared_memory.memory\[15\]\[18\],9.38µm
system.shared_memory.memory\[35\]\[31\],9.38µm
system.shared_memory.memory\[36\]\[4\],9.38µm
_01447_,9.365µm
_01723_,9.365µm
_01755_,9.365µm
system.shared_memory.memory\[20\]\[20\],9.365µm
system.shared_memory.memory\[58\]\[15\],9.365µm
_04037_,9.36µm
_05489_,9.36µm
_05689_,9.36µm
_06489_,9.36µm
_06643_,9.36µm
_07090_,9.36µm
core0.regs.registers\[2\]\[18\],9.36µm
core1.regs.registers\[7\]\[28\],9.36µm
core1.regs.registers\[7\]\[31\],9.36µm
system.shared_memory.memory\[11\]\[24\],9.36µm
system.shared_memory.memory\[17\]\[11\],9.36µm
system.shared_memory.memory\[21\]\[29\],9.36µm
system.shared_memory.memory\[25\]\[10\],9.36µm
system.shared_memory.memory\[26\]\[0\],9.36µm
system.shared_memory.memory\[32\]\[29\],9.36µm
system.shared_memory.memory\[39\]\[11\],9.36µm
system.shared_memory.memory\[41\]\[15\],9.36µm
system.shared_memory.memory\[41\]\[31\],9.36µm
system.shared_memory.memory\[45\]\[19\],9.36µm
system.shared_memory.memory\[45\]\[25\],9.36µm
system.shared_memory.memory\[53\]\[5\],9.36µm
system.shared_memory.memory\[59\]\[31\],9.36µm
system.shared_memory.memory\[61\]\[17\],9.36µm
system.shared_memory.memory\[6\]\[19\],9.36µm
system.uart_system.uart_slave.write_address\[12\],9.36µm
net1213,9.36µm
net2249,9.36µm
net2431,9.36µm
_04105_,9.34µm
_04299_,9.34µm
system.shared_memory.memory\[40\]\[12\],9.34µm
system.shared_memory.memory\[55\]\[28\],9.34µm
system.shared_memory.memory\[34\]\[20\],9.335µm
_02533_,9.325µm
_02745_,9.32µm
_04115_,9.32µm
_04797_,9.32µm
_06033_,9.32µm
_06097_,9.32µm
_06168_,9.32µm
_06358_,9.32µm
_07047_,9.32µm
system.shared_memory.memory\[0\]\[23\],9.32µm
system.shared_memory.memory\[12\]\[3\],9.32µm
system.shared_memory.memory\[3\]\[4\],9.32µm
system.shared_memory.memory\[48\]\[14\],9.32µm
net1397,9.32µm
net3071,9.32µm
net3359,9.32µm
net3370,9.32µm
net3654,9.32µm
net3825,9.31µm
_01190_,9.3µm
system.shared_memory.memory\[20\]\[9\],9.3µm
system.uart_system.uart_slave.write_data\[5\],9.3µm
net1609,9.3µm
system.shared_memory.memory\[11\]\[4\],9.28µm
system.shared_memory.memory\[23\]\[21\],9.28µm
system.shared_memory.memory\[57\]\[3\],9.28µm
system.shared_memory.memory\[8\]\[0\],9.28µm
net2092,9.28µm
net3827,9.28µm
_02417_,9.26µm
_03368_,9.26µm
core1.regs.registers\[1\]\[24\],9.26µm
system.shared_memory.memory\[32\]\[4\],9.26µm
system.shared_memory.memory\[34\]\[29\],9.26µm
net2168,9.26µm
net2683,9.26µm
net3857,9.26µm
_01284_,9.245µm
_01496_,9.245µm
_01577_,9.245µm
_02064_,9.245µm
system.shared_memory.memory\[38\]\[0\],9.245µm
_03365_,9.24µm
_03493_,9.24µm
_05810_,9.24µm
_06462_,9.24µm
_06561_,9.24µm
system.shared_memory.memory\[20\]\[29\],9.24µm
system.shared_memory.memory\[2\]\[13\],9.24µm
system.shared_memory.memory\[32\]\[28\],9.24µm
system.shared_memory.memory\[54\]\[31\],9.24µm
net2429,9.24µm
net2638,9.24µm
net2754,9.24µm
system.shared_memory.memory\[26\]\[23\],9.22µm
system.shared_memory.memory\[8\]\[17\],9.22µm
system.shared_memory.memory\[8\]\[2\],9.22µm
net1602,9.22µm
_02543_,9.205µm
_02355_,9.2µm
_02752_,9.2µm
_03198_,9.2µm
_03211_,9.2µm
_03385_,9.2µm
_04041_,9.2µm
_04564_,9.2µm
_05382_,9.2µm
_05647_,9.2µm
system.shared_memory.memory\[2\]\[23\],9.2µm
system.shared_memory.memory\[46\]\[14\],9.2µm
system.shared_memory.memory\[9\]\[5\],9.2µm
_00112_,9.195µm
system.shared_memory.memory\[20\]\[17\],9.195µm
system.shared_memory.memory\[28\]\[12\],9.195µm
net3444,9.19µm
_00136_,9.185µm
_05575_,9.18µm
net2100,9.18µm
system.shared_memory.memory\[24\]\[12\],9.165µm
system.shared_memory.memory\[26\]\[18\],9.165µm
_05854_,9.16µm
core0.regs.registers\[3\]\[2\],9.16µm
system.shared_memory.memory\[14\]\[25\],9.16µm
system.shared_memory.memory\[22\]\[2\],9.16µm
system.shared_memory.memory\[33\]\[12\],9.16µm
system.shared_memory.memory\[36\]\[30\],9.16µm
system.shared_memory.memory\[41\]\[29\],9.16µm
system.shared_memory.memory\[45\]\[24\],9.16µm
system.shared_memory.memory\[45\]\[27\],9.16µm
system.uart_system.m_axi_araddr\[14\],9.16µm
net3154,9.16µm
net3740,9.16µm
_02560_,9.155µm
system.shared_memory.memory\[40\]\[29\],9.155µm
_00468_,9.145µm
_04703_,9.14µm
_05612_,9.14µm
net2081,9.14µm
net2523,9.14µm
_02440_,9.125µm
_04144_,9.125µm
_04168_,9.12µm
_04989_,9.12µm
core0.regs.registers\[2\]\[13\],9.12µm
system.shared_memory.memory\[21\]\[11\],9.12µm
system.shared_memory.memory\[32\]\[25\],9.12µm
system.shared_memory.memory\[37\]\[23\],9.12µm
system.shared_memory.memory\[39\]\[27\],9.12µm
system.shared_memory.memory\[42\]\[16\],9.12µm
system.shared_memory.memory\[42\]\[30\],9.12µm
system.shared_memory.memory\[49\]\[26\],9.12µm
system.shared_memory.memory\[52\]\[13\],9.12µm
net1912,9.12µm
net2053,9.12µm
net2468,9.12µm
net2507,9.12µm
system.shared_memory.memory\[36\]\[16\],9.105µm
_04231_,9.1µm
system.shared_memory.memory\[23\]\[4\],9.1µm
system.shared_memory.memory\[40\]\[28\],9.1µm
_00922_,9.085µm
_03207_,9.085µm
_03283_,9.08µm
_03484_,9.08µm
core1.regs.registers\[1\]\[27\],9.08µm
system.shared_memory.memory\[52\]\[20\],9.08µm
net1930,9.08µm
net2001,9.08µm
net2300,9.08µm
system.shared_memory.memory\[16\]\[22\],9.07µm
_00367_,9.065µm
_03170_,9.06µm
system.shared_memory.memory\[14\]\[11\],9.06µm
system.shared_memory.memory\[6\]\[5\],9.06µm
_05726_,9.04µm
system.shared_memory.memory\[27\]\[25\],9.04µm
system.shared_memory.memory\[30\]\[6\],9.04µm
system.shared_memory.memory\[42\]\[25\],9.04µm
system.shared_memory.memory\[46\]\[26\],9.04µm
system.shared_memory.memory\[49\]\[22\],9.04µm
_02319_,9.035µm
_03390_,9.02µm
_03641_,9.02µm
_03756_,9.02µm
_04181_,9.02µm
_04339_,9.02µm
_04926_,9.02µm
_05460_,9.02µm
_05554_,9.02µm
_05561_,9.02µm
_05756_,9.02µm
_06589_,9.02µm
_07259_,9.02µm
core0.regs.registers\[0\]\[25\],9.02µm
core1.regs.registers\[1\]\[7\],9.02µm
system.shared_memory.memory\[10\]\[6\],9.02µm
system.shared_memory.memory\[11\]\[12\],9.02µm
system.shared_memory.memory\[11\]\[1\],9.02µm
system.shared_memory.memory\[22\]\[18\],9.02µm
system.shared_memory.memory\[2\]\[4\],9.02µm
system.shared_memory.memory\[31\]\[3\],9.02µm
system.shared_memory.memory\[34\]\[3\],9.02µm
system.shared_memory.memory\[35\]\[21\],9.02µm
system.shared_memory.memory\[40\]\[2\],9.02µm
system.shared_memory.memory\[43\]\[20\],9.02µm
system.shared_memory.memory\[52\]\[27\],9.02µm
system.shared_memory.memory\[53\]\[1\],9.02µm
system.shared_memory.memory\[53\]\[8\],9.02µm
system.shared_memory.memory\[9\]\[30\],9.02µm
net2659,9.02µm
net3341,9.02µm
_02497_,9.005µm
system.shared_memory.memory\[10\]\[19\],8.995µm
_00721_,8.985µm
_02278_,8.98µm
_05206_,8.98µm
system.shared_memory.memory\[33\]\[28\],8.98µm
system.shared_memory.memory\[42\]\[2\],8.98µm
system.shared_memory.memory\[51\]\[26\],8.98µm
net1204,8.98µm
net1342,8.98µm
net1427,8.98µm
net2005,8.98µm
_05305_,8.96µm
_05356_,8.96µm
_05935_,8.96µm
_06342_,8.96µm
_01003_,8.955µm
_00600_,8.945µm
_01483_,8.945µm
net3202,8.945µm
_03194_,8.94µm
_03679_,8.94µm
_06510_,8.94µm
system.shared_memory.memory\[29\]\[3\],8.94µm
system.shared_memory.memory\[35\]\[25\],8.94µm
system.shared_memory.memory\[37\]\[5\],8.94µm
system.shared_memory.memory\[3\]\[8\],8.94µm
system.shared_memory.memory\[43\]\[7\],8.94µm
system.shared_memory.memory\[46\]\[1\],8.94µm
system.shared_memory.memory\[51\]\[21\],8.94µm
system.shared_memory.memory\[60\]\[6\],8.94µm
system.shared_memory.memory\[6\]\[16\],8.94µm
net1541,8.94µm
net2803,8.94µm
net3681,8.94µm
net3709,8.94µm
_07310_,8.92µm
system.shared_memory.memory\[62\]\[23\],8.92µm
system.shared_memory.memory\[10\]\[2\],8.915µm
_00769_,8.905µm
_02748_,8.9µm
_04552_,8.9µm
_04553_,8.9µm
_04592_,8.9µm
system.shared_memory.memory\[10\]\[16\],8.9µm
system.shared_memory.memory\[30\]\[1\],8.9µm
system.shared_memory.memory\[39\]\[23\],8.9µm
system.shared_memory.memory\[39\]\[3\],8.9µm
system.shared_memory.memory\[45\]\[14\],8.9µm
system.shared_memory.memory\[47\]\[16\],8.9µm
system.shared_memory.memory\[48\]\[19\],8.9µm
system.shared_memory.memory\[50\]\[11\],8.9µm
system.shared_memory.memory\[56\]\[22\],8.9µm
system.shared_memory.memory\[57\]\[25\],8.9µm
system.shared_memory.memory\[8\]\[20\],8.9µm
net1205,8.9µm
net1628,8.9µm
net1978,8.9µm
net2045,8.9µm
net2361,8.9µm
net3045,8.9µm
net3093,8.9µm
net3178,8.9µm
net3486,8.9µm
_00648_,8.895µm
_01320_,8.895µm
_05610_,8.88µm
system.shared_memory.memory\[41\]\[0\],8.88µm
_05577_,8.875µm
_02529_,8.865µm
_03230_,8.86µm
_03301_,8.86µm
_03888_,8.86µm
_04011_,8.86µm
_05582_,8.86µm
_05911_,8.86µm
system.shared_memory.memory\[15\]\[21\],8.86µm
system.shared_memory.memory\[38\]\[22\],8.86µm
net1363,8.86µm
net2689,8.86µm
net3254,8.86µm
_03740_,8.855µm
_05169_,8.84µm
system.shared_memory.memory\[26\]\[10\],8.84µm
_04493_,8.835µm
_01207_,8.825µm
system.shared_memory.memory\[44\]\[21\],8.825µm
_03654_,8.82µm
_07084_,8.82µm
system.shared_memory.memory\[0\]\[15\],8.82µm
system.shared_memory.memory\[17\]\[9\],8.82µm
system.shared_memory.memory\[21\]\[25\],8.82µm
system.shared_memory.memory\[26\]\[20\],8.82µm
system.shared_memory.memory\[38\]\[24\],8.82µm
system.shared_memory.memory\[60\]\[11\],8.82µm
net2385,8.82µm
net2488,8.82µm
net3455,8.82µm
_04999_,8.81µm
system.shared_memory.memory\[25\]\[20\],8.805µm
_03629_,8.8µm
system.shared_memory.memory\[43\]\[14\],8.8µm
system.shared_memory.memory\[49\]\[28\],8.8µm
system.shared_memory.memory\[62\]\[28\],8.8µm
system.uart_system.uart_slave.write_address\[9\],8.8µm
net2222,8.8µm
net2261,8.8µm
net2479,8.8µm
net2491,8.8µm
net2661,8.8µm
net2983,8.8µm
net3574,8.8µm
_00159_,8.785µm
_00220_,8.785µm
_00342_,8.785µm
_01438_,8.785µm
_00174_,8.78µm
core0.regs.registers\[3\]\[4\],8.78µm
system.shared_memory.memory\[12\]\[10\],8.78µm
system.shared_memory.memory\[23\]\[3\],8.78µm
system.shared_memory.memory\[24\]\[10\],8.78µm
system.shared_memory.memory\[56\]\[31\],8.78µm
system.shared_memory.memory\[56\]\[5\],8.78µm
net2256,8.78µm
net2400,8.78µm
net2810,8.78µm
net2926,8.78µm
net3109,8.78µm
net3920,8.775µm
_02028_,8.765µm
_07062_,8.76µm
core1.regs.registers\[1\]\[2\],8.76µm
net1465,8.76µm
net2119,8.76µm
net2284,8.76µm
net2583,8.76µm
net3226,8.76µm
net3429,8.76µm
_01484_,8.745µm
_03123_,8.74µm
_05913_,8.74µm
_06475_,8.74µm
system.shared_memory.memory\[27\]\[22\],8.74µm
net1937,8.74µm
net2745,8.74µm
net3676,8.74µm
_00458_,8.725µm
_04174_,8.725µm
system.shared_memory.memory\[25\]\[4\],8.72µm
system.shared_memory.memory\[35\]\[5\],8.72µm
net2017,8.72µm
net3936,8.72µm
_02722_,8.705µm
_05118_,8.7µm
_07206_,8.7µm
system.shared_memory.memory\[19\]\[26\],8.7µm
system.shared_memory.memory\[38\]\[10\],8.7µm
system.shared_memory.memory\[38\]\[15\],8.7µm
system.shared_memory.memory\[39\]\[8\],8.7µm
system.shared_memory.memory\[47\]\[14\],8.7µm
_00676_,8.685µm
_01836_,8.685µm
_02672_,8.685µm
net2264,8.685µm
net3301,8.685µm
core0.regs.registers\[0\]\[12\],8.68µm
core0.regs.registers\[3\]\[30\],8.68µm
system.shared_memory.memory\[12\]\[21\],8.68µm
system.shared_memory.memory\[38\]\[1\],8.68µm
system.shared_memory.memory\[39\]\[2\],8.68µm
system.shared_memory.memory\[39\]\[7\],8.68µm
system.shared_memory.memory\[43\]\[0\],8.68µm
system.uart_system.m_axi_araddr\[30\],8.68µm
net2369,8.68µm
net3136,8.68µm
_00178_,8.665µm
system.shared_memory.memory\[14\]\[8\],8.665µm
system.shared_memory.memory\[26\]\[21\],8.665µm
_03632_,8.66µm
_06014_,8.66µm
_07054_,8.66µm
system.shared_memory.memory\[10\]\[18\],8.66µm
system.shared_memory.memory\[19\]\[10\],8.66µm
system.shared_memory.memory\[34\]\[28\],8.66µm
system.shared_memory.memory\[36\]\[2\],8.66µm
system.shared_memory.memory\[41\]\[1\],8.66µm
system.shared_memory.memory\[42\]\[3\],8.66µm
system.shared_memory.memory\[51\]\[31\],8.66µm
system.shared_memory.memory\[63\]\[30\],8.66µm
system.shared_memory.memory\[6\]\[20\],8.66µm
system.uart_system.uart_slave.write_address\[22\],8.66µm
net3739,8.66µm
_00343_,8.655µm
net1241,8.645µm
system.shared_memory.memory\[5\]\[6\],8.64µm
net2820,8.64µm
net2885,8.64µm
_04368_,8.62µm
_06084_,8.62µm
_06860_,8.62µm
system.shared_memory.memory\[41\]\[13\],8.62µm
system.shared_memory.memory\[56\]\[4\],8.62µm
system.shared_memory.memory\[60\]\[9\],8.62µm
net1613,8.62µm
net1922,8.62µm
net2451,8.62µm
net3204,8.62µm
net3899,8.62µm
_00935_,8.615µm
_01050_,8.615µm
system.shared_memory.memory\[60\]\[8\],8.605µm
_04017_,8.6µm
_06079_,8.6µm
system.shared_memory.memory\[19\]\[14\],8.6µm
system.shared_memory.memory\[26\]\[6\],8.6µm
system.shared_memory.memory\[37\]\[24\],8.6µm
system.shared_memory.memory\[51\]\[29\],8.6µm
net3208,8.6µm
net3832,8.6µm
system.shared_memory.memory\[25\]\[15\],8.58µm
system.shared_memory.memory\[55\]\[7\],8.58µm
net1798,8.58µm
_03687_,8.56µm
_05335_,8.56µm
_05499_,8.56µm
_05736_,8.56µm
_05885_,8.56µm
_05928_,8.56µm
core1.regs.registers\[5\]\[1\],8.56µm
core1.regs.registers\[7\]\[13\],8.56µm
system.shared_memory.memory\[0\]\[13\],8.56µm
system.shared_memory.memory\[13\]\[19\],8.56µm
system.shared_memory.memory\[16\]\[6\],8.56µm
system.shared_memory.memory\[17\]\[3\],8.56µm
system.shared_memory.memory\[17\]\[8\],8.56µm
system.shared_memory.memory\[18\]\[25\],8.56µm
system.shared_memory.memory\[25\]\[9\],8.56µm
system.shared_memory.memory\[28\]\[30\],8.56µm
system.shared_memory.memory\[47\]\[3\],8.56µm
system.shared_memory.memory\[48\]\[1\],8.56µm
system.shared_memory.memory\[49\]\[24\],8.56µm
system.shared_memory.memory\[49\]\[25\],8.56µm
system.shared_memory.memory\[8\]\[4\],8.56µm
system.uart_system.m_axi_araddr\[8\],8.56µm
net2624,8.56µm
net2893,8.56µm
net3038,8.56µm
net3074,8.56µm
net3274,8.56µm
net3450,8.56µm
net3464,8.56µm
net3584,8.56µm
system.shared_memory.memory\[58\]\[24\],8.555µm
_00322_,8.545µm
_01799_,8.545µm
_04458_,8.54µm
_04534_,8.54µm
system.shared_memory.memory\[54\]\[3\],8.54µm
system.shared_memory.memory\[30\]\[18\],8.535µm
_00767_,8.525µm
_05812_,8.525µm
_03570_,8.52µm
_03680_,8.52µm
_05604_,8.52µm
_06094_,8.52µm
_07216_,8.52µm
system.shared_memory.memory\[16\]\[7\],8.52µm
system.shared_memory.memory\[22\]\[1\],8.52µm
system.shared_memory.memory\[25\]\[19\],8.52µm
system.shared_memory.memory\[61\]\[1\],8.52µm
system.shared_memory.memory\[7\]\[23\],8.52µm
net2952,8.52µm
net2986,8.52µm
net3099,8.52µm
net3275,8.52µm
_03256_,8.5µm
_03870_,8.48µm
_05086_,8.48µm
_05298_,8.48µm
_05463_,8.48µm
_05711_,8.48µm
_05957_,8.48µm
core1.regs.registers\[7\]\[2\],8.48µm
system.shared_memory.memory\[13\]\[12\],8.48µm
system.shared_memory.memory\[21\]\[17\],8.48µm
system.shared_memory.memory\[27\]\[20\],8.48µm
system.shared_memory.memory\[34\]\[19\],8.48µm
system.shared_memory.memory\[54\]\[17\],8.48µm
net1778,8.48µm
net3423,8.48µm
_06602_,8.465µm
system.shared_memory.memory\[52\]\[3\],8.46µm
system.shared_memory.memory\[57\]\[0\],8.46µm
system.shared_memory.memory\[58\]\[21\],8.46µm
system.shared_memory.memory\[24\]\[6\],8.455µm
_00929_,8.445µm
_01026_,8.445µm
_01055_,8.445µm
_01760_,8.445µm
system.shared_memory.memory\[14\]\[22\],8.445µm
_00044_,8.44µm
_02757_,8.44µm
_03281_,8.44µm
_03902_,8.44µm
_04172_,8.44µm
_04285_,8.44µm
_04813_,8.44µm
_05996_,8.44µm
_07056_,8.44µm
_07082_,8.44µm
core0.regs.registers\[3\]\[1\],8.44µm
system.shared_memory.memory\[14\]\[26\],8.44µm
system.shared_memory.memory\[17\]\[31\],8.44µm
system.shared_memory.memory\[23\]\[13\],8.44µm
system.shared_memory.memory\[23\]\[19\],8.44µm
system.shared_memory.memory\[23\]\[20\],8.44µm
system.shared_memory.memory\[30\]\[14\],8.44µm
system.shared_memory.memory\[36\]\[27\],8.44µm
system.shared_memory.memory\[38\]\[3\],8.44µm
system.shared_memory.memory\[48\]\[18\],8.44µm
system.shared_memory.memory\[61\]\[13\],8.44µm
net1452,8.44µm
net1626,8.44µm
net1852,8.44µm
net1866,8.44µm
net1935,8.44µm
net2086,8.44µm
net2139,8.44µm
net2199,8.44µm
net2480,8.44µm
net2519,8.44µm
net2548,8.44µm
net2592,8.44µm
net2842,8.44µm
net2843,8.44µm
net2881,8.44µm
net2911,8.44µm
net2971,8.44µm
net3056,8.44µm
net3680,8.44µm
_03794_,8.43µm
_01415_,8.42µm
_01444_,8.42µm
_06290_,8.42µm
system.shared_memory.memory\[14\]\[14\],8.42µm
system.shared_memory.memory\[40\]\[8\],8.415µm
_00364_,8.405µm
_03618_,8.4µm
_03621_,8.4µm
_04040_,8.4µm
_04546_,8.4µm
_05516_,8.4µm
_05526_,8.4µm
_05939_,8.4µm
_06060_,8.4µm
_06283_,8.4µm
_07172_,8.4µm
_07211_,8.4µm
_07568_,8.4µm
net3918,8.4µm
_01988_,8.395µm
net3910,8.39µm
_05999_,8.385µm
system.shared_memory.memory\[22\]\[0\],8.38µm
system.shared_memory.memory\[48\]\[23\],8.38µm
net3725,8.38µm
_03737_,8.375µm
_00185_,8.365µm
_01485_,8.365µm
system.shared_memory.memory\[18\]\[18\],8.365µm
_03363_,8.36µm
_03961_,8.36µm
_04991_,8.36µm
_05248_,8.36µm
system.shared_memory.memory\[25\]\[26\],8.36µm
system.shared_memory.memory\[59\]\[16\],8.36µm
system.shared_memory.memory\[5\]\[2\],8.36µm
system.shared_memory.memory\[63\]\[5\],8.36µm
system.uart_system.uart_slave.uart_tx_unit.bg.count\[15\],8.36µm
net1670,8.36µm
net1678,8.36µm
net2565,8.36µm
net3065,8.36µm
_02704_,8.34µm
_06395_,8.34µm
system.shared_memory.memory\[17\]\[14\],8.34µm
system.shared_memory.memory\[18\]\[29\],8.34µm
system.shared_memory.memory\[23\]\[8\],8.34µm
system.shared_memory.memory\[26\]\[5\],8.34µm
system.shared_memory.memory\[34\]\[15\],8.34µm
system.shared_memory.memory\[37\]\[27\],8.34µm
system.shared_memory.memory\[45\]\[5\],8.34µm
system.shared_memory.memory\[47\]\[4\],8.34µm
system.shared_memory.memory\[5\]\[19\],8.34µm
system.shared_memory.memory\[63\]\[6\],8.34µm
system.shared_memory.memory\[9\]\[22\],8.34µm
system.uart_system.m_axi_araddr\[24\],8.34µm
net1789,8.34µm
net1988,8.34µm
net2277,8.34µm
net2310,8.34µm
net2597,8.34µm
net2702,8.34µm
net2709,8.34µm
net2768,8.34µm
net2818,8.34µm
net3243,8.34µm
net3271,8.34µm
_00348_,8.325µm
_01880_,8.325µm
system.shared_memory.memory\[48\]\[4\],8.325µm
system.shared_memory.memory\[9\]\[10\],8.325µm
net3678,8.325µm
_06902_,8.32µm
_07048_,8.32µm
_07205_,8.32µm
core0.regs.registers\[2\]\[1\],8.32µm
system.shared_memory.memory\[26\]\[8\],8.32µm
system.shared_memory.memory\[28\]\[8\],8.32µm
system.shared_memory.memory\[3\]\[27\],8.32µm
system.shared_memory.memory\[44\]\[23\],8.32µm
system.shared_memory.memory\[59\]\[0\],8.32µm
system.shared_memory.memory\[7\]\[2\],8.32µm
net2062,8.32µm
net3146,8.32µm
net3814,8.32µm
system.shared_memory.memory\[52\]\[6\],8.31µm
_00287_,8.3µm
_02690_,8.3µm
system.shared_memory.memory\[41\]\[12\],8.3µm
net1438,8.3µm
net2236,8.3µm
net2341,8.3µm
net2555,8.3µm
net2719,8.3µm
net2756,8.3µm
net2903,8.3µm
net2909,8.3µm
net3488,8.3µm
_01143_,8.295µm
_03094_,8.28µm
_06340_,8.28µm
_07441_,8.28µm
_07571_,8.28µm
system.shared_memory.memory\[28\]\[29\],8.28µm
system.shared_memory.memory\[61\]\[23\],8.28µm
net2611,8.28µm
net2799,8.28µm
net2940,8.28µm
_01796_,8.265µm
_02696_,8.265µm
_05462_,8.26µm
system.shared_memory.memory\[57\]\[1\],8.26µm
system.shared_memory.memory\[5\]\[12\],8.26µm
system.shared_memory.memory\[34\]\[4\],8.245µm
_04647_,8.24µm
core0.regs.registers\[2\]\[29\],8.24µm
system.shared_memory.memory\[10\]\[31\],8.24µm
system.shared_memory.memory\[18\]\[1\],8.24µm
system.shared_memory.memory\[1\]\[4\],8.24µm
system.shared_memory.memory\[2\]\[17\],8.24µm
system.shared_memory.memory\[2\]\[9\],8.24µm
system.shared_memory.memory\[30\]\[3\],8.24µm
system.shared_memory.memory\[35\]\[4\],8.24µm
system.shared_memory.memory\[38\]\[26\],8.24µm
system.shared_memory.memory\[49\]\[17\],8.24µm
system.shared_memory.memory\[4\]\[7\],8.24µm
system.shared_memory.memory\[51\]\[7\],8.24µm
system.shared_memory.memory\[51\]\[9\],8.24µm
system.shared_memory.memory\[52\]\[9\],8.24µm
system.shared_memory.memory\[59\]\[30\],8.24µm
system.shared_memory.memory\[60\]\[4\],8.24µm
system.uart_system.uart_slave.write_address\[29\],8.24µm
_01345_,8.225µm
_01359_,8.225µm
_01404_,8.225µm
_01432_,8.225µm
_01463_,8.225µm
net3343,8.225µm
_03236_,8.22µm
_07377_,8.22µm
core1.regs.registers\[1\]\[17\],8.22µm
core1.regs.registers\[5\]\[5\],8.22µm
system.shared_memory.memory\[15\]\[22\],8.22µm
system.shared_memory.memory\[35\]\[2\],8.22µm
system.uart_system.uart_slave.write_address\[15\],8.22µm
net1883,8.22µm
net2378,8.22µm
net3529,8.22µm
system.shared_memory.memory\[14\]\[20\],8.215µm
system.shared_memory.memory\[20\]\[19\],8.215µm
_01257_,8.205µm
_02142_,8.205µm
system.shared_memory.memory\[4\]\[16\],8.205µm
_04362_,8.2µm
core0.regs.registers\[2\]\[3\],8.2µm
system.shared_memory.memory\[17\]\[27\],8.2µm
system.shared_memory.memory\[19\]\[16\],8.2µm
system.shared_memory.memory\[39\]\[12\],8.2µm
system.shared_memory.memory\[42\]\[19\],8.2µm
system.shared_memory.memory\[44\]\[6\],8.2µm
net3708,8.2µm
system.shared_memory.memory\[12\]\[12\],8.195µm
_00912_,8.185µm
_03984_,8.18µm
_05622_,8.18µm
_05717_,8.18µm
_06191_,8.18µm
_06498_,8.18µm
_03210_,8.16µm
_03656_,8.16µm
_03676_,8.16µm
_04270_,8.16µm
_05346_,8.16µm
core1.regs.registers\[2\]\[2\],8.16µm
system.shared_memory.memory\[18\]\[17\],8.16µm
system.shared_memory.memory\[43\]\[22\],8.16µm
system.uart_system.uart_slave.parity_error,8.16µm
_00187_,8.155µm
_02125_,8.155µm
_00522_,8.14µm
_01171_,8.14µm
_03966_,8.14µm
_04868_,8.14µm
core1.regs.registers\[2\]\[8\],8.14µm
core1.regs.registers\[3\]\[7\],8.14µm
system.shared_memory.memory\[12\]\[14\],8.14µm
system.shared_memory.memory\[28\]\[9\],8.14µm
system.shared_memory.memory\[40\]\[11\],8.14µm
system.shared_memory.memory\[43\]\[6\],8.14µm
system.uart_system.uart_slave.write_address\[26\],8.14µm
net2445,8.14µm
_06506_,8.12µm
core1.regs.registers\[1\]\[22\],8.12µm
system.shared_memory.memory\[15\]\[30\],8.12µm
system.shared_memory.memory\[18\]\[20\],8.12µm
system.shared_memory.memory\[31\]\[17\],8.12µm
system.shared_memory.memory\[32\]\[11\],8.12µm
system.shared_memory.memory\[38\]\[8\],8.12µm
system.shared_memory.memory\[42\]\[22\],8.12µm
system.shared_memory.memory\[42\]\[7\],8.12µm
system.shared_memory.memory\[50\]\[30\],8.12µm
system.shared_memory.memory\[63\]\[3\],8.12µm
_02820_,8.1µm
_03298_,8.1µm
_05334_,8.1µm
_05862_,8.1µm
_05965_,8.1µm
_06892_,8.1µm
_07466_,8.1µm
core0.regs.registers\[0\]\[0\],8.1µm
core0.regs.registers\[0\]\[23\],8.1µm
core0.regs.registers\[0\]\[3\],8.1µm
core0.regs.registers\[1\]\[3\],8.1µm
system.shared_memory.memory\[13\]\[9\],8.1µm
system.shared_memory.memory\[19\]\[13\],8.1µm
system.shared_memory.memory\[1\]\[17\],8.1µm
system.shared_memory.memory\[20\]\[7\],8.1µm
system.shared_memory.memory\[41\]\[8\],8.1µm
system.shared_memory.memory\[53\]\[7\],8.1µm
system.shared_memory.memory\[59\]\[5\],8.1µm
system.shared_memory.memory\[61\]\[9\],8.1µm
system.shared_memory.memory\[63\]\[19\],8.1µm
system.shared_memory.memory\[6\]\[14\],8.1µm
system.uart_system.m_axi_awaddr\[23\],8.1µm
system.uart_system.m_axi_awaddr\[7\],8.1µm
system.uart_system.uart_slave.write_data\[2\],8.1µm
net2211,8.1µm
net2937,8.1µm
net2963,8.1µm
net3171,8.1µm
net3661,8.1µm
net3937,8.1µm
_06461_,8.08µm
_06983_,8.08µm
_02025_,8.065µm
_02446_,8.065µm
_02681_,8.065µm
_02774_,8.065µm
_02819_,8.06µm
_03167_,8.06µm
_03289_,8.06µm
_04025_,8.06µm
_05837_,8.06µm
_06022_,8.06µm
_07121_,8.06µm
core1.regs.registers\[2\]\[0\],8.06µm
system.shared_memory.memory\[2\]\[2\],8.06µm
system.shared_memory.memory\[54\]\[25\],8.06µm
system.shared_memory.memory\[62\]\[7\],8.06µm
net1950,8.06µm
net2243,8.06µm
net3094,8.06µm
net3297,8.06µm
net3305,8.06µm
_02486_,8.055µm
_05737_,8.055µm
_00898_,8.025µm
_01107_,8.025µm
_02741_,8.02µm
_05502_,8.02µm
_05664_,8.02µm
_05960_,8.02µm
_06363_,8.02µm
_06509_,8.02µm
system.shared_memory.memory\[0\]\[25\],8.02µm
system.shared_memory.memory\[0\]\[3\],8.02µm
system.shared_memory.memory\[11\]\[19\],8.02µm
system.shared_memory.memory\[16\]\[18\],8.02µm
system.shared_memory.memory\[17\]\[7\],8.02µm
system.shared_memory.memory\[18\]\[23\],8.02µm
system.shared_memory.memory\[2\]\[31\],8.02µm
system.shared_memory.memory\[45\]\[0\],8.02µm
system.shared_memory.memory\[48\]\[10\],8.02µm
system.shared_memory.memory\[51\]\[4\],8.02µm
system.shared_memory.memory\[55\]\[20\],8.02µm
system.shared_memory.memory\[56\]\[24\],8.02µm
system.shared_memory.memory\[9\]\[18\],8.02µm
net1568,8.02µm
net1697,8.02µm
net1864,8.02µm
net3258,8.02µm
net3348,8.02µm
net3631,8.02µm
net3858,8.02µm
_03700_,8.015µm
_02101_,8.005µm
core1.regs.registers\[2\]\[5\],8µm
core1.regs.registers\[5\]\[7\],8µm
system.shared_memory.memory\[22\]\[4\],8µm
system.shared_memory.memory\[29\]\[31\],8µm
system.shared_memory.memory\[32\]\[5\],8µm
system.shared_memory.memory\[35\]\[12\],8µm
system.shared_memory.memory\[60\]\[20\],8µm
system.shared_memory.memory\[63\]\[20\],8µm
system.shared_memory.memory\[9\]\[2\],8µm
system.uart_system.m_axi_awaddr\[2\],8µm
net2324,8µm
_01166_,7.995µm
_06650_,7.99µm
_00101_,7.985µm
net2213,7.985µm
_02716_,7.98µm
_03169_,7.98µm
_03205_,7.98µm
_03808_,7.98µm
_04429_,7.98µm
_05451_,7.98µm
_05641_,7.98µm
_05667_,7.98µm
_06360_,7.98µm
_06799_,7.98µm
_07523_,7.98µm
core1.regs.registers\[2\]\[11\],7.98µm
system.shared_memory.memory\[1\]\[8\],7.98µm
system.shared_memory.memory\[27\]\[23\],7.98µm
system.shared_memory.memory\[30\]\[23\],7.98µm
system.shared_memory.memory\[36\]\[31\],7.98µm
system.shared_memory.memory\[39\]\[18\],7.98µm
system.shared_memory.memory\[39\]\[31\],7.98µm
system.shared_memory.memory\[63\]\[23\],7.98µm
system.shared_memory.memory\[63\]\[31\],7.98µm
system.uart_system.uart_slave.write_address\[0\],7.98µm
net1973,7.98µm
net2144,7.98µm
net2462,7.98µm
net2601,7.98µm
net3005,7.98µm
net3229,7.98µm
net3886,7.98µm
system.shared_memory.memory\[18\]\[0\],7.96µm
system.shared_memory.memory\[35\]\[7\],7.96µm
system.shared_memory.memory\[0\]\[0\],7.955µm
system.shared_memory.memory\[34\]\[30\],7.955µm
_00026_,7.945µm
_00327_,7.945µm
_02180_,7.945µm
_05429_,7.945µm
_03356_,7.94µm
_03394_,7.94µm
_03636_,7.94µm
_03638_,7.94µm
_03643_,7.94µm
_05000_,7.94µm
_05140_,7.94µm
_05531_,7.94µm
_05702_,7.94µm
_05856_,7.94µm
_05937_,7.94µm
_05990_,7.94µm
_06095_,7.94µm
_06141_,7.94µm
_06145_,7.94µm
_06235_,7.94µm
_06311_,7.94µm
_06396_,7.94µm
_06477_,7.94µm
_06588_,7.94µm
_06725_,7.94µm
_07058_,7.94µm
_07146_,7.94µm
_07208_,7.94µm
_07510_,7.94µm
net3951,7.94µm
_00670_,7.935µm
net3893,7.93µm
_02650_,7.92µm
_06221_,7.92µm
net1536,7.92µm
net1976,7.92µm
system.shared_memory.memory\[27\]\[29\],7.91µm
_00593_,7.905µm
_01547_,7.905µm
net3757,7.905µm
_04135_,7.9µm
_06998_,7.9µm
_07540_,7.9µm
system.shared_memory.memory\[15\]\[17\],7.9µm
system.shared_memory.memory\[53\]\[28\],7.9µm
system.shared_memory.memory\[60\]\[26\],7.9µm
net1587,7.9µm
_01973_,7.88µm
_03682_,7.88µm
system.shared_memory.memory\[35\]\[18\],7.88µm
system.shared_memory.memory\[36\]\[9\],7.88µm
net1552,7.88µm
net1578,7.88µm
net1975,7.88µm
net2112,7.88µm
net2160,7.88µm
net2858,7.88µm
net3143,7.88µm
net3267,7.88µm
net3328,7.88µm
net3367,7.88µm
net3533,7.88µm
net3558,7.88µm
net3712,7.88µm
system.shared_memory.memory\[42\]\[28\],7.875µm
system.shared_memory.memory\[50\]\[16\],7.875µm
system.shared_memory.memory\[50\]\[29\],7.875µm
system.shared_memory.memory\[53\]\[9\],7.875µm
_02763_,7.865µm
_03620_,7.86µm
_05464_,7.86µm
_06622_,7.86µm
_06765_,7.86µm
system.shared_memory.memory\[17\]\[18\],7.86µm
system.shared_memory.memory\[37\]\[20\],7.86µm
system.shared_memory.memory\[45\]\[26\],7.86µm
net1663,7.86µm
net2204,7.86µm
system.shared_memory.memory\[30\]\[25\],7.855µm
_00449_,7.845µm
_04367_,7.84µm
_06968_,7.84µm
system.shared_memory.memory\[0\]\[20\],7.84µm
system.shared_memory.memory\[11\]\[15\],7.84µm
net1771,7.84µm
net1994,7.84µm
net3024,7.84µm
net3098,7.84µm
net3148,7.84µm
net3151,7.84µm
net3295,7.84µm
net3435,7.84µm
system.shared_memory.memory\[52\]\[17\],7.825µm
_03977_,7.82µm
_05829_,7.82µm
_05947_,7.82µm
_06412_,7.82µm
_06551_,7.82µm
_07440_,7.82µm
system.shared_memory.memory\[12\]\[29\],7.82µm
net1574,7.82µm
net3125,7.82µm
net3451,7.82µm
_00518_,7.815µm
_00870_,7.815µm
_02145_,7.815µm
net2824,7.815µm
_05909_,7.81µm
_02212_,7.805µm
net3162,7.8µm
_03773_,7.78µm
_06321_,7.78µm
_07350_,7.78µm
core1.regs.registers\[5\]\[27\],7.78µm
system.shared_memory.memory\[16\]\[17\],7.78µm
system.shared_memory.memory\[16\]\[2\],7.78µm
system.shared_memory.memory\[36\]\[26\],7.78µm
system.shared_memory.memory\[38\]\[11\],7.78µm
system.shared_memory.memory\[39\]\[22\],7.78µm
system.shared_memory.memory\[44\]\[25\],7.78µm
system.shared_memory.memory\[45\]\[20\],7.78µm
system.shared_memory.memory\[47\]\[2\],7.78µm
system.shared_memory.memory\[58\]\[3\],7.78µm
system.shared_memory.memory\[59\]\[7\],7.78µm
net2177,7.78µm
net2860,7.78µm
net3738,7.78µm
net3941,7.775µm
_01058_,7.765µm
_01071_,7.765µm
_01185_,7.765µm
_01227_,7.765µm
_01767_,7.765µm
_02404_,7.765µm
net2308,7.765µm
_06163_,7.76µm
_06181_,7.76µm
_06819_,7.76µm
system.shared_memory.memory\[45\]\[12\],7.76µm
system.shared_memory.memory\[50\]\[3\],7.76µm
net2410,7.76µm
net3044,7.76µm
net3132,7.76µm
_01134_,7.745µm
_01373_,7.745µm
_01506_,7.745µm
_04925_,7.74µm
core1.regs.registers\[7\]\[8\],7.74µm
system.shared_memory.memory\[10\]\[15\],7.74µm
system.shared_memory.memory\[27\]\[8\],7.74µm
system.shared_memory.memory\[45\]\[18\],7.735µm
_03128_,7.72µm
_03282_,7.72µm
_05191_,7.72µm
_06085_,7.72µm
_02299_,7.705µm
_03796_,7.7µm
_04455_,7.7µm
_05926_,7.7µm
_02099_,7.685µm
_02086_,7.68µm
_03338_,7.68µm
_03726_,7.68µm
_03871_,7.68µm
_06886_,7.68µm
_06973_,7.68µm
core1.regs.registers\[5\]\[8\],7.68µm
core1.regs.registers\[6\]\[13\],7.68µm
system.shared_memory.memory\[11\]\[18\],7.68µm
system.shared_memory.memory\[30\]\[29\],7.68µm
system.shared_memory.memory\[3\]\[13\],7.68µm
net2189,7.68µm
net3861,7.68µm
_02227_,7.665µm
system.shared_memory.memory\[18\]\[16\],7.665µm
_04186_,7.66µm
_06845_,7.66µm
system.shared_memory.memory\[24\]\[17\],7.66µm
system.shared_memory.memory\[24\]\[23\],7.66µm
system.shared_memory.memory\[26\]\[2\],7.66µm
system.shared_memory.memory\[28\]\[5\],7.66µm
system.shared_memory.memory\[31\]\[7\],7.66µm
system.shared_memory.memory\[34\]\[13\],7.66µm
system.shared_memory.memory\[37\]\[9\],7.66µm
system.shared_memory.memory\[42\]\[18\],7.66µm
system.shared_memory.memory\[42\]\[6\],7.66µm
system.shared_memory.memory\[47\]\[19\],7.66µm
system.shared_memory.memory\[54\]\[0\],7.66µm
system.shared_memory.memory\[60\]\[13\],7.66µm
system.shared_memory.memory\[6\]\[31\],7.66µm
_00114_,7.645µm
_02816_,7.64µm
_03105_,7.64µm
_03624_,7.64µm
_05388_,7.64µm
_05761_,7.64µm
_05904_,7.64µm
_06037_,7.64µm
_06194_,7.64µm
_06255_,7.64µm
_06617_,7.64µm
core0.regs.registers\[3\]\[16\],7.64µm
core1.regs.registers\[1\]\[6\],7.64µm
core1.regs.registers\[3\]\[20\],7.64µm
system.shared_memory.memory\[16\]\[3\],7.64µm
system.shared_memory.memory\[18\]\[31\],7.64µm
system.shared_memory.memory\[20\]\[21\],7.64µm
system.shared_memory.memory\[27\]\[11\],7.64µm
system.shared_memory.memory\[33\]\[4\],7.64µm
system.shared_memory.memory\[33\]\[5\],7.64µm
system.shared_memory.memory\[3\]\[12\],7.64µm
system.shared_memory.memory\[3\]\[2\],7.64µm
system.shared_memory.memory\[40\]\[14\],7.64µm
system.shared_memory.memory\[42\]\[31\],7.64µm
system.shared_memory.memory\[43\]\[2\],7.64µm
system.shared_memory.memory\[47\]\[11\],7.64µm
system.shared_memory.memory\[47\]\[13\],7.64µm
system.shared_memory.memory\[49\]\[11\],7.64µm
system.shared_memory.memory\[49\]\[18\],7.64µm
system.shared_memory.memory\[53\]\[27\],7.64µm
system.shared_memory.memory\[54\]\[24\],7.64µm
system.shared_memory.memory\[5\]\[17\],7.64µm
system.shared_memory.memory\[8\]\[25\],7.64µm
system.uart_system.uart_slave.uart_tx_unit.data_reg\[3\],7.64µm
net1303,7.64µm
net1365,7.64µm
net2161,7.64µm
net2321,7.64µm
net2487,7.64µm
net3617,7.64µm
system.interconnect_unit.mem_owner,7.635µm
_02811_,7.62µm
_04225_,7.62µm
_04879_,7.62µm
_07027_,7.62µm
_07222_,7.62µm
system.shared_memory.memory\[14\]\[30\],7.62µm
system.shared_memory.memory\[58\]\[9\],7.62µm
_00606_,7.615µm
_00906_,7.615µm
_02228_,7.615µm
system.shared_memory.memory\[12\]\[6\],7.615µm
_00995_,7.605µm
_03155_,7.6µm
_04475_,7.6µm
_04741_,7.6µm
_04902_,7.6µm
_05374_,7.6µm
_06596_,7.6µm
_07491_,7.6µm
_07567_,7.6µm
net3279,7.6µm
_00267_,7.585µm
_05427_,7.58µm
_06521_,7.58µm
_06785_,7.58µm
system.uart_system.uart_slave.uart_tx_unit.data_reg\[6\],7.58µm
_00323_,7.565µm
_01585_,7.565µm
_01837_,7.565µm
_03739_,7.56µm
_04035_,7.56µm
_04101_,7.56µm
_04436_,7.56µm
_05474_,7.56µm
_05614_,7.56µm
_05962_,7.56µm
_06119_,7.56µm
_06239_,7.56µm
_06381_,7.56µm
_07296_,7.56µm
system.shared_memory.memory\[11\]\[28\],7.56µm
system.shared_memory.memory\[14\]\[23\],7.56µm
system.shared_memory.memory\[30\]\[7\],7.56µm
system.shared_memory.memory\[33\]\[14\],7.56µm
system.shared_memory.memory\[33\]\[27\],7.56µm
system.shared_memory.memory\[43\]\[26\],7.56µm
system.shared_memory.memory\[44\]\[10\],7.56µm
system.shared_memory.memory\[57\]\[5\],7.56µm
net1392,7.56µm
net1551,7.56µm
net1945,7.56µm
net2046,7.56µm
net2073,7.56µm
net2311,7.56µm
net2398,7.56µm
net2500,7.56µm
net2579,7.56µm
net2913,7.56µm
net3077,7.56µm
net3095,7.56µm
net3489,7.56µm
net3682,7.56µm
net3828,7.56µm
system.shared_memory.memory\[14\]\[28\],7.54µm
system.shared_memory.memory\[51\]\[8\],7.54µm
system.shared_memory.memory\[50\]\[7\],7.535µm
system.shared_memory.memory\[51\]\[13\],7.535µm
_02461_,7.525µm
_02695_,7.525µm
_00094_,7.52µm
_02750_,7.52µm
_03335_,7.52µm
_03513_,7.52µm
_03937_,7.52µm
_04602_,7.52µm
_06013_,7.52µm
_06087_,7.52µm
_06306_,7.52µm
_07501_,7.52µm
_07543_,7.52µm
core0.regs.registers\[2\]\[16\],7.52µm
system.shared_memory.memory\[36\]\[21\],7.52µm
system.shared_memory.memory\[55\]\[13\],7.52µm
system.shared_memory.memory\[56\]\[30\],7.52µm
system.shared_memory.memory\[6\]\[30\],7.52µm
net1288,7.52µm
net1352,7.52µm
net1523,7.52µm
net1636,7.52µm
net1821,7.52µm
net1863,7.52µm
net2250,7.52µm
net2977,7.52µm
net3605,7.52µm
net3609,7.52µm
net3684,7.52µm
_00110_,7.515µm
_01161_,7.515µm
_05418_,7.5µm
system.shared_memory.memory\[30\]\[21\],7.5µm
_02474_,7.485µm
_02664_,7.485µm
system.shared_memory.memory\[62\]\[11\],7.485µm
_03294_,7.48µm
_03611_,7.48µm
_04230_,7.48µm
_04465_,7.48µm
_05568_,7.48µm
_06774_,7.48µm
_07493_,7.48µm
_07555_,7.48µm
_07563_,7.48µm
_02613_,7.46µm
system.shared_memory.memory\[51\]\[10\],7.46µm
system.shared_memory.memory\[60\]\[19\],7.46µm
net1383,7.46µm
net2483,7.46µm
net2509,7.46µm
net3426,7.46µm
net3469,7.46µm
_01137_,7.445µm
_01507_,7.445µm
_02790_,7.445µm
_03299_,7.44µm
_05052_,7.44µm
_06394_,7.44µm
_06403_,7.44µm
core1.regs.registers\[7\]\[6\],7.44µm
system.shared_memory.memory\[19\]\[27\],7.44µm
system.shared_memory.memory\[2\]\[28\],7.44µm
system.shared_memory.memory\[31\]\[5\],7.44µm
system.shared_memory.memory\[34\]\[1\],7.44µm
system.shared_memory.memory\[41\]\[5\],7.44µm
system.shared_memory.memory\[41\]\[7\],7.44µm
system.shared_memory.memory\[9\]\[27\],7.44µm
net1576,7.44µm
net1774,7.44µm
net3177,7.44µm
system.shared_memory.memory\[45\]\[10\],7.435µm
_00871_,7.425µm
system.shared_memory.memory\[24\]\[19\],7.425µm
_01074_,7.42µm
_01425_,7.42µm
_03766_,7.42µm
_04072_,7.42µm
system.shared_memory.memory\[11\]\[5\],7.42µm
system.shared_memory.memory\[53\]\[17\],7.42µm
net1461,7.42µm
net1520,7.42µm
net1736,7.42µm
net1763,7.42µm
net1767,7.42µm
net1851,7.42µm
net1876,7.42µm
net1882,7.42µm
net1915,7.42µm
net1942,7.42µm
net2058,7.42µm
net2099,7.42µm
net2193,7.42µm
net2203,7.42µm
net2276,7.42µm
net2577,7.42µm
net2622,7.42µm
net2657,7.42µm
net2718,7.42µm
net2897,7.42µm
net3031,7.42µm
net3128,7.42µm
net3139,7.42µm
net3323,7.42µm
net3549,7.42µm
system.shared_memory.memory\[36\]\[1\],7.405µm
net1237,7.405µm
net1245,7.405µm
net1253,7.405µm
net1256,7.405µm
net2673,7.405µm
net2856,7.405µm
net3247,7.405µm
_03098_,7.4µm
_03562_,7.4µm
_03645_,7.4µm
_03747_,7.4µm
_03761_,7.4µm
_04032_,7.4µm
_05091_,7.4µm
_05355_,7.4µm
_06534_,7.4µm
_07095_,7.4µm
core1.regs.registers\[1\]\[8\],7.4µm
system.shared_memory.memory\[11\]\[6\],7.4µm
system.shared_memory.memory\[12\]\[27\],7.4µm
system.shared_memory.memory\[13\]\[8\],7.4µm
system.shared_memory.memory\[33\]\[24\],7.4µm
system.shared_memory.memory\[45\]\[28\],7.4µm
system.shared_memory.memory\[56\]\[3\],7.4µm
system.shared_memory.memory\[6\]\[29\],7.4µm
_00310_,7.385µm
_00447_,7.385µm
_01541_,7.385µm
_02126_,7.385µm
_02220_,7.385µm
_03741_,7.38µm
core1.regs.registers\[6\]\[24\],7.38µm
net1713,7.38µm
net1840,7.38µm
net3092,7.38µm
net3245,7.38µm
net3392,7.38µm
net3512,7.38µm
_00379_,7.365µm
_02808_,7.365µm
_02734_,7.36µm
_02740_,7.36µm
_02758_,7.36µm
_02759_,7.36µm
_04393_,7.36µm
_06003_,7.36µm
_06460_,7.36µm
system.shared_memory.memory\[50\]\[31\],7.36µm
_00939_,7.355µm
_00581_,7.345µm
_01442_,7.345µm
_01530_,7.345µm
_02647_,7.345µm
_03276_,7.34µm
_05522_,7.34µm
net2270,7.34µm
net2589,7.34µm
net3180,7.34µm
_03698_,7.32µm
_03884_,7.32µm
_04365_,7.32µm
_04395_,7.32µm
_06686_,7.32µm
_07177_,7.32µm
system.shared_memory.memory\[10\]\[8\],7.32µm
system.shared_memory.memory\[13\]\[30\],7.32µm
system.shared_memory.memory\[15\]\[2\],7.32µm
system.shared_memory.memory\[24\]\[8\],7.32µm
system.shared_memory.memory\[27\]\[12\],7.32µm
system.shared_memory.memory\[29\]\[27\],7.32µm
system.shared_memory.memory\[36\]\[20\],7.32µm
system.shared_memory.memory\[37\]\[3\],7.32µm
system.shared_memory.memory\[38\]\[14\],7.32µm
system.shared_memory.memory\[53\]\[2\],7.32µm
system.shared_memory.memory\[56\]\[7\],7.32µm
system.shared_memory.memory\[62\]\[5\],7.32µm
system.shared_memory.memory\[63\]\[4\],7.32µm
system.uart_system.m_axi_araddr\[28\],7.32µm
net3492,7.32µm
_01946_,7.315µm
system.shared_memory.memory\[46\]\[16\],7.315µm
_00565_,7.305µm
_01165_,7.305µm
_01583_,7.305µm
_02648_,7.305µm
net3637,7.305µm
_03703_,7.3µm
core1.regs.registers\[3\]\[1\],7.3µm
system.shared_memory.memory\[15\]\[20\],7.3µm
system.shared_memory.memory\[49\]\[9\],7.3µm
system.uart_system.uart_slave.write_address\[7\],7.3µm
_03184_,7.28µm
_03254_,7.28µm
_04878_,7.28µm
_04912_,7.28µm
_07042_,7.28µm
core1.regs.registers\[2\]\[1\],7.28µm
core1.regs.registers\[2\]\[22\],7.28µm
system.shared_memory.memory\[28\]\[10\],7.28µm
system.shared_memory.memory\[29\]\[25\],7.28µm
system.shared_memory.memory\[44\]\[7\],7.28µm
system.shared_memory.memory\[48\]\[6\],7.28µm
net3127,7.28µm
_01069_,7.275µm
system.shared_memory.memory\[58\]\[6\],7.275µm
_02483_,7.265µm
_03108_,7.26µm
_03913_,7.26µm
_05865_,7.26µm
_06802_,7.25µm
_03320_,7.24µm
_03369_,7.24µm
_05906_,7.24µm
_03245_,7.225µm
net1239,7.225µm
_00942_,7.22µm
_07074_,7.22µm
_07554_,7.22µm
core1.regs.registers\[6\]\[31\],7.22µm
system.shared_memory.memory\[17\]\[15\],7.22µm
system.shared_memory.memory\[19\]\[12\],7.22µm
system.shared_memory.memory\[2\]\[15\],7.22µm
system.shared_memory.memory\[32\]\[6\],7.22µm
system.shared_memory.memory\[59\]\[13\],7.22µm
system.shared_memory.memory\[61\]\[19\],7.22µm
net2813,7.22µm
net3062,7.22µm
net3472,7.22µm
_01776_,7.205µm
system.shared_memory.memory\[15\]\[31\],7.2µm
system.shared_memory.memory\[40\]\[1\],7.2µm
net3535,7.2µm
_00412_,7.195µm
_01730_,7.185µm
_02651_,7.185µm
system.shared_memory.memory\[20\]\[14\],7.185µm
net3812,7.185µm
_02767_,7.18µm
_03340_,7.18µm
_04322_,7.18µm
_05513_,7.18µm
_05920_,7.18µm
_07428_,7.18µm
_07502_,7.18µm
core1.regs.registers\[2\]\[6\],7.18µm
core1.regs.registers\[3\]\[4\],7.18µm
core1.regs.registers\[5\]\[2\],7.18µm
system.shared_memory.memory\[28\]\[6\],7.18µm
system.shared_memory.memory\[3\]\[7\],7.18µm
system.shared_memory.memory\[43\]\[5\],7.18µm
system.shared_memory.memory\[47\]\[8\],7.18µm
system.shared_memory.memory\[50\]\[19\],7.18µm
system.shared_memory.memory\[61\]\[0\],7.18µm
system.shared_memory.memory\[8\]\[3\],7.18µm
system.uart_system.m_axi_araddr\[9\],7.18µm
system.uart_system.m_axi_awaddr\[30\],7.18µm
_03767_,7.16µm
system.shared_memory.memory\[14\]\[9\],7.16µm
system.shared_memory.memory\[62\]\[8\],7.16µm
_01266_,7.145µm
_01797_,7.145µm
_02694_,7.145µm
_02154_,7.14µm
_03159_,7.14µm
_03890_,7.14µm
_04140_,7.14µm
_07023_,7.14µm
_07085_,7.14µm
_07225_,7.14µm
system.uart_system.m_axi_rdata\[6\],7.14µm
net3503,7.14µm
_06000_,7.135µm
_04176_,7.12µm
_05555_,7.12µm
_05625_,7.12µm
_06522_,7.12µm
_07255_,7.12µm
system.uart_system.m_axi_rdata\[7\],7.12µm
system.shared_memory.memory\[59\]\[26\],7.11µm
_00318_,7.105µm
_00510_,7.105µm
_00679_,7.105µm
_00976_,7.105µm
_01032_,7.105µm
_01090_,7.105µm
_01242_,7.105µm
_01385_,7.105µm
_01564_,7.105µm
_01714_,7.105µm
_01995_,7.105µm
_01997_,7.105µm
_02317_,7.105µm
_02322_,7.105µm
net3713,7.105µm
_03586_,7.1µm
_05399_,7.1µm
_05799_,7.1µm
_06418_,7.1µm
_06470_,7.1µm
system.shared_memory.memory\[10\]\[13\],7.1µm
system.shared_memory.memory\[11\]\[26\],7.1µm
system.shared_memory.memory\[11\]\[3\],7.1µm
system.shared_memory.memory\[23\]\[28\],7.1µm
system.shared_memory.memory\[27\]\[31\],7.1µm
system.shared_memory.memory\[29\]\[15\],7.1µm
system.shared_memory.memory\[2\]\[3\],7.1µm
system.shared_memory.memory\[3\]\[1\],7.1µm
system.shared_memory.memory\[40\]\[26\],7.1µm
system.shared_memory.memory\[44\]\[22\],7.1µm
system.shared_memory.memory\[49\]\[8\],7.1µm
system.shared_memory.memory\[50\]\[5\],7.1µm
system.shared_memory.memory\[57\]\[31\],7.1µm
system.shared_memory.memory\[5\]\[4\],7.1µm
system.shared_memory.memory\[7\]\[0\],7.1µm
net1439,7.1µm
net1595,7.1µm
net1984,7.1µm
net2158,7.1µm
net2201,7.1µm
net2288,7.1µm
net2371,7.1µm
net2392,7.1µm
net2536,7.1µm
net2691,7.1µm
net3022,7.1µm
net3123,7.1µm
net3173,7.1µm
net3201,7.1µm
net3508,7.1µm
system.shared_memory.memory\[60\]\[12\],7.085µm
_07344_,7.08µm
system.shared_memory.memory\[0\]\[22\],7.08µm
system.shared_memory.memory\[27\]\[9\],7.08µm
system.shared_memory.memory\[28\]\[23\],7.08µm
system.shared_memory.memory\[38\]\[17\],7.08µm
system.shared_memory.memory\[47\]\[22\],7.08µm
system.shared_memory.memory\[60\]\[27\],7.08µm
_00139_,7.075µm
_02713_,7.06µm
_02755_,7.06µm
_03171_,7.06µm
_03831_,7.06µm
_03956_,7.06µm
_04068_,7.06µm
_04282_,7.06µm
_05213_,7.06µm
_05303_,7.06µm
_05700_,7.06µm
_05712_,7.06µm
_07057_,7.06µm
core0.regs.registers\[3\]\[29\],7.06µm
system.shared_memory.memory\[16\]\[27\],7.06µm
system.shared_memory.memory\[58\]\[27\],7.06µm
net1298,7.06µm
net1317,7.06µm
net1530,7.06µm
net1617,7.06µm
net1737,7.06µm
net1918,7.06µm
net2197,7.06µm
net2404,7.06µm
net2626,7.06µm
net3716,7.06µm
net3938,7.06µm
net3953,7.06µm
_04939_,7.04µm
_05888_,7.04µm
_06300_,7.04µm
_07210_,7.04µm
_00349_,7.025µm
_00368_,7.025µm
net3823,7.01µm
_03262_,7µm
net1478,7µm
net1521,7µm
net1564,7µm
net1681,7µm
net1766,7µm
net2377,7µm
net2403,7µm
net2478,7µm
net2703,7µm
_00657_,6.985µm
_00661_,6.985µm
system.shared_memory.memory\[57\]\[2\],6.985µm
system.shared_memory.memory\[62\]\[24\],6.985µm
_06903_,6.98µm
_07335_,6.98µm
system.shared_memory.memory\[12\]\[5\],6.98µm
system.shared_memory.memory\[1\]\[28\],6.98µm
system.shared_memory.memory\[51\]\[14\],6.98µm
net1515,6.98µm
net1818,6.98µm
net2302,6.98µm
net2397,6.98µm
net3114,6.98µm
net3966,6.98µm
_02280_,6.965µm
system.shared_memory.memory\[52\]\[19\],6.965µm
_02079_,6.96µm
_04277_,6.96µm
_06569_,6.96µm
system.shared_memory.memory\[4\]\[2\],6.96µm
system.shared_memory.memory\[61\]\[10\],6.96µm
net1426,6.96µm
net2170,6.96µm
net2450,6.96µm
net2743,6.96µm
net2962,6.96µm
net3072,6.96µm
net3149,6.96µm
net3324,6.96µm
net3490,6.96µm
net3507,6.96µm
net3568,6.96µm
_06862_,6.955µm
_01354_,6.94µm
_03503_,6.94µm
_03526_,6.94µm
_03995_,6.94µm
_05972_,6.94µm
_06637_,6.94µm
_07101_,6.94µm
_07171_,6.94µm
_07480_,6.94µm
core1.regs.registers\[3\]\[12\],6.94µm
system.shared_memory.memory\[23\]\[0\],6.94µm
system.shared_memory.memory\[34\]\[25\],6.94µm
system.shared_memory.memory\[61\]\[7\],6.94µm
system.shared_memory.memory\[63\]\[26\],6.94µm
net1654,6.94µm
net1904,6.94µm
net2235,6.94µm
system.shared_memory.memory\[60\]\[3\],6.935µm
_00791_,6.925µm
_00951_,6.925µm
_01091_,6.925µm
_01632_,6.925µm
_02570_,6.925µm
_06613_,6.92µm
net1792,6.92µm
net2711,6.92µm
net3112,6.92µm
net3284,6.92µm
net3313,6.92µm
net3371,6.92µm
_00059_,6.9µm
_04682_,6.9µm
net2463,6.9µm
_01405_,6.885µm
_01875_,6.885µm
_02062_,6.885µm
net1243,6.885µm
_03161_,6.88µm
_06669_,6.88µm
core0.regs.registers\[0\]\[21\],6.88µm
system.shared_memory.memory\[61\]\[8\],6.88µm
net3413,6.88µm
net1718,6.86µm
net3522,6.86µm
_01021_,6.845µm
_02697_,6.845µm
core0.regs.registers\[2\]\[11\],6.84µm
system.shared_memory.memory\[7\]\[12\],6.84µm
net1557,6.84µm
net3888,6.84µm
_03857_,6.82µm
_06061_,6.82µm
core1.regs.registers\[2\]\[7\],6.82µm
system.shared_memory.memory\[32\]\[15\],6.82µm
system.shared_memory.memory\[58\]\[12\],6.82µm
net2651,6.82µm
_01759_,6.815µm
_06317_,6.8µm
_00202_,6.785µm
_02037_,6.785µm
net1619,6.785µm
_03374_,6.78µm
_03873_,6.78µm
_05572_,6.78µm
_06043_,6.78µm
_00238_,6.765µm
_01435_,6.765µm
_01818_,6.765µm
_02181_,6.765µm
net3445,6.765µm
_02769_,6.76µm
_03838_,6.76µm
_04541_,6.76µm
_06298_,6.76µm
_07547_,6.76µm
core0.regs.registers\[2\]\[14\],6.76µm
system.shared_memory.memory\[17\]\[23\],6.76µm
system.shared_memory.memory\[25\]\[1\],6.76µm
system.shared_memory.memory\[32\]\[31\],6.76µm
system.shared_memory.memory\[56\]\[16\],6.76µm
system.shared_memory.memory\[5\]\[13\],6.76µm
system.shared_memory.memory\[5\]\[18\],6.76µm
system.shared_memory.memory\[8\]\[24\],6.76µm
system.shared_memory.memory\[9\]\[7\],6.76µm
system.uart_system.m_axi_awaddr\[21\],6.76µm
net2360,6.76µm
net2685,6.76µm
net3061,6.76µm
net3286,6.76µm
_00451_,6.745µm
_02392_,6.745µm
_04330_,6.74µm
_04464_,6.74µm
_06417_,6.74µm
_07476_,6.74µm
system.shared_memory.memory\[14\]\[6\],6.74µm
system.shared_memory.memory\[22\]\[19\],6.74µm
system.shared_memory.memory\[2\]\[22\],6.74µm
system.shared_memory.memory\[32\]\[27\],6.74µm
system.shared_memory.memory\[39\]\[20\],6.74µm
_01224_,6.735µm
net3889,6.73µm
_00535_,6.725µm
_03572_,6.72µm
_04426_,6.72µm
_06039_,6.72µm
_07521_,6.72µm
core0.regs.registers\[3\]\[19\],6.72µm
core1.regs.registers\[3\]\[0\],6.72µm
system.shared_memory.memory\[0\]\[31\],6.72µm
system.shared_memory.memory\[13\]\[26\],6.72µm
system.shared_memory.memory\[13\]\[3\],6.72µm
system.shared_memory.memory\[17\]\[17\],6.72µm
system.shared_memory.memory\[19\]\[29\],6.72µm
system.shared_memory.memory\[23\]\[7\],6.72µm
system.shared_memory.memory\[41\]\[3\],6.72µm
system.shared_memory.memory\[5\]\[26\],6.72µm
system.uart_system.uart_slave.rx_done,6.72µm
system.uart_system.uart_slave.write_address\[14\],6.72µm
net2511,6.72µm
net2665,6.72µm
net3520,6.72µm
core0.regs.registers\[0\]\[22\],6.7µm
system.shared_memory.memory\[5\]\[24\],6.7µm
_03617_,6.69µm
_00025_,6.685µm
_00188_,6.685µm
_01133_,6.685µm
_02309_,6.685µm
_02629_,6.685µm
_02776_,6.685µm
_02805_,6.685µm
net3785,6.685µm
system.shared_memory.memory\[36\]\[23\],6.68µm
_04757_,6.66µm
_00271_,6.645µm
_00543_,6.645µm
_00599_,6.645µm
_00687_,6.645µm
_00874_,6.645µm
_01136_,6.645µm
_01152_,6.645µm
_01245_,6.645µm
_01277_,6.645µm
_01449_,6.645µm
_01513_,6.645µm
_01515_,6.645µm
_01768_,6.645µm
_01910_,6.645µm
_01953_,6.645µm
_02130_,6.645µm
_02409_,6.645µm
_02731_,6.64µm
_02749_,6.64µm
_03594_,6.64µm
_03616_,6.64µm
_03646_,6.64µm
_04348_,6.64µm
_05646_,6.64µm
_05742_,6.64µm
_05917_,6.64µm
_05954_,6.64µm
_05982_,6.64µm
_06173_,6.64µm
_06188_,6.64µm
_06334_,6.64µm
_06411_,6.64µm
_06636_,6.64µm
_07339_,6.64µm
core0.regs.registers\[2\]\[9\],6.64µm
system.shared_memory.memory\[11\]\[0\],6.64µm
system.shared_memory.memory\[11\]\[22\],6.64µm
system.shared_memory.memory\[13\]\[21\],6.64µm
system.shared_memory.memory\[20\]\[10\],6.64µm
system.shared_memory.memory\[21\]\[16\],6.64µm
system.shared_memory.memory\[23\]\[12\],6.64µm
system.shared_memory.memory\[3\]\[22\],6.64µm
system.shared_memory.memory\[41\]\[19\],6.64µm
system.shared_memory.memory\[41\]\[9\],6.64µm
system.shared_memory.memory\[51\]\[6\],6.64µm
system.shared_memory.memory\[59\]\[18\],6.64µm
system.shared_memory.memory\[9\]\[20\],6.64µm
net1652,6.64µm
net1800,6.64µm
net1830,6.64µm
net1885,6.64µm
net1991,6.64µm
net2055,6.64µm
net2094,6.64µm
net2120,6.64µm
net2291,6.64µm
net2303,6.64µm
net2594,6.64µm
net2663,6.64µm
net3396,6.64µm
net3397,6.64µm
net3431,6.64µm
net3593,6.64µm
net3652,6.64µm
net3884,6.64µm
net3969,6.64µm
_07473_,6.62µm
system.shared_memory.memory\[2\]\[18\],6.62µm
system.shared_memory.memory\[2\]\[21\],6.62µm
_05196_,6.615µm
_00184_,6.605µm
system.shared_memory.memory\[16\]\[20\],6.605µm
_00124_,6.6µm
_02751_,6.6µm
_03120_,6.6µm
_03292_,6.6µm
_03381_,6.6µm
_04196_,6.6µm
_05079_,6.6µm
_05655_,6.6µm
_06169_,6.6µm
_07455_,6.6µm
_07553_,6.6µm
core0.regs.registers\[2\]\[24\],6.6µm
core1.regs.registers\[3\]\[24\],6.6µm
system.shared_memory.memory\[10\]\[10\],6.6µm
system.shared_memory.memory\[18\]\[15\],6.6µm
system.shared_memory.memory\[23\]\[26\],6.6µm
system.shared_memory.memory\[34\]\[16\],6.6µm
system.shared_memory.memory\[7\]\[20\],6.6µm
net1281,6.6µm
net1327,6.6µm
net1331,6.6µm
net1460,6.6µm
net1468,6.6µm
net1473,6.6µm
net1476,6.6µm
net1482,6.6µm
net1485,6.6µm
net1528,6.6µm
net1531,6.6µm
net1562,6.6µm
net1579,6.6µm
net1583,6.6µm
net1648,6.6µm
net1674,6.6µm
net1687,6.6µm
net1694,6.6µm
net1804,6.6µm
net1817,6.6µm
net1894,6.6µm
net1952,6.6µm
net1964,6.6µm
net1995,6.6µm
net2002,6.6µm
net2049,6.6µm
net2108,6.6µm
net2242,6.6µm
net2285,6.6µm
net2294,6.6µm
net2520,6.6µm
net2580,6.6µm
net2618,6.6µm
net2630,6.6µm
net2736,6.6µm
net2763,6.6µm
net3318,6.6µm
net3476,6.6µm
net3586,6.6µm
net3647,6.6µm
net3745,6.6µm
net3834,6.6µm
net3902,6.6µm
_00471_,6.595µm
_00601_,6.595µm
net1843,6.595µm
_03109_,6.58µm
_03172_,6.58µm
_03517_,6.58µm
_04100_,6.58µm
_04427_,6.58µm
_05265_,6.58µm
_05925_,6.58µm
_06385_,6.58µm
_06439_,6.58µm
_06568_,6.58µm
_00004_,6.565µm
_00050_,6.565µm
_00231_,6.565µm
_01870_,6.565µm
_02323_,6.565µm
_00486_,6.545µm
_01568_,6.545µm
_01810_,6.545µm
_02796_,6.545µm
_06655_,6.54µm
net1398,6.54µm
net1411,6.54µm
net1545,6.54µm
net1546,6.54µm
net1668,6.54µm
net1714,6.54µm
net1878,6.54µm
net1906,6.54µm
net2412,6.54µm
net2647,6.54µm
net2800,6.54µm
_06861_,6.53µm
_00215_,6.525µm
_00391_,6.525µm
_00465_,6.525µm
_01144_,6.525µm
_01156_,6.525µm
_01378_,6.525µm
_01661_,6.525µm
_02073_,6.525µm
_02386_,6.525µm
system.shared_memory.memory\[4\]\[17\],6.525µm
_06930_,6.52µm
net1667,6.52µm
net1848,6.52µm
net2834,6.52µm
_01220_,6.5µm
_01814_,6.5µm
_03033_,6.5µm
_06847_,6.5µm
system.shared_memory.memory\[33\]\[21\],6.5µm
net2032,6.5µm
net2034,6.5µm
net2357,6.5µm
net2418,6.5µm
net2615,6.5µm
net2710,6.5µm
net2739,6.5µm
net2780,6.5µm
net2841,6.5µm
net3287,6.5µm
net3554,6.5µm
net3595,6.5µm
net3776,6.5µm
_02552_,6.485µm
_03185_,6.48µm
_03349_,6.48µm
_05483_,6.48µm
_05767_,6.48µm
_06151_,6.48µm
net1558,6.48µm
net2200,6.48µm
net2851,6.48µm
net2942,6.48µm
net3126,6.48µm
net3356,6.48µm
_00214_,6.465µm
_00273_,6.465µm
_00358_,6.465µm
_01619_,6.465µm
_02048_,6.465µm
_02508_,6.465µm
_02547_,6.465µm
_02549_,6.465µm
net1244,6.465µm
net2759,6.46µm
net3761,6.46µm
net3900,6.46µm
_03139_,6.44µm
_03752_,6.44µm
_04254_,6.44µm
_05171_,6.44µm
_06790_,6.44µm
system.shared_memory.memory\[30\]\[5\],6.44µm
system.shared_memory.memory\[36\]\[25\],6.44µm
net2767,6.44µm
net3850,6.44µm
_00452_,6.425µm
_00982_,6.425µm
_00996_,6.425µm
_01007_,6.425µm
_01276_,6.425µm
_01355_,6.425µm
_01430_,6.425µm
_01533_,6.425µm
_02030_,6.425µm
_02133_,6.425µm
net3795,6.425µm
_02675_,6.42µm
_03782_,6.42µm
_05466_,6.42µm
net1405,6.42µm
net2679,6.42µm
net2704,6.42µm
net2970,6.42µm
net3263,6.42µm
_07297_,6.41µm
_03221_,6.4µm
_03707_,6.4µm
_03998_,6.4µm
_04197_,6.4µm
_05436_,6.4µm
_07108_,6.4µm
system.shared_memory.memory\[0\]\[17\],6.4µm
system.shared_memory.memory\[15\]\[26\],6.4µm
system.shared_memory.memory\[22\]\[29\],6.4µm
system.shared_memory.memory\[33\]\[0\],6.4µm
system.shared_memory.memory\[44\]\[16\],6.4µm
system.shared_memory.memory\[48\]\[16\],6.4µm
system.shared_memory.memory\[55\]\[14\],6.4µm
system.shared_memory.memory\[60\]\[7\],6.4µm
net3788,6.4µm
_06970_,6.38µm
net1382,6.38µm
net1686,6.38µm
net3838,6.38µm
_03358_,6.36µm
_05290_,6.36µm
_07514_,6.36µm
system.shared_memory.memory\[10\]\[20\],6.36µm
system.shared_memory.memory\[47\]\[1\],6.36µm
system.uart_system.uart_slave.write_address\[28\],6.36µm
_01195_,6.355µm
_02421_,6.355µm
_06543_,6.355µm
net1824,6.355µm
_02138_,6.345µm
_05687_,6.34µm
_03227_,6.32µm
_03371_,6.32µm
_03894_,6.32µm
_04205_,6.32µm
_05319_,6.32µm
_06183_,6.32µm
_06801_,6.32µm
system.shared_memory.memory\[14\]\[0\],6.32µm
system.uart_system.m_axi_awaddr\[1\],6.32µm
_00282_,6.305µm
_00872_,6.305µm
_02634_,6.305µm
_03758_,6.3µm
_04066_,6.3µm
_04107_,6.3µm
_05317_,6.3µm
_06599_,6.3µm
system.shared_memory.memory\[17\]\[6\],6.3µm
system.shared_memory.memory\[20\]\[15\],6.3µm
system.shared_memory.memory\[23\]\[14\],6.3µm
system.shared_memory.memory\[33\]\[19\],6.3µm
system.shared_memory.memory\[33\]\[31\],6.3µm
system.shared_memory.memory\[35\]\[11\],6.3µm
system.shared_memory.memory\[45\]\[6\],6.3µm
system.shared_memory.memory\[63\]\[16\],6.3µm
net1300,6.3µm
net1375,6.3µm
net2386,6.3µm
net2502,6.3µm
net2572,6.3µm
net2694,6.3µm
net2740,6.3µm
net3079,6.3µm
net3195,6.3µm
net3408,6.3µm
net3562,6.3µm
net3582,6.3µm
_04606_,6.28µm
core1.regs.registers\[6\]\[27\],6.28µm
system.shared_memory.memory\[12\]\[18\],6.28µm
system.shared_memory.memory\[31\]\[23\],6.28µm
_05299_,6.27µm
net3934,6.27µm
net3947,6.27µm
_02470_,6.265µm
_01038_,6.26µm
_01083_,6.26µm
_01106_,6.26µm
_03375_,6.26µm
_03580_,6.26µm
_03581_,6.26µm
_03626_,6.26µm
_03841_,6.26µm
_04120_,6.26µm
_04900_,6.26µm
_04963_,6.26µm
_05611_,6.26µm
_05823_,6.26µm
_06172_,6.26µm
_06186_,6.26µm
_07512_,6.26µm
core1.regs.registers\[5\]\[29\],6.26µm
system.shared_memory.memory\[28\]\[26\],6.26µm
system.shared_memory.memory\[37\]\[0\],6.26µm
system.shared_memory.memory\[37\]\[10\],6.26µm
system.shared_memory.memory\[40\]\[9\],6.26µm
system.shared_memory.memory\[42\]\[24\],6.26µm
system.shared_memory.memory\[43\]\[15\],6.26µm
system.shared_memory.memory\[52\]\[26\],6.26µm
system.shared_memory.memory\[6\]\[10\],6.26µm
system.uart_system.m_axi_awaddr\[19\],6.26µm
net1313,6.26µm
net2562,6.26µm
net2861,6.26µm
net2884,6.26µm
net3174,6.26µm
net3209,6.26µm
net3471,6.26µm
net3645,6.26µm
net3927,6.26µm
_00008_,6.245µm
_04191_,6.24µm
_07579_,6.24µm
_01596_,6.235µm
_00045_,6.225µm
_00102_,6.225µm
_00720_,6.225µm
_00902_,6.225µm
_01600_,6.225µm
_02192_,6.225µm
_02241_,6.225µm
_02366_,6.225µm
_02407_,6.225µm
_02505_,6.225µm
_02685_,6.225µm
_02827_,6.225µm
net1339,6.225µm
net1577,6.225µm
net3770,6.225µm
_02709_,6.22µm
_06646_,6.215µm
_00313_,6.205µm
_03918_,6.2µm
_06389_,6.2µm
net3912,6.195µm
_00278_,6.185µm
_00516_,6.185µm
_00629_,6.185µm
_00640_,6.185µm
_00685_,6.185µm
_00790_,6.185µm
_00815_,6.185µm
_00934_,6.185µm
_01030_,6.185µm
_01047_,6.185µm
_01052_,6.185µm
_01141_,6.185µm
_01181_,6.185µm
_01246_,6.185µm
_01265_,6.185µm
_01524_,6.185µm
_01531_,6.185µm
_01563_,6.185µm
_01616_,6.185µm
_01618_,6.185µm
_01644_,6.185µm
_01670_,6.185µm
_01676_,6.185µm
_01746_,6.185µm
_01957_,6.185µm
_01996_,6.185µm
_02203_,6.185µm
_02670_,6.185µm
_02784_,6.185µm
_02795_,6.185µm
_03778_,6.18µm
_04216_,6.18µm
_05594_,6.18µm
_05690_,6.18µm
_05739_,6.18µm
_05910_,6.18µm
_06210_,6.18µm
_06264_,6.18µm
_06719_,6.18µm
core1.regs.registers\[2\]\[28\],6.18µm
core1.regs.registers\[7\]\[18\],6.18µm
system.shared_memory.memory\[13\]\[15\],6.18µm
system.shared_memory.memory\[32\]\[12\],6.18µm
system.shared_memory.memory\[44\]\[18\],6.18µm
net1506,6.18µm
net1561,6.18µm
net1845,6.18µm
net1861,6.18µm
net1932,6.18µm
net1979,6.18µm
net2105,6.18µm
net2198,6.18µm
net2239,6.18µm
net2272,6.18µm
net2296,6.18µm
net2346,6.18µm
net2439,6.18µm
net2708,6.18µm
net2717,6.18µm
net2750,6.18µm
net2984,6.18µm
net3104,6.18µm
net3663,6.18µm
_00539_,6.16µm
_04634_,6.16µm
_05326_,6.16µm
_07120_,6.16µm
system.shared_memory.memory\[28\]\[25\],6.16µm
_03579_,6.14µm
_03704_,6.14µm
_03743_,6.14µm
_03898_,6.14µm
_04600_,6.14µm
_04649_,6.14µm
_06748_,6.14µm
_07097_,6.14µm
_07148_,6.14µm
_07242_,6.14µm
_07529_,6.14µm
_07565_,6.14µm
core1.regs.registers\[2\]\[4\],6.14µm
core1.regs.registers\[5\]\[19\],6.14µm
system.shared_memory.memory\[24\]\[22\],6.14µm
system.shared_memory.memory\[30\]\[13\],6.14µm
system.shared_memory.memory\[56\]\[1\],6.14µm
net1277,6.14µm
net1316,6.14µm
net1369,6.14µm
net1391,6.14µm
net1475,6.14µm
net1497,6.14µm
net1504,6.14µm
net1534,6.14µm
net1544,6.14µm
net1572,6.14µm
net1643,6.14µm
net1650,6.14µm
net1695,6.14µm
net1729,6.14µm
net1731,6.14µm
net1751,6.14µm
net1779,6.14µm
net1967,6.14µm
net2068,6.14µm
net2225,6.14µm
net2231,6.14µm
net2247,6.14µm
net2271,6.14µm
net2352,6.14µm
net2383,6.14µm
net2484,6.14µm
net2692,6.14µm
net2765,6.14µm
net2857,6.14µm
net2868,6.14µm
net2870,6.14µm
net2973,6.14µm
net3067,6.14µm
net3191,6.14µm
net3281,6.14µm
net3315,6.14µm
net3564,6.14µm
net3611,6.14µm
net3634,6.14µm
net3871,6.14µm
net3887,6.14µm
net3911,6.14µm
net3922,6.14µm
net3883,6.13µm
_05699_,6.12µm
_06525_,6.12µm
_06660_,6.12µm
_00209_,6.105µm
_00312_,6.105µm
_00691_,6.105µm
_00713_,6.105µm
_01250_,6.105µm
_01569_,6.105µm
_00964_,6.085µm
_02209_,6.085µm
net1376,6.08µm
net1422,6.08µm
net1470,6.08µm
net1743,6.08µm
net1810,6.08µm
net1893,6.08µm
net1938,6.08µm
net2122,6.08µm
net2191,6.08µm
net2304,6.08µm
net2331,6.08µm
net2498,6.08µm
net2835,6.08µm
net2890,6.08µm
net3354,6.08µm
net3463,6.08µm
net3836,6.08µm
_00196_,6.065µm
_00439_,6.065µm
_00467_,6.065µm
_00725_,6.065µm
_00920_,6.065µm
_01363_,6.065µm
_01474_,6.065µm
_01548_,6.065µm
_01602_,6.065µm
_01758_,6.065µm
_02109_,6.065µm
_02385_,6.065µm
_02835_,6.065µm
_04233_,6.06µm
_04410_,6.06µm
_05089_,6.06µm
_06810_,6.06µm
system.shared_memory.memory\[59\]\[3\],6.06µm
net3466,6.06µm
net3537,6.06µm
_02394_,6.055µm
system.shared_memory.memory\[6\]\[18\],6.045µm
_00207_,6.04µm
_02161_,6.04µm
_02783_,6.04µm
_03135_,6.04µm
system.shared_memory.memory\[13\]\[5\],6.04µm
system.shared_memory.memory\[16\]\[16\],6.04µm
net1267,6.04µm
net1495,6.04µm
net1509,6.04µm
net1599,6.04µm
net1622,6.04µm
net1759,6.04µm
net1905,6.04µm
net1919,6.04µm
net1969,6.04µm
net2157,6.04µm
net2274,6.04µm
net2652,6.04µm
net2654,6.04µm
net2714,6.04µm
net2781,6.04µm
net2924,6.04µm
net3055,6.04µm
_07365_,6.03µm
_02711_,6.025µm
_02719_,6.02µm
_03178_,6.02µm
_03622_,6.02µm
_03639_,6.02µm
_03644_,6.02µm
_03999_,6.02µm
_04049_,6.02µm
_04456_,6.02µm
_05790_,6.02µm
_06054_,6.02µm
_06979_,6.02µm
_07067_,6.02µm
_07080_,6.02µm
_07192_,6.02µm
_07336_,6.02µm
_07494_,6.02µm
system.shared_memory.memory\[18\]\[8\],6.02µm
system.shared_memory.memory\[54\]\[10\],6.02µm
system.uart_system.m_axi_araddr\[17\],6.02µm
net1677,6.02µm
net3585,6.02µm
_00884_,6.015µm
_01841_,6.015µm
_01853_,6.015µm
net2489,6.015µm
_00393_,6.005µm
_02096_,6.005µm
_02271_,6.005µm
_02330_,6.005µm
_02331_,6.005µm
_00152_,5.995µm
_03735_,5.995µm
_01205_,5.985µm
_02167_,5.985µm
_02761_,5.98µm
_03334_,5.98µm
_03378_,5.98µm
_04445_,5.98µm
_06224_,5.98µm
_06422_,5.98µm
system.shared_memory.memory\[28\]\[14\],5.98µm
_00644_,5.965µm
_00688_,5.965µm
_00858_,5.965µm
_01037_,5.965µm
_01287_,5.965µm
_01419_,5.965µm
_01579_,5.965µm
_01649_,5.965µm
_01691_,5.965µm
_02159_,5.965µm
_02284_,5.965µm
net1254,5.965µm
net1499,5.965µm
net2953,5.965µm
net3673,5.965µm
_03665_,5.96µm
_04278_,5.96µm
_05796_,5.96µm
system.shared_memory.memory\[61\]\[3\],5.96µm
net1466,5.96µm
net2026,5.96µm
net2733,5.96µm
net2770,5.96µm
net2921,5.96µm
net3849,5.96µm
_01309_,5.945µm
_02075_,5.945µm
_02358_,5.945µm
_04131_,5.94µm
_07157_,5.94µm
system.shared_memory.memory\[12\]\[17\],5.94µm
system.shared_memory.memory\[40\]\[17\],5.94µm
system.shared_memory.memory\[43\]\[31\],5.94µm
net3694,5.94µm
_01168_,5.935µm
_02725_,5.92µm
_03712_,5.92µm
_06875_,5.92µm
system.shared_memory.memory\[27\]\[10\],5.92µm
system.shared_memory.memory\[47\]\[28\],5.92µm
system.uart_system.m_axi_araddr\[7\],5.92µm
net1982,5.92µm
net2085,5.92µm
_03188_,5.9µm
_05414_,5.9µm
net3220,5.9µm
_00351_,5.895µm
_00476_,5.895µm
_00610_,5.895µm
_00665_,5.895µm
_00899_,5.895µm
_01222_,5.895µm
_01260_,5.895µm
_01798_,5.895µm
_01867_,5.895µm
_01986_,5.895µm
_01023_,5.885µm
_01436_,5.885µm
_02778_,5.885µm
_00309_,5.865µm
_01869_,5.865µm
_02642_,5.865µm
net1227,5.865µm
net3561,5.865µm
_02720_,5.86µm
_03535_,5.86µm
_03540_,5.86µm
_03852_,5.86µm
_07484_,5.86µm
_00119_,5.845µm
_00262_,5.845µm
_00400_,5.845µm
_00556_,5.845µm
_01109_,5.845µm
_01162_,5.845µm
_01411_,5.845µm
_02032_,5.845µm
_02838_,5.845µm
net3792,5.845µm
_00963_,5.84µm
_02712_,5.84µm
_04394_,5.84µm
_05465_,5.84µm
_05811_,5.84µm
_06316_,5.84µm
_07081_,5.84µm
_07461_,5.84µm
system.shared_memory.memory\[34\]\[8\],5.84µm
system.shared_memory.memory\[54\]\[23\],5.84µm
system.shared_memory.memory\[7\]\[11\],5.84µm
system.uart_system.m_axi_rdata\[5\],5.84µm
net2438,5.84µm
net2632,5.84µm
net2726,5.84µm
net2746,5.84µm
net2794,5.84µm
net2802,5.84µm
net2946,5.84µm
net3059,5.84µm
net3091,5.84µm
net3448,5.84µm
net3545,5.84µm
net3845,5.84µm
system.shared_memory.memory\[38\]\[12\],5.825µm
_06547_,5.82µm
_06625_,5.82µm
system.shared_memory.memory\[40\]\[24\],5.82µm
system.uart_system.m_axi_rdata\[4\],5.82µm
net2315,5.82µm
net2690,5.82µm
_01219_,5.815µm
_02823_,5.815µm
_02214_,5.8µm
_02824_,5.8µm
_03268_,5.8µm
_03319_,5.8µm
_03623_,5.8µm
_03862_,5.8µm
_03897_,5.8µm
_04071_,5.8µm
_05053_,5.8µm
_05333_,5.8µm
_05525_,5.8µm
_05619_,5.8µm
_05980_,5.8µm
_06268_,5.8µm
_06366_,5.8µm
_06374_,5.8µm
_07010_,5.8µm
core1.regs.registers\[6\]\[20\],5.8µm
system.shared_memory.memory\[59\]\[28\],5.8µm
system.uart_system.m_axi_awaddr\[17\],5.8µm
net1285,5.8µm
net1301,5.8µm
net1337,5.8µm
net1676,5.8µm
net1691,5.8µm
net1996,5.8µm
net2116,5.8µm
net2130,5.8µm
net2319,5.8µm
net2497,5.8µm
net2617,5.8µm
net2786,5.8µm
net2968,5.8µm
net2969,5.8µm
net3198,5.8µm
net3311,5.8µm
net3345,5.8µm
net3361,5.8µm
net3387,5.8µm
net3518,5.8µm
net3852,5.8µm
_00511_,5.795µm
_00987_,5.78µm
_03970_,5.78µm
_07141_,5.78µm
_02513_,5.775µm
_02813_,5.775µm
_00186_,5.765µm
_00453_,5.765µm
_00473_,5.765µm
_00507_,5.765µm
_00624_,5.765µm
_00671_,5.765µm
_00823_,5.765µm
_01027_,5.765µm
_01346_,5.765µm
_01353_,5.765µm
_01538_,5.765µm
_01668_,5.765µm
_01724_,5.765µm
_01839_,5.765µm
_02199_,5.765µm
_02254_,5.765µm
_02434_,5.765µm
_05588_,5.755µm
_05774_,5.755µm
_06027_,5.755µm
_00046_,5.745µm
_00279_,5.74µm
_03099_,5.74µm
_05701_,5.74µm
_00263_,5.725µm
_00274_,5.725µm
_00588_,5.725µm
_00589_,5.725µm
_00605_,5.725µm
_00716_,5.725µm
_00760_,5.725µm
_00812_,5.725µm
_00894_,5.725µm
_00932_,5.725µm
_00958_,5.725µm
_00959_,5.725µm
_00962_,5.725µm
_01025_,5.725µm
_01114_,5.725µm
_01270_,5.725µm
_01291_,5.725µm
_01297_,5.725µm
_01340_,5.725µm
_01390_,5.725µm
_01414_,5.725µm
_01495_,5.725µm
_01561_,5.725µm
_01620_,5.725µm
_01671_,5.725µm
_01815_,5.725µm
_01856_,5.725µm
_01931_,5.725µm
_01952_,5.725µm
_01968_,5.725µm
_02083_,5.725µm
_02289_,5.725µm
_02349_,5.725µm
_02612_,5.725µm
_03307_,5.72µm
_03866_,5.72µm
_04129_,5.72µm
_04217_,5.72µm
_04242_,5.72µm
_04328_,5.72µm
_05438_,5.72µm
_05475_,5.72µm
_05534_,5.72µm
_05884_,5.72µm
_06482_,5.72µm
_07273_,5.72µm
_07442_,5.72µm
_07490_,5.72µm
core1.regs.registers\[7\]\[15\],5.72µm
system.uart_system.uart_slave.tx_send,5.72µm
net1483,5.72µm
net1720,5.72µm
net1728,5.72µm
net1781,5.72µm
net1809,5.72µm
net1907,5.72µm
net2054,5.72µm
net2279,5.72µm
net2316,5.72µm
net2317,5.72µm
net2381,5.72µm
net2460,5.72µm
net2557,5.72µm
net2778,5.72µm
net2900,5.72µm
net2923,5.72µm
net3013,5.72µm
net3081,5.72µm
net3192,5.72µm
net3232,5.72µm
net3571,5.72µm
net3601,5.72µm
net3824,5.72µm
_03113_,5.705µm
_03228_,5.7µm
_04771_,5.7µm
system.shared_memory.memory\[20\]\[24\],5.695µm
_03101_,5.68µm
_03125_,5.68µm
_03136_,5.68µm
_03722_,5.68µm
_03725_,5.68µm
_03734_,5.68µm
_03788_,5.68µm
_04288_,5.68µm
_04875_,5.68µm
_05147_,5.68µm
_05381_,5.68µm
_06001_,5.68µm
_06347_,5.68µm
_06914_,5.68µm
_06941_,5.68µm
_06958_,5.68µm
_07079_,5.68µm
_07155_,5.68µm
_07179_,5.68µm
_07347_,5.68µm
_07515_,5.68µm
core1.regs.registers\[2\]\[24\],5.68µm
system.uart_system.m_axi_araddr\[25\],5.68µm
system.uart_system.uart_slave.write_address\[24\],5.68µm
net1269,5.68µm
net1424,5.68µm
net1538,5.68µm
net2129,5.68µm
net2253,5.68µm
net2486,5.68µm
net2496,5.68µm
net2623,5.68µm
net2634,5.68µm
net2912,5.68µm
net3152,5.68µm
net3325,5.68µm
net3606,5.68µm
net3651,5.68µm
net3874,5.68µm
net3924,5.68µm
system.shared_memory.memory\[62\]\[0\],5.675µm
_00374_,5.655µm
_00017_,5.645µm
_00113_,5.645µm
_00275_,5.645µm
_00371_,5.645µm
_01726_,5.645µm
_02058_,5.645µm
_02794_,5.645µm
_01384_,5.625µm
_06150_,5.62µm
system.shared_memory.memory\[37\]\[22\],5.62µm
system.uart_system.m_axi_araddr\[13\],5.62µm
net1364,5.62µm
net1434,5.62µm
net1490,5.62µm
net1513,5.62µm
net1522,5.62µm
net1524,5.62µm
net1730,5.62µm
net1757,5.62µm
net1854,5.62µm
net2221,5.62µm
net2326,5.62µm
net2402,5.62µm
net2453,5.62µm
net2504,5.62µm
net2988,5.62µm
net3134,5.62µm
net3244,5.62µm
net3517,5.62µm
_00006_,5.605µm
_00158_,5.605µm
_00334_,5.605µm
_01637_,5.605µm
_01873_,5.605µm
_01876_,5.605µm
_02053_,5.605µm
_02562_,5.605µm
_00241_,5.6µm
_03154_,5.6µm
_03610_,5.6µm
_03763_,5.6µm
_03780_,5.6µm
_05095_,5.6µm
_06356_,5.6µm
_07003_,5.6µm
_07228_,5.6µm
_07246_,5.6µm
_07430_,5.6µm
core1.regs.registers\[6\]\[15\],5.6µm
net1402,5.6µm
net2036,5.6µm
net3190,5.6µm
net3550,5.6µm
_00794_,5.58µm
_00873_,5.58µm
_01689_,5.58µm
_01941_,5.58µm
_02216_,5.58µm
_02630_,5.58µm
_04338_,5.58µm
system.shared_memory.memory\[14\]\[18\],5.58µm
system.shared_memory.memory\[40\]\[10\],5.58µm
net1311,5.58µm
net1372,5.58µm
net1486,5.58µm
net1488,5.58µm
net1543,5.58µm
net1548,5.58µm
net1549,5.58µm
net1598,5.58µm
net1603,5.58µm
net1604,5.58µm
net1666,5.58µm
net1675,5.58µm
net1693,5.58µm
net1735,5.58µm
net1746,5.58µm
net1787,5.58µm
net1796,5.58µm
net1860,5.58µm
net1896,5.58µm
net1971,5.58µm
net2043,5.58µm
net2048,5.58µm
net2075,5.58µm
net2083,5.58µm
net2089,5.58µm
net2093,5.58µm
net2156,5.58µm
net2169,5.58µm
net2171,5.58µm
net2208,5.58µm
net2218,5.58µm
net2295,5.58µm
net2297,5.58µm
net2379,5.58µm
net2399,5.58µm
net2401,5.58µm
net2421,5.58µm
net2423,5.58µm
net2436,5.58µm
net2512,5.58µm
net2609,5.58µm
net2730,5.58µm
net2789,5.58µm
net2823,5.58µm
net2879,5.58µm
net2901,5.58µm
net2967,5.58µm
net3033,5.58µm
net3060,5.58µm
net3133,5.58µm
net3223,5.58µm
net3457,5.58µm
net3475,5.58µm
net3570,5.58µm
net3767,5.58µm
_02715_,5.565µm
_03583_,5.56µm
_03709_,5.56µm
_03967_,5.56µm
_03978_,5.56µm
_04264_,5.56µm
_04558_,5.56µm
_04828_,5.56µm
_05210_,5.56µm
_05630_,5.56µm
_05897_,5.56µm
_06026_,5.56µm
_06198_,5.56µm
_06665_,5.56µm
_06974_,5.56µm
_07029_,5.56µm
_07077_,5.56µm
_07243_,5.56µm
_07321_,5.56µm
_07426_,5.56µm
_07550_,5.56µm
system.interconnect_unit.mem_read_data\[31\],5.56µm
net2688,5.56µm
net2866,5.56µm
_00419_,5.555µm
_02127_,5.555µm
net3931,5.555µm
_00547_,5.545µm
_00789_,5.545µm
_00940_,5.545µm
_01053_,5.545µm
_02318_,5.545µm
net1246,5.545µm
_02054_,5.525µm
_02489_,5.525µm
_05151_,5.52µm
_05301_,5.52µm
_06106_,5.52µm
system.shared_memory.memory\[2\]\[5\],5.52µm
net1276,5.52µm
net1400,5.52µm
net1955,5.52µm
net2883,5.52µm
net3161,5.52µm
net3859,5.52µm
_00475_,5.505µm
_00477_,5.505µm
_00650_,5.505µm
_00788_,5.505µm
_00816_,5.505µm
_01024_,5.505µm
_01043_,5.505µm
_01066_,5.505µm
_01253_,5.505µm
_01325_,5.505µm
_01339_,5.505µm
_01551_,5.505µm
_01773_,5.505µm
_01795_,5.505µm
_01852_,5.505µm
_01887_,5.505µm
_01912_,5.505µm
_01925_,5.505µm
_01950_,5.505µm
_01974_,5.505µm
_02260_,5.505µm
_02276_,5.505µm
_02348_,5.505µm
net1231,5.505µm
net1413,5.505µm
net2047,5.505µm
_05404_,5.5µm
_05542_,5.5µm
_06354_,5.5µm
_07198_,5.5µm
_02433_,5.48µm
_03392_,5.48µm
_04437_,5.48µm
core1.regs.registers\[3\]\[16\],5.48µm
system.shared_memory.memory\[29\]\[9\],5.48µm
system.shared_memory.memory\[34\]\[22\],5.48µm
system.shared_memory.memory\[44\]\[15\],5.48µm
net3224,5.48µm
net3724,5.48µm
_00301_,5.475µm
_00586_,5.475µm
_00711_,5.475µm
_00770_,5.475µm
_01256_,5.475µm
_01514_,5.475µm
_01552_,5.475µm
_01757_,5.475µm
_01771_,5.475µm
_01804_,5.475µm
_01981_,5.475µm
_02234_,5.475µm
_02313_,5.475µm
_02371_,5.475µm
_02398_,5.475µm
_02460_,5.475µm
net1446,5.475µm
_03271_,5.46µm
core0.regs.registers\[2\]\[19\],5.46µm
net2420,5.46µm
net2475,5.46µm
net2514,5.46µm
net2779,5.46µm
net3793,5.46µm
net3907,5.46µm
_00172_,5.445µm
_01208_,5.445µm
_01434_,5.445µm
_02666_,5.445µm
_05341_,5.44µm
_07437_,5.44µm
net3142,5.44µm
_00201_,5.435µm
_00264_,5.435µm
_00344_,5.435µm
_00398_,5.435µm
_00417_,5.435µm
_00903_,5.435µm
_01206_,5.435µm
_01589_,5.435µm
_01674_,5.435µm
_02463_,5.435µm
_02793_,5.435µm
_02519_,5.425µm
_02777_,5.425µm
_00743_,5.405µm
_01294_,5.405µm
_02536_,5.405µm
_03250_,5.4µm
_03306_,5.4µm
_03887_,5.4µm
_05173_,5.4µm
_06600_,5.4µm
net1373,5.4µm
net3487,5.4µm
net3670,5.4µm
net3683,5.4µm
_00331_,5.385µm
_01786_,5.385µm
_02002_,5.385µm
_05987_,5.385µm
_03119_,5.38µm
_03190_,5.38µm
_03312_,5.38µm
_03527_,5.38µm
_03812_,5.38µm
_04469_,5.38µm
system.shared_memory.memory\[15\]\[29\],5.38µm
system.shared_memory.memory\[3\]\[14\],5.38µm
system.shared_memory.memory\[46\]\[30\],5.38µm
system.shared_memory.memory\[53\]\[11\],5.38µm
system.shared_memory.memory\[53\]\[13\],5.38µm
system.uart_system.m_axi_rdata\[3\],5.38µm
net1374,5.38µm
net1444,5.38µm
net1445,5.38µm
net2028,5.38µm
net2042,5.38µm
net2995,5.38µm
net3016,5.38µm
net3185,5.38µm
net3298,5.38µm
net3839,5.38µm
system.shared_memory.memory\[10\]\[30\],5.37µm
_00210_,5.365µm
_02588_,5.36µm
_03231_,5.36µm
_04370_,5.36µm
_05492_,5.36µm
_05598_,5.36µm
_06352_,5.36µm
_06581_,5.36µm
core0.regs.registers\[2\]\[27\],5.36µm
net774,5.36µm
net3249,5.36µm
net3855,5.36µm
_01302_,5.355µm
_00974_,5.34µm
_03634_,5.34µm
_04045_,5.34µm
_04514_,5.34µm
_05267_,5.34µm
_05365_,5.34µm
_05838_,5.34µm
_05993_,5.34µm
_06114_,5.34µm
_06167_,5.34µm
_06319_,5.34µm
_06492_,5.34µm
_06645_,5.34µm
_07498_,5.34µm
core0.regs.registers\[3\]\[13\],5.34µm
system.shared_memory.memory\[16\]\[1\],5.34µm
net1275,5.34µm
net1814,5.34µm
net1870,5.34µm
net2224,5.34µm
net2467,5.34µm
net2552,5.34µm
net3194,5.34µm
net3241,5.34µm
net3322,5.34µm
net3353,5.34µm
net3633,5.34µm
net3754,5.34µm
net3942,5.34µm
_00642_,5.315µm
_01356_,5.315µm
_02389_,5.315µm
_03760_,5.315µm
net2902,5.315µm
_00010_,5.305µm
_00141_,5.305µm
_00545_,5.305µm
_00813_,5.305µm
_00965_,5.305µm
_01174_,5.305µm
_01274_,5.305µm
_01409_,5.305µm
_01418_,5.305µm
_01426_,5.305µm
_01510_,5.305µm
_01532_,5.305µm
_01586_,5.305µm
_01739_,5.305µm
_01842_,5.305µm
_02040_,5.305µm
_02078_,5.305µm
_02226_,5.305µm
_02293_,5.305µm
_02406_,5.305µm
_02430_,5.305µm
_02541_,5.305µm
_02625_,5.305µm
net1257,5.305µm
net2368,5.305µm
_05952_,5.295µm
system.shared_memory.memory\[37\]\[25\],5.29µm
_02705_,5.285µm
_00109_,5.28µm
_00266_,5.28µm
_03716_,5.28µm
_05839_,5.28µm
_05922_,5.28µm
system.uart_system.m_axi_awaddr\[14\],5.28µm
_00448_,5.265µm
_00482_,5.265µm
_00669_,5.265µm
_00678_,5.265µm
_00833_,5.265µm
_00952_,5.265µm
_01012_,5.265µm
_01110_,5.265µm
_01178_,5.265µm
_01214_,5.265µm
_01233_,5.265µm
_01684_,5.265µm
_01745_,5.265µm
_01970_,5.265µm
_01972_,5.265µm
_02149_,5.265µm
_02164_,5.265µm
_02364_,5.265µm
_02468_,5.265µm
_02682_,5.265µm
net3111,5.265µm
net3381,5.265µm
_01059_,5.26µm
_02738_,5.26µm
_03166_,5.26µm
_03461_,5.26µm
_03563_,5.26µm
_03868_,5.26µm
_04054_,5.26µm
_04324_,5.26µm
_04478_,5.26µm
_04660_,5.26µm
_05672_,5.26µm
_05747_,5.26µm
_05808_,5.26µm
_05875_,5.26µm
_06066_,5.26µm
_06175_,5.26µm
_07245_,5.26µm
_07279_,5.26µm
_07318_,5.26µm
_07431_,5.26µm
system.shared_memory.memory\[31\]\[31\],5.26µm
system.shared_memory.memory\[46\]\[5\],5.26µm
net1283,5.26µm
net1341,5.26µm
net1379,5.26µm
net1388,5.26µm
net1467,5.26µm
net1537,5.26µm
net1963,5.26µm
net2065,5.26µm
net2215,5.26µm
net2217,5.26µm
net2223,5.26µm
net2306,5.26µm
net2309,5.26µm
net2560,5.26µm
net2712,5.26µm
net2747,5.26µm
net2753,5.26µm
net2796,5.26µm
net2798,5.26µm
net2859,5.26µm
net2864,5.26µm
net3433,5.26µm
net3530,5.26µm
net3624,5.26µm
net3818,5.26µm
_01633_,5.255µm
_00300_,5.245µm
_00213_,5.24µm
_01536_,5.24µm
_01743_,5.24µm
_00369_,5.235µm
system.shared_memory.memory\[50\]\[0\],5.235µm
_02579_,5.225µm
_02472_,5.22µm
_03091_,5.22µm
_03107_,5.22µm
_03200_,5.22µm
_03225_,5.22µm
_03485_,5.22µm
_03508_,5.22µm
_03522_,5.22µm
_03661_,5.22µm
_03779_,5.22µm
_03848_,5.22µm
_04022_,5.22µm
_04536_,5.22µm
_04818_,5.22µm
_04836_,5.22µm
_07180_,5.22µm
_07269_,5.22µm
_07457_,5.22µm
_07528_,5.22µm
_07546_,5.22µm
core1.regs.registers\[1\]\[10\],5.22µm
system.shared_memory.memory\[15\]\[1\],5.22µm
net1287,5.22µm
net1357,5.22µm
net1516,5.22µm
net1532,5.22µm
net1597,5.22µm
net1682,5.22µm
net1780,5.22µm
net1811,5.22µm
net1900,5.22µm
net2090,5.22µm
net2323,5.22µm
net2387,5.22µm
net2627,5.22µm
net2783,5.22µm
net3039,5.22µm
net3319,5.22µm
_00846_,5.215µm
_01020_,5.215µm
_01033_,5.215µm
_01292_,5.215µm
net1493,5.215µm
_00108_,5.185µm
_00132_,5.185µm
_00183_,5.185µm
_00230_,5.185µm
_00248_,5.185µm
_00303_,5.185µm
_00396_,5.185µm
_00404_,5.185µm
_00701_,5.185µm
_01781_,5.185µm
_02057_,5.185µm
_02206_,5.185µm
_02222_,5.185µm
_00776_,5.165µm
_01077_,5.165µm
_01366_,5.165µm
_01858_,5.165µm
_02517_,5.165µm
_02172_,5.16µm
_02663_,5.16µm
_04387_,5.16µm
net1406,5.16µm
net1633,5.16µm
net1799,5.16µm
net2067,5.16µm
net2153,5.16µm
net2355,5.16µm
net2356,5.16µm
net2419,5.16µm
net2576,5.16µm
net2808,5.16µm
net2951,5.16µm
net2955,5.16µm
net2980,5.16µm
net3030,5.16µm
net3037,5.16µm
net3043,5.16µm
net3084,5.16µm
net3188,5.16µm
net3262,5.16µm
net3553,5.16µm
_01962_,5.145µm
_03310_,5.14µm
_03345_,5.14µm
_04449_,5.14µm
_04693_,5.14µm
_05078_,5.14µm
_07060_,5.14µm
_07535_,5.14µm
system.shared_memory.memory\[1\]\[1\],5.14µm
system.shared_memory.memory\[54\]\[12\],5.14µm
system.shared_memory.memory\[62\]\[19\],5.14µm
_01235_,5.135µm
_04670_,5.12µm
_07020_,5.12µm
system.shared_memory.memory\[32\]\[24\],5.12µm
net1302,5.12µm
net1421,5.12µm
net1423,5.12µm
net1430,5.12µm
net1442,5.12µm
net1554,5.12µm
net1556,5.12µm
net1569,5.12µm
net1584,5.12µm
net1653,5.12µm
net1655,5.12µm
net1727,5.12µm
net1732,5.12µm
net1741,5.12µm
net1829,5.12µm
net1853,5.12µm
net1859,5.12µm
net1886,5.12µm
net1892,5.12µm
net1936,5.12µm
net1951,5.12µm
net2131,5.12µm
net2140,5.12µm
net2246,5.12µm
net2282,5.12µm
net2354,5.12µm
net2384,5.12µm
net2395,5.12µm
net2435,5.12µm
net2457,5.12µm
net2499,5.12µm
net2564,5.12µm
net2637,5.12µm
net2646,5.12µm
net2649,5.12µm
net2701,5.12µm
net2757,5.12µm
net2773,5.12µm
net2848,5.12µm
net2852,5.12µm
net2876,5.12µm
net2905,5.12µm
net2947,5.12µm
net2989,5.12µm
net3011,5.12µm
net3023,5.12µm
net3034,5.12µm
net3048,5.12µm
net3121,5.12µm
net3237,5.12µm
net3276,5.12µm
net3332,5.12µm
net3398,5.12µm
net3406,5.12µm
net3460,5.12µm
net3572,5.12µm
net3612,5.12µm
net3668,5.12µm
net3750,5.12µm
net3866,5.12µm
_00623_,5.115µm
_02692_,5.105µm
_03286_,5.1µm
_03437_,5.1µm
_03443_,5.1µm
_03588_,5.1µm
_03675_,5.1µm
_03695_,5.1µm
_04625_,5.1µm
_04931_,5.1µm
_04974_,5.1µm
_05345_,5.1µm
_05486_,5.1µm
_06339_,5.1µm
_07453_,5.1µm
_07488_,5.1µm
_07562_,5.1µm
_00533_,5.095µm
_01028_,5.095µm
_01413_,5.095µm
_01677_,5.095µm
_01708_,5.095µm
_01939_,5.095µm
_01969_,5.095µm
_02008_,5.095µm
_02121_,5.095µm
_02157_,5.095µm
_02329_,5.095µm
_02422_,5.095µm
_02641_,5.095µm
_02687_,5.095µm
net2741,5.095µm
net3172,5.095µm
net3961,5.095µm
_00218_,5.085µm
_00761_,5.085µm
_00984_,5.085µm
_01328_,5.085µm
_01459_,5.085µm
_01610_,5.085µm
_01656_,5.085µm
_01660_,5.085µm
_01709_,5.085µm
_01930_,5.085µm
_02010_,5.085µm
_02147_,5.085µm
_02237_,5.085µm
_02414_,5.085µm
_03614_,5.06µm
_07069_,5.06µm
system.shared_memory.memory\[30\]\[9\],5.06µm
net1770,5.06µm
net1868,5.06µm
net1986,5.06µm
net3003,5.06µm
net3272,5.06µm
net3441,5.06µm
_00111_,5.045µm
_00177_,5.045µm
_00415_,5.045µm
_00435_,5.045µm
_00484_,5.045µm
_00517_,5.045µm
_00520_,5.045µm
_00549_,5.045µm
_00576_,5.045µm
_00785_,5.045µm
_00803_,5.045µm
_00852_,5.045µm
_00941_,5.045µm
_00946_,5.045µm
_01034_,5.045µm
_01056_,5.045µm
_01167_,5.045µm
_01172_,5.045µm
_01216_,5.045µm
_01252_,5.045µm
_01264_,5.045µm
_01271_,5.045µm
_01288_,5.045µm
_01361_,5.045µm
_01382_,5.045µm
_01386_,5.045µm
_01550_,5.045µm
_01587_,5.045µm
_01591_,5.045µm
_01655_,5.045µm
_01754_,5.045µm
_01765_,5.045µm
_01897_,5.045µm
_02069_,5.045µm
_02303_,5.045µm
_02359_,5.045µm
_02381_,5.045µm
_02429_,5.045µm
net1724,5.045µm
net1871,5.045µm
_02473_,5.04µm
_02576_,5.04µm
_02717_,5.04µm
_05697_,5.04µm
_06052_,5.04µm
_06218_,5.04µm
net3233,5.04µm
system.shared_memory.memory\[13\]\[14\],5.025µm
_00792_,5.02µm
_03983_,5.02µm
_04218_,5.02µm
_04486_,5.02µm
_05713_,5.02µm
_06361_,5.02µm
_06760_,5.02µm
core1.regs.registers\[3\]\[3\],5.02µm
system.shared_memory.memory\[10\]\[3\],5.02µm
system.shared_memory.memory\[43\]\[30\],5.02µm
system.shared_memory.memory\[50\]\[17\],5.02µm
net3069,5.02µm
net3723,5.02µm
_04352_,5µm
net1494,5µm
net1679,5µm
net2556,5µm
net3047,5µm
net3600,5µm
_00036_,4.985µm
_01703_,4.985µm
net1959,4.985µm
_00370_,4.975µm
_01543_,4.975µm
_01652_,4.975µm
net1881,4.975µm
_02627_,4.965µm
_00979_,4.94µm
_01102_,4.94µm
_02746_,4.94µm
_03163_,4.94µm
_03483_,4.94µm
_03681_,4.94µm
_03837_,4.94µm
_03846_,4.94µm
_03864_,4.94µm
_04425_,4.94µm
_05021_,4.94µm
_05212_,4.94µm
_06481_,4.94µm
_06896_,4.94µm
_07103_,4.94µm
system.uart_system.m_axi_awaddr\[16\],4.94µm
system.uart_system.m_axi_awaddr\[20\],4.94µm
system.uart_system.m_axi_awaddr\[28\],4.94µm
system.uart_system.m_axi_awaddr\[8\],4.94µm
net3957,4.94µm
_00219_,4.925µm
_00283_,4.925µm
_00339_,4.925µm
_00622_,4.925µm
_02512_,4.925µm
_01115_,4.92µm
_01145_,4.92µm
_02815_,4.92µm
_03315_,4.92µm
_03771_,4.92µm
_03861_,4.92µm
_04353_,4.92µm
_04610_,4.92µm
_05045_,4.92µm
_05084_,4.92µm
_05145_,4.92µm
_06454_,4.92µm
_06594_,4.92µm
_07479_,4.92µm
_07542_,4.92µm
system.shared_memory.memory\[1\]\[25\],4.92µm
system.uart_system.m_axi_araddr\[5\],4.92µm
system.uart_system.m_axi_awaddr\[11\],4.92µm
net2184,4.92µm
net2805,4.92µm
net3042,4.92µm
net3101,4.92µm
net3347,4.92µm
net3456,4.92µm
_00332_,4.905µm
_04874_,4.9µm
_05979_,4.9µm
net1481,4.9µm
net3891,4.89µm
_05308_,4.885µm
_01075_,4.88µm
_01849_,4.88µm
_02393_,4.88µm
_03140_,4.88µm
_03399_,4.88µm
_03431_,4.88µm
_03582_,4.88µm
_03605_,4.88µm
_04145_,4.88µm
_04579_,4.88µm
_05088_,4.88µm
_05419_,4.88µm
_05496_,4.88µm
_05536_,4.88µm
_05781_,4.88µm
_06154_,4.88µm
_06326_,4.88µm
_06488_,4.88µm
_06843_,4.88µm
_06912_,4.88µm
_07459_,4.88µm
_07506_,4.88µm
_07557_,4.88µm
system.shared_memory.memory\[16\]\[5\],4.88µm
system.shared_memory.pending_write_data\[23\],4.88µm
net1203,4.88µm
net1279,4.88µm
net1340,4.88µm
net2827,4.88µm
net3008,4.88µm
net3027,4.88µm
net3117,4.88µm
net3124,4.88µm
net3252,4.88µm
net3436,4.88µm
net3438,4.88µm
net3702,4.88µm
net3862,4.88µm
_00353_,4.845µm
_00383_,4.845µm
_00384_,4.845µm
_00734_,4.845µm
_00736_,4.845µm
_00848_,4.845µm
_00857_,4.845µm
_00868_,4.845µm
_01118_,4.845µm
_01132_,4.845µm
_01217_,4.845µm
_01258_,4.845µm
_01305_,4.845µm
_01417_,4.845µm
_01489_,4.845µm
_01557_,4.845µm
_01611_,4.845µm
_01784_,4.845µm
_01823_,4.845µm
_01874_,4.845µm
_02050_,4.845µm
_02063_,4.845µm
_02088_,4.845µm
_02107_,4.845µm
_02207_,4.845µm
_02298_,4.845µm
_02311_,4.845µm
_02324_,4.845µm
_02362_,4.845µm
_02382_,4.845µm
_02388_,4.845µm
_02498_,4.845µm
_02507_,4.845µm
_02599_,4.845µm
net1226,4.845µm
net1238,4.845µm
net3675,4.845µm
_02442_,4.82µm
_02765_,4.82µm
net1396,4.82µm
_00216_,4.805µm
_00246_,4.805µm
_00660_,4.805µm
_00830_,4.805µm
_01280_,4.805µm
_01590_,4.805µm
_01639_,4.805µm
_02698_,4.805µm
_06597_,4.805µm
net3078,4.805µm
_03147_,4.8µm
_04192_,4.8µm
_04273_,4.8µm
_04341_,4.8µm
_04677_,4.8µm
_04688_,4.8µm
_04705_,4.8µm
_05368_,4.8µm
_05458_,4.8µm
_05668_,4.8µm
_06259_,4.8µm
_06285_,4.8µm
_06465_,4.8µm
_06478_,4.8µm
_06495_,4.8µm
_06505_,4.8µm
_07545_,4.8µm
_07561_,4.8µm
system.shared_memory.memory\[31\]\[10\],4.8µm
system.shared_memory.memory\[36\]\[15\],4.8µm
system.shared_memory.memory\[4\]\[27\],4.8µm
net1251,4.8µm
net1451,4.8µm
net1464,4.8µm
net1503,4.8µm
net1563,4.8µm
net1594,4.8µm
net1618,4.8µm
net1791,4.8µm
net2070,4.8µm
net2102,4.8µm
net2192,4.8µm
net2364,4.8µm
net2724,4.8µm
net2855,4.8µm
net2925,4.8µm
net3018,4.8µm
net3088,4.8µm
net3214,4.8µm
net3400,4.8µm
net3577,4.8µm
_02230_,4.795µm
_03658_,4.78µm
_00052_,4.765µm
_00058_,4.76µm
_03303_,4.76µm
_03323_,4.76µm
_03770_,4.76µm
_03994_,4.76µm
_04498_,4.76µm
_05895_,4.76µm
_05908_,4.76µm
_06913_,4.76µm
_07152_,4.76µm
_07300_,4.76µm
_07306_,4.76µm
_07314_,4.76µm
_07433_,4.76µm
_07438_,4.76µm
_07507_,4.76µm
_07516_,4.76µm
net1268,4.76µm
net1315,4.76µm
net1656,4.76µm
net2132,4.76µm
net2975,4.76µm
net3183,4.76µm
_00222_,4.755µm
_01659_,4.755µm
_02035_,4.755µm
net2031,4.755µm
net3939,4.755µm
_00198_,4.725µm
_00204_,4.725µm
_00211_,4.725µm
_00506_,4.725µm
_01197_,4.725µm
_01213_,4.725µm
_01236_,4.725µm
_01315_,4.725µm
_01521_,4.725µm
_01905_,4.725µm
_02055_,4.725µm
_03521_,4.715µm
_00602_,4.705µm
_01389_,4.705µm
_00938_,4.7µm
_02535_,4.7µm
_02603_,4.7µm
net1420,4.7µm
net1472,4.7µm
net1505,4.7µm
net2035,4.7µm
net2686,4.7µm
net2914,4.7µm
net2966,4.7µm
net2981,4.7µm
net3001,4.7µm
net3020,4.7µm
net3230,4.7µm
net3235,4.7µm
net3410,4.7µm
net3804,4.7µm
_04981_,4.68µm
_05162_,4.68µm
_06562_,4.68µm
_07118_,4.68µm
_07145_,4.68µm
_07367_,4.68µm
_07374_,4.68µm
_07485_,4.68µm
system.shared_memory.memory\[0\]\[16\],4.68µm
system.shared_memory.memory\[45\]\[2\],4.68µm
net1508,4.68µm
net1891,4.68µm
net1901,4.68µm
net2292,4.68µm
net2380,4.68µm
net2927,4.68µm
net3499,4.68µm
_02305_,4.675µm
_02567_,4.675µm
_03512_,4.675µm
net1314,4.66µm
net1361,4.66µm
net1547,4.66µm
net1560,4.66µm
net1639,4.66µm
net1640,4.66µm
net1703,4.66µm
net1794,4.66µm
net1836,4.66µm
net1917,4.66µm
net2004,4.66µm
net2103,4.66µm
net2314,4.66µm
net2348,4.66µm
net2376,4.66µm
net2391,4.66µm
net2481,4.66µm
net2530,4.66µm
net2610,4.66µm
net2760,4.66µm
net2892,4.66µm
net3029,4.66µm
net3057,4.66µm
net3120,4.66µm
net3234,4.66µm
net3307,4.66µm
net3331,4.66µm
net3349,4.66µm
net3377,4.66µm
net3432,4.66µm
net3434,4.66µm
net3449,4.66µm
net3528,4.66µm
net3797,4.66µm
net3880,4.66µm
_00056_,4.635µm
_00285_,4.635µm
_00668_,4.635µm
_00714_,4.635µm
_00983_,4.635µm
_02144_,4.635µm
system.shared_memory.memory\[30\]\[2\],4.635µm
system.shared_memory.memory\[36\]\[29\],4.635µm
_00382_,4.625µm
_00567_,4.625µm
_00569_,4.625µm
_00628_,4.625µm
_00636_,4.625µm
_00655_,4.625µm
_00672_,4.625µm
_00702_,4.625µm
_00722_,4.625µm
_00772_,4.625µm
_00787_,4.625µm
_01199_,4.625µm
_01249_,4.625µm
_01299_,4.625µm
_01316_,4.625µm
_01321_,4.625µm
_01332_,4.625µm
_01420_,4.625µm
_01467_,4.625µm
_01523_,4.625µm
_01537_,4.625µm
_01634_,4.625µm
_01635_,4.625µm
_01640_,4.625µm
_01698_,4.625µm
_01729_,4.625µm
_01904_,4.625µm
_01982_,4.625µm
_02021_,4.625µm
_02089_,4.625µm
_02188_,4.625µm
_02204_,4.625µm
_02247_,4.625µm
_02343_,4.625µm
_02369_,4.625µm
_02413_,4.625µm
_02424_,4.625µm
_02617_,4.625µm
_00386_,4.605µm
_00945_,4.605µm
_02374_,4.605µm
_02623_,4.605µm
_00126_,4.6µm
_04314_,4.6µm
_05307_,4.6µm
_05353_,4.6µm
_05386_,4.6µm
_05491_,4.6µm
_06574_,4.6µm
system.shared_memory.memory\[37\]\[11\],4.6µm
system.shared_memory.memory\[4\]\[3\],4.6µm
net1992,4.6µm
net2066,4.6µm
net2240,4.6µm
net2343,4.6µm
net2546,4.6µm
net3290,4.6µm
net3744,4.6µm
net3914,4.6µm
_00456_,4.585µm
_00682_,4.585µm
_00752_,4.585µm
_00798_,4.585µm
_00930_,4.585µm
_00997_,4.585µm
_01261_,4.585µm
_01393_,4.585µm
_01535_,4.585µm
_01605_,4.585µm
_01933_,4.585µm
_02316_,4.585µm
_02539_,4.585µm
net2454,4.585µm
net3391,4.585µm
net3720,4.585µm
_00140_,4.58µm
_00305_,4.58µm
_00326_,4.58µm
_00346_,4.58µm
_01800_,4.58µm
_02195_,4.58µm
_02621_,4.58µm
_04275_,4.58µm
_06606_,4.58µm
net2956,4.58µm
_03234_,4.56µm
_03311_,4.56µm
_03387_,4.56µm
_07397_,4.56µm
_07559_,4.56µm
system.shared_memory.memory\[0\]\[12\],4.56µm
system.shared_memory.memory\[28\]\[0\],4.56µm
_01623_,4.555µm
_01731_,4.555µm
_03393_,4.54µm
_03719_,4.54µm
_05450_,4.54µm
net1480,4.54µm
net3115,4.54µm
_01812_,4.525µm
_00039_,4.505µm
_00590_,4.505µm
_01936_,4.505µm
_02042_,4.505µm
_02104_,4.505µm
_02229_,4.505µm
_02342_,4.505µm
_02624_,4.505µm
net1240,4.505µm
net1252,4.505µm
_01019_,4.48µm
_02123_,4.48µm
_02246_,4.48µm
_02766_,4.48µm
_02768_,4.48µm
_03305_,4.48µm
_03858_,4.48µm
_05377_,4.48µm
_06706_,4.48µm
_07334_,4.48µm
net1305,4.48µm
_02572_,4.465µm
_02410_,4.46µm
_02818_,4.46µm
_03124_,4.46µm
_03270_,4.46µm
_04554_,4.46µm
_04594_,4.46µm
_05623_,4.46µm
_07520_,4.46µm
system.shared_memory.memory\[14\]\[10\],4.46µm
system.shared_memory.memory\[38\]\[20\],4.46µm
system.shared_memory.memory\[55\]\[10\],4.46µm
system.uart_system.m_axi_awaddr\[25\],4.46µm
system.uart_system.m_axi_rdata\[0\],4.46µm
system.uart_system.m_axi_rdata\[1\],4.46µm
net1304,4.46µm
net1407,4.46µm
net1440,4.46µm
net1716,4.46µm
net2393,4.46µm
net2676,4.46µm
net2958,4.46µm
net3009,4.46µm
net3402,4.46µm
net3416,4.46µm
net3608,4.46µm
net3959,4.46µm
_03762_,4.44µm
_05544_,4.44µm
_06217_,4.44µm
system.shared_memory.memory\[30\]\[11\],4.44µm
net1749,4.44µm
net3289,4.44µm
_00295_,4.435µm
_00595_,4.435µm
net3903,4.43µm
_00268_,4.425µm
_01999_,4.425µm
_00054_,4.42µm
_01203_,4.42µm
_02201_,4.42µm
_03117_,4.42µm
_03476_,4.42µm
_03755_,4.42µm
_04284_,4.42µm
_04891_,4.42µm
_05567_,4.42µm
_06480_,4.42µm
_06500_,4.42µm
_06541_,4.42µm
_07190_,4.42µm
_07360_,4.42µm
_07400_,4.42µm
_07432_,4.42µm
_07435_,4.42µm
_07470_,4.42µm
_07544_,4.42µm
core0.regs.registers\[0\]\[26\],4.42µm
system.uart_system.m_axi_awaddr\[6\],4.42µm
net1408,4.42µm
net3175,4.42µm
net3411,4.42µm
net3644,4.42µm
_02277_,4.415µm
_02312_,4.405µm
_02726_,4.405µm
_00154_,4.385µm
_00164_,4.385µm
_00190_,4.385µm
_00352_,4.385µm
_00416_,4.385µm
_00625_,4.385µm
_00746_,4.385µm
_00775_,4.385µm
_00860_,4.385µm
_00880_,4.385µm
_01005_,4.385µm
_01209_,4.385µm
_01372_,4.385µm
_01387_,4.385µm
_01477_,4.385µm
_01502_,4.385µm
_01520_,4.385µm
_01542_,4.385µm
_01641_,4.385µm
_01682_,4.385µm
_01683_,4.385µm
_01722_,4.385µm
_01756_,4.385µm
_01826_,4.385µm
_02205_,4.385µm
_02211_,4.385µm
_02224_,4.385µm
_02288_,4.385µm
_02300_,4.385µm
_02308_,4.385µm
_02334_,4.385µm
_02351_,4.385µm
_02365_,4.385µm
_02640_,4.385µm
_06297_,4.375µm
_01088_,4.36µm
_02830_,4.36µm
_04945_,4.36µm
_05759_,4.36µm
_06081_,4.36µm
net3358,4.36µm
_00061_,4.34µm
_02520_,4.34µm
_03193_,4.34µm
_03330_,4.34µm
_03557_,4.34µm
_03630_,4.34µm
_03785_,4.34µm
_03834_,4.34µm
_03924_,4.34µm
_03969_,4.34µm
_05654_,4.34µm
_05932_,4.34µm
_06391_,4.34µm
_06504_,4.34µm
_06657_,4.34µm
_06766_,4.34µm
_06859_,4.34µm
_07533_,4.34µm
system.shared_memory.memory\[55\]\[2\],4.34µm
net1325,4.34µm
net1356,4.34µm
net1754,4.34µm
net1783,4.34µm
net1838,4.34µm
net1993,4.34µm
net2096,4.34µm
net2322,4.34µm
net2447,4.34µm
net2469,4.34µm
net2494,4.34µm
net2698,4.34µm
net2784,4.34µm
net2844,4.34µm
net2961,4.34µm
net2998,4.34µm
net3086,4.34µm
net3165,4.34µm
net3383,4.34µm
net3496,4.34µm
net3509,4.34µm
_02326_,4.335µm
_03361_,4.32µm
_06830_,4.32µm
_00016_,4.305µm
_00053_,4.305µm
_02566_,4.305µm
_00191_,4.295µm
_00876_,4.295µm
_01529_,4.295µm
_02060_,4.295µm
_02361_,4.295µm
_02451_,4.295µm
net1786,4.295µm
net1867,4.295µm
net1926,4.295µm
net2107,4.295µm
net2907,4.295µm
_00007_,4.265µm
_00199_,4.265µm
_00212_,4.265µm
_00233_,4.265µm
_00414_,4.265µm
_00810_,4.265µm
_00956_,4.265µm
_01244_,4.265µm
_01331_,4.265µm
_01944_,4.265µm
net1344,4.265µm
_02534_,4.25µm
_02179_,4.245µm
_02802_,4.245µm
_00896_,4.24µm
_02384_,4.24µm
_03235_,4.24µm
_05160_,4.24µm
net1566,4.24µm
net1651,4.24µm
net1699,4.24µm
net1747,4.24µm
net1782,4.24µm
net1858,4.24µm
net1989,4.24µm
net2011,4.24µm
net2064,4.24µm
net2164,4.24µm
net2190,4.24µm
net2219,4.24µm
net2267,4.24µm
net2320,4.24µm
net2358,4.24µm
net2543,4.24µm
net2568,4.24µm
net2603,4.24µm
net2641,4.24µm
net2722,4.24µm
net2732,4.24µm
net2829,4.24µm
net2920,4.24µm
net2928,4.24µm
net2959,4.24µm
net3046,4.24µm
net3052,4.24µm
net3439,4.24µm
net3461,4.24µm
net3513,4.24µm
net3543,4.24µm
net3755,4.24µm
_03684_,4.22µm
_05961_,4.22µm
_06491_,4.22µm
_07530_,4.22µm
net1284,4.22µm
net1449,4.22µm
net2405,4.22µm
net2812,4.22µm
net3159,4.22µm
net3384,4.22µm
_02556_,4.215µm
_03288_,4.2µm
_03344_,4.2µm
_03351_,4.2µm
_03574_,4.2µm
_03694_,4.2µm
_03916_,4.2µm
net1366,4.2µm
net1665,4.2µm
net1753,4.2µm
net1761,4.2µm
net1916,4.2µm
net2082,4.2µm
net2137,4.2µm
net2159,4.2µm
net2280,4.2µm
net2338,4.2µm
net2707,4.2µm
net2865,4.2µm
net3014,4.2µm
net3129,4.2µm
net3270,4.2µm
net3303,4.2µm
net3314,4.2µm
net3427,4.2µm
net3643,4.2µm
_00354_,4.165µm
_00553_,4.165µm
_00584_,4.165µm
_00632_,4.165µm
_00639_,4.165µm
_00778_,4.165µm
_00836_,4.165µm
_00863_,4.165µm
_00911_,4.165µm
_01062_,4.165µm
_01126_,4.165µm
_01127_,4.165µm
_01131_,4.165µm
_01159_,4.165µm
_01210_,4.165µm
_01231_,4.165µm
_01279_,4.165µm
_01341_,4.165µm
_01352_,4.165µm
_01457_,4.165µm
_01460_,4.165µm
_01528_,4.165µm
_01539_,4.165µm
_01573_,4.165µm
_01665_,4.165µm
_01872_,4.165µm
_01924_,4.165µm
_01965_,4.165µm
_02019_,4.165µm
_02020_,4.165µm
_02072_,4.165µm
_02106_,4.165µm
_02173_,4.165µm
_02267_,4.165µm
_02807_,4.165µm
net1232,4.165µm
net1233,4.165µm
net1255,4.165µm
net2811,4.165µm
net3395,4.165µm
_00100_,4.145µm
_00151_,4.145µm
_01527_,4.145µm
_01882_,4.145µm
_02218_,4.145µm
_02244_,4.145µm
_02496_,4.145µm
_02514_,4.145µm
_03138_,4.14µm
_03556_,4.14µm
_03777_,4.14µm
_04767_,4.14µm
_05094_,4.14µm
_05985_,4.14µm
_06111_,4.14µm
_07036_,4.14µm
net1410,4.14µm
net1477,4.14µm
net1953,4.14µm
net2076,4.14µm
net2275,4.14µm
net2954,4.14µm
net3285,4.14µm
net3366,4.14µm
net3623,4.14µm
net3705,4.14µm
net3890,4.14µm
net3905,4.14µm
_00035_,4.125µm
_00120_,4.125µm
_00638_,4.125µm
_00686_,4.125µm
_00837_,4.125µm
_01046_,4.125µm
_01293_,4.125µm
_01494_,4.125µm
_01629_,4.125µm
_02332_,4.125µm
_02448_,4.125µm
_02475_,4.125µm
_02638_,4.125µm
_02639_,4.125µm
_02699_,4.125µm
net2578,4.125µm
net3759,4.125µm
_00254_,4.12µm
_00296_,4.12µm
_02724_,4.12µm
_02729_,4.12µm
_03919_,4.12µm
_06468_,4.12µm
net3363,4.12µm
net3428,4.12µm
_03093_,4.1µm
_03567_,4.1µm
_06918_,4.1µm
_07352_,4.1µm
_01183_,4.095µm
_00366_,4.085µm
_03293_,4.08µm
_04366_,4.08µm
net1869,4.08µm
_00509_,4.065µm
_02185_,4.065µm
net3930,4.055µm
_00337_,4.045µm
_00444_,4.045µm
_00914_,4.045µm
_00919_,4.045µm
_01116_,4.045µm
_01124_,4.045µm
_01615_,4.045µm
_01630_,4.045µm
_01750_,4.045µm
_01927_,4.045µm
_02051_,4.045µm
_02559_,4.045µm
_02591_,4.045µm
net1236,4.045µm
net3729,4.045µm
_06099_,4.04µm
_01014_,4.025µm
_03115_,4.02µm
_03640_,4.02µm
_04052_,4.02µm
_04235_,4.02µm
_05242_,4.02µm
_06205_,4.02µm
_06431_,4.02µm
_06515_,4.02µm
net1351,4.02µm
net1362,4.02µm
net3952,4.02µm
_03134_,4.015µm
_00890_,4µm
_02314_,4µm
_02770_,4µm
_02772_,4µm
_02814_,4µm
_03655_,4µm
_04340_,4µm
_05848_,4µm
_06330_,4µm
_06742_,4µm
_06784_,4µm
_06816_,4µm
_06919_,4µm
_07511_,4µm
system.shared_memory.memory\[11\]\[25\],4µm
system.uart_system.m_axi_awaddr\[10\],4µm
system.uart_system.m_axi_awaddr\[26\],4µm
system.uart_system.m_axi_awaddr\[31\],4µm
net1295,4µm
net1320,4µm
net2573,4µm
net3090,4µm
net3105,4µm
net3310,4µm
net3342,4µm
net3393,4µm
net3452,4µm
net3458,4µm
net3477,4µm
net3483,4µm
net3501,4µm
net3790,4µm
net3896,4µm
_00206_,3.985µm
_03571_,3.98µm
_05930_,3.98µm
_06036_,3.98µm
_07114_,3.98µm
_00130_,3.975µm
_00627_,3.975µm
_00825_,3.975µm
_01452_,3.975µm
_01935_,3.975µm
_02174_,3.975µm
_02255_,3.975µm
_02302_,3.975µm
_02454_,3.975µm
_02611_,3.975µm
_06440_,3.975µm
net3908,3.97µm
net3921,3.97µm
net3935,3.97µm
_00261_,3.965µm
_00698_,3.965µm
net3801,3.965µm
_00526_,3.945µm
_03732_,3.945µm
_00051_,3.925µm
_00292_,3.925µm
_00429_,3.925µm
_00502_,3.925µm
_00504_,3.925µm
_00561_,3.925µm
_00571_,3.925µm
_00763_,3.925µm
_00831_,3.925µm
_00839_,3.925µm
_00843_,3.925µm
_00877_,3.925µm
_00936_,3.925µm
_00971_,3.925µm
_01192_,3.925µm
_01308_,3.925µm
_01364_,3.925µm
_01428_,3.925µm
_01433_,3.925µm
_01560_,3.925µm
_01574_,3.925µm
_01603_,3.925µm
_01625_,3.925µm
_01664_,3.925µm
_01685_,3.925µm
_01701_,3.925µm
_01706_,3.925µm
_01711_,3.925µm
_01717_,3.925µm
_01738_,3.925µm
_01791_,3.925µm
_01903_,3.925µm
_01919_,3.925µm
_01922_,3.925µm
_01983_,3.925µm
_01989_,3.925µm
_02033_,3.925µm
_02034_,3.925µm
_02141_,3.925µm
_02232_,3.925µm
_02236_,3.925µm
_02273_,3.925µm
_02290_,3.925µm
_02339_,3.925µm
_02367_,3.925µm
_02370_,3.925µm
_02387_,3.925µm
_02395_,3.925µm
_02405_,3.925µm
_02426_,3.925µm
_02439_,3.925µm
_02604_,3.925µm
_02614_,3.925µm
_02643_,3.925µm
_02660_,3.925µm
_02797_,3.925µm
_02806_,3.925µm
net1230,3.925µm
_03847_,3.9µm
_03968_,3.9µm
_05304_,3.9µm
system.interconnect_unit.mem_ready,3.9µm
net2234,3.9µm
_04227_,3.89µm
_02732_,3.88µm
_02744_,3.88µm
_03141_,3.88µm
_03177_,3.88µm
_03806_,3.88µm
_03935_,3.88µm
_03948_,3.88µm
_04023_,3.88µm
_04099_,3.88µm
_04123_,3.88µm
_04156_,3.88µm
_04193_,3.88µm
_04255_,3.88µm
_04325_,3.88µm
_04355_,3.88µm
_04550_,3.88µm
_04854_,3.88µm
_05058_,3.88µm
_05108_,3.88µm
_05114_,3.88µm
_05226_,3.88µm
_05780_,3.88µm
_05873_,3.88µm
_06049_,3.88µm
_06237_,3.88µm
_06346_,3.88µm
_06518_,3.88µm
_07220_,3.88µm
_07393_,3.88µm
_07415_,3.88µm
_07474_,3.88µm
core1.regs.registers\[2\]\[29\],3.88µm
net1212,3.88µm
net1412,3.88µm
net1425,3.88µm
net1447,3.88µm
net1498,3.88µm
net1575,3.88µm
net1585,3.88µm
net1659,3.88µm
net1689,3.88µm
net1715,3.88µm
net1762,3.88µm
net1785,3.88µm
net1807,3.88µm
net1813,3.88µm
net1834,3.88µm
net1961,3.88µm
net2022,3.88µm
net2060,3.88µm
net2359,3.88µm
net2367,3.88µm
net2415,3.88µm
net2452,3.88µm
net2554,3.88µm
net2570,3.88µm
net2631,3.88µm
net2872,3.88µm
net2985,3.88µm
net3054,3.88µm
net3131,3.88µm
net3218,3.88µm
net3468,3.88µm
net3536,3.88µm
net3556,3.88µm
net3581,3.88µm
net3615,3.88µm
net3625,3.88µm
net3679,3.88µm
net3822,3.88µm
net3904,3.88µm
net3926,3.88µm
_00708_,3.875µm
_03786_,3.87µm
_04310_,3.86µm
_05277_,3.86µm
net3657,3.86µm
net3833,3.86µm
_00055_,3.805µm
_00250_,3.805µm
_00377_,3.805µm
_00703_,3.805µm
_00841_,3.805µm
_01041_,3.805µm
_01060_,3.805µm
_01358_,3.805µm
_01780_,3.805µm
_01794_,3.805µm
_02261_,3.805µm
_02360_,3.805µm
_02523_,3.805µm
_02492_,3.8µm
_02833_,3.8µm
_00321_,3.78µm
_00356_,3.78µm
_00578_,3.78µm
_00862_,3.78µm
_01044_,3.78µm
_01200_,3.78µm
_01218_,3.78µm
_01285_,3.78µm
_01295_,3.78µm
_01338_,3.78µm
_01570_,3.78µm
_01582_,3.78µm
_01705_,3.78µm
_01728_,3.78µm
_01844_,3.78µm
_01885_,3.78µm
_01992_,3.78µm
_02007_,3.78µm
_02139_,3.78µm
_02354_,3.78µm
_02550_,3.78µm
_02782_,3.78µm
_03290_,3.78µm
_05372_,3.78µm
net1271,3.78µm
net1371,3.78µm
net1459,3.78µm
net1525,3.78µm
net1671,3.78µm
net2063,3.78µm
net2095,3.78µm
net2251,3.78µm
net2328,3.78µm
net2334,3.78µm
net2362,3.78µm
net2407,3.78µm
net2413,3.78µm
net2516,3.78µm
net2522,3.78µm
net2538,3.78µm
net2629,3.78µm
net2642,3.78µm
net2863,3.78µm
net2945,3.78µm
net3083,3.78µm
net3167,3.78µm
net3253,3.78µm
net3422,3.78µm
net3587,3.78µm
net3665,3.78µm
net3885,3.78µm
_03409_,3.76µm
_03417_,3.76µm
_03749_,3.76µm
_03982_,3.76µm
_04116_,3.76µm
_04283_,3.76µm
_04548_,3.76µm
_05010_,3.76µm
_05115_,3.76µm
_06231_,3.76µm
_06769_,3.76µm
_07143_,3.76µm
_07460_,3.76µm
net1758,3.76µm
net1872,3.76µm
net3362,3.76µm
net3485,3.76µm
_01581_,3.755µm
_01783_,3.755µm
_02333_,3.755µm
_03932_,3.74µm
_04962_,3.74µm
_06192_,3.74µm
net1385,3.74µm
net1647,3.74µm
net1734,3.74µm
net2687,3.74µm
net2877,3.74µm
net3255,3.74µm
net3704,3.74µm
_00148_,3.735µm
_00666_,3.735µm
_02532_,3.735µm
_02537_,3.735µm
_00128_,3.705µm
_00269_,3.705µm
_00280_,3.705µm
_00308_,3.705µm
_00375_,3.705µm
_00469_,3.705µm
_00515_,3.705µm
_00554_,3.705µm
_00727_,3.705µm
_00735_,3.705µm
_00740_,3.705µm
_00859_,3.705µm
_00944_,3.705µm
_00953_,3.705µm
_01105_,3.705µm
_01247_,3.705µm
_01300_,3.705µm
_01333_,3.705µm
_01479_,3.705µm
_01486_,3.705µm
_01534_,3.705µm
_01584_,3.705µm
_01612_,3.705µm
_01666_,3.705µm
_01716_,3.705µm
_01820_,3.705µm
_01829_,3.705µm
_01855_,3.705µm
_01884_,3.705µm
_01932_,3.705µm
_01940_,3.705µm
_02163_,3.705µm
_02168_,3.705µm
_02283_,3.705µm
_02376_,3.705µm
_02431_,3.705µm
_02786_,3.705µm
_03789_,3.705µm
net3722,3.705µm
net3764,3.705µm
_01099_,3.685µm
_01201_,3.685µm
_01650_,3.685µm
_01663_,3.685µm
_01772_,3.685µm
_01878_,3.685µm
_02495_,3.685µm
_02595_,3.685µm
_03208_,3.68µm
_03237_,3.68µm
_03757_,3.68µm
_04006_,3.68µm
_04516_,3.68µm
_04799_,3.68µm
_05343_,3.68µm
_05375_,3.68µm
_05552_,3.68µm
_06986_,3.68µm
net1393,3.68µm
net1404,3.68µm
net1436,3.68µm
net1463,3.68µm
net1474,3.68µm
net1510,3.68µm
net1573,3.68µm
net1588,3.68µm
net1591,3.68µm
net1607,3.68µm
net1616,3.68µm
net1621,3.68µm
net1649,3.68µm
net1680,3.68µm
net1696,3.68µm
net1790,3.68µm
net1795,3.68µm
net1803,3.68µm
net1832,3.68µm
net1887,3.68µm
net1913,3.68µm
net1927,3.68µm
net1934,3.68µm
net1939,3.68µm
net1956,3.68µm
net1957,3.68µm
net1965,3.68µm
net1970,3.68µm
net1980,3.68µm
net2013,3.68µm
net2023,3.68µm
net2037,3.68µm
net2051,3.68µm
net2059,3.68µm
net2117,3.68µm
net2141,3.68µm
net2179,3.68µm
net2230,3.68µm
net2289,3.68µm
net2318,3.68µm
net2330,3.68µm
net2366,3.68µm
net2427,3.68µm
net2456,3.68µm
net2458,3.68µm
net2466,3.68µm
net2476,3.68µm
net2505,3.68µm
net2527,3.68µm
net2532,3.68µm
net2533,3.68µm
net2537,3.68µm
net2539,3.68µm
net2540,3.68µm
net2545,3.68µm
net2553,3.68µm
net2561,3.68µm
net2571,3.68µm
net2614,3.68µm
net2667,3.68µm
net2775,3.68µm
net2832,3.68µm
net2862,3.68µm
net2936,3.68µm
net2944,3.68µm
net3040,3.68µm
net3082,3.68µm
net3140,3.68µm
net3170,3.68µm
net3179,3.68µm
net3181,3.68µm
net3196,3.68µm
net3207,3.68µm
net3221,3.68µm
net3246,3.68µm
net3259,3.68µm
net3326,3.68µm
net3380,3.68µm
net3399,3.68µm
net3404,3.68µm
net3440,3.68µm
net3446,3.68µm
net3541,3.68µm
net3555,3.68µm
net3815,3.68µm
net3865,3.68µm
net3913,3.68µm
_00910_,3.675µm
_00023_,3.66µm
_00103_,3.66µm
_02714_,3.66µm
_02727_,3.66µm
_03713_,3.66µm
_06009_,3.66µm
net2182,3.66µm
_03980_,3.64µm
_03997_,3.64µm
_04744_,3.64µm
_05447_,3.64µm
_05682_,3.64µm
_05992_,3.64µm
_07161_,3.64µm
_07253_,3.64µm
net1658,3.64µm
_00712_,3.635µm
_02213_,3.635µm
_02235_,3.635µm
_00585_,3.605µm
_05408_,3.595µm
_00355_,3.585µm
_00422_,3.585µm
_00575_,3.585µm
_00900_,3.585µm
_01191_,3.585µm
_01546_,3.585µm
_01719_,3.585µm
_02065_,3.585µm
_02449_,3.585µm
_02525_,3.585µm
_02615_,3.585µm
_05454_,3.58µm
_05431_,3.575µm
_06668_,3.575µm
_00501_,3.565µm
_01311_,3.565µm
_02092_,3.565µm
_02568_,3.565µm
_06788_,3.565µm
_03832_,3.56µm
_03865_,3.56µm
_03949_,3.56µm
_04460_,3.56µm
_04555_,3.56µm
_04580_,3.56µm
_04802_,3.56µm
_05528_,3.56µm
_05833_,3.56µm
_06146_,3.56µm
_06280_,3.56µm
_06545_,3.56µm
net1282,3.56µm
net1291,3.56µm
net1307,3.56µm
net1323,3.56µm
net1330,3.56µm
net1350,3.56µm
net1355,3.56µm
net1358,3.56µm
net1399,3.56µm
net2426,3.56µm
net3135,3.56µm
net3768,3.56µm
net3777,3.56µm
net3872,3.56µm
_00150_,3.54µm
_00360_,3.54µm
_00441_,3.54µm
_01094_,3.54µm
_02090_,3.54µm
_02771_,3.54µm
_02826_,3.54µm
_03175_,3.54µm
_03182_,3.54µm
_03223_,3.54µm
_03717_,3.54µm
_03853_,3.54µm
_03943_,3.54µm
_03996_,3.54µm
_04979_,3.54µm
_05059_,3.54µm
_06373_,3.54µm
_06473_,3.54µm
_06925_,3.54µm
_07123_,3.54µm
_07551_,3.54µm
system.shared_memory.memory\[62\]\[2\],3.54µm
system.uart_system.m_axi_awaddr\[13\],3.54µm
system.uart_system.m_axi_awaddr\[3\],3.54µm
system.uart_system.m_axi_awaddr\[4\],3.54µm
system.uart_system.m_axi_awaddr\[9\],3.54µm
net1310,3.54µm
net1386,3.54µm
net2666,3.54µm
net2792,3.54µm
net2922,3.54µm
net2949,3.54µm
net3138,3.54µm
net3248,3.54µm
net3502,3.54µm
net3597,3.54µm
net3603,3.54µm
net3622,3.54µm
net3648,3.54µm
net3789,3.54µm
net3916,3.54µm
net3928,3.54µm
net3943,3.54µm
net3958,3.54µm
_00165_,3.525µm
_00270_,3.525µm
_00380_,3.525µm
_04177_,3.52µm
_05401_,3.52µm
_05679_,3.52µm
_06072_,3.52µm
_06250_,3.52µm
_07207_,3.52µm
_00105_,3.515µm
_00232_,3.515µm
_00582_,3.515µm
_00673_,3.515µm
_01517_,3.515µm
_01718_,3.515µm
net3867,3.51µm
_00005_,3.505µm
_00357_,3.505µm
_01509_,3.505µm
_02676_,3.505µm
net1258,3.505µm
net3102,3.505µm
net3506,3.505µm
net3766,3.505µm
_04402_,3.49µm
_00242_,3.485µm
_01902_,3.485µm
_02598_,3.485µm
_00162_,3.465µm
_00260_,3.465µm
_00387_,3.465µm
_00459_,3.465µm
_00470_,3.465µm
_00480_,3.465µm
_00503_,3.465µm
_00531_,3.465µm
_00607_,3.465µm
_00608_,3.465µm
_00635_,3.465µm
_00656_,3.465µm
_00663_,3.465µm
_00689_,3.465µm
_00715_,3.465µm
_00718_,3.465µm
_00731_,3.465µm
_00737_,3.465µm
_00750_,3.465µm
_00765_,3.465µm
_00783_,3.465µm
_00784_,3.465µm
_00807_,3.465µm
_00817_,3.465µm
_00835_,3.465µm
_00847_,3.465µm
_00849_,3.465µm
_00907_,3.465µm
_00908_,3.465µm
_00957_,3.465µm
_00969_,3.465µm
_00975_,3.465µm
_00998_,3.465µm
_01076_,3.465µm
_01121_,3.465µm
_01135_,3.465µm
_01177_,3.465µm
_01188_,3.465µm
_01194_,3.465µm
_01204_,3.465µm
_01241_,3.465µm
_01263_,3.465µm
_01281_,3.465µm
_01298_,3.465µm
_01334_,3.465µm
_01368_,3.465µm
_01369_,3.465µm
_01370_,3.465µm
_01392_,3.465µm
_01416_,3.465µm
_01448_,3.465µm
_01464_,3.465µm
_01473_,3.465µm
_01576_,3.465µm
_01622_,3.465µm
_01636_,3.465µm
_01742_,3.465µm
_01813_,3.465µm
_01864_,3.465µm
_01895_,3.465µm
_01915_,3.465µm
_01929_,3.465µm
_01959_,3.465µm
_01987_,3.465µm
_02068_,3.465µm
_02070_,3.465µm
_02074_,3.465µm
_02076_,3.465µm
_02081_,3.465µm
_02084_,3.465µm
_02119_,3.465µm
_02160_,3.465µm
_02165_,3.465µm
_02169_,3.465µm
_02187_,3.465µm
_02233_,3.465µm
_02259_,3.465µm
_02263_,3.465µm
_02274_,3.465µm
_02307_,3.465µm
_02373_,3.465µm
_02375_,3.465µm
_02377_,3.465µm
_02488_,3.465µm
_02490_,3.465µm
_02500_,3.465µm
_02527_,3.465µm
_02528_,3.465µm
_02626_,3.465µm
_02635_,3.465µm
_00104_,3.46µm
_03783_,3.45µm
_00521_,3.44µm
_00759_,3.44µm
_01092_,3.44µm
_03560_,3.44µm
net1274,3.44µm
_02735_,3.42µm
_02737_,3.42µm
_02754_,3.42µm
_03102_,3.42µm
_03337_,3.42µm
_03347_,3.42µm
_03631_,3.42µm
_03674_,3.42µm
_04343_,3.42µm
_04566_,3.42µm
_05403_,3.42µm
_05467_,3.42µm
_05487_,3.42µm
_05517_,3.42µm
_05585_,3.42µm
_05719_,3.42µm
_05763_,3.42µm
_06092_,3.42µm
_06123_,3.42µm
_06200_,3.42µm
_06248_,3.42µm
_06278_,3.42µm
_06362_,3.42µm
_06538_,3.42µm
_06555_,3.42µm
_06775_,3.42µm
_07053_,3.42µm
_07489_,3.42µm
_07509_,3.42µm
system.uart_system.m_axi_awaddr\[15\],3.42µm
net1294,3.42µm
net1332,3.42µm
net1367,3.42µm
net1458,3.42µm
net1462,3.42µm
net1484,3.42µm
net1492,3.42µm
net1511,3.42µm
net1519,3.42µm
net1542,3.42µm
net1642,3.42µm
net1692,3.42µm
net1700,3.42µm
net1742,3.42µm
net1776,3.42µm
net1797,3.42µm
net1847,3.42µm
net1895,3.42µm
net1903,3.42µm
net2021,3.42µm
net2024,3.42µm
net2079,3.42µm
net2162,3.42µm
net2238,3.42µm
net2408,3.42µm
net2455,3.42µm
net2459,3.42µm
net2535,3.42µm
net2599,3.42µm
net2671,3.42µm
net2699,3.42µm
net2723,3.42µm
net2996,3.42µm
net3216,3.42µm
net3519,3.42µm
net3534,3.42µm
net3559,3.42µm
net3614,3.42µm
net3627,3.42µm
net3646,3.42µm
net3672,3.42µm
net3701,3.42µm
_01572_,3.415µm
_01562_,3.405µm
_00107_,3.385µm
_02506_,3.385µm
_02565_,3.385µm
_00144_,3.345µm
_00161_,3.345µm
_00193_,3.345µm
_00236_,3.345µm
_00247_,3.345µm
_00361_,3.345µm
_00378_,3.345µm
_00395_,3.345µm
_00409_,3.345µm
_00411_,3.345µm
_00443_,3.345µm
_00519_,3.345µm
_00684_,3.345µm
_00690_,3.345µm
_00724_,3.345µm
_00780_,3.345µm
_00853_,3.345µm
_00889_,3.345µm
_00977_,3.345µm
_00985_,3.345µm
_01469_,3.345µm
_01472_,3.345µm
_01525_,3.345µm
_01554_,3.345µm
_01559_,3.345µm
_01736_,3.345µm
_01789_,3.345µm
_01830_,3.345µm
_01846_,3.345µm
_01896_,3.345µm
_01911_,3.345µm
_02215_,3.345µm
_02320_,3.345µm
_02353_,3.345µm
_02459_,3.345µm
_02557_,3.345µm
_02628_,3.345µm
net1690,3.345µm
_02721_,3.34µm
_02831_,3.34µm
_00000_,3.32µm
_00493_,3.32µm
_00495_,3.32µm
_00568_,3.32µm
_00757_,3.32µm
_00904_,3.32µm
_00923_,3.32µm
_01022_,3.32µm
_01122_,3.32µm
_01129_,3.32µm
_01157_,3.32µm
_01211_,3.32µm
_01226_,3.32µm
_01238_,3.32µm
_01254_,3.32µm
_01427_,3.32µm
_01734_,3.32µm
_02046_,3.32µm
_02202_,3.32µm
_02245_,3.32µm
_02262_,3.32µm
_02296_,3.32µm
_02345_,3.32µm
_02402_,3.32µm
_02487_,3.32µm
_02530_,3.32µm
net1234,3.32µm
net1336,3.32µm
net1432,3.32µm
net1535,3.32µm
net1624,3.32µm
net1760,3.32µm
net1822,3.32µm
net1857,3.32µm
net1875,3.32µm
net1877,3.32µm
net1933,3.32µm
net1981,3.32µm
net1998,3.32µm
net2014,3.32µm
net2118,3.32µm
net2176,3.32µm
net2210,3.32µm
net2244,3.32µm
net2258,3.32µm
net2283,3.32µm
net2327,3.32µm
net2335,3.32µm
net2428,3.32µm
net2482,3.32µm
net2493,3.32µm
net2529,3.32µm
net2720,3.32µm
net2727,3.32µm
net2772,3.32µm
net2915,3.32µm
net2987,3.32µm
net3026,3.32µm
net3089,3.32µm
net3144,3.32µm
net3145,3.32µm
net3158,3.32µm
net3203,3.32µm
net3346,3.32µm
net3478,3.32µm
net3531,3.32µm
net3578,3.32µm
net3697,3.32µm
net3715,3.32µm
_03180_,3.3µm
_03379_,3.3µm
_03419_,3.3µm
_03424_,3.3µm
_04055_,3.3µm
_04711_,3.3µm
_05004_,3.3µm
_05036_,3.3µm
_05442_,3.3µm
_05481_,3.3µm
_06965_,3.3µm
_07196_,3.3µm
net2134,3.3µm
net2409,3.3µm
net2593,3.3µm
_01036_,3.295µm
_01128_,3.295µm
_01169_,3.295µm
_05624_,3.275µm
_00227_,3.245µm
_00228_,3.245µm
_00245_,3.245µm
_00345_,3.245µm
_00420_,3.245µm
_00497_,3.245µm
_00534_,3.245µm
_00540_,3.245µm
_00559_,3.245µm
_00560_,3.245µm
_00614_,3.245µm
_00683_,3.245µm
_00719_,3.245µm
_00771_,3.245µm
_00820_,3.245µm
_00822_,3.245µm
_00850_,3.245µm
_00879_,3.245µm
_00882_,3.245µm
_00918_,3.245µm
_01170_,3.245µm
_01225_,3.245µm
_01240_,3.245µm
_01314_,3.245µm
_01324_,3.245µm
_01351_,3.245µm
_01357_,3.245µm
_01401_,3.245µm
_01410_,3.245µm
_01470_,3.245µm
_01501_,3.245µm
_01503_,3.245µm
_01556_,3.245µm
_01673_,3.245µm
_01690_,3.245µm
_01712_,3.245µm
_01851_,3.245µm
_01868_,3.245µm
_01921_,3.245µm
_01960_,3.245µm
_02011_,3.245µm
_02049_,3.245µm
_02094_,3.245µm
_02095_,3.245µm
_02113_,3.245µm
_02124_,3.245µm
_02129_,3.245µm
_02162_,3.245µm
_02219_,3.245µm
_02368_,3.245µm
_02408_,3.245µm
_02423_,3.245µm
_02428_,3.245µm
_02457_,3.245µm
_02601_,3.245µm
net3799,3.245µm
_00147_,3.225µm
_00277_,3.225µm
_00424_,3.225µm
_00434_,3.225µm
_00917_,3.225µm
_02137_,3.225µm
_02266_,3.225µm
_02503_,3.225µm
_02538_,3.225µm
_02592_,3.225µm
_02596_,3.225µm
net2899,3.225µm
_03150_,3.22µm
_03202_,3.22µm
_03308_,3.22µm
_03531_,3.22µm
_03972_,3.22µm
_05433_,3.22µm
_05617_,3.22µm
_06327_,3.22µm
_06894_,3.22µm
_07385_,3.22µm
_07527_,3.22µm
net1306,3.22µm
net1353,3.22µm
net1370,3.22µm
net1377,3.22µm
net1380,3.22µm
net1381,3.22µm
net1394,3.22µm
net1395,3.22µm
net1414,3.22µm
net1418,3.22µm
net1428,3.22µm
net1433,3.22µm
net1441,3.22µm
net1454,3.22µm
net1455,3.22µm
net1457,3.22µm
net1469,3.22µm
net1471,3.22µm
net1479,3.22µm
net1487,3.22µm
net1489,3.22µm
net1496,3.22µm
net1500,3.22µm
net1501,3.22µm
net1507,3.22µm
net1526,3.22µm
net1529,3.22µm
net1533,3.22µm
net1540,3.22µm
net1553,3.22µm
net1555,3.22µm
net1567,3.22µm
net1570,3.22µm
net1571,3.22µm
net1581,3.22µm
net1582,3.22µm
net1589,3.22µm
net1593,3.22µm
net1600,3.22µm
net1601,3.22µm
net1605,3.22µm
net1606,3.22µm
net1608,3.22µm
net1610,3.22µm
net1611,3.22µm
net1614,3.22µm
net1615,3.22µm
net1620,3.22µm
net1623,3.22µm
net1625,3.22µm
net1627,3.22µm
net1629,3.22µm
net1630,3.22µm
net1631,3.22µm
net1632,3.22µm
net1634,3.22µm
net1635,3.22µm
net1638,3.22µm
net1645,3.22µm
net1657,3.22µm
net1660,3.22µm
net1662,3.22µm
net1664,3.22µm
net1683,3.22µm
net1684,3.22µm
net1688,3.22µm
net1701,3.22µm
net1708,3.22µm
net1710,3.22µm
net1712,3.22µm
net1717,3.22µm
net1719,3.22µm
net1723,3.22µm
net1725,3.22µm
net1738,3.22µm
net1744,3.22µm
net1752,3.22µm
net1755,3.22µm
net1756,3.22µm
net1764,3.22µm
net1765,3.22µm
net1768,3.22µm
net1773,3.22µm
net1784,3.22µm
net1788,3.22µm
net1802,3.22µm
net1808,3.22µm
net1819,3.22µm
net1825,3.22µm
net1826,3.22µm
net1833,3.22µm
net1837,3.22µm
net1839,3.22µm
net1844,3.22µm
net1849,3.22µm
net1850,3.22µm
net1856,3.22µm
net1862,3.22µm
net1888,3.22µm
net1890,3.22µm
net1898,3.22µm
net1899,3.22µm
net1902,3.22µm
net1908,3.22µm
net1911,3.22µm
net1914,3.22µm
net1924,3.22µm
net1925,3.22µm
net1931,3.22µm
net1941,3.22µm
net1943,3.22µm
net1946,3.22µm
net1947,3.22µm
net1948,3.22µm
net1949,3.22µm
net1954,3.22µm
net1960,3.22µm
net1974,3.22µm
net1977,3.22µm
net1999,3.22µm
net2000,3.22µm
net2003,3.22µm
net2006,3.22µm
net2007,3.22µm
net2008,3.22µm
net2009,3.22µm
net2010,3.22µm
net2016,3.22µm
net2019,3.22µm
net2020,3.22µm
net2025,3.22µm
net2029,3.22µm
net2041,3.22µm
net2050,3.22µm
net2052,3.22µm
net2056,3.22µm
net2061,3.22µm
net2069,3.22µm
net2072,3.22µm
net2078,3.22µm
net2080,3.22µm
net2084,3.22µm
net2088,3.22µm
net2091,3.22µm
net2098,3.22µm
net2104,3.22µm
net2110,3.22µm
net2111,3.22µm
net2114,3.22µm
net2124,3.22µm
net2125,3.22µm
net2126,3.22µm
net2127,3.22µm
net2128,3.22µm
net2136,3.22µm
net2138,3.22µm
net2145,3.22µm
net2147,3.22µm
net2154,3.22µm
net2166,3.22µm
net2167,3.22µm
net2172,3.22µm
net2173,3.22µm
net2174,3.22µm
net2178,3.22µm
net2180,3.22µm
net2181,3.22µm
net2185,3.22µm
net2194,3.22µm
net2196,3.22µm
net2209,3.22µm
net2212,3.22µm
net2214,3.22µm
net2216,3.22µm
net2226,3.22µm
net2227,3.22µm
net2229,3.22µm
net2232,3.22µm
net2237,3.22µm
net2241,3.22µm
net2245,3.22µm
net2248,3.22µm
net2254,3.22µm
net2255,3.22µm
net2257,3.22µm
net2265,3.22µm
net2266,3.22µm
net2268,3.22µm
net2281,3.22µm
net2301,3.22µm
net2307,3.22µm
net2329,3.22µm
net2337,3.22µm
net2339,3.22µm
net2340,3.22µm
net2345,3.22µm
net2351,3.22µm
net2353,3.22µm
net2363,3.22µm
net2372,3.22µm
net2373,3.22µm
net2396,3.22µm
net2406,3.22µm
net2414,3.22µm
net2424,3.22µm
net2432,3.22µm
net2437,3.22µm
net2444,3.22µm
net2449,3.22µm
net2461,3.22µm
net2464,3.22µm
net2465,3.22µm
net2473,3.22µm
net2513,3.22µm
net2518,3.22µm
net2524,3.22µm
net2531,3.22µm
net2534,3.22µm
net2541,3.22µm
net2550,3.22µm
net2551,3.22µm
net2569,3.22µm
net2574,3.22µm
net2575,3.22µm
net2582,3.22µm
net2586,3.22µm
net2590,3.22µm
net2595,3.22µm
net2596,3.22µm
net2602,3.22µm
net2616,3.22µm
net2620,3.22µm
net2635,3.22µm
net2636,3.22µm
net2650,3.22µm
net2653,3.22µm
net2656,3.22µm
net2662,3.22µm
net2669,3.22µm
net2729,3.22µm
net2731,3.22µm
net2738,3.22µm
net2742,3.22µm
net2774,3.22µm
net2776,3.22µm
net2806,3.22µm
net2814,3.22µm
net2815,3.22µm
net2821,3.22µm
net2822,3.22µm
net2830,3.22µm
net2846,3.22µm
net2849,3.22µm
net2850,3.22µm
net2867,3.22µm
net2871,3.22µm
net2887,3.22µm
net2906,3.22µm
net2916,3.22µm
net2918,3.22µm
net2933,3.22µm
net2957,3.22µm
net2964,3.22µm
net2972,3.22µm
net2992,3.22µm
net3019,3.22µm
net3021,3.22µm
net3049,3.22µm
net3076,3.22µm
net3080,3.22µm
net3157,3.22µm
net3163,3.22µm
net3166,3.22µm
net3169,3.22µm
net3206,3.22µm
net3211,3.22µm
net3222,3.22µm
net3231,3.22µm
net3236,3.22µm
net3250,3.22µm
net3261,3.22µm
net3264,3.22µm
net3268,3.22µm
net3280,3.22µm
net3300,3.22µm
net3317,3.22µm
net3339,3.22µm
net3355,3.22µm
net3357,3.22µm
net3360,3.22µm
net3368,3.22µm
net3376,3.22µm
net3389,3.22µm
net3437,3.22µm
net3447,3.22µm
net3473,3.22µm
net3484,3.22µm
net3514,3.22µm
net3516,3.22µm
net3523,3.22µm
net3532,3.22µm
net3539,3.22µm
net3551,3.22µm
net3573,3.22µm
net3621,3.22µm
net3642,3.22µm
net3840,3.22µm
net3949,3.22µm
net3954,3.22µm
_00028_,3.2µm
_00116_,3.2µm
_00252_,3.2µm
_00325_,3.2µm
_00328_,3.2µm
_00338_,3.2µm
_01700_,3.2µm
_02531_,3.2µm
_02551_,3.2µm
_03222_,3.2µm
_03255_,3.2µm
_05063_,3.2µm
_06276_,3.2µm
net1928,3.2µm
net2143,3.2µm
net2668,3.2µm
net3150,3.2µm
net3294,3.2µm
_02544_,3.18µm
_03137_,3.18µm
_03373_,3.18µm
_03577_,3.18µm
_03683_,3.18µm
_04980_,3.18µm
_05753_,3.18µm
_06883_,3.18µm
net1514,3.18µm
net3028,3.18µm
_00135_,3.175µm
_00170_,3.175µm
_00237_,3.175µm
_00463_,3.175µm
_00490_,3.175µm
_00525_,3.175µm
_00538_,3.175µm
_00541_,3.175µm
_00577_,3.175µm
_00609_,3.175µm
_00631_,3.175µm
_00646_,3.175µm
_00649_,3.175µm
_00705_,3.175µm
_00809_,3.175µm
_00829_,3.175µm
_00844_,3.175µm
_01072_,3.175µm
_01160_,3.175µm
_01275_,3.175µm
_01278_,3.175µm
_01380_,3.175µm
_01381_,3.175µm
_01482_,3.175µm
_01675_,3.175µm
_01774_,3.175µm
_01801_,3.175µm
_01811_,3.175µm
_01816_,3.175µm
_01825_,3.175µm
_01949_,3.175µm
_01951_,3.175µm
_02014_,3.175µm
_02038_,3.175µm
_02056_,3.175µm
_02071_,3.175µm
_02091_,3.175µm
_02156_,3.175µm
_02327_,3.175µm
_02336_,3.175µm
_02390_,3.175µm
_02455_,3.175µm
_02456_,3.175µm
_02594_,3.175µm
_00288_,3.145µm
_00460_,3.145µm
_00739_,3.145µm
_01379_,3.145µm
_01406_,3.145µm
_01886_,3.145µm
_02633_,3.145µm
_00031_,3.125µm
_00032_,3.125µm
_00049_,3.125µm
_00131_,3.125µm
_00551_,3.125µm
_00753_,3.125µm
_00928_,3.125µm
_00970_,3.125µm
_01098_,3.125µm
_01480_,3.125µm
_01653_,3.125µm
_01769_,3.125µm
_01770_,3.125µm
_01792_,3.125µm
_01822_,3.125µm
_02197_,3.125µm
_02573_,3.125µm
_00555_,3.105µm
_03341_,3.1µm
_04118_,3.1µm
_04159_,3.1µm
_04161_,3.1µm
_04383_,3.1µm
_05626_,3.1µm
_05814_,3.1µm
_05967_,3.1µm
_06549_,3.1µm
_06666_,3.1µm
_07429_,3.1µm
net1272,3.1µm
net1278,3.1µm
net1280,3.1µm
net1286,3.1µm
net1293,3.1µm
net1297,3.1µm
net1318,3.1µm
net1319,3.1µm
net1324,3.1µm
net1329,3.1µm
net1333,3.1µm
net1334,3.1µm
net1335,3.1µm
net1349,3.1µm
net1360,3.1µm
net1450,3.1µm
net1884,3.1µm
net2133,3.1µm
net3306,3.1µm
net3604,3.1µm
net3733,3.1µm
net3829,3.1µm
net3851,3.1µm
net3968,3.1µm
_00729_,3.08µm
_01158_,3.08µm
_02150_,3.08µm
_02310_,3.08µm
_02589_,3.08µm
_03360_,3.08µm
_03388_,3.08µm
_03819_,3.08µm
_03883_,3.08µm
_04076_,3.08µm
_04560_,3.08µm
_04565_,3.08µm
_04676_,3.08µm
_05024_,3.08µm
_05235_,3.08µm
_05733_,3.08µm
_05771_,3.08µm
_06125_,3.08µm
_06728_,3.08µm
_07250_,3.08µm
_07531_,3.08µm
system.uart_system.m_axi_wstrb\[0\],3.08µm
net1308,3.08µm
net1345,3.08µm
net1387,3.08µm
net1637,3.08µm
net1846,3.08µm
net2495,3.08µm
net2515,3.08µm
net2526,3.08µm
net2675,3.08µm
net2693,3.08µm
net2788,3.08µm
net2898,3.08µm
net2930,3.08µm
net3002,3.08µm
net3182,3.08µm
net3225,3.08µm
net3382,3.08µm
net3407,3.08µm
net3497,3.08µm
net3563,3.08µm
net3583,3.08µm
net3589,3.08µm
net3806,3.08µm
net3875,3.08µm
_04400_,3.07µm
_02791_,3.065µm
_04764_,3.065µm
_04067_,3.06µm
_06519_,3.06µm
_06540_,3.06µm
_06663_,3.06µm
_06997_,3.06µm
_00118_,3.055µm
_00123_,3.055µm
_00138_,3.055µm
_00167_,3.055µm
_00408_,3.055µm
_00445_,3.055µm
_00845_,3.055µm
_02521_,3.055µm
_02662_,3.055µm
_02668_,3.055µm
_02779_,3.055µm
_02812_,3.055µm
net3868,3.05µm
net3876,3.05µm
net3882,3.05µm
net3901,3.05µm
net3909,3.05µm
_00040_,3.045µm
_00281_,3.045µm
_00317_,3.045µm
_00410_,3.045µm
_00866_,3.045µm
_01002_,3.045µm
_01123_,3.045µm
_01737_,3.045µm
_02045_,3.045µm
_02238_,3.045µm
_02337_,3.045µm
_02798_,3.045µm
net2839,3.045µm
net3566,3.045µm
_00127_,3.005µm
_00259_,3.005µm
_00350_,3.005µm
_00436_,3.005µm
_00438_,3.005µm
_00472_,3.005µm
_00496_,3.005µm
_00508_,3.005µm
_00536_,3.005µm
_00573_,3.005µm
_00574_,3.005µm
_00580_,3.005µm
_00613_,3.005µm
_00617_,3.005µm
_00675_,3.005µm
_00717_,3.005µm
_00733_,3.005µm
_00748_,3.005µm
_00766_,3.005µm
_00819_,3.005µm
_00875_,3.005µm
_00886_,3.005µm
_00891_,3.005µm
_00897_,3.005µm
_00973_,3.005µm
_00980_,3.005µm
_00981_,3.005µm
_00994_,3.005µm
_01011_,3.005µm
_01031_,3.005µm
_01064_,3.005µm
_01089_,3.005µm
_01104_,3.005µm
_01125_,3.005µm
_01142_,3.005µm
_01153_,3.005µm
_01175_,3.005µm
_01223_,3.005µm
_01230_,3.005µm
_01301_,3.005µm
_01326_,3.005µm
_01348_,3.005µm
_01360_,3.005µm
_01377_,3.005µm
_01398_,3.005µm
_01400_,3.005µm
_01408_,3.005µm
_01421_,3.005µm
_01423_,3.005µm
_01498_,3.005µm
_01522_,3.005µm
_01553_,3.005µm
_01592_,3.005µm
_01594_,3.005µm
_01604_,3.005µm
_01651_,3.005µm
_01662_,3.005µm
_01732_,3.005µm
_01748_,3.005µm
_01751_,3.005µm
_01779_,3.005µm
_01782_,3.005µm
_01788_,3.005µm
_01805_,3.005µm
_01808_,3.005µm
_01857_,3.005µm
_01888_,3.005µm
_01898_,3.005µm
_01963_,3.005µm
_02000_,3.005µm
_02041_,3.005µm
_02085_,3.005µm
_02087_,3.005µm
_02097_,3.005µm
_02098_,3.005µm
_02100_,3.005µm
_02110_,3.005µm
_02120_,3.005µm
_02131_,3.005µm
_02151_,3.005µm
_02166_,3.005µm
_02175_,3.005µm
_02178_,3.005µm
_02190_,3.005µm
_02210_,3.005µm
_02242_,3.005µm
_02272_,3.005µm
_02285_,3.005µm
_02344_,3.005µm
_02379_,3.005µm
_02458_,3.005µm
_02616_,3.005µm
_02619_,3.005µm
_02622_,3.005µm
_02644_,3.005µm
net3856,3.005µm
_02554_,3µm
_02665_,3µm
_02671_,3µm
_02781_,3µm
_05621_,2.995µm
_06487_,2.995µm
_03727_,2.99µm
_03729_,2.99µm
_00524_,2.98µm
_00885_,2.98µm
_01424_,2.98µm
_01540_,2.98µm
_01621_,2.98µm
_01943_,2.98µm
_02444_,2.98µm
_02522_,2.98µm
_02524_,2.98µm
_02809_,2.98µm
_03164_,2.98µm
_05529_,2.98µm
net1247,2.98µm
_02502_,2.96µm
_02753_,2.96µm
_03224_,2.96µm
_03359_,2.96µm
_03455_,2.96µm
_03488_,2.96µm
_03502_,2.96µm
_03584_,2.96µm
_03981_,2.96µm
_04000_,2.96µm
_04031_,2.96µm
_04038_,2.96µm
_04074_,2.96µm
_04149_,2.96µm
_04297_,2.96µm
_04376_,2.96µm
_04749_,2.96µm
_04956_,2.96µm
_05378_,2.96µm
_05634_,2.96µm
_05705_,2.96µm
_05775_,2.96µm
_05941_,2.96µm
_06002_,2.96µm
_06006_,2.96µm
_06195_,2.96µm
_06226_,2.96µm
_06530_,2.96µm
_06800_,2.96µm
_07046_,2.96µm
_07536_,2.96µm
_07573_,2.96µm
system.uart_system.uart_slave.frame_error,2.96µm
net1312,2.96µm
net1390,2.96µm
net1415,2.96µm
net1453,2.96µm
net1661,2.96µm
net1669,2.96µm
net1672,2.96µm
net1704,2.96µm
net1721,2.96µm
net1748,2.96µm
net1983,2.96µm
net2163,2.96µm
net2233,2.96µm
net2260,2.96µm
net2440,2.96µm
net2974,2.96µm
net3063,2.96µm
net3168,2.96µm
net3217,2.96µm
net3266,2.96µm
net3327,2.96µm
net3340,2.96µm
net3494,2.96µm
net3580,2.96µm
net3629,2.96µm
net3796,2.96µm
net3841,2.96µm
net3843,2.96µm
net3895,2.96µm
_00226_,2.955µm
_01232_,2.955µm
_01391_,2.955µm
_01958_,2.955µm
_01984_,2.955µm
_00194_,2.945µm
_00804_,2.945µm
net2559,2.945µm
_00179_,2.935µm
_02482_,2.935µm
_02587_,2.935µm
_00027_,2.925µm
_02564_,2.925µm
_02580_,2.925µm
_00002_,2.885µm
_00030_,2.885µm
_00121_,2.885µm
_00134_,2.885µm
_00168_,2.885µm
_00217_,2.885µm
_00234_,2.885µm
_00235_,2.885µm
_00240_,2.885µm
_00244_,2.885µm
_00272_,2.885µm
_00315_,2.885µm
_00329_,2.885µm
_00340_,2.885µm
_00403_,2.885µm
_00430_,2.885µm
_00681_,2.885µm
_00878_,2.885µm
_01068_,2.885µm
_01186_,2.885µm
_01296_,2.885µm
_01310_,2.885µm
_01343_,2.885µm
_01595_,2.885µm
_01617_,2.885µm
_02031_,2.885µm
_02325_,2.885µm
_02347_,2.885µm
_02443_,2.885µm
_02511_,2.885µm
_02700_,2.885µm
_02708_,2.885µm
_00437_,2.86µm
_00440_,2.86µm
_00550_,2.86µm
_00620_,2.86µm
_00856_,2.86µm
_00861_,2.86µm
_00892_,2.86µm
_01040_,2.86µm
_01078_,2.86µm
_01402_,2.86µm
_01450_,2.86µm
_01508_,2.86µm
_01549_,2.86µm
_01642_,2.86µm
_01654_,2.86µm
_01702_,2.86µm
_01725_,2.86µm
_01824_,2.86µm
_01994_,2.86µm
_02009_,2.86µm
_02027_,2.86µm
_02111_,2.86µm
_02170_,2.86µm
_02183_,2.86µm
_02208_,2.86µm
_02217_,2.86µm
_02240_,2.86µm
_02341_,2.86µm
_02357_,2.86µm
_02477_,2.86µm
_02481_,2.86µm
_02509_,2.86µm
_02518_,2.86µm
_02542_,2.86µm
_02610_,2.86µm
_02631_,2.86µm
_02659_,2.86µm
_02762_,2.86µm
net1527,2.86µm
net1550,2.86µm
net1586,2.86µm
net1641,2.86µm
net1726,2.86µm
net1745,2.86µm
net1816,2.86µm
net1835,2.86µm
net1880,2.86µm
net1897,2.86µm
net1920,2.86µm
net1921,2.86µm
net1923,2.86µm
net1985,2.86µm
net1987,2.86µm
net2039,2.86µm
net2057,2.86µm
net2087,2.86µm
net2101,2.86µm
net2115,2.86µm
net2123,2.86µm
net2135,2.86µm
net2155,2.86µm
net2195,2.86µm
net2325,2.86µm
net2390,2.86µm
net2472,2.86µm
net2542,2.86µm
net2547,2.86µm
net2604,2.86µm
net2607,2.86µm
net2608,2.86µm
net2625,2.86µm
net2664,2.86µm
net2674,2.86µm
net2735,2.86µm
net2790,2.86µm
net2826,2.86µm
net2854,2.86µm
net2869,2.86µm
net2878,2.86µm
net2943,2.86µm
net2997,2.86µm
net3036,2.86µm
net3053,2.86µm
net3068,2.86µm
net3073,2.86µm
net3103,2.86µm
net3257,2.86µm
net3278,2.86µm
net3302,2.86µm
net3312,2.86µm
net3454,2.86µm
net3500,2.86µm
net3521,2.86µm
net3527,2.86µm
net3540,2.86µm
net3591,2.86µm
net3592,2.86µm
net3596,2.86µm
net3726,2.86µm
net3743,2.86µm
_03253_,2.84µm
_03672_,2.84µm
_03797_,2.84µm
_04036_,2.84µm
_04849_,2.84µm
_04859_,2.84µm
_05017_,2.84µm
_05245_,2.84µm
_06873_,2.84µm
_06898_,2.84µm
_06938_,2.84µm
_07098_,2.84µm
_07099_,2.84µm
_07236_,2.84µm
_07403_,2.84µm
net1775,2.84µm
net2040,2.84µm
net2696,2.84µm
_00117_,2.835µm
_00195_,2.835µm
_00464_,2.835µm
_00611_,2.835µm
_00777_,2.835µm
_00840_,2.835µm
_00927_,2.835µm
_00954_,2.835µm
_01511_,2.835µm
_01519_,2.835µm
_01687_,2.835µm
_01850_,2.835µm
_01918_,2.835µm
_02114_,2.835µm
_02136_,2.835µm
net1263,2.835µm
net3735,2.835µm
_02703_,2.805µm
_02836_,2.805µm
_00203_,2.785µm
_00224_,2.785µm
_00225_,2.785µm
_00253_,2.785µm
_00294_,2.785µm
_00304_,2.785µm
_00306_,2.785µm
_00330_,2.785µm
_00335_,2.785µm
_00376_,2.785µm
_00397_,2.785µm
_00413_,2.785µm
_00428_,2.785µm
_00479_,2.785µm
_00481_,2.785µm
_00494_,2.785µm
_00505_,2.785µm
_00562_,2.785µm
_00591_,2.785µm
_00597_,2.785µm
_00604_,2.785µm
_00619_,2.785µm
_00626_,2.785µm
_00634_,2.785µm
_00651_,2.785µm
_00802_,2.785µm
_00808_,2.785µm
_00834_,2.785µm
_00842_,2.785µm
_00864_,2.785µm
_00881_,2.785µm
_00943_,2.785µm
_00968_,2.785µm
_00989_,2.785µm
_00990_,2.785µm
_01010_,2.785µm
_01018_,2.785µm
_01080_,2.785µm
_01111_,2.785µm
_01149_,2.785µm
_01154_,2.785µm
_01173_,2.785µm
_01187_,2.785µm
_01193_,2.785µm
_01237_,2.785µm
_01239_,2.785µm
_01303_,2.785µm
_01323_,2.785µm
_01350_,2.785µm
_01394_,2.785µm
_01453_,2.785µm
_01461_,2.785µm
_01465_,2.785µm
_01487_,2.785µm
_01490_,2.785µm
_01626_,2.785µm
_01766_,2.785µm
_01778_,2.785µm
_01802_,2.785µm
_01843_,2.785µm
_01863_,2.785µm
_01881_,2.785µm
_01892_,2.785µm
_01900_,2.785µm
_01934_,2.785µm
_01948_,2.785µm
_01978_,2.785µm
_01993_,2.785µm
_02001_,2.785µm
_02013_,2.785µm
_02015_,2.785µm
_02036_,2.785µm
_02082_,2.785µm
_02146_,2.785µm
_02171_,2.785µm
_02191_,2.785µm
_02257_,2.785µm
_02363_,2.785µm
_02602_,2.785µm
_02606_,2.785µm
_02693_,2.785µm
_02707_,2.785µm
_02787_,2.785µm
net1229,2.785µm
net2347,2.785µm
_00171_,2.765µm
_00255_,2.765µm
_01866_,2.765µm
_02515_,2.765µm
_02673_,2.765µm
_03628_,2.76µm
_04232_,2.76µm
_04927_,2.76µm
_05383_,2.76µm
_05557_,2.76µm
_06069_,2.76µm
_06271_,2.76µm
_07558_,2.76µm
net1348,2.76µm
net1359,2.76µm
net1517,2.76µm
net1580,2.76µm
net1740,2.76µm
net1944,2.76µm
net1962,2.76µm
net2106,2.76µm
net2252,2.76µm
net2287,2.76µm
net2313,2.76µm
net2332,2.76µm
net2333,2.76µm
net2342,2.76µm
net2433,2.76µm
net2434,2.76µm
net2441,2.76µm
net2442,2.76µm
net2446,2.76µm
net2470,2.76µm
net2474,2.76µm
net2485,2.76µm
net2508,2.76µm
net2525,2.76µm
net2585,2.76µm
net2591,2.76µm
net2605,2.76µm
net2619,2.76µm
net2643,2.76µm
net2645,2.76µm
net2648,2.76µm
net2677,2.76µm
net2695,2.76µm
net2697,2.76µm
net2713,2.76µm
net2728,2.76µm
net2737,2.76µm
net2751,2.76µm
net2752,2.76µm
net2787,2.76µm
net2797,2.76µm
net2801,2.76µm
net2809,2.76µm
net2847,2.76µm
net2853,2.76µm
net2875,2.76µm
net2886,2.76µm
net2904,2.76µm
net2932,2.76µm
net2934,2.76µm
net2935,2.76µm
net2960,2.76µm
net2965,2.76µm
net3004,2.76µm
net3010,2.76µm
net3012,2.76µm
net3025,2.76µm
net3032,2.76µm
net3035,2.76µm
net3051,2.76µm
net3058,2.76µm
net3064,2.76µm
net3070,2.76µm
net3087,2.76µm
net3100,2.76µm
net3113,2.76µm
net3118,2.76µm
net3119,2.76µm
net3137,2.76µm
net3141,2.76µm
net3164,2.76µm
net3215,2.76µm
net3227,2.76µm
net3273,2.76µm
net3292,2.76µm
net3308,2.76µm
net3309,2.76µm
net3329,2.76µm
net3330,2.76µm
net3350,2.76µm
net3364,2.76µm
net3369,2.76µm
net3373,2.76µm
net3403,2.76µm
net3415,2.76µm
net3418,2.76µm
net3419,2.76µm
net3424,2.76µm
net3430,2.76µm
net3467,2.76µm
net3480,2.76µm
net3482,2.76µm
net3493,2.76µm
net3495,2.76µm
net3510,2.76µm
net3524,2.76µm
net3538,2.76µm
net3544,2.76µm
net3547,2.76µm
net3552,2.76µm
net3565,2.76µm
net3569,2.76µm
net3594,2.76µm
net3616,2.76µm
net3639,2.76µm
net3649,2.76µm
net3650,2.76µm
net3655,2.76µm
net3671,2.76µm
net3685,2.76µm
net3686,2.76µm
net3689,2.76µm
net3695,2.76µm
net3700,2.76µm
net3727,2.76µm
net3752,2.76µm
net3753,2.76µm
net3762,2.76µm
net3809,2.76µm
net3810,2.76µm
net3813,2.76µm
net3831,2.76µm
net3864,2.76µm
net3962,2.76µm
_03149_,2.74µm
_03219_,2.74µm
_03689_,2.74µm
_04463_,2.74µm
_04607_,2.74µm
_04609_,2.74µm
_05637_,2.74µm
_05901_,2.74µm
_06446_,2.74µm
net2769,2.74µm
net2880,2.74µm
net2990,2.74µm
net3669,2.74µm
net3906,2.74µm
_03748_,2.72µm
_03915_,2.72µm
_04053_,2.72µm
_04742_,2.72µm
_06691_,2.72µm
_07124_,2.72µm
_07248_,2.72µm
_07346_,2.72µm
net2581,2.72µm
_00143_,2.715µm
_00427_,2.715µm
_00442_,2.715µm
_00616_,2.715µm
_00647_,2.715µm
_00704_,2.715µm
_00732_,2.715µm
_00744_,2.715µm
_00749_,2.715µm
_00758_,2.715µm
_00795_,2.715µm
_00838_,2.715µm
_00883_,2.715µm
_00893_,2.715µm
_00950_,2.715µm
_01120_,2.715µm
_01518_,2.715µm
_01588_,2.715µm
_01597_,2.715µm
_01607_,2.715µm
_01688_,2.715µm
_01720_,2.715µm
_01854_,2.715µm
_01862_,2.715µm
_01891_,2.715µm
_01980_,2.715µm
_02039_,2.715µm
_02135_,2.715µm
_02243_,2.715µm
_02328_,2.715µm
_02493_,2.715µm
_02571_,2.715µm
_02581_,2.715µm
_02582_,2.715µm
_02586_,2.715µm
_02597_,2.715µm
_02609_,2.715µm
_02632_,2.715µm
_02785_,2.715µm
_02800_,2.715µm
net1401,2.715µm
net1646,2.715µm
net2678,2.715µm
net3251,2.715µm
net3414,2.715µm
_00129_,2.695µm
_03723_,2.695µm
_05435_,2.675µm
_00115_,2.665µm
_00166_,2.665µm
_02485_,2.665µm
_02499_,2.665µm
_02555_,2.665µm
_02561_,2.665µm
_02575_,2.665µm
_02706_,2.665µm
_03480_,2.645µm
_03199_,2.64µm
_03406_,2.64µm
_03497_,2.64µm
_03764_,2.64µm
_04287_,2.64µm
_04952_,2.64µm
_07128_,2.64µm
_03097_,2.62µm
_03130_,2.62µm
_03165_,2.62µm
_03220_,2.62µm
_03313_,2.62µm
_03339_,2.62µm
_03346_,2.62µm
_03422_,2.62µm
_03823_,2.62µm
_03992_,2.62µm
_04128_,2.62µm
_04158_,2.62µm
_04194_,2.62µm
_04722_,2.62µm
_04743_,2.62µm
_04769_,2.62µm
_05006_,2.62µm
_05111_,2.62µm
_06768_,2.62µm
_07434_,2.62µm
_07464_,2.62µm
_07513_,2.62µm
system.uart_system.m_axi_awaddr\[29\],2.62µm
system.uart_system.m_axi_awaddr\[5\],2.62µm
net1354,2.62µm
net1733,2.62µm
net2394,2.62µm
net2443,2.62µm
net2758,2.62µm
net2764,2.62µm
net2816,2.62µm
net2845,2.62µm
net2888,2.62µm
net3096,2.62µm
net3108,2.62µm
net3256,2.62µm
net3269,2.62µm
net3291,2.62µm
net3316,2.62µm
net3336,2.62µm
net3409,2.62µm
net3505,2.62µm
net3607,2.62µm
net3842,2.62µm
net3878,2.62µm
net3879,2.62µm
net3964,2.62µm
_06159_,2.615µm
_00015_,2.605µm
_00019_,2.605µm
_02480_,2.605µm
_02661_,2.605µm
_02723_,2.605µm
_02789_,2.605µm
_02828_,2.605µm
net1242,2.605µm
net1502,2.605µm
net3153,2.605µm
net3821,2.605µm
_00122_,2.595µm
_00137_,2.595µm
_00156_,2.595µm
_00284_,2.595µm
_00489_,2.595µm
_00659_,2.595µm
_01100_,2.595µm
_01441_,2.595µm
_01445_,2.595µm
_01692_,2.595µm
_01721_,2.595µm
_01833_,2.595µm
_01834_,2.595µm
_01871_,2.595µm
_01955_,2.595µm
_02006_,2.595µm
_02026_,2.595µm
_02291_,2.595µm
_02593_,2.595µm
_02646_,2.595µm
_02667_,2.595µm
_02801_,2.595µm
_02803_,2.595µm
net3707,2.595µm
net3946,2.595µm
net3894,2.59µm
net3897,2.59µm
net3923,2.59µm
net3948,2.59µm
_00249_,2.585µm
_00314_,2.585µm
_00643_,2.585µm
_00762_,2.585µm
_01093_,2.585µm
_01096_,2.585µm
_01500_,2.585µm
_01558_,2.585µm
_01606_,2.585µm
_01727_,2.585µm
_01775_,2.585µm
_01865_,2.585µm
_01990_,2.585µm
_02047_,2.585µm
_02196_,2.585µm
_02225_,2.585µm
_02436_,2.585µm
_02656_,2.585µm
_00038_,2.545µm
_00041_,2.545µm
_00099_,2.545µm
_00286_,2.545µm
_00290_,2.545µm
_00311_,2.545µm
_00461_,2.545µm
_00466_,2.545µm
_00499_,2.545µm
_00500_,2.545µm
_00513_,2.545µm
_00529_,2.545µm
_00530_,2.545µm
_00537_,2.545µm
_00558_,2.545µm
_00587_,2.545µm
_00603_,2.545µm
_00633_,2.545µm
_00664_,2.545µm
_00677_,2.545µm
_00695_,2.545µm
_00707_,2.545µm
_00726_,2.545µm
_00728_,2.545µm
_00741_,2.545µm
_00768_,2.545µm
_00773_,2.545µm
_00818_,2.545µm
_00821_,2.545µm
_00827_,2.545µm
_00867_,2.545µm
_00925_,2.545µm
_00937_,2.545µm
_00947_,2.545µm
_00988_,2.545µm
_01000_,2.545µm
_01004_,2.545µm
_01029_,2.545µm
_01063_,2.545µm
_01112_,2.545µm
_01119_,2.545µm
_01155_,2.545µm
_01196_,2.545µm
_01215_,2.545µm
_01229_,2.545µm
_01248_,2.545µm
_01267_,2.545µm
_01268_,2.545µm
_01330_,2.545µm
_01337_,2.545µm
_01396_,2.545µm
_01403_,2.545µm
_01679_,2.545µm
_01699_,2.545µm
_01740_,2.545µm
_01763_,2.545µm
_01790_,2.545µm
_01809_,2.545µm
_01817_,2.545µm
_01877_,2.545µm
_01879_,2.545µm
_01906_,2.545µm
_01913_,2.545µm
_01914_,2.545µm
_01928_,2.545µm
_01945_,2.545µm
_01971_,2.545µm
_02003_,2.545µm
_02005_,2.545µm
_02018_,2.545µm
_02022_,2.545µm
_02023_,2.545µm
_02024_,2.545µm
_02061_,2.545µm
_02080_,2.545µm
_02128_,2.545µm
_02134_,2.545µm
_02176_,2.545µm
_02186_,2.545µm
_02239_,2.545µm
_02249_,2.545µm
_02253_,2.545µm
_02258_,2.545µm
_02270_,2.545µm
_02294_,2.545µm
_02352_,2.545µm
_02401_,2.545µm
_02420_,2.545µm
_02450_,2.545µm
_02558_,2.545µm
_02607_,2.545µm
_02649_,2.545µm
_02674_,2.545µm
_02680_,2.545µm
_02825_,2.545µm
_02834_,2.545µm
net3632,2.545µm
_03791_,2.53µm
_00057_,2.52µm
_03911_,2.52µm
_06269_,2.52µm
_07073_,2.52µm
_02760_,2.5µm
_03129_,2.5µm
_03192_,2.5µm
_03195_,2.5µm
_03274_,2.5µm
_03325_,2.5µm
_03329_,2.5µm
_03332_,2.5µm
_03354_,2.5µm
_03397_,2.5µm
_03619_,2.5µm
_03635_,2.5µm
_03731_,2.5µm
_03772_,2.5µm
_03960_,2.5µm
_04042_,2.5µm
_04051_,2.5µm
_04122_,2.5µm
_04256_,2.5µm
_04329_,2.5µm
_04358_,2.5µm
_04371_,2.5µm
_05062_,2.5µm
_05327_,2.5µm
_05428_,2.5µm
_05539_,2.5µm
_05559_,2.5µm
_05597_,2.5µm
_05607_,2.5µm
_05663_,2.5µm
_05815_,2.5µm
_05868_,2.5µm
_05880_,2.5µm
_06102_,2.5µm
_06230_,2.5µm
_06247_,2.5µm
_06274_,2.5µm
_06376_,2.5µm
_06443_,2.5µm
_06458_,2.5µm
_06558_,2.5µm
_06593_,2.5µm
_06767_,2.5µm
_06872_,2.5µm
_07076_,2.5µm
_07126_,2.5µm
_07158_,2.5µm
_07230_,2.5µm
_07416_,2.5µm
_07458_,2.5µm
_07503_,2.5µm
_07522_,2.5µm
_07537_,2.5µm
_07569_,2.5µm
net1443,2.5µm
net1491,2.5µm
net1673,2.5µm
net1685,2.5µm
net1709,2.5µm
net1842,2.5µm
net1889,2.5µm
net1990,2.5µm
net1997,2.5µm
net2259,2.5µm
net2416,2.5µm
net2477,2.5µm
net2510,2.5µm
net2598,2.5µm
net2606,2.5µm
net2640,2.5µm
net2706,2.5µm
net2715,2.5µm
net2749,2.5µm
net3193,2.5µm
net3374,2.5µm
net3378,2.5µm
net3386,2.5µm
net3736,2.5µm
net3844,2.5µm
net3929,2.5µm
net3944,2.5µm
_00696_,2.495µm
_00018_,2.465µm
_00097_,2.465µm
_00153_,2.465µm
_02491_,2.465µm
_02494_,2.465µm
_02810_,2.465µm
_03472_,2.455µm
_00169_,2.425µm
_00182_,2.425µm
_00243_,2.425µm
_00336_,2.425µm
_01627_,2.425µm
_02282_,2.425µm
_02574_,2.425µm
_02728_,2.425µm
_02837_,2.425µm
_03144_,2.4µm
_04729_,2.4µm
net1456,2.4µm
net1644,2.4µm
net1698,2.4µm
net1706,2.4µm
net1722,2.4µm
net1769,2.4µm
net1827,2.4µm
net1865,2.4µm
net2033,2.4µm
net2074,2.4µm
net2109,2.4µm
net2146,2.4µm
net2149,2.4µm
net2150,2.4µm
net2183,2.4µm
net2186,2.4µm
net2187,2.4µm
net2220,2.4µm
net2312,2.4µm
net2336,2.4µm
net2344,2.4µm
net2374,2.4µm
net2382,2.4µm
net2422,2.4µm
net2448,2.4µm
net2471,2.4µm
net2492,2.4µm
net2506,2.4µm
net2517,2.4µm
net2544,2.4µm
net2600,2.4µm
net2639,2.4µm
net2644,2.4µm
net2655,2.4µm
net2660,2.4µm
net2681,2.4µm
net2682,2.4µm
net2785,2.4µm
net2807,2.4µm
net2836,2.4µm
net2873,2.4µm
net2908,2.4µm
net2931,2.4µm
net2939,2.4µm
net2948,2.4µm
net3000,2.4µm
net3017,2.4µm
net3075,2.4µm
net3106,2.4µm
net3110,2.4µm
net3155,2.4µm
net3156,2.4µm
net3238,2.4µm
net3240,2.4µm
net3277,2.4µm
net3333,2.4µm
net3335,2.4µm
net3337,2.4µm
net3385,2.4µm
net3479,2.4µm
net3498,2.4µm
net3576,2.4µm
net3602,2.4µm
net3760,2.4µm
_03096_,2.39µm
_03415_,2.38µm
_03608_,2.38µm
_03714_,2.38µm
_04009_,2.38µm
_04195_,2.38µm
_04224_,2.38µm
_04943_,2.38µm
_07129_,2.38µm
_07194_,2.38µm
net1777,2.38µm
_00223_,2.375µm
_00239_,2.375µm
_00293_,2.375µm
_00421_,2.375µm
_00446_,2.375µm
_00570_,2.375µm
_00654_,2.375µm
_00755_,2.375µm
_00805_,2.375µm
_00854_,2.375µm
_00895_,2.375µm
_00926_,2.375µm
_00955_,2.375µm
_01146_,2.375µm
_01148_,2.375µm
_01383_,2.375µm
_01456_,2.375µm
_01555_,2.375µm
_01565_,2.375µm
_01567_,2.375µm
_01578_,2.375µm
_01680_,2.375µm
_01681_,2.375µm
_01749_,2.375µm
_01753_,2.375µm
_01793_,2.375µm
_01860_,2.375µm
_01901_,2.375µm
_01909_,2.375µm
_01916_,2.375µm
_01917_,2.375µm
_01947_,2.375µm
_01985_,2.375µm
_02004_,2.375µm
_02152_,2.375µm
_02223_,2.375µm
_02304_,2.375µm
_02391_,2.375µm
_02412_,2.375µm
_02510_,2.375µm
_02637_,2.375µm
_02653_,2.375µm
_02689_,2.375µm
_02780_,2.375µm
_02822_,2.375µm
net2503,2.375µm
net3205,2.375µm
net3610,2.375µm
net3775,2.375µm
net3779,2.375µm
net3915,2.375µm
_00096_,2.325µm
_00163_,2.325µm
_00192_,2.325µm
_00257_,2.325µm
_00258_,2.325µm
_00289_,2.325µm
_00291_,2.325µm
_00307_,2.325µm
_00390_,2.325µm
_00407_,2.325µm
_00431_,2.325µm
_00450_,2.325µm
_00455_,2.325µm
_00457_,2.325µm
_00483_,2.325µm
_00487_,2.325µm
_00488_,2.325µm
_00491_,2.325µm
_00512_,2.325µm
_00528_,2.325µm
_00542_,2.325µm
_00546_,2.325µm
_00548_,2.325µm
_00552_,2.325µm
_00564_,2.325µm
_00566_,2.325µm
_00572_,2.325µm
_00579_,2.325µm
_00596_,2.325µm
_00612_,2.325µm
_00615_,2.325µm
_00630_,2.325µm
_00641_,2.325µm
_00653_,2.325µm
_00680_,2.325µm
_00692_,2.325µm
_00700_,2.325µm
_00706_,2.325µm
_00738_,2.325µm
_00754_,2.325µm
_00799_,2.325µm
_00801_,2.325µm
_00814_,2.325µm
_00824_,2.325µm
_00888_,2.325µm
_00909_,2.325µm
_00913_,2.325µm
_00931_,2.325µm
_00949_,2.325µm
_00972_,2.325µm
_00986_,2.325µm
_00991_,2.325µm
_00999_,2.325µm
_01035_,2.325µm
_01039_,2.325µm
_01057_,2.325µm
_01061_,2.325µm
_01081_,2.325µm
_01082_,2.325µm
_01084_,2.325µm
_01087_,2.325µm
_01103_,2.325µm
_01117_,2.325µm
_01140_,2.325µm
_01150_,2.325µm
_01179_,2.325µm
_01182_,2.325µm
_01189_,2.325µm
_01262_,2.325µm
_01273_,2.325µm
_01282_,2.325µm
_01290_,2.325µm
_01306_,2.325µm
_01312_,2.325µm
_01327_,2.325µm
_01336_,2.325µm
_01344_,2.325µm
_01347_,2.325µm
_01362_,2.325µm
_01374_,2.325µm
_01376_,2.325µm
_01388_,2.325µm
_01431_,2.325µm
_01440_,2.325µm
_01446_,2.325µm
_01451_,2.325µm
_01458_,2.325µm
_01471_,2.325µm
_01481_,2.325µm
_01492_,2.325µm
_01516_,2.325µm
_01580_,2.325µm
_01593_,2.325µm
_01598_,2.325µm
_01608_,2.325µm
_01609_,2.325µm
_01613_,2.325µm
_01638_,2.325µm
_01643_,2.325µm
_01647_,2.325µm
_01669_,2.325µm
_01693_,2.325µm
_01741_,2.325µm
_01747_,2.325µm
_01764_,2.325µm
_01777_,2.325µm
_01806_,2.325µm
_01807_,2.325µm
_01819_,2.325µm
_01832_,2.325µm
_01861_,2.325µm
_01883_,2.325µm
_01893_,2.325µm
_01942_,2.325µm
_01956_,2.325µm
_01964_,2.325µm
_01966_,2.325µm
_01967_,2.325µm
_01976_,2.325µm
_01998_,2.325µm
_02029_,2.325µm
_02044_,2.325µm
_02067_,2.325µm
_02077_,2.325µm
_02093_,2.325µm
_02103_,2.325µm
_02105_,2.325µm
_02115_,2.325µm
_02143_,2.325µm
_02158_,2.325µm
_02193_,2.325µm
_02200_,2.325µm
_02256_,2.325µm
_02281_,2.325µm
_02306_,2.325µm
_02321_,2.325µm
_02335_,2.325µm
_02380_,2.325µm
_02396_,2.325µm
_02403_,2.325µm
_02415_,2.325µm
_02418_,2.325µm
_02425_,2.325µm
_02432_,2.325µm
_02441_,2.325µm
_02445_,2.325µm
_02453_,2.325µm
_02652_,2.325µm
net1228,2.325µm
net3746,2.325µm
_03132_,2.3µm
_03203_,2.3µm
_03261_,2.3µm
_03615_,2.3µm
_03805_,2.3µm
_05441_,2.3µm
_05802_,2.3µm
_06367_,2.3µm
_06516_,2.3µm
_06978_,2.3µm
_07422_,2.3µm
net2165,2.3µm
net3698,2.3µm
net3772,2.3µm
net3787,2.3µm
net3826,2.3µm
net3898,2.3µm
_04104_,2.28µm
_06019_,2.28µm
_06157_,2.28µm
net2228,2.28µm
net2588,2.28µm
_00658_,2.255µm
_00796_,2.255µm
_01412_,2.255µm
_01493_,2.255µm
_01499_,2.255µm
_01571_,2.255µm
_01601_,2.255µm
_01678_,2.255µm
_01744_,2.255µm
_01840_,2.255µm
_01894_,2.255µm
_01937_,2.255µm
_01975_,2.255µm
_02194_,2.255µm
_02268_,2.255µm
_02553_,2.255µm
_02620_,2.255µm
_02677_,2.255µm
_02678_,2.255µm
_04316_,2.255µm
net3711,2.255µm
_06513_,2.215µm
_00011_,2.205µm
_00037_,2.205µm
_00324_,2.205µm
_00406_,2.205µm
_02504_,2.205µm
_02540_,2.205µm
_02563_,2.205µm
_02569_,2.205µm
_02578_,2.205µm
_00697_,2.18µm
_01051_,2.18µm
_02799_,2.18µm
_03670_,2.18µm
_04157_,2.18µm
_04412_,2.18µm
_07582_,2.18µm
_00921_,2.16µm
_01070_,2.16µm
_01497_,2.16µm
_02059_,2.16µm
_02315_,2.16µm
_02817_,2.16µm
_03206_,2.16µm
_03214_,2.16µm
_03248_,2.16µm
_03279_,2.16µm
_03364_,2.16µm
_04199_,2.16µm
_04567_,2.16µm
_04623_,2.16µm
_04916_,2.16µm
_05163_,2.16µm
_05164_,2.16µm
_05518_,2.16µm
_06140_,2.16µm
_06524_,2.16µm
_06695_,2.16µm
_06696_,2.16µm
_06773_,2.16µm
_06906_,2.16µm
_06962_,2.16µm
_07174_,2.16µm
_07204_,2.16µm
_07355_,2.16µm
_07445_,2.16µm
_07468_,2.16µm
_07532_,2.16µm
_07538_,2.16µm
_07541_,2.16µm
_07556_,2.16µm
system.uart_system.m_axi_awaddr\[0\],2.16µm
system.uart_system.m_axi_awaddr\[18\],2.16µm
system.uart_system.uart_slave.write_data\[1\],2.16µm
net2612,2.16µm
net2684,2.16µm
net3299,2.16µm
net3412,2.16µm
net3425,2.16µm
net3515,2.16µm
net3619,2.16µm
net3636,2.16µm
net3659,2.16µm
net3667,2.16µm
net3677,2.16µm
net3687,2.16µm
net3690,2.16µm
net3863,2.16µm
net3873,2.16µm
_00009_,2.125µm
_00029_,2.125µm
_00297_,2.125µm
_00299_,2.125µm
_00359_,2.125µm
_00388_,2.125µm
_00394_,2.125µm
_00425_,2.125µm
_00523_,2.125µm
_00527_,2.125µm
_00662_,2.125µm
_00693_,2.125µm
_00905_,2.125µm
_00967_,2.125µm
_01054_,2.125µm
_01113_,2.125µm
_01151_,2.125µm
_01251_,2.125µm
_01367_,2.125µm
_01395_,2.125µm
_01455_,2.125µm
_01475_,2.125µm
_01512_,2.125µm
_01544_,2.125µm
_01614_,2.125µm
_01672_,2.125µm
_01696_,2.125µm
_01803_,2.125µm
_01908_,2.125µm
_02102_,2.125µm
_02198_,2.125µm
_02655_,2.125µm
_02686_,2.125µm
_02775_,2.125µm
net1250,2.125µm
net1940,2.125µm
net2917,2.125µm
_00013_,2.085µm
_00014_,2.085µm
_00020_,2.085µm
_00022_,2.085µm
_00381_,2.085µm
_00433_,2.085µm
_00454_,2.085µm
_00474_,2.085µm
_00478_,2.085µm
_00514_,2.085µm
_00583_,2.085µm
_00594_,2.085µm
_00637_,2.085µm
_00730_,2.085µm
_00747_,2.085µm
_00806_,2.085µm
_00865_,2.085µm
_00915_,2.085µm
_00961_,2.085µm
_00992_,2.085µm
_01001_,2.085µm
_01048_,2.085µm
_01139_,2.085µm
_01164_,2.085µm
_01313_,2.085µm
_01322_,2.085µm
_01349_,2.085µm
_01397_,2.085µm
_01491_,2.085µm
_01526_,2.085µm
_01575_,2.085µm
_01648_,2.085µm
_01695_,2.085µm
_01961_,2.085µm
_02017_,2.085µm
_02153_,2.085µm
_02231_,2.085µm
_02295_,2.085µm
_02397_,2.085µm
_02399_,2.085µm
_02416_,2.085µm
_02427_,2.085µm
_02471_,2.085µm
_02484_,2.085µm
_02526_,2.085µm
_02605_,2.085µm
_02636_,2.085µm
_05571_,2.065µm
net3820,2.045µm
net3830,2.045µm
_03111_,2.04µm
_03217_,2.04µm
_03266_,2.04µm
_03318_,2.04µm
_03336_,2.04µm
_03353_,2.04µm
_03607_,2.04µm
_03609_,2.04µm
_03612_,2.04µm
_03693_,2.04µm
_03971_,2.04µm
_04056_,2.04µm
_04130_,2.04µm
_04354_,2.04µm
_04373_,2.04µm
_04434_,2.04µm
_04578_,2.04µm
_04593_,2.04µm
_04621_,2.04µm
_04977_,2.04µm
_05082_,2.04µm
_05152_,2.04µm
_05192_,2.04µm
_05508_,2.04µm
_05511_,2.04µm
_05828_,2.04µm
_05921_,2.04µm
_06570_,2.04µm
_06844_,2.04µm
_07168_,2.04µm
_07293_,2.04µm
_07330_,2.04µm
_07439_,2.04µm
_07443_,2.04µm
_07448_,2.04µm
_07454_,2.04µm
net1378,2.04µm
net1403,2.04µm
net1409,2.04µm
net1429,2.04µm
net1596,2.04µm
net1828,2.04µm
net1972,2.04µm
net2188,2.04µm
net2273,2.04µm
net2290,2.04µm
net2895,2.04µm
net3122,2.04µm
net3546,2.04µm
net3630,2.04µm
net3699,2.04µm
net3854,2.04µm
_01049_,2.035µm
_01065_,2.035µm
_02447_,2.035µm
_05075_,1.94µm
net1431,1.94µm
net1448,1.94µm
net1518,1.94µm
net1539,1.94µm
net1590,1.94µm
net1705,1.94µm
net1805,1.94µm
net1820,1.94µm
net1855,1.94µm
net1910,1.94µm
net1966,1.94µm
net2142,1.94µm
net2151,1.94µm
net2202,1.94µm
net2262,1.94µm
net2269,1.94µm
net2365,1.94µm
net2628,1.94µm
net2633,1.94µm
net2716,1.94µm
net2721,1.94µm
net2748,1.94µm
net2761,1.94µm
net2804,1.94µm
net2828,1.94µm
net2838,1.94µm
net2840,1.94µm
net2891,1.94µm
net2919,1.94µm
net2982,1.94µm
net2994,1.94µm
net3097,1.94µm
net3107,1.94µm
net3189,1.94µm
net3228,1.94µm
net3239,1.94µm
net3288,1.94µm
net3296,1.94µm
net3321,1.94µm
net3379,1.94µm
net3459,1.94µm
net3504,1.94µm
net3511,1.94µm
net3525,1.94µm
net3526,1.94µm
net3660,1.94µm
net3691,1.94µm
net3717,1.94µm
_00133_,1.915µm
_01371_,1.915µm
_01735_,1.915µm
_02338_,1.915µm
_02743_,1.915µm
net3748,1.915µm
_00024_,1.865µm
_00034_,1.865µm
_00043_,1.865µm
_00095_,1.865µm
_00098_,1.865µm
_00160_,1.865µm
_00200_,1.865µm
_00251_,1.865µm
_00265_,1.865µm
_00302_,1.865µm
_00316_,1.865µm
_00341_,1.865µm
_00362_,1.865µm
_00363_,1.865µm
_00402_,1.865µm
_00405_,1.865µm
_00418_,1.865µm
_00426_,1.865µm
_00492_,1.865µm
_00498_,1.865µm
_00592_,1.865µm
_00621_,1.865µm
_00645_,1.865µm
_00652_,1.865µm
_00667_,1.865µm
_00710_,1.865µm
_00742_,1.865µm
_00756_,1.865µm
_00779_,1.865µm
_00797_,1.865µm
_00828_,1.865µm
_00832_,1.865µm
_00851_,1.865µm
_00855_,1.865µm
_00887_,1.865µm
_00960_,1.865µm
_00978_,1.865µm
_00993_,1.865µm
_01009_,1.865µm
_01013_,1.865µm
_01016_,1.865µm
_01017_,1.865µm
_01042_,1.865µm
_01067_,1.865µm
_01073_,1.865µm
_01079_,1.865µm
_01086_,1.865µm
_01097_,1.865µm
_01130_,1.865µm
_01147_,1.865µm
_01163_,1.865µm
_01180_,1.865µm
_01184_,1.865µm
_01228_,1.865µm
_01259_,1.865µm
_01283_,1.865µm
_01286_,1.865µm
_01307_,1.865µm
_01317_,1.865µm
_01329_,1.865µm
_01335_,1.865µm
_01375_,1.865µm
_01439_,1.865µm
_01468_,1.865µm
_01476_,1.865µm
_01478_,1.865µm
_01545_,1.865µm
_01599_,1.865µm
_01628_,1.865µm
_01646_,1.865µm
_01657_,1.865µm
_01658_,1.865µm
_01667_,1.865µm
_01686_,1.865µm
_01704_,1.865µm
_01715_,1.865µm
_01733_,1.865µm
_01761_,1.865µm
_01787_,1.865µm
_01838_,1.865µm
_01845_,1.865µm
_01899_,1.865µm
_01920_,1.865µm
_01923_,1.865µm
_01926_,1.865µm
_01938_,1.865µm
_01954_,1.865µm
_02066_,1.865µm
_02112_,1.865µm
_02140_,1.865µm
_02148_,1.865µm
_02177_,1.865µm
_02184_,1.865µm
_02221_,1.865µm
_02248_,1.865µm
_02279_,1.865µm
_02301_,1.865µm
_02346_,1.865µm
_02350_,1.865µm
_02378_,1.865µm
_02383_,1.865µm
_02400_,1.865µm
_02419_,1.865µm
_02435_,1.865µm
_02437_,1.865µm
_02438_,1.865µm
_02452_,1.865µm
_02583_,1.865µm
_02590_,1.865µm
_02654_,1.865µm
_02657_,1.865µm
_02658_,1.865µm
_02788_,1.865µm
_02832_,1.865µm
net1249,1.865µm
net3782,1.865µm
net3960,1.865µm
_02710_,1.84µm
_02756_,1.84µm
_03122_,1.84µm
_03191_,1.84µm
_03287_,1.84µm
_03391_,1.84µm
_03585_,1.84µm
_03642_,1.84µm
_03793_,1.84µm
_03798_,1.84µm
_03921_,1.84µm
_03987_,1.84µm
_04734_,1.84µm
_05509_,1.84µm
_06607_,1.84µm
_06620_,1.84µm
_07083_,1.84µm
_07408_,1.84µm
_07478_,1.84µm
_07496_,1.84µm
net1289,1.84µm
net1326,1.84µm
net1346,1.84µm
net3737,1.84µm
net3956,1.84µm
net3963,1.84µm
_03699_,1.82µm
_03920_,1.82µm
_04008_,1.82µm
_04085_,1.82µm
_06312_,1.82µm
_07283_,1.82µm
_07368_,1.82µm
net1199,1.82µm
net2030,1.82µm
_00197_,1.745µm
_00389_,1.745µm
_00392_,1.745µm
_02669_,1.745µm
_00618_,1.7µm
_00966_,1.7µm
_01006_,1.7µm
_02118_,1.7µm
_02251_,1.7µm
_03187_,1.7µm
_03216_,1.7µm
_03284_,1.7µm
_03367_,1.7µm
_03376_,1.7µm
_03541_,1.7µm
_03705_,1.7µm
_03710_,1.7µm
_03804_,1.7µm
_03955_,1.7µm
_03979_,1.7µm
_04369_,1.7µm
_04397_,1.7µm
_04687_,1.7µm
_04915_,1.7µm
_04996_,1.7µm
_05093_,1.7µm
_05716_,1.7µm
_05975_,1.7µm
_06874_,1.7µm
_07016_,1.7µm
_07035_,1.7µm
_07215_,1.7µm
_07444_,1.7µm
_07447_,1.7µm
_07471_,1.7µm
_07472_,1.7µm
_07482_,1.7µm
_07497_,1.7µm
_07508_,1.7µm
_07517_,1.7µm
system.uart_system.m_axi_awaddr\[22\],1.7µm
system.uart_system.uart_slave.uart_rx_unit.rx_ff1,1.7µm
net1321,1.7µm
net1389,1.7µm
net2549,1.7µm
net2567,1.7µm
net3365,1.7µm
net3470,1.7µm
net3557,1.7µm
net3618,1.7µm
net3628,1.7µm
net3817,1.7µm
net3967,1.7µm
_02600_,1.615µm
_00001_,1.575µm
_00021_,1.575µm
_00205_,1.575µm
_00276_,1.575µm
_00365_,1.575µm
_00432_,1.575µm
_00485_,1.575µm
_00774_,1.575µm
_00786_,1.575µm
_01045_,1.575µm
_01108_,1.575µm
_01138_,1.575µm
_01212_,1.575µm
_01221_,1.575µm
_01255_,1.575µm
_01269_,1.575µm
_01365_,1.575µm
_01827_,1.575µm
_01977_,1.575µm
_02252_,1.575µm
_02372_,1.575µm
_02501_,1.575µm
net2205,1.575µm
net2795,1.575µm
net3176,1.575µm
net3819,1.575µm
_05035_,1.48µm
net1435,1.48µm
net1612,1.48µm
net1707,1.48µm
net1772,1.48µm
net1793,1.48µm
net1968,1.48µm
net2038,1.48µm
net2206,1.48µm
net2293,1.48µm
net2299,1.48µm
net2375,1.48µm
net2388,1.48µm
net2501,1.48µm
net2528,1.48µm
net2680,1.48µm
net2725,1.48µm
net2744,1.48µm
net2793,1.48µm
net2817,1.48µm
net2819,1.48µm
net2831,1.48µm
net2976,1.48µm
net3007,1.48µm
net3187,1.48µm
net3197,1.48µm
net3199,1.48µm
net3210,1.48µm
net3212,1.48µm
net3293,1.48µm
net3344,1.48µm
net3375,1.48µm
net3443,1.48µm
net3491,1.48µm
net3588,1.48µm
net3808,1.48µm
_00012_,1.405µm
_00256_,1.405µm
_00320_,1.405µm
_00333_,1.405µm
_00401_,1.405µm
_00462_,1.405µm
_00557_,1.405µm
_00563_,1.405µm
_00598_,1.405µm
_00674_,1.405µm
_00694_,1.405µm
_00699_,1.405µm
_00723_,1.405µm
_00751_,1.405µm
_00793_,1.405µm
_00826_,1.405µm
_00869_,1.405µm
_00924_,1.405µm
_01008_,1.405µm
_01015_,1.405µm
_01095_,1.405µm
_01101_,1.405µm
_01176_,1.405µm
_01234_,1.405µm
_01243_,1.405µm
_01318_,1.405µm
_01342_,1.405µm
_01407_,1.405µm
_01429_,1.405µm
_01443_,1.405µm
_01488_,1.405µm
_01624_,1.405µm
_01631_,1.405µm
_01645_,1.405µm
_01710_,1.405µm
_01713_,1.405µm
_01762_,1.405µm
_01848_,1.405µm
_01859_,1.405µm
_01907_,1.405µm
_02016_,1.405µm
_02043_,1.405µm
_02116_,1.405µm
_02182_,1.405µm
_02264_,1.405µm
_02275_,1.405µm
_02340_,1.405µm
_02608_,1.405µm
_02645_,1.405µm
_02691_,1.405µm
_02701_,1.405µm
_02804_,1.405µm
net1260,1.405µm
net2370,1.405µm
net3304,1.405µm
net3641,1.405µm
net3732,1.405µm
net3848,1.405µm
_00060_,1.38µm
_02739_,1.38µm
_02764_,1.38µm
_03092_,1.38µm
_03257_,1.38µm
_03926_,1.38µm
_03929_,1.38µm
_03941_,1.38µm
_04359_,1.38µm
_05066_,1.38µm
_05677_,1.38µm
_06234_,1.38µm
_06619_,1.38µm
_06749_,1.38µm
_07154_,1.38µm
_07224_,1.38µm
_07446_,1.38µm
_07449_,1.38µm
_07462_,1.38µm
_07467_,1.38µm
_07486_,1.38µm
_07492_,1.38µm
_07499_,1.38µm
_07518_,1.38µm
_07539_,1.38µm
net1290,1.38µm
net1292,1.38µm
net1309,1.38µm
net1347,1.38µm
net1368,1.38µm
net1384,1.38µm
net2113,1.38µm
net2121,1.38µm
net2658,1.38µm
net3260,1.38µm
net3388,1.38µm
net3474,1.38µm
net3575,1.38µm
net3598,1.38µm
net3626,1.38µm
net3653,1.38µm
net3656,1.38µm
net3658,1.38µm
net3816,1.38µm
net3835,1.38µm
net3846,1.38µm
net3860,1.38µm
net3869,1.38µm
net3870,1.38µm
net3877,1.38µm
net3881,1.38µm
net3925,1.38µm
net3932,1.38µm
net3933,1.38µm
net3950,1.38µm
_03152_,1.36µm
_03677_,1.36µm
_04060_,1.36µm
_05547_,1.36µm
_06117_,1.36µm
_06382_,1.36µm
_07262_,1.36µm
net3265,1.36µm
_03648_,1.02µm
net1711,1.02µm
net1739,1.02µm
net1806,1.02µm
net1812,1.02µm
net1841,1.02µm
net1873,1.02µm
net1879,1.02µm
net1958,1.02µm
net2071,1.02µm
net2425,1.02µm
net2563,1.02µm
net2587,1.02µm
net2613,1.02µm
net2621,1.02µm
net2705,1.02µm
net2771,1.02µm
net2782,1.02µm
net2825,1.02µm
net2833,1.02µm
net2896,1.02µm
net2929,1.02µm
net2950,1.02µm
net3066,1.02µm
net3085,1.02µm
net3338,1.02µm
net3372,1.02µm
net3567,1.02µm
net3811,1.02µm
