net,length_um
net1315,1.3033mm
_07346_,804.34µm
_09555_,800.77µm
net2325,786.56µm
net1312,782.94µm
net1834,781.49µm
net2092,780.54µm
net2337,778.28µm
_09569_,771.765µm
net2334,770.49µm
net2193,768.66µm
net2333,767.7µm
net2075,755.13µm
net2338,745.98µm
net2202,741.7µm
accelerator_u.WDATA\[3\],740.94µm
_09580_,738.7µm
_07165_,721.36µm
clknet_0_clk,721.27µm
_07273_,715.98µm
net2200,708.85µm
net2340,706.825µm
accelerator_u.WDATA\[1\],700.53µm
accelerator_u.WDATA\[7\],698.79µm
net2199,696.535µm
_09593_,690.26µm
net2090,680.3µm
accelerator_u.WDATA\[10\],676.58µm
net2089,673.14µm
_00156_,672.14µm
accelerator_u.WDATA\[13\],670.87µm
net2326,669.66µm
net2088,668.86µm
net1313,667.36µm
net1514,664.72µm
accelerator_u.WDATA\[15\],664.03µm
accelerator_u.WDATA\[9\],663.56µm
net2201,660.64µm
net2080,658.86µm
accelerator_u.WDATA\[12\],658.46µm
net1876,657.73µm
net2106,655.27µm
net2170,650.1µm
net1661,646.71µm
net2176,643.62µm
clk,640.54µm
net1700,640.05µm
accelerator_u.WDATA\[8\],635.16µm
net2198,634.43µm
_08024_,633.56µm
net2192,633.555µm
net2120,629.94µm
_07454_,629.09µm
net1674,625.495µm
_07128_,619.94µm
_06480_,619.42µm
clknet_2_0_0_clk,618.85µm
net1864,618.535µm
net2191,617.695µm
accelerator_u.WDATA\[4\],617.65µm
_09621_,616.14µm
net1576,615.12µm
net2161,613.15µm
net2141,608.57µm
net2145,607.37µm
net2087,603.66µm
net1615,603.495µm
net2260,601.33µm
net2081,600.82µm
net2086,597.07µm
net2168,594.58µm
net1665,590.735µm
net1387,590.68µm
net2261,589.315µm
net2113,588.17µm
net2100,587µm
net2184,582.82µm
net2136,582.2µm
_08211_,579.93µm
net2134,579.415µm
net1858,579.335µm
_09844_,579.32µm
accelerator_u.WDATA\[2\],578.06µm
accelerator_u.array_inst.b_v\[4\]\[2\],576.985µm
net1626,576.13µm
_10672_,574.21µm
accelerator_u.array_inst.b_v\[4\]\[0\],571.98µm
accelerator_u.WDATA\[6\],571.02µm
net2197,570.14µm
clknet_2_3_0_clk,568.33µm
net2131,564.39µm
net1639,564.28µm
net400,563.97µm
_08165_,563.26µm
net2269,560.63µm
net401,556.88µm
net2262,556.845µm
net2169,555.865µm
_08297_,554.58µm
net1586,553.54µm
accelerator_u.array_inst.b_v\[4\]\[3\],551.44µm
_00159_,551.03µm
clknet_2_2_0_clk,550.92µm
net2133,549.46µm
net2147,548.925µm
_06639_,548.19µm
net2153,547.075µm
net2099,545.27µm
net2126,545.12µm
net1507,544.9µm
net456,543.985µm
net2155,543.46µm
_09635_,543.44µm
net1872,542.41µm
net1690,542.285µm
net2339,541.96µm
net2164,540.495µm
clknet_2_1_0_clk,537.14µm
net1343,533.15µm
_08561_,532.98µm
net2158,532.49µm
net2119,532.32µm
net2074,532µm
_07936_,531.48µm
_00168_,530.78µm
net2117,529.5µm
accelerator_u.WDATA\[11\],527.92µm
_11210_,527.8µm
accelerator_u.array_inst.b_v\[4\]\[1\],525.2µm
net2125,524.34µm
net2196,524.05µm
net2116,523.92µm
net2101,523.26µm
net1822,522.58µm
_08195_,522.44µm
net1608,522µm
net1607,520.39µm
net2150,520.37µm
net1651,520µm
net1657,519.56µm
net2248,519.52µm
net437,519.44µm
net1371,519.2µm
accelerator_u.WDATA\[20\],516.33µm
net2142,515.82µm
_07915_,512.76µm
net360,512.76µm
net2128,512.49µm
accelerator_u.array_inst.b_v\[4\]\[7\],510.14µm
_10106_,509.84µm
net2323,508.275µm
net1660,507.325µm
net2159,507.15µm
accelerator_u.WDATA\[23\],506.83µm
net1366,506.63µm
net2250,505.64µm
_08127_,505.58µm
net2146,505.51µm
_08282_,503.94µm
net2179,502.25µm
accelerator_u.WDATA\[21\],501.93µm
net1569,501.71µm
net1855,501.43µm
accelerator_u.array_inst.b_v\[4\]\[5\],500.11µm
net2110,499.645µm
net1578,499.03µm
net2324,498.765µm
net2195,497.5µm
_07813_,497.42µm
net1645,496.725µm
clknet_5_10__leaf_clk,496.71µm
_08847_,495.14µm
_08101_,494.51µm
accelerator_u.array_inst.b_v\[4\]\[6\],494.3µm
_07491_,493.99µm
accelerator_u.WDATA\[18\],492.54µm
net2102,492.06µm
net2322,491.84µm
_09450_,491.48µm
_07872_,491.24µm
net2115,491.225µm
net1562,490.89µm
net2180,489.5µm
net2124,488.66µm
_08221_,487.08µm
net1459,486.61µm
net2127,486.065µm
_08182_,485.88µm
net1570,485.76µm
net2249,485.65µm
net2129,484.9µm
net2177,484.6µm
net2204,484.54µm
accelerator_u.array_inst.acc\[3\]\[9\],484.05µm
net1649,483.995µm
net1355,483.51µm
_08689_,482.11µm
net1333,480.12µm
net2121,480.055µm
_09751_,479.92µm
net1468,479.315µm
net2114,479.2µm
_06541_,477.35µm
net1865,477.33µm
net2130,475.945µm
_12201_,475.58µm
accelerator_u.mat_b_reg\[0\]\[2\],474.39µm
net2132,473.82µm
net403,473.49µm
_12620_,472.99µm
_07309_,472.53µm
net2098,472.01µm
net2135,471.345µm
accelerator_u.array_inst.acc\[0\]\[14\],469.92µm
net1509,469.61µm
_00143_,469.4µm
net1675,469.175µm
net1350,469.12µm
accelerator_u.mat_a_reg\[1\]\[24\],467.85µm
net1463,467.55µm
net2143,466.91µm
_07854_,466.025µm
net1706,465µm
net1347,464.63µm
_08665_,464.43µm
net1829,461.68µm
net1358,461.435µm
net2122,461.33µm
_07844_,461.26µm
accelerator_u.array_inst.acc\[9\]\[9\],461.24µm
net2172,460.725µm
_08152_,460.02µm
_08728_,459.77µm
accelerator_u.WDATA\[14\],458.41µm
net2144,458.345µm
_07847_,457.015µm
_08412_,456.21µm
_12225_,455.44µm
net1564,455.38µm
_08058_,453.88µm
accelerator_u.WDATA\[31\],453.72µm
net1644,453.17µm
_09428_,452.67µm
_09930_,449.68µm
net2163,448.585µm
accelerator_u.array_inst.b_v\[4\]\[4\],448.14µm
accelerator_u.array_inst.acc\[3\]\[15\],446.74µm
net1577,446.54µm
net2171,446.52µm
_06693_,446.41µm
accelerator_u.array_inst.acc\[3\]\[4\],446.25µm
net2140,444.085µm
_07869_,443.765µm
_08495_,443.66µm
accelerator_u.WDATA\[22\],443.31µm
net1512,442.74µm
net2109,442.295µm
_06613_,441.92µm
_07237_,441.92µm
accelerator_u.array_inst.acc\[0\]\[13\],441.14µm
net1474,441.12µm
net2103,441.02µm
net2123,440.1µm
accelerator_u.WDATA\[30\],438.2µm
net2154,437.99µm
net404,437.32µm
net2265,435.255µm
net1826,434.86µm
_12157_,434.16µm
net358,433.92µm
_09462_,433µm
_07839_,432.99µm
net1566,432.14µm
net1401,430.795µm
net1856,430.75µm
_09874_,430.46µm
_07747_,430.185µm
_07835_,429.885µm
net1503,429.76µm
accelerator_u.WDATA\[16\],429.72µm
net1567,429.69µm
net1859,429.45µm
net2157,428.2µm
net1618,427.8µm
_07563_,426.075µm
net1804,426.01µm
_07418_,425.87µm
_06532_,424µm
accelerator_u.RDATA\[3\],423.72µm
net1643,423.28µm
net319,421.83µm
net361,421.72µm
net1447,421µm
_08075_,420.84µm
accelerator_u.mat_a_reg\[3\]\[28\],420.59µm
net366,420.3µm
accelerator_u.array_inst.acc\[9\]\[10\],419.65µm
_11162_,419.53µm
net1505,419.5µm
net1687,419.485µm
net1357,419.09µm
_09385_,418.88µm
net2165,417.655µm
_12219_,416.41µm
net2105,416.07µm
_08247_,414.88µm
net2316,414.29µm
_09774_,413.9µm
_07799_,413.81µm
_09394_,412.4µm
net1853,411.41µm
net1828,411.11µm
accelerator_u.array_inst.acc\[0\]\[6\],410.97µm
_12628_,410.78µm
_06821_,410.37µm
_08656_,410.14µm
net2104,409.35µm
accelerator_u.WDATA\[19\],409.26µm
_11237_,409.215µm
net1370,408.62µm
net1874,407.39µm
accelerator_u.array_inst.acc\[14\]\[6\],404.78µm
accelerator_u.WDATA\[26\],403.98µm
_07783_,403.275µm
accelerator_u.mat_b_reg\[2\]\[29\],403.18µm
_11758_,402.805µm
net2149,402.64µm
accelerator_u.array_inst.acc\[0\]\[4\],402.06µm
accelerator_u.array_inst.acc\[0\]\[5\],401.87µm
_06519_,401.8µm
net363,401.26µm
_07599_,400.71µm
_09418_,400.24µm
net1715,400.215µm
_09403_,399.98µm
net1614,399.515µm
_07827_,398.685µm
_07862_,398.095µm
_08522_,397.26µm
net2097,397.24µm
_08706_,396.96µm
net1669,396.92µm
net2107,396.845µm
_10688_,396.79µm
net1631,396.3µm
net2137,395.89µm
_09475_,395.78µm
accelerator_u.WDATA\[17\],395.72µm
net2273,394.34µm
_06847_,393.88µm
net1620,393.225µm
_07887_,392.7µm
accelerator_u.array_inst.acc\[3\]\[12\],392.37µm
net1851,391.74µm
accelerator_u.array_inst.acc\[9\]\[15\],391.33µm
net1465,391.33µm
net1860,391.235µm
net1635,390.49µm
accelerator_u.array_inst.acc\[0\]\[9\],390.415µm
net1610,388.75µm
_08397_,388.52µm
_08362_,388.43µm
net1464,385.12µm
_07795_,385µm
net1501,384.76µm
net1633,384.2µm
_11243_,384.16µm
net1621,381.775µm
net359,381.52µm
net1652,381.215µm
_06869_,380.44µm
net2031,380.2µm
net1502,379.79µm
_10744_,379.48µm
_06744_,379.4µm
net371,378.48µm
net1640,378.33µm
net2148,378.3µm
accelerator_u.array_inst.acc\[0\]\[1\],378.12µm
net1311,377.88µm
_04545_,376.73µm
net1612,376.655µm
accelerator_u.array_inst.acc\[0\]\[10\],375.335µm
_06664_,375.14µm
net2189,375.01µm
_10436_,374.65µm
net1600,373.27µm
net440,370.84µm
_04552_,369.965µm
_08560_,369.54µm
net2295,368.875µm
net1852,368.22µm
net1636,368.12µm
net2174,368.055µm
net1492,367.11µm
accelerator_u.array_inst.acc\[13\]\[9\],367.04µm
net2173,367.025µm
net1659,366.965µm
net2111,366.575µm
_08699_,365.58µm
net1629,364.64µm
net1623,364.43µm
net1662,364.145µm
_06497_,363.24µm
accelerator_u.array_inst.acc\[1\]\[15\],363.05µm
_08594_,362.22µm
net2247,362.12µm
_08034_,361.17µm
net2118,360.81µm
accelerator_u.WDATA\[24\],360.72µm
accelerator_u.array_inst.acc\[3\]\[5\],360.4µm
net1693,360.3µm
net376,360.29µm
net1363,360.23µm
net373,359.79µm
_11261_,359.175µm
_06550_,359.12µm
net1875,358.275µm
_09490_,357.92µm
_02851_,357.695µm
net2156,356.74µm
_04580_,356.6µm
net2160,355.995µm
net2246,355.1µm
_04557_,354.62µm
net1664,354.405µm
_08588_,354.24µm
net354,353.7µm
net2151,353.665µm
net2241,353.58µm
accelerator_u.array_inst.acc\[14\]\[5\],352.685µm
net452,352.58µm
net1688,352.515µm
_04569_,352.46µm
accelerator_u.WDATA\[29\],351.42µm
net2243,351.33µm
net1862,351.215µm
_07382_,350.94µm
accelerator_u.array_inst.acc\[13\]\[10\],350.94µm
reset,350.94µm
_06559_,350.57µm
_12213_,350.54µm
accelerator_u.array_inst.acc\[13\]\[15\],350.24µm
net1611,350.13µm
_10739_,348µm
net1866,347.92µm
_09980_,347.74µm
_12203_,347.66µm
accelerator_u.array_inst.acc\[9\]\[20\],347.36µm
net2166,347.25µm
net1516,347.02µm
net1546,346.66µm
_07759_,346.595µm
net1857,346.48µm
net1655,346.18µm
net1351,345.95µm
accelerator_u.mat_b_reg\[0\]\[6\],345.52µm
accelerator_u.array_inst.acc\[1\]\[7\],345.385µm
net2245,344.645µm
net2185,344.59µm
net1679,344.265µm
_07755_,343.175µm
_10362_,343.1µm
net1609,343.01µm
net1574,342.72µm
net1563,342.61µm
_08335_,342.4µm
net1589,341.54µm
net1361,341.41µm
accelerator_u.array_inst.acc\[14\]\[3\],341.22µm
net1648,340.885µm
accelerator_u.array_inst.acc\[0\]\[2\],340.68µm
net1517,340.54µm
net1592,340.13µm
_08446_,340.06µm
net1593,339.86µm
net1368,339.62µm
net1836,339.56µm
net1568,339.54µm
net1641,339.18µm
net1346,338.67µm
accelerator_u.array_inst.acc\[2\]\[16\],338.18µm
accelerator_u.array_inst.acc\[1\]\[13\],337.735µm
net327,337.71µm
_13148_,336.96µm
net1369,336.95µm
net1627,336.32µm
accelerator_u.WDATA\[0\],335.1µm
net1617,334.9µm
net1372,334.52µm
accelerator_u.RDATA\[2\],333.72µm
net1556,333.23µm
net1583,333.215µm
net2096,333.055µm
_12208_,332.62µm
net1628,331.93µm
net1342,331.9µm
net349,331.6µm
net1360,331.31µm
net1359,331.1µm
accelerator_u.mat_b_reg\[2\]\[27\],330.7µm
net2242,330.45µm
net1869,330.18µm
_01974_,329.54µm
_08275_,329.25µm
accelerator_u.mat_a_reg\[3\]\[25\],328.54µm
_08460_,328.43µm
accelerator_u.mat_a_reg\[0\]\[2\],327.98µm
_07803_,326.99µm
net313,326.6µm
net2029,325.86µm
net1599,325.665µm
accelerator_u.array_inst.b_v\[9\]\[7\],325.38µm
_06504_,325.34µm
net412,324.98µm
accelerator_u.RDATA\[0\],324.15µm
_13149_,324.14µm
accelerator_u.mat_b_reg\[2\]\[26\],324µm
net1663,323.61µm
_11254_,322.96µm
net1835,321.87µm
_08512_,321.58µm
accelerator_u.RDATA\[8\],321.49µm
net1673,320.5µm
_12235_,320.22µm
accelerator_u.mat_b_reg\[2\]\[25\],320.16µm
_06471_,320.11µm
accelerator_u.mat_b_reg\[0\]\[3\],319.96µm
net387,319.47µm
_10735_,319.3µm
net2112,319.2µm
_10135_,319.18µm
_04086_,318.81µm
accelerator_u.array_inst.acc\[11\]\[7\],318.53µm
net1625,318.29µm
net1541,317.235µm
net2139,317.02µm
net1624,316.71µm
_05775_,316.42µm
clknet_5_3__leaf_clk,316.31µm
_08757_,316.15µm
net316,316.09µm
net2206,315.86µm
accelerator_u.RDATA\[1\],315.21µm
accelerator_u.array_inst.acc\[4\]\[11\],314.935µm
clknet_5_20__leaf_clk,314.91µm
_10257_,314.9µm
clknet_5_18__leaf_clk,314.72µm
net1839,314.64µm
net1595,314.47µm
accelerator_u.array_inst.acc\[1\]\[10\],313.865µm
_11727_,313.41µm
_09505_,312.28µm
accelerator_u.array_inst.b_v\[6\]\[3\],312.13µm
accelerator_u.array_inst.b_v\[5\]\[4\],312.02µm
net1634,311.975µm
net1705,311.58µm
net1377,311.3µm
net1844,311.22µm
net1622,310.92µm
net1775,310.855µm
clknet_5_17__leaf_clk,310.62µm
accelerator_u.array_inst.acc\[0\]\[22\],310.51µm
accelerator_u.array_inst.b_v\[8\]\[6\],310.47µm
_07818_,310.45µm
_07988_,310.19µm
accelerator_u.array_inst.acc\[8\]\[11\],309.83µm
net1602,309.71µm
_04576_,309.12µm
_10749_,308.94µm
_12712_,308.82µm
_06945_,308.58µm
accelerator_u.array_inst.acc\[8\]\[15\],308.34µm
_10545_,308.17µm
accelerator_u.WDATA\[27\],307.88µm
accelerator_u.start_pulse,307.48µm
net2342,307.32µm
net1806,306.99µm
accelerator_u.mat_b_reg\[0\]\[0\],306.925µm
net1484,306.46µm
net1667,306.42µm
_08997_,306.26µm
accelerator_u.array_inst.b_v\[8\]\[5\],306.26µm
_08582_,306.22µm
net1813,306.19µm
net1513,306.02µm
net1506,305.94µm
accelerator_u.array_inst.acc\[7\]\[11\],305.94µm
accelerator_u.array_inst.acc\[3\]\[3\],305.575µm
_10617_,305.285µm
net1717,304.91µm
_08777_,304.02µm
net2341,303.87µm
net1672,303.66µm
accelerator_u.RDATA\[11\],303.63µm
net1696,303.19µm
net2028,303.14µm
_08896_,303.07µm
accelerator_u.array_inst.b_v\[6\]\[2\],303.04µm
accelerator_u.array_inst.acc\[10\]\[11\],302.48µm
accelerator_u.array_inst.b_v\[8\]\[4\],302.3µm
accelerator_u.RDATA\[4\],302.14µm
_08680_,301.73µm
_04563_,301.66µm
net1585,301.32µm
net1807,301.16µm
accelerator_u.array_inst.acc\[13\]\[6\],300.89µm
_02839_,300.87µm
net453,300.85µm
clknet_5_0__leaf_clk,300.64µm
net2205,300.58µm
net1704,300.35µm
accelerator_u.array_inst.b_v\[8\]\[7\],300.09µm
net1632,300.005µm
accelerator_u.array_inst.acc\[1\]\[6\],299.62µm
_12241_,299.34µm
net2251,299.15µm
net1996,299.14µm
net2095,299µm
net1816,298.6µm
net1650,298.2µm
net1656,297.89µm
net328,297.78µm
accelerator_u.array_inst.b_v\[9\]\[6\],297.58µm
accelerator_u.array_inst.acc\[1\]\[5\],297.4µm
net1646,295.88µm
_07124_,295.78µm
net2027,295.37µm
accelerator_u.RDATA\[12\],295.05µm
_09911_,295µm
accelerator_u.array_inst.acc\[2\]\[18\],294.94µm
_08570_,294.88µm
net1773,294.72µm
net1666,294.565µm
net1349,294.49µm
accelerator_u.array_inst.b_v\[5\]\[2\],293.93µm
net1479,293.06µm
clknet_5_13__leaf_clk,292.855µm
accelerator_u.mat_b_reg\[0\]\[16\],292.38µm
_12687_,292.14µm
accelerator_u.array_inst.acc\[13\]\[12\],291.94µm
accelerator_u.mat_b_reg\[0\]\[7\],291.72µm
net1671,291.49µm
net1842,291.37µm
accelerator_u.array_inst.acc\[3\]\[10\],291.35µm
net1697,291.28µm
net374,291.14µm
accelerator_u.array_inst.b_v\[7\]\[3\],291µm
accelerator_u.array_inst.acc\[1\]\[8\],290.97µm
net1832,290.965µm
accelerator_u.array_inst.b_v\[6\]\[5\],290.78µm
net1515,290.63µm
_09855_,290.28µm
accelerator_u.RDATA\[7\],290.24µm
accelerator_u.array_inst.b_v\[6\]\[4\],290.08µm
_11769_,289.15µm
accelerator_u.array_inst.b_v\[9\]\[4\],288.44µm
accelerator_u.array_inst.acc\[1\]\[20\],288.39µm
_08782_,288.255µm
net1637,288.055µm
clknet_5_12__leaf_clk,287.83µm
net1889,287.08µm
net2268,286.87µm
_06921_,286.7µm
_09858_,286.36µm
accelerator_u.array_inst.acc\[4\]\[13\],286.2µm
accelerator_u.RDATA\[6\],286.14µm
_02864_,285.69µm
accelerator_u.array_inst.acc\[13\]\[14\],285.68µm
accelerator_u.RDATA\[13\],285.46µm
accelerator_u.array_inst.acc\[2\]\[14\],285.18µm
net1873,284.92µm
net378,284.62µm
_11247_,284.24µm
net1605,283.12µm
net1454,283.115µm
accelerator_u.mat_b_reg\[1\]\[0\],282.97µm
net1480,282.37µm
accelerator_u.RDATA\[5\],282.35µm
accelerator_u.busy_reg,282.33µm
accelerator_u.array_inst.acc\[1\]\[1\],282.3µm
net350,282.3µm
_10651_,281.81µm
_07991_,281.78µm
net432,281.53µm
accelerator_u.array_inst.acc\[9\]\[7\],280.95µm
accelerator_u.mat_a_reg\[0\]\[25\],280.85µm
_11748_,280.535µm
net1619,280.525µm
net1993,280.22µm
net1658,279.575µm
accelerator_u.mat_b_reg\[2\]\[28\],279.54µm
net1748,279.205µm
_06463_,278.6µm
accelerator_u.RDATA\[14\],278.42µm
accelerator_u.array_inst.acc\[10\]\[15\],278.08µm
_06768_,276.98µm
accelerator_u.array_inst.acc\[7\]\[12\],276.98µm
_08697_,276.78µm
accelerator_u.array_inst.acc\[3\]\[1\],276.28µm
_09991_,276.14µm
accelerator_u.mat_a_reg\[2\]\[28\],276.12µm
_12242_,276.02µm
accelerator_u.RDATA\[9\],275.94µm
net397,275.93µm
net1544,275.57µm
accelerator_u.array_inst.acc\[9\]\[2\],275.42µm
accelerator_u.RDATA\[10\],275.17µm
net1344,275.06µm
net2266,274.49µm
accelerator_u.array_inst.acc\[3\]\[2\],274.4µm
accelerator_u.array_inst.acc\[3\]\[0\],273.68µm
_10081_,273.5µm
net1364,273.16µm
clknet_5_6__leaf_clk,272.92µm
net1460,272.9µm
accelerator_u.mat_b_reg\[2\]\[4\],272.55µm
net1833,272.51µm
_09514_,272.26µm
clknet_5_7__leaf_clk,271.62µm
accelerator_u.array_inst.b_v\[6\]\[0\],271.46µm
_11768_,271.24µm
accelerator_u.mat_a_reg\[1\]\[22\],271.12µm
accelerator_u.array_inst.acc\[3\]\[13\],270.98µm
net457,270.73µm
accelerator_u.array_inst.b_v\[9\]\[3\],270.6µm
accelerator_u.mat_b_reg\[1\]\[14\],270.38µm
net1689,270.01µm
_07527_,269.93µm
_09929_,269.78µm
_08130_,269.68µm
net1521,269.5µm
clknet_5_5__leaf_clk,269.31µm
_02832_,269.29µm
_08536_,268.96µm
accelerator_u.array_inst.acc\[9\]\[1\],268.765µm
accelerator_u.array_inst.acc\[9\]\[8\],268.62µm
_09643_,268.6µm
net1375,268.48µm
accelerator_u.array_inst.acc\[2\]\[20\],268.44µm
accelerator_u.array_inst.acc\[15\]\[16\],267.66µm
_07979_,267.58µm
accelerator_u.array_inst.acc\[0\]\[15\],267.43µm
_06467_,267.05µm
accelerator_u.array_inst.acc\[3\]\[6\],266.825µm
accelerator_u.array_inst.acc\[1\]\[9\],266.525µm
net1630,266.11µm
clknet_5_2__leaf_clk,265.995µm
_09757_,265.94µm
net1471,265.66µm
net1584,265.6µm
net1809,265.325µm
net1540,265.18µm
accelerator_u.mat_b_reg\[2\]\[30\],264.43µm
accelerator_u.array_inst.b_v\[5\]\[1\],264.26µm
net1525,264.165µm
net1747,263.68µm
net1598,263.24µm
net367,263.11µm
_09988_,263.1µm
net1470,262.44µm
_12649_,262.33µm
accelerator_u.array_inst.acc\[0\]\[23\],262.23µm
net1850,262.22µm
accelerator_u.array_inst.acc\[8\]\[9\],261.7µm
_07823_,261.6µm
net1992,261.32µm
_09914_,260.92µm
clknet_5_16__leaf_clk,260.8µm
accelerator_u.array_inst.acc\[8\]\[7\],260.7µm
accelerator_u.array_inst.acc\[8\]\[8\],260.305µm
_07751_,260.125µm
accelerator_u.array_inst.acc\[15\]\[24\],260.04µm
clknet_5_22__leaf_clk,260.01µm
net390,259.81µm
_11224_,259.495µm
_10301_,259.12µm
net321,258.84µm
accelerator_u.array_inst.acc\[10\]\[8\],258.68µm
accelerator_u.array_inst.b_v\[9\]\[2\],258.55µm
_10687_,258.525µm
accelerator_u.array_inst.acc\[2\]\[0\],258.5µm
_06721_,258.42µm
accelerator_u.array_inst.acc\[4\]\[8\],258.37µm
net1653,258.31µm
_11207_,258.27µm
net1991,258.25µm
accelerator_u.array_inst.acc\[0\]\[8\],257.875µm
net1416,257.86µm
net1703,257.78µm
net1854,257.7µm
accelerator_u.mat_b_reg\[2\]\[0\],257.64µm
accelerator_u.array_inst.b_v\[8\]\[3\],257.47µm
accelerator_u.WDATA\[28\],257.16µm
net1591,256.84µm
accelerator_u.array_inst.b_v\[9\]\[5\],256.81µm
accelerator_u.mat_b_reg\[1\]\[27\],256.74µm
_10324_,256.49µm
clknet_5_4__leaf_clk,256.46µm
net1677,256.33µm
net1469,256.27µm
_09832_,256.05µm
net1755,255.95µm
net1356,255.73µm
_09931_,255.68µm
accelerator_u.mat_a_reg\[1\]\[1\],255.26µm
accelerator_u.array_inst.acc\[15\]\[14\],255.195µm
accelerator_u.array_inst.a_h\[16\]\[5\],255.16µm
net1348,254.82µm
_10710_,254.105µm
accelerator_u.RDATA\[15\],253.95µm
_07084_,253.8µm
net1824,253.75µm
net396,253.58µm
_08470_,253.41µm
accelerator_u.array_inst.acc\[15\]\[17\],253.36µm
net448,253.34µm
net364,253.24µm
accelerator_u.array_inst.acc\[13\]\[13\],253.21µm
_10399_,253.18µm
_09234_,253.12µm
accelerator_u.WDATA\[25\],252.94µm
net1899,252.68µm
net1549,252.3µm
net1579,252.3µm
net1462,251.98µm
_08617_,251.57µm
net1473,251.36µm
accelerator_u.array_inst.acc\[4\]\[9\],251.26µm
accelerator_u.mat_a_reg\[0\]\[5\],251.22µm
net1354,251.1µm
net2336,251.04µm
_09975_,250.96µm
_11229_,250.9µm
accelerator_u.array_inst.acc\[9\]\[0\],250.445µm
net323,250.4µm
net1604,250.16µm
net2203,250.02µm
net381,249.97µm
net1571,249.86µm
net1504,249.7µm
accelerator_u.mat_b_reg\[1\]\[6\],249.5µm
_09739_,249.44µm
accelerator_u.mat_b_reg\[0\]\[14\],249.305µm
accelerator_u.array_inst.b_v\[5\]\[0\],248.6µm
net1400,248.56µm
accelerator_u.array_inst.acc\[5\]\[16\],248.4µm
net1490,248.25µm
net1831,248.16µm
accelerator_u.array_inst.acc\[10\]\[14\],247.945µm
accelerator_u.array_inst.acc\[10\]\[17\],247.46µm
net1892,247.42µm
accelerator_u.array_inst.acc\[14\]\[0\],247.06µm
accelerator_u.array_inst.acc\[0\]\[11\],246.88µm
net1397,246.48µm
_02845_,246.4µm
net1863,246.265µm
accelerator_u.array_inst.acc\[14\]\[9\],246.24µm
accelerator_u.array_inst.a_h\[16\]\[6\],246.15µm
net1830,245.74µm
net1841,245.66µm
net352,245.52µm
_09875_,245.44µm
net2214,245µm
accelerator_u.mat_b_reg\[2\]\[3\],244.94µm
accelerator_u.array_inst.acc\[8\]\[13\],244.74µm
net2244,244.53µm
_12230_,244.24µm
net1466,244.135µm
accelerator_u.array_inst.acc\[11\]\[0\],244.04µm
net464,243.7µm
_08369_,243.12µm
net2005,243.02µm
accelerator_u.array_inst.acc\[0\]\[7\],243µm
net1898,242.95µm
net1597,242.89µm
accelerator_u.array_inst.acc\[0\]\[12\],242.54µm
accelerator_u.mat_b_reg\[1\]\[11\],242.07µm
accelerator_u.array_inst.acc\[7\]\[19\],241.6µm
accelerator_u.array_inst.acc\[5\]\[22\],241.58µm
net1491,241.27µm
accelerator_u.array_inst.acc\[12\]\[12\],241.14µm
_07079_,241.08µm
clknet_5_15__leaf_clk,240.96µm
accelerator_u.array_inst.acc\[11\]\[10\],240.92µm
accelerator_u.array_inst.acc\[7\]\[3\],240.38µm
accelerator_u.array_inst.acc\[15\]\[0\],240.02µm
_10715_,239.87µm
accelerator_u.array_inst.acc\[10\]\[12\],239.81µm
_07965_,239.57µm
_08422_,239.4µm
accelerator_u.mat_b_reg\[1\]\[5\],239.365µm
_10076_,239.24µm
accelerator_u.mat_a_reg\[3\]\[27\],239.23µm
accelerator_u.array_inst.acc\[8\]\[10\],238.985µm
accelerator_u.array_inst.acc\[10\]\[10\],238.835µm
net2311,238.61µm
net1893,238.59µm
accelerator_u.array_inst.acc\[0\]\[17\],238.38µm
accelerator_u.array_inst.acc\[8\]\[24\],238.305µm
accelerator_u.mat_a_reg\[0\]\[8\],238.28µm
net394,238.12µm
accelerator_u.mat_a_reg\[0\]\[6\],237.68µm
net380,237.39µm
net385,237.37µm
accelerator_u.array_inst.acc\[4\]\[7\],237.36µm
clknet_5_8__leaf_clk,237.01µm
clknet_5_19__leaf_clk,236.8µm
net1782,236.56µm
net1511,236.48µm
_07012_,236.3µm
clknet_5_1__leaf_clk,236.04µm
net1529,235.94µm
accelerator_u.array_inst.b_v\[6\]\[1\],235.86µm
accelerator_u.array_inst.acc\[13\]\[0\],235.68µm
net1691,235.28µm
accelerator_u.mat_a_reg\[1\]\[16\],235.28µm
accelerator_u.mat_a_reg\[1\]\[28\],235.065µm
net2256,235.02µm
_07765_,235.02µm
accelerator_u.mat_a_reg\[1\]\[27\],234.3µm
accelerator_u.array_inst.acc\[11\]\[6\],234.12µm
net1403,233.86µm
accelerator_u.mat_b_reg\[2\]\[1\],233.805µm
accelerator_u.array_inst.acc\[8\]\[6\],233.76µm
_09785_,233.635µm
accelerator_u.array_inst.acc\[2\]\[1\],233.5µm
accelerator_u.array_inst.acc\[12\]\[24\],233.425µm
net393,233.29µm
accelerator_u.array_inst.acc\[0\]\[18\],233.26µm
clknet_5_11__leaf_clk,233.12µm
_09942_,233.045µm
net2328,232.9µm
net1477,232.845µm
accelerator_u.array_inst.acc\[9\]\[11\],232.82µm
net1457,232.6µm
net1467,232.34µm
accelerator_u.mat_a_reg\[1\]\[0\],232.22µm
accelerator_u.array_inst.acc\[1\]\[4\],232.16µm
clknet_5_14__leaf_clk,232.08µm
_02868_,232.04µm
net1896,231.88µm
_08991_,231.2µm
net446,230.965µm
accelerator_u.mat_b_reg\[2\]\[15\],230.96µm
net449,230.84µm
net345,230.67µm
accelerator_u.RDATA\[27\],230.58µm
accelerator_u.array_inst.acc\[15\]\[9\],230.4µm
accelerator_u.mat_a_reg\[3\]\[24\],229.5µm
accelerator_u.mat_b_reg\[0\]\[5\],229.265µm
accelerator_u.mat_b_reg\[1\]\[26\],228.505µm
_11733_,228.34µm
_07891_,228.22µm
_09383_,228.05µm
accelerator_u.mat_b_reg\[0\]\[12\],227.76µm
accelerator_u.array_inst.acc\[2\]\[11\],227.49µm
net478,227.43µm
net318,227.29µm
_06470_,227.24µm
accelerator_u.array_inst.acc\[7\]\[21\],227.02µm
accelerator_u.array_inst.acc\[2\]\[12\],226.92µm
accelerator_u.done_reg,226.88µm
accelerator_u.array_inst.acc\[10\]\[6\],226.735µm
accelerator_u.array_inst.b_v\[10\]\[3\],226.42µm
_09381_,226.26µm
_11215_,226.14µm
accelerator_u.array_inst.acc\[10\]\[9\],226.12µm
net2094,226.12µm
_06897_,225.94µm
_10724_,225.86µm
accelerator_u.array_inst.acc\[14\]\[12\],225.8µm
net2321,225.75µm
net1559,225.72µm
net1475,225.52µm
net1575,225.285µm
accelerator_u.array_inst.b_v\[9\]\[0\],225.235µm
_07105_,225.21µm
accelerator_u.array_inst.acc\[13\]\[17\],225.18µm
accelerator_u.array_inst.b_v\[11\]\[7\],225.12µm
net1871,224.97µm
_10055_,224.94µm
_04558_,224.9µm
clknet_5_28__leaf_clk,224.8µm
net1823,224.48µm
accelerator_u.array_inst.acc\[0\]\[0\],224.38µm
net477,224.38µm
_10099_,224.36µm
clknet_5_30__leaf_clk,224.16µm
accelerator_u.array_inst.acc\[11\]\[15\],224.075µm
net1547,223.88µm
accelerator_u.array_inst.acc\[8\]\[20\],223.845µm
_10729_,223.74µm
accelerator_u.array_inst.acc\[0\]\[31\],223.62µm
accelerator_u.array_inst.acc\[15\]\[22\],223.52µm
net1683,222.66µm
net1750,222.59µm
_04495_,222.15µm
_11741_,222.1µm
net1543,222.04µm
clknet_5_21__leaf_clk,221.76µm
_12236_,221.42µm
_05733_,221.4µm
_05753_,221.16µm
accelerator_u.array_inst.acc\[10\]\[13\],221.08µm
accelerator_u.array_inst.acc\[15\]\[29\],221.01µm
accelerator_u.array_inst.acc\[10\]\[2\],220.925µm
_11725_,220.865µm
accelerator_u.array_inst.acc\[2\]\[3\],220.83µm
net1603,220.78µm
net1510,220.78µm
accelerator_u.array_inst.b_v\[6\]\[7\],220.76µm
_12700_,220.61µm
net1885,220.52µm
_06776_,220.24µm
accelerator_u.array_inst.acc\[1\]\[17\],220.22µm
accelerator_u.array_inst.acc\[8\]\[22\],220.085µm
_04102_,219.42µm
net324,219.33µm
net1698,219.14µm
accelerator_u.mat_a_reg\[2\]\[24\],219.14µm
_07772_,219.01µm
clknet_5_26__leaf_clk,218.77µm
net1427,218.745µm
net1429,218.63µm
net331,218.29µm
net2187,218.28µm
_02831_,218.26µm
_11724_,218.1µm
_04090_,217.76µm
accelerator_u.mat_b_reg\[1\]\[8\],217.74µm
_09880_,217.62µm
accelerator_u.array_inst.acc\[2\]\[15\],217.6µm
accelerator_u.mat_b_reg\[2\]\[18\],217.3µm
net2073,217.11µm
net1654,216.705µm
_07822_,216.34µm
accelerator_u.array_inst.acc\[4\]\[6\],216.205µm
accelerator_u.array_inst.acc\[0\]\[30\],216.14µm
clknet_5_23__leaf_clk,215.72µm
net2001,215.5µm
accelerator_u.array_inst.acc\[4\]\[28\],215.265µm
net1742,215.245µm
accelerator_u.array_inst.a_h\[2\]\[1\],214.82µm
net443,214.31µm
_10229_,214.24µm
net320,214.19µm
_10683_,214.1µm
net1789,213.74µm
accelerator_u.array_inst.acc\[4\]\[14\],213.715µm
net1887,213.7µm
net1770,213.49µm
_08985_,213.37µm
_07115_,213.3µm
net2186,213.12µm
_02837_,212.92µm
accelerator_u.mat_b_reg\[2\]\[7\],212.78µm
accelerator_u.array_inst.acc\[11\]\[24\],212.715µm
net1508,212.63µm
accelerator_u.mat_a_reg\[2\]\[26\],212.45µm
net1821,212.44µm
_10170_,212.44µm
_08342_,212.2µm
net1642,212.18µm
net2167,211.4µm
accelerator_u.mat_b_reg\[2\]\[12\],211.36µm
net1545,211.29µm
net1453,211.215µm
net1891,211.1µm
_09827_,210.845µm
accelerator_u.array_inst.acc\[2\]\[2\],210.48µm
accelerator_u.array_inst.acc\[10\]\[1\],209.925µm
accelerator_u.array_inst.b_v\[9\]\[1\],209.86µm
accelerator_u.array_inst.acc\[8\]\[12\],209.565µm
_12220_,209.53µm
_08900_,209.415µm
accelerator_u.array_inst.b_v\[6\]\[6\],209.37µm
_09541_,209.36µm
net1550,209.24µm
net1870,209.23µm
accelerator_u.mat_b_reg\[0\]\[19\],209.07µm
accelerator_u.array_inst.acc\[2\]\[17\],209.04µm
accelerator_u.mat_b_reg\[0\]\[27\],209.02µm
accelerator_u.array_inst.acc\[13\]\[3\],208.96µm
_02394_,208.68µm
net2014,208.68µm
accelerator_u.array_inst.a_h\[16\]\[3\],208.52µm
_10021_,208.36µm
net1900,208.31µm
_09987_,208.22µm
net1395,208.21µm
accelerator_u.array_inst.acc\[10\]\[7\],208.18µm
net1766,207.88µm
_06461_,207.155µm
accelerator_u.array_inst.acc\[13\]\[24\],206.58µm
net1476,206.36µm
accelerator_u.array_inst.acc\[2\]\[6\],206.18µm
accelerator_u.mat_a_reg\[2\]\[25\],205.72µm
net425,205.54µm
accelerator_u.array_inst.acc\[2\]\[9\],205.5µm
net2071,205.46µm
net435,205.44µm
net1542,205.37µm
accelerator_u.array_inst.acc\[9\]\[12\],205.12µm
net438,205.09µm
net2108,204.87µm
net1590,204.85µm
net2335,204.78µm
net2013,204.71µm
accelerator_u.mat_b_reg\[1\]\[22\],204.52µm
accelerator_u.RDATA\[26\],204.32µm
net1500,204.175µm
_11760_,204.1µm
net356,203.92µm
accelerator_u.array_inst.acc\[10\]\[0\],203.64µm
_10245_,203.58µm
accelerator_u.array_inst.acc\[15\]\[20\],203.51µm
_08046_,203.42µm
net1694,203.35µm
net2000,203.345µm
net1888,203.33µm
_10201_,203.24µm
net1670,203.225µm
net1702,202.76µm
accelerator_u.array_inst.acc\[9\]\[13\],202.505µm
accelerator_u.array_inst.acc\[15\]\[12\],202.32µm
_06868_,202.24µm
net1430,201.99µm
accelerator_u.mat_a_reg\[1\]\[25\],201.95µm
accelerator_u.array_inst.acc\[2\]\[13\],201.92µm
_10036_,201.36µm
net444,201.23µm
_02860_,201.22µm
accelerator_u.array_inst.b_v\[10\]\[6\],201.18µm
accelerator_u.array_inst.acc\[15\]\[28\],201.06µm
net1886,200.84µm
net1420,200.83µm
accelerator_u.array_inst.acc\[5\]\[17\],200.795µm
accelerator_u.array_inst.acc\[15\]\[21\],199.65µm
accelerator_u.array_inst.acc\[2\]\[19\],199.6µm
accelerator_u.mat_b_reg\[3\]\[17\],199.54µm
accelerator_u.mat_b_reg\[2\]\[24\],199.425µm
_06765_,199.42µm
_07791_,199.405µm
net2006,199.39µm
net2309,199.325µm
accelerator_u.array_inst.acc\[6\]\[9\],199.205µm
net2194,199.2µm
_10016_,199.08µm
accelerator_u.array_inst.acc\[0\]\[19\],198.22µm
net2053,198.22µm
accelerator_u.array_inst.acc\[14\]\[10\],197.84µm
accelerator_u.array_inst.b_v\[10\]\[7\],197.63µm
net1787,197.54µm
net1406,197.38µm
net2003,196.84µm
accelerator_u.array_inst.acc\[11\]\[29\],196.8µm
net1827,196.78µm
net1394,196.72µm
_08986_,196.485µm
_06967_,196.46µm
net1890,196.37µm
accelerator_u.array_inst.b_v\[7\]\[1\],195.76µm
accelerator_u.array_inst.acc\[11\]\[1\],195.66µm
accelerator_u.mat_a_reg\[3\]\[29\],195.4µm
accelerator_u.array_inst.a_h\[1\]\[7\],195.3µm
net1565,195.06µm
accelerator_u.array_inst.acc\[8\]\[14\],194.82µm
_12703_,194.66µm
_04546_,194.645µm
net2067,194.495µm
clknet_5_25__leaf_clk,194.47µm
_10137_,194.25µm
net1396,194.2µm
net2162,194.11µm
_09069_,194.06µm
net2188,193.72µm
clknet_5_27__leaf_clk,193.58µm
net1450,193.41µm
net2002,193.12µm
net1587,193.03µm
_09982_,192.8µm
accelerator_u.array_inst.a_h\[1\]\[6\],192.78µm
accelerator_u.array_inst.acc\[9\]\[3\],192.34µm
_12684_,191.665µm
accelerator_u.array_inst.acc\[9\]\[4\],191.56µm
accelerator_u.mat_b_reg\[1\]\[28\],191.5µm
accelerator_u.mat_a_reg\[0\]\[11\],191.265µm
net1692,191.24µm
_02830_,191.12µm
net1376,191.1µm
net2004,190.96µm
accelerator_u.array_inst.acc\[1\]\[22\],190.91µm
_11732_,190.83µm
accelerator_u.array_inst.acc\[12\]\[8\],190.74µm
accelerator_u.mat_a_reg\[2\]\[27\],190.62µm
net2190,190.6µm
accelerator_u.array_inst.acc\[13\]\[5\],190.38µm
net1388,190.3µm
_12683_,190.26µm
accelerator_u.mat_b_reg\[2\]\[20\],190.18µm
net329,190.17µm
net1493,190.115µm
accelerator_u.array_inst.b_v\[10\]\[2\],190.08µm
clknet_5_24__leaf_clk,190.04µm
net1555,189.865µm
_09878_,189.68µm
_09071_,189.61µm
accelerator_u.RDATA\[19\],189.58µm
accelerator_u.array_inst.acc\[13\]\[20\],189.5µm
accelerator_u.mat_b_reg\[2\]\[9\],189.405µm
net1528,189.355µm
net1552,189.22µm
_09790_,189.1µm
_08526_,189.055µm
accelerator_u.array_inst.b_v\[12\]\[5\],188.78µm
accelerator_u.array_inst.acc\[0\]\[24\],188.66µm
accelerator_u.array_inst.acc\[9\]\[29\],188.505µm
accelerator_u.mat_b_reg\[3\]\[19\],188.36µm
_09810_,188.32µm
_12227_,187.985µm
accelerator_u.array_inst.acc\[13\]\[11\],187.9µm
_09161_,187.8µm
accelerator_u.array_inst.acc\[0\]\[21\],187.46µm
accelerator_u.mat_b_reg\[3\]\[28\],187.2µm
net2065,187.15µm
net340,186.94µm
accelerator_u.mat_b_reg\[0\]\[13\],186.88µm
_09954_,186.86µm
net1497,186.82µm
_08254_,186.58µm
accelerator_u.array_inst.acc\[2\]\[5\],186.5µm
net1367,186.31µm
net1472,186.13µm
_10659_,186.02µm
_12704_,185.98µm
accelerator_u.array_inst.acc\[15\]\[5\],185.52µm
accelerator_u.array_inst.acc\[15\]\[1\],185.3µm
net1518,185µm
_08998_,184.88µm
_10509_,184.86µm
accelerator_u.array_inst.acc\[9\]\[5\],184.84µm
_10309_,184.56µm
_08546_,184.44µm
net2308,184.415µm
net333,184.4µm
net1921,184.39µm
accelerator_u.array_inst.b_v\[10\]\[4\],184.04µm
_11245_,184.035µm
accelerator_u.array_inst.acc\[10\]\[3\],183.975µm
accelerator_u.mat_b_reg\[3\]\[3\],183.72µm
clknet_5_31__leaf_clk,183.64µm
accelerator_u.mat_b_reg\[3\]\[12\],183.515µm
_10063_,183.18µm
net1924,183.16µm
accelerator_u.mat_a_reg\[0\]\[9\],183.08µm
accelerator_u.mat_b_reg\[0\]\[1\],183.04µm
net1601,182.84µm
net1487,182.81µm
net1999,182.76µm
_08579_,182.44µm
accelerator_u.array_inst.acc\[15\]\[23\],182.12µm
accelerator_u.array_inst.b_v\[7\]\[4\],182.02µm
accelerator_u.array_inst.a_h\[11\]\[4\],181.665µm
net1448,181.58µm
accelerator_u.array_inst.acc\[11\]\[11\],181.51µm
accelerator_u.array_inst.acc\[9\]\[6\],181.435µm
net1761,181.38µm
accelerator_u.array_inst.a_h\[17\]\[6\],181.37µm
accelerator_u.mat_b_reg\[2\]\[21\],181.34µm
_09910_,180.84µm
accelerator_u.array_inst.acc\[9\]\[16\],180.795µm
accelerator_u.array_inst.acc\[7\]\[8\],180.68µm
net424,180.67µm
_04564_,180.66µm
_04488_,180.56µm
clknet_5_29__leaf_clk,180.42µm
accelerator_u.array_inst.acc\[15\]\[3\],180.4µm
net1811,180.335µm
net1434,180.135µm
accelerator_u.array_inst.acc\[8\]\[28\],179.815µm
net1709,179.73µm
accelerator_u.mat_a_reg\[3\]\[5\],179.72µm
_06321_,179.54µm
accelerator_u.array_inst.acc\[8\]\[17\],179.395µm
net1956,179.39µm
_07085_,179.22µm
net370,179.12µm
_06282_,178.96µm
net1756,178.935µm
_10727_,178.64µm
accelerator_u.mat_b_reg\[0\]\[24\],178.35µm
_12199_,178.205µm
accelerator_u.array_inst.acc\[2\]\[21\],178.04µm
_06794_,178.02µm
net1781,177.59µm
net2054,177.54µm
accelerator_u.array_inst.acc\[12\]\[21\],177.485µm
net336,177.38µm
net382,177.36µm
net1419,177.32µm
net436,177.3µm
_08010_,177.28µm
_10198_,177.28µm
net1754,177.15µm
_10296_,177.065µm
accelerator_u.array_inst.acc\[6\]\[27\],177.04µm
accelerator_u.array_inst.acc\[2\]\[10\],177µm
net1919,176.93µm
net1740,176.92µm
net1616,176.91µm
_07007_,176.86µm
net2077,176.62µm
_11728_,176.42µm
_07201_,176.39µm
net1436,176.34µm
accelerator_u.mat_b_reg\[0\]\[28\],176.31µm
accelerator_u.mat_a_reg\[0\]\[17\],176.22µm
net408,176.17µm
accelerator_u.array_inst.acc\[12\]\[11\],176.09µm
_11775_,176.01µm
_07727_,175.94µm
net2283,175.74µm
accelerator_u.mat_a_reg\[1\]\[9\],175.74µm
_06795_,175.64µm
net416,175.63µm
net368,175.54µm
_07877_,175.275µm
net1489,175.055µm
net445,174.83µm
accelerator_u.array_inst.acc\[7\]\[17\],174.72µm
accelerator_u.mat_b_reg\[0\]\[10\],174.68µm
_07060_,174.48µm
net1676,174.4µm
net334,174.1µm
net1732,173.98µm
_03667_,173.97µm
_11236_,173.8µm
net384,173.71µm
accelerator_u.array_inst.acc\[12\]\[29\],173.54µm
accelerator_u.mat_b_reg\[2\]\[13\],173.5µm
net1914,173.35µm
net1799,172.94µm
_10650_,172.94µm
net431,172.86µm
_09838_,172.8µm
_07061_,172.73µm
net2208,172.54µm
net458,172.51µm
accelerator_u.array_inst.acc\[6\]\[10\],172.44µm
net2041,172.44µm
clknet_leaf_152_clk,172.22µm
accelerator_u.mat_b_reg\[2\]\[23\],172.2µm
accelerator_u.array_inst.acc\[4\]\[0\],172.14µm
accelerator_u.array_inst.acc\[3\]\[7\],172.055µm
_08774_,172.04µm
accelerator_u.array_inst.b_v\[10\]\[5\],172µm
net1428,171.82µm
accelerator_u.array_inst.acc\[13\]\[8\],171.76µm
net2055,171.7µm
accelerator_u.array_inst.acc\[10\]\[4\],171.685µm
accelerator_u.array_inst.acc\[0\]\[29\],171.66µm
accelerator_u.array_inst.acc\[15\]\[11\],171.655µm
net450,171.54µm
clknet_5_9__leaf_clk,171.42µm
net2043,171.35µm
_02789_,171.33µm
accelerator_u.array_inst.acc\[1\]\[24\],171.32µm
net2056,171.32µm
accelerator_u.array_inst.acc\[15\]\[19\],171.31µm
_04474_,171.16µm
accelerator_u.mat_b_reg\[3\]\[31\],170.99µm
net1734,170.94µm
_06735_,170.885µm
accelerator_u.array_inst.acc\[12\]\[6\],170.665µm
clknet_leaf_179_clk,170.62µm
_10310_,170.58µm
net2298,170.53µm
net2009,170.505µm
accelerator_u.array_inst.acc\[12\]\[22\],170.245µm
_11756_,170.16µm
accelerator_u.array_inst.a_h\[16\]\[1\],170.13µm
net1745,170.02µm
accelerator_u.mat_b_reg\[0\]\[25\],169.42µm
accelerator_u.array_inst.acc\[7\]\[7\],169.38µm
accelerator_u.RDATA\[21\],169.12µm
_02368_,168.86µm
_06855_,168.76µm
net1461,168.75µm
accelerator_u.array_inst.acc\[9\]\[24\],168.665µm
net2042,168.62µm
net2012,168.44µm
accelerator_u.array_inst.acc\[3\]\[11\],168.4µm
_13158_,168.32µm
net1433,168.1µm
_02373_,168.06µm
net2152,168.035µm
_06646_,167.94µm
_08155_,167.94µm
net1981,167.88µm
net1760,167.78µm
net2178,167.74µm
net2007,167.68µm
imem_data[15],167.48µm
accelerator_u.array_inst.acc\[13\]\[7\],167.43µm
net1449,167.28µm
_06462_,167.28µm
_06594_,167.28µm
net351,167.21µm
accelerator_u.array_inst.acc\[1\]\[21\],166.8µm
accelerator_u.array_inst.acc\[6\]\[13\],166.72µm
accelerator_u.array_inst.acc\[12\]\[0\],166.715µm
net1812,166.64µm
_05704_,166.64µm
net1572,165.925µm
clknet_leaf_180_clk,165.895µm
accelerator_u.array_inst.acc\[12\]\[3\],165.885µm
_08185_,165.86µm
net433,165.7µm
_06188_,165.615µm
accelerator_u.mat_b_reg\[0\]\[11\],165.6µm
_10267_,165.5µm
_04578_,165.36µm
net1788,165.18µm
_10127_,165.18µm
_04429_,165.02µm
accelerator_u.array_inst.a_h\[17\]\[7\],164.99µm
_03248_,164.98µm
accelerator_u.mat_b_reg\[3\]\[4\],164.875µm
accelerator_u.mat_a_reg\[0\]\[14\],164.86µm
accelerator_u.mat_b_reg\[3\]\[24\],164.86µm
accelerator_u.array_inst.a_h\[3\]\[4\],164.84µm
net338,164.77µm
net1537,164.675µm
net1820,164.605µm
net1424,164.24µm
_10199_,164.2µm
_06661_,164.17µm
_06819_,164.12µm
accelerator_u.RDATA\[24\],164.12µm
_10024_,164.08µm
_10318_,164.04µm
net1980,164.02µm
accelerator_u.array_inst.b_v\[7\]\[6\],163.8µm
accelerator_u.array_inst.acc\[1\]\[2\],163.64µm
net1777,163.56µm
net1678,163.2µm
_09906_,163.06µm
net474,162.98µm
net1499,162.97µm
net1943,162.94µm
accelerator_u.RDATA\[29\],162.76µm
_06966_,162.66µm
_09756_,162.455µm
_09199_,162.37µm
accelerator_u.array_inst.acc\[12\]\[20\],162.26µm
accelerator_u.mat_a_reg\[2\]\[29\],162.26µm
accelerator_u.array_inst.acc\[1\]\[29\],162.12µm
net1965,162.08µm
accelerator_u.mat_a_reg\[0\]\[24\],162µm
net1440,161.91µm
accelerator_u.array_inst.acc\[15\]\[18\],161.805µm
net322,161.77µm
_09923_,161.67µm
net2044,161.67µm
_10669_,161.54µm
_10173_,161.3µm
accelerator_u.mat_a_reg\[3\]\[31\],161.23µm
_09966_,161.2µm
_06192_,161.06µm
_06747_,161.02µm
net1494,160.9µm
_10275_,160.76µm
_10690_,160.74µm
_09927_,160.62µm
net1721,160.495µm
_10185_,160.34µm
accelerator_u.array_inst.acc\[3\]\[14\],160.22µm
net1802,160.12µm
accelerator_u.array_inst.acc\[2\]\[22\],160.1µm
net2008,160.06µm
accelerator_u.array_inst.a_h\[7\]\[7\],160.03µm
_09005_,159.95µm
_08315_,159.9µm
net1947,159.84µm
_06608_,159.825µm
net1695,159.78µm
net1558,159.235µm
net429,159.17µm
accelerator_u.array_inst.b_v\[7\]\[2\],158.99µm
_04457_,158.88µm
net2303,158.68µm
net1940,158.53µm
net303,158.52µm
net1594,158.39µm
_09124_,158.355µm
accelerator_u.array_inst.b_v\[8\]\[0\],158.3µm
_05371_,158.28µm
net1840,158.12µm
accelerator_u.RDATA\[22\],158.095µm
net1868,158.05µm
net365,157.69µm
accelerator_u.step\[4\],157.52µm
_12221_,157.44µm
net1951,157.26µm
accelerator_u.mat_b_reg\[1\]\[15\],157.18µm
net1699,157.15µm
accelerator_u.array_inst.a_h\[3\]\[3\],157.08µm
clknet_leaf_204_clk,157.04µm
net1995,157.04µm
accelerator_u.array_inst.acc\[11\]\[13\],156.82µm
net1425,156.75µm
_12710_,156.62µm
_04523_,156.41µm
_10581_,156.38µm
net1933,156.26µm
net471,156.22µm
accelerator_u.array_inst.acc\[14\]\[14\],156.14µm
net411,156.12µm
net1963,156.075µm
accelerator_u.array_inst.acc\[13\]\[31\],156.045µm
_06944_,155.7µm
accelerator_u.RDATA\[20\],155.405µm
clknet_leaf_7_clk,155.32µm
_12209_,155.32µm
net1426,155.225µm
net2253,155.14µm
_06729_,154.67µm
accelerator_u.array_inst.acc\[1\]\[12\],154.54µm
_09946_,154.5µm
clknet_leaf_41_clk,154.26µm
net1837,154.255µm
net1527,154.17µm
_06630_,154.165µm
_11241_,154.12µm
_13019_,154.04µm
_08772_,154.015µm
net2016,153.985µm
_10040_,153.94µm
_10675_,153.8µm
net1805,153.72µm
net1446,153.66µm
accelerator_u.array_inst.acc\[4\]\[1\],153.64µm
net2264,153.48µm
net1421,153.445µm
net1982,153.34µm
accelerator_u.array_inst.a_h\[18\]\[2\],153.28µm
net1573,153.2µm
accelerator_u.RDATA\[16\],153.12µm
net1560,153.1µm
net459,152.97µm
_11764_,152.88µm
_10242_,152.86µm
_08168_,152.74µm
_11227_,152.7µm
net343,152.7µm
accelerator_u.array_inst.a_h\[3\]\[1\],152.25µm
net2258,151.94µm
accelerator_u.array_inst.acc\[11\]\[14\],151.94µm
net1638,151.85µm
accelerator_u.array_inst.acc\[3\]\[8\],151.8µm
clknet_leaf_194_clk,151.78µm
clknet_leaf_161_clk,151.74µm
_10087_,151.62µm
accelerator_u.array_inst.acc\[1\]\[19\],151.62µm
_10435_,151.4µm
_06956_,151.22µm
net2010,151.22µm
_10361_,151.06µm
accelerator_u.mat_b_reg\[1\]\[17\],150.925µm
net1927,150.9µm
net2060,150.88µm
accelerator_u.array_inst.acc\[5\]\[24\],150.88µm
_13048_,150.84µm
net369,150.82µm
_07038_,150.76µm
accelerator_u.array_inst.acc\[9\]\[14\],150.72µm
_12226_,150.57µm
_11208_,150.51µm
_04403_,150.34µm
accelerator_u.array_inst.acc\[6\]\[25\],150.34µm
net2207,150.3µm
_10156_,150.28µm
net1978,150.28µm
accelerator_u.RDATA\[18\],150.16µm
accelerator_u.array_inst.acc\[12\]\[23\],150.125µm
_06990_,150.12µm
_07927_,150.12µm
net1977,150.1µm
accelerator_u.array_inst.acc\[14\]\[29\],149.94µm
net1941,149.94µm
_04500_,149.86µm
accelerator_u.mat_b_reg\[3\]\[25\],149.86µm
_10244_,149.84µm
accelerator_u.mat_a_reg\[0\]\[27\],149.75µm
accelerator_u.array_inst.acc\[12\]\[2\],149.72µm
accelerator_u.array_inst.acc\[10\]\[5\],149.665µm
net1944,149.57µm
accelerator_u.mat_a_reg\[1\]\[30\],149.48µm
_09926_,149.26µm
net1769,149.1µm
accelerator_u.array_inst.acc\[3\]\[31\],149µm
net337,149µm
net348,148.97µm
_12207_,148.76µm
accelerator_u.array_inst.b_v\[8\]\[1\],148.66µm
accelerator_u.mat_a_reg\[1\]\[21\],148.585µm
_09857_,148.56µm
_06296_,148.46µm
net1845,148.46µm
clknet_leaf_15_clk,148.42µm
_02790_,148.38µm
net392,148.22µm
accelerator_u.array_inst.acc\[12\]\[28\],148.125µm
accelerator_u.mat_a_reg\[0\]\[12\],148.1µm
_04496_,147.275µm
_10061_,147.24µm
accelerator_u.array_inst.acc\[6\]\[11\],147.225µm
net2017,147.22µm
net1768,147.2µm
_10700_,146.66µm
_06346_,146.64µm
net1451,146.51µm
_10288_,146.5µm
net413,146.36µm
_12695_,146.32µm
_06655_,146.24µm
_09862_,146.14µm
clknet_leaf_149_clk,145.73µm
clknet_leaf_14_clk,145.54µm
net2015,145.45µm
_10129_,145.44µm
net1728,145.35µm
_10270_,145.335µm
_09978_,145.28µm
accelerator_u.mat_a_reg\[0\]\[26\],145.24µm
net1523,145.08µm
net1848,144.98µm
accelerator_u.array_inst.a_h\[18\]\[1\],144.78µm
_10792_,144.74µm
_11720_,144.74µm
net1415,144.69µm
clknet_leaf_158_clk,144.56µm
accelerator_u.mat_b_reg\[2\]\[22\],144.44µm
clknet_leaf_186_clk,144.4µm
net1418,144.32µm
accelerator_u.array_inst.a_h\[13\]\[2\],144.18µm
net1915,144.16µm
accelerator_u.array_inst.a_h\[13\]\[1\],144.12µm
_05678_,144.04µm
_10272_,144.02µm
accelerator_u.array_inst.acc\[7\]\[9\],143.99µm
net2033,143.94µm
accelerator_u.array_inst.acc\[11\]\[23\],143.92µm
_11747_,143.9µm
clknet_leaf_20_clk,143.88µm
net1961,143.88µm
net1711,143.76µm
_10130_,143.74µm
_12217_,143.54µm
net2254,143.47µm
net2057,143.4µm
net1948,143.38µm
_10856_,143.32µm
net1389,143.26µm
_06920_,143.16µm
accelerator_u.array_inst.a_h\[18\]\[0\],143.16µm
_06605_,142.84µm
accelerator_u.mat_a_reg\[2\]\[9\],142.84µm
accelerator_u.mat_b_reg\[1\]\[25\],142.84µm
accelerator_u.array_inst.acc\[12\]\[7\],142.835µm
_10180_,142.77µm
clknet_leaf_196_clk,142.54µm
net1945,142.38µm
accelerator_u.mat_a_reg\[1\]\[19\],142.36µm
net310,142.35µm
_02362_,142.31µm
_10289_,142.14µm
_10398_,142.08µm
net1647,142.07µm
clknet_leaf_135_clk,141.94µm
accelerator_u.array_inst.a_h\[17\]\[2\],141.94µm
accelerator_u.array_inst.acc\[11\]\[22\],141.86µm
_10193_,141.8µm
accelerator_u.array_inst.acc\[11\]\[2\],141.6µm
net1918,141.6µm
accelerator_u.array_inst.a_h\[3\]\[5\],141.58µm
accelerator_u.array_inst.b_v\[11\]\[0\],141.57µm
_06828_,141.56µm
accelerator_u.array_inst.a_h\[13\]\[4\],141.475µm
clknet_leaf_162_clk,141.46µm
net1964,141.46µm
net1422,141.43µm
accelerator_u.array_inst.acc\[1\]\[25\],141.24µm
_08993_,141.18µm
net1714,141.16µm
accelerator_u.mat_a_reg\[2\]\[3\],141.04µm
_06503_,141.025µm
_06540_,140.98µm
net1911,140.94µm
net1955,140.78µm
accelerator_u.array_inst.acc\[11\]\[8\],140.76µm
accelerator_u.mat_b_reg\[2\]\[10\],140.72µm
net428,140.65µm
accelerator_u.array_inst.acc\[14\]\[27\],140.6µm
clknet_leaf_154_clk,140.36µm
_10030_,140.26µm
accelerator_u.RDATA\[17\],140.18µm
accelerator_u.mat_b_reg\[1\]\[29\],140.165µm
accelerator_u.array_inst.a_h\[2\]\[3\],140.095µm
net1793,139.975µm
net2032,139.92µm
net1384,139.62µm
net461,139.45µm
net1849,139.4µm
_10003_,139.22µm
net1326,139.2µm
clknet_leaf_0_clk,139.14µm
accelerator_u.mat_a_reg\[1\]\[15\],139.085µm
_08999_,138.98µm
accelerator_u.array_inst.acc\[15\]\[6\],138.84µm
net2045,138.72µm
accelerator_u.array_inst.a_h\[6\]\[7\],138.67µm
net362,138.66µm
_06802_,138.64µm
accelerator_u.array_inst.a_h\[8\]\[7\],138.62µm
net1966,138.52µm
_06621_,138.42µm
_06582_,138.38µm
_07731_,138.3µm
clknet_leaf_185_clk,138.12µm
accelerator_u.mat_a_reg\[3\]\[19\],138.105µm
accelerator_u.array_inst.acc\[13\]\[2\],138.04µm
_11755_,137.92µm
accelerator_u.mat_a_reg\[2\]\[8\],137.78µm
imem_data[23],137.73µm
accelerator_u.mat_a_reg\[0\]\[16\],137.62µm
_07831_,137.55µm
accelerator_u.array_inst.acc\[0\]\[20\],137.52µm
_07740_,137.47µm
accelerator_u.mat_a_reg\[1\]\[17\],137.28µm
clknet_leaf_171_clk,137.14µm
accelerator_u.array_inst.a_h\[1\]\[0\],137.03µm
_06989_,137.01µm
_06531_,136.98µm
net1739,136.91µm
net1946,136.9µm
accelerator_u.mat_a_reg\[1\]\[20\],136.8µm
accelerator_u.mat_b_reg\[3\]\[27\],136.76µm
accelerator_u.mat_b_reg\[1\]\[9\],136.54µm
_06671_,136.44µm
accelerator_u.mat_a_reg\[1\]\[3\],136.38µm
accelerator_u.array_inst.acc\[14\]\[25\],136.35µm
clknet_leaf_175_clk,136.22µm
net1582,136.16µm
net1681,136.1µm
_10680_,136.08µm
_06896_,136.02µm
_06415_,135.98µm
net1912,135.92µm
net1936,135.81µm
accelerator_u.array_inst.a_h\[13\]\[0\],135.8µm
_09937_,135.72µm
accelerator_u.array_inst.acc\[10\]\[19\],135.66µm
clknet_leaf_146_clk,135.615µm
net1390,135.48µm
_09852_,135.39µm
_09777_,135.18µm
accelerator_u.mat_b_reg\[3\]\[23\],135.18µm
accelerator_u.array_inst.acc\[2\]\[23\],135.16µm
net1953,135.11µm
net1519,135.1µm
net1913,134.96µm
net402,134.82µm
accelerator_u.array_inst.a_h\[7\]\[4\],134.63µm
accelerator_u.array_inst.b_v\[5\]\[3\],134.5µm
_06376_,134.46µm
net2282,134.21µm
net1979,134.14µm
net1783,134.135µm
accelerator_u.mat_a_reg\[1\]\[10\],134.065µm
accelerator_u.array_inst.a_h\[16\]\[0\],134.055µm
_09743_,133.94µm
net1382,133.76µm
accelerator_u.array_inst.b_v\[14\]\[7\],133.72µm
accelerator_u.array_inst.acc\[6\]\[2\],133.655µm
net1776,133.485µm
_10734_,133.48µm
net1713,133.33µm
_10706_,133.24µm
accelerator_u.mat_a_reg\[0\]\[15\],133.24µm
_10017_,133.2µm
clknet_leaf_173_clk,132.66µm
_12699_,132.62µm
accelerator_u.array_inst.a_h\[13\]\[7\],132.56µm
accelerator_u.array_inst.acc\[12\]\[9\],132.44µm
accelerator_u.RDATA\[25\],132.22µm
accelerator_u.array_inst.acc\[5\]\[12\],132.18µm
clknet_leaf_197_clk,132.14µm
_08436_,132.02µm
accelerator_u.array_inst.acc\[7\]\[4\],131.99µm
accelerator_u.array_inst.a_h\[16\]\[7\],131.85µm
net1985,131.68µm
_06813_,131.6µm
_00194_,131.58µm
net1478,131.54µm
accelerator_u.array_inst.b_v\[11\]\[6\],131.51µm
net1553,131.41µm
clknet_leaf_202_clk,131.38µm
net1741,131.375µm
_06145_,131.36µm
accelerator_u.mat_b_reg\[1\]\[20\],131.34µm
clknet_leaf_129_clk,131.14µm
_06715_,131.14µm
net2257,131.06µm
accelerator_u.mat_b_reg\[3\]\[29\],131.02µm
accelerator_u.array_inst.acc\[11\]\[9\],130.96µm
accelerator_u.array_inst.acc\[5\]\[25\],130.95µm
_09848_,130.89µm
net1954,130.88µm
accelerator_u.array_inst.acc\[0\]\[26\],130.84µm
net2327,130.83µm
clknet_leaf_163_clk,130.74µm
net1976,130.685µm
_10154_,130.6µm
_11745_,130.59µm
accelerator_u.array_inst.b_v\[12\]\[1\],130.56µm
_10300_,130.52µm
_04574_,130.44µm
accelerator_u.mat_a_reg\[2\]\[18\],130.44µm
net2292,130.41µm
accelerator_u.mat_a_reg\[1\]\[6\],130.32µm
net1969,130.315µm
accelerator_u.RDATA\[23\],130.3µm
_09836_,130.27µm
clknet_leaf_10_clk,130.26µm
net388,130.24µm
accelerator_u.array_inst.a_h\[8\]\[5\],130.19µm
_06399_,130.08µm
net1738,130.075µm
_08496_,129.96µm
net1335,129.84µm
_07851_,129.82µm
accelerator_u.mat_a_reg\[1\]\[29\],129.805µm
clknet_leaf_125_clk,129.64µm
net1819,129.64µm
net2068,129.62µm
_06835_,129.615µm
net1391,129.56µm
_09824_,129.48µm
accelerator_u.array_inst.a_h\[12\]\[2\],129.48µm
accelerator_u.mat_b_reg\[0\]\[9\],129.46µm
accelerator_u.array_inst.a_h\[12\]\[6\],129.26µm
accelerator_u.mat_a_reg\[0\]\[30\],129.24µm
_10005_,129.18µm
net1762,129.16µm
_02838_,129.14µm
accelerator_u.mat_b_reg\[1\]\[10\],129.04µm
net2072,128.96µm
accelerator_u.array_inst.acc\[7\]\[5\],128.92µm
net2025,128.87µm
clknet_leaf_198_clk,128.78µm
accelerator_u.mat_a_reg\[3\]\[1\],128.78µm
net414,128.74µm
net1379,128.68µm
net1423,128.535µm
net1682,128.475µm
_06752_,128.4µm
_06358_,128.38µm
_06974_,128.32µm
accelerator_u.array_inst.acc\[1\]\[28\],128.32µm
net1970,128.29µm
accelerator_u.array_inst.acc\[14\]\[4\],128.285µm
accelerator_u.array_inst.a_h\[11\]\[0\],128.165µm
net2082,128.14µm
_10160_,128.115µm
accelerator_u.array_inst.acc\[14\]\[30\],128.1µm
net1712,128.055µm
accelerator_u.array_inst.acc\[14\]\[24\],127.84µm
accelerator_u.array_inst.acc\[15\]\[15\],127.84µm
net1330,127.77µm
_02345_,127.7µm
net1323,127.68µm
net2330,127.675µm
net1726,127.545µm
_10243_,127.52µm
net1724,127.45µm
net1399,127.44µm
_04185_,127.32µm
net2049,127.32µm
net2052,127.3µm
accelerator_u.mat_a_reg\[1\]\[12\],127.08µm
net2030,126.9µm
net1716,126.845µm
net1960,126.785µm
net1772,126.74µm
net1771,126.66µm
_04370_,126.56µm
net1534,126.42µm
_12714_,126.4µm
net1402,126.29µm
net1729,126.055µm
clknet_leaf_140_clk,126µm
_04566_,125.75µm
_06728_,125.74µm
accelerator_u.mat_b_reg\[1\]\[2\],125.68µm
_09788_,125.6µm
net1551,125.57µm
accelerator_u.mat_b_reg\[2\]\[17\],125.565µm
net1916,125.34µm
_11253_,125.32µm
accelerator_u.array_inst.acc\[6\]\[29\],125.26µm
net1328,125.02µm
net1524,124.96µm
net383,124.84µm
net1535,124.83µm
accelerator_u.array_inst.a_h\[12\]\[3\],124.72µm
net1938,124.55µm
net1937,124.52µm
net1456,124.48µm
_10166_,124.38µm
accelerator_u.array_inst.a_h\[12\]\[4\],124.36µm
accelerator_u.array_inst.a_h\[12\]\[5\],124.34µm
accelerator_u.array_inst.acc\[9\]\[22\],124.34µm
net2293,124.31µm
accelerator_u.mat_a_reg\[1\]\[13\],124.3µm
clknet_leaf_151_clk,124.24µm
accelerator_u.array_inst.acc\[12\]\[15\],123.905µm
_06117_,123.74µm
clknet_leaf_183_clk,123.64µm
net2059,123.54µm
_06701_,123.42µm
net2304,123.41µm
net1325,123.4µm
net469,123.4µm
_11773_,123.35µm
net1808,123.265µm
_02802_,123.26µm
net2058,123.24µm
accelerator_u.array_inst.acc\[15\]\[4\],123.21µm
_11740_,123.18µm
net2046,123.175µm
_08994_,123.1µm
net2064,123.1µm
_02328_,123.06µm
net1957,122.94µm
accelerator_u.array_inst.acc\[11\]\[12\],122.82µm
net1606,122.78µm
_11761_,122.68µm
_10277_,122.66µm
_10107_,122.48µm
_06732_,122.38µm
_10045_,122.38µm
accelerator_u.mat_b_reg\[3\]\[9\],122.34µm
clknet_leaf_11_clk,122.28µm
accelerator_u.array_inst.acc\[8\]\[29\],122.265µm
net1336,122.16µm
accelerator_u.array_inst.acc\[10\]\[16\],122.07µm
net2329,122.06µm
_04166_,122.02µm
_08807_,122µm
clknet_leaf_118_clk,121.97µm
accelerator_u.array_inst.a_h\[8\]\[6\],121.94µm
clknet_leaf_64_clk,121.93µm
net1765,121.92µm
accelerator_u.array_inst.acc\[14\]\[26\],121.86µm
clknet_leaf_177_clk,121.84µm
net2320,121.825µm
_07046_,121.82µm
net2310,121.72µm
net1817,121.46µm
_09745_,121.46µm
net1322,121.44µm
_03670_,121.42µm
clknet_leaf_193_clk,121.35µm
_06703_,121.26µm
_06978_,121.2µm
_06417_,121.18µm
net1984,121.055µm
net1320,120.98µm
_10101_,120.86µm
accelerator_u.array_inst.b_v\[5\]\[6\],120.77µm
_10207_,120.72µm
_05642_,120.7µm
net1668,120.685µm
clknet_leaf_67_clk,120.62µm
_09764_,120.52µm
net1458,120.52µm
_09090_,120.48µm
accelerator_u.array_inst.b_v\[12\]\[6\],120.34µm
net1798,120.3µm
net2040,120.24µm
net405,120.14µm
_06986_,120.04µm
accelerator_u.array_inst.acc\[14\]\[1\],120.025µm
accelerator_u.array_inst.acc\[14\]\[15\],120.02µm
accelerator_u.array_inst.acc\[4\]\[15\],119.94µm
accelerator_u.mat_b_reg\[1\]\[30\],119.82µm
clknet_leaf_182_clk,119.78µm
accelerator_u.mat_b_reg\[0\]\[20\],119.7µm
_12206_,119.62µm
accelerator_u.array_inst.a_h\[7\]\[6\],119.56µm
accelerator_u.mat_b_reg\[2\]\[19\],119.54µm
accelerator_u.array_inst.acc\[11\]\[3\],119.495µm
_10788_,119.48µm
accelerator_u.array_inst.acc\[10\]\[18\],119.42µm
accelerator_u.mat_b_reg\[1\]\[31\],119.42µm
clknet_leaf_184_clk,119.4µm
_11722_,119.28µm
net1779,119.2µm
accelerator_u.array_inst.a_h\[17\]\[4\],119.2µm
clknet_leaf_126_clk,119.03µm
net1994,119.01µm
clknet_leaf_142_clk,119µm
accelerator_u.array_inst.a_h\[12\]\[1\],119µm
clknet_leaf_150_clk,118.96µm
accelerator_u.array_inst.acc\[11\]\[20\],118.86µm
accelerator_u.array_inst.a_h\[2\]\[7\],118.84µm
accelerator_u.array_inst.a_h\[16\]\[4\],118.76µm
net1934,118.755µm
_07866_,118.72µm
clknet_leaf_109_clk,118.68µm
net1588,118.64µm
accelerator_u.array_inst.a_h\[2\]\[5\],118.47µm
_06811_,118.38µm
net1935,118.31µm
net2070,118.17µm
_07020_,118.16µm
_09196_,118.16µm
clknet_leaf_45_clk,118.1µm
accelerator_u.array_inst.acc\[4\]\[26\],117.995µm
clknet_leaf_95_clk,117.98µm
net1730,117.965µm
accelerator_u.array_inst.acc\[11\]\[21\],117.82µm
net1393,117.76µm
_01810_,117.58µm
accelerator_u.mat_b_reg\[0\]\[29\],117.58µm
_04213_,117.28µm
accelerator_u.array_inst.acc\[15\]\[26\],117.28µm
net1744,117.215µm
net1786,117.2µm
_10719_,117.2µm
accelerator_u.array_inst.a_h\[17\]\[1\],117.16µm
net2034,117.16µm
_08695_,117.05µm
net325,117.04µm
accelerator_u.array_inst.b_v\[12\]\[7\],117.03µm
accelerator_u.array_inst.b_v\[15\]\[2\],116.97µm
_12212_,116.94µm
net1482,116.9µm
net1751,116.835µm
accelerator_u.array_inst.a_h\[7\]\[2\],116.83µm
clknet_leaf_42_clk,116.74µm
_09951_,116.74µm
accelerator_u.array_inst.a_h\[18\]\[6\],116.74µm
_12689_,116.72µm
clknet_leaf_141_clk,116.7µm
_10240_,116.68µm
clknet_leaf_159_clk,116.34µm
clknet_leaf_155_clk,116.34µm
_02858_,116.32µm
accelerator_u.array_inst.acc\[6\]\[30\],116.305µm
accelerator_u.mat_a_reg\[2\]\[31\],116.26µm
net1314,116.22µm
accelerator_u.array_inst.acc\[13\]\[21\],116.205µm
_10295_,116.14µm
net1780,116.14µm
_06713_,115.88µm
clknet_leaf_27_clk,115.86µm
net1435,115.835µm
net2078,115.76µm
_10319_,115.74µm
accelerator_u.array_inst.acc\[14\]\[31\],115.74µm
accelerator_u.mat_a_reg\[0\]\[28\],115.72µm
_06261_,115.7µm
_07098_,115.68µm
accelerator_u.array_inst.a_h\[11\]\[3\],115.67µm
_04553_,115.62µm
_04971_,115.61µm
accelerator_u.mat_b_reg\[2\]\[14\],115.6µm
_09792_,115.49µm
clknet_leaf_16_clk,115.39µm
net1971,115.39µm
net2274,115.37µm
accelerator_u.mat_a_reg\[2\]\[4\],115.22µm
accelerator_u.array_inst.a_h\[18\]\[3\],115.06µm
accelerator_u.array_inst.a_h\[17\]\[5\],115.035µm
net1417,114.92µm
_12232_,114.84µm
accelerator_u.array_inst.b_v\[11\]\[5\],114.8µm
_06709_,114.78µm
accelerator_u.array_inst.acc\[6\]\[16\],114.72µm
accelerator_u.array_inst.a_h\[8\]\[2\],114.66µm
clknet_leaf_176_clk,114.64µm
clknet_leaf_120_clk,114.62µm
_10695_,114.6µm
_06091_,114.42µm
net1488,114.42µm
_02784_,114.4µm
accelerator_u.mat_a_reg\[0\]\[1\],114.34µm
clknet_leaf_21_clk,114.32µm
clknet_leaf_134_clk,114.24µm
clknet_leaf_164_clk,114.2µm
net1539,114.1µm
accelerator_u.mat_a_reg\[3\]\[10\],113.96µm
_04289_,113.94µm
net1814,113.92µm
accelerator_u.array_inst.acc\[1\]\[11\],113.88µm
net2332,113.85µm
accelerator_u.array_inst.a_h\[2\]\[4\],113.82µm
net1533,113.675µm
clknet_leaf_25_clk,113.56µm
accelerator_u.mat_b_reg\[0\]\[31\],113.52µm
_10067_,113.46µm
_12696_,113.27µm
accelerator_u.array_inst.acc\[7\]\[14\],113.22µm
clknet_leaf_181_clk,113.1µm
accelerator_u.array_inst.acc\[8\]\[2\],112.89µm
net2020,112.81µm
clknet_leaf_72_clk,112.53µm
_11744_,112.52µm
net1455,112.46µm
_10239_,112.42µm
net1987,112.4µm
clknet_leaf_136_clk,112.25µm
net1881,112.22µm
clknet_leaf_62_clk,112.14µm
net1485,112.14µm
_10308_,112.02µm
clknet_leaf_61_clk,111.98µm
net482,111.94µm
_06683_,111.92µm
net1338,111.875µm
accelerator_u.array_inst.acc\[10\]\[21\],111.82µm
net441,111.81µm
net427,111.79µm
_06673_,111.78µm
accelerator_u.array_inst.acc\[8\]\[5\],111.485µm
clknet_leaf_94_clk,111.44µm
accelerator_u.array_inst.acc\[6\]\[22\],111.425µm
clknet_leaf_46_clk,111.42µm
_08978_,111.33µm
clknet_leaf_145_clk,111.22µm
clknet_leaf_13_clk,111.215µm
_01908_,111.19µm
net1580,111.14µm
_06394_,111.1µm
_08048_,111.08µm
_06162_,111.04µm
_06058_,110.86µm
clknet_leaf_54_clk,110.83µm
_10098_,110.8µm
clknet_leaf_100_clk,110.7µm
net353,110.63µm
_07904_,110.53µm
_11940_,110.52µm
net1718,110.505µm
net1329,110.5µm
accelerator_u.array_inst.acc\[12\]\[10\],110.4µm
_07092_,110.32µm
_09350_,110.28µm
net481,110.2µm
net1997,110.18µm
_06634_,110.1µm
_09799_,110.04µm
_09950_,110.02µm
accelerator_u.mat_a_reg\[2\]\[19\],110µm
_10164_,109.98µm
accelerator_u.array_inst.acc\[11\]\[18\],109.98µm
net1930,109.76µm
net1701,109.74µm
_10132_,109.72µm
clknet_leaf_86_clk,109.7µm
_11165_,109.69µm
clknet_leaf_19_clk,109.68µm
net2069,109.62µm
net1986,109.48µm
_10072_,109.4µm
_12899_,109.4µm
clknet_leaf_35_clk,109.38µm
clknet_leaf_143_clk,109.21µm
net1983,109.19µm
accelerator_u.array_inst.b_v\[7\]\[0\],109.14µm
clknet_leaf_116_clk,109.13µm
accelerator_u.array_inst.a_h\[6\]\[6\],108.9µm
_10041_,108.88µm
net1332,108.78µm
clknet_leaf_203_clk,108.76µm
clknet_leaf_31_clk,108.76µm
accelerator_u.array_inst.a_h\[18\]\[7\],108.76µm
accelerator_u.array_inst.acc\[6\]\[17\],108.545µm
net1905,108.515µm
accelerator_u.array_inst.acc\[12\]\[18\],108.485µm
_09738_,108.4µm
net1337,108.3µm
net1392,108.23µm
net1749,108.225µm
accelerator_u.mat_a_reg\[2\]\[0\],108.22µm
clknet_leaf_80_clk,108.18µm
_04982_,108.16µm
clknet_leaf_92_clk,108.14µm
accelerator_u.array_inst.a_h\[2\]\[6\],108.08µm
_10047_,107.94µm
clknet_leaf_38_clk,107.84µm
net332,107.8µm
clknet_leaf_18_clk,107.78µm
_12233_,107.72µm
_06998_,107.7µm
net2047,107.69µm
accelerator_u.array_inst.b_v\[10\]\[1\],107.64µm
net1710,107.635µm
clknet_leaf_3_clk,107.62µm
_09752_,107.62µm
_10980_,107.605µm
net311,107.44µm
net1319,107.38µm
accelerator_u.array_inst.acc\[1\]\[26\],107.27µm
accelerator_u.AWADDR\[5\],107.24µm
_10082_,107.22µm
_10069_,107.2µm
accelerator_u.array_inst.acc\[2\]\[7\],107.18µm
_10172_,107.14µm
net1920,107.1µm
_06549_,107.06µm
net1720,107.025µm
_09800_,107µm
_05392_,106.96µm
_09009_,106.885µm
clknet_leaf_138_clk,106.875µm
_10906_,106.86µm
_10941_,106.86µm
net472,106.86µm
_09343_,106.76µm
accelerator_u.mat_b_reg\[3\]\[18\],106.74µm
_09979_,106.68µm
accelerator_u.array_inst.acc\[7\]\[16\],106.625µm
_04065_,106.56µm
_09963_,106.54µm
net1847,106.52µm
_10286_,106.48µm
accelerator_u.array_inst.acc\[11\]\[4\],106.46µm
clknet_leaf_22_clk,106.3µm
accelerator_u.RDATA\[30\],106.3µm
net1378,106.29µm
clknet_leaf_166_clk,106.26µm
_10258_,106.18µm
net2296,106.05µm
net1810,106.04µm
accelerator_u.array_inst.acc\[7\]\[24\],106.03µm
_13173_,106.02µm
_06516_,106µm
accelerator_u.array_inst.a_h\[7\]\[1\],105.96µm
net1959,105.95µm
net379,105.8µm
net2079,105.77µm
accelerator_u.mat_a_reg\[3\]\[22\],105.72µm
_10232_,105.68µm
_04109_,105.64µm
accelerator_u.array_inst.acc\[6\]\[14\],105.62µm
net1613,105.46µm
_06298_,105.44µm
accelerator_u.mat_a_reg\[0\]\[3\],105.44µm
_09036_,105.29µm
_07109_,105.22µm
accelerator_u.array_inst.b_v\[7\]\[7\],105.2µm
_07732_,105.18µm
net1520,105.14µm
_11738_,105.135µm
_10228_,105.08µm
net1910,105.06µm
accelerator_u.array_inst.acc\[13\]\[23\],104.98µm
net1526,104.97µm
accelerator_u.array_inst.b_v\[10\]\[0\],104.91µm
_03694_,104.885µm
clknet_leaf_148_clk,104.82µm
clknet_leaf_73_clk,104.78µm
net485,104.72µm
_11981_,104.6µm
clknet_leaf_90_clk,104.22µm
net1968,104.18µm
clknet_leaf_4_clk,104.16µm
_10091_,104.08µm
clknet_leaf_110_clk,104.06µm
_12015_,104.01µm
_09885_,104µm
net1975,103.98µm
net2314,103.88µm
net1904,103.84µm
_01847_,103.81µm
clknet_leaf_170_clk,103.78µm
_13083_,103.58µm
_09761_,103.57µm
accelerator_u.array_inst.b_v\[12\]\[3\],103.47µm
net1958,103.24µm
net1752,103.145µm
net1952,103.06µm
clknet_leaf_139_clk,102.96µm
clknet_leaf_91_clk,102.86µm
_04251_,102.86µm
net347,102.8µm
clknet_leaf_40_clk,102.66µm
clknet_leaf_191_clk,102.62µm
accelerator_u.array_inst.acc\[5\]\[11\],102.58µm
net2299,102.53µm
net1929,102.53µm
_08575_,102.52µm
clknet_leaf_144_clk,102.52µm
clknet_leaf_83_clk,102.44µm
_09377_,102.44µm
accelerator_u.array_inst.a_h\[18\]\[4\],102.43µm
net1922,102.27µm
clknet_leaf_70_clk,102.26µm
net1815,102.26µm
net2343,102.24µm
_04079_,102.24µm
clknet_leaf_178_clk,102.22µm
accelerator_u.array_inst.a_h\[7\]\[0\],102.14µm
net1796,101.995µm
_06620_,101.86µm
accelerator_u.mat_b_reg\[3\]\[7\],101.765µm
_13111_,101.73µm
net1928,101.72µm
accelerator_u.mat_a_reg\[1\]\[26\],101.685µm
accelerator_u.array_inst.b_v\[11\]\[4\],101.68µm
_06359_,101.66µm
_06566_,101.62µm
clknet_leaf_124_clk,101.52µm
_09967_,101.52µm
accelerator_u.mat_a_reg\[0\]\[7\],101.5µm
clknet_leaf_56_clk,101.45µm
_10256_,101.38µm
_06251_,101.34µm
_06517_,101.34µm
clknet_leaf_128_clk,101.32µm
accelerator_u.mat_b_reg\[2\]\[6\],101.2µm
clknet_leaf_52_clk,101.16µm
net375,101.16µm
_10138_,101.14µm
net1398,101.1µm
accelerator_u.array_inst.a_h\[11\]\[6\],101.06µm
accelerator_u.RDATA\[31\],100.96µm
net1926,100.96µm
accelerator_u.array_inst.a_h\[12\]\[0\],100.94µm
accelerator_u.array_inst.acc\[11\]\[28\],100.92µm
net1723,100.905µm
accelerator_u.mat_a_reg\[3\]\[3\],100.88µm
_06604_,100.86µm
net1557,100.84µm
net2036,100.8µm
clknet_leaf_88_clk,100.76µm
net1334,100.64µm
_07728_,100.54µm
net1731,100.525µm
_06913_,100.52µm
_12228_,100.5µm
net1925,100.48µm
net2019,100.4µm
net1825,100.38µm
accelerator_u.array_inst.acc\[8\]\[26\],100.305µm
_10314_,100.24µm
accelerator_u.mat_b_reg\[3\]\[6\],100.14µm
_09237_,100µm
clknet_leaf_77_clk,99.98µm
clknet_leaf_33_clk,99.94µm
accelerator_u.array_inst.acc\[8\]\[30\],99.94µm
_08377_,99.925µm
accelerator_u.array_inst.a_h\[11\]\[2\],99.9µm
_08878_,99.84µm
accelerator_u.array_inst.a_h\[6\]\[0\],99.76µm
_10696_,99.71µm
_08378_,99.68µm
_07069_,99.66µm
net1444,99.66µm
_02714_,99.58µm
accelerator_u.mat_a_reg\[3\]\[26\],99.52µm
accelerator_u.mat_a_reg\[3\]\[18\],99.5µm
axi_ctrl_rdata\[30\],99.45µm
accelerator_u.mat_b_reg\[1\]\[24\],99.425µm
_10208_,99.4µm
_10169_,99.38µm
accelerator_u.array_inst.acc\[11\]\[19\],99.32µm
_06593_,99.22µm
_06420_,99.2µm
net1736,99.2µm
net1486,99.17µm
net2021,99.16µm
clknet_leaf_114_clk,99.08µm
net1884,99.04µm
net2319,98.95µm
_06329_,98.86µm
accelerator_u.array_inst.a_h\[1\]\[5\],98.835µm
_02742_,98.82µm
accelerator_u.mat_a_reg\[1\]\[14\],98.8µm
accelerator_u.mat_b_reg\[2\]\[16\],98.76µm
_08646_,98.72µm
_06952_,98.64µm
clknet_leaf_65_clk,98.63µm
net426,98.47µm
net1327,98.46µm
net1758,98.46µm
net1719,98.4µm
accelerator_u.array_inst.b_v\[5\]\[5\],98.36µm
net1324,98.28µm
_02402_,98.21µm
accelerator_u.array_inst.acc\[0\]\[25\],98.18µm
net1331,98.16µm
net2255,98.155µm
accelerator_u.array_inst.acc\[1\]\[14\],98.155µm
net1967,98.1µm
_06861_,98.08µm
accelerator_u.mat_a_reg\[1\]\[2\],98.06µm
clknet_leaf_102_clk,98.04µm
_10639_,98.04µm
clknet_leaf_192_clk,98µm
net304,98µm
net1879,97.985µm
clknet_leaf_137_clk,97.68µm
clknet_leaf_23_clk,97.5µm
net1897,97.5µm
clknet_leaf_17_clk,97.48µm
clknet_leaf_76_clk,97.4µm
net2011,97.4µm
clknet_leaf_157_clk,97.22µm
accelerator_u.array_inst.acc\[0\]\[28\],97.2µm
_09947_,97.16µm
clknet_leaf_188_clk,97.14µm
clknet_leaf_174_clk,97.12µm
clknet_leaf_115_clk,97.095µm
net1483,97.02µm
clknet_leaf_66_clk,96.96µm
_09999_,96.94µm
net1883,96.92µm
_10151_,96.84µm
_06846_,96.82µm
_07779_,96.7µm
accelerator_u.mat_b_reg\[1\]\[16\],96.68µm
clknet_leaf_131_clk,96.64µm
clknet_leaf_63_clk,96.55µm
net2085,96.5µm
net1797,96.495µm
accelerator_u.mat_b_reg\[3\]\[26\],96.46µm
_09123_,96.32µm
net1596,96.24µm
clknet_leaf_12_clk,96.22µm
net1989,96.18µm
_10126_,96.08µm
_02302_,96.06µm
_09361_,96.06µm
_12679_,96.06µm
accelerator_u.array_inst.acc\[8\]\[4\],96.06µm
accelerator_u.array_inst.acc\[10\]\[20\],96.04µm
axi_ctrl_rdata\[11\],95.96µm
_02776_,95.94µm
accelerator_u.array_inst.acc\[1\]\[23\],95.94µm
_06574_,95.92µm
_01882_,95.82µm
net1413,95.82µm
clknet_leaf_99_clk,95.755µm
accelerator_u.array_inst.a_h\[11\]\[5\],95.72µm
net409,95.69µm
net1903,95.67µm
_04328_,95.64µm
clknet_leaf_130_clk,95.62µm
_11789_,95.42µm
accelerator_u.array_inst.acc\[3\]\[17\],95.42µm
net1443,95.32µm
_09080_,95.32µm
_09527_,95.315µm
net1917,95.28µm
accelerator_u.array_inst.acc\[6\]\[28\],95.27µm
net1385,95.22µm
_10260_,95.2µm
accelerator_u.array_inst.acc\[6\]\[26\],95.145µm
clknet_leaf_172_clk,95.12µm
net417,95.12µm
_09512_,95.075µm
clknet_leaf_132_clk,94.93µm
net1895,94.92µm
accelerator_u.array_inst.acc\[6\]\[6\],94.84µm
_06228_,94.82µm
net1381,94.82µm
accelerator_u.mat_b_reg\[0\]\[26\],94.76µm
clknet_leaf_85_clk,94.72µm
_06792_,94.72µm
_08547_,94.72µm
net1532,94.7µm
net1708,94.54µm
_11216_,94.54µm
net490,94.52µm
_06788_,94.44µm
net2023,94.42µm
net2018,94.28µm
net2313,94.2µm
clknet_leaf_2_clk,94.02µm
accelerator_u.array_inst.a_h\[11\]\[7\],93.96µm
accelerator_u.array_inst.a_h\[8\]\[3\],93.96µm
_02764_,93.94µm
accelerator_u.array_inst.a_h\[7\]\[3\],93.76µm
_08166_,93.75µm
net1774,93.7µm
_10095_,93.68µm
_12551_,93.68µm
net1680,93.66µm
clknet_leaf_107_clk,93.61µm
_09045_,93.6µm
accelerator_u.array_inst.acc\[5\]\[9\],93.5µm
accelerator_u.array_inst.acc\[14\]\[17\],93.48µm
_09794_,93.42µm
_09017_,93.39µm
_07052_,93.38µm
_10864_,93.2µm
accelerator_u.array_inst.acc\[7\]\[13\],93.2µm
clknet_leaf_57_clk,93.12µm
accelerator_u.array_inst.b_v\[12\]\[4\],93.09µm
clknet_leaf_5_clk,93.06µm
accelerator_u.array_inst.b_v\[11\]\[3\],93.02µm
net1321,92.98µm
clknet_leaf_105_clk,92.96µm
accelerator_u.array_inst.acc\[3\]\[21\],92.935µm
net1441,92.9µm
net2048,92.87µm
clknet_leaf_165_clk,92.7µm
accelerator_u.array_inst.acc\[3\]\[24\],92.66µm
clknet_leaf_201_clk,92.62µm
_08973_,92.54µm
_06187_,92.52µm
net2026,92.52µm
net2061,92.5µm
accelerator_u.array_inst.acc\[11\]\[5\],92.46µm
accelerator_u.mat_a_reg\[3\]\[0\],92.46µm
_10315_,92.34µm
_01902_,92.2µm
clknet_leaf_1_clk,92.12µm
_10122_,92.04µm
_09491_,92.02µm
_09449_,91.96µm
_08183_,91.94µm
_09589_,91.7µm
_12676_,91.68µm
net488,91.58µm
clknet_leaf_104_clk,91.52µm
accelerator_u.array_inst.acc\[15\]\[25\],91.5µm
_09722_,91.48µm
_08376_,91.39µm
accelerator_u.mat_a_reg\[2\]\[2\],91.38µm
accelerator_u.mat_a_reg\[0\]\[31\],91.375µm
clknet_leaf_87_clk,91.34µm
_12210_,91.34µm
accelerator_u.array_inst.a_h\[11\]\[1\],91.34µm
_07992_,91.285µm
axi_ctrl_rdata\[17\],91.26µm
_06567_,91.18µm
clknet_leaf_39_clk,91.12µm
accelerator_u.array_inst.acc\[4\]\[10\],91.02µm
_09474_,90.98µm
_06803_,90.92µm
clknet_leaf_189_clk,90.87µm
accelerator_u.AWADDR\[4\],90.82µm
_08571_,90.73µm
accelerator_u.step\[3\],90.48µm
_09542_,90.46µm
_06829_,90.3µm
clknet_leaf_168_clk,90.28µm
core_u.rf_u.registers\[3\]\[10\],90.2µm
net2301,90.1µm
_12688_,90.08µm
_08102_,90.075µm
accelerator_u.array_inst.a_h\[16\]\[2\],90.055µm
accelerator_u.mat_b_reg\[1\]\[13\],89.98µm
net1867,89.94µm
clknet_leaf_58_clk,89.88µm
clknet_leaf_37_clk,89.82µm
clknet_leaf_121_clk,89.66µm
accelerator_u.array_inst.acc\[1\]\[31\],89.635µm
_06466_,89.61µm
net1581,89.58µm
_09492_,89.55µm
_10640_,89.54µm
clknet_leaf_78_clk,89.435µm
core_u.rf_u.registers\[5\]\[5\],89.32µm
net1803,89.205µm
_10225_,89.16µm
_08501_,89.04µm
net386,89.01µm
net1790,88.96µm
clknet_leaf_97_clk,88.84µm
accelerator_u.array_inst.a_h\[17\]\[0\],88.84µm
_06688_,88.82µm
accelerator_u.mat_a_reg\[3\]\[30\],88.8µm
_12691_,88.76µm
accelerator_u.mat_a_reg\[0\]\[0\],88.7µm
_07741_,88.66µm
_02856_,88.5µm
_10136_,88.36µm
net1877,88.325µm
accelerator_u.array_inst.acc\[15\]\[30\],88.1µm
accelerator_u.mat_b_reg\[2\]\[2\],87.98µm
clknet_leaf_36_clk,87.94µm
clknet_leaf_153_clk,87.9µm
accelerator_u.mat_b_reg\[1\]\[19\],87.86µm
clknet_leaf_147_clk,87.78µm
_11718_,87.74µm
_11212_,87.715µm
_10093_,87.64µm
accelerator_u.mat_a_reg\[0\]\[4\],87.64µm
accelerator_u.array_inst.acc\[4\]\[12\],87.54µm
accelerator_u.array_inst.acc\[13\]\[25\],87.485µm
_10793_,87.47µm
_08523_,87.46µm
clknet_leaf_199_clk,87.44µm
accelerator_u.mat_b_reg\[0\]\[18\],87.44µm
net2279,87.43µm
net1962,87.43µm
net1530,87.28µm
_11409_,87.22µm
_09159_,87.21µm
accelerator_u.array_inst.acc\[14\]\[7\],87.17µm
_09503_,87.165µm
clknet_leaf_30_clk,87.14µm
accelerator_u.mat_b_reg\[3\]\[10\],87.14µm
_09461_,87.08µm
clknet_leaf_156_clk,87.06µm
accelerator_u.array_inst.a_h\[8\]\[1\],87.06µm
clknet_leaf_119_clk,86.76µm
_08804_,86.76µm
_11444_,86.73µm
net1411,86.72µm
_11496_,86.62µm
clknet_leaf_133_clk,86.6µm
net2066,86.6µm
_02405_,86.58µm
_12986_,86.52µm
_08808_,86.5µm
_10049_,86.44µm
net2022,86.365µm
accelerator_u.mat_b_reg\[1\]\[4\],86.28µm
accelerator_u.array_inst.acc\[6\]\[24\],86.26µm
net423,86.26µm
_09437_,86.24µm
accelerator_u.mat_b_reg\[0\]\[15\],86.22µm
_12052_,86.2µm
net1538,86.14µm
axi_ctrl_rdata\[25\],86.05µm
clknet_leaf_190_clk,86.02µm
net1794,86µm
accelerator_u.array_inst.acc\[13\]\[30\],85.98µm
_06477_,85.935µm
_09553_,85.91µm
_09781_,85.9µm
_06814_,85.805µm
accelerator_u.mat_a_reg\[3\]\[23\],85.8µm
net1438,85.7µm
net341,85.58µm
_09813_,85.575µm
accelerator_u.array_inst.a_h\[7\]\[5\],85.5µm
accelerator_u.array_inst.b_v\[15\]\[1\],85.48µm
accelerator_u.mat_b_reg\[3\]\[11\],85.48µm
accelerator_u.array_inst.acc\[10\]\[22\],85.445µm
axi_ctrl_rdata\[22\],85.26µm
net1846,85.2µm
_09025_,85.195µm
net1923,85.14µm
_05778_,85.08µm
_09043_,85.08µm
_04560_,85.04µm
accelerator_u.array_inst.a_h\[3\]\[0\],85.035µm
net479,84.96µm
net339,84.89µm
_12677_,84.815µm
net1481,84.81µm
clknet_leaf_93_clk,84.54µm
_06476_,84.52µm
_06018_,84.48µm
_06690_,84.46µm
_09741_,84.44µm
_12518_,84.435µm
accelerator_u.array_inst.acc\[12\]\[5\],84.425µm
clknet_leaf_127_clk,84.38µm
_12709_,84.36µm
_07114_,84.28µm
accelerator_u.array_inst.a_h\[8\]\[4\],84.26µm
net1939,84.24µm
net460,84.22µm
clknet_leaf_117_clk,84.16µm
net1735,84.155µm
net1439,84.14µm
_06354_,84.1µm
accelerator_u.array_inst.acc\[13\]\[4\],84.06µm
_13126_,84.01µm
_05559_,83.94µm
net1791,83.92µm
_06355_,83.92µm
_10097_,83.92µm
accelerator_u.array_inst.b_v\[14\]\[4\],83.92µm
_10233_,83.86µm
accelerator_u.array_inst.acc\[4\]\[21\],83.82µm
_11231_,83.8µm
_09369_,83.78µm
accelerator_u.array_inst.acc\[4\]\[25\],83.765µm
clknet_leaf_101_clk,83.75µm
net1383,83.58µm
accelerator_u.array_inst.acc\[9\]\[18\],83.58µm
_07033_,83.52µm
net2281,83.5µm
_09835_,83.42µm
accelerator_u.mat_b_reg\[2\]\[8\],83.3µm
_12672_,83.26µm
_09995_,83.25µm
_10189_,83.215µm
net1685,83.165µm
accelerator_u.mat_a_reg\[3\]\[8\],83.155µm
_10627_,83.08µm
accelerator_u.array_inst.a_h\[6\]\[1\],82.98µm
net2263,82.94µm
accelerator_u.array_inst.a_h\[3\]\[6\],82.91µm
clknet_leaf_43_clk,82.79µm
_04130_,82.76µm
clknet_leaf_28_clk,82.74µm
_06647_,82.68µm
_10009_,82.66µm
net1990,82.65µm
_09515_,82.58µm
_10698_,82.56µm
accelerator_u.array_inst.acc\[12\]\[4\],82.48µm
_10855_,82.4µm
accelerator_u.array_inst.acc\[7\]\[29\],82.4µm
accelerator_u.mat_b_reg\[0\]\[30\],82.36µm
accelerator_u.mat_b_reg\[2\]\[31\],82.34µm
accelerator_u.array_inst.acc\[5\]\[23\],82.32µm
_11902_,82.26µm
net1902,82.24µm
net1861,82.225µm
_04088_,82.2µm
_09783_,82.2µm
net2306,82.19µm
_09822_,82.14µm
accelerator_u.array_inst.acc\[8\]\[18\],82.075µm
_09661_,82.07µm
net1931,82.07µm
accelerator_u.array_inst.acc\[7\]\[6\],82.06µm
net1561,82µm
accelerator_u.array_inst.acc\[1\]\[30\],81.92µm
clknet_leaf_53_clk,81.9µm
net1880,81.82µm
_10088_,81.775µm
net2050,81.74µm
net1792,81.705µm
clknet_leaf_96_clk,81.7µm
net2286,81.63µm
_08298_,81.58µm
_08086_,81.565µm
_02866_,81.52µm
net1339,81.52µm
net1386,81.5µm
_09556_,81.48µm
core_u.rf_u.registers\[3\]\[5\],81.37µm
_05603_,81.34µm
accelerator_u.array_inst.acc\[10\]\[26\],81.24µm
accelerator_u.array_inst.acc\[14\]\[8\],81.18µm
net1949,81.16µm
net1316,81.14µm
accelerator_u.array_inst.acc\[5\]\[21\],81µm
_10116_,80.92µm
_06356_,80.9µm
core_u.rf_u.registers\[11\]\[10\],80.82µm
clknet_leaf_68_clk,80.8µm
net1878,80.78µm
_12127_,80.75µm
_06284_,80.7µm
_08471_,80.62µm
_09681_,80.6µm
accelerator_u.array_inst.acc\[4\]\[24\],80.5µm
net1409,80.48µm
accelerator_u.array_inst.acc\[12\]\[13\],80.46µm
_11112_,80.44µm
net1800,80.425µm
clknet_leaf_89_clk,80.385µm
_05780_,80.255µm
_09493_,80.24µm
_09650_,80.22µm
net1686,80.2µm
accelerator_u.array_inst.acc\[5\]\[20\],80.18µm
accelerator_u.mat_a_reg\[0\]\[29\],80.18µm
clknet_leaf_103_clk,80.16µm
net1408,80.12µm
_06904_,79.98µm
accelerator_u.array_inst.a_h\[1\]\[2\],79.96µm
accelerator_u.array_inst.acc\[6\]\[5\],79.9µm
clknet_leaf_75_clk,79.86µm
_06575_,79.84µm
net1767,79.8µm
_08475_,79.69µm
accelerator_u.array_inst.acc\[15\]\[8\],79.64µm
_06386_,79.625µm
_08551_,79.58µm
core_u.rf_u.registers\[6\]\[10\],79.535µm
net1894,79.525µm
_06832_,79.5µm
accelerator_u.array_inst.acc\[6\]\[18\],79.425µm
net410,79.36µm
_10134_,79.34µm
_13133_,79.32µm
clknet_leaf_82_clk,79.245µm
_06739_,79.24µm
_06837_,79.24µm
net1753,79.12µm
_08885_,79µm
_02687_,78.96µm
_08780_,78.86µm
clknet_leaf_123_clk,78.82µm
net309,78.69µm
net1373,78.68µm
core_u.rf_u.registers\[5\]\[8\],78.64µm
_06975_,78.62µm
accelerator_u.mat_b_reg\[3\]\[14\],78.52µm
_09581_,78.48µm
_03709_,78.44µm
accelerator_u.array_inst.acc\[15\]\[2\],78.4µm
net1759,78.3µm
net1317,78.22µm
_08153_,78.2µm
net1901,78.19µm
_10824_,78.06µm
clknet_leaf_60_clk,78.02µm
axi_ctrl_rdata\[28\],77.96µm
net1818,77.945µm
_08825_,77.94µm
accelerator_u.array_inst.acc\[10\]\[30\],77.82µm
accelerator_u.array_inst.acc\[5\]\[27\],77.82µm
net1452,77.805µm
accelerator_u.array_inst.acc\[7\]\[10\],77.76µm
_06877_,77.74µm
_06928_,77.66µm
_06199_,77.62µm
accelerator_u.array_inst.acc\[2\]\[30\],77.61µm
_10694_,77.52µm
accelerator_u.array_inst.acc\[8\]\[0\],77.465µm
_09605_,77.46µm
_06708_,77.36µm
accelerator_u.array_inst.acc\[13\]\[27\],77.345µm
clknet_leaf_71_clk,77.34µm
_11762_,77.34µm
accelerator_u.mat_a_reg\[3\]\[17\],77.3µm
accelerator_u.array_inst.a_h\[6\]\[4\],77.28µm
imem_data[17],77.21µm
accelerator_u.array_inst.a_h\[6\]\[2\],77.14µm
_09539_,77.13µm
accelerator_u.array_inst.acc\[7\]\[23\],77.06µm
accelerator_u.ARADDR\[5\],77.05µm
_06459_,77.04µm
accelerator_u.array_inst.acc\[2\]\[4\],77.04µm
net1784,77µm
_10007_,76.92µm
net2076,76.92µm
clknet_leaf_55_clk,76.91µm
_08375_,76.76µm
_13334_,76.74µm
accelerator_u.mat_a_reg\[0\]\[13\],76.735µm
net1722,76.7µm
_09506_,76.64µm
_09828_,76.62µm
_04047_,76.58µm
_12108_,76.44µm
accelerator_u.mat_a_reg\[2\]\[14\],76.44µm
accelerator_u.array_inst.acc\[5\]\[5\],76.4µm
accelerator_u.array_inst.acc\[2\]\[27\],76.34µm
accelerator_u.array_inst.acc\[15\]\[27\],76.28µm
core_u.rf_u.registers\[1\]\[8\],76.28µm
_08578_,76.2µm
net1733,76.09µm
_05645_,76.08µm
_04131_,76.06µm
_09530_,76.04µm
net1554,76.015µm
_08840_,75.84µm
accelerator_u.array_inst.b_v\[5\]\[7\],75.74µm
_09578_,75.685µm
accelerator_u.array_inst.acc\[12\]\[19\],75.67µm
accelerator_u.array_inst.acc\[4\]\[22\],75.66µm
_09903_,75.6µm
accelerator_u.array_inst.a_h\[2\]\[2\],75.56µm
net2297,75.52µm
accelerator_u.array_inst.acc\[5\]\[29\],75.52µm
net1380,75.46µm
_05759_,75.42µm
clknet_leaf_69_clk,75.38µm
_11603_,75.38µm
net2290,75.35µm
_06337_,75.31µm
_06929_,75.22µm
accelerator_u.mat_b_reg\[3\]\[30\],75.2µm
_10738_,75.18µm
_12084_,75.14µm
net1763,75.12µm
clknet_leaf_187_clk,75.06µm
_04519_,74.96µm
net2063,74.86µm
core_u.rf_u.registers\[11\]\[5\],74.83µm
accelerator_u.array_inst.acc\[3\]\[23\],74.805µm
_10306_,74.78µm
accelerator_u.array_inst.b_v\[13\]\[7\],74.64µm
net1972,74.56µm
core_u.rf_u.registers\[3\]\[8\],74.54µm
_04016_,74.4µm
net1498,74.32µm
accelerator_u.array_inst.acc\[9\]\[21\],74.29µm
_10709_,74.12µm
accelerator_u.mat_b_reg\[0\]\[4\],74.1µm
net447,74.09µm
_09780_,74.04µm
_10064_,74.04µm
clknet_leaf_167_clk,74µm
_10714_,73.94µm
net421,73.91µm
accelerator_u.array_inst.acc\[7\]\[2\],73.89µm
accelerator_u.mat_a_reg\[2\]\[11\],73.84µm
accelerator_u.mat_a_reg\[2\]\[30\],73.84µm
_06175_,73.8µm
net2051,73.8µm
accelerator_u.array_inst.acc\[9\]\[27\],73.74µm
_06370_,73.7µm
_10078_,73.7µm
axi_ctrl_rdata\[16\],73.6µm
core_u.rf_u.registers\[6\]\[5\],73.6µm
net1795,73.585µm
_08783_,73.52µm
net1764,73.51µm
net1495,73.36µm
accelerator_u.array_inst.b_v\[13\]\[6\],73.36µm
_06537_,73.34µm
_04142_,73.28µm
_06760_,73.205µm
_06866_,73.2µm
_08619_,73.08µm
net2062,73.07µm
_06912_,73.04µm
_12597_,73.04µm
_10252_,73µm
_10020_,72.96µm
_07764_,72.92µm
net1998,72.84µm
accelerator_u.array_inst.acc\[4\]\[17\],72.785µm
_12613_,72.78µm
accelerator_u.array_inst.acc\[2\]\[25\],72.76µm
_06493_,72.72µm
_10893_,72.64µm
_13147_,72.64µm
accelerator_u.array_inst.acc\[6\]\[7\],72.64µm
accelerator_u.array_inst.acc\[15\]\[31\],72.62µm
accelerator_u.array_inst.acc\[12\]\[14\],72.595µm
_08266_,72.54µm
_10473_,72.52µm
net1437,72.52µm
net342,72.52µm
_08401_,72.46µm
accelerator_u.array_inst.b_v\[14\]\[0\],72.44µm
accelerator_u.array_inst.a_h\[12\]\[7\],72.4µm
_01933_,72.38µm
_02654_,72.3µm
accelerator_u.array_inst.acc\[5\]\[26\],72.24µm
net1974,72.06µm
_11669_,72.045µm
_06339_,72.02µm
_09485_,71.98µm
net2259,71.96µm
core_u.rf_u.registers\[8\]\[13\],71.86µm
clknet_leaf_50_clk,71.82µm
_11019_,71.74µm
_06287_,71.72µm
_06364_,71.72µm
_08581_,71.64µm
_12211_,71.59µm
_06905_,71.58µm
_06341_,71.48µm
net1838,71.43µm
_06371_,71.42µm
net420,71.41µm
_06865_,71.32µm
accelerator_u.mat_a_reg\[1\]\[23\],71.24µm
_10748_,71.12µm
net494,71.025µm
_04120_,70.98µm
_08171_,70.94µm
net2278,70.83µm
clknet_leaf_24_clk,70.82µm
_02805_,70.77µm
net1340,70.76µm
clknet_leaf_51_clk,70.74µm
core_u.rf_u.registers\[2\]\[10\],70.72µm
_10113_,70.68µm
net451,70.67µm
net305,70.65µm
accelerator_u.array_inst.acc\[4\]\[20\],70.625µm
net1318,70.56µm
_12948_,70.56µm
clknet_leaf_49_clk,70.36µm
net2037,70.34µm
_06938_,70.28µm
accelerator_u.array_inst.acc\[11\]\[16\],70.26µm
net2035,70.26µm
clknet_leaf_79_clk,70.24µm
_03710_,70.24µm
clknet_leaf_8_clk,70.19µm
_09570_,70.18µm
_08423_,70.15µm
_10022_,70.04µm
_06244_,70µm
_11667_,70µm
_11632_,69.96µm
accelerator_u.array_inst.acc\[8\]\[3\],69.905µm
_02277_,69.88µm
clknet_leaf_84_clk,69.86µm
accelerator_u.mat_b_reg\[1\]\[23\],69.86µm
accelerator_u.mat_a_reg\[2\]\[7\],69.84µm
_08752_,69.74µm
_09567_,69.655µm
_06658_,69.64µm
net1536,69.62µm
_08984_,69.485µm
_09364_,69.48µm
net1746,69.48µm
net330,69.42µm
accelerator_u.array_inst.acc\[14\]\[13\],69.38µm
_05404_,69.31µm
net2317,69.29µm
_06915_,69.28µm
_11530_,69.26µm
_08238_,69.24µm
_10149_,69.24µm
net1942,69.21µm
_07737_,69.16µm
_04906_,69µm
_07003_,68.93µm
_06743_,68.92µm
_09363_,68.89µm
_09349_,68.8µm
_06527_,68.76µm
_08761_,68.72µm
core_u.rf_u.registers\[9\]\[25\],68.605µm
accelerator_u.array_inst.acc\[7\]\[1\],68.575µm
accelerator_u.array_inst.acc\[5\]\[4\],68.56µm
_08907_,68.5µm
accelerator_u.array_inst.b_v\[15\]\[0\],68.48µm
_06558_,68.44µm
_08938_,68.41µm
net2272,68.39µm
_06820_,68.3µm
_10799_,68.28µm
_12576_,68.26µm
accelerator_u.array_inst.a_h\[6\]\[3\],68.24µm
accelerator_u.array_inst.a_h\[13\]\[3\],68.22µm
accelerator_u.array_inst.acc\[11\]\[30\],68.16µm
accelerator_u.array_inst.acc\[5\]\[7\],68.13µm
_06953_,68.12µm
_03687_,68.1µm
_01969_,68.09µm
_06845_,68.08µm
net2307,68µm
axi_ctrl_rdata\[20\],68µm
_10110_,67.98µm
net407,67.94µm
_10853_,67.88µm
clknet_leaf_108_clk,67.87µm
net2289,67.81µm
_06839_,67.78µm
accelerator_u.array_inst.acc\[9\]\[25\],67.74µm
net1737,67.725µm
_06216_,67.7µm
_10765_,67.66µm
_09392_,67.64µm
accelerator_u.mat_a_reg\[2\]\[17\],67.54µm
net439,67.49µm
_09867_,67.48µm
_08363_,67.46µm
net1445,67.4µm
net1365,67.38µm
clknet_leaf_32_clk,67.34µm
_06564_,67.32µm
net1988,67.27µm
_09591_,67.21µm
_06326_,67.2µm
net2039,67.12µm
_07013_,67.1µm
net473,67.08µm
_12675_,67.02µm
_10158_,67µm
_10312_,67µm
_06600_,66.9µm
_11568_,66.9µm
_11569_,66.9µm
net1404,66.86µm
_03992_,66.82µm
net1932,66.74µm
net1548,66.71µm
accelerator_u.array_inst.clr_acc,66.56µm
net1410,66.44µm
_08894_,66.42µm
accelerator_u.array_inst.acc\[5\]\[19\],66.38µm
accelerator_u.mat_a_reg\[3\]\[2\],66.3µm
_12186_,66.26µm
clknet_leaf_34_clk,66.24µm
_10102_,66.18µm
accelerator_u.array_inst.acc\[5\]\[6\],66.16µm
net1950,66.06µm
clknet_leaf_160_clk,66.04µm
core_u.rf_u.registers\[14\]\[10\],66.02µm
net314,65.99µm
_13134_,65.98µm
accelerator_u.array_inst.acc\[7\]\[20\],65.98µm
_08642_,65.96µm
accelerator_u.array_inst.b_v\[14\]\[3\],65.96µm
accelerator_u.array_inst.acc\[12\]\[16\],65.92µm
_07047_,65.8µm
net377,65.79µm
clknet_leaf_113_clk,65.76µm
net1414,65.755µm
accelerator_u.mat_a_reg\[0\]\[19\],65.72µm
_06411_,65.64µm
_08854_,65.64µm
accelerator_u.array_inst.acc\[5\]\[14\],65.62µm
_10313_,65.42µm
_08666_,65.32µm
_10053_,65.32µm
net1412,65.26µm
_08011_,65.24µm
net2277,65.22µm
_06363_,65.22µm
_05784_,65.14µm
net462,65.1µm
accelerator_u.array_inst.acc\[5\]\[13\],65.02µm
_09075_,65µm
_10068_,65µm
accelerator_u.step\[0\],65µm
_04121_,64.98µm
net326,64.85µm
accelerator_u.array_inst.acc\[14\]\[23\],64.845µm
_08260_,64.76µm
_10668_,64.76µm
_07775_,64.74µm
_02863_,64.72µm
_05737_,64.68µm
net1725,64.615µm
_10051_,64.58µm
clknet_leaf_59_clk,64.54µm
_08795_,64.54µm
_10298_,64.54µm
_09095_,64.495µm
accelerator_u.mat_b_reg\[3\]\[22\],64.46µm
net1757,64.44µm
_01992_,64.44µm
_05976_,64.44µm
_06763_,64.42µm
_09952_,64.42µm
_10139_,64.38µm
_08309_,64.32µm
core_u.rf_u.registers\[14\]\[20\],64.32µm
net1801,64.285µm
_06806_,64.26µm
_07090_,64.04µm
net1374,64.02µm
clknet_leaf_74_clk,64µm
net2302,63.89µm
_11249_,63.86µm
clknet_leaf_112_clk,63.84µm
clknet_leaf_106_clk,63.78µm
_09079_,63.76µm
_06184_,63.74µm
net2083,63.72µm
_09073_,63.62µm
_06325_,63.58µm
_06526_,63.46µm
_08170_,63.46µm
_08773_,63.46µm
accelerator_u.RDATA\[28\],63.46µm
core_u.rf_u.registers\[9\]\[7\],63.455µm
net483,63.44µm
accelerator_u.array_inst.acc\[3\]\[22\],63.38µm
_08891_,63.32µm
_03659_,63.26µm
_09059_,63.26µm
_13150_,63.2µm
_11673_,63.18µm
net1727,63.1µm
net2267,63.08µm
_06618_,63.08µm
accelerator_u.array_inst.acc\[15\]\[13\],63.01µm
core_u.rf_u.registers\[9\]\[10\],63µm
_13080_,62.94µm
accelerator_u.array_inst.acc\[4\]\[5\],62.94µm
clknet_leaf_47_clk,62.88µm
accelerator_u.array_inst.acc\[8\]\[23\],62.88µm
accelerator_u.mat_a_reg\[2\]\[15\],62.86µm
_10092_,62.84µm
net346,62.84µm
clknet_leaf_98_clk,62.83µm
net1909,62.73µm
_09965_,62.64µm
_12736_,62.63µm
_06863_,62.52µm
_08089_,62.44µm
net2276,62.43µm
_09401_,62.42µm
_02404_,62.38µm
_06178_,62.34µm
accelerator_u.mat_b_reg\[3\]\[1\],62.34µm
accelerator_u.array_inst.acc\[9\]\[19\],62.32µm
_09784_,62.2µm
_07022_,62.16µm
_08678_,62µm
_10657_,61.98µm
_06963_,61.96µm
_09871_,61.96µm
_08669_,61.78µm
accelerator_u.array_inst.acc\[4\]\[23\],61.74µm
net2288,61.72µm
_09119_,61.68µm
_10221_,61.66µm
_10896_,61.56µm
accelerator_u.array_inst.b_v\[13\]\[0\],61.56µm
accelerator_u.mat_a_reg\[3\]\[12\],61.56µm
accelerator_u.array_inst.acc\[1\]\[3\],61.54µm
accelerator_u.array_inst.a_h\[3\]\[7\],61.48µm
net1531,61.46µm
_08196_,61.435µm
_06180_,61.42µm
_11477_,61.42µm
_08406_,61.32µm
accelerator_u.array_inst.acc\[4\]\[2\],61.32µm
accelerator_u.array_inst.b_v\[15\]\[6\],61.32µm
net1908,61.28µm
core_u.rf_u.registers\[8\]\[26\],61.2µm
_08063_,61.18µm
_09426_,61.14µm
_10280_,61.06µm
_08587_,61.04µm
_06686_,61.02µm
_06383_,60.98µm
net389,60.91µm
net395,60.89µm
accelerator_u.array_inst.a_h\[13\]\[6\],60.88µm
accelerator_u.mat_a_reg\[1\]\[5\],60.865µm
_10632_,60.85µm
net399,60.85µm
net2291,60.84µm
_11652_,60.81µm
_10008_,60.78µm
_10281_,60.765µm
_07123_,60.76µm
_11671_,60.76µm
accelerator_u.array_inst.acc\[13\]\[18\],60.74µm
net2275,60.5µm
accelerator_u.array_inst.b_v\[12\]\[0\],60.46µm
_10974_,60.34µm
accelerator_u.array_inst.acc\[0\]\[3\],60.3µm
_07969_,60.27µm
accelerator_u.array_inst.b_v\[14\]\[2\],60.225µm
net2093,60.18µm
_09983_,60.16µm
core_u.rf_u.registers\[6\]\[16\],60.1µm
net466,60.06µm
core_u.rf_u.registers\[1\]\[27\],60.01µm
_06382_,60µm
accelerator_u.array_inst.b_v\[15\]\[3\],60µm
accelerator_u.array_inst.acc\[14\]\[16\],59.96µm
accelerator_u.ARADDR\[4\],59.93µm
accelerator_u.mat_a_reg\[3\]\[6\],59.93µm
_10065_,59.92µm
_09063_,59.9µm
_10253_,59.9µm
core_u.rf_u.registers\[9\]\[22\],59.81µm
_02828_,59.76µm
accelerator_u.array_inst.acc\[7\]\[0\],59.74µm
_10145_,59.64µm
net2300,59.63µm
_08877_,59.6µm
_06840_,59.52µm
clknet_leaf_169_clk,59.515µm
_08846_,59.51µm
accelerator_u.array_inst.b_v\[7\]\[5\],59.46µm
clknet_leaf_44_clk,59.4µm
_10279_,59.4µm
_09487_,59.38µm
accelerator_u.array_inst.acc\[5\]\[8\],59.32µm
accelerator_u.array_inst.acc\[8\]\[27\],59.28µm
net2038,59.2µm
accelerator_u.array_inst.b_v\[11\]\[1\],59.18µm
_05782_,59.16µm
_09994_,59.12µm
_12673_,59.06µm
accelerator_u.mat_a_reg\[3\]\[13\],59.005µm
accelerator_u.array_inst.a_h\[8\]\[0\],58.99µm
_08859_,58.94µm
_09087_,58.86µm
net2175,58.76µm
_10703_,58.76µm
_06245_,58.72µm
_07039_,58.52µm
_09809_,58.36µm
accelerator_u.array_inst.b_v\[15\]\[4\],58.36µm
accelerator_u.array_inst.acc\[2\]\[31\],58.3µm
_08222_,58.26µm
_08769_,58.26µm
_04143_,58.12µm
net1907,58.015µm
accelerator_u.array_inst.acc\[5\]\[18\],57.96µm
_10224_,57.945µm
_06862_,57.92µm
clknet_leaf_6_clk,57.9µm
_10284_,57.9µm
_08733_,57.88µm
_08888_,57.78µm
_07935_,57.68µm
accelerator_u.mat_a_reg\[2\]\[12\],57.68µm
_06194_,57.66µm
_06926_,57.63µm
master_u.state\[0\],57.535µm
_03673_,57.48µm
_09446_,57.44µm
core_u.rf_u.registers\[7\]\[20\],57.44µm
_06885_,57.43µm
_09936_,57.42µm
_06669_,57.4µm
_12517_,57.33µm
_09316_,57.32µm
core_u.rf_u.registers\[9\]\[20\],57.26µm
accelerator_u.AWREADY,57.2µm
net430,57.18µm
core_u.rf_u.registers\[2\]\[15\],57.14µm
_10472_,57.1µm
_02616_,57.06µm
net2230,57µm
_09840_,56.98µm
_09892_,56.98µm
net465,56.93µm
accelerator_u.array_inst.acc\[6\]\[8\],56.9µm
_09820_,56.88µm
net1882,56.86µm
clknet_leaf_111_clk,56.84µm
net2271,56.81µm
_08644_,56.72µm
_08092_,56.685µm
_10741_,56.68µm
_08734_,56.64µm
_10254_,56.64µm
accelerator_u.array_inst.acc\[3\]\[20\],56.64µm
accelerator_u.array_inst.b_v\[13\]\[3\],56.615µm
_10159_,56.6µm
_11736_,56.56µm
_05937_,56.52µm
_10012_,56.46µm
_01809_,56.36µm
accelerator_u.mat_b_reg\[2\]\[11\],56.275µm
accelerator_u.mat_a_reg\[3\]\[7\],56.27µm
core_u.rf_u.registers\[4\]\[5\],56.24µm
accelerator_u.array_inst.acc\[5\]\[3\],56.14µm
_11104_,56.12µm
accelerator_u.mat_b_reg\[0\]\[23\],56.12µm
_10188_,56.08µm
_10085_,56.06µm
_10037_,56µm
accelerator_u.mat_b_reg\[1\]\[1\],55.94µm
accelerator_u.array_inst.acc\[14\]\[11\],55.91µm
_12205_,55.86µm
_02810_,55.8µm
net463,55.74µm
_06514_,55.66µm
core_u.rf_u.registers\[8\]\[3\],55.655µm
accelerator_u.array_inst.acc\[4\]\[27\],55.565µm
_08580_,55.56µm
accelerator_u.array_inst.acc\[11\]\[31\],55.56µm
_08128_,55.4µm
_04921_,55.38µm
_09949_,55.38µm
_10029_,55.36µm
_12403_,55.36µm
_06315_,55.32µm
_12949_,55.26µm
_12980_,55.25µm
_06271_,55.22µm
accelerator_u.array_inst.acc\[5\]\[10\],55.22µm
accelerator_u.array_inst.acc\[4\]\[16\],55.185µm
_06606_,55.14µm
_08923_,55.12µm
axi_ctrl_wdata\[25\],55.08µm
accelerator_u.array_inst.acc\[13\]\[1\],55.04µm
_09085_,55.02µm
_11713_,54.98µm
accelerator_u.mat_a_reg\[3\]\[16\],54.94µm
clknet_leaf_48_clk,54.88µm
accelerator_u.array_inst.acc\[3\]\[18\],54.88µm
_07881_,54.86µm
_09897_,54.72µm
net1341,54.64µm
core_u.rf_u.registers\[10\]\[4\],54.64µm
net418,54.64µm
_10178_,54.615µm
net468,54.59µm
_08087_,54.58µm
_11127_,54.54µm
_12621_,54.5µm
_12971_,54.5µm
accelerator_u.mat_a_reg\[3\]\[15\],54.5µm
_07978_,54.48µm
_06842_,54.46µm
accelerator_u.array_inst.acc\[15\]\[7\],54.46µm
_09634_,54.44µm
net476,54.42µm
_01962_,54.36µm
accelerator_u.mat_b_reg\[3\]\[21\],54.28µm
clknet_leaf_81_clk,54.22µm
_11130_,54.12µm
accelerator_u.mat_b_reg\[3\]\[0\],54.08µm
core_u.rf_u.registers\[5\]\[19\],54.025µm
net2315,53.96µm
_08276_,53.94µm
_02862_,53.93µm
accelerator_u.array_inst.b_v\[13\]\[2\],53.905µm
core_u.rf_u.registers\[2\]\[18\],53.84µm
_06965_,53.8µm
_12721_,53.74µm
_07733_,53.7µm
core_u.rf_u.registers\[13\]\[27\],53.695µm
net480,53.695µm
_11012_,53.68µm
net2226,53.68µm
accelerator_u.array_inst.a_h\[1\]\[1\],53.63µm
accelerator_u.array_inst.b_v\[14\]\[1\],53.6µm
_11674_,53.54µm
_01901_,53.52µm
_06263_,53.4µm
_09113_,53.4µm
_11048_,53.36µm
_12974_,53.26µm
_06286_,53.24µm
_09415_,53.24µm
accelerator_u.array_inst.acc\[2\]\[28\],53.24µm
net2294,53.18µm
_06810_,53.14µm
net372,53.11µm
_06804_,53.1µm
core_u.rf_u.registers\[11\]\[8\],53.09µm
_11326_,53.04µm
_10251_,53.02µm
_12329_,52.98µm
net2284,52.95µm
_02821_,52.94µm
net1442,52.94µm
_07119_,52.9µm
_06538_,52.895µm
accelerator_u.array_inst.b_v\[14\]\[6\],52.8µm
accelerator_u.array_inst.b_v\[13\]\[1\],52.76µm
core_u.rf_u.registers\[14\]\[29\],52.725µm
_08450_,52.66µm
_10323_,52.66µm
_13154_,52.64µm
_10028_,52.6µm
_06241_,52.57µm
_06784_,52.42µm
_10981_,52.42µm
_09042_,52.38µm
_09709_,52.34µm
accelerator_u.array_inst.acc\[6\]\[21\],52.29µm
_06274_,52.26µm
_05767_,52.24µm
_05813_,52.24µm
_11079_,52.24µm
core_u.rf_u.registers\[15\]\[28\],52.185µm
_06367_,52.135µm
_08709_,52.1µm
_12987_,52.06µm
_08261_,52.015µm
net2091,52µm
_02385_,51.96µm
_12686_,51.96µm
_07010_,51.94µm
core_u.rf_u.registers\[5\]\[22\],51.94µm
_06391_,51.92µm
core_u.rf_u.registers\[6\]\[25\],51.92µm
core_u.rf_u.registers\[10\]\[9\],51.88µm
_09815_,51.86µm
_06914_,51.84µm
net419,51.82µm
_02004_,51.78µm
_06876_,51.7µm
_10157_,51.7µm
core_u.rf_u.registers\[5\]\[17\],51.66µm
_10302_,51.62µm
_11242_,51.6µm
_04910_,51.58µm
_10934_,51.58µm
_08879_,51.575µm
core_u.rf_u.registers\[9\]\[15\],51.52µm
_08411_,51.5µm
_06761_,51.48µm
_09922_,51.46µm
_08916_,51.4µm
accelerator_u.array_inst.acc\[11\]\[26\],51.26µm
imem_data[21],51.23µm
net470,51.19µm
accelerator_u.array_inst.acc\[10\]\[25\],51.14µm
_11851_,51.12µm
accelerator_u.array_inst.b_v\[11\]\[2\],51.1µm
_06206_,51.08µm
_06830_,51.08µm
_06581_,51.02µm
_07809_,51µm
net1743,51µm
net1973,51µm
core_u.rf_u.registers\[5\]\[24\],50.955µm
clknet_leaf_195_clk,50.88µm
_04892_,50.79µm
_06280_,50.7µm
clknet_leaf_122_clk,50.66µm
accelerator_u.array_inst.acc\[7\]\[18\],50.66µm
_12900_,50.63µm
_10704_,50.6µm
net2318,50.59µm
net1522,50.575µm
_13069_,50.57µm
net475,50.55µm
_06403_,50.52µm
_05400_,50.48µm
_08313_,50.46µm
_12224_,50.45µm
accelerator_u.array_inst.acc\[11\]\[27\],50.4µm
_03284_,50.34µm
_06565_,50.34µm
_08113_,50.32µm
accelerator_u.array_inst.acc\[6\]\[0\],50.28µm
_11185_,50.22µm
_06556_,50.18µm
core_u.rf_u.registers\[5\]\[7\],50.14µm
_03651_,50.13µm
_09011_,50.1µm
_12660_,50.1µm
accelerator_u.array_inst.acc\[10\]\[23\],50.1µm
_11350_,50.08µm
_01021_,50.06µm
_06257_,50µm
_08141_,50µm
_11483_,49.9µm
accelerator_u.array_inst.a_h\[18\]\[5\],49.9µm
net2280,49.82µm
core_u.rf_u.registers\[2\]\[11\],49.82µm
accelerator_u.array_inst.acc\[8\]\[31\],49.805µm
accelerator_u.ARADDR\[0\],49.8µm
master_u.state\[4\],49.76µm
_09959_,49.75µm
_09047_,49.68µm
_10161_,49.68µm
accelerator_u.array_inst.a_h\[17\]\[3\],49.575µm
_11196_,49.42µm
_06183_,49.3µm
_12952_,49.28µm
clknet_leaf_9_clk,49.23µm
core_u.rf_u.registers\[5\]\[14\],49.08µm
net312,49.08µm
_10733_,49.06µm
_04990_,49.02µm
_06352_,49.02µm
_09866_,49.02µm
core_u.rf_u.registers\[15\]\[17\],49.02µm
_06333_,48.92µm
_00196_,48.9µm
_11901_,48.8µm
_09525_,48.68µm
accelerator_u.mat_b_reg\[3\]\[8\],48.645µm
_06501_,48.62µm
accelerator_u.ARREADY,48.58µm
axi_ctrl_rdata\[21\],48.4µm
accelerator_u.mat_a_reg\[2\]\[6\],48.36µm
_07037_,48.26µm
core_u.rf_u.registers\[4\]\[8\],48.24µm
_11730_,48.1µm
accelerator_u.array_inst.a_h\[6\]\[5\],48µm
accelerator_u.mat_a_reg\[0\]\[10\],47.9µm
_12443_,47.88µm
_10285_,47.86µm
_06874_,47.84µm
_10691_,47.82µm
_09317_,47.78µm
accelerator_u.mat_b_reg\[0\]\[17\],47.78µm
accelerator_u.ARVALID,47.76µm
_12083_,47.72µm
_09024_,47.7µm
_12930_,47.7µm
accelerator_u.array_inst.acc\[11\]\[25\],47.66µm
core_u.rf_u.registers\[3\]\[13\],47.645µm
_12141_,47.64µm
net1407,47.6µm
_09882_,47.58µm
_09900_,47.56µm
_10294_,47.56µm
_07057_,47.54µm
_11681_,47.54µm
_06057_,47.52µm
accelerator_u.array_inst.acc\[2\]\[26\],47.52µm
_12836_,47.36µm
_08981_,47.26µm
core_u.rf_u.registers\[2\]\[3\],47.24µm
_07933_,47.18µm
_10678_,47.18µm
axi_ctrl_rdata\[23\],47.18µm
core_u.rf_u.registers\[6\]\[3\],47.16µm
_02555_,47.14µm
accelerator_u.array_inst.b_v\[8\]\[2\],47.14µm
_08424_,47.12µm
_11257_,47.1µm
_11737_,47.1µm
core_u.rf_u.registers\[8\]\[25\],47.08µm
core_u.rf_u.registers\[7\]\[18\],47.06µm
accelerator_u.array_inst.acc\[5\]\[2\],47.045µm
_03227_,47.035µm
core_u.rf_u.registers\[6\]\[8\],46.98µm
_04570_,46.945µm
_07819_,46.94µm
core_u.rf_u.registers\[1\]\[17\],46.915µm
_12364_,46.82µm
_06548_,46.78µm
_07996_,46.74µm
_12976_,46.7µm
net2312,46.69µm
axi_ctrl_addr\[6\],46.68µm
_10179_,46.62µm
_07345_,46.56µm
_08116_,46.55µm
core_u.rf_u.registers\[13\]\[31\],46.545µm
_12637_,46.54µm
net422,46.44µm
_09735_,46.41µm
core_u.rf_u.registers\[10\]\[5\],46.34µm
accelerator_u.array_inst.acc\[0\]\[16\],46.31µm
_10274_,46.3µm
core_u.rf_u.registers\[7\]\[13\],46.3µm
core_u.rf_u.registers\[10\]\[31\],46.12µm
core_u.rf_u.registers\[9\]\[5\],46.1µm
net2138,46.06µm
_06292_,46.02µm
accelerator_u.array_inst.acc\[8\]\[21\],46.02µm
_07820_,45.94µm
_08954_,45.86µm
_08816_,45.78µm
_11024_,45.76µm
_10075_,45.74µm
_08693_,45.72µm
_04085_,45.66µm
_06557_,45.65µm
axi_ctrl_addr\[4\],45.64µm
core_u.rf_u.registers\[14\]\[24\],45.62µm
_12556_,45.6µm
_09958_,45.56µm
_11676_,45.56µm
_12708_,45.56µm
net2287,45.52µm
accelerator_u.array_inst.acc\[7\]\[26\],45.48µm
_12871_,45.44µm
core_u.rf_u.registers\[14\]\[4\],45.435µm
accelerator_u.array_inst.acc\[12\]\[17\],45.425µm
accelerator_u.array_inst.acc\[13\]\[22\],45.38µm
net1906,45.275µm
_03019_,45.26µm
_06335_,45.22µm
_06893_,45.22µm
_06888_,45.14µm
_04529_,45.1µm
_09040_,45.08µm
_08583_,45.06µm
_07031_,45.02µm
_09282_,45.02µm
_07730_,45µm
_03689_,44.98µm
_10982_,44.96µm
accelerator_u.array_inst.acc\[10\]\[24\],44.845µm
_00914_,44.84µm
_03685_,44.84µm
core_u.rf_u.registers\[6\]\[20\],44.82µm
_08314_,44.76µm
accelerator_u.array_inst.acc\[10\]\[27\],44.74µm
clknet_leaf_26_clk,44.72µm
net2305,44.68µm
_13262_,44.64µm
_10184_,44.62µm
axi_ctrl_rdata\[12\],44.6µm
_07016_,44.56µm
_05723_,44.48µm
net2024,44.48µm
_12713_,44.44µm
_12427_,44.42µm
net2270,44.4µm
_04586_,44.34µm
_09953_,44.34µm
_11753_,44.32µm
_09779_,44.28µm
_12476_,44.28µm
accelerator_u.mat_a_reg\[3\]\[21\],44.26µm
_04535_,44.2µm
accelerator_u.array_inst.acc\[7\]\[22\],44.16µm
core_u.rf_u.registers\[2\]\[21\],44.16µm
_08073_,44.12µm
_11357_,44.12µm
core_u.rf_u.registers\[6\]\[15\],44.1µm
_03274_,44.08µm
accelerator_u.array_inst.acc\[6\]\[23\],44.04µm
net2331,44.02µm
_10305_,44µm
_06629_,43.98µm
_08545_,43.98µm
core_u.rf_u.registers\[8\]\[11\],43.98µm
_09012_,43.94µm
_08373_,43.92µm
_11118_,43.92µm
_12681_,43.88µm
_11701_,43.84µm
_08559_,43.82µm
core_u.rf_u.registers\[13\]\[19\],43.8µm
_08953_,43.76µm
_12636_,43.7µm
_06496_,43.68µm
_07815_,43.68µm
_05641_,43.6µm
_11999_,43.58µm
accelerator_u.array_inst.acc\[9\]\[28\],43.565µm
_04680_,43.56µm
axi_ctrl_addr\[2\],43.56µm
accelerator_u.array_inst.b_v\[13\]\[4\],43.52µm
core_u.rf_u.registers\[8\]\[10\],43.46µm
net317,43.46µm
accelerator_u.ARADDR\[2\],43.42µm
_06766_,43.35µm
accelerator_u.array_inst.acc\[1\]\[16\],43.32µm
accelerator_u.array_inst.acc\[5\]\[0\],43.245µm
_11787_,43.18µm
_02867_,43.16µm
_12629_,43.13µm
_09114_,43.12µm
_10635_,43.12µm
net1684,43.12µm
_06290_,43.08µm
_09895_,43.04µm
_02000_,43.03µm
_12481_,43µm
_06711_,42.98µm
_09679_,42.92µm
net1707,42.92µm
core_u.rf_u.registers\[5\]\[16\],42.905µm
_10119_,42.9µm
core_u.rf_u.registers\[10\]\[30\],42.86µm
core_u.rf_u.registers\[3\]\[18\],42.85µm
core_u.rf_u.registers\[11\]\[22\],42.76µm
_10011_,42.74µm
core_u.rf_u.registers\[6\]\[19\],42.72µm
core_u.rf_u.registers\[14\]\[17\],42.68µm
_06577_,42.66µm
_12164_,42.615µm
_08367_,42.58µm
core_u.rf_u.registers\[6\]\[13\],42.565µm
net1405,42.56µm
_05402_,42.5µm
_08506_,42.5µm
_06209_,42.48µm
_12284_,42.47µm
axi_ctrl_wdata\[12\],42.44µm
_12926_,42.42µm
core_u.rf_u.registers\[8\]\[5\],42.42µm
net357,42.41µm
_08529_,42.4µm
net2084,42.4µm
_06616_,42.38µm
axi_ctrl_wdata\[14\],42.36µm
core_u.rf_u.registers\[1\]\[12\],42.33µm
_09961_,42.26µm
_12260_,42.22µm
_04993_,42.2µm
_13328_,42.2µm
core_u.rf_u.registers\[1\]\[2\],42.18µm
_07942_,42.15µm
net302,42.08µm
_07967_,42.05µm
_06737_,42.04µm
_10262_,42.02µm
_02384_,42µm
_10230_,41.98µm
_04515_,41.96µm
net467,41.94µm
_10644_,41.92µm
_06852_,41.84µm
_10854_,41.8µm
_09035_,41.76µm
_11393_,41.74µm
_10311_,41.7µm
accelerator_u.array_inst.acc\[1\]\[27\],41.64µm
_08371_,41.62µm
master_u.state\[3\],41.61µm
accelerator_u.mat_a_reg\[2\]\[22\],41.54µm
_11743_,41.5µm
_07110_,41.46µm
accelerator_u.ARADDR\[1\],41.42µm
accelerator_u.array_inst.acc\[2\]\[8\],41.34µm
_08690_,41.3µm
net308,41.3µm
_06311_,41.22µm
_08435_,41.22µm
net442,41.22µm
_10147_,41.2µm
accelerator_u.mat_a_reg\[1\]\[31\],41.195µm
accelerator_u.array_inst.acc\[10\]\[28\],41.19µm
_01951_,41.18µm
_08248_,41.16µm
_09112_,41.16µm
accelerator_u.mat_a_reg\[2\]\[10\],41.16µm
_09072_,41.14µm
_13296_,41.14µm
_08755_,41.12µm
_08939_,41.1µm
_11347_,41.08µm
_06591_,41.04µm
_06918_,41µm
core_u.rf_u.registers\[15\]\[0\],41µm
_08839_,40.96µm
_13166_,40.92µm
accelerator_u.array_inst.acc\[14\]\[21\],40.92µm
net306,40.92µm
_04156_,40.88µm
_02685_,40.86µm
accelerator_u.array_inst.acc\[4\]\[29\],40.84µm
_05698_,40.82µm
_10215_,40.8µm
core_u.rf_u.registers\[9\]\[29\],40.78µm
core_u.rf_u.registers\[12\]\[12\],40.76µm
_06475_,40.755µm
_06576_,40.7µm
_10745_,40.66µm
_12648_,40.58µm
_08025_,40.56µm
_09488_,40.56µm
_02684_,40.54µm
core_u.rf_u.registers\[11\]\[17\],40.52µm
axi_ctrl_addr\[0\],40.48µm
_13337_,40.46µm
core_u.rf_u.registers\[14\]\[28\],40.405µm
_05367_,40.3µm
_06670_,40.3µm
accelerator_u.mat_a_reg\[3\]\[11\],40.28µm
_02778_,40.26µm
core_u.rf_u.registers\[13\]\[13\],40.25µm
_05377_,40.23µm
_04158_,40.2µm
core_u.rf_u.registers\[10\]\[23\],40.16µm
_06402_,40.12µm
_04913_,40.1µm
_09670_,40.1µm
accelerator_u.array_inst.acc\[12\]\[1\],40.06µm
_04030_,40.04µm
accelerator_u.array_inst.acc\[3\]\[19\],40.025µm
_04788_,40.02µm
axi_ctrl_rdata\[18\],40.02µm
accelerator_u.array_inst.acc\[9\]\[17\],40µm
_11675_,39.96µm
_11860_,39.96µm
_12278_,39.96µm
_12985_,39.92µm
core_u.rf_u.registers\[7\]\[16\],39.88µm
_09916_,39.86µm
_06478_,39.855µm
_09070_,39.85µm
_05374_,39.84µm
_07944_,39.835µm
accelerator_u.mat_b_reg\[3\]\[20\],39.765µm
_06539_,39.76µm
accelerator_u.array_inst.acc\[6\]\[1\],39.76µm
_01934_,39.74µm
_04860_,39.74µm
_11239_,39.74µm
axi_ctrl_rdata\[10\],39.74µm
accelerator_u.array_inst.acc\[3\]\[25\],39.65µm
_08115_,39.62µm
core_u.rf_u.registers\[10\]\[28\],39.58µm
imem_data[18],39.55µm
_12390_,39.52µm
_13143_,39.48µm
_09631_,39.47µm
core_u.rf_u.registers\[14\]\[31\],39.465µm
core_u.rf_u.registers\[10\]\[1\],39.46µm
accelerator_u.array_inst.acc\[2\]\[24\],39.4µm
net1362,39.37µm
_02242_,39.36µm
_09448_,39.36µm
_04572_,39.34µm
_12301_,39.32µm
_03200_,39.3µm
net1843,39.28µm
_07106_,39.24µm
core_u.rf_u.registers\[5\]\[12\],39.22µm
_10192_,39.2µm
_11703_,39.2µm
_05403_,39.16µm
_08893_,39.14µm
_04595_,39.11µm
_12863_,39.1µm
core_u.rf_u.registers\[10\]\[18\],39.06µm
_07977_,39.02µm
_05521_,39µm
_10019_,38.98µm
accelerator_u.array_inst.acc\[7\]\[25\],38.98µm
accelerator_u.array_inst.acc\[1\]\[0\],38.96µm
axi_ctrl_addr\[5\],38.93µm
_08866_,38.88µm
_09663_,38.8µm
_10892_,38.74µm
_06491_,38.72µm
accelerator_u.AWADDR\[3\],38.72µm
_04147_,38.7µm
_08001_,38.7µm
_05432_,38.68µm
accelerator_u.array_inst.acc\[2\]\[29\],38.66µm
_10743_,38.62µm
core_u.rf_u.registers\[2\]\[31\],38.615µm
_10316_,38.6µm
core_u.rf_u.registers\[11\]\[0\],38.58µm
_09470_,38.54µm
_09089_,38.52µm
_08106_,38.5µm
net2285,38.46µm
_08284_,38.42µm
_11708_,38.36µm
accelerator_u.mat_b_reg\[3\]\[5\],38.36µm
core_u.rf_u.registers\[5\]\[23\],38.34µm
net415,38.33µm
_08809_,38.32µm
core_u.rf_u.registers\[12\]\[27\],38.31µm
_07042_,38.28µm
net455,38.26µm
_09417_,38.22µm
_11887_,38.22µm
net1496,38.205µm
_04886_,38.2µm
accelerator_u.array_inst.acc\[11\]\[17\],38.2µm
core_u.rf_u.registers\[10\]\[14\],38.16µm
accelerator_u.mat_a_reg\[3\]\[14\],38.14µm
_02630_,38.08µm
_07968_,38.04µm
core_u.rf_u.registers\[6\]\[2\],38.04µm
_07073_,38.02µm
_08905_,38.02µm
core_u.rf_u.registers\[15\]\[3\],38.02µm
_13333_,37.99µm
_10054_,37.96µm
_11771_,37.96µm
accelerator_u.mat_a_reg\[2\]\[23\],37.94µm
_10125_,37.93µm
accelerator_u.array_inst.acc\[5\]\[30\],37.88µm
_09014_,37.84µm
core_u.rf_u.registers\[7\]\[7\],37.82µm
_04035_,37.78µm
_06800_,37.78µm
_11311_,37.7µm
_08586_,37.68µm
_11980_,37.68µm
_04693_,37.64µm
net315,37.64µm
accelerator_u.array_inst.acc\[14\]\[2\],37.625µm
bridge_u.in_flight,37.62µm
_06684_,37.615µm
_08224_,37.575µm
_03040_,37.56µm
_10897_,37.56µm
accelerator_u.array_inst.a_h\[2\]\[0\],37.56µm
core_u.rf_u.registers\[2\]\[8\],37.52µm
accelerator_u.array_inst.acc\[14\]\[28\],37.445µm
_08883_,37.44µm
accelerator_u.array_inst.acc\[1\]\[18\],37.44µm
core_u.rf_u.registers\[12\]\[11\],37.44µm
core_u.rf_u.registers\[8\]\[27\],37.42µm
core_u.rf_u.registers\[4\]\[25\],37.405µm
_07808_,37.38µm
accelerator_u.array_inst.acc\[6\]\[12\],37.38µm
net307,37.37µm
_06741_,37.34µm
core_u.rf_u.registers\[2\]\[17\],37.22µm
core_u.rf_u.registers\[13\]\[20\],37.18µm
_07164_,37.1µm
core_u.rf_u.registers\[4\]\[1\],37.1µm
accelerator_u.array_inst.b_v\[12\]\[2\],37.08µm
core_u.rf_u.registers\[12\]\[3\],37.04µm
core_u.rf_u.registers\[5\]\[13\],37.02µm
_03057_,37.01µm
_02836_,37µm
_06529_,37µm
_06607_,36.98µm
_06911_,36.98µm
_13012_,36.94µm
core_u.rf_u.registers\[8\]\[14\],36.94µm
_04502_,36.92µm
accelerator_u.array_inst.acc\[13\]\[26\],36.92µm
_08252_,36.88µm
_08739_,36.86µm
core_u.rf_u.registers\[15\]\[5\],36.8µm
core_u.rf_u.registers\[1\]\[5\],36.8µm
core_u.rf_u.registers\[6\]\[12\],36.8µm
_10038_,36.78µm
_03703_,36.76µm
_09477_,36.76µm
accelerator_u.array_inst.acc\[3\]\[16\],36.74µm
core_u.rf_u.registers\[8\]\[4\],36.72µm
accelerator_u.array_inst.acc\[8\]\[16\],36.685µm
core_u.rf_u.registers\[7\]\[1\],36.64µm
_08622_,36.62µm
_09734_,36.62µm
_04031_,36.58µm
_06682_,36.58µm
_12665_,36.58µm
core_u.rf_u.registers\[11\]\[25\],36.565µm
_02576_,36.56µm
_04300_,36.52µm
accelerator_u.mat_b_reg\[3\]\[15\],36.5µm
core_u.rf_u.registers\[1\]\[19\],36.465µm
_13055_,36.46µm
_10079_,36.44µm
core_u.rf_u.registers\[1\]\[7\],36.42µm
_04964_,36.38µm
_07018_,36.36µm
_12547_,36.36µm
core_u.rf_u.registers\[6\]\[24\],36.36µm
_08262_,36.34µm
core_u.rf_u.registers\[13\]\[14\],36.325µm
_12346_,36.32µm
accelerator_u.array_inst.b_v\[15\]\[5\],36.32µm
_07895_,36.3µm
axi_ctrl_addr\[7\],36.3µm
core_u.rf_u.registers\[11\]\[24\],36.3µm
core_u.rf_u.registers\[8\]\[22\],36.26µm
net2344,36.22µm
_06285_,36.2µm
_08445_,36.2µm
accelerator_u.array_inst.acc\[0\]\[27\],36.2µm
_04716_,36.14µm
_06547_,36.1µm
_04351_,36.04µm
_08867_,36.03µm
_08873_,35.95µm
_06066_,35.94µm
_10720_,35.94µm
_04615_,35.92µm
_09077_,35.92µm
_08869_,35.9µm
accelerator_u.array_inst.acc\[5\]\[15\],35.88µm
core_u.rf_u.registers\[3\]\[11\],35.88µm
core_u.rf_u.registers\[4\]\[26\],35.845µm
_11891_,35.84µm
core_u.rf_u.registers\[13\]\[11\],35.82µm
accelerator_u.AWADDR\[1\],35.8µm
accelerator_u.array_inst.acc\[5\]\[1\],35.8µm
_04390_,35.78µm
core_u.rf_u.registers\[3\]\[7\],35.76µm
_08474_,35.74µm
_02574_,35.72µm
_05467_,35.72µm
_11432_,35.69µm
_13018_,35.68µm
core_u.rf_u.registers\[6\]\[17\],35.66µm
_08455_,35.64µm
_08372_,35.62µm
_11137_,35.62µm
_08876_,35.58µm
_08881_,35.56µm
core_u.rf_u.registers\[15\]\[4\],35.54µm
_08264_,35.52µm
_12003_,35.52µm
accelerator_u.mat_a_reg\[1\]\[18\],35.52µm
core_u.rf_u.registers\[12\]\[2\],35.51µm
_08937_,35.5µm
_08231_,35.44µm
core_u.rf_u.registers\[13\]\[21\],35.42µm
accelerator_u.mat_a_reg\[3\]\[9\],35.4µm
net406,35.33µm
_04549_,35.32µm
_08214_,35.3µm
core_u.rf_u.registers\[3\]\[21\],35.3µm
_02640_,35.28µm
_11178_,35.28µm
_12402_,35.28µm
_03509_,35.26µm
_13211_,35.16µm
core_u.rf_u.registers\[7\]\[21\],35.16µm
core_u.rf_u.registers\[8\]\[6\],35.14µm
core_u.rf_u.registers\[8\]\[21\],35.125µm
_08623_,35.12µm
_06242_,35.06µm
_07072_,35.06µm
accelerator_u.array_inst.acc\[6\]\[4\],35.045µm
axi_ctrl_addr\[3\],35.04µm
_09116_,35.02µm
_11808_,34.99µm
_05889_,34.98µm
_08250_,34.96µm
_10073_,34.94µm
_11567_,34.93µm
_05840_,34.92µm
core_u.rf_u.registers\[14\]\[18\],34.92µm
_10794_,34.88µm
_08286_,34.84µm
_06858_,34.82µm
_09796_,34.8µm
_08223_,34.76µm
_08606_,34.76µm
_06939_,34.72µm
accelerator_u.array_inst.a_h\[1\]\[4\],34.72µm
core_u.rf_u.registers\[13\]\[24\],34.72µm
net2221,34.72µm
_06644_,34.7µm
_10629_,34.7µm
accelerator_u.array_inst.a_h\[1\]\[3\],34.7µm
_03154_,34.68µm
_01866_,34.64µm
_08872_,34.64µm
_11806_,34.64µm
_12379_,34.64µm
accelerator_u.array_inst.acc\[8\]\[25\],34.64µm
_03173_,34.6µm
_03647_,34.56µm
_05451_,34.56µm
_12216_,34.54µm
accelerator_u.array_inst.a_h\[13\]\[5\],34.54µm
_09435_,34.53µm
_02835_,34.52µm
_11656_,34.52µm
accelerator_u.mat_b_reg\[3\]\[2\],34.51µm
core_u.rf_u.registers\[2\]\[5\],34.4µm
_12482_,34.38µm
_02732_,34.36µm
core_u.rf_u.registers\[13\]\[29\],34.345µm
net1778,34.32µm
_05792_,34.31µm
_06611_,34.3µm
net1352,34.3µm
core_u.rf_u.registers\[5\]\[9\],34.28µm
_02745_,34.18µm
_08398_,34.18µm
accelerator_u.array_inst.acc\[3\]\[26\],34.165µm
_03258_,34.16µm
_11858_,34.14µm
core_u.rf_u.registers\[9\]\[17\],34.125µm
_10194_,34.12µm
_12924_,34.1µm
_05977_,34.08µm
core_u.rf_u.registers\[9\]\[3\],34.07µm
_08964_,34.02µm
_09928_,34.02µm
core_u.rf_u.registers\[2\]\[14\],34.015µm
accelerator_u.array_inst.acc\[12\]\[31\],34.005µm
_02539_,33.92µm
_06782_,33.88µm
core_u.rf_u.registers\[13\]\[4\],33.86µm
_05383_,33.84µm
_09106_,33.84µm
_04179_,33.8µm
_06409_,33.8µm
_08061_,33.76µm
_07921_,33.745µm
_09046_,33.72µm
_13121_,33.72µm
_02717_,33.7µm
_08421_,33.66µm
accelerator_u.array_inst.acc\[9\]\[23\],33.64µm
_08449_,33.6µm
_05187_,33.58µm
_02208_,33.53µm
_05314_,33.52µm
_08285_,33.5µm
core_u.rf_u.registers\[2\]\[19\],33.475µm
_04536_,33.44µm
_06704_,33.42µm
_10104_,33.38µm
core_u.rf_u.registers\[15\]\[6\],33.38µm
_01997_,33.37µm
core_u.rf_u.registers\[11\]\[16\],33.36µm
_06970_,33.34µm
_08781_,33.34µm
accelerator_u.array_inst.acc\[13\]\[28\],33.34µm
_11266_,33.33µm
_09817_,33.32µm
_05502_,33.31µm
core_u.rf_u.registers\[1\]\[13\],33.31µm
_11032_,33.22µm
_13286_,33.22µm
_01785_,33.2µm
_08364_,33.2µm
accelerator_u.ARADDR\[7\],33.2µm
_03480_,33.185µm
_08784_,33.18µm
core_u.rf_u.registers\[14\]\[3\],33.18µm
core_u.rf_u.registers\[9\]\[31\],33.18µm
_06305_,33.16µm
_08569_,33.16µm
_08664_,33.16µm
_10848_,33.14µm
_02374_,33.1µm
_11374_,33.09µm
_08653_,33.08µm
_09829_,33.06µm
_10214_,33.04µm
core_u.rf_u.registers\[4\]\[30\],33.02µm
_04606_,32.99µm
_05225_,32.98µm
_06473_,32.96µm
_07006_,32.96µm
_10647_,32.96µm
core_u.rf_u.registers\[11\]\[19\],32.94µm
_05280_,32.9µm
_05303_,32.9µm
_04866_,32.88µm
_06933_,32.88µm
core_u.rf_u.registers\[3\]\[20\],32.86µm
core_u.rf_u.registers\[3\]\[12\],32.84µm
net391,32.82µm
data_sram_u.mem\[1\]\[4\],32.78µm
_03008_,32.76µm
_06492_,32.76µm
_06697_,32.76µm
_12180_,32.76µm
_10303_,32.74µm
_02310_,32.73µm
_08763_,32.72µm
core_u.rf_u.registers\[4\]\[4\],32.7µm
core_u.rf_u.registers\[6\]\[6\],32.66µm
core_u.rf_u.registers\[8\]\[20\],32.66µm
accelerator_u.array_inst.acc\[5\]\[28\],32.62µm
core_u.rf_u.registers\[7\]\[11\],32.61µm
_02137_,32.6µm
core_u.rf_u.registers\[13\]\[15\],32.55µm
_08565_,32.54µm
_12719_,32.54µm
core_u.rf_u.registers\[10\]\[12\],32.5µm
_08246_,32.48µm
_08573_,32.48µm
_02881_,32.46µm
core_u.rf_u.registers\[5\]\[21\],32.46µm
core_u.rf_u.registers\[10\]\[21\],32.44µm
_13045_,32.42µm
_08311_,32.41µm
_05686_,32.4µm
core_u.rf_u.registers\[11\]\[21\],32.385µm
_11616_,32.38µm
_12973_,32.38µm
core_u.rf_u.registers\[4\]\[11\],32.38µm
_11375_,32.37µm
_06681_,32.34µm
_06699_,32.34µm
_03679_,32.32µm
_10204_,32.3µm
accelerator_u.array_inst.acc\[13\]\[16\],32.28µm
_11082_,32.26µm
_12919_,32.26µm
_10250_,32.24µm
_05441_,32.22µm
_12321_,32.18µm
_06555_,32.16µm
accelerator_u.mat_b_reg\[0\]\[22\],32.16µm
core_u.rf_u.registers\[13\]\[28\],32.16µm
_10042_,32.14µm
_03995_,32.12µm
_11988_,32.12µm
_09109_,32.1µm
_12378_,32.1µm
_11273_,32.08µm
_06864_,32.06µm
accelerator_u.array_inst.acc\[8\]\[1\],32.04µm
core_u.rf_u.registers\[13\]\[30\],32.04µm
_08924_,32.02µm
_06950_,32µm
_08245_,32µm
core_u.rf_u.registers\[1\]\[4\],31.96µm
_09576_,31.94µm
_06515_,31.92µm
_07893_,31.92µm
core_u.rf_u.registers\[6\]\[29\],31.92µm
accelerator_u.array_inst.acc\[12\]\[26\],31.895µm
_09499_,31.88µm
_02625_,31.84µm
_10631_,31.84µm
core_u.rf_u.registers\[14\]\[2\],31.84µm
_12249_,31.8µm
_04991_,31.79µm
accelerator_u.array_inst.acc\[14\]\[19\],31.78µm
_11455_,31.76µm
core_u.rf_u.registers\[13\]\[0\],31.745µm
_02376_,31.74µm
_07490_,31.74µm
_12317_,31.72µm
_08233_,31.7µm
_08710_,31.7µm
_04978_,31.68µm
_06853_,31.68µm
core_u.rf_u.registers\[13\]\[26\],31.665µm
_08751_,31.66µm
_08967_,31.64µm
_12171_,31.64µm
clknet_leaf_200_clk,31.62µm
net1432,31.59µm
_11946_,31.58µm
_04112_,31.56µm
_10630_,31.56µm
core_u.rf_u.registers\[7\]\[2\],31.52µm
_12878_,31.5µm
axi_ctrl_rdata\[31\],31.46µm
_03237_,31.42µm
_08084_,31.4µm
net2235,31.4µm
_06948_,31.38µm
core_u.rf_u.registers\[6\]\[31\],31.38µm
core_u.rf_u.registers\[7\]\[26\],31.38µm
core_u.rf_u.registers\[3\]\[23\],31.365µm
_02444_,31.36µm
accelerator_u.array_inst.acc\[6\]\[3\],31.34µm
core_u.rf_u.registers\[6\]\[14\],31.3µm
core_u.rf_u.registers\[9\]\[0\],31.3µm
_04511_,31.28µm
_07080_,31.28µm
_08109_,31.28µm
accelerator_u.WDATA\[5\],31.26µm
_05732_,31.25µm
_05711_,31.22µm
_09055_,31.22µm
_10801_,31.22µm
_06225_,31.2µm
_09696_,31.2µm
_04024_,31.19µm
_05278_,31.18µm
_12570_,31.18µm
_08868_,31.16µm
accelerator_u.AWADDR\[0\],31.16µm
_12240_,31.12µm
_09968_,31.1µm
axi_ctrl_addr\[1\],31.1µm
core_u.rf_u.registers\[3\]\[15\],31.1µm
_08200_,31.07µm
_11189_,31.06µm
_08448_,31µm
_12630_,31µm
core_u.rf_u.registers\[5\]\[26\],31µm
core_u.rf_u.registers\[10\]\[15\],30.98µm
_08595_,30.96µm
_11372_,30.96µm
_06972_,30.92µm
_06051_,30.9µm
core_u.rf_u.registers\[1\]\[16\],30.885µm
_04941_,30.88µm
net344,30.87µm
_02644_,30.86µm
_06886_,30.86µm
core_u.rf_u.registers\[12\]\[28\],30.84µm
_08928_,30.8µm
_04096_,30.78µm
_06680_,30.78µm
_08294_,30.78µm
_08788_,30.76µm
_06726_,30.74µm
_11289_,30.735µm
_02047_,30.72µm
_13216_,30.72µm
_03557_,30.7µm
core_u.rf_u.registers\[7\]\[6\],30.7µm
net434,30.7µm
core_u.rf_u.registers\[10\]\[6\],30.68µm
core_u.rf_u.registers\[2\]\[7\],30.68µm
core_u.rf_u.registers\[1\]\[21\],30.66µm
_08301_,30.655µm
_08845_,30.64µm
_05382_,30.63µm
_06592_,30.62µm
_06961_,30.62µm
accelerator_u.ARADDR\[3\],30.62µm
core_u.rf_u.registers\[4\]\[22\],30.62µm
core_u.rf_u.registers\[13\]\[2\],30.615µm
_02598_,30.6µm
_09440_,30.6µm
_11866_,30.6µm
_02795_,30.58µm
_04157_,30.58µm
_11288_,30.58µm
_09599_,30.57µm
_06679_,30.56µm
_11751_,30.56µm
_05257_,30.54µm
_06602_,30.54µm
_06833_,30.54µm
net1785,30.54µm
_13265_,30.54µm
_07736_,30.53µm
_08887_,30.52µm
_09101_,30.52µm
core_u.rf_u.registers\[8\]\[8\],30.5µm
core_u.rf_u.registers\[15\]\[10\],30.495µm
accelerator_u.mat_a_reg\[1\]\[7\],30.48µm
_09904_,30.46µm
_06097_,30.44µm
_10784_,30.42µm
_11383_,30.42µm
core_u.rf_u.registers\[5\]\[20\],30.42µm
_04508_,30.4µm
_02399_,30.38µm
_13187_,30.36µm
core_u.rf_u.registers\[2\]\[20\],30.36µm
core_u.rf_u.registers\[6\]\[11\],30.36µm
_02339_,30.34µm
_03551_,30.295µm
_04097_,30.28µm
_12692_,30.28µm
accelerator_u.mat_b_reg\[2\]\[5\],30.28µm
_06997_,30.26µm
_12616_,30.26µm
_04579_,30.22µm
_04640_,30.22µm
_10984_,30.22µm
axi_ctrl_rdata\[9\],30.22µm
data_sram_u.mem\[1\]\[9\],30.22µm
_04409_,30.2µm
_01870_,30.18µm
_10124_,30.18µm
core_u.rf_u.registers\[4\]\[10\],30.165µm
_04423_,30.16µm
axi_ctrl_wdata\[20\],30.14µm
_11830_,30.13µm
_02364_,30.12µm
_05107_,30.12µm
_08500_,30.12µm
net2229,30.12µm
core_u.rf_u.registers\[1\]\[9\],30.075µm
_11698_,30.06µm
_06412_,30.045µm
_02707_,30.04µm
_04587_,30.04µm
_08065_,30.04µm
net2219,30.04µm
core_u.rf_u.registers\[12\]\[4\],30.03µm
_06131_,30µm
_08548_,30µm
accelerator_u.mat_b_reg\[1\]\[21\],30µm
_12376_,29.99µm
_08949_,29.98µm
_12090_,29.98µm
accelerator_u.array_inst.acc\[6\]\[19\],29.98µm
_08776_,29.94µm
_13338_,29.94µm
core_u.rf_u.registers\[5\]\[0\],29.92µm
_03485_,29.88µm
core_u.rf_u.registers\[13\]\[25\],29.87µm
_05597_,29.86µm
_05902_,29.86µm
_06585_,29.86µm
_06657_,29.86µm
_09081_,29.86µm
_02854_,29.84µm
core_u.rf_u.registers\[7\]\[3\],29.84µm
accelerator_u.array_inst.acc\[14\]\[20\],29.82µm
core_u.rf_u.registers\[5\]\[18\],29.82µm
_05430_,29.8µm
_08848_,29.8µm
_09645_,29.78µm
_10933_,29.78µm
_13027_,29.78µm
accelerator_u.mat_a_reg\[2\]\[20\],29.775µm
_04612_,29.77µm
_02538_,29.7µm
_02695_,29.7µm
_06824_,29.7µm
_11910_,29.695µm
_06638_,29.66µm
net355,29.65µm
_03265_,29.64µm
_03286_,29.62µm
_09088_,29.62µm
_10865_,29.62µm
core_u.rf_u.registers\[5\]\[10\],29.62µm
_06012_,29.6µm
_11479_,29.6µm
core_u.rf_u.registers\[2\]\[13\],29.6µm
core_u.rf_u.registers\[14\]\[15\],29.585µm
_12168_,29.58µm
_05718_,29.52µm
data_sram_u.mem\[0\]\[5\],29.52µm
_03881_,29.5µm
_04083_,29.5µm
_08719_,29.48µm
axi_ctrl_wdata\[21\],29.48µm
_05227_,29.46µm
_09458_,29.46µm
_11983_,29.46µm
_09733_,29.45µm
_10006_,29.42µm
accelerator_u.array_inst.acc\[13\]\[29\],29.42µm
_09516_,29.39µm
_05194_,29.38µm
_05397_,29.38µm
_09657_,29.38µm
_05282_,29.36µm
_06706_,29.36µm
_06889_,29.36µm
_10803_,29.36µm
_12159_,29.36µm
_12490_,29.36µm
accelerator_u.RREADY,29.36µm
_05317_,29.32µm
_06258_,29.32µm
core_u.rf_u.registers\[3\]\[19\],29.32µm
core_u.rf_u.registers\[2\]\[22\],29.315µm
core_u.rf_u.registers\[1\]\[14\],29.305µm
accelerator_u.array_inst.acc\[3\]\[30\],29.3µm
_04463_,29.285µm
_05413_,29.28µm
_05713_,29.28µm
_07885_,29.28µm
_01821_,29.26µm
_08640_,29.26µm
_09463_,29.24µm
_13309_,29.235µm
_11451_,29.215µm
net335,29.21µm
_04299_,29.18µm
_04952_,29.18µm
accelerator_u.array_inst.acc\[4\]\[4\],29.18µm
_05375_,29.16µm
_06456_,29.16µm
_08194_,29.16µm
core_u.rf_u.registers\[3\]\[0\],29.145µm
_04581_,29.14µm
_03297_,29.1µm
_02241_,29.06µm
_08336_,29.06µm
_02282_,29.04µm
_05409_,29.02µm
_08253_,29.02µm
_05473_,29µm
_08479_,29µm
_11998_,29µm
_01023_,28.98µm
_05091_,28.98µm
_12350_,28.98µm
accelerator_u.step\[2\],28.96µm
_06843_,28.94µm
core_u.rf_u.registers\[11\]\[9\],28.92µm
core_u.rf_u.registers\[2\]\[1\],28.92µm
_05446_,28.91µm
_04288_,28.9µm
_08226_,28.9µm
_11120_,28.9µm
_11888_,28.9µm
accelerator_u.array_inst.b_v\[15\]\[7\],28.9µm
core_u.rf_u.registers\[11\]\[18\],28.885µm
_08354_,28.86µm
_08368_,28.815µm
core_u.rf_u.registers\[3\]\[4\],28.805µm
_11687_,28.8µm
_11752_,28.8µm
_12759_,28.8µm
accelerator_u.array_inst.acc\[9\]\[26\],28.8µm
_13105_,28.78µm
axi_ctrl_wdata\[23\],28.76µm
_06710_,28.74µm
_06793_,28.74µm
_07951_,28.74µm
_11820_,28.74µm
data_sram_u.mem\[0\]\[18\],28.72µm
_09699_,28.7µm
_09594_,28.69µm
accelerator_u.array_inst.acc\[15\]\[10\],28.68µm
_08447_,28.64µm
_08616_,28.64µm
core_u.rf_u.registers\[4\]\[28\],28.64µm
_08590_,28.62µm
_04784_,28.61µm
_09944_,28.6µm
_12847_,28.6µm
_08033_,28.56µm
_06061_,28.55µm
_05656_,28.52µm
net2233,28.5µm
_08103_,28.48µm
_08012_,28.46µm
_10925_,28.46µm
_03955_,28.44µm
_06004_,28.44µm
_08919_,28.42µm
_05308_,28.4µm
_05361_,28.4µm
_08688_,28.4µm
core_u.rf_u.registers\[4\]\[3\],28.38µm
_02511_,28.36µm
_03128_,28.36µm
core_u.rf_u.registers\[1\]\[1\],28.36µm
net492,28.36µm
_12988_,28.34µm
accelerator_u.array_inst.acc\[7\]\[30\],28.34µm
core_u.rf_u.registers\[14\]\[8\],28.34µm
_06636_,28.3µm
_10322_,28.3µm
accelerator_u.mat_b_reg\[3\]\[13\],28.3µm
core_u.rf_u.registers\[9\]\[9\],28.3µm
_06170_,28.29µm
_08988_,28.28µm
core_u.rf_u.registers\[5\]\[2\],28.28µm
_02129_,28.24µm
_05169_,28.24µm
accelerator_u.array_inst.acc\[7\]\[27\],28.24µm
accelerator_u.array_inst.acc\[9\]\[30\],28.22µm
accelerator_u.mat_a_reg\[1\]\[11\],28.22µm
core_u.rf_u.registers\[15\]\[11\],28.22µm
_03818_,28.2µm
_09008_,28.2µm
_10763_,28.2µm
core_u.rf_u.registers\[9\]\[8\],28.16µm
_05643_,28.155µm
_00526_,28.145µm
_04243_,28.12µm
_04411_,28.12µm
_06881_,28.12µm
_11291_,28.11µm
_03646_,28.1µm
_04036_,28.08µm
net2240,28.08µm
_06041_,28.06µm
_10760_,28.06µm
_01894_,28.02µm
_02791_,28.02µm
_05884_,28.02µm
_08179_,28.02µm
_09423_,28.02µm
_12730_,28.02µm
core_u.rf_u.registers\[12\]\[19\],28µm
_08289_,27.98µm
core_u.rf_u.registers\[9\]\[19\],27.98µm
_04467_,27.96µm
_07947_,27.96µm
accelerator_u.array_inst.acc\[8\]\[19\],27.945µm
_09549_,27.94µm
_13064_,27.94µm
_04358_,27.92µm
_06981_,27.92µm
_13270_,27.92µm
_04720_,27.9µm
_04745_,27.9µm
_05590_,27.9µm
axi_ctrl_rdata\[8\],27.88µm
axi_ctrl_rdata\[5\],27.865µm
clknet_leaf_29_clk,27.86µm
_09651_,27.86µm
_11170_,27.86µm
core_u.rf_u.registers\[14\]\[12\],27.86µm
core_u.rf_u.registers\[6\]\[23\],27.86µm
data_sram_u.mem\[0\]\[4\],27.86µm
_05585_,27.84µm
core_u.rf_u.registers\[11\]\[6\],27.82µm
_05021_,27.815µm
_12483_,27.805µm
_08321_,27.8µm
_12795_,27.8µm
_09399_,27.78µm
_02306_,27.76µm
_11398_,27.76µm
net2232,27.76µm
_01828_,27.74µm
_08768_,27.74µm
_10674_,27.74µm
_11499_,27.74µm
core_u.rf_u.registers\[8\]\[28\],27.73µm
_05806_,27.72µm
_08469_,27.68µm
_05756_,27.66µm
core_u.rf_u.registers\[11\]\[15\],27.66µm
_12367_,27.65µm
_06390_,27.64µm
core_u.rf_u.registers\[6\]\[4\],27.62µm
_08066_,27.6µm
core_u.rf_u.registers\[2\]\[6\],27.585µm
_10665_,27.58µm
_12371_,27.58µm
_03543_,27.575µm
_03957_,27.54µm
_12457_,27.54µm
core_u.rf_u.registers\[15\]\[29\],27.54µm
_03697_,27.5µm
_06579_,27.5µm
_12968_,27.5µm
_04316_,27.48µm
_02612_,27.46µm
_04976_,27.46µm
_13210_,27.46µm
_04823_,27.44µm
_05435_,27.44µm
core_u.rf_u.registers\[4\]\[9\],27.42µm
_06304_,27.4µm
accelerator_u.array_inst.acc\[4\]\[30\],27.4µm
_04833_,27.38µm
_05660_,27.36µm
_12354_,27.34µm
_03516_,27.32µm
_05707_,27.32µm
core_u.rf_u.registers\[13\]\[18\],27.32µm
_03418_,27.3µm
_12928_,27.3µm
_02314_,27.28µm
_12894_,27.28µm
accelerator_u.mat_a_reg\[3\]\[4\],27.265µm
_03226_,27.24µm
_09664_,27.24µm
_12358_,27.24µm
core_u.rf_u.registers\[3\]\[1\],27.24µm
_02966_,27.22µm
_08530_,27.22µm
_02171_,27.16µm
_10701_,27.14µm
core_u.rf_u.registers\[3\]\[31\],27.14µm
core_u.rf_u.registers\[2\]\[26\],27.125µm
_02295_,27.1µm
_09596_,27.1µm
_12103_,27.1µm
core_u.rf_u.registers\[1\]\[3\],27.065µm
_03735_,27.06µm
_12897_,27.06µm
_02379_,27.02µm
_11427_,27.02µm
core_u.rf_u.registers\[12\]\[7\],27.02µm
core_u.rf_u.registers\[4\]\[21\],27.02µm
core_u.rf_u.registers\[7\]\[15\],27.02µm
_05657_,27.005µm
_01885_,27µm
_07989_,27µm
_10089_,27µm
_11131_,27µm
core_u.rf_u.registers\[2\]\[12\],27µm
_03919_,26.985µm
net2228,26.98µm
_04394_,26.96µm
core_u.rf_u.registers\[3\]\[3\],26.94µm
_11047_,26.91µm
_01855_,26.9µm
_04630_,26.9µm
_05460_,26.9µm
_09673_,26.9µm
_10769_,26.9µm
core_u.rf_u.registers\[9\]\[2\],26.9µm
net2211,26.9µm
_09465_,26.88µm
_04307_,26.865µm
_05359_,26.86µm
_12906_,26.86µm
_03000_,26.84µm
_05652_,26.82µm
_02987_,26.81µm
_06985_,26.78µm
_12018_,26.78µm
_12109_,26.78µm
_06153_,26.76µm
_03738_,26.72µm
_03978_,26.72µm
_04338_,26.7µm
core_u.rf_u.registers\[9\]\[16\],26.7µm
core_u.rf_u.registers\[1\]\[26\],26.695µm
_03672_,26.68µm
_03876_,26.68µm
_08192_,26.68µm
_06740_,26.675µm
_02960_,26.66µm
_10297_,26.66µm
core_u.rf_u.registers\[2\]\[27\],26.645µm
_09759_,26.62µm
accelerator_u.array_inst.acc\[4\]\[19\],26.62µm
accelerator_u.array_inst.acc\[12\]\[27\],26.615µm
accelerator_u.array_inst.acc\[12\]\[30\],26.605µm
_05438_,26.6µm
_12527_,26.58µm
_09565_,26.57µm
_09957_,26.56µm
_11929_,26.56µm
core_u.rf_u.registers\[10\]\[29\],26.56µm
core_u.rf_u.registers\[11\]\[14\],26.54µm
_04224_,26.52µm
_10202_,26.52µm
_10360_,26.52µm
accelerator_u.mat_a_reg\[2\]\[16\],26.52µm
_04811_,26.5µm
axi_ctrl_wdata\[18\],26.5µm
core_u.rf_u.registers\[3\]\[16\],26.5µm
_08904_,26.495µm
_04387_,26.48µm
_06299_,26.46µm
_08542_,26.46µm
data_sram_u.mem\[1\]\[2\],26.46µm
core_u.rf_u.registers\[9\]\[14\],26.44µm
core_u.rf_u.registers\[7\]\[17\],26.42µm
_12078_,26.4µm
_03503_,26.38µm
_10825_,26.38µm
_12437_,26.38µm
_06900_,26.36µm
_11835_,26.34µm
net2213,26.34µm
_03096_,26.32µm
_08383_,26.32µm
_11352_,26.32µm
_11386_,26.32µm
_12335_,26.32µm
_01801_,26.3µm
_04200_,26.3µm
core_u.rf_u.registers\[10\]\[20\],26.3µm
_11515_,26.29µm
_04691_,26.28µm
_08287_,26.28µm
_11380_,26.28µm
_09287_,26.26µm
core_u.rf_u.registers\[1\]\[15\],26.26µm
_12250_,26.24µm
_08281_,26.235µm
accelerator_u.BVALID,26.22µm
_08035_,26.2µm
_06546_,26.18µm
_08832_,26.18µm
_11226_,26.18µm
_04450_,26.16µm
_05117_,26.16µm
_05213_,26.16µm
core_u.rf_u.registers\[15\]\[12\],26.16µm
core_u.rf_u.registers\[9\]\[1\],26.16µm
_02101_,26.14µm
_06924_,26.14µm
_08643_,26.14µm
_05849_,26.12µm
_11348_,26.12µm
net2218,26.12µm
_03489_,26.1µm
_07035_,26.1µm
_06392_,26.08µm
_08796_,26.07µm
_12596_,26.06µm
_13299_,26.06µm
_09628_,26.04µm
_10922_,26.04µm
core_u.rf_u.registers\[10\]\[2\],26.04µm
_01987_,26.02µm
_02245_,26.02µm
_04404_,26.02µm
_11036_,26.02µm
_06707_,26µm
_12777_,26µm
core_u.rf_u.registers\[5\]\[31\],26µm
_01907_,25.98µm
_05890_,25.98µm
_08818_,25.98µm
_10646_,25.98µm
_11766_,25.98µm
_05810_,25.96µm
core_u.rf_u.registers\[10\]\[17\],25.96µm
core_u.rf_u.registers\[7\]\[25\],25.935µm
_07903_,25.92µm
_12460_,25.92µm
_13091_,25.92µm
_11705_,25.9µm
_08670_,25.89µm
_02311_,25.88µm
_11694_,25.88µm
core_u.rf_u.registers\[11\]\[3\],25.88µm
core_u.rf_u.registers\[8\]\[0\],25.88µm
_02767_,25.87µm
_02018_,25.86µm
_04847_,25.86µm
_03085_,25.84µm
_03521_,25.84µm
core_u.rf_u.registers\[7\]\[5\],25.84µm
_08386_,25.82µm
_02027_,25.8µm
_04491_,25.8µm
_05345_,25.8µm
_06357_,25.78µm
_01899_,25.76µm
_08348_,25.76µm
_11822_,25.76µm
core_u.rf_u.registers\[5\]\[4\],25.745µm
_07691_,25.74µm
_11985_,25.74µm
_02753_,25.72µm
_10959_,25.72µm
_12579_,25.72µm
_11609_,25.7µm
_12850_,25.7µm
accelerator_u.mat_a_reg\[2\]\[1\],25.7µm
net454,25.7µm
_02812_,25.68µm
_06734_,25.68µm
core_u.rf_u.registers\[3\]\[29\],25.68µm
_08983_,25.66µm
core_u.rf_u.registers\[1\]\[24\],25.66µm
_06046_,25.64µm
_07899_,25.64µm
_12921_,25.64µm
master_u.state\[2\],25.64µm
_08331_,25.62µm
_11956_,25.62µm
accelerator_u.mat_a_reg\[0\]\[20\],25.62µm
_08199_,25.6µm
_11508_,25.6µm
_11833_,25.57µm
_04074_,25.56µm
_04902_,25.56µm
_06908_,25.54µm
_08249_,25.54µm
_12794_,25.54µm
core_u.rf_u.registers\[6\]\[21\],25.54µm
_12138_,25.53µm
_05602_,25.52µm
_11015_,25.52µm
_11056_,25.52µm
_11166_,25.52µm
core_u.rf_u.registers\[13\]\[22\],25.52µm
_01875_,25.5µm
_02223_,25.5µm
_04318_,25.5µm
_02034_,25.48µm
_03616_,25.48µm
core_u.rf_u.registers\[10\]\[13\],25.48µm
_10148_,25.46µm
_11908_,25.46µm
_05336_,25.44µm
accelerator_u.array_inst.acc\[10\]\[31\],25.44µm
_04607_,25.42µm
_05958_,25.42µm
_09031_,25.42µm
_09881_,25.42µm
_04822_,25.4µm
_12639_,25.4µm
_08485_,25.38µm
_10293_,25.38µm
_03637_,25.36µm
core_u.rf_u.registers\[14\]\[27\],25.36µm
core_u.rf_u.registers\[11\]\[29\],25.34µm
_06724_,25.32µm
_09667_,25.32µm
_02406_,25.3µm
_02606_,25.3µm
core_u.rf_u.registers\[9\]\[23\],25.3µm
_08243_,25.28µm
_05304_,25.24µm
accelerator_u.WVALID,25.24µm
_07926_,25.22µm
_08608_,25.22µm
_11898_,25.22µm
_02296_,25.2µm
_02548_,25.2µm
_13196_,25.195µm
_04554_,25.18µm
_04676_,25.18µm
_05037_,25.16µm
_08003_,25.16µm
_09326_,25.16µm
core_u.rf_u.registers\[12\]\[23\],25.16µm
_11837_,25.14µm
core_u.rf_u.registers\[3\]\[28\],25.14µm
_02305_,25.12µm
_03053_,25.12µm
_03924_,25.12µm
_04751_,25.12µm
_05607_,25.12µm
_08892_,25.12µm
_05347_,25.1µm
_11729_,25.1µm
_12913_,25.1µm
_05903_,25.08µm
_06626_,25.08µm
_12089_,25.08µm
_12332_,25.08µm
accelerator_u.array_inst.acc\[10\]\[29\],25.08µm
_09700_,25.07µm
_06479_,25.06µm
_02659_,25.04µm
_10001_,25.04µm
_05319_,25.02µm
_08744_,25.02µm
_11889_,25.02µm
_04975_,25µm
_08013_,25µm
_08917_,25µm
_10410_,25µm
_02762_,24.98µm
_06785_,24.98µm
accelerator_u.array_inst.b_v\[14\]\[5\],24.98µm
_02756_,24.96µm
_07919_,24.96µm
_03054_,24.94µm
_04022_,24.94µm
_06995_,24.94µm
_05930_,24.93µm
_03378_,24.92µm
core_u.rf_u.registers\[6\]\[22\],24.92µm
_01794_,24.9µm
_08295_,24.88µm
_10937_,24.88µm
_01815_,24.86µm
_04068_,24.86µm
_04604_,24.86µm
_02002_,24.84µm
_08717_,24.84µm
net2220,24.84µm
accelerator_u.array_inst.acc\[4\]\[3\],24.82µm
_02301_,24.81µm
_04448_,24.8µm
_05334_,24.8µm
_09842_,24.8µm
core_u.rf_u.registers\[12\]\[22\],24.8µm
_02600_,24.78µm
_03130_,24.78µm
_05942_,24.76µm
_08341_,24.76µm
_10663_,24.76µm
_02066_,24.74µm
_02393_,24.72µm
_03857_,24.72µm
_08043_,24.72µm
_08864_,24.72µm
_04149_,24.7µm
_06407_,24.7µm
_12244_,24.68µm
_12423_,24.68µm
_03005_,24.66µm
_07817_,24.66µm
_11504_,24.66µm
_11624_,24.66µm
core_u.rf_u.registers\[15\]\[18\],24.66µm
core_u.rf_u.registers\[5\]\[6\],24.645µm
_03022_,24.64µm
_08167_,24.64µm
_09704_,24.64µm
_06118_,24.6µm
_08800_,24.6µm
_02439_,24.565µm
core_u.rf_u.registers\[5\]\[30\],24.565µm
_03356_,24.56µm
_10033_,24.56µm
_02528_,24.54µm
_12308_,24.54µm
_03125_,24.52µm
_07005_,24.52µm
_08026_,24.52µm
_02570_,24.5µm
core_u.rf_u.registers\[8\]\[31\],24.5µm
_07127_,24.48µm
_08667_,24.48µm
_08746_,24.48µm
_10775_,24.48µm
core_u.rf_u.registers\[15\]\[13\],24.48µm
_03482_,24.46µm
core_u.rf_u.registers\[7\]\[23\],24.46µm
_09165_,24.455µm
_02599_,24.445µm
_10183_,24.44µm
_02608_,24.42µm
_03315_,24.42µm
_07928_,24.42µm
_07938_,24.42µm
_08124_,24.42µm
_08126_,24.42µm
_10645_,24.4µm
_12951_,24.4µm
core_u.rf_u.registers\[12\]\[21\],24.4µm
core_u.rf_u.registers\[14\]\[30\],24.4µm
_06393_,24.38µm
_08601_,24.38µm
_09102_,24.38µm
_09653_,24.38µm
core_u.rf_u.registers\[4\]\[17\],24.38µm
_09830_,24.375µm
_11633_,24.36µm
core_u.rf_u.registers\[6\]\[9\],24.36µm
_04408_,24.34µm
_05002_,24.34µm
_06222_,24.34µm
core_u.rf_u.registers\[8\]\[18\],24.34µm
_05511_,24.32µm
accelerator_u.ARADDR\[6\],24.32µm
core_u.rf_u.registers\[5\]\[25\],24.32µm
_10276_,24.3µm
core_u.rf_u.registers\[15\]\[21\],24.3µm
data_sram_u.mem\[2\]\[25\],24.3µm
_03423_,24.28µm
_09495_,24.28µm
_10128_,24.28µm
_10814_,24.28µm
_11780_,24.28µm
accelerator_u.array_inst.acc\[3\]\[28\],24.28µm
core_u.rf_u.registers\[12\]\[6\],24.28µm
core_u.rf_u.registers\[3\]\[9\],24.265µm
_03401_,24.26µm
_06120_,24.26µm
_07055_,24.26µm
_08340_,24.26µm
_03736_,24.25µm
_03144_,24.24µm
_06099_,24.24µm
_02261_,24.22µm
_03914_,24.22µm
_12828_,24.22µm
core_u.rf_u.registers\[15\]\[26\],24.22µm
_02284_,24.2µm
_02859_,24.2µm
_05684_,24.2µm
_13182_,24.2µm
_11381_,24.18µm
_12506_,24.18µm
_12805_,24.18µm
_12838_,24.18µm
_03187_,24.15µm
_05427_,24.14µm
_08525_,24.14µm
_10059_,24.14µm
_10255_,24.14µm
_11395_,24.14µm
core_u.rf_u.registers\[14\]\[22\],24.14µm
_04795_,24.12µm
core_u.rf_u.registers\[1\]\[10\],24.12µm
core_u.rf_u.registers\[3\]\[17\],24.12µm
core_u.rf_u.registers\[3\]\[27\],24.12µm
_10987_,24.1µm
accelerator_u.array_inst.acc\[6\]\[20\],24.1µm
data_sram_u.mem\[2\]\[15\],24.085µm
_01829_,24.08µm
_11391_,24.08µm
_11385_,24.06µm
core_u.rf_u.registers\[10\]\[7\],24.06µm
net2215,24.06µm
core_u.rf_u.registers\[4\]\[27\],24.04µm
_02505_,24.02µm
_11433_,24.02µm
data_sram_u.mem\[3\]\[17\],24.02µm
_11058_,24µm
_01954_,23.98µm
_04223_,23.98µm
axi_ctrl_rdata\[1\],23.98µm
_04144_,23.96µm
_08396_,23.96µm
_09397_,23.96µm
data_sram_u.mem\[2\]\[1\],23.96µm
_04664_,23.94µm
_05981_,23.94µm
_02798_,23.92µm
_05821_,23.92µm
_08493_,23.92µm
_09915_,23.92µm
_11221_,23.92µm
net2239,23.92µm
accelerator_u.mat_a_reg\[0\]\[18\],23.91µm
_04028_,23.88µm
_06017_,23.88µm
_11088_,23.88µm
_05315_,23.86µm
_09038_,23.855µm
core_u.rf_u.registers\[11\]\[20\],23.84µm
core_u.rf_u.registers\[4\]\[6\],23.825µm
_02088_,23.82µm
_08860_,23.82µm
core_u.rf_u.registers\[10\]\[10\],23.82µm
_03741_,23.81µm
_02670_,23.8µm
_06786_,23.8µm
_05564_,23.78µm
_06748_,23.76µm
_08726_,23.76µm
_05248_,23.74µm
_10818_,23.74µm
_11154_,23.74µm
_09494_,23.73µm
_12456_,23.73µm
_06458_,23.725µm
_05610_,23.72µm
_13017_,23.72µm
core_u.rf_u.registers\[1\]\[18\],23.72µm
_01799_,23.71µm
_05206_,23.7µm
_08316_,23.7µm
_08416_,23.7µm
_12386_,23.7µm
_04042_,23.68µm
_08801_,23.68µm
accelerator_u.array_inst.acc\[13\]\[19\],23.68µm
_01985_,23.64µm
_02693_,23.64µm
core_u.rf_u.registers\[2\]\[25\],23.64µm
_06163_,23.63µm
net2231,23.62µm
core_u.rf_u.registers\[2\]\[24\],23.605µm
_01872_,23.6µm
_08256_,23.6µm
_09478_,23.6µm
accelerator_u.mat_a_reg\[2\]\[21\],23.6µm
_02873_,23.58µm
_06330_,23.58µm
_06733_,23.56µm
_12981_,23.56µm
_08624_,23.54µm
_11711_,23.54µm
axi_ctrl_wdata\[2\],23.54µm
_06309_,23.52µm
_12395_,23.52µm
accelerator_u.array_inst.acc\[7\]\[15\],23.52µm
_00205_,23.5µm
_06942_,23.5µm
_05322_,23.48µm
_02167_,23.46µm
_03077_,23.46µm
_08067_,23.46µm
_10767_,23.46µm
_03431_,23.435µm
_12112_,23.43µm
_02815_,23.42µm
_03606_,23.42µm
_04638_,23.42µm
_06798_,23.42µm
_08741_,23.42µm
_12238_,23.42µm
_13098_,23.42µm
_06730_,23.38µm
_07008_,23.38µm
_08304_,23.38µm
_08660_,23.38µm
_08902_,23.38µm
core_u.rf_u.registers\[14\]\[9\],23.38µm
core_u.rf_u.registers\[15\]\[25\],23.38µm
net2234,23.38µm
_03158_,23.36µm
_05014_,23.36µm
_09998_,23.36µm
_02842_,23.34µm
_04770_,23.34µm
_12265_,23.34µm
_03124_,23.32µm
_03748_,23.32µm
_11556_,23.32µm
core_u.rf_u.registers\[9\]\[26\],23.32µm
core_u.rf_u.registers\[15\]\[24\],23.3µm
data_sram_u.mem\[0\]\[22\],23.3µm
_13114_,23.275µm
_04081_,23.27µm
core_u.rf_u.registers\[1\]\[0\],23.265µm
_01813_,23.26µm
_13217_,23.26µm
_05084_,23.24µm
_12413_,23.24µm
_13242_,23.24µm
_02627_,23.22µm
_05623_,23.22µm
_11020_,23.22µm
_11264_,23.22µm
_11441_,23.22µm
core_u.rf_u.registers\[2\]\[23\],23.22µm
core_u.rf_u.registers\[3\]\[22\],23.205µm
_08177_,23.2µm
_07941_,23.18µm
_12752_,23.18µm
_06389_,23.16µm
data_sram_u.mem\[3\]\[1\],23.15µm
_04220_,23.14µm
_08965_,23.14µm
_06267_,23.13µm
_12342_,23.12µm
_05667_,23.1µm
core_u.rf_u.registers\[10\]\[24\],23.1µm
_04152_,23.08µm
core_u.rf_u.registers\[1\]\[23\],23.065µm
_04170_,23.06µm
_08599_,23.06µm
_12515_,23.06µm
_08193_,23.04µm
core_u.rf_u.registers\[5\]\[29\],23.04µm
data_sram_u.mem\[3\]\[30\],23.04µm
_03632_,23.02µm
_04755_,23.02µm
_07821_,23.02µm
_12096_,23.02µm
_13205_,23.02µm
core_u.rf_u.registers\[2\]\[28\],23.02µm
_13236_,23µm
core_u.rf_u.registers\[2\]\[4\],22.995µm
_01980_,22.98µm
_02186_,22.96µm
_02579_,22.96µm
_02985_,22.96µm
_05066_,22.96µm
_05855_,22.96µm
_07937_,22.96µm
_12909_,22.96µm
_12388_,22.95µm
core_u.rf_u.registers\[8\]\[9\],22.945µm
_03471_,22.94µm
_03690_,22.94µm
_11308_,22.94µm
_13256_,22.93µm
_01850_,22.92µm
_02042_,22.92µm
_02624_,22.92µm
_09665_,22.92µm
_05622_,22.9µm
_08925_,22.9µm
core_u.rf_u.registers\[7\]\[10\],22.9µm
_04808_,22.89µm
_06731_,22.88µm
_11085_,22.88µm
_13086_,22.88µm
_06815_,22.86µm
core_u.rf_u.registers\[4\]\[20\],22.86µm
_08759_,22.84µm
core_u.rf_u.registers\[13\]\[7\],22.84µm
_04256_,22.82µm
_04480_,22.82µm
core_u.rf_u.registers\[1\]\[20\],22.82µm
_10977_,22.8µm
_12957_,22.8µm
core_u.rf_u.registers\[5\]\[11\],22.8µm
core_u.rf_u.registers\[2\]\[16\],22.795µm
_05644_,22.78µm
core_u.rf_u.registers\[9\]\[28\],22.78µm
_02119_,22.77µm
net1345,22.76µm
_06925_,22.76µm
_07884_,22.76µm
_11054_,22.76µm
_10915_,22.74µm
_12445_,22.74µm
_02906_,22.72µm
_03591_,22.72µm
_04907_,22.72µm
_11484_,22.72µm
_12429_,22.72µm
_04106_,22.7µm
_06030_,22.7µm
core_u.rf_u.registers\[3\]\[6\],22.7µm
_00520_,22.68µm
_02189_,22.68µm
_02740_,22.68µm
_03739_,22.68µm
_04219_,22.66µm
_11943_,22.64µm
net2227,22.64µm
_06633_,22.625µm
_00895_,22.62µm
_02677_,22.62µm
_10961_,22.62µm
_12173_,22.62µm
_04285_,22.6µm
_04635_,22.6µm
_05912_,22.6µm
_06111_,22.6µm
_11549_,22.6µm
_03494_,22.58µm
_06725_,22.58µm
_10123_,22.56µm
_08273_,22.54µm
core_u.rf_u.registers\[1\]\[28\],22.525µm
_02619_,22.52µm
_03434_,22.51µm
core_u.rf_u.registers\[7\]\[8\],22.505µm
_04710_,22.5µm
_09876_,22.5µm
_05624_,22.48µm
_03724_,22.46µm
_06075_,22.46µm
_09051_,22.46µm
_13240_,22.46µm
_02647_,22.44µm
_08472_,22.44µm
_12324_,22.44µm
_13062_,22.44µm
core_u.rf_u.registers\[8\]\[23\],22.44µm
_07857_,22.435µm
_02673_,22.42µm
_04567_,22.42µm
_08691_,22.42µm
_11778_,22.42µm
_05167_,22.4µm
core_u.rf_u.registers\[9\]\[6\],22.4µm
data_sram_u.mem\[1\]\[14\],22.4µm
_04250_,22.38µm
_05461_,22.38µm
_07985_,22.38µm
_08786_,22.38µm
core_u.rf_u.registers\[13\]\[12\],22.38µm
_05302_,22.36µm
_06303_,22.36µm
_05363_,22.34µm
_06134_,22.34µm
_02496_,22.32µm
_05032_,22.31µm
_01806_,22.3µm
_02420_,22.3µm
_02478_,22.3µm
_11026_,22.3µm
_09030_,22.28µm
_10111_,22.28µm
core_u.rf_u.registers\[10\]\[0\],22.28µm
data_sram_u.mem\[0\]\[9\],22.28µm
_12657_,22.27µm
_05076_,22.26µm
_08912_,22.26µm
_12600_,22.26µm
accelerator_u.array_inst.acc\[7\]\[31\],22.26µm
core_u.rf_u.registers\[6\]\[1\],22.245µm
_08426_,22.24µm
_11522_,22.24µm
core_u.rf_u.registers\[11\]\[23\],22.24µm
core_u.rf_u.registers\[7\]\[31\],22.22µm
core_u.rf_u.registers\[9\]\[27\],22.22µm
_03271_,22.2µm
_08870_,22.2µm
_08982_,22.2µm
_11363_,22.2µm
_03576_,22.18µm
_03723_,22.18µm
net1431,22.18µm
_11186_,22.18µm
core_u.rf_u.registers\[12\]\[9\],22.18µm
_05523_,22.16µm
_06583_,22.16µm
accelerator_u.mat_a_reg\[2\]\[13\],22.16µm
_08337_,22.14µm
_09678_,22.14µm
_10290_,22.14µm
_11107_,22.14µm
data_sram_u.mem\[2\]\[7\],22.14µm
core_u.rf_u.registers\[10\]\[22\],22.12µm
_06536_,22.115µm
_13046_,22.1µm
_03554_,22.08µm
_08855_,22.08µm
_09507_,22.08µm
_03253_,22.06µm
_03719_,22.06µm
_13200_,22.06µm
_04294_,22.04µm
_08307_,22.04µm
_10031_,22.04µm
core_u.rf_u.registers\[12\]\[16\],22.04µm
core_u.rf_u.registers\[15\]\[8\],22.04µm
core_u.rf_u.registers\[7\]\[27\],22.04µm
_09571_,22.02µm
_09626_,22.02µm
core_u.rf_u.registers\[15\]\[20\],22.02µm
_02205_,22µm
_03012_,22µm
_04013_,22µm
core_u.rf_u.registers\[10\]\[3\],22µm
_02564_,21.98µm
_05301_,21.98µm
_03752_,21.96µm
_03926_,21.96µm
_11412_,21.96µm
_08277_,21.94µm
_13293_,21.94µm
_03098_,21.92µm
_04247_,21.92µm
_05294_,21.92µm
_06856_,21.92µm
_08395_,21.92µm
_12029_,21.92µm
_02613_,21.9µm
_04361_,21.9µm
_05514_,21.9µm
_11430_,21.9µm
core_u.rf_u.registers\[14\]\[14\],21.9µm
core_u.rf_u.registers\[4\]\[0\],21.9µm
_05593_,21.88µm
_09497_,21.88µm
_02243_,21.87µm
_09308_,21.86µm
_04136_,21.84µm
_04631_,21.84µm
_06894_,21.84µm
_08060_,21.84µm
_11282_,21.84µm
_12363_,21.84µm
_11655_,21.835µm
_02662_,21.82µm
_03987_,21.82µm
_08921_,21.82µm
_10826_,21.82µm
_09467_,21.81µm
_02628_,21.8µm
_04934_,21.8µm
_05486_,21.8µm
_11465_,21.8µm
_12293_,21.8µm
_12294_,21.8µm
_13135_,21.8µm
axi_ctrl_rdata\[4\],21.8µm
_05534_,21.795µm
_03814_,21.76µm
_05863_,21.76µm
_05938_,21.76µm
_12826_,21.76µm
_12915_,21.76µm
axi_ctrl_wdata\[16\],21.76µm
_04419_,21.74µm
_05770_,21.74µm
_09279_,21.74µm
_10066_,21.74µm
_13244_,21.74µm
core_u.rf_u.registers\[13\]\[3\],21.74µm
core_u.rf_u.registers\[4\]\[12\],21.74µm
core_u.rf_u.registers\[13\]\[10\],21.725µm
_02192_,21.72µm
_02350_,21.72µm
_05959_,21.72µm
_09330_,21.72µm
_09374_,21.72µm
_06381_,21.7µm
_11292_,21.7µm
_11401_,21.7µm
_04859_,21.69µm
_09368_,21.68µm
_12439_,21.68µm
core_u.rf_u.registers\[11\]\[26\],21.68µm
_02749_,21.66µm
_03362_,21.66µm
_04492_,21.66µm
_07966_,21.66µm
_09390_,21.66µm
_04661_,21.65µm
_02092_,21.64µm
_11312_,21.62µm
_06168_,21.6µm
_08489_,21.6µm
_11177_,21.6µm
_11310_,21.6µm
_04101_,21.58µm
_12449_,21.58µm
_12749_,21.58µm
axi_ctrl_rdata\[29\],21.58µm
core_u.rf_u.registers\[12\]\[8\],21.58µm
_03676_,21.56µm
_12751_,21.56µm
accelerator_u.array_inst.b_v\[13\]\[5\],21.56µm
axi_ctrl_wdata\[6\],21.56µm
core_u.rf_u.registers\[4\]\[16\],21.545µm
_06150_,21.54µm
_09409_,21.54µm
_10747_,21.54µm
_11873_,21.54µm
_12129_,21.54µm
_12339_,21.54µm
_12845_,21.54µm
_13059_,21.54µm
_04352_,21.525µm
_03007_,21.52µm
_05507_,21.52µm
_12834_,21.52µm
core_u.rf_u.registers\[15\]\[19\],21.52µm
_04155_,21.5µm
_08544_,21.5µm
_11854_,21.5µm
_11978_,21.48µm
data_sram_u.mem\[0\]\[16\],21.48µm
_01871_,21.46µm
_03960_,21.46µm
_08514_,21.46µm
data_sram_u.mem\[0\]\[15\],21.46µm
core_u.rf_u.registers\[7\]\[22\],21.455µm
_09413_,21.45µm
_08519_,21.44µm
_10304_,21.44µm
_12440_,21.44µm
accelerator_u.AWVALID,21.44µm
_01838_,21.42µm
_02679_,21.42µm
_04235_,21.42µm
_11848_,21.42µm
data_sram_u.mem\[2\]\[0\],21.42µm
_02216_,21.38µm
_04208_,21.38µm
_05144_,21.38µm
core_u.rf_u.registers\[8\]\[7\],21.38µm
_04259_,21.36µm
core_u.rf_u.registers\[12\]\[15\],21.35µm
_06021_,21.34µm
_07983_,21.34µm
_12393_,21.34µm
_13325_,21.34µm
_01791_,21.32µm
_02095_,21.32µm
_03402_,21.32µm
_05604_,21.32µm
_02276_,21.31µm
_03182_,21.3µm
_03996_,21.3µm
_11626_,21.3µm
_12442_,21.3µm
_04440_,21.295µm
_08198_,21.28µm
net1219,21.28µm
_07945_,21.27µm
_02316_,21.26µm
_03858_,21.26µm
_09056_,21.26µm
accelerator_u.array_inst.acc\[4\]\[31\],21.245µm
_04999_,21.24µm
_05717_,21.24µm
_08718_,21.24µm
_08727_,21.24µm
_09768_,21.24µm
_11275_,21.24µm
_12079_,21.24µm
core_u.rf_u.registers\[12\]\[17\],21.24µm
_02093_,21.22µm
_08838_,21.22µm
_11200_,21.205µm
_09280_,21.2µm
_10658_,21.2µm
_11957_,21.2µm
_13212_,21.2µm
_09986_,21.18µm
_10813_,21.18µm
_11490_,21.18µm
data_sram_u.mem\[2\]\[23\],21.18µm
_09110_,21.17µm
_01846_,21.16µm
_01883_,21.16µm
_05424_,21.16µm
_06269_,21.16µm
_11639_,21.16µm
_02139_,21.155µm
_10259_,21.14µm
_11325_,21.14µm
_11389_,21.14µm
core_u.rf_u.registers\[4\]\[14\],21.14µm
_04069_,21.12µm
_05535_,21.12µm
_05742_,21.12µm
_08232_,21.12µm
_11105_,21.12µm
core_u.rf_u.registers\[13\]\[6\],21.12µm
_03579_,21.1µm
_06490_,21.1µm
_02751_,21.08µm
_04066_,21.08µm
_05045_,21.08µm
_08753_,21.08µm
_09058_,21.08µm
_10804_,21.08µm
_10832_,21.08µm
_08258_,21.06µm
_02697_,21.04µm
_09625_,21.04µm
_09672_,21.04µm
_11302_,21.04µm
data_sram_u.mem\[2\]\[14\],21.025µm
_04895_,21.02µm
_04973_,21.02µm
_04290_,21µm
_06601_,21µm
_10231_,21µm
_12727_,21µm
_04647_,20.98µm
_10939_,20.98µm
data_sram_u.mem\[1\]\[10\],20.98µm
_09611_,20.97µm
_04252_,20.96µm
_08756_,20.96µm
_08420_,20.94µm
_03197_,20.92µm
_04827_,20.92µm
axi_ctrl_rdata\[7\],20.92µm
data_sram_u.mem\[1\]\[5\],20.92µm
_02849_,20.9µm
accelerator_u.array_inst.a_h\[3\]\[2\],20.9µm
_11045_,20.88µm
core_u.rf_u.registers\[1\]\[31\],20.88µm
_02354_,20.86µm
_05312_,20.86µm
_06674_,20.86µm
_09313_,20.86µm
_10676_,20.86µm
_12578_,20.86µm
_08574_,20.84µm
data_sram_u.mem\[2\]\[9\],20.84µm
_03615_,20.82µm
_08716_,20.82µm
accelerator_u.array_inst.acc\[12\]\[25\],20.81µm
_13194_,20.805µm
_04322_,20.8µm
_05663_,20.8µm
_08225_,20.8µm
_11658_,20.8µm
_11874_,20.8µm
_01976_,20.78µm
_02303_,20.78µm
_03640_,20.78µm
_06405_,20.78µm
_11774_,20.78µm
core_u.rf_u.registers\[12\]\[1\],20.78µm
_04371_,20.77µm
_02923_,20.76µm
_03189_,20.76µm
_03572_,20.76µm
_04707_,20.76µm
_07103_,20.76µm
_09758_,20.76µm
_12053_,20.76µm
_12322_,20.76µm
_02520_,20.74µm
_04451_,20.74µm
_05129_,20.74µm
_05842_,20.74µm
_08425_,20.74µm
_11051_,20.74µm
core_u.rf_u.registers\[11\]\[30\],20.735µm
_05137_,20.72µm
_06127_,20.72µm
_08589_,20.72µm
_12623_,20.72µm
_05653_,20.7µm
_11987_,20.7µm
_12037_,20.7µm
_12860_,20.7µm
_13099_,20.7µm
_02280_,20.68µm
_02556_,20.68µm
_04336_,20.68µm
_11153_,20.68µm
_13024_,20.68µm
_02349_,20.66µm
_03148_,20.66µm
_06265_,20.66µm
_08803_,20.66µm
_09614_,20.66µm
_12960_,20.66µm
core_u.rf_u.registers\[1\]\[25\],20.645µm
_04469_,20.64µm
_11342_,20.64µm
_04489_,20.635µm
_02031_,20.62µm
_03152_,20.62µm
_03278_,20.62µm
_11041_,20.62µm
_11647_,20.62µm
_12619_,20.62µm
data_sram_u.mem\[1\]\[19\],20.6µm
core_u.rf_u.registers\[14\]\[25\],20.585µm
_12152_,20.58µm
_13050_,20.58µm
_11602_,20.56µm
_12553_,20.56µm
_04239_,20.55µm
_13176_,20.55µm
_08251_,20.54µm
axi_ctrl_rdata\[2\],20.54µm
core_u.rf_u.registers\[4\]\[7\],20.54µm
_05776_,20.52µm
_09001_,20.52µm
_02614_,20.5µm
_05804_,20.5µm
_13241_,20.5µm
_05587_,20.46µm
_08715_,20.46µm
_11123_,20.46µm
axi_ctrl_rdata\[0\],20.46µm
_08014_,20.44µm
_11890_,20.44µm
_12635_,20.44µm
core_u.rf_u.registers\[10\]\[8\],20.44µm
_04890_,20.42µm
_02383_,20.4µm
_04029_,20.4µm
_04620_,20.4µm
_04743_,20.4µm
_05744_,20.4µm
_01909_,20.38µm
_04234_,20.38µm
_11497_,20.38µm
_13053_,20.38µm
accelerator_u.array_inst.acc\[6\]\[15\],20.38µm
_05907_,20.375µm
_03006_,20.36µm
_04672_,20.36µm
_06883_,20.36µm
_11382_,20.36µm
_13108_,20.36µm
axi_ctrl_wdata\[22\],20.36µm
_03835_,20.34µm
_08160_,20.34µm
_12814_,20.34µm
_02199_,20.32µm
_03206_,20.32µm
_08187_,20.32µm
_12256_,20.32µm
_01904_,20.3µm
_02531_,20.3µm
_03164_,20.3µm
_03387_,20.3µm
_08110_,20.3µm
_11468_,20.3µm
_12724_,20.3µm
core_u.rf_u.registers\[9\]\[11\],20.3µm
_05918_,20.29µm
_03192_,20.28µm
_08952_,20.28µm
_11269_,20.28µm
_12098_,20.28µm
_05905_,20.26µm
_06037_,20.26µm
_08326_,20.24µm
_11067_,20.24µm
_11870_,20.24µm
data_sram_u.mem\[3\]\[25\],20.24µm
_01911_,20.22µm
_08477_,20.2µm
_09559_,20.2µm
_11796_,20.2µm
_11871_,20.2µm
core_u.rf_u.registers\[14\]\[7\],20.2µm
_12316_,20.18µm
_09528_,20.17µm
_01936_,20.16µm
_04055_,20.16µm
_05513_,20.16µm
_05719_,20.16µm
_13279_,20.16µm
_03706_,20.14µm
_12070_,20.14µm
_13058_,20.14µm
core_u.rf_u.registers\[4\]\[23\],20.14µm
_05891_,20.13µm
_03811_,20.12µm
core_u.rf_u.registers\[6\]\[27\],20.12µm
core_u.rf_u.registers\[7\]\[28\],20.12µm
_08778_,20.1µm
_06295_,20.09µm
_04050_,20.08µm
_08650_,20.08µm
_11971_,20.08µm
_02346_,20.06µm
_04931_,20.06µm
_09656_,20.06µm
_12150_,20.06µm
_03132_,20.04µm
_12022_,20.04µm
_12755_,20.04µm
_13228_,20.02µm
accelerator_u.mat_a_reg\[1\]\[8\],20.02µm
core_u.rf_u.registers\[1\]\[6\],20.02µm
core_u.rf_u.registers\[4\]\[2\],20.02µm
accelerator_u.array_inst.acc\[3\]\[29\],20.01µm
_03209_,20µm
_11579_,20µm
core_u.rf_u.registers\[4\]\[24\],20µm
core_u.rf_u.registers\[4\]\[31\],20µm
_01876_,19.98µm
_08775_,19.98µm
_12406_,19.98µm
_13049_,19.98µm
core_u.rf_u.registers\[3\]\[14\],19.98µm
_03749_,19.96µm
_04651_,19.96µm
_12128_,19.96µm
_01782_,19.94µm
_05176_,19.94µm
_05155_,19.92µm
_08236_,19.92µm
_09560_,19.92µm
_12961_,19.92µm
core_u.rf_u.registers\[5\]\[15\],19.92µm
core_u.rf_u.registers\[15\]\[23\],19.915µm
_03488_,19.9µm
_06628_,19.9µm
_09619_,19.9µm
_09940_,19.9µm
_11098_,19.9µm
_11315_,19.9µm
core_u.rf_u.registers\[9\]\[4\],19.9µm
_04199_,19.88µm
_04926_,19.88µm
_09582_,19.88µm
_12271_,19.88µm
_06778_,19.86µm
_07002_,19.86µm
_08439_,19.855µm
_04384_,19.85µm
core_u.rf_u.registers\[5\]\[3\],19.845µm
_08053_,19.84µm
_04032_,19.82µm
_04355_,19.82µm
_05447_,19.82µm
core_u.rf_u.registers\[10\]\[19\],19.82µm
core_u.rf_u.registers\[11\]\[13\],19.82µm
data_sram_u.mem\[3\]\[14\],19.82µm
core_u.rf_u.registers\[6\]\[7\],19.805µm
_11028_,19.8µm
_11560_,19.8µm
_05520_,19.79µm
_01840_,19.76µm
_07924_,19.76µm
_10234_,19.76µm
_11129_,19.76µm
_11904_,19.76µm
_02878_,19.74µm
_03559_,19.74µm
_09692_,19.74µm
core_u.rf_u.registers\[11\]\[7\],19.72µm
_02997_,19.7µm
_05666_,19.7µm
core_u.rf_u.registers\[7\]\[4\],19.7µm
_04722_,19.69µm
_13300_,19.68µm
core_u.rf_u.registers\[14\]\[19\],19.68µm
core_u.rf_u.registers\[5\]\[1\],19.68µm
_05127_,19.66µm
_10789_,19.66µm
_10708_,19.64µm
core_u.rf_u.registers\[12\]\[5\],19.64µm
_07193_,19.625µm
net2252,19.62µm
_05537_,19.62µm
_13297_,19.62µm
data_sram_u.mem\[1\]\[17\],19.62µm
_03732_,19.6µm
_08220_,19.6µm
_08931_,19.6µm
_12400_,19.6µm
_04662_,19.59µm
_08334_,19.58µm
_11156_,19.58µm
_11295_,19.58µm
_11785_,19.58µm
net2238,19.58µm
_12572_,19.57µm
core_u.rf_u.registers\[10\]\[27\],19.565µm
_04117_,19.56µm
data_sram_u.mem\[1\]\[12\],19.56µm
_09676_,19.54µm
_10190_,19.54µm
_12261_,19.54µm
accelerator_u.array_inst.acc\[3\]\[27\],19.54µm
_04057_,19.52µm
_05038_,19.52µm
_08434_,19.52µm
data_sram_u.mem\[3\]\[22\],19.52µm
_12756_,19.51µm
_03310_,19.5µm
_04878_,19.5µm
_05637_,19.5µm
_09335_,19.5µm
_03918_,19.48µm
_05208_,19.48µm
core_u.rf_u.registers\[6\]\[0\],19.48µm
_02641_,19.47µm
_01832_,19.46µm
_03779_,19.46µm
_04396_,19.46µm
_04597_,19.46µm
_11638_,19.46µm
_12911_,19.46µm
_13061_,19.46µm
_02270_,19.44µm
_03501_,19.44µm
_05726_,19.44µm
_10162_,19.44µm
_02712_,19.42µm
_05552_,19.42µm
_05787_,19.42µm
_07066_,19.42µm
_10206_,19.42µm
_02563_,19.4µm
_06637_,19.4µm
_06660_,19.4µm
_09057_,19.4µm
_11204_,19.4µm
_13209_,19.4µm
_02501_,19.38µm
_02638_,19.38µm
_05616_,19.38µm
_07051_,19.38µm
_12466_,19.36µm
core_u.rf_u.registers\[4\]\[29\],19.36µm
_03348_,19.34µm
_05850_,19.34µm
core_u.rf_u.registers\[7\]\[29\],19.34µm
_02172_,19.32µm
_02729_,19.32µm
_02806_,19.32µm
_03990_,19.32µm
_05077_,19.32µm
_06612_,19.32µm
core_u.rf_u.registers\[2\]\[9\],19.32µm
net2237,19.32µm
_03730_,19.31µm
_03563_,19.3µm
_06705_,19.3µm
_08329_,19.3µm
data_sram_u.mem\[2\]\[5\],19.3µm
core_u.rf_u.registers\[1\]\[29\],19.295µm
_02720_,19.28µm
_04442_,19.28µm
_06589_,19.28µm
_12398_,19.28µm
_12938_,19.28µm
_13250_,19.28µm
_06078_,19.26µm
_12560_,19.26µm
axi_ctrl_wdata\[15\],19.26µm
_02533_,19.24µm
_02703_,19.24µm
_02942_,19.24µm
_03245_,19.24µm
_08088_,19.24µm
_10777_,19.24µm
_11252_,19.24µm
_11612_,19.24µm
_11783_,19.24µm
_12027_,19.24µm
_08932_,19.23µm
_13290_,19.22µm
_02079_,19.2µm
_02652_,19.2µm
_02657_,19.2µm
_06366_,19.2µm
_09898_,19.2µm
_10947_,19.2µm
_12741_,19.2µm
accelerator_u.mat_a_reg\[1\]\[4\],19.19µm
_03754_,19.18µm
_12397_,19.18µm
_01869_,19.16µm
_01983_,19.16µm
_03393_,19.16µm
_04838_,19.16µm
_10759_,19.16µm
_11396_,19.16µm
axi_ctrl_rdata\[15\],19.16µm
_01822_,19.14µm
_05193_,19.14µm
_03137_,19.12µm
_03235_,19.12µm
_03799_,19.12µm
_07719_,19.12µm
_11442_,19.12µm
_13199_,19.12µm
_08802_,19.1µm
_11513_,19.09µm
_01886_,19.08µm
_05023_,19.08µm
_08400_,19.08µm
_11435_,19.08µm
_12861_,19.08µm
_12935_,19.08µm
_12972_,19.08µm
axi_ctrl_rdata\[3\],19.08µm
core_u.rf_u.registers\[6\]\[28\],19.08µm
_04333_,19.06µm
_11146_,19.05µm
_04667_,19.04µm
_12085_,19.04µm
_05309_,19.03µm
_11683_,19.02µm
_11977_,19.02µm
_04092_,19.01µm
core_u.rf_u.registers\[12\]\[14\],19.005µm
_03461_,19µm
_04325_,19µm
_08054_,19µm
_12131_,19µm
_02435_,18.98µm
_06000_,18.98µm
_08402_,18.98µm
_08517_,18.98µm
accelerator_u.mat_b_reg\[3\]\[16\],18.98µm
core_u.rf_u.registers\[12\]\[10\],18.98µm
core_u.rf_u.registers\[8\]\[2\],18.98µm
_03397_,18.97µm
_05235_,18.97µm
_05006_,18.96µm
_06569_,18.96µm
_09044_,18.96µm
_10772_,18.96µm
_11459_,18.96µm
_11810_,18.96µm
_02609_,18.94µm
_09969_,18.94µm
_11336_,18.94µm
_13044_,18.94µm
core_u.rf_u.registers\[14\]\[23\],18.94µm
_00842_,18.92µm
_02467_,18.92µm
_04533_,18.92µm
_05231_,18.92µm
_11122_,18.92µm
_12779_,18.92µm
axi_ctrl_rdata\[26\],18.92µm
_02584_,18.9µm
_09932_,18.9µm
_11913_,18.9µm
_02052_,18.88µm
_05240_,18.88µm
_02255_,18.86µm
_11018_,18.86µm
_11533_,18.86µm
_12803_,18.86µm
_12996_,18.86µm
_13016_,18.86µm
_13201_,18.86µm
net2182,18.86µm
_03319_,18.84µm
_05010_,18.82µm
_05548_,18.82µm
_09459_,18.82µm
_11214_,18.82µm
_12067_,18.82µm
core_u.rf_u.registers\[10\]\[16\],18.82µm
data_sram_u.mem\[2\]\[6\],18.82µm
_03663_,18.8µm
_06008_,18.8µm
_12975_,18.8µm
_03513_,18.79µm
_06237_,18.785µm
core_u.rf_u.registers\[11\]\[31\],18.785µm
_03938_,18.78µm
_05128_,18.78µm
_08975_,18.78µm
_09289_,18.78µm
_01841_,18.76µm
_02323_,18.76µm
_04133_,18.76µm
_06573_,18.76µm
_09312_,18.76µm
core_u.rf_u.registers\[4\]\[15\],18.76µm
_10269_,18.72µm
_04406_,18.71µm
_04019_,18.7µm
_05524_,18.7µm
_05533_,18.7µm
_05627_,18.7µm
_07946_,18.7µm
_08637_,18.7µm
_10835_,18.7µm
_11782_,18.7µm
_11868_,18.7µm
_06248_,18.69µm
_09818_,18.69µm
_02041_,18.68µm
_11307_,18.68µm
_08668_,18.675µm
_03627_,18.66µm
_13000_,18.66µm
_02472_,18.65µm
_03747_,18.64µm
_04659_,18.64µm
_05185_,18.64µm
_08279_,18.64µm
_11279_,18.64µm
core_u.rf_u.registers\[1\]\[22\],18.64µm
core_u.rf_u.registers\[6\]\[26\],18.64µm
core_u.rf_u.registers\[8\]\[17\],18.625µm
_05474_,18.62µm
_10886_,18.62µm
axi_ctrl_rdata\[13\],18.62µm
_06166_,18.6µm
_10806_,18.6µm
_12772_,18.6µm
_13014_,18.6µm
_11392_,18.59µm
_10927_,18.58µm
_02709_,18.56µm
_08812_,18.56µm
_10018_,18.56µm
_10894_,18.56µm
core_u.rf_u.registers\[11\]\[12\],18.56µm
_07916_,18.54µm
_12139_,18.54µm
_12567_,18.54µm
_02294_,18.52µm
_02535_,18.52µm
_03728_,18.52µm
_06749_,18.52µm
_06880_,18.52µm
_09452_,18.52µm
_11793_,18.52µm
_12151_,18.52µm
_12541_,18.52µm
_06014_,18.48µm
_07964_,18.48µm
_12143_,18.48µm
_12821_,18.48µm
accelerator_u.mat_a_reg\[0\]\[23\],18.48µm
axi_ctrl_rdata\[24\],18.48µm
_02043_,18.475µm
_02337_,18.46µm
_02649_,18.46µm
_09314_,18.46µm
_09707_,18.46µm
data_sram_u.mem\[2\]\[13\],18.46µm
_05955_,18.45µm
_03043_,18.44µm
_09107_,18.44µm
_12990_,18.44µm
data_sram_u.mem\[2\]\[8\],18.44µm
_01913_,18.42µm
_02792_,18.42µm
_06408_,18.42µm
_11825_,18.42µm
axi_ctrl_wdata\[17\],18.42µm
_05017_,18.41µm
_02430_,18.4µm
_03014_,18.4µm
_04311_,18.4µm
_04998_,18.4µm
_08057_,18.4µm
_09484_,18.4µm
_12357_,18.4µm
core_u.rf_u.registers\[14\]\[0\],18.4µm
core_u.rf_u.registers\[2\]\[2\],18.4µm
core_u.rf_u.registers\[7\]\[14\],18.4µm
_01971_,18.38µm
_02228_,18.38µm
_03531_,18.38µm
_03993_,18.38µm
_05331_,18.38µm
_08244_,18.38µm
_13007_,18.38µm
_03261_,18.36µm
_03484_,18.36µm
core_u.rf_u.registers\[4\]\[19\],18.36µm
_02266_,18.34µm
_06103_,18.34µm
_09324_,18.34µm
_12538_,18.33µm
_03009_,18.32µm
_03432_,18.32µm
_03936_,18.32µm
_06224_,18.32µm
axi_ctrl_rdata\[6\],18.32µm
master_u.state\[1\],18.32µm
_04571_,18.3µm
data_sram_u.mem\[2\]\[24\],18.3µm
_11300_,18.29µm
_02722_,18.28µm
_02894_,18.28µm
_05458_,18.28µm
_08862_,18.28µm
_11797_,18.28µm
_12352_,18.28µm
accelerator_u.mat_b_reg\[0\]\[21\],18.28µm
_11016_,18.26µm
_11920_,18.26µm
imem_data[16],18.25µm
_04062_,18.24µm
_05970_,18.24µm
_12100_,18.24µm
_13005_,18.24µm
_02070_,18.22µm
_02193_,18.22µm
_03916_,18.22µm
_08098_,18.22µm
_05705_,18.205µm
_05051_,18.2µm
_13076_,18.2µm
core_u.rf_u.registers\[7\]\[19\],18.2µm
data_sram_u.mem\[3\]\[21\],18.2µm
_04127_,18.18µm
_06603_,18.18µm
_11865_,18.18µm
_12618_,18.18µm
core_u.rf_u.registers\[9\]\[21\],18.18µm
_02329_,18.16µm
_06934_,18.16µm
_08041_,18.16µm
_13277_,18.16µm
_02090_,18.14µm
_04173_,18.14µm
_06112_,18.14µm
_08696_,18.14µm
_13095_,18.14µm
_12998_,18.13µm
_03302_,18.12µm
_06892_,18.12µm
_09367_,18.12µm
_03612_,18.1µm
_05277_,18.1µm
_05366_,18.1µm
_08723_,18.1µm
_08750_,18.1µm
_09354_,18.1µm
_11407_,18.1µm
_11532_,18.1µm
_07738_,18.085µm
_05263_,18.08µm
_05617_,18.08µm
_11526_,18.08µm
_12925_,18.08µm
_13330_,18.08µm
accelerator_u.array_inst.acc\[5\]\[31\],18.08µm
core_u.rf_u.registers\[3\]\[24\],18.075µm
_02100_,18.06µm
_02315_,18.06µm
_03464_,18.06µm
_10752_,18.06µm
_11167_,18.06µm
_12422_,18.06µm
_12581_,18.06µm
_13221_,18.06µm
data_sram_u.mem\[3\]\[2\],18.06µm
_13232_,18.05µm
_04786_,18.04µm
_11646_,18.04µm
_12503_,18.04µm
_12509_,18.04µm
_13225_,18.04µm
_04051_,18.02µm
_05418_,18.02µm
_12409_,18.02µm
_13015_,18.02µm
data_sram_u.mem\[2\]\[11\],18.02µm
_05833_,18.015µm
_02187_,18µm
_03794_,18µm
_05493_,18µm
_08705_,18µm
_12097_,18µm
data_sram_u.mem\[1\]\[3\],17.985µm
_03045_,17.98µm
_04009_,17.98µm
_04275_,17.98µm
_04623_,17.98µm
_05123_,17.98µm
_09610_,17.98µm
core_u.rf_u.registers\[12\]\[20\],17.98µm
axi_start_write,17.965µm
_10821_,17.96µm
_11332_,17.96µm
_12784_,17.96µm
_12832_,17.95µm
_02055_,17.94µm
_03913_,17.94µm
_06227_,17.94µm
_09003_,17.94µm
_09379_,17.94µm
_09572_,17.94µm
_12010_,17.94µm
core_u.rf_u.registers\[8\]\[15\],17.94µm
_04273_,17.92µm
_06525_,17.92µm
_05478_,17.9µm
_05555_,17.9µm
_07735_,17.9µm
_11030_,17.9µm
net486,17.9µm
_05287_,17.88µm
_08332_,17.88µm
_03912_,17.86µm
_06024_,17.86µm
_12448_,17.86µm
_13094_,17.86µm
_05692_,17.84µm
_05747_,17.84µm
_07987_,17.84µm
core_u.rf_u.registers\[10\]\[26\],17.84µm
accelerator_u.array_inst.acc\[6\]\[31\],17.83µm
_01865_,17.82µm
_02951_,17.82µm
_03420_,17.82µm
_03861_,17.82µm
_04683_,17.82µm
_05799_,17.82µm
_08961_,17.82µm
core_u.rf_u.registers\[15\]\[30\],17.82µm
core_u.rf_u.registers\[7\]\[9\],17.82µm
_03457_,17.8µm
_03677_,17.8µm
_08615_,17.8µm
_09054_,17.8µm
_09659_,17.795µm
_11055_,17.79µm
_03204_,17.78µm
_04446_,17.78µm
_05795_,17.78µm
_07920_,17.78µm
_09543_,17.76µm
_09714_,17.76µm
_11489_,17.76µm
_12494_,17.76µm
_12513_,17.76µm
_13110_,17.76µm
core_u.rf_u.registers\[7\]\[24\],17.76µm
_04218_,17.75µm
_02109_,17.74µm
_03312_,17.74µm
_05186_,17.74µm
_12165_,17.74µm
_13341_,17.74µm
core_u.rf_u.registers\[7\]\[12\],17.74µm
_02541_,17.72µm
_04167_,17.72µm
_04261_,17.72µm
_11013_,17.72µm
_11191_,17.72µm
_12144_,17.72µm
_12729_,17.72µm
_01881_,17.7µm
_04807_,17.7µm
_11183_,17.7µm
_11394_,17.7µm
_04402_,17.69µm
_01906_,17.68µm
_03062_,17.68µm
_04132_,17.68µm
core_u.rf_u.registers\[10\]\[25\],17.68µm
data_sram_u.mem\[1\]\[6\],17.665µm
_02750_,17.66µm
_04855_,17.66µm
_05504_,17.66µm
accelerator_u.mat_a_reg\[0\]\[22\],17.66µm
_01964_,17.65µm
_01824_,17.64µm
_02236_,17.64µm
_03943_,17.64µm
_04430_,17.64µm
_11918_,17.64µm
_12787_,17.64µm
_09666_,17.62µm
_12326_,17.62µm
_13071_,17.62µm
_02072_,17.6µm
_02461_,17.6µm
_02958_,17.6µm
_03126_,17.6µm
_04425_,17.6µm
_05794_,17.6µm
_07675_,17.6µm
_09454_,17.6µm
_13165_,17.6µm
_13207_,17.6µm
_02414_,17.58µm
_03018_,17.58µm
_08792_,17.58µm
_11094_,17.58µm
core_u.rf_u.registers\[7\]\[30\],17.58µm
_02319_,17.57µm
_03363_,17.56µm
_06277_,17.56µm
_08274_,17.56µm
_08280_,17.56µm
_12272_,17.56µm
_02418_,17.54µm
_03753_,17.54µm
_04603_,17.54µm
_05676_,17.54µm
_07141_,17.54µm
_01853_,17.53µm
_11997_,17.53µm
core_u.rf_u.registers\[8\]\[24\],17.525µm
_02312_,17.52µm
_03139_,17.52µm
_04872_,17.52µm
_08125_,17.52µm
_08202_,17.52µm
_08564_,17.52µm
_09215_,17.52µm
_11986_,17.52µm
_12012_,17.52µm
_08945_,17.49µm
_02179_,17.48µm
_02466_,17.48µm
_03527_,17.48µm
_04399_,17.48µm
_05554_,17.48µm
_06932_,17.48µm
_07296_,17.48µm
_08618_,17.48µm
_09341_,17.48µm
_10873_,17.48µm
_03243_,17.47µm
_07734_,17.46µm
_10217_,17.46µm
_10808_,17.46µm
_11905_,17.44µm
_01982_,17.43µm
_12642_,17.43µm
_12895_,17.43µm
axi_ctrl_rdata\[19\],17.42µm
_03492_,17.4µm
_04436_,17.4µm
_05279_,17.4µm
_06002_,17.4µm
_08833_,17.4µm
_11692_,17.4µm
_12487_,17.4µm
core_u.rf_u.registers\[7\]\[0\],17.4µm
_01835_,17.38µm
_05385_,17.38µm
_09687_,17.38µm
data_sram_u.mem\[1\]\[15\],17.38µm
_01800_,17.36µm
_02028_,17.36µm
_02451_,17.36µm
_02592_,17.36µm
_04193_,17.36µm
_05290_,17.36µm
_05755_,17.36µm
_08151_,17.36µm
_09351_,17.36µm
core_u.rf_u.registers\[14\]\[11\],17.36µm
_03972_,17.35µm
_04857_,17.34µm
data_sram_u.mem\[0\]\[2\],17.34µm
_02250_,17.32µm
_11174_,17.32µm
accelerator_u.mat_b_reg\[1\]\[18\],17.32µm
_05342_,17.3µm
_11313_,17.3µm
_02546_,17.28µm
_02631_,17.28µm
_04766_,17.28µm
_05591_,17.28µm
_08730_,17.28µm
core_u.rf_u.registers\[1\]\[30\],17.26µm
_03219_,17.24µm
_03932_,17.24µm
_04530_,17.24µm
_05153_,17.24µm
_07911_,17.24µm
_08562_,17.24µm
_11972_,17.24µm
_03277_,17.22µm
_10171_,17.22µm
_10754_,17.22µm
_11447_,17.22µm
imem_addr[29],17.2µm
_08555_,17.2µm
_11563_,17.2µm
core_u.rf_u.registers\[9\]\[30\],17.2µm
_09444_,17.19µm
_05490_,17.18µm
_06306_,17.18µm
_08549_,17.18µm
data_sram_u.mem\[3\]\[18\],17.18µm
_08874_,17.175µm
_02334_,17.16µm
_05838_,17.16µm
_06543_,17.16µm
_06643_,17.16µm
data_sram_u.mem\[1\]\[8\],17.16µm
_01959_,17.14µm
_08936_,17.14µm
_12125_,17.14µm
_13301_,17.14µm
_13312_,17.14µm
core_u.rf_u.registers\[12\]\[29\],17.14µm
core_u.rf_u.registers\[15\]\[27\],17.14µm
_02283_,17.12µm
_03111_,17.1µm
_04562_,17.1µm
_05391_,17.1µm
_05463_,17.1µm
_07931_,17.1µm
_08064_,17.1µm
core_u.rf_u.registers\[15\]\[1\],17.1µm
_11933_,17.09µm
_11121_,17.085µm
_02265_,17.08µm
_05714_,17.08µm
_08317_,17.08µm
_06860_,17.065µm
_02474_,17.06µm
_05760_,17.06µm
_08431_,17.06µm
_08970_,17.06µm
_09466_,17.06µm
_10836_,17.06µm
_12641_,17.06µm
_05706_,17.04µm
_08339_,17.04µm
_03354_,17.02µm
_05633_,17.02µm
_05691_,17.02µm
_08927_,17.02µm
_12370_,17.02µm
_12589_,17.02µm
_12880_,17.02µm
core_u.rf_u.registers\[1\]\[11\],17.02µm
data_sram_u.mem\[0\]\[3\],17.02µm
_02348_,17µm
_02359_,17µm
_03803_,17µm
_05029_,17µm
core_u.rf_u.registers\[13\]\[5\],17µm
core_u.rf_u.registers\[8\]\[12\],17µm
_11346_,16.99µm
core_u.rf_u.registers\[8\]\[16\],16.985µm
_02623_,16.98µm
_03631_,16.98µm
_04697_,16.98µm
_11931_,16.98µm
_12016_,16.98µm
_12062_,16.98µm
axi_ctrl_rdata\[27\],16.98µm
core_u.rf_u.registers\[8\]\[29\],16.98µm
_02566_,16.95µm
_12303_,16.95µm
_02787_,16.94µm
_03481_,16.94µm
_03737_,16.94µm
_03952_,16.94µm
_04915_,16.94µm
_05281_,16.94µm
_05697_,16.94µm
_06043_,16.94µm
_08692_,16.94µm
_08729_,16.94µm
_11525_,16.94µm
_13316_,16.94µm
_03430_,16.92µm
_04089_,16.92µm
_05580_,16.92µm
_11555_,16.9µm
_11665_,16.9µm
_11862_,16.9µm
_12106_,16.9µm
_12819_,16.9µm
_13010_,16.9µm
_13255_,16.9µm
_02887_,16.86µm
_03989_,16.86µm
_04465_,16.86µm
_05098_,16.86µm
_05651_,16.86µm
_11886_,16.86µm
_12287_,16.86µm
_12478_,16.86µm
accelerator_u.mat_b_reg\[1\]\[12\],16.86µm
_08554_,16.84µm
_11840_,16.84µm
_12769_,16.84µm
_13100_,16.84µm
_04863_,16.83µm
_04353_,16.82µm
_04944_,16.82µm
_05199_,16.82µm
_06289_,16.82µm
core_u.rf_u.registers\[9\]\[13\],16.82µm
_00755_,16.8µm
_04189_,16.8µm
_04304_,16.8µm
_11267_,16.8µm
_12323_,16.8µm
_02663_,16.78µm
_03610_,16.78µm
_05165_,16.78µm
_05311_,16.78µm
_05476_,16.78µm
_06879_,16.78µm
_09636_,16.78µm
_12590_,16.78µm
_12884_,16.78µm
accelerator_u.array_inst.acc\[7\]\[28\],16.78µm
data_sram_u.mem\[2\]\[2\],16.78µm
net2217,16.78µm
core_u.rf_u.registers\[8\]\[30\],16.775µm
_02913_,16.765µm
_02366_,16.76µm
_05506_,16.76µm
_08662_,16.76µm
_11879_,16.76µm
_12425_,16.76µm
data_sram_u.mem\[2\]\[18\],16.745µm
_02343_,16.74µm
_02577_,16.74µm
_03854_,16.74µm
_04253_,16.74µm
_04468_,16.74µm
_05284_,16.74µm
_09331_,16.74µm
_10227_,16.74µm
_10938_,16.74µm
_13186_,16.74µm
_08413_,16.735µm
_06122_,16.725µm
_03981_,16.72µm
_07914_,16.72µm
_08242_,16.72µm
_08843_,16.72µm
_11260_,16.72µm
_13043_,16.72µm
_13096_,16.72µm
_01897_,16.7µm
_02227_,16.7µm
_02643_,16.7µm
_04296_,16.7µm
_08234_,16.7µm
_08958_,16.7µm
_09274_,16.7µm
_09517_,16.7µm
_11896_,16.7µm
_12282_,16.7µm
_02634_,16.68µm
_03840_,16.68µm
_04246_,16.68µm
_04925_,16.68µm
_08922_,16.68µm
accelerator_u.BREADY,16.68µm
core_u.rf_u.registers\[12\]\[13\],16.68µm
_01833_,16.66µm
_04486_,16.66µm
_04616_,16.66µm
_06146_,16.66µm
_10796_,16.66µm
_12599_,16.66µm
_13257_,16.66µm
core_u.rf_u.registers\[3\]\[26\],16.66µm
_02071_,16.64µm
_03499_,16.64µm
_05818_,16.64µm
_09620_,16.64µm
_10983_,16.64µm
_12664_,16.64µm
axi_start_read,16.64µm
_04503_,16.62µm
_04957_,16.62µm
_10969_,16.62µm
_05429_,16.61µm
_04209_,16.6µm
_05349_,16.6µm
_05480_,16.6µm
_10881_,16.58µm
core_u.rf_u.registers\[4\]\[13\],16.58µm
_01804_,16.56µm
_02604_,16.56µm
_03897_,16.56µm
_05414_,16.56µm
_07984_,16.56µm
_08018_,16.56µm
_11788_,16.56µm
_12345_,16.56µm
_12796_,16.56µm
core_u.rf_u.registers\[15\]\[16\],16.56µm
_04639_,16.54µm
_05807_,16.54µm
_06082_,16.54µm
_08977_,16.54µm
_02212_,16.52µm
_04045_,16.52µm
_04077_,16.52µm
_05210_,16.52µm
_05407_,16.52µm
_09561_,16.52µm
_13259_,16.52µm
_13282_,16.52µm
data_sram_u.mem\[2\]\[17\],16.52µm
_02927_,16.51µm
_05016_,16.5µm
_08132_,16.5µm
_08748_,16.48µm
_02827_,16.46µm
_03629_,16.46µm
_10013_,16.46µm
_02013_,16.44µm
_03316_,16.44µm
_03787_,16.44µm
_09500_,16.44µm
_11510_,16.44µm
_11863_,16.44µm
core_u.rf_u.registers\[15\]\[14\],16.44µm
_13088_,16.43µm
_06084_,16.42µm
_07688_,16.42µm
_08071_,16.42µm
_12776_,16.42µm
axi_ctrl_wdata\[26\],16.42µm
_02573_,16.4µm
_04229_,16.4µm
_07088_,16.4µm
_08343_,16.4µm
_11017_,16.4µm
_11582_,16.4µm
_12927_,16.4µm
_13084_,16.4µm
_03167_,16.38µm
_04052_,16.38µm
_05464_,16.38µm
_11133_,16.38µm
_11284_,16.38µm
_11610_,16.38µm
accelerator_u.mat_b_reg\[1\]\[3\],16.38µm
net2183,16.38µm
_09135_,16.365µm
_02268_,16.36µm
_02525_,16.36µm
_04298_,16.36µm
_12585_,16.36µm
_13070_,16.36µm
_09602_,16.355µm
_05445_,16.34µm
_05560_,16.34µm
_09329_,16.34µm
_09689_,16.34µm
_12548_,16.34µm
_01797_,16.32µm
_01811_,16.32µm
_02915_,16.32µm
_03266_,16.32µm
_11040_,16.32µm
_04060_,16.3µm
_04506_,16.3µm
_09032_,16.3µm
_13075_,16.3µm
core_u.rf_u.registers\[13\]\[16\],16.3µm
data_sram_u.mem\[3\]\[5\],16.285µm
_03517_,16.28µm
_07963_,16.28µm
_10090_,16.28µm
_11664_,16.28µm
data_sram_u.mem\[3\]\[28\],16.28µm
_02544_,16.26µm
_03441_,16.26µm
_08325_,16.26µm
_11474_,16.26µm
_13120_,16.26µm
_02330_,16.25µm
_02182_,16.24µm
_02336_,16.24µm
_04832_,16.24µm
_08079_,16.24µm
_08609_,16.24µm
_09421_,16.24µm
_02701_,16.22µm
_03304_,16.22µm
_03745_,16.22µm
_05415_,16.22µm
_05722_,16.22µm
_08344_,16.22µm
_12471_,16.22µm
_13035_,16.22µm
core_u.rf_u.registers\[9\]\[12\],16.22µm
_02017_,16.21µm
core_u.rf_u.registers\[12\]\[26\],16.21µm
_09725_,16.205µm
_03635_,16.2µm
_11009_,16.2µm
_12043_,16.2µm
_13344_,16.2µm
axi_ctrl_wdata\[24\],16.2µm
_03449_,16.18µm
_03806_,16.18µm
_03949_,16.18µm
_04544_,16.18µm
_11621_,16.18µm
_03780_,16.16µm
_04146_,16.16µm
_05615_,16.16µm
_08357_,16.16µm
_11642_,16.16µm
_12739_,16.16µm
_02165_,16.14µm
_09066_,16.14µm
_10837_,16.14µm
_10879_,16.14µm
core_u.rf_u.registers\[5\]\[28\],16.14µm
_04582_,16.12µm
_04820_,16.12µm
_04464_,16.1µm
_05019_,16.1µm
_08076_,16.1µm
_10058_,16.1µm
_11064_,16.1µm
_11108_,16.1µm
_11144_,16.1µm
_11305_,16.1µm
_11576_,16.1µm
_02209_,16.08µm
_03948_,16.08µm
_11004_,16.08µm
_11083_,16.08µm
data_sram_u.mem\[0\]\[30\],16.08µm
_12474_,16.07µm
_09286_,16.065µm
_00815_,16.06µm
_05972_,16.06µm
_08592_,16.06µm
_11039_,16.06µm
_11066_,16.06µm
_12820_,16.06µm
_03213_,16.04µm
_08941_,16.04µm
_10292_,16.04µm
_13112_,16.04µm
_03183_,16.02µm
_03982_,16.02µm
_05599_,16.02µm
_06044_,16.02µm
_06293_,16.02µm
_08278_,16.02µm
_09633_,16.02µm
_10282_,16.02µm
_13032_,16.02µm
_13090_,16.02µm
_05857_,16µm
_06076_,16µm
_03023_,15.98µm
_09551_,15.98µm
_12566_,15.98µm
_12978_,15.98µm
_13234_,15.98µm
axi_ctrl_wdata\[3\],15.98µm
_10852_,15.97µm
_11415_,15.97µm
_01924_,15.96µm
_02934_,15.96µm
_03155_,15.96µm
_04222_,15.96µm
_08853_,15.96µm
_09408_,15.96µm
_05035_,15.945µm
_02513_,15.94µm
_02765_,15.94µm
_02956_,15.94µm
_05260_,15.94µm
_06094_,15.94µm
_10758_,15.94µm
_11072_,15.94µm
core_u.rf_u.registers\[14\]\[1\],15.94µm
data_sram_u.mem\[1\]\[24\],15.94µm
_12142_,15.93µm
_12914_,15.93µm
data_sram_u.mem\[1\]\[22\],15.925µm
_02747_,15.92µm
_06631_,15.92µm
_13295_,15.91µm
_02324_,15.9µm
_03560_,15.9µm
_03935_,15.9µm
_04319_,15.9µm
_11699_,15.9µm
_13127_,15.9µm
_04176_,15.88µm
_04284_,15.88µm
_04335_,15.88µm
_06019_,15.88µm
_03699_,15.86µm
_09760_,15.86µm
_10077_,15.86µm
_11320_,15.86µm
_11377_,15.86µm
_03851_,15.855µm
_11784_,15.855µm
_01818_,15.84µm
_02142_,15.84µm
_02603_,15.84µm
_03712_,15.84µm
_12305_,15.84µm
_03455_,15.83µm
_09261_,15.825µm
_03081_,15.82µm
_03399_,15.82µm
_04401_,15.82µm
_05005_,15.82µm
_07660_,15.82µm
_11087_,15.82µm
_07894_,15.81µm
_02130_,15.8µm
_02262_,15.8µm
_02706_,15.8µm
_03153_,15.8µm
_04482_,15.8µm
_06320_,15.8µm
_09545_,15.8µm
_08197_,15.79µm
imem_addr[4],15.78µm
_02025_,15.78µm
_02180_,15.78µm
_02699_,15.78µm
_05479_,15.78µm
_06160_,15.78µm
_09026_,15.78µm
_09655_,15.78µm
_12865_,15.78µm
_13067_,15.78µm
_13179_,15.78µm
_02168_,15.76µm
_02822_,15.76µm
_03775_,15.76µm
_04014_,15.76µm
_04039_,15.76µm
_05140_,15.76µm
_05538_,15.76µm
_09690_,15.76µm
_11339_,15.76µm
core_u.rf_u.registers\[13\]\[23\],15.745µm
_04267_,15.74µm
_05851_,15.74µm
_11619_,15.74µm
_11660_,15.74µm
_12792_,15.74µm
_13231_,15.74µm
core_u.rf_u.registers\[11\]\[1\],15.74µm
_00597_,15.72µm
_03886_,15.72µm
_04520_,15.72µm
_04842_,15.72µm
_05381_,15.72µm
_05543_,15.72µm
_05553_,15.72µm
_07176_,15.72µm
_08021_,15.72µm
_08263_,15.72µm
_09300_,15.72µm
_11936_,15.72µm
_12110_,15.72µm
_13142_,15.72µm
_03119_,15.7µm
_03966_,15.7µm
_04010_,15.7µm
_05214_,15.7µm
_10320_,15.7µm
_10732_,15.7µm
_13266_,15.7µm
_01125_,15.68µm
_01787_,15.68µm
_03403_,15.68µm
_03904_,15.68µm
_08288_,15.68µm
_11011_,15.68µm
_11135_,15.68µm
_11947_,15.68µm
_13315_,15.68µm
_05434_,15.675µm
_03958_,15.66µm
_06279_,15.66µm
_08055_,15.66µm
_08059_,15.66µm
_08910_,15.66µm
_12063_,15.66µm
axi_ctrl_wdata\[5\],15.66µm
_10999_,15.65µm
_04478_,15.64µm
_04548_,15.64µm
_09117_,15.64µm
_12132_,15.64µm
_04472_,15.62µm
_12977_,15.62µm
core_u.rf_u.registers\[12\]\[30\],15.62µm
_04205_,15.61µm
_00801_,15.6µm
_02746_,15.6µm
_03398_,15.6µm
_11685_,15.6µm
_11838_,15.6µm
accelerator_u.mat_b_reg\[0\]\[8\],15.6µm
_02690_,15.58µm
_03459_,15.58µm
_04417_,15.58µm
data_sram_u.mem\[3\]\[24\],15.575µm
_02289_,15.56µm
_02970_,15.56µm
_03177_,15.56µm
_03665_,15.56µm
_04608_,15.56µm
_05636_,15.56µm
_08122_,15.56µm
_08814_,15.56µm
core_u.rf_u.registers\[9\]\[18\],15.56µm
_08749_,15.54µm
accelerator_u.mat_b_reg\[1\]\[7\],15.54µm
core_u.rf_u.registers\[4\]\[18\],15.54µm
_01921_,15.52µm
_02278_,15.52µm
_03203_,15.52µm
_08694_,15.52µm
_09275_,15.52µm
_09682_,15.52µm
imem_addr[12],15.51µm
_02841_,15.5µm
_04326_,15.5µm
_04972_,15.5µm
data_sram_u.mem\[0\]\[1\],15.5µm
_04942_,15.49µm
_03374_,15.48µm
_03714_,15.48µm
_04002_,15.48µm
_05695_,15.48µm
_08738_,15.48µm
_09021_,15.48µm
_09502_,15.48µm
_10770_,15.48µm
imem_data[5],15.48µm
_11299_,15.48µm
_11545_,15.48µm
_12800_,15.47µm
_05926_,15.46µm
_13103_,15.46µm
data_sram_u.mem\[1\]\[11\],15.46µm
_01927_,15.44µm
_03541_,15.44µm
_10967_,15.44µm
_11906_,15.44µm
_12886_,15.44µm
data_sram_u.mem\[0\]\[25\],15.44µm
imem_addr[10],15.43µm
_03242_,15.42µm
_05086_,15.42µm
_09686_,15.42µm
_12160_,15.42µm
core_u.rf_u.registers\[8\]\[19\],15.42µm
_00942_,15.4µm
_02318_,15.4µm
_02621_,15.4µm
_03298_,15.4µm
_03504_,15.4µm
_03746_,15.4µm
_03946_,15.4µm
_04368_,15.4µm
_04706_,15.4µm
_05562_,15.4µm
_07028_,15.4µm
_08008_,15.4µm
_08080_,15.4µm
_04601_,15.38µm
_04861_,15.38µm
_08355_,15.38µm
_08453_,15.38µm
_08915_,15.38µm
_13155_,15.38µm
_13343_,15.38µm
_04395_,15.37µm
_02164_,15.36µm
_04885_,15.36µm
_09623_,15.36µm
_12823_,15.36µm
_12867_,15.36µm
_01958_,15.34µm
_11126_,15.34µm
_11590_,15.34µm
_11903_,15.34µm
_12799_,15.34µm
_12942_,15.34µm
_03931_,15.335µm
_03250_,15.32µm
_03925_,15.32µm
_04754_,15.32µm
_05900_,15.32µm
_07111_,15.32µm
_08920_,15.32µm
_13169_,15.32µm
_02678_,15.3µm
_03660_,15.3µm
_04967_,15.3µm
_05120_,15.3µm
_05914_,15.3µm
_06779_,15.3µm
_11975_,15.3µm
_12020_,15.3µm
_12045_,15.3µm
_12893_,15.3µm
core_u.rf_u.registers\[14\]\[16\],15.3µm
core_u.rf_u.registers\[2\]\[0\],15.3µm
data_sram_u.mem\[2\]\[3\],15.3µm
_07602_,15.285µm
_01062_,15.28µm
_04034_,15.28µm
_07576_,15.28µm
_09749_,15.28µm
_12933_,15.28µm
core_u.rf_u.registers\[12\]\[0\],15.28µm
_11368_,15.27µm
core_u.rf_u.registers\[13\]\[17\],15.265µm
_02876_,15.26µm
_03577_,15.26µm
_03860_,15.26µm
_03882_,15.26µm
_05335_,15.26µm
_05978_,15.26µm
_06165_,15.26µm
_06691_,15.26µm
_06983_,15.26µm
_07909_,15.26µm
_11976_,15.26µm
_12854_,15.26µm
_05221_,15.25µm
_02195_,15.24µm
_04668_,15.24µm
_07656_,15.24µm
_08947_,15.24µm
_11547_,15.24µm
_11634_,15.24µm
_12048_,15.24µm
_03231_,15.22µm
_03317_,15.22µm
_05340_,15.22µm
_06404_,15.22µm
_09053_,15.22µm
_09442_,15.22µm
_11653_,15.22µm
_13117_,15.22µm
_13237_,15.22µm
_13251_,15.22µm
core_u.rf_u.registers\[5\]\[27\],15.22µm
core_u.rf_u.registers\[6\]\[30\],15.22µm
_03146_,15.2µm
_04274_,15.2µm
_05276_,15.2µm
_08318_,15.2µm
_05951_,15.195µm
_03422_,15.18µm
_05180_,15.18µm
_09284_,15.18µm
_10877_,15.18µm
_11277_,15.18µm
_13163_,15.18µm
_05927_,15.17µm
_11278_,15.16µm
_11826_,15.16µm
_12280_,15.16µm
_12291_,15.16µm
_01834_,15.14µm
_02286_,15.14µm
_04669_,15.14µm
_07075_,15.14µm
_11280_,15.14µm
_02249_,15.12µm
_05436_,15.12µm
_05815_,15.12µm
_12643_,15.12µm
_02233_,15.1µm
_02902_,15.1µm
_11115_,15.1µm
_11148_,15.1µm
_12535_,15.1µm
_12738_,15.1µm
_09168_,15.075µm
_02126_,15.06µm
_05967_,15.06µm
_11027_,15.06µm
_12797_,15.06µm
_05370_,15.05µm
_04649_,15.045µm
_02900_,15.04µm
_07676_,15.04µm
_08577_,15.04µm
_09039_,15.04µm
_11428_,15.04µm
data_sram_u.mem\[0\]\[10\],15.04µm
_04627_,15.03µm
_12392_,15.03µm
_03224_,15.02µm
_08950_,15.02µm
_11349_,15.02µm
_11464_,15.02µm
_13308_,15.02µm
_06349_,15.01µm
_09719_,15µm
core_u.rf_u.registers\[15\]\[7\],14.985µm
_02367_,14.98µm
_06005_,14.98µm
_06331_,14.98µm
_11285_,14.98µm
_12091_,14.98µm
_13073_,14.98µm
core_u.rf_u.registers\[6\]\[18\],14.98µm
_03885_,14.96µm
_05096_,14.96µm
_09526_,14.96µm
_11387_,14.96µm
_11501_,14.96µm
_12136_,14.96µm
_13208_,14.96µm
data_sram_u.mem\[3\]\[11\],14.96µm
_01920_,14.94µm
_03351_,14.94µm
_03838_,14.94µm
_04004_,14.94µm
_04900_,14.94µm
_12408_,14.94µm
_13162_,14.94µm
_02583_,14.92µm
_03063_,14.92µm
_03674_,14.92µm
_04023_,14.92µm
_04375_,14.92µm
_07923_,14.92µm
_08323_,14.92µm
_08507_,14.92µm
_10218_,14.92µm
data_sram_u.mem\[3\]\[9\],14.92µm
core_u.rf_u.registers\[8\]\[1\],14.915µm
imem_addr[25],14.9µm
imem_addr[26],14.9µm
imem_addr[27],14.9µm
imem_addr[28],14.9µm
_03774_,14.9µm
_04951_,14.9µm
_08499_,14.9µm
imem_addr[31],14.9µm
_12464_,14.9µm
_03442_,14.88µm
_03447_,14.88µm
_07972_,14.88µm
_10074_,14.88µm
_10211_,14.88µm
imem_addr[7],14.86µm
imem_addr[6],14.86µm
imem_addr[5],14.86µm
imem_addr[2],14.86µm
_02201_,14.86µm
imem_addr[0],14.86µm
_03352_,14.86µm
_03921_,14.86µm
_04592_,14.86µm
_05499_,14.86µm
_05563_,14.86µm
_07068_,14.86µm
_08002_,14.86µm
_08118_,14.86µm
_08146_,14.86µm
_08239_,14.86µm
_08671_,14.86µm
_08707_,14.86µm
_09305_,14.86µm
_09566_,14.86µm
imem_addr[1],14.86µm
_12095_,14.86µm
_13258_,14.86µm
data_sram_u.mem\[1\]\[20\],14.855µm
_12822_,14.85µm
_01867_,14.84µm
_04752_,14.84µm
_06247_,14.84µm
_07083_,14.84µm
_10866_,14.84µm
_11422_,14.84µm
_11661_,14.84µm
_12728_,14.84µm
_03390_,14.82µm
_03437_,14.82µm
_08612_,14.82µm
_13195_,14.82µm
_02786_,14.8µm
_03526_,14.8µm
_05874_,14.8µm
_06036_,14.8µm
_06773_,14.8µm
_07500_,14.8µm
_10056_,14.8µm
_10907_,14.8µm
_11883_,14.8µm
_12080_,14.8µm
_12298_,14.8µm
data_sram_u.mem\[3\]\[3\],14.8µm
_06149_,14.78µm
accelerator_u.mat_a_reg\[2\]\[5\],14.77µm
_03487_,14.765µm
_00488_,14.76µm
_02157_,14.76µm
_02676_,14.76µm
_03015_,14.76µm
_04295_,14.76µm
_04742_,14.76µm
_05574_,14.76µm
_05983_,14.76µm
_11689_,14.76µm
_12320_,14.755µm
_04965_,14.74µm
_11611_,14.74µm
_07990_,14.73µm
_02160_,14.72µm
_02432_,14.72µm
_03349_,14.72µm
_03424_,14.72µm
_03849_,14.72µm
_03976_,14.72µm
_04622_,14.72µm
_05178_,14.72µm
_07826_,14.72µm
_08308_,14.72µm
_11648_,14.72µm
core_u.rf_u.registers\[3\]\[2\],14.72µm
_04150_,14.7µm
_04161_,14.7µm
_05568_,14.7µm
_08259_,14.7µm
_09002_,14.7µm
_11175_,14.7µm
_00003_,14.685µm
_02653_,14.68µm
_03416_,14.68µm
_05605_,14.68µm
_07654_,14.68µm
_12286_,14.68µm
_12771_,14.68µm
_12874_,14.68µm
data_sram_u.mem\[3\]\[27\],14.68µm
_04656_,14.66µm
_07414_,14.66µm
_06147_,14.65µm
_02068_,14.64µm
_02700_,14.64µm
_03506_,14.64µm
_03915_,14.64µm
_04095_,14.64µm
_04928_,14.64µm
_05526_,14.64µm
_06294_,14.64µm
_06771_,14.64µm
_08837_,14.64µm
_09522_,14.64µm
_09854_,14.64µm
_11034_,14.64µm
_11695_,14.64µm
_13243_,14.64µm
axi_ctrl_wdata\[9\],14.62µm
_09715_,14.61µm
_11440_,14.61µm
_11519_,14.61µm
_02332_,14.6µm
_04168_,14.6µm
_04204_,14.6µm
_04756_,14.6µm
_06154_,14.6µm
_09010_,14.6µm
_11100_,14.6µm
_12264_,14.6µm
_13068_,14.6µm
_13102_,14.6µm
_05264_,14.58µm
_11344_,14.58µm
_02132_,14.56µm
_03510_,14.56µm
_04242_,14.56µm
_09387_,14.56µm
_10923_,14.56µm
_03380_,14.54µm
_05488_,14.54µm
_08099_,14.54µm
_10209_,14.54µm
net2210,14.54µm
_03044_,14.52µm
_07482_,14.52µm
_02559_,14.5µm
_11875_,14.5µm
_12766_,14.5µm
_13263_,14.5µm
data_sram_u.mem\[1\]\[29\],14.5µm
_02804_,14.48µm
_03750_,14.48µm
_04266_,14.48µm
_04962_,14.48µm
_05253_,14.48µm
_05952_,14.48µm
_08131_,14.48µm
_08327_,14.48µm
_08731_,14.48µm
_09295_,14.48µm
_11565_,14.48µm
_12432_,14.48µm
_08205_,14.46µm
_08498_,14.46µm
_11265_,14.46µm
_12611_,14.46µm
imem_addr[30],14.44µm
_04880_,14.44µm
_06774_,14.44µm
_07417_,14.44µm
_08432_,14.44µm
_09082_,14.44µm
_12869_,14.44µm
_08083_,14.43µm
_10968_,14.43µm
_01884_,14.42µm
_03233_,14.42µm
_03994_,14.42µm
_05217_,14.42µm
_05549_,14.42µm
_11876_,14.42µm
_02645_,14.4µm
_08299_,14.4µm
_12533_,14.4µm
_01914_,14.38µm
_02246_,14.38µm
_05545_,14.38µm
_05576_,14.38µm
_08828_,14.38µm
_10681_,14.38µm
_11630_,14.38µm
_11635_,14.38µm
_12049_,14.38µm
_12655_,14.38µm
_09131_,14.365µm
_02369_,14.36µm
_05920_,14.36µm
_07027_,14.36µm
_07650_,14.36µm
core_u.rf_u.registers\[14\]\[21\],14.36µm
_02113_,14.34µm
_02146_,14.34µm
_04082_,14.34µm
_05146_,14.34µm
_05442_,14.34µm
_06823_,14.34µm
_08142_,14.34µm
_11345_,14.34µm
_11845_,14.34µm
_12372_,14.34µm
_12462_,14.34µm
_12780_,14.34µm
_13137_,14.34µm
core_u.rf_u.registers\[11\]\[27\],14.34µm
data_sram_u.mem\[3\]\[29\],14.34µm
net2212,14.34µm
_04605_,14.32µm
_07120_,14.32µm
_09901_,14.32µm
_11541_,14.32µm
_12489_,14.32µm
core_u.rf_u.registers\[12\]\[18\],14.32µm
_02696_,14.3µm
_02769_,14.3µm
_05665_,14.3µm
_06327_,14.3µm
_10849_,14.3µm
accelerator_u.array_inst.acc\[4\]\[18\],14.3µm
data_sram_u.mem\[0\]\[11\],14.3µm
_11304_,14.295µm
_11961_,14.29µm
_02257_,14.28µm
_04350_,14.28µm
_05984_,14.28µm
_08030_,14.28µm
_08659_,14.28µm
_09520_,14.28µm
_10997_,14.28µm
_11314_,14.28µm
_03202_,14.26µm
_03288_,14.26µm
_03662_,14.26µm
_03939_,14.26µm
_04135_,14.26µm
_04509_,14.26µm
_04539_,14.26µm
_04988_,14.26µm
_05544_,14.26µm
_08403_,14.26µm
_09074_,14.26µm
_10867_,14.26µm
_11102_,14.26µm
axi_ctrl_wdata\[30\],14.26µm
axi_ctrl_wdata\[31\],14.26µm
core_u.rf_u.registers\[11\]\[28\],14.26µm
_03758_,14.24µm
_10176_,14.24µm
_10307_,14.24µm
_10677_,14.24µm
_11571_,14.24µm
_04011_,14.22µm
_04033_,14.22µm
_11679_,14.22µm
_12404_,14.22µm
_12644_,14.22µm
_13335_,14.22µm
core_u.rf_u.registers\[12\]\[31\],14.22µm
_03091_,14.2µm
_05662_,14.2µm
_09111_,14.2µm
_12337_,14.2µm
_09307_,14.19µm
_11856_,14.19µm
_03188_,14.18µm
_04966_,14.18µm
_05131_,14.18µm
_05969_,14.18µm
_08831_,14.18µm
_10812_,14.18µm
accelerator_u.mat_a_reg\[3\]\[20\],14.18µm
_05420_,14.175µm
_03742_,14.16µm
_05044_,14.155µm
_02232_,14.14µm
_04462_,14.14µm
_04715_,14.14µm
_04919_,14.14µm
_04987_,14.14µm
_05696_,14.14µm
_08857_,14.14µm
_10975_,14.14µm
_11548_,14.14µm
_11923_,14.14µm
_12733_,14.14µm
_12956_,14.14µm
_09685_,14.12µm
_10177_,14.12µm
_02103_,14.1µm
_02785_,14.1µm
_03507_,14.1µm
_03628_,14.1µm
_03984_,14.1µm
_08467_,14.1µm
_08942_,14.1µm
_11503_,14.1µm
_12024_,14.1µm
data_sram_u.mem\[0\]\[28\],14.1µm
_03956_,14.09µm
_05586_,14.09µm
_02938_,14.08µm
_03121_,14.08µm
_06446_,14.08µm
_08488_,14.08µm
_11062_,14.08µm
_12753_,14.08µm
_02931_,14.07µm
_12849_,14.07µm
_03038_,14.06µm
_04225_,14.06µm
_04561_,14.06µm
_06033_,14.06µm
_07530_,14.06µm
_08736_,14.06µm
_02036_,14.04µm
_05973_,14.04µm
_06148_,14.04µm
_07726_,14.04µm
_11813_,14.04µm
imem_data[20],14.03µm
data_sram_u.mem\[3\]\[7\],14.025µm
_02807_,14.02µm
_03907_,14.02µm
_08036_,14.02µm
_09544_,14.02µm
_11096_,14.02µm
_11516_,14.02µm
data_sram_u.mem\[2\]\[12\],14.005µm
_02517_,14µm
_04287_,14µm
_04413_,14µm
_08019_,14µm
_11527_,14µm
_11892_,14µm
_08078_,13.985µm
_02144_,13.98µm
_03322_,13.98µm
_04609_,13.98µm
_05431_,13.98µm
_05437_,13.98µm
_05750_,13.98µm
_09356_,13.98µm
_12285_,13.98µm
_12858_,13.98µm
axi_ctrl_wdata\[7\],13.98µm
_04483_,13.97µm
_11092_,13.97µm
_00724_,13.96µm
_02888_,13.96µm
_03141_,13.96µm
_03384_,13.96µm
_04343_,13.96µm
_05242_,13.96µm
_06444_,13.96µm
_09617_,13.96µm
_13003_,13.96µm
_13082_,13.96µm
core_u.rf_u.registers\[14\]\[13\],13.96µm
_06196_,13.94µm
_07523_,13.94µm
_12343_,13.94µm
_06007_,13.93µm
_06081_,13.93µm
_01783_,13.92µm
_01941_,13.92µm
_02568_,13.92µm
_02692_,13.92µm
_02734_,13.92µm
_02755_,13.92µm
_04162_,13.92µm
_05860_,13.92µm
_08074_,13.92µm
_12299_,13.92µm
_13287_,13.92µm
_03668_,13.91µm
_02145_,13.9µm
_04432_,13.9µm
_05061_,13.9µm
_11857_,13.9µm
_12461_,13.9µm
_03129_,13.89µm
_01004_,13.885µm
_04241_,13.88µm
_04277_,13.88µm
_05015_,13.88µm
_05258_,13.88µm
_06406_,13.88µm
_07070_,13.88µm
_08990_,13.88µm
_09671_,13.88µm
_10888_,13.88µm
_12526_,13.88µm
_12609_,13.88µm
data_sram_u.mem\[3\]\[16\],13.88µm
_10023_,13.87µm
_03210_,13.86µm
_04831_,13.86µm
_09438_,13.86µm
_13268_,13.86µm
_01020_,13.84µm
_10186_,13.84µm
_12668_,13.84µm
_03964_,13.835µm
_04105_,13.82µm
_12640_,13.82µm
_12958_,13.805µm
_01817_,13.8µm
_01935_,13.8µm
_02085_,13.8µm
_02297_,13.8µm
_02843_,13.8µm
_02973_,13.8µm
_03170_,13.8µm
_03561_,13.8µm
_04688_,13.8µm
_04903_,13.8µm
_05879_,13.8µm
_05954_,13.8µm
_07661_,13.8µm
_12102_,13.8µm
_12891_,13.8µm
_13303_,13.8µm
_03161_,13.78µm
_11193_,13.78µm
_11258_,13.78µm
_12801_,13.78µm
axi_ctrl_wdata\[28\],13.78µm
_02347_,13.76µm
_02651_,13.76µm
_02919_,13.76µm
_03765_,13.76µm
_03837_,13.76µm
_04008_,13.76µm
_05306_,13.76µm
_06288_,13.76µm
_09496_,13.76µm
_10805_,13.76µm
_11298_,13.76µm
_11324_,13.76µm
_12019_,13.76µm
_12565_,13.76µm
_13039_,13.76µm
_13078_,13.76µm
_03933_,13.755µm
_02850_,13.74µm
_05961_,13.74µm
_12757_,13.74µm
_04459_,13.73µm
_02816_,13.72µm
_03102_,13.72µm
_03473_,13.72µm
_05083_,13.72µm
_09405_,13.72µm
_12374_,13.72µm
_12770_,13.72µm
data_sram_u.mem\[0\]\[0\],13.72µm
data_sram_u.mem\[0\]\[13\],13.72µm
_05448_,13.705µm
_02237_,13.7µm
_02321_,13.7µm
_02901_,13.7µm
_02914_,13.7µm
_04134_,13.7µm
_07998_,13.7µm
_09540_,13.7µm
imem_data[7],13.7µm
data_sram_u.mem\[2\]\[10\],13.7µm
data_sram_u.mem\[3\]\[19\],13.7µm
_02256_,13.69µm
_01970_,13.68µm
_02891_,13.68µm
_02947_,13.68µm
_03280_,13.68µm
_04237_,13.68µm
_04379_,13.68µm
_04781_,13.68µm
_04819_,13.68µm
_04955_,13.68µm
_05416_,13.68µm
_05428_,13.68µm
_05630_,13.68µm
_09342_,13.68µm
_09501_,13.68µm
_10699_,13.68µm
_12774_,13.68µm
_13331_,13.68µm
_07960_,13.66µm
_08218_,13.66µm
_02953_,13.65µm
_02514_,13.64µm
_02726_,13.64µm
_03400_,13.64µm
_03661_,13.64µm
_03872_,13.64µm
_03937_,13.64µm
_04505_,13.64µm
_05330_,13.64µm
_06022_,13.64µm
_10878_,13.64µm
_11071_,13.64µm
_11290_,13.64µm
_12499_,13.64µm
_13310_,13.64µm
_05211_,13.63µm
_05246_,13.625µm
_01923_,13.62µm
_04393_,13.62µm
_11531_,13.62µm
core_u.rf_u.registers\[13\]\[9\],13.62µm
core_u.rf_u.registers\[14\]\[5\],13.605µm
_01961_,13.6µm
_02217_,13.6µm
_04518_,13.6µm
_05337_,13.6µm
_08914_,13.6µm
_09847_,13.6µm
_11033_,13.6µm
_12811_,13.6µm
_12843_,13.6µm
_13261_,13.6µm
axi_ctrl_rdata\[14\],13.6µm
core_u.rf_u.registers\[11\]\[2\],13.6µm
_02073_,13.58µm
_02781_,13.58µm
_03181_,13.58µm
_05883_,13.58µm
_06181_,13.58µm
_11378_,13.58µm
_12743_,13.58µm
core_u.rf_u.registers\[15\]\[9\],13.58µm
_03021_,13.56µm
_03048_,13.56µm
_04621_,13.56µm
_06062_,13.56µm
_06098_,13.56µm
_10146_,13.56µm
_12479_,13.56µm
_13324_,13.56µm
_06336_,13.55µm
_01856_,13.54µm
_02024_,13.54µm
_03070_,13.54µm
_03260_,13.54µm
_04714_,13.54µm
_05425_,13.54µm
_10283_,13.54µm
_11074_,13.54µm
data_sram_u.mem\[1\]\[26\],13.54µm
data_sram_u.mem\[1\]\[27\],13.535µm
imem_addr[24],13.52µm
_04190_,13.52µm
_04349_,13.52µm
_09509_,13.52µm
_12073_,13.52µm
_12248_,13.52µm
_13214_,13.52µm
_04701_,13.515µm
_01005_,13.5µm
_01873_,13.5µm
_02300_,13.5µm
_03789_,13.5µm
_04186_,13.5µm
_04323_,13.5µm
_04475_,13.5µm
_04887_,13.5µm
_09787_,13.5µm
_11573_,13.5µm
_11631_,13.5µm
_11950_,13.5µm
_12161_,13.5µm
core_u.rf_u.registers\[2\]\[30\],13.5µm
net2209,13.5µm
_02479_,13.48µm
_02605_,13.48µm
_03524_,13.48µm
_04516_,13.48µm
_06718_,13.48µm
_11205_,13.48µm
_13307_,13.48µm
core_u.rf_u.registers\[3\]\[30\],13.48µm
_02153_,13.46µm
_02419_,13.46µm
_03518_,13.46µm
_03581_,13.46µm
_04372_,13.46µm
_04883_,13.46µm
_04938_,13.46µm
_05993_,13.46µm
_11408_,13.46µm
_02935_,13.45µm
_05572_,13.44µm
_07391_,13.44µm
_08351_,13.44µm
data_sram_u.mem\[0\]\[14\],13.44µm
_03229_,13.42µm
_03562_,13.42µm
_04850_,13.42µm
_05372_,13.42µm
_05772_,13.42µm
_09723_,13.42µm
_12336_,13.42µm
axi_ctrl_wdata\[19\],13.42µm
_02672_,13.4µm
_13294_,13.4µm
core_u.rf_u.registers\[12\]\[25\],13.4µm
_01827_,13.38µm
_02169_,13.38µm
_03256_,13.38µm
_04339_,13.38µm
_05243_,13.38µm
_05743_,13.38µm
_08444_,13.38µm
_09290_,13.38µm
_11544_,13.38µm
_12740_,13.38µm
core_u.rf_u.registers\[15\]\[2\],13.38µm
_04438_,13.37µm
_04774_,13.36µm
_05190_,13.36µm
_05492_,13.36µm
_09108_,13.36µm
_11794_,13.36µm
axi_ctrl_wdata\[29\],13.36µm
_11456_,13.345µm
_02290_,13.34µm
_02671_,13.34µm
_03024_,13.34µm
_04305_,13.34µm
_04767_,13.34µm
_05147_,13.34µm
_05919_,13.34µm
_08511_,13.34µm
_08591_,13.34µm
_08955_,13.34µm
_10268_,13.34µm
_10726_,13.34µm
_11331_,13.34µm
_12519_,13.34µm
_12536_,13.34µm
_13124_,13.34µm
_03884_,13.325µm
_02215_,13.32µm
_02655_,13.32µm
_05688_,13.32µm
_05734_,13.32µm
_11436_,13.32µm
_12436_,13.32µm
_12758_,13.32µm
data_sram_u.mem\[2\]\[19\],13.32µm
_11463_,13.31µm
_02264_,13.3µm
_02896_,13.3µm
_03073_,13.3µm
_03546_,13.3µm
_03777_,13.3µm
_04141_,13.3µm
_04354_,13.3µm
_04415_,13.3µm
_04905_,13.3µm
_05439_,13.3µm
_06083_,13.3µm
_09613_,13.3µm
_09710_,13.3µm
_11832_,13.3µm
_12156_,13.3µm
_12723_,13.3µm
_12748_,13.3µm
_12813_,13.3µm
_12955_,13.3µm
core_u.rf_u.registers\[15\]\[22\],13.3µm
_04760_,13.285µm
_02453_,13.28µm
_03475_,13.28µm
_05498_,13.28µm
imem_data[28],13.28µm
imem_data[26],13.28µm
_10882_,13.265µm
_02705_,13.26µm
_04775_,13.26µm
_04818_,13.26µm
_05024_,13.26µm
_07283_,13.26µm
_08169_,13.26µm
_08257_,13.26µm
_08844_,13.26µm
_11037_,13.26µm
_11990_,13.26µm
_12310_,13.26µm
_04917_,13.24µm
_06645_,13.24µm
imem_data[4],13.24µm
imem_data[0],13.24µm
_03830_,13.23µm
_02196_,13.22µm
_02665_,13.22µm
_02708_,13.22µm
_04848_,13.22µm
_05369_,13.22µm
_08134_,13.22µm
_09989_,13.22µm
_11507_,13.22µm
_12302_,13.22µm
_13306_,13.22µm
_05202_,13.2µm
_06365_,13.2µm
_07569_,13.2µm
_07703_,13.2µm
accelerator_u.AWADDR\[6\],13.2µm
data_sram_u.mem\[3\]\[8\],13.2µm
_02131_,13.18µm
_02429_,13.18µm
_02620_,13.18µm
_03843_,13.18µm
_03922_,13.18µm
_04868_,13.18µm
_04932_,13.18µm
_09546_,13.18µm
_11406_,13.18µm
_11893_,13.18µm
_12810_,13.18µm
_13033_,13.18µm
_13093_,13.18µm
data_sram_u.mem\[2\]\[21\],13.165µm
_03236_,13.16µm
_04528_,13.16µm
_08442_,13.16µm
_10083_,13.16µm
_11678_,13.16µm
_12117_,13.16µm
_12383_,13.16µm
_03792_,13.15µm
_00497_,13.14µm
_00707_,13.14µm
_01851_,13.14µm
_01895_,13.14µm
_03075_,13.14µm
_11341_,13.14µm
_11361_,13.14µm
_02030_,13.12µm
_02500_,13.12µm
_02855_,13.12µm
_06115_,13.12µm
_08603_,13.12µm
_11461_,13.12µm
_04731_,13.11µm
_04909_,13.1µm
_04997_,13.1µm
_05694_,13.1µm
_05896_,13.1µm
_11268_,13.1µm
_12931_,13.1µm
_00203_,13.08µm
_01915_,13.08µm
_04006_,13.08µm
_04870_,13.08µm
_05671_,13.08µm
_08908_,13.08µm
_09023_,13.08µm
_11286_,13.08µm
_12002_,13.08µm
_13323_,13.08µm
_02675_,13.06µm
_03355_,13.06µm
_04283_,13.06µm
_08742_,13.06µm
data_sram_u.mem\[0\]\[7\],13.06µm
_03917_,13.04µm
_04174_,13.04µm
_04276_,13.04µm
_05710_,13.04µm
_07001_,13.04µm
_11172_,13.04µm
_12191_,13.04µm
_12883_,13.04µm
axi_ctrl_wdata\[8\],13.04µm
_13289_,13.03µm
imem_addr[3],13.02µm
_02304_,13.02µm
_02503_,13.02µm
_05036_,13.02µm
_05527_,13.02µm
_06174_,13.02µm
_08632_,13.02µm
_10115_,13.02µm
_12444_,13.02µm
net498,13.02µm
_03961_,13µm
_06136_,13µm
_06139_,13µm
_11176_,13µm
_12468_,13µm
axi_ctrl_wdata\[13\],13µm
_01977_,12.98µm
_02045_,12.98µm
_05632_,12.98µm
_08381_,12.98µm
_12809_,12.98µm
_12875_,12.98µm
data_sram_u.mem\[1\]\[13\],12.98µm
_07692_,12.97µm
_10798_,12.97µm
_00705_,12.965µm
_05844_,12.965µm
_12025_,12.965µm
_02437_,12.96µm
_04124_,12.96µm
_04369_,12.96µm
_04398_,12.96µm
_10921_,12.96µm
_12507_,12.96µm
_13220_,12.96µm
_12484_,12.95µm
_04532_,12.94µm
_04717_,12.94µm
_06143_,12.94µm
_08464_,12.94µm
_08487_,12.94µm
_08948_,12.94µm
_10080_,12.94µm
_02327_,12.93µm
_02087_,12.92µm
_02267_,12.92µm
_03185_,12.92µm
_06164_,12.92µm
_06545_,12.92µm
_08105_,12.92µm
_11340_,12.92µm
_05608_,12.91µm
_02961_,12.9µm
_07746_,12.9µm
_11159_,12.9µm
_11274_,12.9µm
_12245_,12.9µm
accelerator_u.AWADDR\[2\],12.9µm
core_u.rf_u.registers\[14\]\[6\],12.9µm
_01947_,12.88µm
_02235_,12.88µm
_02550_,12.88µm
_03986_,12.88µm
_04265_,12.88µm
_05110_,12.88µm
_05483_,12.88µm
_07067_,12.88µm
_08486_,12.88µm
_08538_,12.88µm
_08841_,12.88µm
_09482_,12.88µm
_11617_,12.88µm
_13056_,12.88µm
core_u.rf_u.registers\[13\]\[1\],12.88µm
_04783_,12.87µm
_00700_,12.865µm
_09145_,12.865µm
_02170_,12.86µm
_08568_,12.86µm
_12767_,12.86µm
data_sram_u.mem\[1\]\[23\],12.845µm
_02808_,12.84µm
_04911_,12.84µm
_05410_,12.84µm
_05584_,12.84µm
_09586_,12.84µm
_10960_,12.84µm
_12842_,12.84µm
_12864_,12.84µm
_12945_,12.84µm
_13206_,12.84µm
net2216,12.84µm
_03143_,12.82µm
_02427_,12.8µm
_02978_,12.8µm
_03123_,12.8µm
_03216_,12.8µm
_04388_,12.8µm
_05069_,12.8µm
_06073_,12.8µm
_08913_,12.8µm
_11309_,12.8µm
_12279_,12.8µm
_12338_,12.8µm
accelerator_u.array_inst.acc\[9\]\[31\],12.8µm
_09601_,12.79µm
_04003_,12.78µm
_09419_,12.78µm
_02107_,12.77µm
_00544_,12.76µm
_00833_,12.76µm
_04700_,12.76µm
_06026_,12.76µm
_06436_,12.76µm
_07702_,12.76µm
_08850_,12.76µm
_10717_,12.76µm
_11090_,12.76µm
_11992_,12.76µm
_06064_,12.755µm
_03034_,12.75µm
_04815_,12.75µm
_03050_,12.74µm
_04901_,12.74µm
_05606_,12.74µm
_07172_,12.74µm
data_sram_u.mem\[2\]\[4\],12.74µm
_11880_,12.73µm
_02436_,12.72µm
_02817_,12.72µm
_03218_,12.72µm
_03339_,12.72µm
_04169_,12.72µm
_05171_,12.72µm
_08911_,12.72µm
_11498_,12.72µm
_11514_,12.72µm
_12011_,12.72µm
_12034_,12.72µm
_12348_,12.72µm
imem_addr[8],12.71µm
_02098_,12.7µm
_03020_,12.7µm
_04525_,12.7µm
_05619_,12.7µm
_07427_,12.7µm
_09339_,12.7µm
core_u.rf_u.registers\[15\]\[31\],12.7µm
_09181_,12.695µm
_02136_,12.68µm
_03391_,12.68µm
_04269_,12.68µm
_04493_,12.68µm
_05609_,12.68µm
_05885_,12.68µm
_06398_,12.68µm
_11157_,12.68µm
_12450_,12.68µm
_12746_,12.68µm
core_u.rf_u.registers\[12\]\[24\],12.68µm
data_sram_u.mem\[3\]\[20\],12.68µm
_05703_,12.67µm
_00537_,12.66µm
_02122_,12.66µm
_02950_,12.66µm
_04080_,12.66µm
_04498_,12.66µm
_05600_,12.66µm
_10271_,12.66µm
_11821_,12.66µm
_12825_,12.66µm
data_sram_u.mem\[1\]\[21\],12.66µm
_08322_,12.655µm
_00832_,12.64µm
_02632_,12.64µm
_03309_,12.64µm
_04073_,12.64µm
_04983_,12.64µm
_05495_,12.64µm
_05612_,12.64µm
_06202_,12.64µm
_06422_,12.64µm
_08462_,12.64µm
_09078_,12.64µm
_10261_,12.64µm
_11379_,12.64µm
_11979_,12.64µm
master_u.aw_done,12.63µm
_02426_,12.625µm
_04507_,12.62µm
_04542_,12.62µm
_04626_,12.62µm
_05965_,12.62µm
_08268_,12.62µm
_08700_,12.62µm
_09945_,12.62µm
_12008_,12.62µm
_12467_,12.62µm
_07573_,12.61µm
_02281_,12.6µm
_03539_,12.6µm
_03725_,12.6µm
_05362_,12.6µm
_05487_,12.6µm
_05786_,12.6µm
_10070_,12.6µm
_10802_,12.6µm
_02371_,12.585µm
_01790_,12.58µm
_01854_,12.58µm
_02133_,12.58µm
_03100_,12.58µm
_04490_,12.58µm
_05848_,12.58µm
_10905_,12.58µm
_11482_,12.58µm
_12145_,12.58µm
_12877_,12.58µm
_13109_,12.58µm
core_u.rf_u.registers\[15\]\[15\],12.58µm
net2181,12.58µm
_02909_,12.57µm
_05462_,12.57µm
_05798_,12.57µm
_03214_,12.56µm
_12344_,12.56µm
accelerator_u.array_inst.acc\[14\]\[22\],12.56µm
_04937_,12.555µm
_02424_,12.54µm
_03822_,12.54µm
_03878_,12.54µm
_05067_,12.54µm
_05239_,12.54µm
_05250_,12.54µm
_05379_,12.54µm
_06116_,12.54µm
_06447_,12.54µm
_11111_,12.54µm
_12473_,12.54µm
_12735_,12.54µm
_12936_,12.54µm
_13145_,12.54µm
_00697_,12.52µm
_01016_,12.52µm
_02698_,12.52µm
_05832_,12.52µm
_08979_,12.52µm
_10890_,12.52µm
_11449_,12.52µm
_12017_,12.52µm
_13020_,12.52µm
_00651_,12.5µm
_03140_,12.5µm
_03429_,12.5µm
_03812_,12.5µm
_04410_,12.5µm
_04534_,12.5µm
_06236_,12.5µm
_06984_,12.5µm
_08306_,12.5µm
_10860_,12.5µm
_11259_,12.5µm
_11585_,12.5µm
_11969_,12.5µm
_01060_,12.485µm
_01132_,12.48µm
_02421_,12.48µm
_03564_,12.48µm
_05541_,12.48µm
_09702_,12.48µm
_11955_,12.48µm
_12120_,12.48µm
_13057_,12.48µm
_06736_,12.475µm
_02590_,12.47µm
_09244_,12.465µm
_02061_,12.46µm
_03061_,12.46µm
_03198_,12.46µm
_03325_,12.46µm
_03844_,12.46µm
_03962_,12.46µm
_04424_,12.46µm
_05455_,12.46µm
_05578_,12.46µm
_06128_,12.46µm
_11521_,12.46µm
_12140_,12.46µm
_03973_,12.44µm
_05931_,12.44µm
_06023_,12.44µm
_08503_,12.44µm
_12645_,12.44µm
_13131_,12.44µm
axi_ctrl_wdata\[11\],12.44µm
_02438_,12.42µm
_02446_,12.42µm
_02558_,12.42µm
_04292_,12.42µm
_05047_,12.42µm
_05139_,12.42µm
_05327_,12.42µm
_06653_,12.42µm
_07531_,12.42µm
_12001_,12.42µm
_12134_,12.42µm
_11895_,12.41µm
_12793_,12.41µm
_02704_,12.4µm
_03652_,12.4µm
_06011_,12.4µm
_06283_,12.4µm
_09427_,12.4µm
_01945_,12.38µm
_01966_,12.38µm
_03547_,12.38µm
_04889_,12.38µm
_05310_,12.38µm
_05882_,12.38µm
_08176_,12.38µm
_09191_,12.38µm
_03756_,12.36µm
_05027_,12.36µm
_07640_,12.36µm
_07689_,12.36µm
_08189_,12.36µm
_12290_,12.36µm
imem_data[31],12.36µm
imem_data[30],12.36µm
imem_data[29],12.36µm
imem_data[27],12.36µm
imem_data[25],12.36µm
imem_data[24],12.36µm
_03293_,12.34µm
_03313_,12.34µm
_03909_,12.34µm
_04477_,12.34µm
_05013_,12.34µm
_07330_,12.34µm
_09291_,12.34µm
_10970_,12.34µm
_11116_,12.34µm
_11354_,12.34µm
_11847_,12.34µm
_12318_,12.34µm
axi_ctrl_wdata\[4\],12.34µm
core_u.rf_u.registers\[3\]\[25\],12.34µm
_02532_,12.32µm
_04279_,12.32µm
_09612_,12.32µm
imem_data[6],12.32µm
imem_data[3],12.32µm
_12807_,12.32µm
data_sram_u.mem\[0\]\[12\],12.32µm
imem_data[2],12.32µm
imem_data[1],12.32µm
_04935_,12.31µm
_12999_,12.31µm
_07218_,12.305µm
_00663_,12.3µm
_02648_,12.3µm
_04383_,12.3µm
_04711_,12.3µm
_09429_,12.3µm
_10751_,12.3µm
_11390_,12.3µm
_12057_,12.3µm
_12270_,12.3µm
_13144_,12.3µm
data_sram_u.mem\[0\]\[27\],12.3µm
_00934_,12.28µm
_02049_,12.28µm
_02173_,12.28µm
_04679_,12.28µm
_04897_,12.28µm
_07475_,12.28µm
_08607_,12.28µm
_02667_,12.265µm
_02933_,12.26µm
_03649_,12.26µm
_09273_,12.26µm
_10820_,12.26µm
_11093_,12.26µm
_11537_,12.26µm
_12881_,12.26µm
_02006_,12.24µm
_02924_,12.24µm
_03641_,12.24µm
_08374_,12.24µm
_11636_,12.24µm
_03462_,12.23µm
_12300_,12.23µm
_02443_,12.22µm
_02656_,12.22µm
_02918_,12.22µm
_04758_,12.22µm
_08338_,12.22µm
_11453_,12.22µm
_11640_,12.22µm
_11859_,12.22µm
_11881_,12.22µm
_12549_,12.22µm
_12706_,12.22µm
data_sram_u.mem\[2\]\[27\],12.22µm
_00680_,12.2µm
_02076_,12.2µm
_02104_,12.2µm
_03011_,12.2µm
_03067_,12.2µm
_03478_,12.2µm
_04444_,12.2µm
_06807_,12.2µm
_07647_,12.2µm
_08358_,12.2µm
_10238_,12.2µm
_10783_,12.2µm
_10846_,12.2µm
_12283_,12.2µm
_05162_,12.18µm
_07897_,12.18µm
_09333_,12.18µm
_09348_,12.18µm
_09386_,12.18µm
_12365_,12.18µm
_12593_,12.18µm
imem_addr[18],12.17µm
_03666_,12.16µm
_03683_,12.16µm
_04046_,12.16µm
_06009_,12.16µm
_06500_,12.16µm
_08135_,12.16µm
_09034_,12.16µm
_10884_,12.16µm
_11643_,12.16µm
_12725_,12.16µm
core_u.rf_u.registers\[2\]\[29\],12.16µm
_11410_,12.15µm
_09136_,12.145µm
_09262_,12.145µm
_02529_,12.14µm
_04216_,12.14µm
_05477_,12.14µm
_08576_,12.14µm
_08627_,12.14µm
_12632_,12.13µm
_02231_,12.12µm
_02912_,12.12µm
_03171_,12.12µm
_03497_,12.12µm
_04348_,12.12µm
_04798_,12.12µm
_05030_,12.12µm
_06110_,12.12µm
_08813_,12.12µm
_09616_,12.12µm
_11124_,12.12µm
_12148_,12.12µm
_12472_,12.12µm
_13271_,12.12µm
_13288_,12.12µm
_02562_,12.1µm
_03655_,12.1µm
_06291_,12.1µm
_08111_,12.1µm
_08204_,12.1µm
core_u.rf_u.registers\[10\]\[11\],12.1µm
_02039_,12.095µm
_08532_,12.095µm
_02097_,12.08µm
_02309_,12.08µm
_02338_,12.08µm
_02487_,12.08µm
_02622_,12.08µm
_02928_,12.08µm
_03813_,12.08µm
_04958_,12.08µm
_04969_,12.08µm
_05145_,12.08µm
_05540_,12.08µm
_05966_,12.08µm
_05986_,12.08µm
_12783_,12.08µm
data_sram_u.mem\[0\]\[6\],12.08µm
_02730_,12.06µm
_03411_,12.06µm
_04929_,12.06µm
_05482_,12.06µm
_05939_,12.06µm
_07146_,12.06µm
_08136_,12.06µm
_08143_,12.06µm
_08319_,12.06µm
_10662_,12.06µm
_02664_,12.04µm
_03099_,12.04µm
_04264_,12.04µm
_04487_,12.04µm
_05244_,12.04µm
_05877_,12.04µm
_10845_,12.04µm
_11493_,12.04µm
_11627_,12.04µm
_12433_,12.04µm
_12441_,12.04µm
_13101_,12.04µm
data_sram_u.mem\[0\]\[23\],12.04µm
_09609_,12.03µm
_01938_,12.02µm
_02488_,12.02µm
_04526_,12.02µm
_04596_,12.02µm
_10776_,12.02µm
_05565_,12.01µm
_12932_,12.01µm
_02770_,12µm
_03346_,12µm
_03869_,12µm
_04342_,12µm
_04725_,12µm
_04888_,12µm
_05259_,12µm
_05453_,12µm
_08157_,12µm
_09647_,12µm
_11816_,12µm
_12789_,11.99µm
_03135_,11.98µm
_04654_,11.98µm
_11814_,11.98µm
_03607_,11.96µm
_03975_,11.96µm
_04670_,11.96µm
_04704_,11.96µm
_07718_,11.96µm
_09432_,11.96µm
_12480_,11.96µm
_12901_,11.96µm
_12908_,11.96µm
_12969_,11.955µm
core_u.rf_u.registers\[14\]\[26\],11.955µm
_06902_,11.94µm
_09288_,11.93µm
_12610_,11.93µm
_01960_,11.92µm
_02681_,11.92µm
_02907_,11.92µm
_04067_,11.92µm
_05426_,11.92µm
_07121_,11.92µm
_10943_,11.92µm
_11095_,11.92µm
_11792_,11.92µm
_11995_,11.92µm
_12133_,11.92µm
_12275_,11.92µm
_05433_,11.915µm
_11938_,11.91µm
_03097_,11.9µm
_03824_,11.9µm
_03998_,11.9µm
_03999_,11.9µm
_04151_,11.9µm
_11125_,11.9µm
_11790_,11.9µm
_12682_,11.9µm
_11478_,11.89µm
_08178_,11.885µm
data_sram_u.mem\[3\]\[0\],11.885µm
_03117_,11.88µm
_03626_,11.88µm
_04455_,11.88µm
_04810_,11.88µm
_06055_,11.88µm
_09037_,11.88µm
_09340_,11.88µm
_11588_,11.88µm
_12447_,11.88µm
_12524_,11.88µm
_05318_,11.86µm
_05875_,11.86µm
_06108_,11.86µm
_08230_,11.86µm
_09513_,11.85µm
data_sram_u.mem\[2\]\[31\],11.845µm
_02351_,11.84µm
_03358_,11.84µm
_03361_,11.84µm
_03705_,11.84µm
_03771_,11.84µm
_05550_,11.84µm
_05856_,11.84µm
_06015_,11.84µm
_06096_,11.84µm
_06930_,11.84µm
_11578_,11.84µm
_12325_,11.84µm
_11861_,11.83µm
_02003_,11.82µm
_02569_,11.82µm
_07271_,11.82µm
_10955_,11.82µm
_11202_,11.82µm
_01849_,11.8µm
_04785_,11.8µm
_04949_,11.8µm
_06535_,11.8µm
_06568_,11.8µm
_10909_,11.8µm
_11668_,11.8µm
_03791_,11.78µm
_04619_,11.78µm
_06087_,11.78µm
_06159_,11.78µm
_06937_,11.78µm
_09028_,11.78µm
_11101_,11.78µm
_11281_,11.78µm
_11715_,11.78µm
_12267_,11.78µm
_12876_,11.78µm
_12966_,11.78µm
data_sram_u.mem\[3\]\[10\],11.78µm
_00569_,11.76µm
_02177_,11.76µm
_05177_,11.76µm
_06092_,11.76µm
_07452_,11.76µm
_11075_,11.76µm
_11491_,11.76µm
_11691_,11.76µm
accelerator_u.mat_a_reg\[0\]\[21\],11.76µm
core_u.rf_u.registers\[9\]\[24\],11.76µm
_02026_,11.74µm
_02456_,11.74µm
_03193_,11.74µm
_03590_,11.74µm
_05026_,11.74µm
_05575_,11.74µm
_06318_,11.74µm
net1353,11.74µm
_09338_,11.74µm
_12327_,11.74µm
_12882_,11.74µm
_02320_,11.72µm
_03928_,11.72µm
_05561_,11.72µm
_05826_,11.72µm
_08427_,11.72µm
_09964_,11.72µm
_11132_,11.72µm
_11885_,11.72µm
_11915_,11.72µm
_12411_,11.72µm
data_sram_u.mem\[0\]\[17\],11.72µm
_02504_,11.7µm
_02937_,11.7µm
_04968_,11.7µm
_05519_,11.7µm
_05685_,11.7µm
_05995_,11.7µm
_08392_,11.7µm
_08534_,11.7µm
_10050_,11.7µm
_10771_,11.7µm
_10880_,11.7µm
_10883_,11.7µm
_11043_,11.7µm
_12905_,11.7µm
_13235_,11.7µm
_04846_,11.69µm
_01918_,11.68µm
_05215_,11.68µm
_05468_,11.68µm
_07685_,11.68µm
_07698_,11.68µm
_09372_,11.68µm
_10248_,11.68µm
_11505_,11.68µm
_11867_,11.68µm
_02210_,11.66µm
_02549_,11.66µm
_02940_,11.66µm
_03134_,11.66µm
_03321_,11.66µm
_03715_,11.66µm
_04308_,11.66µm
_04329_,11.66µm
_04625_,11.66µm
_05378_,11.66µm
_06173_,11.66µm
_06767_,11.66µm
_08890_,11.66µm
_09629_,11.66µm
_09737_,11.66µm
_09933_,11.66µm
_11914_,11.66µm
_13122_,11.66µm
_13281_,11.66µm
_05699_,11.64µm
_07910_,11.64µm
_09918_,11.64µm
_09972_,11.64µm
_10816_,11.64µm
_10887_,11.64µm
_11388_,11.64µm
_11404_,11.64µm
_11829_,11.64µm
_02273_,11.62µm
_02586_,11.62µm
_05625_,11.62µm
_05735_,11.62µm
_07024_,11.62µm
_08044_,11.62µm
_08269_,11.62µm
_09299_,11.62µm
_09668_,11.62µm
_10291_,11.62µm
_11809_,11.62µm
_12288_,11.62µm
data_sram_u.mem\[3\]\[15\],11.62µm
net2224,11.62µm
_04666_,11.61µm
_04382_,11.6µm
_06362_,11.6µm
_02065_,11.58µm
_02331_,11.58µm
_02683_,11.58µm
_03611_,11.58µm
_04236_,11.58µm
_04933_,11.58µm
_06850_,11.58µm
_08235_,11.58µm
_09524_,11.58µm
_11022_,11.58µm
_11384_,11.58µm
_12734_,11.58µm
_13227_,11.58µm
axi_ctrl_wdata\[0\],11.58µm
_05853_,11.56µm
_12529_,11.56µm
_12617_,11.56µm
data_sram_u.mem\[1\]\[0\],11.56µm
_02064_,11.54µm
_02155_,11.54µm
_03537_,11.54µm
_03786_,11.54µm
_04076_,11.54µm
_04210_,11.54µm
_04939_,11.54µm
_05669_,11.54µm
_05768_,11.54µm
_09583_,11.54µm
_09590_,11.54µm
_11138_,11.54µm
_11921_,11.54µm
_12491_,11.54µm
_13129_,11.54µm
_13213_,11.54µm
_00510_,11.525µm
_08144_,11.52µm
_10972_,11.52µm
axi_ctrl_wdata\[27\],11.52µm
imem_data[14],11.51µm
_00484_,11.5µm
_01113_,11.5µm
_03700_,11.5µm
_07169_,11.5µm
_11113_,11.5µm
_11470_,11.5µm
_11800_,11.5µm
_11959_,11.5µm
_12158_,11.5µm
_12669_,11.5µm
_13052_,11.5µm
_13138_,11.5µm
_13327_,11.5µm
_02452_,11.48µm
_03588_,11.48µm
_03923_,11.48µm
_04056_,11.48µm
_06875_,11.48µm
_08006_,11.48µm
_09420_,11.48µm
_04694_,11.47µm
_12475_,11.47µm
_01089_,11.46µm
_02601_,11.46µm
_03864_,11.46µm
_04849_,11.46µm
_05288_,11.46µm
_10807_,11.46µm
_11426_,11.46µm
_11996_,11.46µm
_12486_,11.46µm
_00580_,11.44µm
_00798_,11.44µm
_02691_,11.44µm
_03372_,11.44µm
_04153_,11.44µm
_04681_,11.44µm
_06152_,11.44µm
_09731_,11.44µm
_05299_,11.43µm
_02999_,11.425µm
_02980_,11.42µm
_03327_,11.42µm
_03622_,11.42µm
_05089_,11.42µm
_05741_,11.42µm
_07241_,11.42µm
_09322_,11.42µm
_11099_,11.42µm
_11119_,11.42µm
_12355_,11.42µm
_12946_,11.42µm
_13340_,11.42µm
_02572_,11.4µm
_02969_,11.4µm
_12806_,11.4µm
imem_data[19],11.39µm
_03772_,11.38µm
_04337_,11.38µm
_06619_,11.38µm
_07159_,11.38µm
_07724_,11.38µm
_12381_,11.38µm
_13305_,11.38µm
_09606_,11.36µm
_11327_,11.36µm
_11595_,11.36µm
_12983_,11.36µm
_01952_,11.34µm
_04271_,11.34µm
_04750_,11.34µm
_05172_,11.34µm
_05868_,11.34µm
_06698_,11.34µm
_09302_,11.34µm
_12488_,11.34µm
_09004_,11.335µm
_01878_,11.32µm
_02307_,11.32µm
_02682_,11.32µm
_03269_,11.32µm
_03883_,11.32µm
_03899_,11.32µm
_04280_,11.32µm
_04321_,11.32µm
_06207_,11.32µm
_08216_,11.32µm
_09479_,11.32µm
_10966_,11.32µm
_11114_,11.32µm
_11192_,11.32µm
_11524_,11.32µm
_11839_,11.32µm
_12970_,11.32µm
_09228_,11.305µm
_03511_,11.3µm
_03597_,11.3µm
_05352_,11.3µm
_05852_,11.3µm
_07499_,11.3µm
_08851_,11.3µm
_09395_,11.3µm
_11562_,11.3µm
_11970_,11.3µm
_13302_,11.3µm
_00568_,11.28µm
_01912_,11.28µm
_02519_,11.28µm
_02557_,11.28µm
_03767_,11.28µm
_04214_,11.28µm
_04497_,11.28µm
_04610_,11.28µm
_05525_,11.28µm
_06764_,11.28µm
_07681_,11.28µm
_07925_,11.28µm
_08209_,11.28µm
_09303_,11.28µm
_09353_,11.28µm
_10964_,11.28µm
_11495_,11.28µm
_11641_,11.28µm
data_sram_u.mem\[3\]\[12\],11.28µm
data_sram_u.mem\[3\]\[31\],11.28µm
_02230_,11.26µm
_02554_,11.26µm
_03781_,11.26µm
_09736_,11.26µm
_13253_,11.26µm
_02163_,11.24µm
_02615_,11.24µm
_04594_,11.24µm
_05724_,11.24µm
_06086_,11.24µm
_08674_,11.24µm
_11203_,11.24µm
_12595_,11.24µm
_00713_,11.22µm
_04420_,11.22µm
_04556_,11.22µm
_04713_,11.22µm
_06031_,11.22µm
_06907_,11.22µm
_07459_,11.22µm
_12064_,11.22µm
_02021_,11.2µm
_02407_,11.2µm
_02974_,11.2µm
_03201_,11.2µm
_03212_,11.2µm
_03408_,11.2µm
_05011_,11.2µm
_07168_,11.2µm
_08557_,11.2µm
_12066_,11.2µm
_13314_,11.2µm
_04345_,11.19µm
_05901_,11.19µm
_05754_,11.185µm
_00757_,11.18µm
_04049_,11.18µm
_04356_,11.18µm
_07993_,11.18µm
_10096_,11.18µm
_01795_,11.16µm
_02023_,11.16µm
_02213_,11.16µm
_02939_,11.16µm
_03151_,11.16µm
_03241_,11.16µm
_04197_,11.16µm
_05230_,11.16µm
_05693_,11.16µm
_05998_,11.16µm
_06142_,11.16µm
_08174_,11.16µm
_10920_,11.16µm
_11373_,11.16µm
_12200_,11.16µm
_12892_,11.16µm
_13161_,11.16µm
_10889_,11.15µm
_01984_,11.14µm
_02298_,11.12µm
_02473_,11.12µm
_02811_,11.12µm
_02920_,11.12µm
_03308_,11.12µm
_04537_,11.12µm
_07150_,11.12µm
_09644_,11.12µm
_11089_,11.12µm
_11400_,11.12µm
_01786_,11.1µm
_01844_,11.1µm
_02758_,11.1µm
_09977_,11.1µm
_12434_,11.1µm
_09318_,11.09µm
_05592_,11.085µm
_09130_,11.085µm
_02711_,11.08µm
_03172_,11.08µm
_04374_,11.08µm
_04428_,11.08µm
_04712_,11.08µm
_04732_,11.08µm
_05658_,11.08µm
_06344_,11.08µm
_08835_,11.08µm
_11068_,11.08µm
_11141_,11.08µm
_12009_,11.08µm
_12121_,11.08µm
_12545_,11.08µm
_02226_,11.07µm
_05192_,11.065µm
_01991_,11.06µm
_02086_,11.06µm
_03252_,11.06µm
_10993_,11.06µm
_11220_,11.06µm
_02658_,11.055µm
_01101_,11.04µm
_02819_,11.04µm
_03273_,11.04µm
_03863_,11.04µm
_04268_,11.04µm
_05866_,11.04µm
_06808_,11.04µm
_07776_,11.04µm
_08799_,11.04µm
_09371_,11.04µm
_09441_,11.04µm
_10838_,11.04µm
_11594_,11.04µm
_02203_,11.02µm
_02848_,11.02µm
_06484_,11.02µm
_01857_,11µm
_03778_,11µm
_03875_,11µm
_05326_,11µm
_05928_,11µm
_05975_,11µm
_11150_,11µm
_12963_,11µm
_09149_,10.995µm
_00683_,10.98µm
_01019_,10.98µm
_02512_,10.98µm
_03113_,10.98µm
_03895_,10.98µm
_09098_,10.98µm
_09306_,10.98µm
_12050_,10.98µm
_03596_,10.97µm
_04771_,10.97µm
_02715_,10.96µm
_03817_,10.96µm
_04017_,10.96µm
_04188_,10.96µm
_04439_,10.96µm
_05234_,10.96µm
_05522_,10.96µm
_07192_,10.96µm
_07739_,10.96µm
_08956_,10.96µm
_10992_,10.96µm
_11000_,10.96µm
_11003_,10.96µm
_12622_,10.96µm
_04628_,10.94µm
_05748_,10.94µm
_05834_,10.94µm
_06805_,10.94µm
_12028_,10.94µm
_12588_,10.94µm
_12754_,10.94µm
_01965_,10.92µm
_02083_,10.92µm
_03060_,10.92µm
_03784_,10.92µm
_03871_,10.92µm
_04980_,10.92µm
_05571_,10.92µm
_11142_,10.92µm
_12511_,10.92µm
_00980_,10.9µm
_02737_,10.9µm
_04555_,10.9µm
_05677_,10.9µm
_07680_,10.9µm
_07682_,10.9µm
_08016_,10.9µm
_08596_,10.9µm
_11222_,10.9µm
_04286_,10.89µm
_01848_,10.88µm
_05539_,10.88µm
_07643_,10.88µm
_08737_,10.88µm
_09652_,10.88µm
_09976_,10.88µm
_11169_,10.88µm
_11367_,10.88µm
_11542_,10.88µm
data_sram_u.mem\[0\]\[20\],10.88µm
_01831_,10.875µm
_11644_,10.865µm
_01136_,10.86µm
_02219_,10.86µm
_04025_,10.86µm
_04137_,10.86µm
_04853_,10.86µm
_11649_,10.86µm
_11799_,10.86µm
_12557_,10.86µm
_09142_,10.845µm
_00201_,10.84µm
_01792_,10.84µm
_03394_,10.84µm
_03474_,10.84µm
_03552_,10.84µm
_05987_,10.84µm
_07349_,10.84µm
_07365_,10.84µm
_07428_,10.84µm
_07659_,10.84µm
_08097_,10.84µm
_08899_,10.84µm
_11303_,10.84µm
_11618_,10.84µm
_11912_,10.84µm
net2225,10.84µm
_00509_,10.82µm
_01102_,10.82µm
_01114_,10.82µm
_02551_,10.82µm
_03080_,10.82µm
_04923_,10.82µm
_05109_,10.82µm
_08360_,10.82µm
_11006_,10.82µm
_11052_,10.82µm
_11128_,10.82µm
_11319_,10.82µm
_12309_,10.82µm
_12982_,10.82µm
_01837_,10.8µm
_06979_,10.8µm
_07422_,10.8µm
_08271_,10.8µm
_09344_,10.8µm
_12197_,10.8µm
data_sram_u.mem\[2\]\[16\],10.79µm
_02033_,10.78µm
_04986_,10.78µm
_05166_,10.78µm
_05982_,10.78µm
_08070_,10.78µm
_08722_,10.78µm
_08725_,10.78µm
_09327_,10.78µm
_10236_,10.78µm
_11607_,10.78µm
_12469_,10.78µm
_12552_,10.78µm
_04686_,10.77µm
_09172_,10.765µm
_03211_,10.76µm
_03578_,10.76µm
_05046_,10.76µm
_05197_,10.76µm
_06107_,10.76µm
_06772_,10.76µm
_12314_,10.76µm
_12586_,10.76µm
imem_addr[9],10.75µm
imem_addr[15],10.75µm
imem_addr[14],10.75µm
_09233_,10.745µm
_02560_,10.74µm
_02774_,10.74µm
_03065_,10.74µm
_03733_,10.74µm
_04054_,10.74µm
_04138_,10.74µm
_04164_,10.74µm
_04591_,10.74µm
_05293_,10.74µm
_05731_,10.74µm
_05923_,10.74µm
_07646_,10.74µm
_08085_,10.74µm
_08817_,10.74µm
_12412_,10.74µm
_12606_,10.74µm
_12718_,10.74µm
_13157_,10.74µm
_13178_,10.74µm
_13230_,10.74µm
_03570_,10.73µm
_00670_,10.72µm
_01825_,10.72µm
_02607_,10.72µm
_06190_,10.72µm
_10062_,10.72µm
_12259_,10.72µm
data_sram_u.mem\[3\]\[26\],10.72µm
_11322_,10.71µm
_02040_,10.7µm
_02471_,10.7µm
_02524_,10.7µm
_03215_,10.7µm
_03555_,10.7µm
_04282_,10.7µm
_05141_,10.7µm
_09000_,10.7µm
_09693_,10.7µm
_10736_,10.7µm
_11061_,10.7µm
_13004_,10.7µm
_00495_,10.68µm
_07553_,10.68µm
_09076_,10.68µm
_10823_,10.67µm
_11473_,10.67µm
_03522_,10.66µm
_04738_,10.66µm
_05152_,10.66µm
_08785_,10.66µm
_09099_,10.66µm
_09436_,10.66µm
_09662_,10.66µm
_10935_,10.66µm
_11492_,10.66µm
_11584_,10.66µm
_11899_,10.66µm
_12021_,10.66µm
_13248_,10.66µm
_05649_,10.645µm
_09217_,10.645µm
_02766_,10.64µm
_03240_,10.64µm
_04139_,10.64µm
_05356_,10.64µm
_07064_,10.64µm
_08819_,10.64µm
_08865_,10.64µm
_09747_,10.64µm
_10926_,10.64µm
_03625_,10.63µm
_05558_,10.63µm
_13222_,10.625µm
_01862_,10.62µm
_01864_,10.62µm
_03086_,10.62µm
_04456_,10.62µm
_05687_,10.62µm
_05865_,10.62µm
_06231_,10.62µm
_06762_,10.62µm
_07940_,10.62µm
_09640_,10.62µm
_10713_,10.62µm
_11182_,10.62µm
_11853_,10.62µm
_12104_,10.62µm
_12424_,10.62µm
_12498_,10.62µm
_12835_,10.62µm
_05510_,10.615µm
_03619_,10.6µm
_04113_,10.6µm
_07577_,10.6µm
_11942_,10.6µm
_13170_,10.6µm
_09674_,10.59µm
_01852_,10.58µm
_03112_,10.58µm
_03691_,10.58µm
_04100_,10.58µm
_05020_,10.58µm
_06220_,10.58µm
_09292_,10.58µm
_11966_,10.58µm
_12351_,10.58µm
_12747_,10.58µm
_09334_,10.575µm
_05224_,10.57µm
_11472_,10.57µm
_01879_,10.56µm
_12420_,10.56µm
_03535_,10.55µm
_05752_,10.55µm
_03831_,10.54µm
_05638_,10.54µm
_05846_,10.54µm
_06177_,10.54µm
_09637_,10.54µm
_11844_,10.54µm
_12781_,10.54µm
_09171_,10.535µm
_11589_,10.535µm
_01842_,10.53µm
_00894_,10.52µm
_03163_,10.52µm
_03940_,10.52µm
_04840_,10.52µm
_07729_,10.52µm
_08123_,10.52µm
_11147_,10.52µm
_12574_,10.52µm
_12917_,10.52µm
_13051_,10.505µm
core_u.rf_u.registers\[11\]\[11\],10.505µm
_00771_,10.5µm
_02567_,10.5µm
_03017_,10.5µm
_03841_,10.5µm
_04114_,10.5µm
_04154_,10.5µm
_04724_,10.5µm
_05043_,10.5µm
_05346_,10.5µm
_05672_,10.5µm
_06789_,10.5µm
_09433_,10.5µm
_09750_,10.5µm
_11070_,10.5µm
_11454_,10.5µm
_11475_,10.5µm
_11509_,10.5µm
_11628_,10.5µm
_12804_,10.5µm
_03330_,10.49µm
_09359_,10.49µm
_03985_,10.48µm
_04416_,10.48µm
_08310_,10.48µm
_12839_,10.48µm
_13311_,10.48µm
data_sram_u.mem\[0\]\[24\],10.48µm
_04312_,10.465µm
_00738_,10.46µm
_01816_,10.46µm
_02238_,10.46µm
_02391_,10.46µm
_03145_,10.46µm
_04380_,10.46µm
_07710_,10.46µm
_09508_,10.46µm
_11850_,10.46µm
_12005_,10.46µm
_12459_,10.46µm
_13276_,10.46µm
_13001_,10.45µm
_01836_,10.44µm
_02877_,10.44µm
_02993_,10.44µm
_04658_,10.44µm
_07359_,10.44µm
_07377_,10.44µm
_08418_,10.44µm
_09092_,10.44µm
_09630_,10.44µm
_02252_,10.42µm
_03388_,10.42µm
_03498_,10.42µm
_03855_,10.42µm
_05111_,10.42µm
_05417_,10.42µm
_05547_,10.42µm
_06130_,10.42µm
_07501_,10.42µm
_08114_,10.42µm
_08976_,10.41µm
_00902_,10.4µm
_01129_,10.4µm
_03545_,10.4µm
_08027_,10.4µm
_08324_,10.4µm
_08620_,10.4µm
_09345_,10.4µm
_09557_,10.4µm
_10740_,10.4µm
_10757_,10.4µm
_10861_,10.4µm
_11500_,10.4µm
_12004_,10.4µm
_13009_,10.4µm
_00797_,10.38µm
_02976_,10.38µm
_04309_,10.38µm
_05384_,10.38µm
_05569_,10.38µm
_11448_,10.38µm
data_sram_u.mem\[0\]\[26\],10.38µm
data_sram_u.mem\[2\]\[26\],10.365µm
_02884_,10.36µm
_04739_,10.36µm
_04927_,10.36µm
_05164_,10.36µm
_07087_,10.36µm
_07138_,10.36µm
_07179_,10.36µm
_07922_,10.36µm
_10427_,10.36µm
_10995_,10.36µm
_11293_,10.36µm
_12059_,10.36µm
_12446_,10.36µm
_02288_,10.34µm
_02335_,10.34µm
_03037_,10.34µm
_03357_,10.34µm
_04896_,10.34µm
_05333_,10.34µm
_05898_,10.34µm
_05940_,10.34µm
_06469_,10.34µm
_10144_,10.34µm
_11989_,10.34µm
_12859_,10.34µm
_13037_,10.34µm
_13249_,10.34µm
_03296_,10.335µm
_01988_,10.32µm
_03905_,10.32µm
_05682_,10.32µm
_06101_,10.32µm
_07953_,10.32µm
_08567_,10.32µm
_12651_,10.32µm
_04614_,10.31µm
_00502_,10.3µm
_02834_,10.3µm
_03816_,10.3µm
_05163_,10.3µm
_07004_,10.3µm
_09730_,10.3µm
_11523_,10.3µm
_11615_,10.3µm
_12870_,10.3µm
_00699_,10.28µm
_03084_,10.28µm
_04075_,10.28µm
_04826_,10.28µm
_05251_,10.28µm
_05266_,10.28µm
_05922_,10.28µm
_06013_,10.28µm
_06176_,10.28µm
_06586_,10.28µm
_06775_,10.28µm
_08312_,10.28µm
_08918_,10.28µm
_09352_,10.28µm
_10133_,10.28µm
_11359_,10.28µm
_02889_,10.26µm
_05351_,10.26µm
_07017_,10.26µm
_08009_,10.26µm
_08129_,10.26µm
_09638_,10.26µm
_11952_,10.26µm
_02194_,10.24µm
_04593_,10.24µm
_10648_,10.24µm
_10898_,10.24µm
_11487_,10.24µm
_11517_,10.24µm
_11551_,10.24µm
_12419_,10.24µm
_12760_,10.24µm
_12967_,10.24µm
_13136_,10.24µm
data_sram_u.mem\[3\]\[6\],10.24µm
_00987_,10.22µm
_02019_,10.22µm
_04303_,10.22µm
_05252_,10.22µm
_08188_,10.22µm
_11228_,10.22µm
_11605_,10.22µm
_12347_,10.22µm
_02020_,10.2µm
_02983_,10.2µm
_03122_,10.2µm
_03426_,10.2µm
_04392_,10.2µm
_04792_,10.2µm
_06563_,10.2µm
_06666_,10.2µm
_07097_,10.2µm
_08550_,10.2µm
_12023_,10.2µm
_12113_,10.2µm
_12510_,10.2µm
_12997_,10.2µm
data_sram_u.mem\[0\]\[8\],10.2µm
_02211_,10.18µm
_03436_,10.18µm
_04893_,10.18µm
_05041_,10.18µm
_09547_,10.18µm
_12523_,10.18µm
_02248_,10.175µm
_02096_,10.16µm
_03967_,10.16µm
_04007_,10.16µm
_05329_,10.16µm
_05594_,10.16µm
_05992_,10.16µm
_06063_,10.16µm
_10850_,10.16µm
_11080_,10.16µm
_11843_,10.16µm
_12046_,10.16µm
_12857_,10.16µm
_12941_,10.16µm
data_sram_u.mem\[1\]\[30\],10.16µm
_04843_,10.14µm
imem_addr[19],10.13µm
_02287_,10.12µm
_03634_,10.12µm
_04313_,10.12µm
_05138_,10.12µm
_06347_,10.12µm
_07148_,10.12µm
_09407_,10.12µm
_01910_,10.1µm
_07790_,10.1µm
_00963_,10.08µm
_02150_,10.08µm
_03890_,10.08µm
_06138_,10.08µm
_07077_,10.08µm
_11480_,10.08µm
_11882_,10.08µm
_11932_,10.08µm
_11965_,10.08µm
_09186_,10.075µm
imem_addr[13],10.07µm
imem_addr[11],10.07µm
_01105_,10.06µm
_01743_,10.06µm
_02360_,10.06µm
_02594_,10.06µm
_12359_,10.06µm
_13278_,10.06µm
_02449_,10.04µm
_03028_,10.04µm
_03299_,10.04µm
_03336_,10.04µm
_03798_,10.04µm
_03910_,10.04µm
_05203_,10.04µm
_05343_,10.04µm
_07243_,10.04µm
_08201_,10.04µm
_08826_,10.04µm
_09103_,10.04µm
_09297_,10.04µm
_09480_,10.04µm
_10913_,10.04µm
_11365_,10.04µm
_11941_,10.04µm
_11993_,10.04µm
_12923_,10.04µm
_09456_,10.03µm
_00487_,10.02µm
_03731_,10.02µm
_03865_,10.02µm
_05512_,10.02µm
_11403_,10.02µm
_07307_,10.01µm
_07534_,10.01µm
_00749_,10µm
_02752_,10µm
_02949_,10µm
_03470_,10µm
_03669_,10µm
_05613_,10µm
_06039_,10µm
_09310_,10µm
_10397_,10µm
_10462_,10µm
_10548_,10µm
_11841_,10µm
_11963_,10µm
_12306_,10µm
_03942_,9.99µm
_01038_,9.98µm
_03244_,9.98µm
_06676_,9.98µm
_08452_,9.98µm
_08520_,9.98µm
_03027_,9.97µm
_10330_,9.965µm
_02051_,9.96µm
_02204_,9.96µm
_02308_,9.96µm
_04427_,9.96µm
_05170_,9.96µm
_05184_,9.96µm
_05295_,9.96µm
_09748_,9.96µm
_10052_,9.96µm
_12105_,9.96µm
_12415_,9.96µm
_12485_,9.96µm
_13283_,9.96µm
_03520_,9.95µm
_04212_,9.95µm
_00585_,9.94µm
_01942_,9.94µm
_03566_,9.94µm
_03645_,9.94µm
_04145_,9.94µm
_04201_,9.94µm
_04874_,9.94µm
_06080_,9.94µm
_06844_,9.94µm
_06971_,9.94µm
_08365_,9.94µm
_08679_,9.94µm
_08933_,9.94µm
_10197_,9.94µm
_11025_,9.94µm
_11168_,9.94µm
core_u.rf_u.registers\[13\]\[8\],9.94µm
_12247_,9.935µm
_00665_,9.92µm
_01083_,9.92µm
_01939_,9.92µm
_02440_,9.92µm
_03574_,9.92µm
_05168_,9.92µm
_05880_,9.92µm
_07276_,9.92µm
_07498_,9.92µm
_08963_,9.92µm
_10452_,9.92µm
_10712_,9.92µm
_12965_,9.92µm
_13022_,9.92µm
_12896_,9.915µm
_06580_,9.905µm
_09132_,9.905µm
_00552_,9.9µm
_00710_,9.9µm
_01950_,9.9µm
_02410_,9.9µm
_02716_,9.9µm
_03383_,9.9µm
_03825_,9.9µm
_04764_,9.9µm
_05161_,9.9µm
_05344_,9.9µm
_05915_,9.9µm
_10869_,9.9µm
_12846_,9.9µm
_02151_,9.88µm
_04324_,9.88µm
_07962_,9.88µm
_09457_,9.88µm
_09772_,9.88µm
_11593_,9.88µm
_11608_,9.88µm
_12654_,9.88µm
_12775_,9.88µm
net2223,9.88µm
_09268_,9.875µm
_02207_,9.86µm
_02341_,9.86µm
_04641_,9.86µm
_05094_,9.86µm
_05106_,9.86µm
_07386_,9.86µm
_08029_,9.86µm
_08038_,9.86µm
_08408_,9.86µm
_08974_,9.86µm
_10924_,9.86µm
_11046_,9.86µm
_11151_,9.86µm
_12496_,9.86µm
_12750_,9.86µm
_05071_,9.84µm
_05136_,9.84µm
_10371_,9.84µm
_11297_,9.83µm
_01777_,9.82µm
_02759_,9.82µm
_03013_,9.82µm
_03225_,9.82µm
_03456_,9.82µm
_03585_,9.82µm
_04183_,9.82µm
_04378_,9.82µm
_04618_,9.82µm
_04687_,9.82µm
_04877_,9.82µm
_05063_,9.82µm
_05130_,9.82µm
_05443_,9.82µm
_05913_,9.82µm
_06373_,9.82µm
_07471_,9.82µm
_10773_,9.82µm
_11601_,9.82µm
_12505_,9.82µm
_13151_,9.82µm
_13184_,9.82µm
_00748_,9.8µm
_02582_,9.8µm
_05022_,9.8µm
_06651_,9.8µm
_07970_,9.8µm
_08045_,9.8µm
_11657_,9.8µm
_12114_,9.8µm
_12888_,9.8µm
_13123_,9.8µm
_02460_,9.79µm
_06416_,9.785µm
_03108_,9.78µm
_03159_,9.78µm
_03911_,9.78µm
_04454_,9.78µm
_04879_,9.78µm
_05971_,9.78µm
_08429_,9.78µm
_08457_,9.78µm
_09139_,9.78µm
_09694_,9.78µm
_10994_,9.78µm
_11233_,9.78µm
_12111_,9.78µm
_12840_,9.78µm
_13054_,9.78µm
_07912_,9.775µm
_04217_,9.76µm
_07982_,9.76µm
_11425_,9.76µm
_07507_,9.745µm
_02484_,9.74µm
_04873_,9.74µm
_05054_,9.74µm
_06077_,9.74µm
_11974_,9.74µm
_12380_,9.74µm
_12939_,9.74µm
_09178_,9.735µm
_07495_,9.725µm
_01888_,9.72µm
_04930_,9.72µm
_06343_,9.72µm
_07318_,9.72µm
_12257_,9.72µm
_02014_,9.7µm
_02445_,9.7µm
_02826_,9.7µm
_02962_,9.7µm
_05577_,9.7µm
_05841_,9.7µm
_06029_,9.7µm
_06157_,9.7µm
_06342_,9.7µm
_08944_,9.7µm
_09486_,9.7µm
_11049_,9.7µm
_11360_,9.7µm
_11402_,9.7µm
_11951_,9.7µm
_12047_,9.7µm
_12764_,9.7µm
_12940_,9.7µm
_01956_,9.68µm
_06038_,9.68µm
_10196_,9.68µm
_07592_,9.665µm
_13087_,9.665µm
_00920_,9.66µm
_03138_,9.66µm
_03232_,9.66µm
_04984_,9.66µm
_05233_,9.66µm
_05702_,9.66µm
_05953_,9.66µm
_06345_,9.66µm
_07463_,9.66µm
_10481_,9.66µm
_11731_,9.66µm
_13028_,9.65µm
_00007_,9.64µm
_04270_,9.63µm
_00199_,9.62µm
_04421_,9.62µm
_04829_,9.62µm
_05102_,9.62µm
_05873_,9.62µm
_06006_,9.62µm
_07723_,9.62µm
_08863_,9.62µm
_10899_,9.62µm
_12742_,9.62µm
_03066_,9.6µm
_05773_,9.6µm
_05781_,9.6µm
_08713_,9.6µm
_11351_,9.6µm
_01922_,9.58µm
_02259_,9.58µm
_02499_,9.58µm
_03417_,9.58µm
_03820_,9.58µm
_04272_,9.58µm
_06751_,9.58µm
_08745_,9.58µm
_08930_,9.58µm
_08960_,9.58µm
_11846_,9.58µm
axi_ctrl_wdata\[1\],9.58µm
net2222,9.58µm
_02992_,9.57µm
_09698_,9.57µm
_00961_,9.56µm
_03101_,9.56µm
_04332_,9.56µm
_05052_,9.56µm
_07212_,9.56µm
_07354_,9.56µm
_07440_,9.56µm
_09511_,9.56µm
_11968_,9.56µm
data_sram_u.mem\[0\]\[19\],9.56µm
_12662_,9.545µm
_03862_,9.54µm
_03930_,9.54µm
_04094_,9.54µm
_04389_,9.54µm
_04924_,9.54µm
_05101_,9.54µm
_05531_,9.54µm
_05899_,9.54µm
_05989_,9.54µm
_07635_,9.54µm
_08140_,9.54µm
_09320_,9.54µm
_10266_,9.54µm
_10962_,9.54µm
_11117_,9.54µm
_12604_,9.54µm
_00659_,9.52µm
_03421_,9.52µm
_05783_,9.52µm
_06425_,9.52µm
_07211_,9.52µm
_08572_,9.52µm
_09677_,9.52µm
_10299_,9.52µm
_11029_,9.52µm
_02056_,9.5µm
_02498_,9.5µm
_03793_,9.5µm
_05286_,9.5µm
_05296_,9.5µm
_09713_,9.5µm
_12026_,9.5µm
_12521_,9.5µm
_13113_,9.5µm
_11152_,9.49µm
_00917_,9.48µm
_02291_,9.48µm
_03205_,9.48µm
_03486_,9.48µm
_03602_,9.48µm
_04260_,9.48µm
_04768_,9.48µm
_05307_,9.48µm
_05800_,9.48µm
_06210_,9.48µm
_09669_,9.48µm
_10791_,9.48µm
_10903_,9.48µm
_10979_,9.48µm
_11539_,9.48µm
_12889_,9.48µm
_09163_,9.465µm
_03058_,9.46µm
_03347_,9.46µm
_03410_,9.46µm
_03947_,9.46µm
_04522_,9.46µm
_04762_,9.46µm
_05188_,9.46µm
_07474_,9.46µm
_11060_,9.46µm
_13254_,9.46µm
net2236,9.46µm
imem_addr[21],9.45µm
imem_addr[23],9.45µm
_00664_,9.44µm
_01025_,9.44µm
_01898_,9.44µm
_03903_,9.44µm
_04192_,9.44µm
_04362_,9.44µm
_05725_,9.44µm
_06047_,9.44µm
_06124_,9.44µm
_06229_,9.44µm
_06387_,9.44µm
_06454_,9.44µm
_07261_,9.44µm
_09277_,9.44µm
_10338_,9.44µm
_12167_,9.44µm
_12410_,9.44µm
_12661_,9.44µm
_09224_,9.435µm
_05365_,9.42µm
_06790_,9.42µm
_09523_,9.42µm
_10109_,9.42µm
_12571_,9.42µm
_00768_,9.4µm
_01949_,9.4µm
_02251_,9.4µm
_02925_,9.4µm
_03191_,9.4µm
_03605_,9.4µm
_04698_,9.4µm
_04733_,9.4µm
_05459_,9.4µm
_05497_,9.4µm
_06662_,9.4µm
_10928_,9.4µm
_12177_,9.4µm
_09675_,9.39µm
_03136_,9.385µm
_00886_,9.38µm
_02390_,9.38µm
_03365_,9.38µm
_03834_,9.38µm
_05990_,9.38µm
_07662_,9.38µm
_10950_,9.38µm
_11620_,9.38µm
_12455_,9.38µm
_12762_,9.38µm
_13218_,9.38µm
_01077_,9.36µm
_02661_,9.36µm
_02910_,9.36µm
_03483_,9.36µm
_04231_,9.36µm
_04240_,9.36µm
_04377_,9.36µm
_04504_,9.36µm
_04736_,9.36µm
_04780_,9.36µm
_04841_,9.36µm
_05157_,9.36µm
_05207_,9.36µm
_07065_,9.36µm
_07200_,9.36µm
_07277_,9.36µm
_08677_,9.36µm
_10932_,9.36µm
_13153_,9.36µm
_13246_,9.36µm
_02580_,9.34µm
_03223_,9.34µm
_04763_,9.34µm
_05048_,9.34µm
_06396_,9.34µm
_06554_,9.34µm
_08186_,9.34µm
_08636_,9.34µm
_12407_,9.34µm
_01097_,9.325µm
_02509_,9.32µm
_02728_,9.32µm
_02882_,9.32µm
_04376_,9.32µm
_05650_,9.32µm
_06095_,9.32µm
_06999_,9.32µm
_07439_,9.32µm
_07694_,9.32µm
_08305_,9.32µm
_09016_,9.32µm
_09346_,9.32µm
_09531_,9.32µm
_10762_,9.32µm
_11587_,9.32µm
_11907_,9.32µm
_12122_,9.32µm
_00756_,9.305µm
_08490_,9.3µm
_09242_,9.295µm
_12385_,9.29µm
_01798_,9.28µm
_02143_,9.28µm
_03300_,9.28µm
_03726_,9.28µm
_04787_,9.28µm
_05241_,9.28µm
_05269_,9.28µm
_05300_,9.28µm
_07189_,9.28µm
_08797_,9.28µm
_08852_,9.28µm
_09728_,9.28µm
_12373_,9.28µm
_12962_,9.28µm
_02007_,9.26µm
_09061_,9.26µm
_11570_,9.26µm
_12178_,9.26µm
_12707_,9.26µm
_13139_,9.26µm
_13189_,9.26µm
_00828_,9.24µm
_01868_,9.24µm
_02591_,9.24µm
_03150_,9.24µm
_03801_,9.24µm
_03819_,9.24µm
_04198_,9.24µm
_04677_,9.24µm
_04839_,9.24µm
_05917_,9.24µm
_05944_,9.24µm
_06182_,9.24µm
_06226_,9.24µm
_07350_,9.24µm
_08023_,9.24µm
_08638_,9.24µm
_08858_,9.24µm
_11002_,9.24µm
_11330_,9.24µm
_11948_,9.24µm
_11982_,9.24µm
_12262_,9.24µm
_13342_,9.24µm
axi_ctrl_wdata\[10\],9.24µm
data_sram_u.mem\[2\]\[20\],9.24µm
_05847_,9.235µm
_02333_,9.22µm
_04876_,9.22µm
_06949_,9.22µm
_07231_,9.22µm
imem_data[22],9.21µm
_00762_,9.205µm
_08015_,9.205µm
_01812_,9.2µm
_02748_,9.2µm
_03425_,9.2µm
_04501_,9.2µm
_04773_,9.2µm
_05341_,9.2µm
_07423_,9.2µm
_07669_,9.2µm
_07686_,9.2µm
_09464_,9.2µm
_11574_,9.2µm
_11894_,9.2µm
_12658_,9.2µm
_12848_,9.2µm
_07465_,9.18µm
_05870_,9.17µm
_11554_,9.17µm
_00614_,9.16µm
_00709_,9.16µm
_01110_,9.16µm
_03438_,9.16µm
_03823_,9.16µm
_03965_,9.16µm
_04817_,9.16µm
_06410_,9.16µm
_08929_,9.16µm
_09504_,9.16µm
_10841_,9.16µm
_12116_,9.16µm
_04471_,9.14µm
_07215_,9.14µm
_07356_,9.14µm
_07668_,9.14µm
_08701_,9.14µm
_11287_,9.14µm
_12907_,9.14µm
_10778_,9.13µm
_02123_,9.12µm
_02176_,9.12µm
_02486_,9.12µm
_03368_,9.12µm
_03727_,9.12µm
_04071_,9.12µm
_04202_,9.12µm
_04599_,9.12µm
_04671_,9.12µm
_04778_,9.12µm
_05255_,9.12µm
_05501_,9.12µm
_05766_,9.12µm
_06141_,9.12µm
_08934_,9.12µm
_09301_,9.12µm
_13188_,9.12µm
_05626_,9.115µm
_10010_,9.115µm
_10756_,9.11µm
_03412_,9.1µm
_03782_,9.1µm
_05135_,9.1µm
_06232_,9.1µm
_07372_,9.1µm
_08698_,9.1µm
data_sram_u.mem\[1\]\[7\],9.1µm
_00881_,9.095µm
_00702_,9.08µm
_02428_,9.08µm
_03010_,9.08µm
_03341_,9.08µm
_03405_,9.08µm
_04705_,9.08µm
_05095_,9.08µm
_07099_,9.08µm
_07378_,9.08µm
_07488_,9.08µm
_09366_,9.08µm
_11927_,9.08µm
_12094_,9.08µm
_12954_,9.08µm
_12991_,9.08µm
_08138_,9.075µm
_09174_,9.065µm
_09207_,9.065µm
_02183_,9.06µm
_02386_,9.06µm
_03598_,9.06µm
_04650_,9.06µm
_06278_,9.06µm
_07059_,9.06µm
_07207_,9.06µm
_07430_,9.06µm
_07615_,9.06µm
_09992_,9.06µm
_11553_,9.06µm
_11754_,9.06µm
_13029_,9.06µm
_05472_,9.055µm
_10847_,9.05µm
_02736_,9.04µm
_02824_,9.04µm
_04585_,9.04µm
_05039_,9.04µm
_05364_,9.04µm
_05508_,9.04µm
_06065_,9.04µm
_08829_,9.04µm
_08943_,9.04µm
_09013_,9.04µm
_11606_,9.04µm
_13115_,9.04µm
_04726_,9.03µm
_00206_,9.02µm
_00587_,9.02µm
_00822_,9.02µm
_02585_,9.02µm
_03980_,9.02µm
_04160_,9.02µm
_05209_,9.02µm
_05516_,9.02µm
_05556_,9.02µm
_05749_,9.02µm
_05994_,9.02µm
_06016_,9.02µm
_06377_,9.02µm
_08399_,9.02µm
_09033_,9.02µm
_10940_,9.02µm
_12674_,9.02µm
_13074_,9.02µm
_07338_,9.01µm
_09147_,9.005µm
_00498_,9µm
_00897_,9µm
_03064_,9µm
_03131_,9µm
_03458_,9µm
_04227_,9µm
_09806_,9µm
_00503_,8.98µm
_03867_,8.98µm
_04123_,8.98µm
_04793_,8.98µm
_05764_,8.98µm
_05974_,8.98µm
_06982_,8.98µm
_07434_,8.98µm
_09716_,8.98µm
_12575_,8.98µm
_12763_,8.97µm
_02116_,8.96µm
_04254_,8.96µm
_06384_,8.96µm
_06960_,8.96µm
_07184_,8.96µm
_10153_,8.96µm
_10317_,8.96µm
_11356_,8.96µm
_11614_,8.96µm
_13292_,8.96µm
_09259_,8.955µm
_05628_,8.95µm
_02694_,8.94µm
_06001_,8.94µm
_06208_,8.94µm
_06873_,8.94µm
_08000_,8.94µm
_08468_,8.94µm
_10195_,8.94µm
_10380_,8.94µm
_11572_,8.94µm
_12558_,8.94µm
_12873_,8.94µm
_12898_,8.94µm
_02493_,8.93µm
_09156_,8.925µm
_03479_,8.92µm
_03600_,8.92µm
_03852_,8.92µm
_05968_,8.92µm
_10971_,8.92µm
_11939_,8.92µm
_07194_,8.905µm
_00653_,8.9µm
_00747_,8.9µm
_01710_,8.9µm
_01778_,8.9µm
_01905_,8.9µm
_02220_,8.9µm
_02522_,8.9µm
_02561_,8.9µm
_03523_,8.9µm
_04063_,8.9µm
_04232_,8.9µm
_04359_,8.9µm
_04953_,8.9µm
_05551_,8.9µm
_05674_,8.9µm
_05933_,8.9µm
_06068_,8.9µm
_06379_,8.9µm
_06609_,8.9µm
_06663_,8.9µm
_07104_,8.9µm
_07917_,8.9µm
_08210_,8.9µm
_08702_,8.9µm
_08767_,8.9µm
_09434_,8.9µm
_09607_,8.9µm
_10032_,8.9µm
_10321_,8.9µm
_10963_,8.9µm
_11235_,8.9µm
_13198_,8.9µm
_02057_,8.88µm
_02977_,8.88µm
_03409_,8.88µm
_07918_,8.88µm
_09041_,8.88µm
_12014_,8.88µm
_13202_,8.88µm
_02929_,8.86µm
_02982_,8.86µm
_03089_,8.86µm
_04122_,8.86µm
_04443_,8.86µm
_05195_,8.86µm
_05313_,8.86µm
_09518_,8.86µm
_10944_,8.86µm
_11538_,8.86µm
_12077_,8.86µm
_12731_,8.86µm
_12817_,8.86µm
master_u.w_done,8.85µm
_02447_,8.84µm
_03246_,8.84µm
_09886_,8.84µm
_13164_,8.84µm
_09256_,8.835µm
_12252_,8.83µm
_07413_,8.825µm
_02618_,8.82µm
_03850_,8.82µm
_03954_,8.82µm
_05373_,8.82µm
_05412_,8.82µm
_05911_,8.82µm
_06414_,8.82µm
_08370_,8.82µm
_08791_,8.82µm
_09697_,8.82µm
_12031_,8.82µm
_12093_,8.82µm
_12812_,8.82µm
_12890_,8.82µm
_13318_,8.82µm
_03055_,8.815µm
_02078_,8.8µm
_02178_,8.8µm
_02666_,8.8µm
_03329_,8.8µm
_04434_,8.8µm
_04761_,8.8µm
_04862_,8.8µm
_05175_,8.8µm
_06027_,8.8µm
_09574_,8.8µm
_09660_,8.8µm
_11086_,8.8µm
_11140_,8.8µm
_11417_,8.8µm
_11819_,8.8µm
_05274_,8.79µm
_09144_,8.785µm
_00008_,8.78µm
_00588_,8.78µm
_03056_,8.78µm
_03323_,8.78µm
_03465_,8.78µm
_03467_,8.78µm
_03785_,8.78µm
_03983_,8.78µm
_04175_,8.78µm
_04809_,8.78µm
_05104_,8.78µm
_05802_,8.78µm
_05886_,8.78µm
_06652_,8.78µm
_06780_,8.78µm
_07025_,8.78µm
_09588_,8.78µm
_12074_,8.78µm
_12088_,8.78µm
_12274_,8.78µm
_13118_,8.78µm
_01133_,8.765µm
_00935_,8.76µm
_02009_,8.76µm
_04499_,8.76µm
_06474_,8.76µm
_08032_,8.76µm
_11767_,8.76µm
_12451_,8.75µm
_00918_,8.745µm
_00522_,8.74µm
_01993_,8.74µm
_03893_,8.74µm
_05843_,8.74µm
_05964_,8.74µm
_06169_,8.74µm
_07313_,8.74µm
_07900_,8.74µm
_08584_,8.74µm
_09771_,8.74µm
_11091_,8.74µm
_12162_,8.74µm
_08137_,8.735µm
_09202_,8.725µm
_02610_,8.72µm
_08077_,8.72µm
_12202_,8.72µm
_03184_,8.71µm
_12263_,8.71µm
_03762_,8.7µm
_04730_,8.7µm
_05945_,8.7µm
_07939_,8.7µm
_09404_,8.7µm
_10466_,8.7µm
_10725_,8.7µm
_10764_,8.7µm
_12454_,8.7µm
_12856_,8.7µm
data_sram_u.mem\[2\]\[22\],8.685µm
_00898_,8.68µm
_05829_,8.68µm
_06727_,8.68µm
core_u.rf_u.registers\[11\]\[4\],8.68µm
data_sram_u.mem\[0\]\[29\],8.68µm
data_sram_u.mem\[1\]\[28\],8.68µm
_03087_,8.66µm
_03549_,8.66µm
_03696_,8.66µm
_03821_,8.66µm
_04804_,8.66µm
_05034_,8.66µm
_05328_,8.66µm
_05893_,8.66µm
_10108_,8.66µm
_10990_,8.66µm
_12268_,8.66µm
_02844_,8.64µm
_05680_,8.64µm
_05827_,8.64µm
_06460_,8.64µm
_06625_,8.64µm
_10956_,8.64µm
_05090_,8.62µm
_07487_,8.62µm
_07541_,8.62µm
_07697_,8.62µm
_10143_,8.62µm
_11234_,8.62µm
_11343_,8.62µm
_11413_,8.62µm
_11659_,8.62µm
_12495_,8.62µm
_13172_,8.62µm
_09264_,8.615µm
_03542_,8.61µm
_02823_,8.6µm
_03807_,8.6µm
_03868_,8.6µm
_05273_,8.6µm
_05393_,8.6µm
_07976_,8.6µm
_10131_,8.6µm
_10538_,8.6µm
_10655_,8.6µm
_11512_,8.6µm
_12033_,8.6µm
_13013_,8.6µm
_04741_,8.59µm
_02140_,8.58µm
_02617_,8.58µm
_03743_,8.58µm
_03845_,8.58µm
_04782_,8.58µm
_05357_,8.58µm
_06133_,8.58µm
_06156_,8.58µm
_06353_,8.58µm
_08661_,8.58µm
_08830_,8.58µm
_08836_,8.58µm
_10830_,8.58µm
_12375_,8.58µm
_13226_,8.58µm
_11599_,8.565µm
_00506_,8.56µm
_02507_,8.56µm
_03656_,8.56µm
_04211_,8.56µm
_04357_,8.56µm
_04435_,8.56µm
_06656_,8.56µm
_06783_,8.56µm
_08635_,8.56µm
_08849_,8.56µm
_09062_,8.56µm
_09373_,8.56µm
_09970_,8.56µm
_10114_,8.56µm
_10868_,8.56µm
_11059_,8.56µm
_11540_,8.56µm
_11672_,8.56µm
_12030_,8.56µm
_12289_,8.56µm
_09210_,8.545µm
_09223_,8.545µm
_09241_,8.545µm
_09248_,8.545µm
_01049_,8.54µm
_03176_,8.54µm
_04728_,8.54µm
_05085_,8.54µm
_05825_,8.54µm
_07711_,8.54µm
_08156_,8.54µm
_11437_,8.54µm
_12853_,8.54µm
_13322_,8.54µm
_09684_,8.53µm
_00953_,8.52µm
_03031_,8.52µm
_03324_,8.52µm
_04494_,8.52µm
_07217_,8.52µm
_07467_,8.52µm
_07644_,8.52µm
_08096_,8.52µm
_11536_,8.52µm
_11586_,8.52µm
_12369_,8.52µm
_12608_,8.52µm
_13066_,8.52µm
_13223_,8.52µm
_02932_,8.51µm
_03708_,8.5µm
_05316_,8.5µm
_07930_,8.5µm
_08161_,8.5µm
_08882_,8.5µm
_11318_,8.5µm
_11714_,8.5µm
_12902_,8.5µm
_04812_,8.49µm
_01975_,8.48µm
_02125_,8.48µm
_03658_,8.48µm
_03809_,8.48µm
_06649_,8.48µm
_08366_,8.48µm
_08558_,8.48µm
_10815_,8.48µm
_11452_,8.48µm
_11798_,8.48µm
_09226_,8.47µm
_09206_,8.465µm
_00943_,8.46µm
_04233_,8.46µm
_08504_,8.46µm
_11272_,8.46µm
_11945_,8.445µm
_00841_,8.44µm
_01986_,8.44µm
_02154_,8.44µm
_02540_,8.44µm
_02581_,8.44µm
_03221_,8.44µm
_03971_,8.44µm
_04107_,8.44µm
_04418_,8.44µm
_04690_,8.44µm
_05134_,8.44µm
_05151_,8.44µm
_05268_,8.44µm
_05489_,8.44µm
_05729_,8.44µm
_05909_,8.44µm
_06499_,8.44µm
_06648_,8.44µm
_06817_,8.44µm
_06878_,8.44µm
_07294_,8.44µm
_07297_,8.44µm
_07300_,8.44µm
_07667_,8.44µm
_08658_,8.44µm
_08940_,8.44µm
_09519_,8.44µm
_10121_,8.44µm
_10573_,8.44µm
_11194_,8.44µm
_11353_,8.44µm
_11546_,8.44µm
_13042_,8.44µm
_03334_,8.43µm
_01978_,8.42µm
_07959_,8.42µm
_08095_,8.42µm
_08292_,8.42µm
_09990_,8.42µm
_10226_,8.42µm
_11591_,8.42µm
_01903_,8.4µm
_02239_,8.4µm
_02515_,8.4µm
_02971_,8.4µm
_03452_,8.4µm
_03769_,8.4µm
_04043_,8.4µm
_04297_,8.4µm
_04466_,8.4µm
_04510_,8.4µm
_04513_,8.4µm
_04836_,8.4µm
_05509_,8.4µm
_05518_,8.4µm
_05635_,8.4µm
_05689_,8.4µm
_06667_,8.4µm
_08651_,8.4µm
_09919_,8.4µm
_10155_,8.4µm
_11173_,8.4µm
_11651_,8.4µm
_13273_,8.4µm
_12196_,8.39µm
_06668_,8.38µm
_09973_,8.38µm
_00919_,8.365µm
_00846_,8.36µm
_01788_,8.36µm
_02352_,8.36µm
_02733_,8.36µm
_03196_,8.36µm
_04422_,8.36µm
_04703_,8.36µm
_04729_,8.36µm
_05191_,8.36µm
_05567_,8.36µm
_06947_,8.36µm
_07316_,8.36µm
_07478_,8.36µm
_08842_,8.36µm
_10518_,8.36µm
_10929_,8.36µm
_10988_,8.36µm
_11405_,8.36µm
_11604_,8.36µm
_12044_,8.36µm
_12512_,8.36µm
_12598_,8.36µm
_03953_,8.35µm
_09192_,8.345µm
_03082_,8.34µm
_04245_,8.34µm
_04481_,8.34µm
_04794_,8.34µm
_04940_,8.34µm
_05790_,8.34µm
_08645_,8.34µm
_12170_,8.34µm
_12583_,8.34µm
_12778_,8.34µm
_13041_,8.34µm
_00811_,8.32µm
_01796_,8.32µm
_02161_,8.32µm
_02760_,8.32µm
_03234_,8.32µm
_03379_,8.32µm
_03444_,8.32µm
_03828_,8.32µm
_03846_,8.32µm
_03906_,8.32µm
_04005_,8.32µm
_04078_,8.32µm
_04521_,8.32µm
_04684_,8.32µm
_04922_,8.32µm
_05368_,8.32µm
_05679_,8.32µm
_05895_,8.32µm
_05956_,8.32µm
_09533_,8.32µm
_10141_,8.32µm
_10914_,8.32µm
_10946_,8.32µm
_11596_,8.32µm
_11928_,8.32µm
_12328_,8.32µm
_12492_,8.32µm
_13104_,8.32µm
data_sram_u.mem\[0\]\[21\],8.32µm
_02481_,8.3µm
_07344_,8.3µm
_08463_,8.3µm
_09276_,8.3µm
_12319_,8.3µm
_01919_,8.28µm
_02185_,8.28µm
_02455_,8.28µm
_02680_,8.28µm
_04746_,8.28µm
_04977_,8.28µm
_05484_,8.28µm
_06375_,8.28µm
_06700_,8.28µm
_06872_,8.28µm
_07209_,8.28µm
_12169_,8.28µm
_12192_,8.28µm
_12722_,8.27µm
_04675_,8.26µm
_04970_,8.26µm
_07353_,8.26µm
_04281_,8.25µm
_00795_,8.24µm
_02646_,8.24µm
_02674_,8.24µm
_03268_,8.24µm
_03642_,8.24µm
_04315_,8.24µm
_05943_,8.24µm
_06759_,8.24µm
_07566_,8.24µm
_10348_,8.24µm
_12172_,8.24µm
data_sram_u.mem\[1\]\[31\],8.24µm
_00621_,8.22µm
_00809_,8.22µm
_03639_,8.22µm
_04550_,8.22µm
_06025_,8.22µm
_06927_,8.22µm
_07056_,8.22µm
_09083_,8.22µm
_12786_,8.22µm
data_sram_u.mem\[1\]\[18\],8.22µm
_04584_,8.215µm
_00734_,8.2µm
_02091_,8.2µm
_03344_,8.2µm
_03589_,8.2µm
_04431_,8.2µm
_05247_,8.2µm
_06105_,8.2µm
_06597_,8.2µm
_09396_,8.2µm
_10014_,8.2µm
_11917_,8.2µm
_12330_,8.2µm
_12340_,8.2µm
_08539_,8.195µm
_00718_,8.18µm
_00965_,8.18µm
_03944_,8.18µm
_05769_,8.18µm
_07044_,8.18µm
_08181_,8.18µm
_08497_,8.18µm
_00776_,8.16µm
_03165_,8.16µm
_03648_,8.16µm
_04994_,8.16µm
_10874_,8.16µm
_11488_,8.16µm
_11662_,8.16µm
_12720_,8.16µm
_09187_,8.155µm
_09240_,8.155µm
_06678_,8.15µm
_00513_,8.14µm
_03331_,8.14µm
_05449_,8.14µm
_06072_,8.14µm
_07462_,8.14µm
_07613_,8.14µm
_08903_,8.14µm
_10376_,8.14µm
_11014_,8.14µm
_11481_,8.14µm
_12368_,8.14µm
_12421_,8.14µm
_12614_,8.14µm
_10872_,8.13µm
_02191_,8.12µm
_02542_,8.12µm
_02991_,8.12µm
_03109_,8.12µm
_03305_,8.12µm
_03592_,8.12µm
_05999_,8.12µm
_08241_,8.12µm
_08926_,8.12µm
_10831_,8.12µm
_10908_,8.12µm
_12607_,8.12µm
_00647_,8.1µm
_01139_,8.1µm
_01948_,8.1µm
_02037_,8.1µm
_02965_,8.1µm
_03072_,8.1µm
_03133_,8.1µm
_03624_,8.1µm
_03636_,8.1µm
_03945_,8.1µm
_06659_,8.1µm
_06825_,8.1µm
_08663_,8.1µm
_08714_,8.1µm
_11366_,8.1µm
_11462_,8.1µm
_13026_,8.1µm
_13128_,8.1µm
_00620_,8.08µm
_03466_,8.08µm
_05505_,8.08µm
_07496_,8.08µm
_07670_,8.08µm
_07850_,8.08µm
_10795_,8.08µm
_09266_,8.065µm
_00515_,8.06µm
_00877_,8.06µm
_01880_,8.06µm
_02089_,8.06µm
_02880_,8.06µm
_03222_,8.06µm
_04238_,8.06µm
_04636_,8.06µm
_05189_,8.06µm
_05618_,8.06µm
_05648_,8.06µm
_05654_,8.06µm
_06506_,8.06µm
_08433_,8.06µm
_08521_,8.06µm
_09720_,8.06µm
_09913_,8.06µm
_11143_,8.06µm
_11424_,8.06µm
_12190_,8.06µm
_13072_,8.06µm
_07250_,8.045µm
_09680_,8.04µm
_10728_,8.04µm
_11450_,8.04µm
_11476_,8.04µm
_11704_,8.04µm
_10761_,8.03µm
_00543_,8.02µm
_02221_,8.02µm
_02224_,8.02µm
_03307_,8.02µm
_03721_,8.02µm
_03963_,8.02µm
_04894_,8.02µm
_06692_,8.02µm
_07956_,8.02µm
_08634_,8.02µm
_09304_,8.02µm
_09769_,8.02µm
_10060_,8.02µm
_11084_,8.02µm
_11690_,8.02µm
_11739_,8.02µm
_11962_,8.02µm
_12295_,8.02µm
_12537_,8.02µm
_12808_,8.02µm
_13238_,8.02µm
_02490_,8µm
_02510_,8µm
_03166_,8µm
_03757_,8µm
_04044_,8µm
_05064_,8µm
_07896_,8µm
_08675_,8µm
_10949_,8µm
_12331_,8µm
_11815_,7.985µm
_00838_,7.98µm
_01917_,7.98µm
_01968_,7.98µm
_02156_,7.98µm
_02222_,7.98µm
_02271_,7.98µm
_02326_,7.98µm
_02476_,7.98µm
_02893_,7.98µm
_03472_,7.98µm
_03643_,7.98µm
_03766_,7.98µm
_03848_,7.98µm
_03977_,7.98µm
_04765_,7.98µm
_05113_,7.98µm
_05122_,7.98µm
_05249_,7.98µm
_05422_,7.98µm
_06200_,7.98µm
_06419_,7.98µm
_06622_,7.98µm
_06969_,7.98µm
_07986_,7.98µm
_08219_,7.98µm
_08283_,7.98µm
_08895_,7.98µm
_09439_,7.98µm
_10774_,7.98µm
_10951_,7.98µm
_10953_,7.98µm
_11065_,7.98µm
_11103_,7.98µm
_11155_,7.98µm
_11240_,7.98µm
_11693_,7.98µm
_11967_,7.98µm
_12123_,7.98µm
_12879_,7.98µm
data_sram_u.mem\[2\]\[29\],7.98µm
data_sram_u.mem\[3\]\[23\],7.98µm
_03320_,7.96µm
_05757_,7.96µm
_06689_,7.96µm
_08293_,7.96µm
_08483_,7.96µm
_09445_,7.96µm
_02218_,7.94µm
_02254_,7.94µm
_02721_,7.94µm
_02825_,7.94µm
_03353_,7.94µm
_03371_,7.94µm
_03468_,7.94µm
_03678_,7.94µm
_03698_,7.94µm
_03979_,7.94µm
_04301_,7.94µm
_05218_,7.94µm
_05411_,7.94µm
_06093_,7.94µm
_06205_,7.94µm
_07043_,7.94µm
_08112_,7.94µm
_08265_,7.94µm
_10027_,7.94µm
_10182_,7.94µm
_10780_,7.94µm
_12101_,7.94µm
_12396_,7.94µm
_12827_,7.94µm
_13156_,7.94µm
_10117_,7.935µm
_03891_,7.92µm
_04996_,7.92µm
_05675_,7.92µm
_11994_,7.92µm
_05105_,7.91µm
_01893_,7.9µm
_02377_,7.9µm
_03194_,7.9µm
_03328_,7.9µm
_03604_,7.9µm
_04108_,7.9µm
_04373_,7.9µm
_05466_,7.9µm
_06113_,7.9µm
_06955_,7.9µm
_07291_,7.9µm
_12943_,7.9µm
_13280_,7.9µm
_08407_,7.895µm
_09532_,7.89µm
_02094_,7.88µm
_06931_,7.88µm
_06936_,7.88µm
_07973_,7.88µm
_08524_,7.88µm
_12130_,7.88µm
_12624_,7.88µm
_07961_,7.875µm
imem_data[9],7.87µm
_05631_,7.87µm
imem_data[11],7.87µm
imem_data[13],7.87µm
_01148_,7.86µm
_02450_,7.86µm
_02908_,7.86µm
_02986_,7.86µm
_02989_,7.86µm
_03068_,7.86µm
_03556_,7.86µm
_04038_,7.86µm
_04453_,7.86µm
_04875_,7.86µm
_05289_,7.86µm
_05353_,7.86µm
_05530_,7.86µm
_05661_,7.86µm
_05985_,7.86µm
_07082_,7.86µm
_08203_,7.86µm
_08478_,7.86µm
_09129_,7.86µm
_09411_,7.86µm
_09732_,7.86µm
_10797_,7.86µm
_10876_,7.86µm
_10919_,7.86µm
_11663_,7.86µm
_11925_,7.86µm
_12137_,7.86µm
_12428_,7.86µm
_12761_,7.86µm
_13339_,7.86µm
_07510_,7.855µm
_00187_,7.845µm
_03744_,7.84µm
_06890_,7.84µm
_06996_,7.84µm
_07513_,7.84µm
_09568_,7.84µm
imem_addr[17],7.83µm
_07170_,7.825µm
_00946_,7.82µm
_02166_,7.82µm
_05173_,7.82µm
_07843_,7.82µm
_09839_,7.82µm
_10039_,7.82µm
_11534_,7.82µm
_12307_,7.82µm
_13224_,7.82µm
data_sram_u.mem\[1\]\[16\],7.815µm
_00530_,7.805µm
_11973_,7.8µm
_00177_,7.78µm
_00704_,7.78µm
_00857_,7.78µm
_01046_,7.78µm
_02782_,7.78µm
_02879_,7.78µm
_02954_,7.78µm
_03997_,7.78µm
_04813_,7.78µm
_04995_,7.78µm
_05948_,7.78µm
_06859_,7.78µm
_06882_,7.78µm
_08834_,7.78µm
_10455_,7.78µm
_10800_,7.78µm
_11145_,7.78µm
_13197_,7.78µm
_09204_,7.775µm
_00486_,7.76µm
_00632_,7.76µm
_02506_,7.76µm
_04020_,7.76µm
_05830_,7.76µm
_06959_,7.76µm
_07360_,7.76µm
_07652_,7.76µm
_07913_,7.76µm
_08345_,7.76µm
_10331_,7.76µm
_10577_,7.76µm
_11818_,7.76µm
_13319_,7.76µm
_00482_,7.74µm
_01058_,7.74µm
_01744_,7.74µm
_03529_,7.74µm
_04914_,7.74µm
_05088_,7.74µm
_09430_,7.74µm
_09843_,7.74µm
_12040_,7.74µm
_12934_,7.74µm
_01700_,7.72µm
_01860_,7.72µm
_06441_,7.72µm
_06834_,7.72µm
_06906_,7.72µm
_09311_,7.72µm
_10936_,7.72µm
_11494_,7.72µm
_12065_,7.72µm
_05325_,7.71µm
_07160_,7.71µm
_01863_,7.7µm
_01973_,7.7µm
_05305_,7.7µm
_08121_,7.7µm
_09064_,7.7µm
_11414_,7.7µm
_02530_,7.68µm
_02534_,7.68µm
_04426_,7.68µm
_05469_,7.68µm
_07633_,7.68µm
_08147_,7.68µm
_09060_,7.68µm
_10411_,7.68µm
_11772_,7.68µm
_11964_,7.68µm
_12185_,7.68µm
_12602_,7.68µm
_13079_,7.68µm
_13229_,7.68µm
accelerator_u.AWADDR\[7\],7.68µm
_02147_,7.66µm
_02777_,7.66µm
_03888_,7.66µm
_04665_,7.66µm
_08611_,7.66µm
_08957_,7.66µm
_10181_,7.66µm
_10918_,7.66µm
_12994_,7.66µm
_10885_,7.645µm
_01944_,7.64µm
_02048_,7.64µm
_02357_,7.64µm
_02946_,7.64µm
_03118_,7.64µm
_03618_,7.64µm
_04053_,7.64µm
_05360_,7.64µm
_05712_,7.64µm
_05932_,7.64µm
_06584_,7.64µm
_07091_,7.64µm
_08049_,7.64µm
_08621_,7.64µm
_08647_,7.64µm
_10811_,7.64µm
_11328_,7.64µm
_11333_,7.64µm
_11397_,7.64µm
_11598_,7.64µm
_12124_,7.64µm
_12993_,7.64µm
_13326_,7.64µm
accelerator_u.step\[1\],7.64µm
_09270_,7.625µm
_00819_,7.62µm
_02081_,7.62µm
_03041_,7.62µm
_03147_,7.62µm
_04278_,7.62µm
_07651_,7.62µm
_07687_,7.62µm
_08228_,7.62µm
_10819_,7.62µm
_00949_,7.6µm
_01890_,7.6µm
_03675_,7.6µm
_04194_,7.6µm
_05108_,7.6µm
_05620_,7.6µm
_06223_,7.6µm
_08150_,7.6µm
_08966_,7.6µm
_08968_,7.6µm
_10562_,7.6µm
_11926_,7.6µm
_12605_,7.6µm
_02375_,7.58µm
_02425_,7.58µm
_08229_,7.58µm
_11557_,7.58µm
_04657_,7.57µm
_00958_,7.565µm
_02053_,7.56µm
_02454_,7.56µm
_02636_,7.56µm
_02689_,7.56µm
_02797_,7.56µm
_03270_,7.56µm
_03477_,7.56µm
_04249_,7.56µm
_04327_,7.56µm
_04573_,7.56µm
_04699_,7.56µm
_04912_,7.56µm
_05386_,7.56µm
_06266_,7.56µm
_07389_,7.56µm
_08466_,7.56µm
_09358_,7.56µm
_09993_,7.56µm
_10809_,7.56µm
_11486_,7.56µm
_11954_,7.56µm
_12453_,7.56µm
_09203_,7.545µm
_00558_,7.54µm
_00708_,7.54µm
_02229_,7.54µm
_02502_,7.54µm
_02642_,7.54µm
_02875_,7.54µm
_05229_,7.54µm
_06042_,7.54µm
_06045_,7.54µm
imem_data[8],7.53µm
imem_data[10],7.53µm
imem_data[12],7.53µm
_00758_,7.52µm
_02342_,7.52µm
_02814_,7.52µm
_03120_,7.52µm
_03377_,7.52µm
_03644_,7.52µm
_03763_,7.52µm
_04805_,7.52µm
_04918_,7.52µm
_05950_,7.52µm
_06059_,7.52µm
_06179_,7.52µm
_06438_,7.52µm
_07021_,7.52µm
_07278_,7.52µm
_09084_,7.52µm
_10862_,7.52µm
_11457_,7.52µm
_12255_,7.52µm
_12666_,7.52µm
_01033_,7.5µm
_02587_,7.5µm
_08093_,7.5µm
_09701_,7.5µm
_10247_,7.5µm
_13047_,7.5µm
_09227_,7.485µm
_02355_,7.48µm
_02416_,7.48µm
_03366_,7.48µm
_04898_,7.48µm
_05354_,7.48µm
_05515_,7.48µm
_05762_,7.48µm
_05817_,7.48µm
_09455_,7.48µm
_09585_,7.48µm
_10910_,7.48µm
_11458_,7.48µm
_11654_,7.48µm
_12866_,7.48µm
_12989_,7.48µm
_05388_,7.46µm
_09169_,7.46µm
_09592_,7.45µm
_04531_,7.445µm
_00573_,7.44µm
_00606_,7.44µm
_02044_,7.44µm
_02058_,7.44µm
_02069_,7.44µm
_02743_,7.44µm
_02945_,7.44µm
_03664_,7.44µm
_05670_,7.44µm
_06552_,7.44µm
_06696_,7.44µm
_07264_,7.44µm
_07279_,7.44µm
_08237_,7.44µm
_10901_,7.44µm
_11250_,7.44µm
_11355_,7.44µm
_12555_,7.44µm
_04341_,7.42µm
_04948_,7.42µm
_05154_,7.42µm
_05350_,7.42µm
_09579_,7.42µm
_12013_,7.42µm
_12360_,7.42µm
_01084_,7.4µm
_01859_,7.4µm
_01946_,7.4µm
_02029_,7.4µm
_02272_,7.4µm
_03671_,7.4µm
_03808_,7.4µm
_03866_,7.4µm
_04172_,7.4µm
_04306_,7.4µm
_05124_,7.4µm
_05450_,7.4µm
_05503_,7.4µm
_06003_,7.4µm
_08215_,7.4µm
_08951_,7.4µm
_10911_,7.4µm
_11369_,7.4µm
_11471_,7.4µm
_11803_,7.4µm
_11849_,7.4µm
_11916_,7.4µm
_12215_,7.4µm
_12493_,7.4µm
_12501_,7.4µm
_12562_,7.4µm
_12582_,7.4µm
_12947_,7.4µm
_00661_,7.38µm
_01861_,7.38µm
_07932_,7.38µm
_08440_,7.38µm
_09985_,7.38µm
_04637_,7.37µm
_08641_,7.36µm
_08972_,7.36µm
_04632_,7.34µm
_06361_,7.34µm
_10237_,7.34µm
_06598_,7.335µm
_04718_,7.33µm
_00478_,7.32µm
_01932_,7.32µm
_02120_,7.32µm
_03519_,7.32µm
_03532_,7.32µm
_05376_,7.32µm
_06755_,7.32µm
_07191_,7.32µm
_07663_,7.32µm
_08884_,7.32µm
_09727_,7.32µm
_10499_,7.32µm
_11008_,7.32µm
_03608_,7.31µm
_00575_,7.3µm
_00817_,7.3µm
_00966_,7.3µm
_01887_,7.3µm
_02458_,7.3µm
_02575_,7.3µm
_02735_,7.3µm
_05212_,7.3µm
_06435_,7.3µm
_07717_,7.3µm
_10445_,7.3µm
_12918_,7.3µm
_12254_,7.29µm
_02718_,7.28µm
_03051_,7.28µm
_03367_,7.28µm
_05042_,7.28µm
_05121_,7.28µm
_05828_,7.28µm
_06104_,7.28µm
_07171_,7.28µm
_09283_,7.28µm
_12198_,7.28µm
_12313_,7.28µm
_06521_,7.265µm
_00179_,7.26µm
_00499_,7.26µm
_00532_,7.26µm
_00630_,7.26µm
_00637_,7.26µm
_00821_,7.26µm
_06909_,7.26µm
_07355_,7.26µm
_08787_,7.26µm
_09453_,7.26µm
_12615_,7.26µm
_02589_,7.24µm
_05275_,7.24µm
_06400_,7.24µm
_06421_,7.24µm
_07705_,7.24µm
_08072_,7.24µm
_08190_,7.24µm
_11187_,7.24µm
_11198_,7.24µm
_12937_,7.24µm
_13081_,7.24µm
_13130_,7.24µm
_00764_,7.22µm
_00996_,7.22µm
_02595_,7.22µm
_02761_,7.22µm
_03490_,7.22µm
_04027_,7.22µm
_04397_,7.22µm
_05073_,7.22µm
_06627_,7.22µm
_06916_,7.22µm
_07140_,7.22µm
_07449_,7.22µm
_07786_,7.22µm
_08040_,7.22µm
_08094_,7.22µm
_08414_,7.22µm
_08459_,7.22µm
_08962_,7.22µm
_09400_,7.22µm
_10930_,7.22µm
_11935_,7.22µm
_04723_,7.21µm
_00548_,7.2µm
_01820_,7.2µm
_02433_,7.2µm
_03515_,7.2µm
_03593_,7.2µm
_03795_,7.2µm
_03896_,7.2µm
_04331_,7.2µm
_04447_,7.2µm
_04753_,7.2µm
_05062_,7.2µm
_05118_,7.2µm
_05566_,7.2µm
_06374_,7.2µm
_07834_,7.2µm
_08303_,7.2µm
_08473_,7.2µm
_10957_,7.2µm
_12147_,7.2µm
_02883_,7.195µm
_00684_,7.18µm
_02388_,7.18µm
_02788_,7.18µm
_03264_,7.18µm
_03311_,7.18µm
_03544_,7.18µm
_03583_,7.18µm
_04110_,7.18µm
_04644_,7.18µm
_04734_,7.18µm
_04871_,7.18µm
_05068_,7.18µm
_05115_,7.18µm
_05182_,7.18µm
_05934_,7.18µm
_08272_,7.18µm
_09370_,7.18µm
_09562_,7.18µm
_09753_,7.18µm
_11791_,7.18µm
_12182_,7.18µm
_12399_,7.18µm
_13285_,7.18µm
data_sram_u.mem\[3\]\[4\],7.18µm
_07132_,7.175µm
_01044_,7.16µm
_04568_,7.16µm
_05074_,7.16µm
_05664_,7.16µm
_07302_,7.16µm
_07620_,7.16µm
_07649_,7.16µm
_10390_,7.16µm
_10590_,7.16µm
_07617_,7.15µm
imem_addr[22],7.15µm
imem_addr[20],7.15µm
_12353_,7.15µm
imem_addr[16],7.15µm
_00737_,7.14µm
_00990_,7.14µm
_01805_,7.14µm
_01839_,7.14µm
_04740_,7.14µm
_05112_,7.14µm
_05579_,7.14µm
_06121_,7.14µm
_06445_,7.14µm
_07425_,7.14µm
_07971_,7.14µm
_08553_,7.14µm
_10112_,7.14µm
_10152_,7.14µm
_10168_,7.14µm
_11077_,7.14µm
_12349_,7.14µm
data_sram_u.mem\[2\]\[28\],7.135µm
_11063_,7.125µm
_04514_,7.12µm
_04611_,7.12µm
_05053_,7.12µm
_07907_,7.12µm
_08428_,7.12µm
_08672_,7.12µm
_12292_,7.11µm
_10958_,7.105µm
_02112_,7.1µm
_02149_,7.1µm
_02247_,7.1µm
_02462_,7.1µm
_02724_,7.1µm
_02890_,7.1µm
_03621_,7.1µm
_04989_,7.1µm
_05291_,7.1µm
_05398_,7.1µm
_05517_,7.1µm
_06129_,7.1µm
_06544_,7.1µm
_06599_,7.1µm
_08379_,7.1µm
_09118_,7.1µm
_10241_,7.1µm
_11321_,7.1µm
_11677_,7.1µm
_11911_,7.1µm
_11944_,7.1µm
_12594_,7.1µm
_13021_,7.1µm
_09154_,7.085µm
_09252_,7.085µm
_00761_,7.08µm
_04624_,7.08µm
_07234_,7.08µm
_08906_,7.08µm
_00878_,7.06µm
_01940_,7.06µm
_02124_,7.06µm
_02188_,7.06µm
_02190_,7.06µm
_02497_,7.06µm
_02957_,7.06µm
_03180_,7.06µm
_03263_,7.06µm
_03369_,7.06µm
_04538_,7.06µm
_04772_,7.06µm
_05072_,7.06µm
_05156_,7.06µm
_05232_,7.06µm
_05532_,7.06µm
_05739_,7.06µm
_06312_,7.06µm
_06340_,7.06µm
_06849_,7.06µm
_06923_,7.06µm
_06988_,7.06µm
_07282_,7.06µm
_07505_,7.06µm
_07876_,7.06µm
_08614_,7.06µm
_08971_,7.06µm
_09067_,7.06µm
_10842_,7.06µm
_10870_,7.06µm
_11276_,7.06µm
_11283_,7.06µm
_11812_,7.06µm
_12058_,7.06µm
_12401_,7.06µm
_12546_,7.06µm
_12550_,7.06µm
_12638_,7.06µm
_13092_,7.06µm
net398,7.06µm
_02005_,7.04µm
_03609_,7.04µm
_05805_,7.04µm
_07810_,7.04µm
_07975_,7.04µm
_08720_,7.04µm
_12785_,7.04µm
_13269_,7.04µm
_08480_,7.02µm
_00903_,7µm
_09184_,7µm
_09321_,7µm
_10527_,7µm
_12179_,7µm
_08158_,6.995µm
_11564_,6.99µm
_00470_,6.985µm
_00475_,6.98µm
_00673_,6.98µm
_00723_,6.98µm
_00806_,6.98µm
_01930_,6.98µm
_02387_,6.98µm
_03106_,6.98µm
_03889_,6.98µm
_04215_,6.98µm
_04735_,6.98µm
_05099_,6.98µm
_05529_,6.98µm
_05824_,6.98µm
_05845_,6.98µm
_05946_,6.98µm
_06826_,6.98µm
_07108_,6.98µm
_07161_,6.98µm
_07177_,6.98µm
_07181_,6.98µm
_07321_,6.98µm
_11171_,6.98µm
_12118_,6.98µm
_13267_,6.98µm
_09208_,6.965µm
_02128_,6.96µm
_02984_,6.96µm
_04954_,6.96µm
_05864_,6.96µm
_08173_,6.96µm
_09554_,6.96µm
_01781_,6.94µm
_02038_,6.94µm
_02080_,6.94µm
_02114_,6.94µm
_02897_,6.94µm
_02921_,6.94µm
_03988_,6.94µm
_04026_,6.94µm
_04041_,6.94µm
_04663_,6.94µm
_04800_,6.94µm
_05070_,6.94µm
_05228_,6.94µm
_05355_,6.94µm
_06109_,6.94µm
_08393_,6.94µm
_08909_,6.94µm
_09193_,6.94µm
_12072_,6.94µm
_12885_,6.94µm
_13006_,6.94µm
_13038_,6.94µm
_01154_,6.92µm
_02820_,6.92µm
_05589_,6.92µm
_06234_,6.92µm
_07050_,6.92µm
_08380_,6.92µm
_00576_,6.905µm
_07949_,6.905µm
_09231_,6.905µm
_02959_,6.9µm
_03303_,6.9µm
_03512_,6.9µm
_10223_,6.9µm
_13085_,6.9µm
_09170_,6.885µm
_09180_,6.885µm
_09230_,6.885µm
_09269_,6.885µm
_02322_,6.88µm
_02578_,6.88µm
_04814_,6.88µm
_05267_,6.88µm
_12304_,6.88µm
_12868_,6.87µm
_00591_,6.86µm
_00711_,6.86µm
_01926_,6.86µm
_02448_,6.86µm
_02773_,6.86µm
_04001_,6.86µm
_04645_,6.86µm
_04854_,6.86µm
_05261_,6.86µm
_05949_,6.86µm
_07312_,6.86µm
_07674_,6.86µm
_09695_,6.86µm
_10416_,6.86µm
_10516_,6.86µm
_11827_,6.86µm
_12076_,6.86µm
_12266_,6.86µm
_12659_,6.86µm
accelerator_u.array_inst.acc\[14\]\[18\],6.86µm
data_sram_u.mem\[1\]\[25\],6.86µm
_00188_,6.84µm
_00629_,6.84µm
_00981_,6.84µm
_01035_,6.84µm
_03083_,6.84µm
_03092_,6.84µm
_07266_,6.84µm
_07388_,6.84µm
_09683_,6.84µm
_10561_,6.84µm
_11038_,6.84µm
_02067_,6.82µm
_02492_,6.82µm
_02526_,6.82µm
_02941_,6.82µm
_05700_,6.82µm
_05763_,6.82µm
_07948_,6.82µm
_08154_,6.82µm
_08585_,6.82µm
_09052_,6.82µm
_09388_,6.82µm
_10834_,6.82µm
_11712_,6.82µm
_12530_,6.82µm
_12903_,6.82µm
_04195_,6.81µm
_03178_,6.8µm
_05456_,6.79µm
_07551_,6.79µm
_12273_,6.79µm
_07246_,6.785µm
_02739_,6.78µm
_04226_,6.78µm
_04660_,6.78µm
_06449_,6.78µm
_06450_,6.78µm
_07392_,6.78µm
_09955_,6.78µm
_10057_,6.78µm
_10344_,6.78µm
_11528_,6.78µm
_11613_,6.78µm
_11700_,6.78µm
_13089_,6.78µm
_09726_,6.77µm
_00562_,6.76µm
_00760_,6.76µm
_00944_,6.76µm
_00956_,6.76µm
_03761_,6.76µm
_05598_,6.76µm
_07151_,6.76µm
_07609_,6.76µm
_08597_,6.76µm
_08811_,6.76µm
_10978_,6.76µm
_11358_,6.76µm
_11592_,6.76µm
_07552_,6.745µm
_02060_,6.74µm
_02110_,6.74µm
_02174_,6.74µm
_02409_,6.74µm
_03033_,6.74µm
_03247_,6.74µm
_03382_,6.74µm
_03584_,6.74µm
_05033_,6.74µm
_05265_,6.74µm
_05298_,6.74µm
_05542_,6.74µm
_05655_,6.74µm
_05897_,6.74µm
_05924_,6.74µm
_06052_,6.74µm
_08613_,6.74µm
_08721_,6.74µm
_08871_,6.74µm
_10034_,6.74µm
_12528_,6.74µm
_00208_,6.72µm
_00561_,6.72µm
_00879_,6.72µm
_01164_,6.72µm
_01892_,6.72µm
_02258_,6.72µm
_02442_,6.72µm
_02702_,6.72µm
_02895_,6.72µm
_03052_,6.72µm
_03929_,6.72µm
_05465_,6.72µm
_05611_,6.72µm
_05721_,6.72µm
_05808_,6.72µm
_05816_,6.72µm
_05979_,6.72µm
_06623_,6.72µm
_07461_,6.72µm
_07994_,6.72µm
_08139_,6.72µm
_08533_,6.72µm
_08628_,6.72µm
_08687_,6.72µm
_09293_,6.72µm
_10686_,6.72µm
_11680_,6.72µm
_11765_,6.72µm
_12504_,6.72µm
_12544_,6.72µm
_05659_,6.7µm
_05888_,6.7µm
_07265_,6.7µm
_07424_,6.7µm
_10384_,6.7µm
_10425_,6.7µm
_09126_,6.685µm
_12296_,6.67µm
_12559_,6.66µm
_00601_,6.64µm
_00855_,6.64µm
_01995_,6.64µm
_04583_,6.64µm
_04689_,6.64µm
_05158_,6.64µm
_05283_,6.64µm
_05854_,6.64µm
_06302_,6.64µm
_06919_,6.64µm
_08081_,6.64µm
_08359_,6.64µm
_10810_,6.64µm
_11445_,6.64µm
_11622_,6.64µm
_11834_,6.64µm
_12071_,6.64µm
_13119_,6.64µm
_13260_,6.64µm
master_u.busy_reg,6.64µm
_09265_,6.625µm
_00669_,6.62µm
_00696_,6.62µm
_02121_,6.62µm
_06867_,6.62µm
_07306_,6.62µm
_08513_,6.62µm
_10431_,6.62µm
_10851_,6.62µm
_04617_,6.615µm
_07639_,6.605µm
_10996_,6.605µm
_00480_,6.6µm
_00589_,6.6µm
_00676_,6.6µm
_00860_,6.6µm
_00986_,6.6µm
_01819_,6.6µm
_02141_,6.6µm
_02772_,6.6µm
_03179_,6.6µm
_03428_,6.6µm
_04103_,6.6µm
_04527_,6.6µm
_04816_,6.6µm
_04904_,6.6µm
_04950_,6.6µm
_05262_,6.6µm
_05629_,6.6µm
_05859_,6.6µm
_06035_,6.6µm
_06723_,6.6µm
_06976_,6.6µm
_07134_,6.6µm
_07567_,6.6µm
_08388_,6.6µm
_08404_,6.6µm
_08827_,6.6µm
_10954_,6.6µm
_11337_,6.6µm
_11420_,6.6µm
_11431_,6.6µm
_11485_,6.6µm
_11682_,6.6µm
_11919_,6.6µm
_12006_,6.6µm
_12534_,6.6µm
_12601_,6.6µm
_13077_,6.6µm
_03190_,6.58µm
_05452_,6.58µm
_06211_,6.58µm
_07081_,6.58µm
_10213_,6.58µm
_10287_,6.58µm
_12126_,6.58µm
_09137_,6.56µm
_09150_,6.56µm
_09152_,6.56µm
data_sram_u.mem\[2\]\[30\],6.56µm
_03827_,6.55µm
_00623_,6.545µm
_00931_,6.545µm
_04790_,6.54µm
_05222_,6.54µm
_12056_,6.54µm
_01001_,6.525µm
_00604_,6.52µm
_02363_,6.52µm
_02809_,6.52µm
_02922_,6.52µm
_03168_,6.52µm
_03433_,6.52µm
_03500_,6.52µm
_03833_,6.52µm
_04070_,6.52µm
_04458_,6.52µm
_04673_,6.52µm
_04797_,6.52µm
_05143_,6.52µm
_05245_,6.52µm
_05297_,6.52µm
_05454_,6.52µm
_05596_,6.52µm
_07295_,6.52µm
_08172_,6.52µm
_08631_,6.52µm
_09706_,6.52µm
_09797_,6.52µm
_10528_,6.52µm
_10833_,6.52µm
_10945_,6.52µm
_11139_,6.52µm
_11984_,6.52µm
_12092_,6.52µm
_12149_,6.52µm
_12580_,6.52µm
data_sram_u.mem\[3\]\[13\],6.52µm
_12591_,6.51µm
_05254_,6.505µm
_02022_,6.5µm
_02723_,6.5µm
_03228_,6.5µm
_03630_,6.5µm
_03839_,6.5µm
_05205_,6.5µm
_06397_,6.5µm
_08686_,6.5µm
_11263_,6.5µm
_09232_,6.495µm
_03415_,6.485µm
_00766_,6.48µm
_00927_,6.48µm
_01086_,6.48µm
_02158_,6.48µm
_02206_,6.48µm
_02317_,6.48µm
_02688_,6.48µm
_02996_,6.48µm
_03074_,6.48µm
_03894_,6.48µm
_04018_,6.48µm
_04203_,6.48µm
_04484_,6.48µm
_04835_,6.48µm
_05444_,6.48µm
_05738_,6.48µm
_06426_,6.48µm
_09744_,6.48µm
_10989_,6.48µm
_11106_,6.48µm
_11399_,6.48µm
_11502_,6.48µm
_11520_,6.48µm
_11831_,6.48µm
_12829_,6.48µm
_13063_,6.48µm
_13233_,6.48µm
_13320_,6.48µm
_00772_,6.46µm
_09805_,6.46µm
_11721_,6.46µm
_10374_,6.455µm
_12193_,6.455µm
_00816_,6.44µm
_06085_,6.44µm
_08861_,6.44µm
_09550_,6.44µm
_09705_,6.44µm
_01007_,6.425µm
_00672_,6.42µm
_00915_,6.42µm
_01151_,6.42µm
_04945_,6.42µm
_07458_,6.42µm
_07645_,6.42µm
_08655_,6.42µm
_10265_,6.42µm
_11197_,6.42µm
_09195_,6.415µm
_02485_,6.41µm
_03443_,6.41µm
_10340_,6.41µm
_10478_,6.41µm
_00001_,6.4µm
_00191_,6.4µm
_00516_,6.4µm
_00662_,6.4µm
_00735_,6.4µm
_02588_,6.4µm
_02917_,6.4µm
_03071_,6.4µm
_03094_,6.4µm
_03287_,6.4µm
_03450_,6.4µm
_03558_,6.4µm
_04165_,6.4µm
_04365_,6.4µm
_04391_,6.4µm
_05962_,6.4µm
_06350_,6.4µm
_06884_,6.4µm
_06891_,6.4µm
_07255_,6.4µm
_07270_,6.4µm
_07653_,6.4µm
_09086_,6.4µm
_09325_,6.4µm
_10948_,6.4µm
_11823_,6.4µm
_12577_,6.4µm
_09166_,6.395µm
_00501_,6.38µm
_00650_,6.38µm
_00694_,6.38µm
_00721_,6.38µm
_00834_,6.38µm
_00853_,6.38µm
_00929_,6.38µm
_01037_,6.38µm
_01080_,6.38µm
_01144_,6.38µm
_01793_,6.38µm
_04119_,6.38µm
_04317_,6.38µm
_06189_,6.38µm
_06443_,6.38µm
_07113_,6.38µm
_07222_,6.38µm
_07514_,6.38µm
_08302_,6.38µm
_08382_,6.38µm
_10378_,6.38µm
_10458_,6.38µm
_09164_,6.375µm
_00197_,6.36µm
_02597_,6.36µm
_02944_,6.36µm
_03650_,6.36µm
_03879_,6.36µm
_04148_,6.36µm
_04385_,6.36µm
_08732_,6.36µm
_09981_,6.36µm
_11335_,6.36µm
_11419_,6.36µm
_12744_,6.36µm
_07679_,6.345µm
_10557_,6.345µm
_00706_,6.335µm
_04682_,6.33µm
_09065_,6.325µm
_00909_,6.32µm
_01030_,6.32µm
_01830_,6.32µm
_02134_,6.32µm
_04178_,6.32µm
_05132_,6.32µm
_05819_,6.32µm
_08082_,6.32µm
_09639_,6.32µm
_09691_,6.32µm
_10477_,6.32µm
_10565_,6.32µm
_10828_,6.32µm
_12887_,6.32µm
_09185_,6.305µm
_09214_,6.305µm
_00592_,6.3µm
_00720_,6.3µm
_00759_,6.3µm
_00836_,6.3µm
_00840_,6.3µm
_00891_,6.3µm
_00893_,6.3µm
_01078_,6.3µm
_02200_,6.3µm
_02234_,6.3µm
_02565_,6.3µm
_02719_,6.3µm
_03107_,6.3µm
_03174_,6.3µm
_03448_,6.3µm
_03764_,6.3µm
_04248_,6.3µm
_04845_,6.3µm
_04956_,6.3µm
_05285_,6.3µm
_05338_,6.3µm
_07289_,6.3µm
_07331_,6.3µm
_07637_,6.3µm
_10103_,6.3µm
_10537_,6.3µm
_10822_,6.3µm
_10891_,6.3µm
_11746_,6.3µm
_11864_,6.3µm
_11953_,6.3µm
_10917_,6.285µm
_02480_,6.28µm
_03463_,6.28µm
_04437_,6.28µm
_05058_,6.28µm
_05339_,6.28µm
_08629_,6.28µm
_10084_,6.28µm
_10902_,6.28µm
_12815_,6.28µm
_12950_,6.28µm
_12992_,6.28µm
_00823_,6.26µm
_01050_,6.26µm
_01091_,6.26µm
_01168_,6.26µm
_02117_,6.26µm
_03035_,6.26µm
_03565_,6.26µm
_04093_,6.26µm
_04196_,6.26µm
_06090_,6.26µm
_06273_,6.26µm
_06431_,6.26µm
_06434_,6.26µm
_06712_,6.26µm
_06895_,6.26µm
_07101_,6.26µm
_07763_,6.26µm
_09422_,6.26µm
_09476_,6.26µm
_09535_,6.26µm
_11306_,6.26µm
_11807_,6.26µm
_12081_,6.26µm
_12099_,6.26µm
_12239_,6.26µm
_12431_,6.26µm
_12564_,6.26µm
_12798_,6.26µm
_09146_,6.255µm
_05720_,6.24µm
_07509_,6.24µm
_07512_,6.24µm
_07518_,6.24µm
_10513_,6.24µm
_03026_,6.23µm
_00959_,6.225µm
_09128_,6.225µm
_06590_,6.215µm
_06901_,6.215µm
_10559_,6.215µm
_04633_,6.21µm
_03093_,6.2µm
_06572_,6.2µm
_08648_,6.2µm
_09332_,6.2µm
_11294_,6.19µm
_01896_,6.18µm
_02911_,6.18µm
_04959_,6.18µm
_05820_,6.18µm
_06203_,6.18µm
_07974_,6.18µm
_08208_,6.18µm
_08508_,6.18µm
_08593_,6.18µm
_08898_,6.18µm
_09431_,6.18µm
_10737_,6.18µm
_11158_,6.18µm
_11434_,6.18µm
_11802_,6.18µm
_12573_,6.18µm
_13116_,6.18µm
_00964_,6.16µm
_01048_,6.16µm
_02482_,6.16µm
_03870_,6.16µm
_04899_,6.16µm
_05148_,6.16µm
_05835_,6.16µm
_07503_,6.16µm
_07557_,6.16µm
_10341_,6.16µm
_10904_,6.16µm
_06595_,6.145µm
_09222_,6.145µm
_00733_,6.14µm
_00995_,6.14µm
_01141_,6.14µm
_02516_,6.14µm
_03116_,6.14µm
_03427_,6.14µm
_03496_,6.14µm
_03653_,6.14µm
_03832_,6.14µm
_04015_,6.14µm
_04985_,6.14µm
_05405_,6.14µm
_05647_,6.14µm
_05872_,6.14µm
_07943_,6.14µm
_08703_,6.14µm
_09296_,6.14µm
_10931_,6.14µm
_11180_,6.14µm
_11697_,6.14µm
_11824_,6.14µm
_11884_,6.14µm
_12069_,6.14µm
_12315_,6.14µm
_12361_,6.14µm
_13274_,6.14µm
_09153_,6.135µm
_09194_,6.135µm
_05963_,6.12µm
_08451_,6.12µm
_10191_,6.12µm
_09216_,6.105µm
_03249_,6.08µm
_10730_,6.08µm
_09483_,6.07µm
_13125_,6.07µm
_00574_,6.06µm
_00847_,6.06µm
_01150_,6.06µm
_01802_,6.06µm
_01957_,6.06µm
_03095_,6.06µm
_03469_,6.06µm
_03859_,6.06µm
_03892_,6.06µm
_04852_,6.06µm
_05057_,6.06µm
_05204_,6.06µm
_05570_,6.06µm
_05771_,6.06µm
_05921_,6.06µm
_05957_,6.06µm
_05960_,6.06µm
_06100_,6.06µm
_06418_,6.06µm
_06758_,6.06µm
_07144_,6.06µm
_07257_,6.06µm
_07327_,6.06µm
_09498_,6.06µm
_09537_,6.06µm
_09558_,6.06µm
_10404_,6.06µm
_10991_,6.06µm
_11362_,6.06µm
_11872_,6.06µm
_12382_,6.06µm
_09177_,6.045µm
_03927_,6.04µm
_04163_,6.04µm
_06053_,6.04µm
_06750_,6.04µm
_04864_,6.03µm
_01784_,6.02µm
_02637_,6.02µm
_03759_,6.02µm
_04801_,6.02µm
_05081_,6.02µm
_05809_,6.02µm
_05947_,6.02µm
_06069_,6.02µm
_06070_,6.02µm
_06125_,6.02µm
_06486_,6.02µm
_06720_,6.02µm
_07441_,6.02µm
_09646_,6.02µm
_09658_,6.02µm
_10175_,6.02µm
_10705_,6.02µm
_10844_,6.02µm
_11021_,6.02µm
_11583_,6.02µm
_12075_,6.02µm
_12851_,6.02µm
_12910_,6.02µm
_12944_,6.02µm
_13272_,6.02µm
_00936_,6µm
_04104_,5.98µm
_09337_,5.98µm
_11042_,5.98µm
_11246_,5.98µm
_12007_,5.98µm
_12652_,5.98µm
data_sram_u.mem\[0\]\[31\],5.975µm
_09219_,5.97µm
_01011_,5.96µm
_02293_,5.96µm
_02800_,5.96µm
_06323_,5.96µm
_09912_,5.96µm
_12154_,5.96µm
_12183_,5.96µm
_12862_,5.96µm
_05936_,5.95µm
_12802_,5.95µm
_00940_,5.94µm
_01036_,5.94µm
_01061_,5.94µm
_01994_,5.94µm
_02106_,5.94µm
_02135_,5.94µm
_03002_,5.94µm
_03046_,5.94µm
_03445_,5.94µm
_03722_,5.94µm
_04360_,5.94µm
_04540_,5.94µm
_04869_,5.94µm
_05040_,5.94µm
_05060_,5.94µm
_05220_,5.94µm
_06050_,5.94µm
_06841_,5.94µm
_07229_,5.94µm
_07588_,5.94µm
_07672_,5.94µm
_08405_,5.94µm
_08743_,5.94µm
_10150_,5.94µm
_10205_,5.94µm
_10337_,5.94µm
_10432_,5.94µm
_10440_,5.94µm
_10498_,5.94µm
_10843_,5.94µm
_11053_,5.94µm
_11836_,5.94µm
_07610_,5.925µm
_10334_,5.925µm
_00731_,5.92µm
_00907_,5.92µm
_03505_,5.92µm
_04543_,5.92µm
_06757_,5.92µm
_07267_,5.92µm
_07376_,5.92µm
_07537_,5.92µm
_07584_,5.92µm
_08886_,5.92µm
_10503_,5.92µm
_10568_,5.92µm
_10702_,5.92µm
_11338_,5.92µm
_09015_,5.91µm
_02412_,5.9µm
_03149_,5.9µm
_05056_,5.9µm
_07254_,5.9µm
_12477_,5.9µm
_10392_,5.885µm
_08207_,5.88µm
_03105_,5.87µm
_10417_,5.87µm
_00578_,5.86µm
_00751_,5.86µm
_00774_,5.86µm
_01145_,5.86µm
_02468_,5.86µm
_03688_,5.86µm
_03729_,5.86µm
_04171_,5.86µm
_04187_,5.86µm
_05324_,5.86µm
_06685_,5.86µm
_07030_,5.86µm
_11709_,5.86µm
_00613_,5.84µm
_00644_,5.84µm
_00941_,5.84µm
_01823_,5.84µm
_02046_,5.84µm
_02431_,5.84µm
_02994_,5.84µm
_03902_,5.84µm
_04118_,5.84µm
_04344_,5.84µm
_05183_,5.84µm
_05201_,5.84µm
_05440_,5.84µm
_06028_,5.84µm
_06204_,5.84µm
_06777_,5.84µm
_07263_,5.84µm
_07317_,5.84µm
_07605_,5.84µm
_07814_,5.84µm
_10163_,5.84µm
_10463_,5.84µm
_10483_,5.84µm
_12964_,5.84µm
_07074_,5.83µm
_02260_,5.82µm
_02463_,5.82µm
_02536_,5.82µm
_02998_,5.82µm
_03550_,5.82µm
_03760_,5.82µm
_04334_,5.82µm
_07155_,5.82µm
_07906_,5.82µm
_08456_,5.82µm
_08605_,5.82µm
_09319_,5.82µm
_10004_,5.82µm
_11869_,5.82µm
_12176_,5.82µm
_09140_,5.815µm
_09212_,5.805µm
_01014_,5.8µm
_01981_,5.8µm
_02074_,5.8µm
_03059_,5.8µm
_03162_,5.8µm
_03493_,5.8µm
_03880_,5.8µm
_04364_,5.8µm
_04485_,5.8µm
_05159_,5.8µm
_05621_,5.8µm
_06032_,5.8µm
_07208_,5.8µm
_07700_,5.8µm
_07762_,5.8µm
_08184_,5.8µm
_08255_,5.8µm
_08681_,5.8µm
_08684_,5.8µm
_10731_,5.8µm
_10755_,5.8µm
_11801_,5.8µm
_12153_,5.8µm
_12377_,5.8µm
_12816_,5.8µm
_12995_,5.8µm
_13171_,5.8µm
_10790_,5.79µm
_07158_,5.78µm
_07628_,5.78µm
_10368_,5.78µm
_10550_,5.78µm
_09211_,5.765µm
_09260_,5.765µm
_03230_,5.74µm
_03711_,5.74µm
_08056_,5.74µm
_08465_,5.74µm
_08482_,5.74µm
_09406_,5.74µm
_10046_,5.74µm
_13192_,5.74µm
_02162_,5.72µm
_02547_,5.72µm
_02904_,5.72µm
_02930_,5.72µm
_02936_,5.72µm
_02943_,5.72µm
_03217_,5.72µm
_03617_,5.72µm
_04461_,5.72µm
_04598_,5.72µm
_04779_,5.72µm
_04830_,5.72µm
_05789_,5.72µm
_05791_,5.72µm
_05910_,5.72µm
_05996_,5.72µm
_06071_,5.72µm
_06332_,5.72µm
_06518_,5.72µm
_06677_,5.72µm
_07952_,5.72µm
_08007_,5.72µm
_08028_,5.72µm
_08031_,5.72µm
_08492_,5.72µm
_09627_,5.72µm
_09879_,5.72µm
_10273_,5.72µm
_10746_,5.72µm
_10768_,5.72µm
_10912_,5.72µm
_10965_,5.72µm
_11069_,5.72µm
_11184_,5.72µm
_11852_,5.72µm
_12054_,5.72µm
_12055_,5.72µm
_12146_,5.72µm
_12384_,5.72µm
_12452_,5.72µm
_12824_,5.72µm
_12922_,5.72µm
_13291_,5.72µm
_07549_,5.71µm
_10383_,5.71µm
_10454_,5.71µm
_00698_,5.7µm
_00727_,5.7µm
_02813_,5.7µm
_03195_,5.7µm
_03453_,5.7µm
_03681_,5.7µm
_08437_,5.7µm
_08969_,5.7µm
_11580_,5.7µm
_12087_,5.7µm
_00546_,5.68µm
_00584_,5.68µm
_01040_,5.68µm
_01998_,5.68µm
_01999_,5.68µm
_02062_,5.68µm
_02148_,5.68µm
_02518_,5.68µm
_02916_,5.68µm
_03104_,5.68µm
_03285_,5.68µm
_03342_,5.68µm
_03454_,5.68µm
_03815_,5.68µm
_03847_,5.68µm
_03951_,5.68µm
_04048_,5.68µm
_04072_,5.68µm
_04206_,5.68µm
_04653_,5.68µm
_04749_,5.68µm
_05114_,5.68µm
_05198_,5.68µm
_05496_,5.68µm
_05779_,5.68µm
_05836_,5.68µm
_06781_,5.68µm
_07100_,5.68µm
_08213_,5.68µm
_09414_,5.68µm
_09887_,5.68µm
_10985_,5.68µm
_11251_,5.68µm
_11421_,5.68µm
_11429_,5.68µm
_11958_,5.68µm
_11991_,5.68µm
_12311_,5.68µm
_12389_,5.68µm
_12626_,5.68µm
_12920_,5.68µm
_02138_,5.65µm
_09245_,5.635µm
_03797_,5.61µm
_00527_,5.6µm
_00712_,5.6µm
_00830_,5.6µm
_01022_,5.6µm
_01166_,5.6µm
_02054_,5.6µm
_02059_,5.6µm
_02253_,5.6µm
_02553_,5.6µm
_02626_,5.6µm
_02650_,5.6µm
_03115_,5.6µm
_03440_,5.6µm
_05837_,5.6µm
_06067_,5.6µm
_06809_,5.6µm
_06910_,5.6µm
_07332_,5.6µm
_07571_,5.6µm
_07997_,5.6µm
_08062_,5.6µm
_10465_,5.6µm
_10684_,5.6µm
_12119_,5.6µm
_12135_,5.6µm
_12502_,5.6µm
_12532_,5.6µm
_12984_,5.6µm
_13159_,5.6µm
_02794_,5.58µm
_04366_,5.58µm
_06246_,5.58µm
_06940_,5.58µm
_08164_,5.58µm
_00788_,5.56µm
_02032_,5.56µm
_02713_,5.56µm
_02885_,5.56µm
_04674_,5.56µm
_05082_,5.56µm
_06088_,5.56µm
_06524_,5.56µm
_08491_,5.56µm
_08794_,5.56µm
_09094_,5.56µm
_09365_,5.56µm
_11842_,5.56µm
_12500_,5.56µm
_13160_,5.56µm
_07015_,5.555µm
_09143_,5.555µm
_13313_,5.53µm
_07477_,5.525µm
_02847_,5.52µm
_04347_,5.52µm
_04433_,5.52µm
_04747_,5.52µm
_05582_,5.52µm
_06310_,5.52µm
_07019_,5.52µm
_11081_,5.52µm
_11707_,5.52µm
_13193_,5.52µm
_09133_,5.505µm
_09148_,5.505µm
_02008_,5.5µm
_05237_,5.5µm
_08625_,5.5µm
_09742_,5.5µm
_09754_,5.5µm
_11097_,5.5µm
data_sram_u.mem\[1\]\[1\],5.485µm
_00743_,5.48µm
_00852_,5.48µm
_02401_,5.48µm
_02422_,5.48µm
_02972_,5.48µm
_03169_,5.48µm
_03439_,5.48µm
_04059_,5.48µm
_05075_,5.48µm
_05358_,5.48µm
_05471_,5.48µm
_06079_,5.48µm
_06135_,5.48µm
_07235_,5.48µm
_07446_,5.48µm
_07695_,5.48µm
_07712_,5.48µm
_08163_,5.48µm
_08320_,5.48µm
_08740_,5.48µm
_09584_,5.48µm
_10246_,5.48µm
_10357_,5.48µm
_10514_,5.48µm
_10536_,5.48µm
_10569_,5.48µm
_12068_,5.48µm
_12463_,5.48µm
_12554_,5.48µm
_13245_,5.48µm
_00593_,5.46µm
_00666_,5.46µm
_00904_,5.46µm
_00938_,5.46µm
_00979_,5.46µm
_04974_,5.46µm
_05690_,5.46µm
_06992_,5.46µm
_07196_,5.46µm
_07341_,5.46µm
_07432_,5.46µm
_07593_,5.46µm
_07604_,5.46µm
_07606_,5.46µm
_07934_,5.46µm
_09100_,5.46µm
_09355_,5.46µm
_10396_,5.46µm
_11645_,5.46µm
_00528_,5.445µm
_05126_,5.44µm
_11411_,5.44µm
_10542_,5.435µm
_11416_,5.425µm
_04589_,5.41µm
_07582_,5.41µm
_00887_,5.4µm
_01158_,5.4µm
_02495_,5.4µm
_03603_,5.4µm
_03686_,5.4µm
_04759_,5.4µm
_05332_,5.4µm
_09309_,5.4µm
_09357_,5.4µm
_11623_,5.4µm
_11625_,5.4µm
_11937_,5.4µm
_13107_,5.4µm
_09155_,5.385µm
_00551_,5.38µm
_00634_,5.38µm
_00640_,5.38µm
_00677_,5.38µm
_00773_,5.38µm
_00794_,5.38µm
_00818_,5.38µm
_00839_,5.38µm
_00888_,5.38µm
_00997_,5.38µm
_01003_,5.38µm
_01064_,5.38µm
_02441_,5.38µm
_03032_,5.38µm
_03525_,5.38µm
_04182_,5.38µm
_04748_,5.38µm
_05481_,5.38µm
_05640_,5.38µm
_05701_,5.38µm
_06448_,5.38µm
_07253_,5.38µm
_07301_,5.38µm
_07375_,5.38µm
_07519_,5.38µm
_07561_,5.38µm
_08387_,5.38µm
_08824_,5.38µm
_09469_,5.38µm
_09997_,5.38µm
_09173_,5.365µm
_00184_,5.36µm
_00869_,5.36µm
_03267_,5.36µm
_03406_,5.36µm
_03595_,5.36µm
_03740_,5.36µm
_05226_,5.36µm
_05908_,5.36µm
_06049_,5.36µm
_07053_,5.36µm
_07242_,5.36µm
_07807_,5.36µm
_08212_,5.36µm
_08267_,5.36µm
_08394_,5.36µm
_08556_,5.36µm
_09802_,5.36µm
_11511_,5.36µm
_12592_,5.36µm
_12830_,5.36µm
_00782_,5.34µm
_00824_,5.34µm
_01107_,5.34µm
_02380_,5.34µm
_02898_,5.34µm
_02948_,5.34µm
_03404_,5.34µm
_03770_,5.34µm
_04064_,5.34µm
_05004_,5.34µm
_06439_,5.34µm
_06754_,5.34µm
_07034_,5.34µm
_07351_,5.34µm
_07358_,5.34µm
_08502_,5.34µm
_08540_,5.34µm
_09049_,5.34µm
_09573_,5.34µm
_09974_,5.34µm
_10667_,5.34µm
_11329_,5.34µm
_11535_,5.34µm
_11558_,5.34µm
_11629_,5.34µm
_11637_,5.34µm
_11706_,5.34µm
_12416_,5.34µm
_13036_,5.34µm
_03001_,5.32µm
_05485_,5.31µm
_12115_,5.305µm
_10035_,5.295µm
_05087_,5.29µm
_01967_,5.28µm
_03272_,5.28µm
_03900_,5.28µm
_07954_,5.28µm
_07999_,5.28µm
_08050_,5.28µm
_08438_,5.28µm
_10863_,5.28µm
_11160_,5.28µm
_12568_,5.28µm
_10606_,5.27µm
_01081_,5.26µm
_01929_,5.26µm
_02108_,5.26µm
_02668_,5.26µm
_02964_,5.26µm
_03254_,5.26µm
_03587_,5.26µm
_03701_,5.26µm
_03874_,5.26µm
_04803_,5.26µm
_04844_,5.26µm
_05079_,5.26µm
_05728_,5.26µm
_05730_,5.26µm
_06020_,5.26µm
_06119_,5.26µm
_06158_,5.26µm
_06935_,5.26µm
_07480_,5.26µm
_07696_,5.26µm
_07721_,5.26µm
_07789_,5.26µm
_07995_,5.26µm
_08415_,5.26µm
_08649_,5.26µm
_10220_,5.26µm
_11076_,5.26µm
_11334_,5.26µm
_11466_,5.26µm
_11529_,5.26µm
_11543_,5.26µm
_12060_,5.26µm
_13167_,5.26µm
_13317_,5.26µm
_00566_,5.24µm
_01124_,5.24µm
_02963_,5.24µm
_06074_,5.24µm
_08747_,5.24µm
_09328_,5.24µm
_12297_,5.24µm
_07453_,5.225µm
_00004_,5.22µm
_00728_,5.22µm
_00950_,5.22µm
_01039_,5.22µm
_01073_,5.22µm
_01803_,5.22µm
_01889_,5.22µm
_02075_,5.22µm
_02202_,5.22µm
_02358_,5.22µm
_02400_,5.22µm
_02596_,5.22µm
_02872_,5.22µm
_03042_,5.22µm
_03047_,5.22µm
_03343_,5.22µm
_03359_,5.22µm
_03842_,5.22µm
_03887_,5.22µm
_04061_,5.22µm
_04091_,5.22µm
_04796_,5.22µm
_04856_,5.22µm
_05160_,5.22µm
_05399_,5.22µm
_05401_,5.22µm
_11110_,5.22µm
_11164_,5.22µm
_11199_,5.22µm
_11460_,5.22µm
_11811_,5.22µm
_12163_,5.22µm
_12312_,5.22µm
_12543_,5.22µm
net496,5.22µm
_09141_,5.215µm
_09250_,5.215µm
_00687_,5.18µm
_07484_,5.17µm
_10572_,5.17µm
_10753_,5.16µm
_00477_,5.14µm
_01087_,5.14µm
_01140_,5.14µm
_02127_,5.14µm
_02423_,5.14µm
_02611_,5.14µm
_03156_,5.14µm
_03294_,5.14µm
_04012_,5.14µm
_05125_,5.14µm
_05174_,5.14µm
_06114_,5.14µm
_06317_,5.14µm
_06675_,5.14µm
_06827_,5.14µm
_07139_,5.14µm
_07183_,5.14µm
_07262_,5.14µm
_07292_,5.14µm
_07415_,5.14µm
_07548_,5.14µm
_10413_,5.14µm
_10558_,5.14µm
_10986_,5.14µm
_12039_,5.14µm
_12525_,5.14µm
_09323_,5.125µm
_03530_,5.12µm
_06126_,5.12µm
_06167_,5.12µm
_07095_,5.12µm
_08333_,5.12µm
_10533_,5.12µm
_12539_,5.12µm
_02159_,5.1µm
_02771_,5.1µm
_03599_,5.1µm
_03734_,5.1µm
_03941_,5.1µm
_04228_,5.1µm
_05150_,5.1µm
_05583_,5.1µm
_06812_,5.1µm
_08711_,5.1µm
_09703_,5.1µm
_11581_,5.1µm
_11600_,5.1µm
_12276_,5.1µm
_12277_,5.1µm
_12508_,5.1µm
_13284_,5.1µm
_07367_,5.085µm
_09209_,5.075µm
_01121_,5.065µm
_02818_,5.065µm
_10375_,5.065µm
_00657_,5.06µm
_01123_,5.06µm
_01171_,5.06µm
_02527_,5.06µm
_03580_,5.06µm
_05116_,5.06µm
_09536_,5.06µm
_12189_,5.06µm
_12195_,5.06µm
_13152_,5.06µm
_09127_,5.045µm
_09225_,5.045µm
_09239_,5.045µm
_09257_,5.045µm
_00183_,5.04µm
_00549_,5.04µm
_00555_,5.04µm
_00671_,5.04µm
_00690_,5.04µm
_01055_,5.04µm
_01160_,5.04µm
_04087_,5.04µm
_04602_,5.04µm
_07373_,5.04µm
_07387_,5.04µm
_07436_,5.04µm
_08535_,5.04µm
_11817_,5.04µm
_13239_,5.04µm
_00570_,5.02µm
_00633_,5.02µm
_00752_,5.02µm
_00753_,5.02µm
_00783_,5.02µm
_00932_,5.02µm
_00976_,5.02µm
_00992_,5.02µm
_01009_,5.02µm
_01117_,5.02µm
_01877_,5.02µm
_01963_,5.02µm
_02115_,5.02µm
_03407_,5.02µm
_03413_,5.02µm
_03508_,5.02µm
_04702_,5.02µm
_04884_,5.02µm
_05292_,5.02µm
_07041_,5.02µm
_07186_,5.02µm
_07199_,5.02µm
_07352_,5.02µm
_07485_,5.02µm
_07638_,5.02µm
_10387_,5.02µm
_10389_,5.02µm
_10423_,5.02µm
_10556_,5.02µm
_11650_,5.02µm
_11878_,5.02µm
_13168_,5.02µm
_00540_,5µm
_00695_,5µm
_00725_,5µm
_00745_,5µm
_00775_,5µm
_00802_,5µm
_00826_,5µm
_00871_,5µm
_00880_,5µm
_00892_,5µm
_01143_,5µm
_04084_,5µm
_04882_,5µm
_05777_,5µm
_06427_,5µm
_06801_,5µm
_07227_,5µm
_07494_,5µm
_07570_,5µm
_09347_,5µm
_09712_,5µm
_10487_,5µm
_10587_,5µm
_07137_,4.985µm
_07508_,4.95µm
_07526_,4.95µm
_07714_,4.95µm
_10439_,4.95µm
_10442_,4.95µm
_02874_,4.94µm
_03016_,4.94µm
_03569_,4.94µm
_03614_,4.94µm
_03657_,4.94µm
_03720_,4.94µm
_04098_,4.94µm
_04708_,4.94µm
_06195_,4.94µm
_09294_,4.94µm
_10219_,4.94µm
_11035_,4.94µm
_00792_,4.925µm
_00173_,4.92µm
_00479_,4.92µm
_00523_,4.92µm
_00577_,4.92µm
_00660_,4.92µm
_00911_,4.92µm
_01024_,4.92µm
_01032_,4.92µm
_03079_,4.92µm
_03396_,4.92µm
_03796_,4.92µm
_04116_,4.92µm
_04916_,4.92µm
_05055_,4.92µm
_05881_,4.92µm
_06102_,4.92µm
_06123_,4.92µm
_06324_,4.92µm
_06615_,4.92µm
_07149_,4.92µm
_07249_,4.92µm
_07299_,4.92µm
_07325_,4.92µm
_07381_,4.92µm
_07556_,4.92µm
_07595_,4.92µm
_07666_,4.92µm
_07701_,4.92µm
_08175_,4.92µm
_08270_,4.92µm
_08441_,4.92µm
_08494_,4.92µm
_08610_,4.92µm
_08856_,4.92µm
_09360_,4.92µm
_09960_,4.92µm
_10500_,4.92µm
_10515_,4.92µm
_10520_,4.92µm
_11057_,4.92µm
_11073_,4.92µm
_11370_,4.92µm
_12036_,4.92µm
_12253_,4.92µm
_13002_,4.92µm
_13336_,4.92µm
_02483_,4.905µm
_02508_,4.9µm
_03090_,4.9µm
_03826_,4.9µm
_04719_,4.9µm
_05668_,4.9µm
_07142_,4.9µm
_07335_,4.9µm
_07337_,4.9µm
_10044_,4.9µm
_10412_,4.9µm
_10484_,4.9µm
_11371_,4.9µm
_00189_,4.88µm
_00777_,4.88µm
_00868_,4.88µm
_00991_,4.88µm
_00999_,4.88µm
_01006_,4.88µm
_01082_,4.88µm
_01138_,4.88µm
_01156_,4.88µm
_01167_,4.88µm
_02356_,4.88µm
_02975_,4.88µm
_03004_,4.88µm
_03039_,4.88µm
_03103_,4.88µm
_03395_,4.88µm
_03704_,4.88µm
_03950_,4.88µm
_03970_,4.88µm
_04262_,4.88µm
_04802_,4.88µm
_05681_,4.88µm
_05736_,4.88µm
_05831_,4.88µm
_06308_,4.88µm
_06401_,4.88µm
_06903_,4.88µm
_07400_,4.88µm
_07402_,4.88µm
_07481_,4.88µm
_08120_,4.88µm
_08290_,4.88µm
_09962_,4.88µm
_10142_,4.88µm
_10222_,4.88µm
_10742_,4.88µm
_11443_,4.88µm
_11804_,4.88µm
_12563_,4.88µm
_09167_,4.845µm
_09176_,4.845µm
_09221_,4.845µm
_08600_,4.835µm
_08685_,4.835µm
_05406_,4.82µm
_06943_,4.82µm
_00628_,4.8µm
_02523_,4.8µm
_02602_,4.8µm
_03295_,4.8µm
_03332_,4.8µm
_03536_,4.8µm
_03790_,4.8µm
_04744_,4.8µm
_05223_,4.8µm
_05387_,4.8µm
_05421_,4.8µm
_05500_,4.8µm
_05581_,4.8µm
_05801_,4.8µm
_05876_,4.8µm
_05997_,4.8µm
_06264_,4.8µm
_06578_,4.8µm
_06791_,4.8µm
_06987_,4.8µm
_08037_,4.8µm
_08069_,4.8µm
_09948_,4.8µm
_10094_,4.8µm
_10353_,4.8µm
_11670_,4.8µm
_11786_,4.8µm
_11855_,4.8µm
_12222_,4.8µm
_12341_,4.8µm
_07315_,4.78µm
_07444_,4.78µm
_10071_,4.78µm
_10450_,4.765µm
_00951_,4.76µm
_02299_,4.76µm
_02353_,4.76µm
_02494_,4.76µm
_03414_,4.76µm
_03446_,4.76µm
_03548_,4.76µm
_03783_,4.76µm
_03856_,4.76µm
_03877_,4.76µm
_04129_,4.76µm
_04181_,4.76µm
_04291_,4.76µm
_04302_,4.76µm
_04400_,4.76µm
_04414_,4.76µm
_05219_,4.76µm
_06185_,4.76µm
_07319_,4.76µm
_08531_,4.76µm
_09412_,4.76µm
_09632_,4.76µm
_11149_,4.76µm
_12647_,4.76µm
_12693_,4.76µm
_13008_,4.76µm
_13203_,4.76µm
_04777_,4.73µm
_10817_,4.73µm
_13321_,4.73µm
_06238_,4.715µm
_05272_,4.7µm
_12603_,4.7µm
_00514_,4.68µm
_00948_,4.68µm
_01052_,4.68µm
_02152_,4.68µm
_02397_,4.68µm
_02660_,4.68µm
_03049_,4.68µm
_03088_,4.68µm
_04381_,4.68µm
_04476_,4.68µm
_04692_,4.68µm
_05133_,4.68µm
_05142_,4.68µm
_05321_,4.68µm
_05796_,4.68µm
_05812_,4.68µm
_06871_,4.68µm
_07096_,4.68µm
_07154_,4.68µm
_07185_,4.68µm
_07190_,4.68µm
_07256_,4.68µm
_07340_,4.68µm
_07625_,4.68µm
_07626_,4.68µm
_08708_,4.68µm
_09424_,4.68µm
_09575_,4.68µm
_09615_,4.68µm
_10490_,4.68µm
_10526_,4.68µm
_10615_,4.68µm
_10900_,4.68µm
_12438_,4.68µm
_12458_,4.68µm
_12540_,4.68µm
_12663_,4.68µm
_12726_,4.68µm
_00172_,4.66µm
_01979_,4.66µm
_06275_,4.66µm
_06742_,4.66µm
_06941_,4.66µm
_09093_,4.66µm
_11805_,4.66µm
_12694_,4.66µm
_07236_,4.635µm
_09246_,4.635µm
_00701_,4.62µm
_00800_,4.62µm
_03435_,4.61µm
_07396_,4.605µm
_09218_,4.605µm
_10593_,4.605µm
_02035_,4.6µm
_03460_,4.6µm
_04600_,4.6µm
_06334_,4.6µm
_07182_,4.6µm
_09115_,4.6µm
_11467_,4.6µm
_11552_,4.6µm
_12223_,4.6µm
_12916_,4.6µm
_09641_,4.59µm
_00180_,4.58µm
_00193_,4.58µm
_01017_,4.58µm
_03920_,4.58µm
_05389_,4.58µm
_05929_,4.58µm
_07437_,4.58µm
_08989_,4.58µm
_09608_,4.58µm
_06281_,4.57µm
_00533_,4.56µm
_00565_,4.56µm
_00785_,4.56µm
_02775_,4.56µm
_02955_,4.56µm
_03360_,4.56µm
_03495_,4.56µm
_04590_,4.56µm
_04806_,4.56µm
_05078_,4.56µm
_05200_,4.56µm
_07197_,4.56µm
_07272_,4.56µm
_07540_,4.56µm
_07559_,4.56µm
_07603_,4.56µm
_07619_,4.56µm
_09642_,4.56µm
_09755_,4.56µm
_10343_,4.56µm
_10369_,4.56µm
_10393_,4.56µm
_10395_,4.56µm
_10402_,4.56µm
_10460_,4.56µm
_10467_,4.56µm
_10479_,4.56µm
_10521_,4.56µm
_10574_,4.56µm
_11296_,4.56µm
_12174_,4.56µm
_00190_,4.54µm
_00469_,4.54µm
_00489_,4.54µm
_00496_,4.54µm
_00512_,4.54µm
_00541_,4.54µm
_00609_,4.54µm
_00622_,4.54µm
_00930_,4.54µm
_00939_,4.54µm
_01015_,4.54µm
_01071_,4.54µm
_01126_,4.54µm
_01701_,4.54µm
_04961_,4.54µm
_06452_,4.54µm
_07536_,4.54µm
_07598_,4.54µm
_10329_,4.54µm
_10491_,4.54µm
_10553_,4.54µm
_10554_,4.54µm
_10571_,4.54µm
_10609_,4.54µm
_10613_,4.54µm
_12426_,4.53µm
_03069_,4.51µm
_07875_,4.5µm
_08119_,4.5µm
_07162_,4.49µm
_07611_,4.49µm
_09529_,4.49µm
_10388_,4.49µm
_10408_,4.49µm
_10421_,4.49µm
_04367_,4.48µm
_04452_,4.48µm
_04920_,4.48µm
_05001_,4.48µm
_06502_,4.48µm
_06838_,4.48µm
_08510_,4.48µm
_08889_,4.48µm
_12184_,4.48µm
_07131_,4.47µm
_00186_,4.46µm
_00202_,4.46µm
_00507_,4.46µm
_00538_,4.46µm
_00542_,4.46µm
_00553_,4.46µm
_00617_,4.46µm
_00618_,4.46µm
_00652_,4.46µm
_00654_,4.46µm
_00872_,4.46µm
_00874_,4.46µm
_00876_,4.46µm
_00916_,4.46µm
_00955_,4.46µm
_00998_,4.46µm
_01111_,4.46µm
_01996_,4.46µm
_02181_,4.46µm
_02240_,4.46µm
_02796_,4.46µm
_03262_,4.46µm
_03370_,4.46µm
_03582_,4.46µm
_03707_,4.46µm
_04230_,4.46µm
_04881_,4.46µm
_05238_,4.46µm
_05715_,4.46µm
_06198_,4.46µm
_06300_,4.46µm
_06588_,4.46µm
_07000_,4.46µm
_07135_,4.46µm
_07195_,4.46µm
_07304_,4.46µm
_07328_,4.46µm
_07412_,4.46µm
_07421_,4.46µm
_07429_,4.46µm
_07572_,4.46µm
_07608_,4.46µm
_07720_,4.46µm
_07722_,4.46µm
_08735_,4.46µm
_09050_,4.46µm
_09375_,4.46µm
_09917_,4.46µm
_10203_,4.46µm
_10468_,4.46µm
_10501_,4.46µm
_10506_,4.46µm
_10543_,4.46µm
_12218_,4.46µm
_12569_,4.46µm
_01891_,4.44µm
_02403_,4.44µm
_02593_,4.44µm
_05785_,4.44µm
_06428_,4.44µm
_06610_,4.44µm
_06632_,4.44µm
_06957_,4.44µm
_07187_,4.44µm
_07287_,4.44µm
_08626_,4.44µm
_08673_,4.44µm
_09773_,4.44µm
_09865_,4.44µm
_09935_,4.44µm
_09939_,4.44µm
_10048_,4.44µm
_11949_,4.44µm
_12417_,4.44µm
_12656_,4.44µm
_09254_,4.435µm
_10575_,4.43µm
_00627_,4.42µm
_00740_,4.42µm
_00859_,4.42µm
_02197_,4.42µm
_02669_,4.42µm
_03333_,4.42µm
_04021_,4.42µm
_04058_,4.42µm
_04828_,4.42µm
_04979_,4.42µm
_05475_,4.42µm
_05601_,4.42µm
_08051_,4.42µm
_08133_,4.42µm
_09027_,4.42µm
_09391_,4.42µm
_10002_,4.42µm
_10263_,4.42µm
_12912_,4.42µm
_08724_,4.375µm
_10165_,4.375µm
_10235_,4.375µm
_11577_,4.365µm
_04180_,4.36µm
_05716_,4.36µm
_05861_,4.36µm
_06219_,4.36µm
_08346_,4.36µm
_08356_,4.36µm
_10916_,4.36µm
_08712_,4.355µm
_00181_,4.34µm
_00599_,4.34µm
_00681_,4.34µm
_00789_,4.34µm
_02225_,4.34µm
_02793_,4.34µm
_03186_,4.34µm
_03568_,4.34µm
_03571_,4.34µm
_03620_,4.34µm
_03908_,4.34µm
_03968_,4.34µm
_03974_,4.34µm
_04111_,4.34µm
_04655_,4.34µm
_04821_,4.34µm
_04865_,4.34µm
_05270_,4.34µm
_05423_,4.34µm
_05528_,4.34µm
_06140_,4.34µm
_06155_,4.34µm
_06201_,4.34µm
_06233_,4.34µm
_06717_,4.34µm
_07102_,4.34µm
_07950_,4.34µm
_07958_,4.34µm
_08052_,4.34µm
_08240_,4.34µm
_08541_,4.34µm
_08633_,4.34µm
_09648_,4.34µm
_09688_,4.34µm
_09729_,4.34µm
_09770_,4.34µm
_10118_,4.34µm
_10697_,4.34µm
_10998_,4.34µm
_11688_,4.34µm
_11828_,4.34µm
_12258_,4.34µm
_12670_,4.34µm
_12791_,4.34µm
_13030_,4.34µm
_13298_,4.34µm
_00579_,4.32µm
_05028_,4.32µm
_09258_,4.315µm
_00524_,4.305µm
_00529_,4.305µm
_01066_,4.305µm
_10457_,4.305µm
_10605_,4.305µm
_03036_,4.27µm
_07230_,4.25µm
_01990_,4.24µm
_02392_,4.24µm
_06977_,4.24µm
_08291_,4.24µm
_09285_,4.24µm
_00736_,4.22µm
_00814_,4.22µm
_00866_,4.22µm
_00922_,4.22µm
_02727_,4.22µm
_02979_,4.22µm
_02990_,4.22µm
_03693_,4.22µm
_04445_,4.22µm
_04512_,4.22µm
_04992_,4.22µm
_05196_,4.22µm
_05348_,4.22µm
_05470_,4.22µm
_05634_,4.22µm
_06635_,4.22µm
_06899_,4.22µm
_07133_,4.22µm
_07152_,4.22µm
_07286_,4.22µm
_07408_,4.22µm
_07655_,4.22µm
_08068_,4.22µm
_08980_,4.22µm
_10522_,4.22µm
_10552_,4.22µm
_10592_,4.22µm
_10601_,4.22µm
_11044_,4.22µm
_11364_,4.22µm
_11777_,4.22µm
_12082_,4.22µm
_12698_,4.22µm
_12790_,4.22µm
_13190_,4.22µm
_01131_,4.2µm
_04946_,4.2µm
_11050_,4.2µm
_07554_,4.195µm
_09201_,4.195µm
_11506_,4.15µm
_00750_,4.145µm
_01142_,4.145µm
_09267_,4.145µm
_02395_,4.14µm
_02686_,4.14µm
_02779_,4.14µm
_02995_,4.14µm
_04479_,4.14µm
_04646_,4.14µm
_06787_,4.14µm
_06994_,4.14µm
_08148_,4.14µm
_08353_,4.14µm
_11686_,4.14µm
_12246_,4.14µm
_00195_,4.12µm
_00820_,4.12µm
_01027_,4.12µm
_01115_,4.12µm
_01900_,4.12µm
_05858_,4.12µm
_07219_,4.12µm
_07438_,4.12µm
_08347_,4.12µm
_11934_,4.12µm
_00882_,4.1µm
_00945_,4.1µm
_02292_,4.1µm
_03239_,4.1µm
_05673_,4.1µm
_05869_,4.1µm
_07032_,4.1µm
_07036_,4.1µm
_07157_,4.1µm
_07163_,4.1µm
_07198_,4.1µm
_07448_,4.1µm
_07562_,4.1µm
_07665_,4.1µm
_07677_,4.1µm
_07683_,4.1µm
_08959_,4.1µm
_10346_,4.1µm
_10350_,4.1µm
_10415_,4.1µm
_10441_,4.1µm
_10470_,4.1µm
_10482_,4.1µm
_10505_,4.1µm
_10519_,4.1µm
_10597_,4.1µm
_10875_,4.1µm
_11446_,4.1µm
_03692_,4.085µm
_00519_,4.08µm
_00813_,4.08µm
_03199_,4.08µm
_07205_,4.08µm
_07339_,4.08µm
_10567_,4.08µm
_10589_,4.08µm
_12818_,4.08µm
_07240_,4.03µm
_07450_,4.03µm
_07486_,4.03µm
_07607_,4.03µm
_10407_,4.03µm
_10492_,4.03µm
_11031_,4.025µm
_00467_,4.02µm
_00649_,4.02µm
_00793_,4.02µm
_00854_,4.02µm
_01018_,4.02µm
_01028_,4.02µm
_01916_,4.02µm
_02389_,4.02µm
_02783_,4.02µm
_03682_,4.02µm
_04363_,4.02µm
_05639_,4.02µm
_06054_,4.02µm
_06137_,4.02µm
_07859_,4.02µm
_09819_,4.02µm
_12844_,4.02µm
_13023_,4.02µm
_13183_,4.02µm
_06040_,4.005µm
_00485_,4µm
_00625_,4µm
_00635_,4µm
_00714_,4µm
_00719_,4µm
_00808_,4µm
_00837_,4µm
_00845_,4µm
_00849_,4µm
_00910_,4µm
_01099_,4µm
_02457_,4µm
_02899_,4µm
_03157_,4µm
_03491_,4µm
_03514_,4µm
_03934_,4µm
_04737_,4µm
_05271_,4µm
_06338_,4µm
_06380_,4µm
_06624_,4µm
_06738_,4µm
_06746_,4µm
_06770_,4µm
_06818_,4µm
_06836_,4µm
_07011_,4µm
_07126_,4µm
_07280_,4µm
_07293_,4µm
_07343_,4µm
_07366_,4µm
_07370_,4µm
_07393_,4µm
_07533_,4µm
_07568_,4µm
_07657_,4µm
_07713_,4µm
_07725_,4µm
_08005_,4µm
_08598_,4µm
_09298_,4µm
_09534_,4µm
_09724_,4µm
_09746_,4µm
_10212_,4µm
_10391_,4µm
_10446_,4µm
_10480_,4µm
_10497_,4µm
_10840_,4µm
_11909_,4µm
_12414_,4µm
_12435_,4µm
_12561_,4µm
_13040_,4µm
_00624_,3.98µm
_00921_,3.98µm
_03259_,3.98µm
_04789_,3.98µm
_07470_,3.98µm
_07908_,3.98µm
_08385_,3.98µm
_10100_,3.98µm
_10167_,3.98µm
_11418_,3.98µm
_12175_,3.98µm
_03160_,3.93µm
_09220_,3.925µm
_09243_,3.925µm
_07579_,3.91µm
_10494_,3.91µm
_00974_,3.905µm
_02275_,3.9µm
_02382_,3.9µm
_02635_,3.9µm
_03476_,3.9µm
_04000_,3.9µm
_04517_,3.9µm
_05049_,3.9µm
_05557_,3.9µm
_05935_,3.9µm
_06596_,3.9µm
_07898_,3.9µm
_08191_,3.9µm
_11001_,3.9µm
_11684_,3.9µm
_13106_,3.9µm
_11900_,3.885µm
_00715_,3.88µm
_01814_,3.88µm
_02263_,3.88µm
_03373_,3.88µm
_03392_,3.88µm
_03768_,3.88µm
_04709_,3.88µm
_05323_,3.88µm
_06272_,3.88µm
_06372_,3.88µm
_07707_,3.88µm
_07901_,3.88µm
_07902_,3.88µm
_07981_,3.88µm
_08020_,3.88µm
_08100_,3.88µm
_08349_,3.88µm
_08390_,3.88µm
_08461_,3.88µm
_08654_,3.88µm
_09315_,3.88µm
_09721_,3.88µm
_09804_,3.88µm
_09971_,3.88µm
_10140_,3.88µm
_11317_,3.88µm
_12269_,3.88µm
_12430_,3.88µm
_00500_,3.86µm
_00603_,3.86µm
_00691_,3.86µm
_02396_,3.86µm
_00962_,3.845µm
_06719_,3.845µm
_09134_,3.805µm
_05746_,3.78µm
_00525_,3.76µm
_00536_,3.76µm
_00559_,3.76µm
_00590_,3.76µm
_00667_,3.76µm
_00779_,3.76µm
_00972_,3.76µm
_02084_,3.76µm
_03338_,3.76µm
_04177_,3.76µm
_04412_,3.76µm
_04695_,3.76µm
_04858_,3.76µm
_05380_,3.76µm
_06048_,3.76µm
_06197_,3.76µm
_06215_,3.76µm
_07281_,3.76µm
_07290_,3.76µm
_07298_,3.76µm
_07401_,3.76µm
_07409_,3.76µm
_07596_,3.76µm
_07597_,3.76µm
_09022_,3.76µm
_10444_,3.76µm
_11301_,3.76µm
_12667_,3.76µm
_03279_,3.74µm
_05991_,3.74µm
_11316_,3.74µm
_09158_,3.735µm
_00975_,3.725µm
_10523_,3.71µm
_00884_,3.7µm
_09263_,3.685µm
_00791_,3.68µm
_03029_,3.68µm
_03255_,3.68µm
_03257_,3.68µm
_05390_,3.68µm
_06570_,3.68µm
_06854_,3.68µm
_06973_,3.68µm
_08946_,3.68µm
_09362_,3.68µm
_09521_,3.68µm
_09564_,3.68µm
_09718_,3.68µm
_10976_,3.68µm
_12234_,3.68µm
_13146_,3.68µm
_00865_,3.675µm
_00002_,3.66µm
_00642_,3.66µm
_01008_,3.66µm
_01118_,3.66µm
_01159_,3.66µm
_01211_,3.66µm
_06423_,3.66µm
_06756_,3.66µm
_08361_,3.66µm
_00473_,3.64µm
_00732_,3.64µm
_01119_,3.64µm
_01843_,3.64µm
_02903_,3.64µm
_04184_,3.64µm
_05396_,3.64µm
_05546_,3.64µm
_07497_,3.64µm
_07545_,3.64µm
_07580_,3.64µm
_07585_,3.64µm
_07590_,3.64µm
_07624_,3.64µm
_07716_,3.64µm
_09097_,3.64µm
_10335_,3.64µm
_10355_,3.64µm
_10372_,3.64µm
_10420_,3.64µm
_10493_,3.64µm
_10495_,3.64µm
_10540_,3.64µm
_10579_,3.64µm
_10588_,3.64µm
_11897_,3.64µm
_09255_,3.635µm
_07460_,3.61µm
_07153_,3.605µm
_07063_,3.57µm
_07117_,3.57µm
_07269_,3.57µm
_07416_,3.57µm
_07543_,3.57µm
_07693_,3.57µm
_09711_,3.57µm
_10332_,3.57µm
_10585_,3.57µm
_00175_,3.56µm
_00631_,3.56µm
_00856_,3.56µm
_00889_,3.56µm
_00984_,3.56µm
_01063_,3.56µm
_01104_,3.56µm
_01106_,3.56µm
_01122_,3.56µm
_01780_,3.56µm
_02710_,3.56µm
_03207_,3.56µm
_03528_,3.56µm
_03553_,3.56µm
_03702_,3.56µm
_04834_,3.56µm
_04837_,3.56µm
_04867_,3.56µm
_04943_,3.56µm
_05740_,3.56µm
_05811_,3.56µm
_06106_,3.56µm
_07078_,3.56µm
_08227_,3.56µm
_08822_,3.56µm
_10043_,3.56µm
_11559_,3.56µm
_11696_,3.56µm
_11717_,3.56µm
_12061_,3.56µm
_00557_,3.54µm
_00571_,3.54µm
_00611_,3.54µm
_00616_,3.54µm
_00648_,3.54µm
_00682_,3.54µm
_00703_,3.54µm
_00717_,3.54µm
_00767_,3.54µm
_00807_,3.54µm
_00883_,3.54µm
_00970_,3.54µm
_01134_,3.54µm
_01157_,3.54µm
_01161_,3.54µm
_01845_,3.54µm
_02313_,3.54µm
_02344_,3.54µm
_03335_,3.54µm
_03376_,3.54µm
_03633_,3.54µm
_03684_,3.54µm
_03898_,3.54µm
_04140_,3.54µm
_04159_,3.54µm
_04791_,3.54µm
_04891_,3.54µm
_05765_,3.54µm
_06010_,3.54µm
_06089_,3.54µm
_06322_,3.54µm
_07094_,3.54µm
_07260_,3.54µm
_07285_,3.54µm
_07322_,3.54µm
_07342_,3.54µm
_07374_,3.54µm
_07380_,3.54µm
_07398_,3.54µm
_07447_,3.54µm
_07521_,3.54µm
_07522_,3.54µm
_07581_,3.54µm
_08017_,3.54µm
_08022_,3.54µm
_08296_,3.54µm
_08352_,3.54µm
_08484_,3.54µm
_09447_,3.54µm
_10328_,3.54µm
_10347_,3.54µm
_10351_,3.54µm
_10367_,3.54µm
_10373_,3.54µm
_10426_,3.54µm
_10459_,3.54µm
_10512_,3.54µm
_10549_,3.54µm
_10607_,3.54µm
_10616_,3.54µm
_11007_,3.54µm
_11219_,3.54µm
_11710_,3.54µm
_12281_,3.54µm
_12362_,3.54µm
_12633_,3.54µm
_12745_,3.54µm
_12773_,3.54µm
_13215_,3.54µm
_13247_,3.54µm
_00928_,3.52µm
_02099_,3.52µm
_04441_,3.52µm
_07089_,3.52µm
_07118_,3.52µm
_07320_,3.52µm
_07957_,3.52µm
_08039_,3.52µm
_08676_,3.52µm
_10120_,3.52µm
_12702_,3.52µm
_09189_,3.485µm
_09182_,3.465µm
_09188_,3.465µm
_08419_,3.455µm
_10249_,3.455µm
_01010_,3.445µm
_04473_,3.44µm
_08443_,3.44µm
_08683_,3.44µm
_09548_,3.44µm
_12038_,3.44µm
_00605_,3.42µm
_02552_,3.42µm
_02744_,3.42µm
_02799_,3.42µm
_03283_,3.42µm
_03680_,3.42µm
_03829_,3.42µm
_04449_,3.42µm
_04696_,3.42µm
_05906_,3.42µm
_05941_,3.42µm
_06230_,3.42µm
_06432_,3.42µm
_06553_,3.42µm
_06642_,3.42µm
_07093_,3.42µm
_07323_,3.42µm
_08159_,3.42µm
_08563_,3.42µm
_08630_,3.42µm
_08657_,3.42µm
_08704_,3.42µm
_11023_,3.42µm
_11723_,3.42µm
_11779_,3.42µm
_12086_,3.42µm
_12520_,3.42µm
_12782_,3.42µm
_12841_,3.42µm
_12979_,3.42µm
_13175_,3.42µm
_08430_,3.415µm
_00742_,3.4µm
_01053_,3.4µm
_10000_,3.4µm
_10342_,3.4µm
_00850_,3.385µm
_09205_,3.345µm
_09271_,3.345µm
_04981_,3.32µm
_06388_,3.32µm
_09336_,3.32µm
_00564_,3.3µm
_00612_,3.3µm
_00960_,3.3µm
_00971_,3.3µm
_02214_,3.3µm
_02269_,3.3µm
_02340_,3.3µm
_02398_,3.3µm
_02639_,3.3µm
_02967_,3.3µm
_03695_,3.3µm
_03776_,3.3µm
_04634_,3.3µm
_06430_,3.3µm
_07303_,3.3µm
_07410_,3.3µm
_07547_,3.3µm
_07708_,3.3µm
_09393_,3.3µm
_10403_,3.3µm
_10611_,3.3µm
_11566_,3.3µm
_12405_,3.3µm
_12904_,3.3µm
_00770_,3.225µm
_00596_,3.22µm
_00787_,3.22µm
_00790_,3.22µm
_00923_,3.22µm
_00947_,3.22µm
_01093_,3.22µm
_02050_,3.22µm
_02365_,3.22µm
_03451_,3.22µm
_04470_,3.22µm
_04541_,3.22µm
_04908_,3.22µm
_05007_,3.22µm
_05103_,3.22µm
_05709_,3.22µm
_07173_,3.22µm
_07174_,3.22µm
_08206_,3.22µm
_09425_,3.22µm
_12041_,3.22µm
_12155_,3.22µm
_12356_,3.22µm
_00192_,3.2µm
_00207_,3.2µm
_00583_,3.2µm
_00619_,3.2µm
_00639_,3.2µm
_00827_,3.2µm
_00873_,3.2µm
_01047_,3.2µm
_01120_,3.2µm
_01928_,3.2µm
_02952_,3.2µm
_03251_,3.2µm
_06433_,3.2µm
_07394_,3.2µm
_09443_,3.2µm
_11195_,3.2µm
_00468_,3.18µm
_00521_,3.18µm
_00763_,3.18µm
_00796_,3.18µm
_00825_,3.18µm
_00870_,3.18µm
_00885_,3.18µm
_00983_,3.18µm
_00985_,3.18µm
_01041_,3.18µm
_01065_,3.18µm
_01094_,3.18µm
_02801_,3.18µm
_05491_,3.18µm
_05758_,3.18µm
_06144_,3.18µm
_06213_,3.18µm
_07228_,3.18µm
_07406_,3.18µm
_07451_,3.18µm
_07457_,3.18µm
_07515_,3.18µm
_07516_,3.18µm
_07524_,3.18µm
_07544_,3.18µm
_07589_,3.18µm
_07623_,3.18µm
_07648_,3.18µm
_07684_,3.18µm
_07706_,3.18µm
_08108_,3.18µm
_09068_,3.18µm
_09597_,3.18µm
_10352_,3.18µm
_10429_,3.18µm
_10434_,3.18µm
_10453_,3.18µm
_10471_,3.18µm
_10489_,3.18µm
_11924_,3.18µm
_12625_,3.18µm
_09249_,3.175µm
_09253_,3.175µm
_00982_,3.135µm
_01100_,3.135µm
_00754_,3.125µm
_01059_,3.115µm
_07268_,3.11µm
_10356_,3.11µm
_10449_,3.11µm
_10461_,3.11µm
_10541_,3.11µm
_00636_,3.1µm
_01858_,3.1µm
_01943_,3.1µm
_02198_,3.1µm
_02434_,3.1µm
_02537_,3.1µm
_02543_,3.1µm
_03220_,3.1µm
_03375_,3.1µm
_03594_,3.1µm
_04037_,3.1µm
_05236_,3.1µm
_05394_,3.1µm
_05822_,3.1µm
_07026_,3.1µm
_09708_,3.1µm
_11005_,3.1µm
_11550_,3.1µm
_12587_,3.1µm
_13025_,3.1µm
_13204_,3.1µm
_00200_,3.08µm
_00481_,3.08µm
_00535_,3.08µm
_00547_,3.08µm
_00554_,3.08µm
_00572_,3.08µm
_00586_,3.08µm
_00615_,3.08µm
_00638_,3.08µm
_00656_,3.08µm
_00678_,3.08µm
_00781_,3.08µm
_00804_,3.08µm
_00908_,3.08µm
_00933_,3.08µm
_00994_,3.08µm
_01056_,3.08µm
_01072_,3.08µm
_01108_,3.08µm
_01807_,3.08µm
_02077_,3.08µm
_02465_,3.08µm
_02829_,3.08µm
_03959_,3.08µm
_04255_,3.08µm
_04320_,3.08µm
_05179_,3.08µm
_05181_,3.08µm
_05803_,3.08µm
_05823_,3.08µm
_06442_,3.08µm
_06483_,3.08µm
_06654_,3.08µm
_06917_,3.08µm
_06951_,3.08µm
_06964_,3.08µm
_06993_,3.08µm
_07178_,3.08µm
_07221_,3.08µm
_07329_,3.08µm
_07362_,3.08µm
_07368_,3.08µm
_07411_,3.08µm
_07546_,3.08µm
_07550_,3.08µm
_07586_,3.08µm
_07587_,3.08µm
_07612_,3.08µm
_07629_,3.08µm
_07630_,3.08µm
_07631_,3.08µm
_07632_,3.08µm
_07636_,3.08µm
_07642_,3.08µm
_07715_,3.08µm
_07769_,3.08µm
_08090_,3.08µm
_08145_,3.08µm
_08509_,3.08µm
_08682_,3.08µm
_09510_,3.08µm
_09604_,3.08µm
_09921_,3.08µm
_10200_,3.08µm
_10216_,3.08µm
_10358_,3.08µm
_10386_,3.08µm
_10419_,3.08µm
_10424_,3.08µm
_10456_,3.08µm
_10504_,3.08µm
_10539_,3.08µm
_10564_,3.08µm
_10586_,3.08µm
_10599_,3.08µm
_10600_,3.08µm
_10610_,3.08µm
_10942_,3.08µm
_11423_,3.08µm
_11518_,3.08µm
_12042_,3.08µm
_12394_,3.08µm
_12584_,3.08µm
_13191_,3.08µm
_05080_,3.06µm
_06687_,3.06µm
_07071_,3.06µm
_07175_,3.06µm
_08384_,3.06µm
_08602_,3.06µm
_08604_,3.06µm
_09740_,3.06µm
_12831_,3.06µm
_10693_,2.995µm
_05646_,2.99µm
_05708_,2.99µm
_03991_,2.98µm
_06513_,2.98µm
_08004_,2.98µm
_08107_,2.98µm
_08880_,2.98µm
_00006_,2.96µm
_00491_,2.96µm
_01045_,2.96µm
_01165_,2.96µm
_01925_,2.96µm
_02118_,2.96µm
_02274_,2.96µm
_02325_,2.96µm
_03127_,2.96µm
_03281_,2.96µm
_03419_,2.96µm
_03575_,2.96µm
_03853_,2.96µm
_03901_,2.96µm
_04099_,2.96µm
_04191_,2.96µm
_04263_,2.96µm
_04330_,2.96µm
_04346_,2.96µm
_04642_,2.96µm
_04776_,2.96µm
_04799_,2.96µm
_05256_,2.96µm
_05395_,2.96µm
_05408_,2.96µm
_05727_,2.96µm
_05761_,2.96µm
_05788_,2.96µm
_06151_,2.96µm
_06171_,2.96µm
_06753_,2.96µm
_06857_,2.96µm
_07009_,2.96µm
_07886_,2.96µm
_07929_,2.96µm
_08091_,2.96µm
_08409_,2.96µm
_08417_,2.96µm
_08516_,2.96µm
_08552_,2.96µm
_09048_,2.96µm
_10187_,2.96µm
_12837_,2.96µm
_13065_,2.96µm
_13275_,2.96µm
_07560_,2.93µm
_10486_,2.93µm
_00812_,2.925µm
_07156_,2.925µm
_09229_,2.865µm
_02285_,2.86µm
_08566_,2.86µm
_09183_,2.86µm
_00185_,2.84µm
_00511_,2.84µm
_00581_,2.84µm
_00778_,2.84µm
_00851_,2.84µm
_00862_,2.84µm
_00957_,2.84µm
_00988_,2.84µm
_01026_,2.84µm
_01042_,2.84µm
_01103_,2.84µm
_03306_,2.84µm
_04340_,2.84µm
_04652_,2.84µm
_05793_,2.84µm
_06186_,2.84µm
_06509_,2.84µm
_06831_,2.84µm
_07049_,2.84µm
_07225_,2.84µm
_07363_,2.84µm
_07616_,2.84µm
_07678_,2.84µm
_09398_,2.84µm
_09402_,2.84µm
_09460_,2.84µm
_10370_,2.84µm
_10385_,2.84µm
_10418_,2.84µm
_10594_,2.84µm
_10595_,2.84µm
_12522_,2.84µm
_13060_,2.84µm
_07673_,2.79µm
_00610_,2.785µm
_00730_,2.765µm
_00765_,2.765µm
_00799_,2.765µm
_00900_,2.765µm
_07445_,2.765µm
_00504_,2.76µm
_00925_,2.76µm
_01163_,2.76µm
_02279_,2.76µm
_02477_,2.76µm
_02571_,2.76µm
_02629_,2.76µm
_03326_,2.76µm
_04244_,2.76µm
_04407_,2.76µm
_04769_,2.76µm
_05536_,2.76µm
_05774_,2.76µm
_05887_,2.76µm
_06534_,2.76µm
_07145_,2.76µm
_07245_,2.76µm
_07251_,2.76µm
_07284_,2.76µm
_07314_,2.76µm
_07333_,2.76µm
_07334_,2.76µm
_08935_,2.76µm
_09380_,2.76µm
_09624_,2.76µm
_12107_,2.76µm
_12251_,2.76µm
_12366_,2.76µm
_12737_,2.76µm
_00210_,2.74µm
_00545_,2.74µm
_00668_,2.74µm
_00686_,2.74µm
_00803_,2.74µm
_05000_,2.74µm
_05745_,2.74µm
_06429_,2.74µm
_07045_,2.74µm
_07220_,2.74µm
_07399_,2.74µm
_07404_,2.74µm
_07502_,2.74µm
_08180_,2.74µm
_08821_,2.74µm
_09649_,2.74µm
_12188_,2.74µm
_06650_,2.73µm
_00176_,2.72µm
_00844_,2.72µm
_00890_,2.72µm
_01057_,2.72µm
_02892_,2.72µm
_04757_,2.72µm
_05457_,2.72µm
_06451_,2.72µm
_07305_,2.72µm
_07511_,2.72µm
_07517_,2.72µm
_07535_,2.72µm
_07583_,2.72µm
_07627_,2.72µm
_07699_,2.72µm
_08454_,2.72µm
_10327_,2.72µm
_10336_,2.72µm
_10366_,2.72µm
_10469_,2.72µm
_10551_,2.72µm
_10570_,2.72µm
_12387_,2.72µm
_09157_,2.715µm
_09179_,2.715µm
_07188_,2.685µm
_07247_,2.685µm
_01029_,2.655µm
_07232_,2.65µm
_07489_,2.65µm
_07591_,2.65µm
_07621_,2.65µm
_07664_,2.65µm
_10443_,2.65µm
_10464_,2.65µm
_00688_,2.645µm
_01789_,2.64µm
_01826_,2.64µm
_02015_,2.64µm
_02184_,2.64µm
_03078_,2.64µm
_03114_,2.64µm
_03314_,2.64µm
_03567_,2.64µm
_05031_,2.64µm
_05065_,2.64µm
_05119_,2.64µm
_05588_,2.64µm
_05839_,2.64µm
_06301_,2.64µm
_09595_,2.64µm
_10105_,2.64µm
_10718_,2.64µm
_11561_,2.64µm
_12229_,2.64µm
_13141_,2.64µm
_09247_,2.635µm
_00182_,2.62µm
_00198_,2.62µm
_00472_,2.62µm
_00474_,2.62µm
_00490_,2.62µm
_00550_,2.62µm
_00556_,2.62µm
_00594_,2.62µm
_00655_,2.62µm
_00658_,2.62µm
_00722_,2.62µm
_00805_,2.62µm
_00848_,2.62µm
_00863_,2.62µm
_00864_,2.62µm
_00952_,2.62µm
_00968_,2.62µm
_00989_,2.62µm
_01068_,2.62µm
_01112_,2.62µm
_01146_,2.62µm
_02244_,2.62µm
_02411_,2.62µm
_03076_,2.62µm
_03110_,2.62µm
_03534_,2.62µm
_03969_,2.62µm
_04128_,2.62µm
_04310_,2.62µm
_04551_,2.62µm
_04825_,2.62µm
_05862_,2.62µm
_06060_,2.62µm
_06262_,2.62µm
_06561_,2.62µm
_06716_,2.62µm
_07023_,2.62µm
_07029_,2.62µm
_07259_,2.62µm
_07326_,2.62µm
_07336_,2.62µm
_07357_,2.62µm
_07473_,2.62µm
_07479_,2.62µm
_07525_,2.62µm
_07539_,2.62µm
_07594_,2.62µm
_07634_,2.62µm
_07690_,2.62µm
_07709_,2.62µm
_07905_,2.62µm
_08543_,2.62µm
_09552_,2.62µm
_09850_,2.62µm
_10278_,2.62µm
_10333_,2.62µm
_10349_,2.62µm
_10394_,2.62µm
_10428_,2.62µm
_10433_,2.62µm
_10502_,2.62µm
_10555_,2.62µm
_10578_,2.62µm
_11010_,2.62µm
_11161_,2.62µm
_12391_,2.62µm
_12470_,2.62µm
_12634_,2.62µm
_13264_,2.62µm
_13332_,2.62µm
_08518_,2.535µm
_08652_,2.535µm
_10598_,2.53µm
_07248_,2.525µm
_06617_,2.52µm
_06799_,2.52µm
_08042_,2.52µm
_08391_,2.52µm
_08458_,2.52µm
_08639_,2.52µm
_00539_,2.5µm
_00626_,2.5µm
_00741_,2.5µm
_01067_,2.5µm
_02001_,2.5µm
_02082_,2.5µm
_02105_,2.5µm
_02738_,2.5µm
_02741_,2.5µm
_02763_,2.5µm
_03318_,2.5µm
_03538_,2.5µm
_03623_,2.5µm
_04125_,2.5µm
_04648_,2.5µm
_04936_,2.5µm
_05012_,2.5µm
_05097_,2.5µm
_05595_,2.5µm
_05878_,2.5µm
_06034_,2.5µm
_06056_,2.5µm
_06161_,2.5µm
_06191_,2.5µm
_06328_,2.5µm
_06958_,2.5µm
_07048_,2.5µm
_07136_,2.5µm
_08149_,2.5µm
_08389_,2.5µm
_09020_,2.5µm
_09029_,2.5µm
_09096_,2.5µm
_09278_,2.5µm
_09281_,2.5µm
_09563_,2.5µm
_09984_,2.5µm
_10026_,2.5µm
_10608_,2.5µm
_11134_,2.5µm
_11469_,2.5µm
_11930_,2.5µm
_11960_,2.5µm
_12166_,2.5µm
_12497_,2.5µm
_12531_,2.5µm
_12542_,2.5µm
_12959_,2.5µm
_13304_,2.5µm
_10612_,2.47µm
_00582_,2.465µm
_07622_,2.465µm
_09151_,2.405µm
_11702_,2.4µm
_00906_,2.38µm
_00967_,2.38µm
_01034_,2.38µm
_01051_,2.38µm
_01874_,2.38µm
_02102_,2.38µm
_02111_,2.38µm
_02175_,2.38µm
_02731_,2.38µm
_02988_,2.38µm
_03345_,2.38µm
_03364_,2.38µm
_03810_,2.38µm
_04221_,2.38µm
_04613_,2.38µm
_04727_,2.38µm
_05871_,2.38µm
_05892_,2.38µm
_05916_,2.38µm
_06172_,2.38µm
_06455_,2.38µm
_06641_,2.38µm
_06714_,2.38µm
_07058_,2.38µm
_07233_,2.38µm
_07558_,2.38µm
_07575_,2.38µm
_07618_,2.38µm
_08476_,2.38µm
_09104_,2.38µm
_09471_,2.38µm
_10422_,2.38µm
_10530_,2.38µm
_10973_,2.38µm
_11323_,2.38µm
_12953_,2.38µm
_00675_,2.305µm
_07442_,2.305µm
_10529_,2.305µm
_10602_,2.305µm
_01937_,2.3µm
_01953_,2.3µm
_03502_,2.3µm
_03533_,2.3µm
_03802_,2.3µm
_04588_,2.3µm
_04824_,2.3µm
_05025_,2.3µm
_05980_,2.3µm
_06385_,2.3µm
_09587_,2.3µm
_09603_,2.3µm
_09618_,2.3µm
_10895_,2.3µm
_11188_,2.3µm
_12852_,2.3µm
_13140_,2.3µm
_00204_,2.28µm
_00209_,2.28µm
_00471_,2.28µm
_00476_,2.28µm
_00600_,2.28µm
_00641_,2.28µm
_00913_,2.28µm
_00978_,2.28µm
_01095_,2.28µm
_03638_,2.28µm
_04851_,2.28µm
_07054_,2.28µm
_07122_,2.28µm
_07206_,2.28µm
_07213_,2.28µm
_07224_,2.28µm
_07390_,2.28µm
_07405_,2.28µm
_07426_,2.28µm
_07431_,2.28µm
_07435_,2.28µm
_07464_,2.28µm
_07468_,2.28µm
_07472_,2.28µm
_07476_,2.28µm
_09577_,2.28µm
_11716_,2.28µm
_02754_,2.27µm
_09190_,2.255µm
_10379_,2.225µm
_08528_,2.215µm
_07379_,2.19µm
_07555_,2.19µm
_07574_,2.19µm
_10409_,2.19µm
_10447_,2.19µm
_10525_,2.19µm
_10532_,2.19µm
_10591_,2.19µm
_04040_,2.18µm
_05320_,2.18µm
_06954_,2.18µm
_09856_,2.18µm
_12051_,2.18µm
_12465_,2.18µm
_13097_,2.18µm
_00000_,2.16µm
_00178_,2.16µm
_00493_,2.16µm
_00494_,2.16µm
_00518_,2.16µm
_00563_,2.16µm
_00679_,2.16µm
_00689_,2.16µm
_00726_,2.16µm
_00729_,2.16µm
_00769_,2.16µm
_00810_,2.16µm
_00835_,2.16µm
_00875_,2.16µm
_00896_,2.16µm
_00905_,2.16µm
_00912_,2.16µm
_00937_,2.16µm
_00954_,2.16µm
_00977_,2.16µm
_01070_,2.16µm
_01075_,2.16µm
_01076_,2.16µm
_01079_,2.16µm
_01116_,2.16µm
_01130_,2.16µm
_01149_,2.16µm
_01152_,2.16µm
_01153_,2.16µm
_01808_,2.16µm
_01989_,2.16µm
_02361_,2.16µm
_02370_,2.16µm
_02381_,2.16µm
_03290_,2.16µm
_03755_,2.16µm
_03873_,2.16µm
_04960_,2.16µm
_05008_,2.16µm
_05018_,2.16µm
_05867_,2.16µm
_06212_,2.16µm
_06218_,2.16µm
_06360_,2.16µm
_06797_,2.16µm
_06816_,2.16µm
_06980_,2.16µm
_07147_,2.16µm
_07244_,2.16µm
_07258_,2.16µm
_07395_,2.16µm
_07504_,2.16µm
_07520_,2.16µm
_07532_,2.16µm
_07538_,2.16µm
_07641_,2.16µm
_08217_,2.16µm
_08300_,2.16µm
_08328_,2.16µm
_08330_,2.16µm
_08754_,2.16µm
_09105_,2.16µm
_09481_,2.16µm
_09538_,2.16µm
_09896_,2.16µm
_09907_,2.16µm
_10174_,2.16µm
_10345_,2.16µm
_10354_,2.16µm
_10359_,2.16µm
_10365_,2.16µm
_10381_,2.16µm
_10382_,2.16µm
_10430_,2.16µm
_10476_,2.16µm
_10485_,2.16µm
_10517_,2.16µm
_10531_,2.16µm
_10563_,2.16µm
_10566_,2.16µm
_10604_,2.16µm
_10614_,2.16µm
_11597_,2.16µm
_12516_,2.16µm
_12631_,2.16µm
_12732_,2.16µm
_12765_,2.16µm
_13177_,2.16µm
_00780_,2.04µm
_02063_,2.04µm
_02378_,2.04µm
_02459_,2.04µm
_02464_,2.04µm
_02489_,2.04µm
_03340_,2.04µm
_03389_,2.04µm
_03586_,2.04µm
_03654_,2.04µm
_03751_,2.04µm
_03773_,2.04µm
_04207_,2.04µm
_04293_,2.04µm
_04386_,2.04µm
_04575_,2.04µm
_05050_,2.04µm
_05100_,2.04µm
_05149_,2.04µm
_05494_,2.04µm
_05894_,2.04µm
_05904_,2.04µm
_06221_,2.04µm
_06851_,2.04µm
_06887_,2.04µm
_06962_,2.04µm
_07955_,2.04µm
_07980_,2.04µm
_08875_,2.04µm
_09717_,2.04µm
_10025_,2.04µm
_11078_,2.04µm
_11271_,2.04µm
_11922_,2.04µm
_12032_,2.04µm
_12612_,2.04µm
_12788_,2.04µm
_12929_,2.04µm
_13031_,2.04µm
_13252_,2.04µm
_08162_,2.035µm
_10406_,2.005µm
_12653_,2.005µm
_06214_,1.94µm
_07210_,1.845µm
_10507_,1.845µm
_02521_,1.84µm
_02633_,1.84µm
_02886_,1.84µm
_02926_,1.84µm
_03788_,1.84µm
_04314_,1.84µm
_04678_,1.84µm
_04685_,1.84µm
_04721_,1.84µm
_05059_,1.84µm
_05216_,1.84µm
_05419_,1.84µm
_05573_,1.84µm
_05925_,1.84µm
_06319_,1.84µm
_08515_,1.84µm
_09410_,1.84µm
_10952_,1.84µm
_11376_,1.84µm
_11666_,1.84µm
_11795_,1.84µm
_11877_,1.84µm
_12000_,1.84µm
_12418_,1.84µm
_12855_,1.84µm
_13011_,1.84µm
_13034_,1.84µm
_00534_,1.82µm
_00560_,1.82µm
_00899_,1.82µm
_01031_,1.82µm
_01085_,1.82µm
_01092_,1.82µm
_01096_,1.82µm
_01162_,1.82µm
_03540_,1.82µm
_04963_,1.82µm
_06132_,1.82µm
_06235_,1.82µm
_07076_,1.82µm
_07371_,1.82µm
_07403_,1.82µm
_07443_,1.82µm
_07466_,1.82µm
_09091_,1.82µm
_09654_,1.82µm
_10210_,1.82µm
_00517_,1.785µm
_02981_,1.755µm
_08350_,1.755µm
_08505_,1.755µm
_08537_,1.755µm
_09956_,1.755µm
_09996_,1.755µm
_10086_,1.755µm
_02475_,1.72µm
_00492_,1.7µm
_00531_,1.7µm
_00674_,1.7µm
_00716_,1.7µm
_00843_,1.7µm
_00858_,1.7µm
_00861_,1.7µm
_00901_,1.7µm
_00993_,1.7µm
_01000_,1.7µm
_01069_,1.7µm
_01074_,1.7µm
_01109_,1.7µm
_01931_,1.7µm
_02415_,1.7µm
_02470_,1.7µm
_02491_,1.7µm
_02545_,1.7µm
_02725_,1.7µm
_02757_,1.7µm
_02803_,1.7µm
_03025_,1.7µm
_03030_,1.7µm
_03142_,1.7µm
_03175_,1.7µm
_03208_,1.7µm
_03238_,1.7µm
_03289_,1.7µm
_03337_,1.7µm
_03601_,1.7µm
_03836_,1.7µm
_04115_,1.7µm
_04629_,1.7µm
_05614_,1.7µm
_05751_,1.7µm
_05797_,1.7µm
_05988_,1.7µm
_06369_,1.7µm
_06440_,1.7µm
_07204_,1.7µm
_07223_,1.7µm
_07308_,1.7µm
_07385_,1.7µm
_07483_,1.7µm
_07858_,1.7µm
_08410_,1.7µm
_08481_,1.7µm
_09389_,1.7µm
_09468_,1.7µm
_09473_,1.7µm
_09943_,1.7µm
_10264_,1.7µm
_10405_,1.7µm
_10448_,1.7µm
_10534_,1.7µm
_10544_,1.7µm
_10576_,1.7µm
_10584_,1.7µm
_10839_,1.7µm
_10871_,1.7µm
_11136_,1.7µm
_12035_,1.7µm
_12514_,1.7µm
_12680_,1.7µm
_12768_,1.7µm
_12872_,1.7µm
_13329_,1.7µm
_00567_,1.575µm
_06453_,1.575µm
_10603_,1.575µm
_00505_,1.545µm
_01002_,1.545µm
_07364_,1.545µm
_10496_,1.545µm
_10508_,1.545µm
_05003_,1.525µm
_11190_,1.48µm
_00829_,1.425µm
_02469_,1.38µm
_02905_,1.38µm
_03276_,1.38µm
_03350_,1.38µm
_03381_,1.38µm
_03573_,1.38µm
_03713_,1.38µm
_03800_,1.38µm
_04405_,1.38µm
_06193_,1.38µm
_06562_,1.38µm
_09808_,1.38µm
_09826_,1.38µm
_00685_,1.36µm
_00692_,1.36µm
_00744_,1.36µm
_01012_,1.36µm
_01098_,1.36µm
_01135_,1.36µm
_03301_,1.36µm
_03613_,1.36µm
_05683_,1.36µm
_07214_,1.36µm
_07226_,1.36µm
_07369_,1.36µm
_07407_,1.36µm
_00969_,1.085µm
_01147_,1.085µm
_10535_,1.085µm
_10580_,1.085µm
_07112_,1.02µm
