
===========================================================================
report_checks -path_delay max (Setup)
============================================================================
======================= max_tt_025C_1v80 Corner ===================================

Startpoint: axi_araddr[3] (input port clocked by clk)
Endpoint: axi_rdata[3] (output port clocked by clk)
Path Group: clk
Path Type: max

Fanout         Cap        Slew       Delay        Time   Description
---------------------------------------------------------------------------------------------
                                  0.000000    0.000000   clock clk (rise edge)
                                  0.000000    0.000000   clock network delay (propagated)
                                  2.000000    2.000000 ^ input external delay
     1    0.008289    0.043824    0.028643    2.028643 ^ axi_araddr[3] (in)
                                                         axi_araddr[3] (net)
                      0.043829    0.000000    2.028643 ^ input26/A (sky130_fd_sc_hd__clkdlybuf4s25_1)
     1    0.013602    0.145909    0.317132    2.345775 ^ input26/X (sky130_fd_sc_hd__clkdlybuf4s25_1)
                                                         net26 (net)
                      0.145914    0.001042    2.346817 ^ _081_/B (sky130_fd_sc_hd__xor2_2)
     1    0.009595    0.161057    0.190317    2.537134 ^ _081_/X (sky130_fd_sc_hd__xor2_2)
                                                         net62 (net)
                      0.161060    0.000805    2.537939 ^ output62/A (sky130_fd_sc_hd__clkdlybuf4s25_1)
     1    0.041312    0.415814    0.541531    3.079470 ^ output62/X (sky130_fd_sc_hd__clkdlybuf4s25_1)
                                                         axi_rdata[3] (net)
                      0.415841    0.003612    3.083082 ^ axi_rdata[3] (out)
                                              3.083082   data arrival time

                                 10.000000   10.000000   clock clk (rise edge)
                                  0.000000   10.000000   clock network delay (propagated)
                                 -0.250000    9.750000   clock uncertainty
                                  0.000000    9.750000   clock reconvergence pessimism
                                 -2.000000    7.750000   output external delay
                                              7.750000   data required time
---------------------------------------------------------------------------------------------
                                              7.750000   data required time
                                             -3.083082   data arrival time
---------------------------------------------------------------------------------------------
                                              4.666918   slack (MET)


Startpoint: axi_araddr[30] (input port clocked by clk)
Endpoint: axi_rdata[30] (output port clocked by clk)
Path Group: clk
Path Type: max

Fanout         Cap        Slew       Delay        Time   Description
---------------------------------------------------------------------------------------------
                                  0.000000    0.000000   clock clk (rise edge)
                                  0.000000    0.000000   clock network delay (propagated)
                                  2.000000    2.000000 ^ input external delay
     1    0.008702    0.045663    0.029983    2.029983 ^ axi_araddr[30] (in)
                                                         axi_araddr[30] (net)
                      0.045668    0.000000    2.029983 ^ input24/A (sky130_fd_sc_hd__clkdlybuf4s25_1)
     1    0.014117    0.150870    0.321297    2.351280 ^ input24/X (sky130_fd_sc_hd__clkdlybuf4s25_1)
                                                         net24 (net)
                      0.150874    0.001047    2.352327 ^ _108_/B (sky130_fd_sc_hd__xor2_2)
     1    0.007673    0.141178    0.175479    2.527806 ^ _108_/X (sky130_fd_sc_hd__xor2_2)
                                                         net60 (net)
                      0.141178    0.000666    2.528472 ^ output60/A (sky130_fd_sc_hd__clkdlybuf4s25_1)
     1    0.041643    0.419114    0.539160    3.067631 ^ output60/X (sky130_fd_sc_hd__clkdlybuf4s25_1)
                                                         axi_rdata[30] (net)
                      0.419139    0.003509    3.071140 ^ axi_rdata[30] (out)
                                              3.071140   data arrival time

                                 10.000000   10.000000   clock clk (rise edge)
                                  0.000000   10.000000   clock network delay (propagated)
                                 -0.250000    9.750000   clock uncertainty
                                  0.000000    9.750000   clock reconvergence pessimism
                                 -2.000000    7.750000   output external delay
                                              7.750000   data required time
---------------------------------------------------------------------------------------------
                                              7.750000   data required time
                                             -3.071140   data arrival time
---------------------------------------------------------------------------------------------
                                              4.678860   slack (MET)


Startpoint: axi_araddr[7] (input port clocked by clk)
Endpoint: axi_rdata[7] (output port clocked by clk)
Path Group: clk
Path Type: max

Fanout         Cap        Slew       Delay        Time   Description
---------------------------------------------------------------------------------------------
                                  0.000000    0.000000   clock clk (rise edge)
                                  0.000000    0.000000   clock network delay (propagated)
                                  2.000000    2.000000 ^ input external delay
     1    0.008009    0.042590    0.027760    2.027760 ^ axi_araddr[7] (in)
                                                         axi_araddr[7] (net)
                      0.042597    0.000000    2.027760 ^ input30/A (sky130_fd_sc_hd__clkdlybuf4s25_1)
     1    0.014685    0.156431    0.323716    2.351476 ^ input30/X (sky130_fd_sc_hd__clkdlybuf4s25_1)
                                                         net30 (net)
                      0.156452    0.001853    2.353329 ^ _085_/B (sky130_fd_sc_hd__xor2_2)
     1    0.006356    0.127498    0.165393    2.518722 ^ _085_/X (sky130_fd_sc_hd__xor2_2)
                                                         net66 (net)
                      0.127498    0.000480    2.519202 ^ output66/A (sky130_fd_sc_hd__clkdlybuf4s25_1)
     1    0.039870    0.401738    0.524251    3.043453 ^ output66/X (sky130_fd_sc_hd__clkdlybuf4s25_1)
                                                         axi_rdata[7] (net)
                      0.401751    0.002772    3.046224 ^ axi_rdata[7] (out)
                                              3.046224   data arrival time

                                 10.000000   10.000000   clock clk (rise edge)
                                  0.000000   10.000000   clock network delay (propagated)
                                 -0.250000    9.750000   clock uncertainty
                                  0.000000    9.750000   clock reconvergence pessimism
                                 -2.000000    7.750000   output external delay
                                              7.750000   data required time
---------------------------------------------------------------------------------------------
                                              7.750000   data required time
                                             -3.046224   data arrival time
---------------------------------------------------------------------------------------------
                                              4.703776   slack (MET)


Startpoint: axi_araddr[29] (input port clocked by clk)
Endpoint: axi_rdata[29] (output port clocked by clk)
Path Group: clk
Path Type: max

Fanout         Cap        Slew       Delay        Time   Description
---------------------------------------------------------------------------------------------
                                  0.000000    0.000000   clock clk (rise edge)
                                  0.000000    0.000000   clock network delay (propagated)
                                  2.000000    2.000000 ^ input external delay
     1    0.007561    0.040588    0.026259    2.026258 ^ axi_araddr[29] (in)
                                                         axi_araddr[29] (net)
                      0.040591    0.000000    2.026258 ^ input22/A (sky130_fd_sc_hd__clkdlybuf4s25_1)
     1    0.012114    0.131552    0.305960    2.332219 ^ input22/X (sky130_fd_sc_hd__clkdlybuf4s25_1)
                                                         net22 (net)
                      0.131555    0.000814    2.333033 ^ _107_/B (sky130_fd_sc_hd__xor2_2)
     1    0.006244    0.126336    0.161804    2.494836 ^ _107_/X (sky130_fd_sc_hd__xor2_2)
                                                         net58 (net)
                      0.126337    0.000500    2.495336 ^ output58/A (sky130_fd_sc_hd__clkdlybuf4s25_1)
     1    0.039841    0.401519    0.523565    3.018901 ^ output58/X (sky130_fd_sc_hd__clkdlybuf4s25_1)
                                                         axi_rdata[29] (net)
                      0.401535    0.002933    3.021833 ^ axi_rdata[29] (out)
                                              3.021833   data arrival time

                                 10.000000   10.000000   clock clk (rise edge)
                                  0.000000   10.000000   clock network delay (propagated)
                                 -0.250000    9.750000   clock uncertainty
                                  0.000000    9.750000   clock reconvergence pessimism
                                 -2.000000    7.750000   output external delay
                                              7.750000   data required time
---------------------------------------------------------------------------------------------
                                              7.750000   data required time
                                             -3.021833   data arrival time
---------------------------------------------------------------------------------------------
                                              4.728167   slack (MET)


Startpoint: axi_araddr[28] (input port clocked by clk)
Endpoint: axi_rdata[28] (output port clocked by clk)
Path Group: clk
Path Type: max

Fanout         Cap        Slew       Delay        Time   Description
---------------------------------------------------------------------------------------------
                                  0.000000    0.000000   clock clk (rise edge)
                                  0.000000    0.000000   clock network delay (propagated)
                                  2.000000    2.000000 ^ input external delay
     1    0.006240    0.034743    0.021966    2.021966 ^ axi_araddr[28] (in)
                                                         axi_araddr[28] (net)
                      0.034746    0.000000    2.021966 ^ input21/A (sky130_fd_sc_hd__clkdlybuf4s25_1)
     1    0.012878    0.138947    0.309040    2.331006 ^ input21/X (sky130_fd_sc_hd__clkdlybuf4s25_1)
                                                         net21 (net)
                      0.138950    0.000933    2.331939 ^ _106_/B (sky130_fd_sc_hd__xor2_2)
     1    0.005521    0.118971    0.156743    2.488682 ^ _106_/X (sky130_fd_sc_hd__xor2_2)
                                                         net57 (net)
                      0.118972    0.000389    2.489071 ^ output57/A (sky130_fd_sc_hd__clkdlybuf4s25_1)
     1    0.039579    0.398837    0.519947    3.009018 ^ output57/X (sky130_fd_sc_hd__clkdlybuf4s25_1)
                                                         axi_rdata[28] (net)
                      0.398848    0.002536    3.011553 ^ axi_rdata[28] (out)
                                              3.011553   data arrival time

                                 10.000000   10.000000   clock clk (rise edge)
                                  0.000000   10.000000   clock network delay (propagated)
                                 -0.250000    9.750000   clock uncertainty
                                  0.000000    9.750000   clock reconvergence pessimism
                                 -2.000000    7.750000   output external delay
                                              7.750000   data required time
---------------------------------------------------------------------------------------------
                                              7.750000   data required time
                                             -3.011553   data arrival time
---------------------------------------------------------------------------------------------
                                              4.738447   slack (MET)


Startpoint: axi_araddr[2] (input port clocked by clk)
Endpoint: axi_rdata[2] (output port clocked by clk)
Path Group: clk
Path Type: max

Fanout         Cap        Slew       Delay        Time   Description
---------------------------------------------------------------------------------------------
                                  0.000000    0.000000   clock clk (rise edge)
                                  0.000000    0.000000   clock network delay (propagated)
                                  2.000000    2.000000 ^ input external delay
     1    0.009526    0.049230    0.032832    2.032832 ^ axi_araddr[2] (in)
                                                         axi_araddr[2] (net)
                      0.049248    0.000000    2.032832 ^ input23/A (sky130_fd_sc_hd__clkdlybuf4s25_1)
     1    0.015973    0.168783    0.335145    2.367977 ^ input23/X (sky130_fd_sc_hd__clkdlybuf4s25_1)
                                                         net23 (net)
                      0.168791    0.001357    2.369334 ^ _080_/B (sky130_fd_sc_hd__xor2_2)
     1    0.002902    0.091904    0.138402    2.507736 ^ _080_/X (sky130_fd_sc_hd__xor2_2)
                                                         net59 (net)
                      0.091904    0.000204    2.507940 ^ output59/A (sky130_fd_sc_hd__clkdlybuf4s25_1)
     1    0.037412    0.377260    0.495821    3.003761 ^ output59/X (sky130_fd_sc_hd__clkdlybuf4s25_1)
                                                         axi_rdata[2] (net)
                      0.377270    0.002421    3.006182 ^ axi_rdata[2] (out)
                                              3.006182   data arrival time

                                 10.000000   10.000000   clock clk (rise edge)
                                  0.000000   10.000000   clock network delay (propagated)
                                 -0.250000    9.750000   clock uncertainty
                                  0.000000    9.750000   clock reconvergence pessimism
                                 -2.000000    7.750000   output external delay
                                              7.750000   data required time
---------------------------------------------------------------------------------------------
                                              7.750000   data required time
                                             -3.006182   data arrival time
---------------------------------------------------------------------------------------------
                                              4.743818   slack (MET)


Startpoint: axi_araddr[31] (input port clocked by clk)
Endpoint: axi_rdata[31] (output port clocked by clk)
Path Group: clk
Path Type: max

Fanout         Cap        Slew       Delay        Time   Description
---------------------------------------------------------------------------------------------
                                  0.000000    0.000000   clock clk (rise edge)
                                  0.000000    0.000000   clock network delay (propagated)
                                  2.000000    2.000000 ^ input external delay
     1    0.006679    0.036682    0.023390    2.023390 ^ axi_araddr[31] (in)
                                                         axi_araddr[31] (net)
                      0.036685    0.000000    2.023390 ^ input25/A (sky130_fd_sc_hd__clkdlybuf4s25_1)
     1    0.011761    0.128148    0.302214    2.325604 ^ input25/X (sky130_fd_sc_hd__clkdlybuf4s25_1)
                                                         net25 (net)
                      0.128150    0.000756    2.326360 ^ _109_/B (sky130_fd_sc_hd__xor2_2)
     1    0.005746    0.121205    0.157419    2.483779 ^ _109_/X (sky130_fd_sc_hd__xor2_2)
                                                         net61 (net)
                      0.121205    0.000441    2.484220 ^ output61/A (sky130_fd_sc_hd__clkdlybuf4s25_1)
     1    0.039176    0.394899    0.518142    3.002362 ^ output61/X (sky130_fd_sc_hd__clkdlybuf4s25_1)
                                                         axi_rdata[31] (net)
                      0.394906    0.002227    3.004589 ^ axi_rdata[31] (out)
                                              3.004589   data arrival time

                                 10.000000   10.000000   clock clk (rise edge)
                                  0.000000   10.000000   clock network delay (propagated)
                                 -0.250000    9.750000   clock uncertainty
                                  0.000000    9.750000   clock reconvergence pessimism
                                 -2.000000    7.750000   output external delay
                                              7.750000   data required time
---------------------------------------------------------------------------------------------
                                              7.750000   data required time
                                             -3.004589   data arrival time
---------------------------------------------------------------------------------------------
                                              4.745411   slack (MET)


Startpoint: axi_araddr[6] (input port clocked by clk)
Endpoint: axi_rdata[6] (output port clocked by clk)
Path Group: clk
Path Type: max

Fanout         Cap        Slew       Delay        Time   Description
---------------------------------------------------------------------------------------------
                                  0.000000    0.000000   clock clk (rise edge)
                                  0.000000    0.000000   clock network delay (propagated)
                                  2.000000    2.000000 ^ input external delay
     1    0.007409    0.039922    0.025794    2.025794 ^ axi_araddr[6] (in)
                                                         axi_araddr[6] (net)
                      0.039927    0.000000    2.025794 ^ input29/A (sky130_fd_sc_hd__clkdlybuf4s25_1)
     1    0.013380    0.143761    0.314335    2.340129 ^ input29/X (sky130_fd_sc_hd__clkdlybuf4s25_1)
                                                         net29 (net)
                      0.143764    0.000947    2.341076 ^ _084_/B (sky130_fd_sc_hd__xor2_2)
     1    0.004709    0.110568    0.150625    2.491701 ^ _084_/X (sky130_fd_sc_hd__xor2_2)
                                                         net65 (net)
                      0.110568    0.000355    2.492056 ^ output65/A (sky130_fd_sc_hd__clkdlybuf4s25_1)
     1    0.038268    0.385927    0.508017    3.000073 ^ output65/X (sky130_fd_sc_hd__clkdlybuf4s25_1)
                                                         axi_rdata[6] (net)
                      0.385938    0.002546    3.002619 ^ axi_rdata[6] (out)
                                              3.002619   data arrival time

                                 10.000000   10.000000   clock clk (rise edge)
                                  0.000000   10.000000   clock network delay (propagated)
                                 -0.250000    9.750000   clock uncertainty
                                  0.000000    9.750000   clock reconvergence pessimism
                                 -2.000000    7.750000   output external delay
                                              7.750000   data required time
---------------------------------------------------------------------------------------------
                                              7.750000   data required time
                                             -3.002619   data arrival time
---------------------------------------------------------------------------------------------
                                              4.747381   slack (MET)


Startpoint: axi_araddr[12] (input port clocked by clk)
Endpoint: axi_rdata[12] (output port clocked by clk)
Path Group: clk
Path Type: max

Fanout         Cap        Slew       Delay        Time   Description
---------------------------------------------------------------------------------------------
                                  0.000000    0.000000   clock clk (rise edge)
                                  0.000000    0.000000   clock network delay (propagated)
                                  2.000000    2.000000 ^ input external delay
     1    0.006784    0.037142    0.023705    2.023705 ^ axi_araddr[12] (in)
                                                         axi_araddr[12] (net)
                      0.037144    0.000000    2.023705 ^ input4/A (sky130_fd_sc_hd__clkdlybuf4s25_1)
     1    0.012120    0.131597    0.304869    2.328574 ^ input4/X (sky130_fd_sc_hd__clkdlybuf4s25_1)
                                                         net4 (net)
                      0.131598    0.000732    2.329305 ^ _090_/B (sky130_fd_sc_hd__xor2_2)
     1    0.005877    0.122772    0.158853    2.488158 ^ _090_/X (sky130_fd_sc_hd__xor2_2)
                                                         net40 (net)
                      0.122773    0.000447    2.488605 ^ output40/A (sky130_fd_sc_hd__clkdlybuf4s25_1)
     1    0.038087    0.384253    0.511300    2.999905 ^ output40/X (sky130_fd_sc_hd__clkdlybuf4s25_1)
                                                         axi_rdata[12] (net)
                      0.384259    0.002083    3.001988 ^ axi_rdata[12] (out)
                                              3.001988   data arrival time

                                 10.000000   10.000000   clock clk (rise edge)
                                  0.000000   10.000000   clock network delay (propagated)
                                 -0.250000    9.750000   clock uncertainty
                                  0.000000    9.750000   clock reconvergence pessimism
                                 -2.000000    7.750000   output external delay
                                              7.750000   data required time
---------------------------------------------------------------------------------------------
                                              7.750000   data required time
                                             -3.001988   data arrival time
---------------------------------------------------------------------------------------------
                                              4.748012   slack (MET)


Startpoint: axi_araddr[5] (input port clocked by clk)
Endpoint: axi_rdata[5] (output port clocked by clk)
Path Group: clk
Path Type: max

Fanout         Cap        Slew       Delay        Time   Description
---------------------------------------------------------------------------------------------
                                  0.000000    0.000000   clock clk (rise edge)
                                  0.000000    0.000000   clock network delay (propagated)
                                  2.000000    2.000000 ^ input external delay
     1    0.006674    0.036659    0.023396    2.023396 ^ axi_araddr[5] (in)
                                                         axi_araddr[5] (net)
                      0.036663    0.000000    2.023396 ^ input28/A (sky130_fd_sc_hd__clkdlybuf4s25_1)
     1    0.012830    0.138487    0.309323    2.332719 ^ input28/X (sky130_fd_sc_hd__clkdlybuf4s25_1)
                                                         net28 (net)
                      0.138494    0.001156    2.333875 ^ _083_/B (sky130_fd_sc_hd__xor2_2)
     1    0.004065    0.103956    0.144866    2.478741 ^ _083_/X (sky130_fd_sc_hd__xor2_2)
                                                         net64 (net)
                      0.103959    0.000252    2.478993 ^ output64/A (sky130_fd_sc_hd__clkdlybuf4s25_1)
     1    0.039486    0.397766    0.513817    2.992810 ^ output64/X (sky130_fd_sc_hd__clkdlybuf4s25_1)
                                                         axi_rdata[5] (net)
                      0.397781    0.002879    2.995689 ^ axi_rdata[5] (out)
                                              2.995689   data arrival time

                                 10.000000   10.000000   clock clk (rise edge)
                                  0.000000   10.000000   clock network delay (propagated)
                                 -0.250000    9.750000   clock uncertainty
                                  0.000000    9.750000   clock reconvergence pessimism
                                 -2.000000    7.750000   output external delay
                                              7.750000   data required time
---------------------------------------------------------------------------------------------
                                              7.750000   data required time
                                             -2.995689   data arrival time
---------------------------------------------------------------------------------------------
                                              4.754311   slack (MET)


Startpoint: axi_araddr[1] (input port clocked by clk)
Endpoint: axi_rdata[1] (output port clocked by clk)
Path Group: clk
Path Type: max

Fanout         Cap        Slew       Delay        Time   Description
---------------------------------------------------------------------------------------------
                                  0.000000    0.000000   clock clk (rise edge)
                                  0.000000    0.000000   clock network delay (propagated)
                                  2.000000    2.000000 ^ input external delay
     1    0.008717    0.045638    0.030169    2.030169 ^ axi_araddr[1] (in)
                                                         axi_araddr[1] (net)
                      0.045652    0.000000    2.030169 ^ input12/A (sky130_fd_sc_hd__clkdlybuf4s25_1)
     1    0.014068    0.150394    0.320950    2.351119 ^ input12/X (sky130_fd_sc_hd__clkdlybuf4s25_1)
                                                         net12 (net)
                      0.150399    0.001100    2.352219 ^ _079_/B (sky130_fd_sc_hd__xor2_2)
     1    0.003903    0.102343    0.144760    2.496979 ^ _079_/X (sky130_fd_sc_hd__xor2_2)
                                                         net48 (net)
                      0.102343    0.000248    2.497227 ^ output48/A (sky130_fd_sc_hd__clkdlybuf4s25_1)
     1    0.036892    0.372309    0.496002    2.993229 ^ output48/X (sky130_fd_sc_hd__clkdlybuf4s25_1)
                                                         axi_rdata[1] (net)
                      0.372317    0.002236    2.995465 ^ axi_rdata[1] (out)
                                              2.995465   data arrival time

                                 10.000000   10.000000   clock clk (rise edge)
                                  0.000000   10.000000   clock network delay (propagated)
                                 -0.250000    9.750000   clock uncertainty
                                  0.000000    9.750000   clock reconvergence pessimism
                                 -2.000000    7.750000   output external delay
                                              7.750000   data required time
---------------------------------------------------------------------------------------------
                                              7.750000   data required time
                                             -2.995465   data arrival time
---------------------------------------------------------------------------------------------
                                              4.754535   slack (MET)


Startpoint: axi_araddr[18] (input port clocked by clk)
Endpoint: axi_rdata[18] (output port clocked by clk)
Path Group: clk
Path Type: max

Fanout         Cap        Slew       Delay        Time   Description
---------------------------------------------------------------------------------------------
                                  0.000000    0.000000   clock clk (rise edge)
                                  0.000000    0.000000   clock network delay (propagated)
                                  2.000000    2.000000 ^ input external delay
     1    0.006716    0.036841    0.023525    2.023525 ^ axi_araddr[18] (in)
                                                         axi_araddr[18] (net)
                      0.036845    0.000000    2.023525 ^ input10/A (sky130_fd_sc_hd__clkdlybuf4s25_1)
     1    0.011892    0.129412    0.303146    2.326671 ^ input10/X (sky130_fd_sc_hd__clkdlybuf4s25_1)
                                                         net10 (net)
                      0.129414    0.000788    2.327459 ^ _096_/B (sky130_fd_sc_hd__xor2_2)
     1    0.004759    0.111083    0.149561    2.477021 ^ _096_/X (sky130_fd_sc_hd__xor2_2)
                                                         net46 (net)
                      0.111084    0.000324    2.477345 ^ output46/A (sky130_fd_sc_hd__clkdlybuf4s25_1)
     1    0.037514    0.378755    0.502239    2.979584 ^ output46/X (sky130_fd_sc_hd__clkdlybuf4s25_1)
                                                         axi_rdata[18] (net)
                      0.378788    0.003735    2.983319 ^ axi_rdata[18] (out)
                                              2.983319   data arrival time

                                 10.000000   10.000000   clock clk (rise edge)
                                  0.000000   10.000000   clock network delay (propagated)
                                 -0.250000    9.750000   clock uncertainty
                                  0.000000    9.750000   clock reconvergence pessimism
                                 -2.000000    7.750000   output external delay
                                              7.750000   data required time
---------------------------------------------------------------------------------------------
                                              7.750000   data required time
                                             -2.983319   data arrival time
---------------------------------------------------------------------------------------------
                                              4.766681   slack (MET)


Startpoint: axi_araddr[17] (input port clocked by clk)
Endpoint: axi_rdata[17] (output port clocked by clk)
Path Group: clk
Path Type: max

Fanout         Cap        Slew       Delay        Time   Description
---------------------------------------------------------------------------------------------
                                  0.000000    0.000000   clock clk (rise edge)
                                  0.000000    0.000000   clock network delay (propagated)
                                  2.000000    2.000000 ^ input external delay
     1    0.006874    0.037540    0.024043    2.024043 ^ axi_araddr[17] (in)
                                                         axi_araddr[17] (net)
                      0.037543    0.000000    2.024043 ^ input9/A (sky130_fd_sc_hd__clkdlybuf4s25_1)
     1    0.010875    0.119615    0.296486    2.320529 ^ input9/X (sky130_fd_sc_hd__clkdlybuf4s25_1)
                                                         net9 (net)
                      0.119616    0.000661    2.321190 ^ _095_/B (sky130_fd_sc_hd__xor2_2)
     1    0.004920    0.112780    0.149598    2.470788 ^ _095_/X (sky130_fd_sc_hd__xor2_2)
                                                         net45 (net)
                      0.112780    0.000370    2.471159 ^ output45/A (sky130_fd_sc_hd__clkdlybuf4s25_1)
     1    0.037760    0.381182    0.504486    2.975645 ^ output45/X (sky130_fd_sc_hd__clkdlybuf4s25_1)
                                                         axi_rdata[17] (net)
                      0.381215    0.003748    2.979393 ^ axi_rdata[17] (out)
                                              2.979393   data arrival time

                                 10.000000   10.000000   clock clk (rise edge)
                                  0.000000   10.000000   clock network delay (propagated)
                                 -0.250000    9.750000   clock uncertainty
                                  0.000000    9.750000   clock reconvergence pessimism
                                 -2.000000    7.750000   output external delay
                                              7.750000   data required time
---------------------------------------------------------------------------------------------
                                              7.750000   data required time
                                             -2.979393   data arrival time
---------------------------------------------------------------------------------------------
                                              4.770607   slack (MET)


Startpoint: axi_araddr[11] (input port clocked by clk)
Endpoint: axi_rdata[11] (output port clocked by clk)
Path Group: clk
Path Type: max

Fanout         Cap        Slew       Delay        Time   Description
---------------------------------------------------------------------------------------------
                                  0.000000    0.000000   clock clk (rise edge)
                                  0.000000    0.000000   clock network delay (propagated)
                                  2.000000    2.000000 ^ input external delay
     1    0.006826    0.037331    0.023866    2.023866 ^ axi_araddr[11] (in)
                                                         axi_araddr[11] (net)
                      0.037335    0.000000    2.023866 ^ input3/A (sky130_fd_sc_hd__clkdlybuf4s25_1)
     1    0.012655    0.136773    0.308488    2.332354 ^ input3/X (sky130_fd_sc_hd__clkdlybuf4s25_1)
                                                         net3 (net)
                      0.136777    0.000922    2.333275 ^ _089_/B (sky130_fd_sc_hd__xor2_2)
     1    0.003931    0.102626    0.143586    2.476861 ^ _089_/X (sky130_fd_sc_hd__xor2_2)
                                                         net39 (net)
                      0.102626    0.000278    2.477139 ^ output39/A (sky130_fd_sc_hd__clkdlybuf4s25_1)
     1    0.037055    0.373941    0.497062    2.974202 ^ output39/X (sky130_fd_sc_hd__clkdlybuf4s25_1)
                                                         axi_rdata[11] (net)
                      0.373951    0.002405    2.976606 ^ axi_rdata[11] (out)
                                              2.976606   data arrival time

                                 10.000000   10.000000   clock clk (rise edge)
                                  0.000000   10.000000   clock network delay (propagated)
                                 -0.250000    9.750000   clock uncertainty
                                  0.000000    9.750000   clock reconvergence pessimism
                                 -2.000000    7.750000   output external delay
                                              7.750000   data required time
---------------------------------------------------------------------------------------------
                                              7.750000   data required time
                                             -2.976606   data arrival time
---------------------------------------------------------------------------------------------
                                              4.773393   slack (MET)


Startpoint: axi_araddr[25] (input port clocked by clk)
Endpoint: axi_rdata[25] (output port clocked by clk)
Path Group: clk
Path Type: max

Fanout         Cap        Slew       Delay        Time   Description
---------------------------------------------------------------------------------------------
                                  0.000000    0.000000   clock clk (rise edge)
                                  0.000000    0.000000   clock network delay (propagated)
                                  2.000000    2.000000 ^ input external delay
     1    0.005071    0.029577    0.018180    2.018180 ^ axi_araddr[25] (in)
                                                         axi_araddr[25] (net)
                      0.029579    0.000000    2.018180 ^ input18/A (sky130_fd_sc_hd__clkdlybuf4s25_1)
     1    0.011268    0.123426    0.296343    2.314523 ^ input18/X (sky130_fd_sc_hd__clkdlybuf4s25_1)
                                                         net18 (net)
                      0.123428    0.000742    2.315264 ^ _103_/B (sky130_fd_sc_hd__xor2_2)
     1    0.004797    0.111519    0.149230    2.464494 ^ _103_/X (sky130_fd_sc_hd__xor2_2)
                                                         net54 (net)
                      0.111519    0.000374    2.464868 ^ output54/A (sky130_fd_sc_hd__clkdlybuf4s25_1)
     1    0.037792    0.381285    0.505104    2.969972 ^ output54/X (sky130_fd_sc_hd__clkdlybuf4s25_1)
                                                         axi_rdata[25] (net)
                      0.381296    0.002514    2.972486 ^ axi_rdata[25] (out)
                                              2.972486   data arrival time

                                 10.000000   10.000000   clock clk (rise edge)
                                  0.000000   10.000000   clock network delay (propagated)
                                 -0.250000    9.750000   clock uncertainty
                                  0.000000    9.750000   clock reconvergence pessimism
                                 -2.000000    7.750000   output external delay
                                              7.750000   data required time
---------------------------------------------------------------------------------------------
                                              7.750000   data required time
                                             -2.972486   data arrival time
---------------------------------------------------------------------------------------------
                                              4.777514   slack (MET)


Startpoint: axi_araddr[27] (input port clocked by clk)
Endpoint: axi_rdata[27] (output port clocked by clk)
Path Group: clk
Path Type: max

Fanout         Cap        Slew       Delay        Time   Description
---------------------------------------------------------------------------------------------
                                  0.000000    0.000000   clock clk (rise edge)
                                  0.000000    0.000000   clock network delay (propagated)
                                  2.000000    2.000000 ^ input external delay
     1    0.006750    0.036994    0.023602    2.023602 ^ axi_araddr[27] (in)
                                                         axi_araddr[27] (net)
                      0.036997    0.000000    2.023602 ^ input20/A (sky130_fd_sc_hd__clkdlybuf4s25_1)
     1    0.011164    0.122396    0.298282    2.321884 ^ input20/X (sky130_fd_sc_hd__clkdlybuf4s25_1)
                                                         net20 (net)
                      0.122397    0.000659    2.322542 ^ _105_/B (sky130_fd_sc_hd__xor2_2)
     1    0.003926    0.102464    0.142075    2.464617 ^ _105_/X (sky130_fd_sc_hd__xor2_2)
                                                         net56 (net)
                      0.102466    0.000250    2.464867 ^ output56/A (sky130_fd_sc_hd__clkdlybuf4s25_1)
     1    0.038002    0.383144    0.503658    2.968525 ^ output56/X (sky130_fd_sc_hd__clkdlybuf4s25_1)
                                                         axi_rdata[27] (net)
                      0.383151    0.002183    2.970708 ^ axi_rdata[27] (out)
                                              2.970708   data arrival time

                                 10.000000   10.000000   clock clk (rise edge)
                                  0.000000   10.000000   clock network delay (propagated)
                                 -0.250000    9.750000   clock uncertainty
                                  0.000000    9.750000   clock reconvergence pessimism
                                 -2.000000    7.750000   output external delay
                                              7.750000   data required time
---------------------------------------------------------------------------------------------
                                              7.750000   data required time
                                             -2.970708   data arrival time
---------------------------------------------------------------------------------------------
                                              4.779292   slack (MET)


Startpoint: axi_araddr[4] (input port clocked by clk)
Endpoint: axi_rdata[4] (output port clocked by clk)
Path Group: clk
Path Type: max

Fanout         Cap        Slew       Delay        Time   Description
---------------------------------------------------------------------------------------------
                                  0.000000    0.000000   clock clk (rise edge)
                                  0.000000    0.000000   clock network delay (propagated)
                                  2.000000    2.000000 ^ input external delay
     1    0.005689    0.032317    0.020181    2.020181 ^ axi_araddr[4] (in)
                                                         axi_araddr[4] (net)
                      0.032320    0.000000    2.020181 ^ input27/A (sky130_fd_sc_hd__clkdlybuf4s25_1)
     1    0.011396    0.124640    0.298212    2.318393 ^ input27/X (sky130_fd_sc_hd__clkdlybuf4s25_1)
                                                         net27 (net)
                      0.124642    0.000709    2.319102 ^ _082_/B (sky130_fd_sc_hd__xor2_2)
     1    0.004132    0.104754    0.143995    2.463098 ^ _082_/X (sky130_fd_sc_hd__xor2_2)
                                                         net63 (net)
                      0.104756    0.000185    2.463283 ^ output63/A (sky130_fd_sc_hd__clkdlybuf4s25_1)
     1    0.037711    0.380378    0.502290    2.965573 ^ output63/X (sky130_fd_sc_hd__clkdlybuf4s25_1)
                                                         axi_rdata[4] (net)
                      0.380389    0.002493    2.968066 ^ axi_rdata[4] (out)
                                              2.968066   data arrival time

                                 10.000000   10.000000   clock clk (rise edge)
                                  0.000000   10.000000   clock network delay (propagated)
                                 -0.250000    9.750000   clock uncertainty
                                  0.000000    9.750000   clock reconvergence pessimism
                                 -2.000000    7.750000   output external delay
                                              7.750000   data required time
---------------------------------------------------------------------------------------------
                                              7.750000   data required time
                                             -2.968066   data arrival time
---------------------------------------------------------------------------------------------
                                              4.781934   slack (MET)


Startpoint: axi_araddr[9] (input port clocked by clk)
Endpoint: axi_rdata[9] (output port clocked by clk)
Path Group: clk
Path Type: max

Fanout         Cap        Slew       Delay        Time   Description
---------------------------------------------------------------------------------------------
                                  0.000000    0.000000   clock clk (rise edge)
                                  0.000000    0.000000   clock network delay (propagated)
                                  2.000000    2.000000 ^ input external delay
     1    0.007452    0.040112    0.025929    2.025929 ^ axi_araddr[9] (in)
                                                         axi_araddr[9] (net)
                      0.040118    0.000000    2.025929 ^ input32/A (sky130_fd_sc_hd__clkdlybuf4s25_1)
     1    0.011312    0.123831    0.300305    2.326234 ^ input32/X (sky130_fd_sc_hd__clkdlybuf4s25_1)
                                                         net32 (net)
                      0.123834    0.000748    2.326982 ^ _087_/B (sky130_fd_sc_hd__xor2_2)
     1    0.003961    0.102932    0.142508    2.469489 ^ _087_/X (sky130_fd_sc_hd__xor2_2)
                                                         net68 (net)
                      0.102932    0.000259    2.469749 ^ output68/A (sky130_fd_sc_hd__clkdlybuf4s25_1)
     1    0.036296    0.366508    0.492120    2.961869 ^ output68/X (sky130_fd_sc_hd__clkdlybuf4s25_1)
                                                         axi_rdata[9] (net)
                      0.366516    0.002205    2.964073 ^ axi_rdata[9] (out)
                                              2.964073   data arrival time

                                 10.000000   10.000000   clock clk (rise edge)
                                  0.000000   10.000000   clock network delay (propagated)
                                 -0.250000    9.750000   clock uncertainty
                                  0.000000    9.750000   clock reconvergence pessimism
                                 -2.000000    7.750000   output external delay
                                              7.750000   data required time
---------------------------------------------------------------------------------------------
                                              7.750000   data required time
                                             -2.964073   data arrival time
---------------------------------------------------------------------------------------------
                                              4.785926   slack (MET)


Startpoint: axi_araddr[0] (input port clocked by clk)
Endpoint: axi_rdata[0] (output port clocked by clk)
Path Group: clk
Path Type: max

Fanout         Cap        Slew       Delay        Time   Description
---------------------------------------------------------------------------------------------
                                  0.000000    0.000000   clock clk (rise edge)
                                  0.000000    0.000000   clock network delay (propagated)
                                  2.000000    2.000000 ^ input external delay
     1    0.004291    0.026209    0.015601    2.015601 ^ axi_araddr[0] (in)
                                                         axi_araddr[0] (net)
                      0.026211    0.000000    2.015601 ^ input1/A (sky130_fd_sc_hd__clkdlybuf4s25_1)
     1    0.010482    0.115853    0.289882    2.305483 ^ input1/X (sky130_fd_sc_hd__clkdlybuf4s25_1)
                                                         net1 (net)
                      0.115854    0.000608    2.306091 ^ _078_/B (sky130_fd_sc_hd__xor2_2)
     1    0.004321    0.106677    0.144067    2.450158 ^ _078_/X (sky130_fd_sc_hd__xor2_2)
                                                         net37 (net)
                      0.106677    0.000283    2.450441 ^ output37/A (sky130_fd_sc_hd__clkdlybuf4s25_1)
     1    0.038566    0.388795    0.508605    2.959046 ^ output37/X (sky130_fd_sc_hd__clkdlybuf4s25_1)
                                                         axi_rdata[0] (net)
                      0.388808    0.002703    2.961749 ^ axi_rdata[0] (out)
                                              2.961749   data arrival time

                                 10.000000   10.000000   clock clk (rise edge)
                                  0.000000   10.000000   clock network delay (propagated)
                                 -0.250000    9.750000   clock uncertainty
                                  0.000000    9.750000   clock reconvergence pessimism
                                 -2.000000    7.750000   output external delay
                                              7.750000   data required time
---------------------------------------------------------------------------------------------
                                              7.750000   data required time
                                             -2.961749   data arrival time
---------------------------------------------------------------------------------------------
                                              4.788251   slack (MET)


Startpoint: axi_araddr[26] (input port clocked by clk)
Endpoint: axi_rdata[26] (output port clocked by clk)
Path Group: clk
Path Type: max

Fanout         Cap        Slew       Delay        Time   Description
---------------------------------------------------------------------------------------------
                                  0.000000    0.000000   clock clk (rise edge)
                                  0.000000    0.000000   clock network delay (propagated)
                                  2.000000    2.000000 ^ input external delay
     1    0.006121    0.034220    0.021582    2.021582 ^ axi_araddr[26] (in)
                                                         axi_araddr[26] (net)
                      0.034223    0.000000    2.021582 ^ input19/A (sky130_fd_sc_hd__clkdlybuf4s25_1)
     1    0.011223    0.122980    0.297653    2.319235 ^ input19/X (sky130_fd_sc_hd__clkdlybuf4s25_1)
                                                         net19 (net)
                      0.122982    0.000735    2.319970 ^ _104_/B (sky130_fd_sc_hd__xor2_2)
     1    0.003359    0.096649    0.137536    2.457507 ^ _104_/X (sky130_fd_sc_hd__xor2_2)
                                                         net55 (net)
                      0.096649    0.000222    2.457729 ^ output55/A (sky130_fd_sc_hd__clkdlybuf4s25_1)
     1    0.037830    0.381366    0.500508    2.958237 ^ output55/X (sky130_fd_sc_hd__clkdlybuf4s25_1)
                                                         axi_rdata[26] (net)
                      0.381372    0.002119    2.960356 ^ axi_rdata[26] (out)
                                              2.960356   data arrival time

                                 10.000000   10.000000   clock clk (rise edge)
                                  0.000000   10.000000   clock network delay (propagated)
                                 -0.250000    9.750000   clock uncertainty
                                  0.000000    9.750000   clock reconvergence pessimism
                                 -2.000000    7.750000   output external delay
                                              7.750000   data required time
---------------------------------------------------------------------------------------------
                                              7.750000   data required time
                                             -2.960356   data arrival time
---------------------------------------------------------------------------------------------
                                              4.789644   slack (MET)


Startpoint: axi_araddr[16] (input port clocked by clk)
Endpoint: axi_rdata[16] (output port clocked by clk)
Path Group: clk
Path Type: max

Fanout         Cap        Slew       Delay        Time   Description
---------------------------------------------------------------------------------------------
                                  0.000000    0.000000   clock clk (rise edge)
                                  0.000000    0.000000   clock network delay (propagated)
                                  2.000000    2.000000 ^ input external delay
     1    0.005213    0.030199    0.018632    2.018632 ^ axi_araddr[16] (in)
                                                         axi_araddr[16] (net)
                      0.030202    0.000000    2.018632 ^ input8/A (sky130_fd_sc_hd__clkdlybuf4s25_1)
     1    0.010340    0.114457    0.290452    2.309084 ^ input8/X (sky130_fd_sc_hd__clkdlybuf4s25_1)
                                                         net8 (net)
                      0.114457    0.000331    2.309415 ^ _094_/B (sky130_fd_sc_hd__xor2_2)
     1    0.003775    0.101095    0.139400    2.448815 ^ _094_/X (sky130_fd_sc_hd__xor2_2)
                                                         net44 (net)
                      0.101095    0.000169    2.448983 ^ output44/A (sky130_fd_sc_hd__clkdlybuf4s25_1)
     1    0.037534    0.378578    0.499881    2.948865 ^ output44/X (sky130_fd_sc_hd__clkdlybuf4s25_1)
                                                         axi_rdata[16] (net)
                      0.378588    0.002407    2.951272 ^ axi_rdata[16] (out)
                                              2.951272   data arrival time

                                 10.000000   10.000000   clock clk (rise edge)
                                  0.000000   10.000000   clock network delay (propagated)
                                 -0.250000    9.750000   clock uncertainty
                                  0.000000    9.750000   clock reconvergence pessimism
                                 -2.000000    7.750000   output external delay
                                              7.750000   data required time
---------------------------------------------------------------------------------------------
                                              7.750000   data required time
                                             -2.951272   data arrival time
---------------------------------------------------------------------------------------------
                                              4.798728   slack (MET)


Startpoint: axi_araddr[23] (input port clocked by clk)
Endpoint: axi_rdata[23] (output port clocked by clk)
Path Group: clk
Path Type: max

Fanout         Cap        Slew       Delay        Time   Description
---------------------------------------------------------------------------------------------
                                  0.000000    0.000000   clock clk (rise edge)
                                  0.000000    0.000000   clock network delay (propagated)
                                  2.000000    2.000000 ^ input external delay
     1    0.005796    0.032787    0.020525    2.020525 ^ axi_araddr[23] (in)
                                                         axi_araddr[23] (net)
                      0.032790    0.000000    2.020525 ^ input16/A (sky130_fd_sc_hd__clkdlybuf4s25_1)
     1    0.009780    0.109101    0.287360    2.307885 ^ input16/X (sky130_fd_sc_hd__clkdlybuf4s25_1)
                                                         net16 (net)
                      0.109102    0.000584    2.308470 ^ _101_/B (sky130_fd_sc_hd__xor2_2)
     1    0.004333    0.106730    0.142909    2.451379 ^ _101_/X (sky130_fd_sc_hd__xor2_2)
                                                         net52 (net)
                      0.106730    0.000291    2.451669 ^ output52/A (sky130_fd_sc_hd__clkdlybuf4s25_1)
     1    0.036268    0.366292    0.493236    2.944905 ^ output52/X (sky130_fd_sc_hd__clkdlybuf4s25_1)
                                                         axi_rdata[23] (net)
                      0.366300    0.002196    2.947100 ^ axi_rdata[23] (out)
                                              2.947100   data arrival time

                                 10.000000   10.000000   clock clk (rise edge)
                                  0.000000   10.000000   clock network delay (propagated)
                                 -0.250000    9.750000   clock uncertainty
                                  0.000000    9.750000   clock reconvergence pessimism
                                 -2.000000    7.750000   output external delay
                                              7.750000   data required time
---------------------------------------------------------------------------------------------
                                              7.750000   data required time
                                             -2.947100   data arrival time
---------------------------------------------------------------------------------------------
                                              4.802899   slack (MET)


Startpoint: axi_araddr[13] (input port clocked by clk)
Endpoint: axi_rdata[13] (output port clocked by clk)
Path Group: clk
Path Type: max

Fanout         Cap        Slew       Delay        Time   Description
---------------------------------------------------------------------------------------------
                                  0.000000    0.000000   clock clk (rise edge)
                                  0.000000    0.000000   clock network delay (propagated)
                                  2.000000    2.000000 ^ input external delay
     1    0.005886    0.033182    0.020822    2.020822 ^ axi_araddr[13] (in)
                                                         axi_araddr[13] (net)
                      0.033186    0.000000    2.020822 ^ input5/A (sky130_fd_sc_hd__clkdlybuf4s25_1)
     1    0.009035    0.101943    0.282437    2.303259 ^ input5/X (sky130_fd_sc_hd__clkdlybuf4s25_1)
                                                         net5 (net)
                      0.101944    0.000503    2.303762 ^ _091_/B (sky130_fd_sc_hd__xor2_2)
     1    0.003307    0.096206    0.133323    2.437085 ^ _091_/X (sky130_fd_sc_hd__xor2_2)
                                                         net41 (net)
                      0.096206    0.000144    2.437229 ^ output41/A (sky130_fd_sc_hd__clkdlybuf4s25_1)
     1    0.038841    0.391290    0.506953    2.944183 ^ output41/X (sky130_fd_sc_hd__clkdlybuf4s25_1)
                                                         axi_rdata[13] (net)
                      0.391302    0.002671    2.946854 ^ axi_rdata[13] (out)
                                              2.946854   data arrival time

                                 10.000000   10.000000   clock clk (rise edge)
                                  0.000000   10.000000   clock network delay (propagated)
                                 -0.250000    9.750000   clock uncertainty
                                  0.000000    9.750000   clock reconvergence pessimism
                                 -2.000000    7.750000   output external delay
                                              7.750000   data required time
---------------------------------------------------------------------------------------------
                                              7.750000   data required time
                                             -2.946854   data arrival time
---------------------------------------------------------------------------------------------
                                              4.803145   slack (MET)


Startpoint: axi_araddr[15] (input port clocked by clk)
Endpoint: axi_rdata[15] (output port clocked by clk)
Path Group: clk
Path Type: max

Fanout         Cap        Slew       Delay        Time   Description
---------------------------------------------------------------------------------------------
                                  0.000000    0.000000   clock clk (rise edge)
                                  0.000000    0.000000   clock network delay (propagated)
                                  2.000000    2.000000 ^ input external delay
     1    0.005763    0.032643    0.020419    2.020419 ^ axi_araddr[15] (in)
                                                         axi_araddr[15] (net)
                      0.032646    0.000000    2.020419 ^ input7/A (sky130_fd_sc_hd__clkdlybuf4s25_1)
     1    0.011197    0.122739    0.296891    2.317310 ^ input7/X (sky130_fd_sc_hd__clkdlybuf4s25_1)
                                                         net7 (net)
                      0.122742    0.000781    2.318091 ^ _093_/B (sky130_fd_sc_hd__xor2_2)
     1    0.002839    0.091220    0.133260    2.451351 ^ _093_/X (sky130_fd_sc_hd__xor2_2)
                                                         net43 (net)
                      0.091221    0.000199    2.451550 ^ output43/A (sky130_fd_sc_hd__clkdlybuf4s25_1)
     1    0.037001    0.373227    0.492863    2.944413 ^ output43/X (sky130_fd_sc_hd__clkdlybuf4s25_1)
                                                         axi_rdata[15] (net)
                      0.373236    0.002305    2.946718 ^ axi_rdata[15] (out)
                                              2.946718   data arrival time

                                 10.000000   10.000000   clock clk (rise edge)
                                  0.000000   10.000000   clock network delay (propagated)
                                 -0.250000    9.750000   clock uncertainty
                                  0.000000    9.750000   clock reconvergence pessimism
                                 -2.000000    7.750000   output external delay
                                              7.750000   data required time
---------------------------------------------------------------------------------------------
                                              7.750000   data required time
                                             -2.946718   data arrival time
---------------------------------------------------------------------------------------------
                                              4.803281   slack (MET)


Startpoint: axi_araddr[10] (input port clocked by clk)
Endpoint: axi_rdata[10] (output port clocked by clk)
Path Group: clk
Path Type: max

Fanout         Cap        Slew       Delay        Time   Description
---------------------------------------------------------------------------------------------
                                  0.000000    0.000000   clock clk (rise edge)
                                  0.000000    0.000000   clock network delay (propagated)
                                  2.000000    2.000000 ^ input external delay
     1    0.005728    0.032489    0.020312    2.020312 ^ axi_araddr[10] (in)
                                                         axi_araddr[10] (net)
                      0.032493    0.000000    2.020312 ^ input2/A (sky130_fd_sc_hd__clkdlybuf4s25_1)
     1    0.009947    0.110706    0.288388    2.308700 ^ input2/X (sky130_fd_sc_hd__clkdlybuf4s25_1)
                                                         net2 (net)
                      0.110707    0.000602    2.309302 ^ _088_/B (sky130_fd_sc_hd__xor2_2)
     1    0.002958    0.092484    0.132061    2.441363 ^ _088_/X (sky130_fd_sc_hd__xor2_2)
                                                         net38 (net)
                      0.092485    0.000216    2.441579 ^ output38/A (sky130_fd_sc_hd__clkdlybuf4s25_1)
     1    0.037281    0.375971    0.495211    2.936790 ^ output38/X (sky130_fd_sc_hd__clkdlybuf4s25_1)
                                                         axi_rdata[10] (net)
                      0.375979    0.002263    2.939053 ^ axi_rdata[10] (out)
                                              2.939053   data arrival time

                                 10.000000   10.000000   clock clk (rise edge)
                                  0.000000   10.000000   clock network delay (propagated)
                                 -0.250000    9.750000   clock uncertainty
                                  0.000000    9.750000   clock reconvergence pessimism
                                 -2.000000    7.750000   output external delay
                                              7.750000   data required time
---------------------------------------------------------------------------------------------
                                              7.750000   data required time
                                             -2.939053   data arrival time
---------------------------------------------------------------------------------------------
                                              4.810947   slack (MET)


Startpoint: axi_araddr[21] (input port clocked by clk)
Endpoint: axi_rdata[21] (output port clocked by clk)
Path Group: clk
Path Type: max

Fanout         Cap        Slew       Delay        Time   Description
---------------------------------------------------------------------------------------------
                                  0.000000    0.000000   clock clk (rise edge)
                                  0.000000    0.000000   clock network delay (propagated)
                                  2.000000    2.000000 ^ input external delay
     1    0.005606    0.031914    0.019915    2.019915 ^ axi_araddr[21] (in)
                                                         axi_araddr[21] (net)
                      0.031917    0.000000    2.019915 ^ input14/A (sky130_fd_sc_hd__clkdlybuf4s25_1)
     1    0.010372    0.114765    0.291256    2.311171 ^ input14/X (sky130_fd_sc_hd__clkdlybuf4s25_1)
                                                         net14 (net)
                      0.114765    0.000355    2.311526 ^ _099_/B (sky130_fd_sc_hd__xor2_2)
     1    0.003129    0.094231    0.134211    2.445737 ^ _099_/X (sky130_fd_sc_hd__xor2_2)
                                                         net50 (net)
                      0.094231    0.000154    2.445891 ^ output50/A (sky130_fd_sc_hd__clkdlybuf4s25_1)
     1    0.036246    0.365883    0.488853    2.934745 ^ output50/X (sky130_fd_sc_hd__clkdlybuf4s25_1)
                                                         axi_rdata[21] (net)
                      0.365890    0.002108    2.936853 ^ axi_rdata[21] (out)
                                              2.936853   data arrival time

                                 10.000000   10.000000   clock clk (rise edge)
                                  0.000000   10.000000   clock network delay (propagated)
                                 -0.250000    9.750000   clock uncertainty
                                  0.000000    9.750000   clock reconvergence pessimism
                                 -2.000000    7.750000   output external delay
                                              7.750000   data required time
---------------------------------------------------------------------------------------------
                                              7.750000   data required time
                                             -2.936853   data arrival time
---------------------------------------------------------------------------------------------
                                              4.813148   slack (MET)


Startpoint: axi_araddr[22] (input port clocked by clk)
Endpoint: axi_rdata[22] (output port clocked by clk)
Path Group: clk
Path Type: max

Fanout         Cap        Slew       Delay        Time   Description
---------------------------------------------------------------------------------------------
                                  0.000000    0.000000   clock clk (rise edge)
                                  0.000000    0.000000   clock network delay (propagated)
                                  2.000000    2.000000 ^ input external delay
     1    0.005534    0.031635    0.019675    2.019675 ^ axi_araddr[22] (in)
                                                         axi_araddr[22] (net)
                      0.031638    0.000000    2.019675 ^ input15/A (sky130_fd_sc_hd__clkdlybuf4s25_1)
     1    0.010225    0.113383    0.289981    2.309656 ^ input15/X (sky130_fd_sc_hd__clkdlybuf4s25_1)
                                                         net15 (net)
                      0.113385    0.000646    2.310302 ^ _100_/B (sky130_fd_sc_hd__xor2_2)
     1    0.003018    0.093115    0.133046    2.443348 ^ _100_/X (sky130_fd_sc_hd__xor2_2)
                                                         net51 (net)
                      0.093115    0.000207    2.443556 ^ output51/A (sky130_fd_sc_hd__clkdlybuf4s25_1)
     1    0.036380    0.367170    0.489384    2.932940 ^ output51/X (sky130_fd_sc_hd__clkdlybuf4s25_1)
                                                         axi_rdata[22] (net)
                      0.367177    0.002109    2.935048 ^ axi_rdata[22] (out)
                                              2.935048   data arrival time

                                 10.000000   10.000000   clock clk (rise edge)
                                  0.000000   10.000000   clock network delay (propagated)
                                 -0.250000    9.750000   clock uncertainty
                                  0.000000    9.750000   clock reconvergence pessimism
                                 -2.000000    7.750000   output external delay
                                              7.750000   data required time
---------------------------------------------------------------------------------------------
                                              7.750000   data required time
                                             -2.935048   data arrival time
---------------------------------------------------------------------------------------------
                                              4.814952   slack (MET)


Startpoint: axi_araddr[24] (input port clocked by clk)
Endpoint: axi_rdata[24] (output port clocked by clk)
Path Group: clk
Path Type: max

Fanout         Cap        Slew       Delay        Time   Description
---------------------------------------------------------------------------------------------
                                  0.000000    0.000000   clock clk (rise edge)
                                  0.000000    0.000000   clock network delay (propagated)
                                  2.000000    2.000000 ^ input external delay
     1    0.004633    0.027697    0.016759    2.016759 ^ axi_araddr[24] (in)
                                                         axi_araddr[24] (net)
                      0.027699    0.000000    2.016759 ^ input17/A (sky130_fd_sc_hd__clkdlybuf4s25_1)
     1    0.010012    0.111333    0.287185    2.303945 ^ input17/X (sky130_fd_sc_hd__clkdlybuf4s25_1)
                                                         net17 (net)
                      0.111334    0.000592    2.304536 ^ _102_/B (sky130_fd_sc_hd__xor2_2)
     1    0.002579    0.088663    0.129078    2.433614 ^ _102_/X (sky130_fd_sc_hd__xor2_2)
                                                         net53 (net)
                      0.088663    0.000187    2.433800 ^ output53/A (sky130_fd_sc_hd__clkdlybuf4s25_1)
     1    0.037299    0.376102    0.493972    2.927772 ^ output53/X (sky130_fd_sc_hd__clkdlybuf4s25_1)
                                                         axi_rdata[24] (net)
                      0.376111    0.002324    2.930096 ^ axi_rdata[24] (out)
                                              2.930096   data arrival time

                                 10.000000   10.000000   clock clk (rise edge)
                                  0.000000   10.000000   clock network delay (propagated)
                                 -0.250000    9.750000   clock uncertainty
                                  0.000000    9.750000   clock reconvergence pessimism
                                 -2.000000    7.750000   output external delay
                                              7.750000   data required time
---------------------------------------------------------------------------------------------
                                              7.750000   data required time
                                             -2.930096   data arrival time
---------------------------------------------------------------------------------------------
                                              4.819904   slack (MET)


Startpoint: axi_araddr[8] (input port clocked by clk)
Endpoint: axi_rdata[8] (output port clocked by clk)
Path Group: clk
Path Type: max

Fanout         Cap        Slew       Delay        Time   Description
---------------------------------------------------------------------------------------------
                                  0.000000    0.000000   clock clk (rise edge)
                                  0.000000    0.000000   clock network delay (propagated)
                                  2.000000    2.000000 ^ input external delay
     1    0.004037    0.025107    0.014708    2.014708 ^ axi_araddr[8] (in)
                                                         axi_araddr[8] (net)
                      0.025109    0.000000    2.014708 ^ input31/A (sky130_fd_sc_hd__clkdlybuf4s25_1)
     1    0.009853    0.109811    0.285228    2.299936 ^ input31/X (sky130_fd_sc_hd__clkdlybuf4s25_1)
                                                         net31 (net)
                      0.109811    0.000551    2.300487 ^ _086_/B (sky130_fd_sc_hd__xor2_2)
     1    0.003671    0.100023    0.137690    2.438177 ^ _086_/X (sky130_fd_sc_hd__xor2_2)
                                                         net67 (net)
                      0.100023    0.000251    2.438428 ^ output67/A (sky130_fd_sc_hd__clkdlybuf4s25_1)
     1    0.035476    0.358418    0.485739    2.924167 ^ output67/X (sky130_fd_sc_hd__clkdlybuf4s25_1)
                                                         axi_rdata[8] (net)
                      0.358422    0.001879    2.926045 ^ axi_rdata[8] (out)
                                              2.926045   data arrival time

                                 10.000000   10.000000   clock clk (rise edge)
                                  0.000000   10.000000   clock network delay (propagated)
                                 -0.250000    9.750000   clock uncertainty
                                  0.000000    9.750000   clock reconvergence pessimism
                                 -2.000000    7.750000   output external delay
                                              7.750000   data required time
---------------------------------------------------------------------------------------------
                                              7.750000   data required time
                                             -2.926045   data arrival time
---------------------------------------------------------------------------------------------
                                              4.823955   slack (MET)


Startpoint: axi_araddr[20] (input port clocked by clk)
Endpoint: axi_rdata[20] (output port clocked by clk)
Path Group: clk
Path Type: max

Fanout         Cap        Slew       Delay        Time   Description
---------------------------------------------------------------------------------------------
                                  0.000000    0.000000   clock clk (rise edge)
                                  0.000000    0.000000   clock network delay (propagated)
                                  2.000000    2.000000 ^ input external delay
     1    0.003837    0.024239    0.014005    2.014004 ^ axi_araddr[20] (in)
                                                         axi_araddr[20] (net)
                      0.024240    0.000000    2.014004 ^ input13/A (sky130_fd_sc_hd__clkdlybuf4s25_1)
     1    0.009433    0.105776    0.282061    2.296065 ^ input13/X (sky130_fd_sc_hd__clkdlybuf4s25_1)
                                                         net13 (net)
                      0.105777    0.000527    2.296592 ^ _098_/B (sky130_fd_sc_hd__xor2_2)
     1    0.003025    0.093210    0.131713    2.428305 ^ _098_/X (sky130_fd_sc_hd__xor2_2)
                                                         net49 (net)
                      0.093210    0.000208    2.428514 ^ output49/A (sky130_fd_sc_hd__clkdlybuf4s25_1)
     1    0.036781    0.371109    0.492046    2.920559 ^ output49/X (sky130_fd_sc_hd__clkdlybuf4s25_1)
                                                         axi_rdata[20] (net)
                      0.371117    0.002260    2.922820 ^ axi_rdata[20] (out)
                                              2.922820   data arrival time

                                 10.000000   10.000000   clock clk (rise edge)
                                  0.000000   10.000000   clock network delay (propagated)
                                 -0.250000    9.750000   clock uncertainty
                                  0.000000    9.750000   clock reconvergence pessimism
                                 -2.000000    7.750000   output external delay
                                              7.750000   data required time
---------------------------------------------------------------------------------------------
                                              7.750000   data required time
                                             -2.922820   data arrival time
---------------------------------------------------------------------------------------------
                                              4.827180   slack (MET)


Startpoint: axi_araddr[19] (input port clocked by clk)
Endpoint: axi_rdata[19] (output port clocked by clk)
Path Group: clk
Path Type: max

Fanout         Cap        Slew       Delay        Time   Description
---------------------------------------------------------------------------------------------
                                  0.000000    0.000000   clock clk (rise edge)
                                  0.000000    0.000000   clock network delay (propagated)
                                  2.000000    2.000000 ^ input external delay
     1    0.003991    0.024910    0.014550    2.014550 ^ axi_araddr[19] (in)
                                                         axi_araddr[19] (net)
                      0.024912    0.000000    2.014550 ^ input11/A (sky130_fd_sc_hd__clkdlybuf4s25_1)
     1    0.009985    0.111078    0.286050    2.300600 ^ input11/X (sky130_fd_sc_hd__clkdlybuf4s25_1)
                                                         net11 (net)
                      0.111078    0.000577    2.301177 ^ _097_/B (sky130_fd_sc_hd__xor2_2)
     1    0.003225    0.095222    0.134315    2.435492 ^ _097_/X (sky130_fd_sc_hd__xor2_2)
                                                         net47 (net)
                      0.095222    0.000219    2.435711 ^ output47/A (sky130_fd_sc_hd__clkdlybuf4s25_1)
     1    0.034777    0.351521    0.479349    2.915060 ^ output47/X (sky130_fd_sc_hd__clkdlybuf4s25_1)
                                                         axi_rdata[19] (net)
                      0.351525    0.001792    2.916852 ^ axi_rdata[19] (out)
                                              2.916852   data arrival time

                                 10.000000   10.000000   clock clk (rise edge)
                                  0.000000   10.000000   clock network delay (propagated)
                                 -0.250000    9.750000   clock uncertainty
                                  0.000000    9.750000   clock reconvergence pessimism
                                 -2.000000    7.750000   output external delay
                                              7.750000   data required time
---------------------------------------------------------------------------------------------
                                              7.750000   data required time
                                             -2.916852   data arrival time
---------------------------------------------------------------------------------------------
                                              4.833148   slack (MET)


Startpoint: axi_araddr[14] (input port clocked by clk)
Endpoint: axi_rdata[14] (output port clocked by clk)
Path Group: clk
Path Type: max

Fanout         Cap        Slew       Delay        Time   Description
---------------------------------------------------------------------------------------------
                                  0.000000    0.000000   clock clk (rise edge)
                                  0.000000    0.000000   clock network delay (propagated)
                                  2.000000    2.000000 ^ input external delay
     1    0.004321    0.026341    0.015707    2.015707 ^ axi_araddr[14] (in)
                                                         axi_araddr[14] (net)
                      0.026343    0.000000    2.015707 ^ input6/A (sky130_fd_sc_hd__clkdlybuf4s25_1)
     1    0.009533    0.106730    0.283463    2.299171 ^ input6/X (sky130_fd_sc_hd__clkdlybuf4s25_1)
                                                         net6 (net)
                      0.106731    0.000531    2.299702 ^ _092_/B (sky130_fd_sc_hd__xor2_2)
     1    0.003298    0.096027    0.134113    2.433815 ^ _092_/X (sky130_fd_sc_hd__xor2_2)
                                                         net42 (net)
                      0.096027    0.000228    2.434043 ^ output42/A (sky130_fd_sc_hd__clkdlybuf4s25_1)
     1    0.034597    0.349755    0.478481    2.912524 ^ output42/X (sky130_fd_sc_hd__clkdlybuf4s25_1)
                                                         axi_rdata[14] (net)
                      0.349758    0.001677    2.914201 ^ axi_rdata[14] (out)
                                              2.914201   data arrival time

                                 10.000000   10.000000   clock clk (rise edge)
                                  0.000000   10.000000   clock network delay (propagated)
                                 -0.250000    9.750000   clock uncertainty
                                  0.000000    9.750000   clock reconvergence pessimism
                                 -2.000000    7.750000   output external delay
                                              7.750000   data required time
---------------------------------------------------------------------------------------------
                                              7.750000   data required time
                                             -2.914201   data arrival time
---------------------------------------------------------------------------------------------
                                              4.835799   slack (MET)


Startpoint: axi_wvalid (input port clocked by clk)
Endpoint: axi_wready (output port clocked by clk)
Path Group: clk
Path Type: max

Fanout         Cap        Slew       Delay        Time   Description
---------------------------------------------------------------------------------------------
                                  0.000000    0.000000   clock clk (rise edge)
                                  0.000000    0.000000   clock network delay (propagated)
                                  2.000000    2.000000 ^ input external delay
     1    0.003652    0.023438    0.013356    2.013356 ^ axi_wvalid (in)
                                                         axi_wvalid (net)
                      0.023440    0.000000    2.013356 ^ _235_/A (sky130_fd_sc_hd__buf_2)
     1    0.003541    0.029893    0.085616    2.098972 ^ _235_/X (sky130_fd_sc_hd__buf_2)
                                                         net69 (net)
                      0.029895    0.000228    2.099200 ^ output69/A (sky130_fd_sc_hd__clkdlybuf4s25_1)
     1    0.036370    0.367165    0.467319    2.566519 ^ output69/X (sky130_fd_sc_hd__clkdlybuf4s25_1)
                                                         axi_wready (net)
                      0.367172    0.002106    2.568625 ^ axi_wready (out)
                                              2.568625   data arrival time

                                 10.000000   10.000000   clock clk (rise edge)
                                  0.000000   10.000000   clock network delay (propagated)
                                 -0.250000    9.750000   clock uncertainty
                                  0.000000    9.750000   clock reconvergence pessimism
                                 -2.000000    7.750000   output external delay
                                              7.750000   data required time
---------------------------------------------------------------------------------------------
                                              7.750000   data required time
                                             -2.568625   data arrival time
---------------------------------------------------------------------------------------------
                                              5.181375   slack (MET)


Startpoint: axi_awvalid (input port clocked by clk)
Endpoint: axi_awready (output port clocked by clk)
Path Group: clk
Path Type: max

Fanout         Cap        Slew       Delay        Time   Description
---------------------------------------------------------------------------------------------
                                  0.000000    0.000000   clock clk (rise edge)
                                  0.000000    0.000000   clock network delay (propagated)
                                  2.000000    2.000000 ^ input external delay
     1    0.003985    0.024881    0.014524    2.014524 ^ axi_awvalid (in)
                                                         axi_awvalid (net)
                      0.024883    0.000000    2.014524 ^ _234_/A (sky130_fd_sc_hd__buf_2)
     1    0.003716    0.030642    0.086900    2.101424 ^ _234_/X (sky130_fd_sc_hd__buf_2)
                                                         net36 (net)
                      0.030645    0.000241    2.101665 ^ output36/A (sky130_fd_sc_hd__clkdlybuf4s25_1)
     1    0.034726    0.351066    0.456564    2.558229 ^ output36/X (sky130_fd_sc_hd__clkdlybuf4s25_1)
                                                         axi_awready (net)
                      0.351070    0.001765    2.559994 ^ axi_awready (out)
                                              2.559994   data arrival time

                                 10.000000   10.000000   clock clk (rise edge)
                                  0.000000   10.000000   clock network delay (propagated)
                                 -0.250000    9.750000   clock uncertainty
                                  0.000000    9.750000   clock reconvergence pessimism
                                 -2.000000    7.750000   output external delay
                                              7.750000   data required time
---------------------------------------------------------------------------------------------
                                              7.750000   data required time
                                             -2.559994   data arrival time
---------------------------------------------------------------------------------------------
                                              5.190006   slack (MET)


Startpoint: axi_arvalid (input port clocked by clk)
Endpoint: axi_arready (output port clocked by clk)
Path Group: clk
Path Type: max

Fanout         Cap        Slew       Delay        Time   Description
---------------------------------------------------------------------------------------------
                                  0.000000    0.000000   clock clk (rise edge)
                                  0.000000    0.000000   clock network delay (propagated)
                                  2.000000    2.000000 ^ input external delay
     1    0.003312    0.021949    0.012159    2.012159 ^ axi_arvalid (in)
                                                         axi_arvalid (net)
                      0.021957    0.000000    2.012159 ^ _233_/A (sky130_fd_sc_hd__buf_2)
     1    0.002761    0.026681    0.081750    2.093909 ^ _233_/X (sky130_fd_sc_hd__buf_2)
                                                         net35 (net)
                      0.026681    0.000202    2.094111 ^ output35/A (sky130_fd_sc_hd__clkdlybuf4s25_1)
     1    0.034533    0.349297    0.453803    2.547913 ^ output35/X (sky130_fd_sc_hd__clkdlybuf4s25_1)
                                                         axi_arready (net)
                      0.349302    0.001843    2.549757 ^ axi_arready (out)
                                              2.549757   data arrival time

                                 10.000000   10.000000   clock clk (rise edge)
                                  0.000000   10.000000   clock network delay (propagated)
                                 -0.250000    9.750000   clock uncertainty
                                  0.000000    9.750000   clock reconvergence pessimism
                                 -2.000000    7.750000   output external delay
                                              7.750000   data required time
---------------------------------------------------------------------------------------------
                                              7.750000   data required time
                                             -2.549757   data arrival time
---------------------------------------------------------------------------------------------
                                              5.200243   slack (MET)


Startpoint: _219_ (rising edge-triggered flip-flop clocked by clk)
Endpoint: gpio_out[0] (output port clocked by clk)
Path Group: clk
Path Type: max

Fanout         Cap        Slew       Delay        Time   Description
---------------------------------------------------------------------------------------------
                                  0.000000    0.000000   clock clk (rise edge)
                                  0.000000    0.000000   clock source latency
     1    0.016165    0.078644    0.054001    0.054001 ^ clk (in)
                                                         clk (net)
                      0.078659    0.000000    0.054001 ^ clkbuf_0_clk/A (sky130_fd_sc_hd__clkbuf_16)
     4    0.040815    0.060534    0.153952    0.207952 ^ clkbuf_0_clk/X (sky130_fd_sc_hd__clkbuf_16)
                                                         clknet_0_clk (net)
                      0.060682    0.002499    0.210452 ^ clkbuf_2_1__f_clk/A (sky130_fd_sc_hd__clkbuf_16)
    13    0.042672    0.062096    0.149189    0.359641 ^ clkbuf_2_1__f_clk/X (sky130_fd_sc_hd__clkbuf_16)
                                                         clknet_2_1__leaf_clk (net)
                      0.062096    0.000256    0.359897 ^ _219_/CLK (sky130_fd_sc_hd__dfrtp_2)
     1    0.013326    0.081937    0.383540    0.743437 ^ _219_/Q (sky130_fd_sc_hd__dfrtp_2)
                                                         net70 (net)
                      0.081950    0.001016    0.744453 ^ output70/A (sky130_fd_sc_hd__clkdlybuf4s25_1)
     1    0.047692    0.477262    0.561457    1.305909 ^ output70/X (sky130_fd_sc_hd__clkdlybuf4s25_1)
                                                         gpio_out[0] (net)
                      0.477443    0.004220    1.310129 ^ gpio_out[0] (out)
                                              1.310129   data arrival time

                                 10.000000   10.000000   clock clk (rise edge)
                                  0.000000   10.000000   clock network delay (propagated)
                                 -0.250000    9.750000   clock uncertainty
                                  0.000000    9.750000   clock reconvergence pessimism
                                 -2.000000    7.750000   output external delay
                                              7.750000   data required time
---------------------------------------------------------------------------------------------
                                              7.750000   data required time
                                             -1.310129   data arrival time
---------------------------------------------------------------------------------------------
                                              6.439871   slack (MET)


Startpoint: _186_ (rising edge-triggered flip-flop clocked by clk)
Endpoint: uart_tx (output port clocked by clk)
Path Group: clk
Path Type: max

Fanout         Cap        Slew       Delay        Time   Description
---------------------------------------------------------------------------------------------
                                  0.000000    0.000000   clock clk (rise edge)
                                  0.000000    0.000000   clock source latency
     1    0.016165    0.078644    0.054001    0.054001 ^ clk (in)
                                                         clk (net)
                      0.078659    0.000000    0.054001 ^ clkbuf_0_clk/A (sky130_fd_sc_hd__clkbuf_16)
     4    0.040815    0.060534    0.153952    0.207952 ^ clkbuf_0_clk/X (sky130_fd_sc_hd__clkbuf_16)
                                                         clknet_0_clk (net)
                      0.060682    0.002499    0.210452 ^ clkbuf_2_1__f_clk/A (sky130_fd_sc_hd__clkbuf_16)
    13    0.042672    0.062096    0.149189    0.359641 ^ clkbuf_2_1__f_clk/X (sky130_fd_sc_hd__clkbuf_16)
                                                         clknet_2_1__leaf_clk (net)
                      0.062096    0.000427    0.360068 ^ _186_/CLK (sky130_fd_sc_hd__dfrtp_2)
     2    0.013995    0.084785    0.385950    0.746018 ^ _186_/Q (sky130_fd_sc_hd__dfrtp_2)
                                                         net78 (net)
                      0.084788    0.000643    0.746662 ^ output78/A (sky130_fd_sc_hd__clkdlybuf4s25_1)
     1    0.038004    0.382948    0.497320    1.243981 ^ output78/X (sky130_fd_sc_hd__clkdlybuf4s25_1)
                                                         uart_tx (net)
                      0.382959    0.002504    1.246485 ^ uart_tx (out)
                                              1.246485   data arrival time

                                 10.000000   10.000000   clock clk (rise edge)
                                  0.000000   10.000000   clock network delay (propagated)
                                 -0.250000    9.750000   clock uncertainty
                                  0.000000    9.750000   clock reconvergence pessimism
                                 -2.000000    7.750000   output external delay
                                              7.750000   data required time
---------------------------------------------------------------------------------------------
                                              7.750000   data required time
                                             -1.246485   data arrival time
---------------------------------------------------------------------------------------------
                                              6.503515   slack (MET)


Startpoint: _220_ (rising edge-triggered flip-flop clocked by clk)
Endpoint: gpio_out[1] (output port clocked by clk)
Path Group: clk
Path Type: max

Fanout         Cap        Slew       Delay        Time   Description
---------------------------------------------------------------------------------------------
                                  0.000000    0.000000   clock clk (rise edge)
                                  0.000000    0.000000   clock source latency
     1    0.016165    0.078644    0.054001    0.054001 ^ clk (in)
                                                         clk (net)
                      0.078659    0.000000    0.054001 ^ clkbuf_0_clk/A (sky130_fd_sc_hd__clkbuf_16)
     4    0.040815    0.060534    0.153952    0.207952 ^ clkbuf_0_clk/X (sky130_fd_sc_hd__clkbuf_16)
                                                         clknet_0_clk (net)
                      0.060682    0.002499    0.210452 ^ clkbuf_2_1__f_clk/A (sky130_fd_sc_hd__clkbuf_16)
    13    0.042672    0.062096    0.149189    0.359641 ^ clkbuf_2_1__f_clk/X (sky130_fd_sc_hd__clkbuf_16)
                                                         clknet_2_1__leaf_clk (net)
                      0.062155    0.001665    0.361306 ^ _220_/CLK (sky130_fd_sc_hd__dfrtp_2)
     1    0.006230    0.052734    0.353840    0.715145 ^ _220_/Q (sky130_fd_sc_hd__dfrtp_2)
                                                         net71 (net)
                      0.052734    0.000437    0.715582 ^ output71/A (sky130_fd_sc_hd__clkdlybuf4s25_1)
     1    0.039007    0.392243    0.493055    1.208636 ^ output71/X (sky130_fd_sc_hd__clkdlybuf4s25_1)
                                                         gpio_out[1] (net)
                      0.392253    0.002525    1.211161 ^ gpio_out[1] (out)
                                              1.211161   data arrival time

                                 10.000000   10.000000   clock clk (rise edge)
                                  0.000000   10.000000   clock network delay (propagated)
                                 -0.250000    9.750000   clock uncertainty
                                  0.000000    9.750000   clock reconvergence pessimism
                                 -2.000000    7.750000   output external delay
                                              7.750000   data required time
---------------------------------------------------------------------------------------------
                                              7.750000   data required time
                                             -1.211161   data arrival time
---------------------------------------------------------------------------------------------
                                              6.538838   slack (MET)


Startpoint: _224_ (rising edge-triggered flip-flop clocked by clk)
Endpoint: gpio_out[5] (output port clocked by clk)
Path Group: clk
Path Type: max

Fanout         Cap        Slew       Delay        Time   Description
---------------------------------------------------------------------------------------------
                                  0.000000    0.000000   clock clk (rise edge)
                                  0.000000    0.000000   clock source latency
     1    0.016165    0.078644    0.054001    0.054001 ^ clk (in)
                                                         clk (net)
                      0.078659    0.000000    0.054001 ^ clkbuf_0_clk/A (sky130_fd_sc_hd__clkbuf_16)
     4    0.040815    0.060534    0.153952    0.207952 ^ clkbuf_0_clk/X (sky130_fd_sc_hd__clkbuf_16)
                                                         clknet_0_clk (net)
                      0.060666    0.002368    0.210320 ^ clkbuf_2_2__f_clk/A (sky130_fd_sc_hd__clkbuf_16)
    13    0.036812    0.056920    0.145095    0.355416 ^ clkbuf_2_2__f_clk/X (sky130_fd_sc_hd__clkbuf_16)
                                                         clknet_2_2__leaf_clk (net)
                      0.056938    0.000895    0.356311 ^ _224_/CLK (sky130_fd_sc_hd__dfrtp_2)
     1    0.005560    0.050049    0.349041    0.705352 ^ _224_/Q (sky130_fd_sc_hd__dfrtp_2)
                                                         net75 (net)
                      0.050055    0.000391    0.705743 ^ output75/A (sky130_fd_sc_hd__clkdlybuf4s25_1)
     1    0.037819    0.380737    0.484105    1.189848 ^ output75/X (sky130_fd_sc_hd__clkdlybuf4s25_1)
                                                         gpio_out[5] (net)
                      0.380748    0.002454    1.192303 ^ gpio_out[5] (out)
                                              1.192303   data arrival time

                                 10.000000   10.000000   clock clk (rise edge)
                                  0.000000   10.000000   clock network delay (propagated)
                                 -0.250000    9.750000   clock uncertainty
                                  0.000000    9.750000   clock reconvergence pessimism
                                 -2.000000    7.750000   output external delay
                                              7.750000   data required time
---------------------------------------------------------------------------------------------
                                              7.750000   data required time
                                             -1.192303   data arrival time
---------------------------------------------------------------------------------------------
                                              6.557697   slack (MET)


Startpoint: _223_ (rising edge-triggered flip-flop clocked by clk)
Endpoint: gpio_out[4] (output port clocked by clk)
Path Group: clk
Path Type: max

Fanout         Cap        Slew       Delay        Time   Description
---------------------------------------------------------------------------------------------
                                  0.000000    0.000000   clock clk (rise edge)
                                  0.000000    0.000000   clock source latency
     1    0.016165    0.078644    0.054001    0.054001 ^ clk (in)
                                                         clk (net)
                      0.078659    0.000000    0.054001 ^ clkbuf_0_clk/A (sky130_fd_sc_hd__clkbuf_16)
     4    0.040815    0.060534    0.153952    0.207952 ^ clkbuf_0_clk/X (sky130_fd_sc_hd__clkbuf_16)
                                                         clknet_0_clk (net)
                      0.060675    0.002449    0.210401 ^ clkbuf_2_0__f_clk/A (sky130_fd_sc_hd__clkbuf_16)
     9    0.034984    0.055248    0.143296    0.353697 ^ clkbuf_2_0__f_clk/X (sky130_fd_sc_hd__clkbuf_16)
                                                         clknet_2_0__leaf_clk (net)
                      0.055384    0.001819    0.355516 ^ _223_/CLK (sky130_fd_sc_hd__dfrtp_2)
     1    0.005177    0.048581    0.346817    0.702332 ^ _223_/Q (sky130_fd_sc_hd__dfrtp_2)
                                                         net74 (net)
                      0.048581    0.000386    0.702719 ^ output74/A (sky130_fd_sc_hd__clkdlybuf4s25_1)
     1    0.037561    0.378296    0.481745    1.184464 ^ output74/X (sky130_fd_sc_hd__clkdlybuf4s25_1)
                                                         gpio_out[4] (net)
                      0.378308    0.002556    1.187019 ^ gpio_out[4] (out)
                                              1.187019   data arrival time

                                 10.000000   10.000000   clock clk (rise edge)
                                  0.000000   10.000000   clock network delay (propagated)
                                 -0.250000    9.750000   clock uncertainty
                                  0.000000    9.750000   clock reconvergence pessimism
                                 -2.000000    7.750000   output external delay
                                              7.750000   data required time
---------------------------------------------------------------------------------------------
                                              7.750000   data required time
                                             -1.187019   data arrival time
---------------------------------------------------------------------------------------------
                                              6.562981   slack (MET)


Startpoint: _226_ (rising edge-triggered flip-flop clocked by clk)
Endpoint: gpio_out[7] (output port clocked by clk)
Path Group: clk
Path Type: max

Fanout         Cap        Slew       Delay        Time   Description
---------------------------------------------------------------------------------------------
                                  0.000000    0.000000   clock clk (rise edge)
                                  0.000000    0.000000   clock source latency
     1    0.016165    0.078644    0.054001    0.054001 ^ clk (in)
                                                         clk (net)
                      0.078659    0.000000    0.054001 ^ clkbuf_0_clk/A (sky130_fd_sc_hd__clkbuf_16)
     4    0.040815    0.060534    0.153952    0.207952 ^ clkbuf_0_clk/X (sky130_fd_sc_hd__clkbuf_16)
                                                         clknet_0_clk (net)
                      0.060666    0.002368    0.210320 ^ clkbuf_2_2__f_clk/A (sky130_fd_sc_hd__clkbuf_16)
    13    0.036812    0.056920    0.145095    0.355416 ^ clkbuf_2_2__f_clk/X (sky130_fd_sc_hd__clkbuf_16)
                                                         clknet_2_2__leaf_clk (net)
                      0.056931    0.000736    0.356152 ^ _226_/CLK (sky130_fd_sc_hd__dfrtp_2)
     1    0.005074    0.048188    0.346941    0.703093 ^ _226_/Q (sky130_fd_sc_hd__dfrtp_2)
                                                         net77 (net)
                      0.048188    0.000384    0.703477 ^ output77/A (sky130_fd_sc_hd__clkdlybuf4s25_1)
     1    0.037021    0.373018    0.478066    1.181542 ^ output77/X (sky130_fd_sc_hd__clkdlybuf4s25_1)
                                                         gpio_out[7] (net)
                      0.373027    0.002283    1.183825 ^ gpio_out[7] (out)
                                              1.183825   data arrival time

                                 10.000000   10.000000   clock clk (rise edge)
                                  0.000000   10.000000   clock network delay (propagated)
                                 -0.250000    9.750000   clock uncertainty
                                  0.000000    9.750000   clock reconvergence pessimism
                                 -2.000000    7.750000   output external delay
                                              7.750000   data required time
---------------------------------------------------------------------------------------------
                                              7.750000   data required time
                                             -1.183825   data arrival time
---------------------------------------------------------------------------------------------
                                              6.566175   slack (MET)


Startpoint: _221_ (rising edge-triggered flip-flop clocked by clk)
Endpoint: gpio_out[2] (output port clocked by clk)
Path Group: clk
Path Type: max

Fanout         Cap        Slew       Delay        Time   Description
---------------------------------------------------------------------------------------------
                                  0.000000    0.000000   clock clk (rise edge)
                                  0.000000    0.000000   clock source latency
     1    0.016165    0.078644    0.054001    0.054001 ^ clk (in)
                                                         clk (net)
                      0.078659    0.000000    0.054001 ^ clkbuf_0_clk/A (sky130_fd_sc_hd__clkbuf_16)
     4    0.040815    0.060534    0.153952    0.207952 ^ clkbuf_0_clk/X (sky130_fd_sc_hd__clkbuf_16)
                                                         clknet_0_clk (net)
                      0.060675    0.002449    0.210401 ^ clkbuf_2_0__f_clk/A (sky130_fd_sc_hd__clkbuf_16)
     9    0.034984    0.055248    0.143296    0.353697 ^ clkbuf_2_0__f_clk/X (sky130_fd_sc_hd__clkbuf_16)
                                                         clknet_2_0__leaf_clk (net)
                      0.055391    0.001895    0.355592 ^ _221_/CLK (sky130_fd_sc_hd__dfrtp_2)
     1    0.004709    0.046796    0.344831    0.700423 ^ _221_/Q (sky130_fd_sc_hd__dfrtp_2)
                                                         net72 (net)
                      0.046796    0.000323    0.700746 ^ output72/A (sky130_fd_sc_hd__clkdlybuf4s25_1)
     1    0.036463    0.367591    0.473902    1.174648 ^ output72/X (sky130_fd_sc_hd__clkdlybuf4s25_1)
                                                         gpio_out[2] (net)
                      0.367597    0.002087    1.176735 ^ gpio_out[2] (out)
                                              1.176735   data arrival time

                                 10.000000   10.000000   clock clk (rise edge)
                                  0.000000   10.000000   clock network delay (propagated)
                                 -0.250000    9.750000   clock uncertainty
                                  0.000000    9.750000   clock reconvergence pessimism
                                 -2.000000    7.750000   output external delay
                                              7.750000   data required time
---------------------------------------------------------------------------------------------
                                              7.750000   data required time
                                             -1.176735   data arrival time
---------------------------------------------------------------------------------------------
                                              6.573265   slack (MET)


Startpoint: _222_ (rising edge-triggered flip-flop clocked by clk)
Endpoint: gpio_out[3] (output port clocked by clk)
Path Group: clk
Path Type: max

Fanout         Cap        Slew       Delay        Time   Description
---------------------------------------------------------------------------------------------
                                  0.000000    0.000000   clock clk (rise edge)
                                  0.000000    0.000000   clock source latency
     1    0.016165    0.078644    0.054001    0.054001 ^ clk (in)
                                                         clk (net)
                      0.078659    0.000000    0.054001 ^ clkbuf_0_clk/A (sky130_fd_sc_hd__clkbuf_16)
     4    0.040815    0.060534    0.153952    0.207952 ^ clkbuf_0_clk/X (sky130_fd_sc_hd__clkbuf_16)
                                                         clknet_0_clk (net)
                      0.060666    0.002368    0.210320 ^ clkbuf_2_2__f_clk/A (sky130_fd_sc_hd__clkbuf_16)
    13    0.036812    0.056920    0.145095    0.355416 ^ clkbuf_2_2__f_clk/X (sky130_fd_sc_hd__clkbuf_16)
                                                         clknet_2_2__leaf_clk (net)
                      0.056937    0.000871    0.356287 ^ _222_/CLK (sky130_fd_sc_hd__dfrtp_2)
     1    0.005446    0.049606    0.348533    0.704820 ^ _222_/Q (sky130_fd_sc_hd__dfrtp_2)
                                                         net73 (net)
                      0.049609    0.000408    0.705228 ^ output73/A (sky130_fd_sc_hd__clkdlybuf4s25_1)
     1    0.034898    0.352241    0.464392    1.169620 ^ output73/X (sky130_fd_sc_hd__clkdlybuf4s25_1)
                                                         gpio_out[3] (net)
                      0.352246    0.001799    1.171419 ^ gpio_out[3] (out)
                                              1.171419   data arrival time

                                 10.000000   10.000000   clock clk (rise edge)
                                  0.000000   10.000000   clock network delay (propagated)
                                 -0.250000    9.750000   clock uncertainty
                                  0.000000    9.750000   clock reconvergence pessimism
                                 -2.000000    7.750000   output external delay
                                              7.750000   data required time
---------------------------------------------------------------------------------------------
                                              7.750000   data required time
                                             -1.171419   data arrival time
---------------------------------------------------------------------------------------------
                                              6.578581   slack (MET)


Startpoint: _225_ (rising edge-triggered flip-flop clocked by clk)
Endpoint: gpio_out[6] (output port clocked by clk)
Path Group: clk
Path Type: max

Fanout         Cap        Slew       Delay        Time   Description
---------------------------------------------------------------------------------------------
                                  0.000000    0.000000   clock clk (rise edge)
                                  0.000000    0.000000   clock source latency
     1    0.016165    0.078644    0.054001    0.054001 ^ clk (in)
                                                         clk (net)
                      0.078659    0.000000    0.054001 ^ clkbuf_0_clk/A (sky130_fd_sc_hd__clkbuf_16)
     4    0.040815    0.060534    0.153952    0.207952 ^ clkbuf_0_clk/X (sky130_fd_sc_hd__clkbuf_16)
                                                         clknet_0_clk (net)
                      0.060666    0.002368    0.210320 ^ clkbuf_2_2__f_clk/A (sky130_fd_sc_hd__clkbuf_16)
    13    0.036812    0.056920    0.145095    0.355416 ^ clkbuf_2_2__f_clk/X (sky130_fd_sc_hd__clkbuf_16)
                                                         clknet_2_2__leaf_clk (net)
                      0.056921    0.000486    0.355901 ^ _225_/CLK (sky130_fd_sc_hd__dfrtp_2)
     1    0.003757    0.042442    0.340408    0.696309 ^ _225_/Q (sky130_fd_sc_hd__dfrtp_2)
                                                         net76 (net)
                      0.042442    0.000268    0.696577 ^ output76/A (sky130_fd_sc_hd__clkdlybuf4s25_1)
     1    0.034891    0.352382    0.461761    1.158338 ^ output76/X (sky130_fd_sc_hd__clkdlybuf4s25_1)
                                                         gpio_out[6] (net)
                      0.352388    0.001903    1.160241 ^ gpio_out[6] (out)
                                              1.160241   data arrival time

                                 10.000000   10.000000   clock clk (rise edge)
                                  0.000000   10.000000   clock network delay (propagated)
                                 -0.250000    9.750000   clock uncertainty
                                  0.000000    9.750000   clock reconvergence pessimism
                                 -2.000000    7.750000   output external delay
                                              7.750000   data required time
---------------------------------------------------------------------------------------------
                                              7.750000   data required time
                                             -1.160241   data arrival time
---------------------------------------------------------------------------------------------
                                              6.589758   slack (MET)


Startpoint: uart_rx (input port clocked by clk)
Endpoint: _186_ (rising edge-triggered flip-flop clocked by clk)
Path Group: clk
Path Type: max

Fanout         Cap        Slew       Delay        Time   Description
---------------------------------------------------------------------------------------------
                                  0.000000    0.000000   clock clk (rise edge)
                                  0.000000    0.000000   clock network delay (propagated)
                                  2.000000    2.000000 v input external delay
     1    0.013610    0.032288    0.022262    2.022262 v uart_rx (in)
                                                         uart_rx (net)
                      0.032298    0.000000    2.022262 v input34/A (sky130_fd_sc_hd__clkdlybuf4s25_1)
     1    0.016605    0.131887    0.314495    2.336757 v input34/X (sky130_fd_sc_hd__clkdlybuf4s25_1)
                                                         net34 (net)
                      0.131909    0.001682    2.338439 v _185_/B (sky130_fd_sc_hd__xor2_2)
     1    0.003057    0.057694    0.168342    2.506781 v _185_/X (sky130_fd_sc_hd__xor2_2)
                                                         _032_ (net)
                      0.057695    0.000218    2.506999 v _186_/D (sky130_fd_sc_hd__dfrtp_2)
                                              2.506999   data arrival time

                                 10.000000   10.000000   clock clk (rise edge)
                                  0.000000   10.000000   clock source latency
     1    0.016165    0.078644    0.054000   10.054001 ^ clk (in)
                                                         clk (net)
                      0.078659    0.000000   10.054001 ^ clkbuf_0_clk/A (sky130_fd_sc_hd__clkbuf_16)
     4    0.040815    0.060534    0.153952   10.207953 ^ clkbuf_0_clk/X (sky130_fd_sc_hd__clkbuf_16)
                                                         clknet_0_clk (net)
                      0.060682    0.002499   10.210452 ^ clkbuf_2_1__f_clk/A (sky130_fd_sc_hd__clkbuf_16)
    13    0.042672    0.062096    0.149189   10.359641 ^ clkbuf_2_1__f_clk/X (sky130_fd_sc_hd__clkbuf_16)
                                                         clknet_2_1__leaf_clk (net)
                      0.062096    0.000427   10.360068 ^ _186_/CLK (sky130_fd_sc_hd__dfrtp_2)
                                 -0.250000   10.110068   clock uncertainty
                                  0.000000   10.110068   clock reconvergence pessimism
                                 -0.117104    9.992964   library setup time
                                              9.992964   data required time
---------------------------------------------------------------------------------------------
                                              9.992964   data required time
                                             -2.506999   data arrival time
---------------------------------------------------------------------------------------------
                                              7.485964   slack (MET)


Startpoint: _187_ (rising edge-triggered flip-flop clocked by clk)
Endpoint: _218_ (rising edge-triggered flip-flop clocked by clk)
Path Group: clk
Path Type: max

Fanout         Cap        Slew       Delay        Time   Description
---------------------------------------------------------------------------------------------
                                  0.000000    0.000000   clock clk (rise edge)
                                  0.000000    0.000000   clock source latency
     1    0.016165    0.078644    0.054001    0.054001 ^ clk (in)
                                                         clk (net)
                      0.078659    0.000000    0.054001 ^ clkbuf_0_clk/A (sky130_fd_sc_hd__clkbuf_16)
     4    0.040815    0.060534    0.153952    0.207952 ^ clkbuf_0_clk/X (sky130_fd_sc_hd__clkbuf_16)
                                                         clknet_0_clk (net)
                      0.060682    0.002499    0.210452 ^ clkbuf_2_1__f_clk/A (sky130_fd_sc_hd__clkbuf_16)
    13    0.042672    0.062096    0.149189    0.359641 ^ clkbuf_2_1__f_clk/X (sky130_fd_sc_hd__clkbuf_16)
                                                         clknet_2_1__leaf_clk (net)
                      0.062159    0.001704    0.361345 ^ _187_/CLK (sky130_fd_sc_hd__dfrtp_2)
     6    0.031071    0.159500    0.443918    0.805263 ^ _187_/Q (sky130_fd_sc_hd__dfrtp_2)
                                                         counter[0] (net)
                      0.159513    0.001521    0.806783 ^ _114_/A (sky130_fd_sc_hd__and4_2)
     8    0.040325    0.221625    0.382455    1.189238 ^ _114_/X (sky130_fd_sc_hd__and4_2)
                                                         _035_ (net)
                      0.221655    0.002645    1.191883 ^ _131_/B (sky130_fd_sc_hd__and4_2)
     7    0.026334    0.159985    0.354232    1.546115 ^ _131_/X (sky130_fd_sc_hd__and4_2)
                                                         _045_ (net)
                      0.160016    0.002185    1.548300 ^ _164_/B (sky130_fd_sc_hd__and4_2)
     7    0.033070    0.192068    0.363649    1.911949 ^ _164_/X (sky130_fd_sc_hd__and4_2)
                                                         _065_ (net)
                      0.192082    0.001742    1.913691 ^ _182_/B (sky130_fd_sc_hd__and4_2)
     1    0.009423    0.082186    0.275834    2.189524 ^ _182_/X (sky130_fd_sc_hd__and4_2)
                                                         _076_ (net)
                      0.082188    0.000528    2.190052 ^ _184_/B (sky130_fd_sc_hd__xor2_2)
     1    0.002431    0.087053    0.122571    2.312623 ^ _184_/X (sky130_fd_sc_hd__xor2_2)
                                                         _024_ (net)
                      0.087053    0.000174    2.312797 ^ _218_/D (sky130_fd_sc_hd__dfrtp_2)
                                              2.312797   data arrival time

                                 10.000000   10.000000   clock clk (rise edge)
                                  0.000000   10.000000   clock source latency
     1    0.016165    0.078644    0.054000   10.054001 ^ clk (in)
                                                         clk (net)
                      0.078659    0.000000   10.054001 ^ clkbuf_0_clk/A (sky130_fd_sc_hd__clkbuf_16)
     4    0.040815    0.060534    0.153952   10.207953 ^ clkbuf_0_clk/X (sky130_fd_sc_hd__clkbuf_16)
                                                         clknet_0_clk (net)
                      0.060682    0.002499   10.210452 ^ clkbuf_2_1__f_clk/A (sky130_fd_sc_hd__clkbuf_16)
    13    0.042672    0.062096    0.149189   10.359641 ^ clkbuf_2_1__f_clk/X (sky130_fd_sc_hd__clkbuf_16)
                                                         clknet_2_1__leaf_clk (net)
                      0.062149    0.001588   10.361230 ^ _218_/CLK (sky130_fd_sc_hd__dfrtp_2)
                                 -0.250000   10.111230   clock uncertainty
                                  0.000000   10.111230   clock reconvergence pessimism
                                 -0.070669   10.040561   library setup time
                                             10.040561   data required time
---------------------------------------------------------------------------------------------
                                             10.040561   data required time
                                             -2.312797   data arrival time
---------------------------------------------------------------------------------------------
                                              7.727764   slack (MET)


Startpoint: _187_ (rising edge-triggered flip-flop clocked by clk)
Endpoint: _210_ (rising edge-triggered flip-flop clocked by clk)
Path Group: clk
Path Type: max

Fanout         Cap        Slew       Delay        Time   Description
---------------------------------------------------------------------------------------------
                                  0.000000    0.000000   clock clk (rise edge)
                                  0.000000    0.000000   clock source latency
     1    0.016165    0.078644    0.054001    0.054001 ^ clk (in)
                                                         clk (net)
                      0.078659    0.000000    0.054001 ^ clkbuf_0_clk/A (sky130_fd_sc_hd__clkbuf_16)
     4    0.040815    0.060534    0.153952    0.207952 ^ clkbuf_0_clk/X (sky130_fd_sc_hd__clkbuf_16)
                                                         clknet_0_clk (net)
                      0.060682    0.002499    0.210452 ^ clkbuf_2_1__f_clk/A (sky130_fd_sc_hd__clkbuf_16)
    13    0.042672    0.062096    0.149189    0.359641 ^ clkbuf_2_1__f_clk/X (sky130_fd_sc_hd__clkbuf_16)
                                                         clknet_2_1__leaf_clk (net)
                      0.062159    0.001704    0.361345 ^ _187_/CLK (sky130_fd_sc_hd__dfrtp_2)
     6    0.031071    0.159500    0.443918    0.805263 ^ _187_/Q (sky130_fd_sc_hd__dfrtp_2)
                                                         counter[0] (net)
                      0.159513    0.001521    0.806783 ^ _114_/A (sky130_fd_sc_hd__and4_2)
     8    0.040325    0.221625    0.382455    1.189238 ^ _114_/X (sky130_fd_sc_hd__and4_2)
                                                         _035_ (net)
                      0.221655    0.002645    1.191883 ^ _131_/B (sky130_fd_sc_hd__and4_2)
     7    0.026334    0.159985    0.354232    1.546115 ^ _131_/X (sky130_fd_sc_hd__and4_2)
                                                         _045_ (net)
                      0.160012    0.002083    1.548198 ^ _153_/B (sky130_fd_sc_hd__and4_2)
     6    0.036889    0.205191    0.377144    1.925343 ^ _153_/X (sky130_fd_sc_hd__and4_2)
                                                         _058_ (net)
                      0.205220    0.002581    1.927923 ^ _160_/B (sky130_fd_sc_hd__and3_2)
     2    0.008360    0.067779    0.232985    2.160909 ^ _160_/X (sky130_fd_sc_hd__and3_2)
                                                         _062_ (net)
                      0.067781    0.000445    2.161354 ^ _167_/A2 (sky130_fd_sc_hd__o21ba_2)
     1    0.003353    0.037559    0.122806    2.284160 ^ _167_/X (sky130_fd_sc_hd__o21ba_2)
                                                         _015_ (net)
                      0.037559    0.000206    2.284366 ^ _210_/D (sky130_fd_sc_hd__dfrtp_2)
                                              2.284366   data arrival time

                                 10.000000   10.000000   clock clk (rise edge)
                                  0.000000   10.000000   clock source latency
     1    0.016165    0.078644    0.054000   10.054001 ^ clk (in)
                                                         clk (net)
                      0.078659    0.000000   10.054001 ^ clkbuf_0_clk/A (sky130_fd_sc_hd__clkbuf_16)
     4    0.040815    0.060534    0.153952   10.207953 ^ clkbuf_0_clk/X (sky130_fd_sc_hd__clkbuf_16)
                                                         clknet_0_clk (net)
                      0.060649    0.002228   10.210181 ^ clkbuf_2_3__f_clk/A (sky130_fd_sc_hd__clkbuf_16)
     9    0.034268    0.054643    0.143095   10.353277 ^ clkbuf_2_3__f_clk/X (sky130_fd_sc_hd__clkbuf_16)
                                                         clknet_2_3__leaf_clk (net)
                      0.054672    0.001101   10.354378 ^ _210_/CLK (sky130_fd_sc_hd__dfrtp_2)
                                 -0.250000   10.104378   clock uncertainty
                                  0.000000   10.104378   clock reconvergence pessimism
                                 -0.060286   10.044092   library setup time
                                             10.044092   data required time
---------------------------------------------------------------------------------------------
                                             10.044092   data required time
                                             -2.284366   data arrival time
---------------------------------------------------------------------------------------------
                                              7.759726   slack (MET)


Startpoint: _187_ (rising edge-triggered flip-flop clocked by clk)
Endpoint: _213_ (rising edge-triggered flip-flop clocked by clk)
Path Group: clk
Path Type: max

Fanout         Cap        Slew       Delay        Time   Description
---------------------------------------------------------------------------------------------
                                  0.000000    0.000000   clock clk (rise edge)
                                  0.000000    0.000000   clock source latency
     1    0.016165    0.078644    0.054001    0.054001 ^ clk (in)
                                                         clk (net)
                      0.078659    0.000000    0.054001 ^ clkbuf_0_clk/A (sky130_fd_sc_hd__clkbuf_16)
     4    0.040815    0.060534    0.153952    0.207952 ^ clkbuf_0_clk/X (sky130_fd_sc_hd__clkbuf_16)
                                                         clknet_0_clk (net)
                      0.060682    0.002499    0.210452 ^ clkbuf_2_1__f_clk/A (sky130_fd_sc_hd__clkbuf_16)
    13    0.042672    0.062096    0.149189    0.359641 ^ clkbuf_2_1__f_clk/X (sky130_fd_sc_hd__clkbuf_16)
                                                         clknet_2_1__leaf_clk (net)
                      0.062159    0.001704    0.361345 ^ _187_/CLK (sky130_fd_sc_hd__dfrtp_2)
     6    0.031071    0.159500    0.443918    0.805263 ^ _187_/Q (sky130_fd_sc_hd__dfrtp_2)
                                                         counter[0] (net)
                      0.159513    0.001521    0.806783 ^ _114_/A (sky130_fd_sc_hd__and4_2)
     8    0.040325    0.221625    0.382455    1.189238 ^ _114_/X (sky130_fd_sc_hd__and4_2)
                                                         _035_ (net)
                      0.221655    0.002645    1.191883 ^ _131_/B (sky130_fd_sc_hd__and4_2)
     7    0.026334    0.159985    0.354232    1.546115 ^ _131_/X (sky130_fd_sc_hd__and4_2)
                                                         _045_ (net)
                      0.160016    0.002185    1.548300 ^ _164_/B (sky130_fd_sc_hd__and4_2)
     7    0.033070    0.192068    0.363649    1.911949 ^ _164_/X (sky130_fd_sc_hd__and4_2)
                                                         _065_ (net)
                      0.192085    0.001880    1.913829 ^ _170_/C (sky130_fd_sc_hd__and3_2)
     2    0.010194    0.076088    0.235075    2.148904 ^ _170_/X (sky130_fd_sc_hd__and3_2)
                                                         _069_ (net)
                      0.076090    0.000538    2.149442 ^ _173_/A2 (sky130_fd_sc_hd__o21ba_2)
     1    0.002782    0.034650    0.121998    2.271440 ^ _173_/X (sky130_fd_sc_hd__o21ba_2)
                                                         _018_ (net)
                      0.034650    0.000182    2.271622 ^ _213_/D (sky130_fd_sc_hd__dfrtp_2)
                                              2.271622   data arrival time

                                 10.000000   10.000000   clock clk (rise edge)
                                  0.000000   10.000000   clock source latency
     1    0.016165    0.078644    0.054000   10.054001 ^ clk (in)
                                                         clk (net)
                      0.078659    0.000000   10.054001 ^ clkbuf_0_clk/A (sky130_fd_sc_hd__clkbuf_16)
     4    0.040815    0.060534    0.153952   10.207953 ^ clkbuf_0_clk/X (sky130_fd_sc_hd__clkbuf_16)
                                                         clknet_0_clk (net)
                      0.060649    0.002228   10.210181 ^ clkbuf_2_3__f_clk/A (sky130_fd_sc_hd__clkbuf_16)
     9    0.034268    0.054643    0.143095   10.353277 ^ clkbuf_2_3__f_clk/X (sky130_fd_sc_hd__clkbuf_16)
                                                         clknet_2_3__leaf_clk (net)
                      0.054647    0.000686   10.353963 ^ _213_/CLK (sky130_fd_sc_hd__dfrtp_2)
                                 -0.250000   10.103962   clock uncertainty
                                  0.000000   10.103962   clock reconvergence pessimism
                                 -0.059612   10.044351   library setup time
                                             10.044351   data required time
---------------------------------------------------------------------------------------------
                                             10.044351   data required time
                                             -2.271622   data arrival time
---------------------------------------------------------------------------------------------
                                              7.772728   slack (MET)


Startpoint: _187_ (rising edge-triggered flip-flop clocked by clk)
Endpoint: _206_ (rising edge-triggered flip-flop clocked by clk)
Path Group: clk
Path Type: max

Fanout         Cap        Slew       Delay        Time   Description
---------------------------------------------------------------------------------------------
                                  0.000000    0.000000   clock clk (rise edge)
                                  0.000000    0.000000   clock source latency
     1    0.016165    0.078644    0.054001    0.054001 ^ clk (in)
                                                         clk (net)
                      0.078659    0.000000    0.054001 ^ clkbuf_0_clk/A (sky130_fd_sc_hd__clkbuf_16)
     4    0.040815    0.060534    0.153952    0.207952 ^ clkbuf_0_clk/X (sky130_fd_sc_hd__clkbuf_16)
                                                         clknet_0_clk (net)
                      0.060682    0.002499    0.210452 ^ clkbuf_2_1__f_clk/A (sky130_fd_sc_hd__clkbuf_16)
    13    0.042672    0.062096    0.149189    0.359641 ^ clkbuf_2_1__f_clk/X (sky130_fd_sc_hd__clkbuf_16)
                                                         clknet_2_1__leaf_clk (net)
                      0.062159    0.001704    0.361345 ^ _187_/CLK (sky130_fd_sc_hd__dfrtp_2)
     6    0.031071    0.159500    0.443918    0.805263 ^ _187_/Q (sky130_fd_sc_hd__dfrtp_2)
                                                         counter[0] (net)
                      0.159513    0.001521    0.806783 ^ _114_/A (sky130_fd_sc_hd__and4_2)
     8    0.040325    0.221625    0.382455    1.189238 ^ _114_/X (sky130_fd_sc_hd__and4_2)
                                                         _035_ (net)
                      0.221655    0.002645    1.191883 ^ _131_/B (sky130_fd_sc_hd__and4_2)
     7    0.026334    0.159985    0.354232    1.546115 ^ _131_/X (sky130_fd_sc_hd__and4_2)
                                                         _045_ (net)
                      0.160005    0.001824    1.547939 ^ _144_/B (sky130_fd_sc_hd__and3_2)
     5    0.028591    0.157820    0.296974    1.844913 ^ _144_/X (sky130_fd_sc_hd__and3_2)
                                                         _053_ (net)
                      0.157831    0.001439    1.846352 ^ _150_/D (sky130_fd_sc_hd__and4_2)
     2    0.012461    0.095435    0.285758    2.132110 ^ _150_/X (sky130_fd_sc_hd__and4_2)
                                                         _056_ (net)
                      0.095441    0.000808    2.132918 ^ _154_/A2 (sky130_fd_sc_hd__o21ba_2)
     1    0.005059    0.046253    0.137943    2.270860 ^ _154_/X (sky130_fd_sc_hd__o21ba_2)
                                                         _010_ (net)
                      0.046253    0.000343    2.271203 ^ _206_/D (sky130_fd_sc_hd__dfrtp_2)
                                              2.271203   data arrival time

                                 10.000000   10.000000   clock clk (rise edge)
                                  0.000000   10.000000   clock source latency
     1    0.016165    0.078644    0.054000   10.054001 ^ clk (in)
                                                         clk (net)
                      0.078659    0.000000   10.054001 ^ clkbuf_0_clk/A (sky130_fd_sc_hd__clkbuf_16)
     4    0.040815    0.060534    0.153952   10.207953 ^ clkbuf_0_clk/X (sky130_fd_sc_hd__clkbuf_16)
                                                         clknet_0_clk (net)
                      0.060666    0.002368   10.210320 ^ clkbuf_2_2__f_clk/A (sky130_fd_sc_hd__clkbuf_16)
    13    0.036812    0.056920    0.145095   10.355416 ^ clkbuf_2_2__f_clk/X (sky130_fd_sc_hd__clkbuf_16)
                                                         clknet_2_2__leaf_clk (net)
                      0.056943    0.000979   10.356395 ^ _206_/CLK (sky130_fd_sc_hd__dfrtp_2)
                                 -0.250000   10.106395   clock uncertainty
                                  0.000000   10.106395   clock reconvergence pessimism
                                 -0.061967   10.044428   library setup time
                                             10.044428   data required time
---------------------------------------------------------------------------------------------
                                             10.044428   data required time
                                             -2.271203   data arrival time
---------------------------------------------------------------------------------------------
                                              7.773224   slack (MET)


Startpoint: _187_ (rising edge-triggered flip-flop clocked by clk)
Endpoint: _216_ (rising edge-triggered flip-flop clocked by clk)
Path Group: clk
Path Type: max

Fanout         Cap        Slew       Delay        Time   Description
---------------------------------------------------------------------------------------------
                                  0.000000    0.000000   clock clk (rise edge)
                                  0.000000    0.000000   clock source latency
     1    0.016165    0.078644    0.054001    0.054001 ^ clk (in)
                                                         clk (net)
                      0.078659    0.000000    0.054001 ^ clkbuf_0_clk/A (sky130_fd_sc_hd__clkbuf_16)
     4    0.040815    0.060534    0.153952    0.207952 ^ clkbuf_0_clk/X (sky130_fd_sc_hd__clkbuf_16)
                                                         clknet_0_clk (net)
                      0.060682    0.002499    0.210452 ^ clkbuf_2_1__f_clk/A (sky130_fd_sc_hd__clkbuf_16)
    13    0.042672    0.062096    0.149189    0.359641 ^ clkbuf_2_1__f_clk/X (sky130_fd_sc_hd__clkbuf_16)
                                                         clknet_2_1__leaf_clk (net)
                      0.062159    0.001704    0.361345 ^ _187_/CLK (sky130_fd_sc_hd__dfrtp_2)
     6    0.031071    0.159500    0.443918    0.805263 ^ _187_/Q (sky130_fd_sc_hd__dfrtp_2)
                                                         counter[0] (net)
                      0.159513    0.001521    0.806783 ^ _114_/A (sky130_fd_sc_hd__and4_2)
     8    0.040325    0.221625    0.382455    1.189238 ^ _114_/X (sky130_fd_sc_hd__and4_2)
                                                         _035_ (net)
                      0.221655    0.002645    1.191883 ^ _131_/B (sky130_fd_sc_hd__and4_2)
     7    0.026334    0.159985    0.354232    1.546115 ^ _131_/X (sky130_fd_sc_hd__and4_2)
                                                         _045_ (net)
                      0.160013    0.002112    1.548227 ^ _166_/B (sky130_fd_sc_hd__and4_2)
     3    0.011870    0.092955    0.279692    1.827919 ^ _166_/X (sky130_fd_sc_hd__and4_2)
                                                         _067_ (net)
                      0.092962    0.000837    1.828756 ^ _180_/A (sky130_fd_sc_hd__and3_2)
     2    0.014552    0.093857    0.222875    2.051631 ^ _180_/X (sky130_fd_sc_hd__and3_2)
                                                         _075_ (net)
                      0.093860    0.000657    2.052288 ^ _181_/B1_N (sky130_fd_sc_hd__o21ba_2)
     1    0.003201    0.035428    0.163592    2.215880 v _181_/X (sky130_fd_sc_hd__o21ba_2)
                                                         _021_ (net)
                      0.035428    0.000217    2.216098 v _216_/D (sky130_fd_sc_hd__dfrtp_2)
                                              2.216098   data arrival time

                                 10.000000   10.000000   clock clk (rise edge)
                                  0.000000   10.000000   clock source latency
     1    0.016165    0.078644    0.054000   10.054001 ^ clk (in)
                                                         clk (net)
                      0.078659    0.000000   10.054001 ^ clkbuf_0_clk/A (sky130_fd_sc_hd__clkbuf_16)
     4    0.040815    0.060534    0.153952   10.207953 ^ clkbuf_0_clk/X (sky130_fd_sc_hd__clkbuf_16)
                                                         clknet_0_clk (net)
                      0.060682    0.002499   10.210452 ^ clkbuf_2_1__f_clk/A (sky130_fd_sc_hd__clkbuf_16)
    13    0.042672    0.062096    0.149189   10.359641 ^ clkbuf_2_1__f_clk/X (sky130_fd_sc_hd__clkbuf_16)
                                                         clknet_2_1__leaf_clk (net)
                      0.062151    0.001605   10.361246 ^ _216_/CLK (sky130_fd_sc_hd__dfrtp_2)
                                 -0.250000   10.111246   clock uncertainty
                                  0.000000   10.111246   clock reconvergence pessimism
                                 -0.107331   10.003916   library setup time
                                             10.003916   data required time
---------------------------------------------------------------------------------------------
                                             10.003916   data required time
                                             -2.216098   data arrival time
---------------------------------------------------------------------------------------------
                                              7.787818   slack (MET)


Startpoint: _187_ (rising edge-triggered flip-flop clocked by clk)
Endpoint: _209_ (rising edge-triggered flip-flop clocked by clk)
Path Group: clk
Path Type: max

Fanout         Cap        Slew       Delay        Time   Description
---------------------------------------------------------------------------------------------
                                  0.000000    0.000000   clock clk (rise edge)
                                  0.000000    0.000000   clock source latency
     1    0.016165    0.078644    0.054001    0.054001 ^ clk (in)
                                                         clk (net)
                      0.078659    0.000000    0.054001 ^ clkbuf_0_clk/A (sky130_fd_sc_hd__clkbuf_16)
     4    0.040815    0.060534    0.153952    0.207952 ^ clkbuf_0_clk/X (sky130_fd_sc_hd__clkbuf_16)
                                                         clknet_0_clk (net)
                      0.060682    0.002499    0.210452 ^ clkbuf_2_1__f_clk/A (sky130_fd_sc_hd__clkbuf_16)
    13    0.042672    0.062096    0.149189    0.359641 ^ clkbuf_2_1__f_clk/X (sky130_fd_sc_hd__clkbuf_16)
                                                         clknet_2_1__leaf_clk (net)
                      0.062159    0.001704    0.361345 ^ _187_/CLK (sky130_fd_sc_hd__dfrtp_2)
     6    0.031071    0.159500    0.443918    0.805263 ^ _187_/Q (sky130_fd_sc_hd__dfrtp_2)
                                                         counter[0] (net)
                      0.159513    0.001521    0.806783 ^ _114_/A (sky130_fd_sc_hd__and4_2)
     8    0.040325    0.221625    0.382455    1.189238 ^ _114_/X (sky130_fd_sc_hd__and4_2)
                                                         _035_ (net)
                      0.221655    0.002645    1.191883 ^ _131_/B (sky130_fd_sc_hd__and4_2)
     7    0.026334    0.159985    0.354232    1.546115 ^ _131_/X (sky130_fd_sc_hd__and4_2)
                                                         _045_ (net)
                      0.160012    0.002083    1.548198 ^ _153_/B (sky130_fd_sc_hd__and4_2)
     6    0.036889    0.205191    0.377144    1.925343 ^ _153_/X (sky130_fd_sc_hd__and4_2)
                                                         _058_ (net)
                      0.205220    0.002581    1.927923 ^ _160_/B (sky130_fd_sc_hd__and3_2)
     2    0.008360    0.067779    0.232985    2.160909 ^ _160_/X (sky130_fd_sc_hd__and3_2)
                                                         _062_ (net)
                      0.067782    0.000537    2.161446 ^ _161_/B (sky130_fd_sc_hd__nor2_2)
     1    0.004187    0.037551    0.037075    2.198521 v _161_/Y (sky130_fd_sc_hd__nor2_2)
                                                         _014_ (net)
                      0.037552    0.000322    2.198843 v _209_/D (sky130_fd_sc_hd__dfrtp_2)
                                              2.198843   data arrival time

                                 10.000000   10.000000   clock clk (rise edge)
                                  0.000000   10.000000   clock source latency
     1    0.016165    0.078644    0.054000   10.054001 ^ clk (in)
                                                         clk (net)
                      0.078659    0.000000   10.054001 ^ clkbuf_0_clk/A (sky130_fd_sc_hd__clkbuf_16)
     4    0.040815    0.060534    0.153952   10.207953 ^ clkbuf_0_clk/X (sky130_fd_sc_hd__clkbuf_16)
                                                         clknet_0_clk (net)
                      0.060649    0.002228   10.210181 ^ clkbuf_2_3__f_clk/A (sky130_fd_sc_hd__clkbuf_16)
     9    0.034268    0.054643    0.143095   10.353277 ^ clkbuf_2_3__f_clk/X (sky130_fd_sc_hd__clkbuf_16)
                                                         clknet_2_3__leaf_clk (net)
                      0.054673    0.001114   10.354390 ^ _209_/CLK (sky130_fd_sc_hd__dfrtp_2)
                                 -0.250000   10.104390   clock uncertainty
                                  0.000000   10.104390   clock reconvergence pessimism
                                 -0.109990    9.994400   library setup time
                                              9.994400   data required time
---------------------------------------------------------------------------------------------
                                              9.994400   data required time
                                             -2.198843   data arrival time
---------------------------------------------------------------------------------------------
                                              7.795557   slack (MET)


Startpoint: _187_ (rising edge-triggered flip-flop clocked by clk)
Endpoint: _212_ (rising edge-triggered flip-flop clocked by clk)
Path Group: clk
Path Type: max

Fanout         Cap        Slew       Delay        Time   Description
---------------------------------------------------------------------------------------------
                                  0.000000    0.000000   clock clk (rise edge)
                                  0.000000    0.000000   clock source latency
     1    0.016165    0.078644    0.054001    0.054001 ^ clk (in)
                                                         clk (net)
                      0.078659    0.000000    0.054001 ^ clkbuf_0_clk/A (sky130_fd_sc_hd__clkbuf_16)
     4    0.040815    0.060534    0.153952    0.207952 ^ clkbuf_0_clk/X (sky130_fd_sc_hd__clkbuf_16)
                                                         clknet_0_clk (net)
                      0.060682    0.002499    0.210452 ^ clkbuf_2_1__f_clk/A (sky130_fd_sc_hd__clkbuf_16)
    13    0.042672    0.062096    0.149189    0.359641 ^ clkbuf_2_1__f_clk/X (sky130_fd_sc_hd__clkbuf_16)
                                                         clknet_2_1__leaf_clk (net)
                      0.062159    0.001704    0.361345 ^ _187_/CLK (sky130_fd_sc_hd__dfrtp_2)
     6    0.031071    0.159500    0.443918    0.805263 ^ _187_/Q (sky130_fd_sc_hd__dfrtp_2)
                                                         counter[0] (net)
                      0.159513    0.001521    0.806783 ^ _114_/A (sky130_fd_sc_hd__and4_2)
     8    0.040325    0.221625    0.382455    1.189238 ^ _114_/X (sky130_fd_sc_hd__and4_2)
                                                         _035_ (net)
                      0.221655    0.002645    1.191883 ^ _131_/B (sky130_fd_sc_hd__and4_2)
     7    0.026334    0.159985    0.354232    1.546115 ^ _131_/X (sky130_fd_sc_hd__and4_2)
                                                         _045_ (net)
                      0.160016    0.002185    1.548300 ^ _164_/B (sky130_fd_sc_hd__and4_2)
     7    0.033070    0.192068    0.363649    1.911949 ^ _164_/X (sky130_fd_sc_hd__and4_2)
                                                         _065_ (net)
                      0.192085    0.001880    1.913829 ^ _170_/C (sky130_fd_sc_hd__and3_2)
     2    0.010194    0.076088    0.235075    2.148904 ^ _170_/X (sky130_fd_sc_hd__and3_2)
                                                         _069_ (net)
                      0.076093    0.000707    2.149611 ^ _171_/B (sky130_fd_sc_hd__nor2_2)
     1    0.002788    0.029989    0.034617    2.184228 v _171_/Y (sky130_fd_sc_hd__nor2_2)
                                                         _017_ (net)
                      0.029990    0.000181    2.184409 v _212_/D (sky130_fd_sc_hd__dfrtp_2)
                                              2.184409   data arrival time

                                 10.000000   10.000000   clock clk (rise edge)
                                  0.000000   10.000000   clock source latency
     1    0.016165    0.078644    0.054000   10.054001 ^ clk (in)
                                                         clk (net)
                      0.078659    0.000000   10.054001 ^ clkbuf_0_clk/A (sky130_fd_sc_hd__clkbuf_16)
     4    0.040815    0.060534    0.153952   10.207953 ^ clkbuf_0_clk/X (sky130_fd_sc_hd__clkbuf_16)
                                                         clknet_0_clk (net)
                      0.060649    0.002228   10.210181 ^ clkbuf_2_3__f_clk/A (sky130_fd_sc_hd__clkbuf_16)
     9    0.034268    0.054643    0.143095   10.353277 ^ clkbuf_2_3__f_clk/X (sky130_fd_sc_hd__clkbuf_16)
                                                         clknet_2_3__leaf_clk (net)
                      0.054645    0.000618   10.353895 ^ _212_/CLK (sky130_fd_sc_hd__dfrtp_2)
                                 -0.250000   10.103895   clock uncertainty
                                  0.000000   10.103895   clock reconvergence pessimism
                                 -0.106680    9.997215   library setup time
                                              9.997215   data required time
---------------------------------------------------------------------------------------------
                                              9.997215   data required time
                                             -2.184409   data arrival time
---------------------------------------------------------------------------------------------
                                              7.812806   slack (MET)


Startpoint: _187_ (rising edge-triggered flip-flop clocked by clk)
Endpoint: _214_ (rising edge-triggered flip-flop clocked by clk)
Path Group: clk
Path Type: max

Fanout         Cap        Slew       Delay        Time   Description
---------------------------------------------------------------------------------------------
                                  0.000000    0.000000   clock clk (rise edge)
                                  0.000000    0.000000   clock source latency
     1    0.016165    0.078644    0.054001    0.054001 ^ clk (in)
                                                         clk (net)
                      0.078659    0.000000    0.054001 ^ clkbuf_0_clk/A (sky130_fd_sc_hd__clkbuf_16)
     4    0.040815    0.060534    0.153952    0.207952 ^ clkbuf_0_clk/X (sky130_fd_sc_hd__clkbuf_16)
                                                         clknet_0_clk (net)
                      0.060682    0.002499    0.210452 ^ clkbuf_2_1__f_clk/A (sky130_fd_sc_hd__clkbuf_16)
    13    0.042672    0.062096    0.149189    0.359641 ^ clkbuf_2_1__f_clk/X (sky130_fd_sc_hd__clkbuf_16)
                                                         clknet_2_1__leaf_clk (net)
                      0.062159    0.001704    0.361345 ^ _187_/CLK (sky130_fd_sc_hd__dfrtp_2)
     6    0.031071    0.159500    0.443918    0.805263 ^ _187_/Q (sky130_fd_sc_hd__dfrtp_2)
                                                         counter[0] (net)
                      0.159513    0.001521    0.806783 ^ _114_/A (sky130_fd_sc_hd__and4_2)
     8    0.040325    0.221625    0.382455    1.189238 ^ _114_/X (sky130_fd_sc_hd__and4_2)
                                                         _035_ (net)
                      0.221655    0.002645    1.191883 ^ _131_/B (sky130_fd_sc_hd__and4_2)
     7    0.026334    0.159985    0.354232    1.546115 ^ _131_/X (sky130_fd_sc_hd__and4_2)
                                                         _045_ (net)
                      0.160013    0.002112    1.548227 ^ _166_/B (sky130_fd_sc_hd__and4_2)
     3    0.011870    0.092955    0.279692    1.827919 ^ _166_/X (sky130_fd_sc_hd__and4_2)
                                                         _067_ (net)
                      0.092958    0.000644    1.828563 ^ _172_/D (sky130_fd_sc_hd__and4_2)
     2    0.004739    0.060104    0.232559    2.061122 ^ _172_/X (sky130_fd_sc_hd__and4_2)
                                                         _070_ (net)
                      0.060104    0.000262    2.061383 ^ _175_/B1 (sky130_fd_sc_hd__o2bb2a_2)
     1    0.002580    0.037962    0.161746    2.223130 ^ _175_/X (sky130_fd_sc_hd__o2bb2a_2)
                                                         _019_ (net)
                      0.037962    0.000175    2.223305 ^ _214_/D (sky130_fd_sc_hd__dfrtp_2)
                                              2.223305   data arrival time

                                 10.000000   10.000000   clock clk (rise edge)
                                  0.000000   10.000000   clock source latency
     1    0.016165    0.078644    0.054000   10.054001 ^ clk (in)
                                                         clk (net)
                      0.078659    0.000000   10.054001 ^ clkbuf_0_clk/A (sky130_fd_sc_hd__clkbuf_16)
     4    0.040815    0.060534    0.153952   10.207953 ^ clkbuf_0_clk/X (sky130_fd_sc_hd__clkbuf_16)
                                                         clknet_0_clk (net)
                      0.060649    0.002228   10.210181 ^ clkbuf_2_3__f_clk/A (sky130_fd_sc_hd__clkbuf_16)
     9    0.034268    0.054643    0.143095   10.353277 ^ clkbuf_2_3__f_clk/X (sky130_fd_sc_hd__clkbuf_16)
                                                         clknet_2_3__leaf_clk (net)
                      0.054645    0.000592   10.353869 ^ _214_/CLK (sky130_fd_sc_hd__dfrtp_2)
                                 -0.250000   10.103869   clock uncertainty
                                  0.000000   10.103869   clock reconvergence pessimism
                                 -0.060385   10.043485   library setup time
                                             10.043485   data required time
---------------------------------------------------------------------------------------------
                                             10.043485   data required time
                                             -2.223305   data arrival time
---------------------------------------------------------------------------------------------
                                              7.820179   slack (MET)


Startpoint: _187_ (rising edge-triggered flip-flop clocked by clk)
Endpoint: _205_ (rising edge-triggered flip-flop clocked by clk)
Path Group: clk
Path Type: max

Fanout         Cap        Slew       Delay        Time   Description
---------------------------------------------------------------------------------------------
                                  0.000000    0.000000   clock clk (rise edge)
                                  0.000000    0.000000   clock source latency
     1    0.016165    0.078644    0.054001    0.054001 ^ clk (in)
                                                         clk (net)
                      0.078659    0.000000    0.054001 ^ clkbuf_0_clk/A (sky130_fd_sc_hd__clkbuf_16)
     4    0.040815    0.060534    0.153952    0.207952 ^ clkbuf_0_clk/X (sky130_fd_sc_hd__clkbuf_16)
                                                         clknet_0_clk (net)
                      0.060682    0.002499    0.210452 ^ clkbuf_2_1__f_clk/A (sky130_fd_sc_hd__clkbuf_16)
    13    0.042672    0.062096    0.149189    0.359641 ^ clkbuf_2_1__f_clk/X (sky130_fd_sc_hd__clkbuf_16)
                                                         clknet_2_1__leaf_clk (net)
                      0.062159    0.001704    0.361345 ^ _187_/CLK (sky130_fd_sc_hd__dfrtp_2)
     6    0.031071    0.159500    0.443918    0.805263 ^ _187_/Q (sky130_fd_sc_hd__dfrtp_2)
                                                         counter[0] (net)
                      0.159513    0.001521    0.806783 ^ _114_/A (sky130_fd_sc_hd__and4_2)
     8    0.040325    0.221625    0.382455    1.189238 ^ _114_/X (sky130_fd_sc_hd__and4_2)
                                                         _035_ (net)
                      0.221655    0.002645    1.191883 ^ _131_/B (sky130_fd_sc_hd__and4_2)
     7    0.026334    0.159985    0.354232    1.546115 ^ _131_/X (sky130_fd_sc_hd__and4_2)
                                                         _045_ (net)
                      0.160005    0.001824    1.547939 ^ _144_/B (sky130_fd_sc_hd__and3_2)
     5    0.028591    0.157820    0.296974    1.844913 ^ _144_/X (sky130_fd_sc_hd__and3_2)
                                                         _053_ (net)
                      0.157831    0.001439    1.846352 ^ _150_/D (sky130_fd_sc_hd__and4_2)
     2    0.012461    0.095435    0.285758    2.132110 ^ _150_/X (sky130_fd_sc_hd__and4_2)
                                                         _056_ (net)
                      0.095442    0.000860    2.132970 ^ _151_/B (sky130_fd_sc_hd__nor2_2)
     1    0.003853    0.041460    0.040860    2.173829 v _151_/Y (sky130_fd_sc_hd__nor2_2)
                                                         _009_ (net)
                      0.041460    0.000246    2.174075 v _205_/D (sky130_fd_sc_hd__dfrtp_2)
                                              2.174075   data arrival time

                                 10.000000   10.000000   clock clk (rise edge)
                                  0.000000   10.000000   clock source latency
     1    0.016165    0.078644    0.054000   10.054001 ^ clk (in)
                                                         clk (net)
                      0.078659    0.000000   10.054001 ^ clkbuf_0_clk/A (sky130_fd_sc_hd__clkbuf_16)
     4    0.040815    0.060534    0.153952   10.207953 ^ clkbuf_0_clk/X (sky130_fd_sc_hd__clkbuf_16)
                                                         clknet_0_clk (net)
                      0.060666    0.002368   10.210320 ^ clkbuf_2_2__f_clk/A (sky130_fd_sc_hd__clkbuf_16)
    13    0.036812    0.056920    0.145095   10.355416 ^ clkbuf_2_2__f_clk/X (sky130_fd_sc_hd__clkbuf_16)
                                                         clknet_2_2__leaf_clk (net)
                      0.056940    0.000924   10.356340 ^ _205_/CLK (sky130_fd_sc_hd__dfrtp_2)
                                 -0.250000   10.106340   clock uncertainty
                                  0.000000   10.106340   clock reconvergence pessimism
                                 -0.111180    9.995160   library setup time
                                              9.995160   data required time
---------------------------------------------------------------------------------------------
                                              9.995160   data required time
                                             -2.174075   data arrival time
---------------------------------------------------------------------------------------------
                                              7.821084   slack (MET)


Startpoint: _187_ (rising edge-triggered flip-flop clocked by clk)
Endpoint: _201_ (rising edge-triggered flip-flop clocked by clk)
Path Group: clk
Path Type: max

Fanout         Cap        Slew       Delay        Time   Description
---------------------------------------------------------------------------------------------
                                  0.000000    0.000000   clock clk (rise edge)
                                  0.000000    0.000000   clock source latency
     1    0.016165    0.078644    0.054001    0.054001 ^ clk (in)
                                                         clk (net)
                      0.078659    0.000000    0.054001 ^ clkbuf_0_clk/A (sky130_fd_sc_hd__clkbuf_16)
     4    0.040815    0.060534    0.153952    0.207952 ^ clkbuf_0_clk/X (sky130_fd_sc_hd__clkbuf_16)
                                                         clknet_0_clk (net)
                      0.060682    0.002499    0.210452 ^ clkbuf_2_1__f_clk/A (sky130_fd_sc_hd__clkbuf_16)
    13    0.042672    0.062096    0.149189    0.359641 ^ clkbuf_2_1__f_clk/X (sky130_fd_sc_hd__clkbuf_16)
                                                         clknet_2_1__leaf_clk (net)
                      0.062159    0.001704    0.361345 ^ _187_/CLK (sky130_fd_sc_hd__dfrtp_2)
     6    0.031071    0.159500    0.443918    0.805263 ^ _187_/Q (sky130_fd_sc_hd__dfrtp_2)
                                                         counter[0] (net)
                      0.159513    0.001521    0.806783 ^ _114_/A (sky130_fd_sc_hd__and4_2)
     8    0.040325    0.221625    0.382455    1.189238 ^ _114_/X (sky130_fd_sc_hd__and4_2)
                                                         _035_ (net)
                      0.221655    0.002645    1.191883 ^ _131_/B (sky130_fd_sc_hd__and4_2)
     7    0.026334    0.159985    0.354232    1.546115 ^ _131_/X (sky130_fd_sc_hd__and4_2)
                                                         _045_ (net)
                      0.160010    0.002014    1.548129 ^ _134_/B (sky130_fd_sc_hd__and2_2)
     5    0.030706    0.164734    0.263593    1.811723 ^ _134_/X (sky130_fd_sc_hd__and2_2)
                                                         _047_ (net)
                      0.164790    0.002883    1.814606 ^ _139_/C (sky130_fd_sc_hd__and3_2)
     2    0.016658    0.103534    0.254613    2.069219 ^ _139_/X (sky130_fd_sc_hd__and3_2)
                                                         _050_ (net)
                      0.103541    0.000949    2.070168 ^ _142_/B (sky130_fd_sc_hd__xor2_2)
     1    0.002313    0.085800    0.125481    2.195649 ^ _142_/X (sky130_fd_sc_hd__xor2_2)
                                                         _005_ (net)
                      0.085800    0.000168    2.195817 ^ _201_/D (sky130_fd_sc_hd__dfrtp_2)
                                              2.195817   data arrival time

                                 10.000000   10.000000   clock clk (rise edge)
                                  0.000000   10.000000   clock source latency
     1    0.016165    0.078644    0.054000   10.054001 ^ clk (in)
                                                         clk (net)
                      0.078659    0.000000   10.054001 ^ clkbuf_0_clk/A (sky130_fd_sc_hd__clkbuf_16)
     4    0.040815    0.060534    0.153952   10.207953 ^ clkbuf_0_clk/X (sky130_fd_sc_hd__clkbuf_16)
                                                         clknet_0_clk (net)
                      0.060666    0.002368   10.210320 ^ clkbuf_2_2__f_clk/A (sky130_fd_sc_hd__clkbuf_16)
    13    0.036812    0.056920    0.145095   10.355416 ^ clkbuf_2_2__f_clk/X (sky130_fd_sc_hd__clkbuf_16)
                                                         clknet_2_2__leaf_clk (net)
                      0.056924    0.000561   10.355978 ^ _201_/CLK (sky130_fd_sc_hd__dfrtp_2)
                                 -0.250000   10.105978   clock uncertainty
                                  0.000000   10.105978   clock reconvergence pessimism
                                 -0.071185   10.034793   library setup time
                                             10.034793   data required time
---------------------------------------------------------------------------------------------
                                             10.034793   data required time
                                             -2.195817   data arrival time
---------------------------------------------------------------------------------------------
                                              7.838976   slack (MET)


Startpoint: rst_n (input port clocked by clk)
Endpoint: _207_ (recovery check against rising-edge clock clk)
Path Group: asynchronous
Path Type: max

Fanout         Cap        Slew       Delay        Time   Description
---------------------------------------------------------------------------------------------
                                  0.000000    0.000000   clock clk (rise edge)
                                  0.000000    0.000000   clock network delay (propagated)
                                  2.000000    2.000000 ^ input external delay
     1    0.003906    0.024540    0.014247    2.014247 ^ rst_n (in)
                                                         rst_n (net)
                      0.024542    0.000000    2.014247 ^ input33/A (sky130_fd_sc_hd__buf_4)
    10    0.055525    0.157765    0.186132    2.200379 ^ input33/X (sky130_fd_sc_hd__buf_4)
                                                         net33 (net)
                      0.157844    0.002907    2.203286 ^ max_cap79/A (sky130_fd_sc_hd__buf_12)
    32    0.149858    0.177135    0.223225    2.426510 ^ max_cap79/X (sky130_fd_sc_hd__buf_12)
                                                         net79 (net)
                      0.179419    0.016132    2.442643 ^ _207_/RESET_B (sky130_fd_sc_hd__dfrtp_2)
                                              2.442643   data arrival time

                                 10.000000   10.000000   clock clk (rise edge)
                                  0.000000   10.000000   clock source latency
     1    0.016165    0.078644    0.054000   10.054001 ^ clk (in)
                                                         clk (net)
                      0.078659    0.000000   10.054001 ^ clkbuf_0_clk/A (sky130_fd_sc_hd__clkbuf_16)
     4    0.040815    0.060534    0.153952   10.207953 ^ clkbuf_0_clk/X (sky130_fd_sc_hd__clkbuf_16)
                                                         clknet_0_clk (net)
                      0.060649    0.002228   10.210181 ^ clkbuf_2_3__f_clk/A (sky130_fd_sc_hd__clkbuf_16)
     9    0.034268    0.054643    0.143095   10.353277 ^ clkbuf_2_3__f_clk/X (sky130_fd_sc_hd__clkbuf_16)
                                                         clknet_2_3__leaf_clk (net)
                      0.054677    0.001172   10.354448 ^ _207_/CLK (sky130_fd_sc_hd__dfrtp_2)
                                 -0.250000   10.104448   clock uncertainty
                                  0.000000   10.104448   clock reconvergence pessimism
                                  0.182110   10.286558   library recovery time
                                             10.286558   data required time
---------------------------------------------------------------------------------------------
                                             10.286558   data required time
                                             -2.442643   data arrival time
---------------------------------------------------------------------------------------------
                                              7.843916   slack (MET)


Startpoint: rst_n (input port clocked by clk)
Endpoint: _208_ (recovery check against rising-edge clock clk)
Path Group: asynchronous
Path Type: max

Fanout         Cap        Slew       Delay        Time   Description
---------------------------------------------------------------------------------------------
                                  0.000000    0.000000   clock clk (rise edge)
                                  0.000000    0.000000   clock network delay (propagated)
                                  2.000000    2.000000 ^ input external delay
     1    0.003906    0.024540    0.014247    2.014247 ^ rst_n (in)
                                                         rst_n (net)
                      0.024542    0.000000    2.014247 ^ input33/A (sky130_fd_sc_hd__buf_4)
    10    0.055525    0.157765    0.186132    2.200379 ^ input33/X (sky130_fd_sc_hd__buf_4)
                                                         net33 (net)
                      0.157844    0.002907    2.203286 ^ max_cap79/A (sky130_fd_sc_hd__buf_12)
    32    0.149858    0.177135    0.223225    2.426510 ^ max_cap79/X (sky130_fd_sc_hd__buf_12)
                                                         net79 (net)
                      0.179385    0.016017    2.442527 ^ _208_/RESET_B (sky130_fd_sc_hd__dfrtp_2)
                                              2.442527   data arrival time

                                 10.000000   10.000000   clock clk (rise edge)
                                  0.000000   10.000000   clock source latency
     1    0.016165    0.078644    0.054000   10.054001 ^ clk (in)
                                                         clk (net)
                      0.078659    0.000000   10.054001 ^ clkbuf_0_clk/A (sky130_fd_sc_hd__clkbuf_16)
     4    0.040815    0.060534    0.153952   10.207953 ^ clkbuf_0_clk/X (sky130_fd_sc_hd__clkbuf_16)
                                                         clknet_0_clk (net)
                      0.060649    0.002228   10.210181 ^ clkbuf_2_3__f_clk/A (sky130_fd_sc_hd__clkbuf_16)
     9    0.034268    0.054643    0.143095   10.353277 ^ clkbuf_2_3__f_clk/X (sky130_fd_sc_hd__clkbuf_16)
                                                         clknet_2_3__leaf_clk (net)
                      0.054675    0.001146   10.354423 ^ _208_/CLK (sky130_fd_sc_hd__dfrtp_2)
                                 -0.250000   10.104423   clock uncertainty
                                  0.000000   10.104423   clock reconvergence pessimism
                                  0.182120   10.286542   library recovery time
                                             10.286542   data required time
---------------------------------------------------------------------------------------------
                                             10.286542   data required time
                                             -2.442527   data arrival time
---------------------------------------------------------------------------------------------
                                              7.844015   slack (MET)


Startpoint: rst_n (input port clocked by clk)
Endpoint: _223_ (recovery check against rising-edge clock clk)
Path Group: asynchronous
Path Type: max

Fanout         Cap        Slew       Delay        Time   Description
---------------------------------------------------------------------------------------------
                                  0.000000    0.000000   clock clk (rise edge)
                                  0.000000    0.000000   clock network delay (propagated)
                                  2.000000    2.000000 ^ input external delay
     1    0.003906    0.024540    0.014247    2.014247 ^ rst_n (in)
                                                         rst_n (net)
                      0.024542    0.000000    2.014247 ^ input33/A (sky130_fd_sc_hd__buf_4)
    10    0.055525    0.157765    0.186132    2.200379 ^ input33/X (sky130_fd_sc_hd__buf_4)
                                                         net33 (net)
                      0.157844    0.002907    2.203286 ^ max_cap79/A (sky130_fd_sc_hd__buf_12)
    32    0.149858    0.177135    0.223225    2.426510 ^ max_cap79/X (sky130_fd_sc_hd__buf_12)
                                                         net79 (net)
                      0.179561    0.016606    2.443117 ^ _223_/RESET_B (sky130_fd_sc_hd__dfrtp_2)
                                              2.443117   data arrival time

                                 10.000000   10.000000   clock clk (rise edge)
                                  0.000000   10.000000   clock source latency
     1    0.016165    0.078644    0.054000   10.054001 ^ clk (in)
                                                         clk (net)
                      0.078659    0.000000   10.054001 ^ clkbuf_0_clk/A (sky130_fd_sc_hd__clkbuf_16)
     4    0.040815    0.060534    0.153952   10.207953 ^ clkbuf_0_clk/X (sky130_fd_sc_hd__clkbuf_16)
                                                         clknet_0_clk (net)
                      0.060675    0.002449   10.210402 ^ clkbuf_2_0__f_clk/A (sky130_fd_sc_hd__clkbuf_16)
     9    0.034984    0.055248    0.143295   10.353697 ^ clkbuf_2_0__f_clk/X (sky130_fd_sc_hd__clkbuf_16)
                                                         clknet_2_0__leaf_clk (net)
                      0.055384    0.001819   10.355515 ^ _223_/CLK (sky130_fd_sc_hd__dfrtp_2)
                                 -0.250000   10.105515   clock uncertainty
                                  0.000000   10.105515   clock reconvergence pessimism
                                  0.182290   10.287806   library recovery time
                                             10.287806   data required time
---------------------------------------------------------------------------------------------
                                             10.287806   data required time
                                             -2.443117   data arrival time
---------------------------------------------------------------------------------------------
                                              7.844689   slack (MET)


Startpoint: rst_n (input port clocked by clk)
Endpoint: _221_ (recovery check against rising-edge clock clk)
Path Group: asynchronous
Path Type: max

Fanout         Cap        Slew       Delay        Time   Description
---------------------------------------------------------------------------------------------
                                  0.000000    0.000000   clock clk (rise edge)
                                  0.000000    0.000000   clock network delay (propagated)
                                  2.000000    2.000000 ^ input external delay
     1    0.003906    0.024540    0.014247    2.014247 ^ rst_n (in)
                                                         rst_n (net)
                      0.024542    0.000000    2.014247 ^ input33/A (sky130_fd_sc_hd__buf_4)
    10    0.055525    0.157765    0.186132    2.200379 ^ input33/X (sky130_fd_sc_hd__buf_4)
                                                         net33 (net)
                      0.157844    0.002907    2.203286 ^ max_cap79/A (sky130_fd_sc_hd__buf_12)
    32    0.149858    0.177135    0.223225    2.426510 ^ max_cap79/X (sky130_fd_sc_hd__buf_12)
                                                         net79 (net)
                      0.179563    0.016615    2.443125 ^ _221_/RESET_B (sky130_fd_sc_hd__dfrtp_2)
                                              2.443125   data arrival time

                                 10.000000   10.000000   clock clk (rise edge)
                                  0.000000   10.000000   clock source latency
     1    0.016165    0.078644    0.054000   10.054001 ^ clk (in)
                                                         clk (net)
                      0.078659    0.000000   10.054001 ^ clkbuf_0_clk/A (sky130_fd_sc_hd__clkbuf_16)
     4    0.040815    0.060534    0.153952   10.207953 ^ clkbuf_0_clk/X (sky130_fd_sc_hd__clkbuf_16)
                                                         clknet_0_clk (net)
                      0.060675    0.002449   10.210402 ^ clkbuf_2_0__f_clk/A (sky130_fd_sc_hd__clkbuf_16)
     9    0.034984    0.055248    0.143295   10.353697 ^ clkbuf_2_0__f_clk/X (sky130_fd_sc_hd__clkbuf_16)
                                                         clknet_2_0__leaf_clk (net)
                      0.055391    0.001895   10.355592 ^ _221_/CLK (sky130_fd_sc_hd__dfrtp_2)
                                 -0.250000   10.105592   clock uncertainty
                                  0.000000   10.105592   clock reconvergence pessimism
                                  0.182291   10.287884   library recovery time
                                             10.287884   data required time
---------------------------------------------------------------------------------------------
                                             10.287884   data required time
                                             -2.443125   data arrival time
---------------------------------------------------------------------------------------------
                                              7.844758   slack (MET)


Startpoint: rst_n (input port clocked by clk)
Endpoint: _225_ (recovery check against rising-edge clock clk)
Path Group: asynchronous
Path Type: max

Fanout         Cap        Slew       Delay        Time   Description
---------------------------------------------------------------------------------------------
                                  0.000000    0.000000   clock clk (rise edge)
                                  0.000000    0.000000   clock network delay (propagated)
                                  2.000000    2.000000 ^ input external delay
     1    0.003906    0.024540    0.014247    2.014247 ^ rst_n (in)
                                                         rst_n (net)
                      0.024542    0.000000    2.014247 ^ input33/A (sky130_fd_sc_hd__buf_4)
    10    0.055525    0.157765    0.186132    2.200379 ^ input33/X (sky130_fd_sc_hd__buf_4)
                                                         net33 (net)
                      0.157844    0.002907    2.203286 ^ max_cap79/A (sky130_fd_sc_hd__buf_12)
    32    0.149858    0.177135    0.223225    2.426510 ^ max_cap79/X (sky130_fd_sc_hd__buf_12)
                                                         net79 (net)
                      0.179513    0.016450    2.442960 ^ _225_/RESET_B (sky130_fd_sc_hd__dfrtp_2)
                                              2.442960   data arrival time

                                 10.000000   10.000000   clock clk (rise edge)
                                  0.000000   10.000000   clock source latency
     1    0.016165    0.078644    0.054000   10.054001 ^ clk (in)
                                                         clk (net)
                      0.078659    0.000000   10.054001 ^ clkbuf_0_clk/A (sky130_fd_sc_hd__clkbuf_16)
     4    0.040815    0.060534    0.153952   10.207953 ^ clkbuf_0_clk/X (sky130_fd_sc_hd__clkbuf_16)
                                                         clknet_0_clk (net)
                      0.060666    0.002368   10.210320 ^ clkbuf_2_2__f_clk/A (sky130_fd_sc_hd__clkbuf_16)
    13    0.036812    0.056920    0.145095   10.355416 ^ clkbuf_2_2__f_clk/X (sky130_fd_sc_hd__clkbuf_16)
                                                         clknet_2_2__leaf_clk (net)
                      0.056921    0.000485   10.355902 ^ _225_/CLK (sky130_fd_sc_hd__dfrtp_2)
                                 -0.250000   10.105902   clock uncertainty
                                  0.000000   10.105902   clock reconvergence pessimism
                                  0.182786   10.288688   library recovery time
                                             10.288688   data required time
---------------------------------------------------------------------------------------------
                                             10.288688   data required time
                                             -2.442960   data arrival time
---------------------------------------------------------------------------------------------
                                              7.845728   slack (MET)


Startpoint: rst_n (input port clocked by clk)
Endpoint: _226_ (recovery check against rising-edge clock clk)
Path Group: asynchronous
Path Type: max

Fanout         Cap        Slew       Delay        Time   Description
---------------------------------------------------------------------------------------------
                                  0.000000    0.000000   clock clk (rise edge)
                                  0.000000    0.000000   clock network delay (propagated)
                                  2.000000    2.000000 ^ input external delay
     1    0.003906    0.024540    0.014247    2.014247 ^ rst_n (in)
                                                         rst_n (net)
                      0.024542    0.000000    2.014247 ^ input33/A (sky130_fd_sc_hd__buf_4)
    10    0.055525    0.157765    0.186132    2.200379 ^ input33/X (sky130_fd_sc_hd__buf_4)
                                                         net33 (net)
                      0.157844    0.002907    2.203286 ^ max_cap79/A (sky130_fd_sc_hd__buf_12)
    32    0.149858    0.177135    0.223225    2.426510 ^ max_cap79/X (sky130_fd_sc_hd__buf_12)
                                                         net79 (net)
                      0.179525    0.016489    2.442999 ^ _226_/RESET_B (sky130_fd_sc_hd__dfrtp_2)
                                              2.442999   data arrival time

                                 10.000000   10.000000   clock clk (rise edge)
                                  0.000000   10.000000   clock source latency
     1    0.016165    0.078644    0.054000   10.054001 ^ clk (in)
                                                         clk (net)
                      0.078659    0.000000   10.054001 ^ clkbuf_0_clk/A (sky130_fd_sc_hd__clkbuf_16)
     4    0.040815    0.060534    0.153952   10.207953 ^ clkbuf_0_clk/X (sky130_fd_sc_hd__clkbuf_16)
                                                         clknet_0_clk (net)
                      0.060666    0.002368   10.210320 ^ clkbuf_2_2__f_clk/A (sky130_fd_sc_hd__clkbuf_16)
    13    0.036812    0.056920    0.145095   10.355416 ^ clkbuf_2_2__f_clk/X (sky130_fd_sc_hd__clkbuf_16)
                                                         clknet_2_2__leaf_clk (net)
                      0.056931    0.000735   10.356152 ^ _226_/CLK (sky130_fd_sc_hd__dfrtp_2)
                                 -0.250000   10.106152   clock uncertainty
                                  0.000000   10.106152   clock reconvergence pessimism
                                  0.182786   10.288938   library recovery time
                                             10.288938   data required time
---------------------------------------------------------------------------------------------
                                             10.288938   data required time
                                             -2.442999   data arrival time
---------------------------------------------------------------------------------------------
                                              7.845937   slack (MET)


Startpoint: rst_n (input port clocked by clk)
Endpoint: _224_ (recovery check against rising-edge clock clk)
Path Group: asynchronous
Path Type: max

Fanout         Cap        Slew       Delay        Time   Description
---------------------------------------------------------------------------------------------
                                  0.000000    0.000000   clock clk (rise edge)
                                  0.000000    0.000000   clock network delay (propagated)
                                  2.000000    2.000000 ^ input external delay
     1    0.003906    0.024540    0.014247    2.014247 ^ rst_n (in)
                                                         rst_n (net)
                      0.024542    0.000000    2.014247 ^ input33/A (sky130_fd_sc_hd__buf_4)
    10    0.055525    0.157765    0.186132    2.200379 ^ input33/X (sky130_fd_sc_hd__buf_4)
                                                         net33 (net)
                      0.157844    0.002907    2.203286 ^ max_cap79/A (sky130_fd_sc_hd__buf_12)
    32    0.149858    0.177135    0.223225    2.426510 ^ max_cap79/X (sky130_fd_sc_hd__buf_12)
                                                         net79 (net)
                      0.179552    0.016576    2.443087 ^ _224_/RESET_B (sky130_fd_sc_hd__dfrtp_2)
                                              2.443087   data arrival time

                                 10.000000   10.000000   clock clk (rise edge)
                                  0.000000   10.000000   clock source latency
     1    0.016165    0.078644    0.054000   10.054001 ^ clk (in)
                                                         clk (net)
                      0.078659    0.000000   10.054001 ^ clkbuf_0_clk/A (sky130_fd_sc_hd__clkbuf_16)
     4    0.040815    0.060534    0.153952   10.207953 ^ clkbuf_0_clk/X (sky130_fd_sc_hd__clkbuf_16)
                                                         clknet_0_clk (net)
                      0.060666    0.002368   10.210320 ^ clkbuf_2_2__f_clk/A (sky130_fd_sc_hd__clkbuf_16)
    13    0.036812    0.056920    0.145095   10.355416 ^ clkbuf_2_2__f_clk/X (sky130_fd_sc_hd__clkbuf_16)
                                                         clknet_2_2__leaf_clk (net)
                      0.056938    0.000895   10.356312 ^ _224_/CLK (sky130_fd_sc_hd__dfrtp_2)
                                 -0.250000   10.106312   clock uncertainty
                                  0.000000   10.106312   clock reconvergence pessimism
                                  0.182780   10.289092   library recovery time
                                             10.289092   data required time
---------------------------------------------------------------------------------------------
                                             10.289092   data required time
                                             -2.443087   data arrival time
---------------------------------------------------------------------------------------------
                                              7.846005   slack (MET)


Startpoint: rst_n (input port clocked by clk)
Endpoint: _201_ (recovery check against rising-edge clock clk)
Path Group: asynchronous
Path Type: max

Fanout         Cap        Slew       Delay        Time   Description
---------------------------------------------------------------------------------------------
                                  0.000000    0.000000   clock clk (rise edge)
                                  0.000000    0.000000   clock network delay (propagated)
                                  2.000000    2.000000 ^ input external delay
     1    0.003906    0.024540    0.014247    2.014247 ^ rst_n (in)
                                                         rst_n (net)
                      0.024542    0.000000    2.014247 ^ input33/A (sky130_fd_sc_hd__buf_4)
    10    0.055525    0.157765    0.186132    2.200379 ^ input33/X (sky130_fd_sc_hd__buf_4)
                                                         net33 (net)
                      0.157844    0.002907    2.203286 ^ max_cap79/A (sky130_fd_sc_hd__buf_12)
    32    0.149858    0.177135    0.223225    2.426510 ^ max_cap79/X (sky130_fd_sc_hd__buf_12)
                                                         net79 (net)
                      0.179399    0.016066    2.442576 ^ _201_/RESET_B (sky130_fd_sc_hd__dfrtp_2)
                                              2.442576   data arrival time

                                 10.000000   10.000000   clock clk (rise edge)
                                  0.000000   10.000000   clock source latency
     1    0.016165    0.078644    0.054000   10.054001 ^ clk (in)
                                                         clk (net)
                      0.078659    0.000000   10.054001 ^ clkbuf_0_clk/A (sky130_fd_sc_hd__clkbuf_16)
     4    0.040815    0.060534    0.153952   10.207953 ^ clkbuf_0_clk/X (sky130_fd_sc_hd__clkbuf_16)
                                                         clknet_0_clk (net)
                      0.060666    0.002368   10.210320 ^ clkbuf_2_2__f_clk/A (sky130_fd_sc_hd__clkbuf_16)
    13    0.036812    0.056920    0.145095   10.355416 ^ clkbuf_2_2__f_clk/X (sky130_fd_sc_hd__clkbuf_16)
                                                         clknet_2_2__leaf_clk (net)
                      0.056924    0.000561   10.355978 ^ _201_/CLK (sky130_fd_sc_hd__dfrtp_2)
                                 -0.250000   10.105978   clock uncertainty
                                  0.000000   10.105978   clock reconvergence pessimism
                                  0.182821   10.288798   library recovery time
                                             10.288798   data required time
---------------------------------------------------------------------------------------------
                                             10.288798   data required time
                                             -2.442576   data arrival time
---------------------------------------------------------------------------------------------
                                              7.846222   slack (MET)


Startpoint: rst_n (input port clocked by clk)
Endpoint: _200_ (recovery check against rising-edge clock clk)
Path Group: asynchronous
Path Type: max

Fanout         Cap        Slew       Delay        Time   Description
---------------------------------------------------------------------------------------------
                                  0.000000    0.000000   clock clk (rise edge)
                                  0.000000    0.000000   clock network delay (propagated)
                                  2.000000    2.000000 ^ input external delay
     1    0.003906    0.024540    0.014247    2.014247 ^ rst_n (in)
                                                         rst_n (net)
                      0.024542    0.000000    2.014247 ^ input33/A (sky130_fd_sc_hd__buf_4)
    10    0.055525    0.157765    0.186132    2.200379 ^ input33/X (sky130_fd_sc_hd__buf_4)
                                                         net33 (net)
                      0.157844    0.002907    2.203286 ^ max_cap79/A (sky130_fd_sc_hd__buf_12)
    32    0.149858    0.177135    0.223225    2.426510 ^ max_cap79/X (sky130_fd_sc_hd__buf_12)
                                                         net79 (net)
                      0.179400    0.016066    2.442577 ^ _200_/RESET_B (sky130_fd_sc_hd__dfrtp_2)
                                              2.442577   data arrival time

                                 10.000000   10.000000   clock clk (rise edge)
                                  0.000000   10.000000   clock source latency
     1    0.016165    0.078644    0.054000   10.054001 ^ clk (in)
                                                         clk (net)
                      0.078659    0.000000   10.054001 ^ clkbuf_0_clk/A (sky130_fd_sc_hd__clkbuf_16)
     4    0.040815    0.060534    0.153952   10.207953 ^ clkbuf_0_clk/X (sky130_fd_sc_hd__clkbuf_16)
                                                         clknet_0_clk (net)
                      0.060666    0.002368   10.210320 ^ clkbuf_2_2__f_clk/A (sky130_fd_sc_hd__clkbuf_16)
    13    0.036812    0.056920    0.145095   10.355416 ^ clkbuf_2_2__f_clk/X (sky130_fd_sc_hd__clkbuf_16)
                                                         clknet_2_2__leaf_clk (net)
                      0.056929    0.000687   10.356103 ^ _200_/CLK (sky130_fd_sc_hd__dfrtp_2)
                                 -0.250000   10.106103   clock uncertainty
                                  0.000000   10.106103   clock reconvergence pessimism
                                  0.182822   10.288925   library recovery time
                                             10.288925   data required time
---------------------------------------------------------------------------------------------
                                             10.288925   data required time
                                             -2.442577   data arrival time
---------------------------------------------------------------------------------------------
                                              7.846349   slack (MET)


Startpoint: rst_n (input port clocked by clk)
Endpoint: _202_ (recovery check against rising-edge clock clk)
Path Group: asynchronous
Path Type: max

Fanout         Cap        Slew       Delay        Time   Description
---------------------------------------------------------------------------------------------
                                  0.000000    0.000000   clock clk (rise edge)
                                  0.000000    0.000000   clock network delay (propagated)
                                  2.000000    2.000000 ^ input external delay
     1    0.003906    0.024540    0.014247    2.014247 ^ rst_n (in)
                                                         rst_n (net)
                      0.024542    0.000000    2.014247 ^ input33/A (sky130_fd_sc_hd__buf_4)
    10    0.055525    0.157765    0.186132    2.200379 ^ input33/X (sky130_fd_sc_hd__buf_4)
                                                         net33 (net)
                      0.157844    0.002907    2.203286 ^ max_cap79/A (sky130_fd_sc_hd__buf_12)
    32    0.149858    0.177135    0.223225    2.426510 ^ max_cap79/X (sky130_fd_sc_hd__buf_12)
                                                         net79 (net)
                      0.179356    0.015918    2.442428 ^ _202_/RESET_B (sky130_fd_sc_hd__dfrtp_2)
                                              2.442428   data arrival time

                                 10.000000   10.000000   clock clk (rise edge)
                                  0.000000   10.000000   clock source latency
     1    0.016165    0.078644    0.054000   10.054001 ^ clk (in)
                                                         clk (net)
                      0.078659    0.000000   10.054001 ^ clkbuf_0_clk/A (sky130_fd_sc_hd__clkbuf_16)
     4    0.040815    0.060534    0.153952   10.207953 ^ clkbuf_0_clk/X (sky130_fd_sc_hd__clkbuf_16)
                                                         clknet_0_clk (net)
                      0.060666    0.002368   10.210320 ^ clkbuf_2_2__f_clk/A (sky130_fd_sc_hd__clkbuf_16)
    13    0.036812    0.056920    0.145095   10.355416 ^ clkbuf_2_2__f_clk/X (sky130_fd_sc_hd__clkbuf_16)
                                                         clknet_2_2__leaf_clk (net)
                      0.056928    0.000684   10.356100 ^ _202_/CLK (sky130_fd_sc_hd__dfrtp_2)
                                 -0.250000   10.106100   clock uncertainty
                                  0.000000   10.106100   clock reconvergence pessimism
                                  0.182835   10.288936   library recovery time
                                             10.288936   data required time
---------------------------------------------------------------------------------------------
                                             10.288936   data required time
                                             -2.442428   data arrival time
---------------------------------------------------------------------------------------------
                                              7.846508   slack (MET)


Startpoint: rst_n (input port clocked by clk)
Endpoint: _206_ (recovery check against rising-edge clock clk)
Path Group: asynchronous
Path Type: max

Fanout         Cap        Slew       Delay        Time   Description
---------------------------------------------------------------------------------------------
                                  0.000000    0.000000   clock clk (rise edge)
                                  0.000000    0.000000   clock network delay (propagated)
                                  2.000000    2.000000 ^ input external delay
     1    0.003906    0.024540    0.014247    2.014247 ^ rst_n (in)
                                                         rst_n (net)
                      0.024542    0.000000    2.014247 ^ input33/A (sky130_fd_sc_hd__buf_4)
    10    0.055525    0.157765    0.186132    2.200379 ^ input33/X (sky130_fd_sc_hd__buf_4)
                                                         net33 (net)
                      0.157844    0.002907    2.203286 ^ max_cap79/A (sky130_fd_sc_hd__buf_12)
    32    0.149858    0.177135    0.223225    2.426510 ^ max_cap79/X (sky130_fd_sc_hd__buf_12)
                                                         net79 (net)
                      0.179367    0.015953    2.442463 ^ _206_/RESET_B (sky130_fd_sc_hd__dfrtp_2)
                                              2.442463   data arrival time

                                 10.000000   10.000000   clock clk (rise edge)
                                  0.000000   10.000000   clock source latency
     1    0.016165    0.078644    0.054000   10.054001 ^ clk (in)
                                                         clk (net)
                      0.078659    0.000000   10.054001 ^ clkbuf_0_clk/A (sky130_fd_sc_hd__clkbuf_16)
     4    0.040815    0.060534    0.153952   10.207953 ^ clkbuf_0_clk/X (sky130_fd_sc_hd__clkbuf_16)
                                                         clknet_0_clk (net)
                      0.060666    0.002368   10.210320 ^ clkbuf_2_2__f_clk/A (sky130_fd_sc_hd__clkbuf_16)
    13    0.036812    0.056920    0.145095   10.355416 ^ clkbuf_2_2__f_clk/X (sky130_fd_sc_hd__clkbuf_16)
                                                         clknet_2_2__leaf_clk (net)
                      0.056943    0.000979   10.356395 ^ _206_/CLK (sky130_fd_sc_hd__dfrtp_2)
                                 -0.250000   10.106395   clock uncertainty
                                  0.000000   10.106395   clock reconvergence pessimism
                                  0.182837   10.289232   library recovery time
                                             10.289232   data required time
---------------------------------------------------------------------------------------------
                                             10.289232   data required time
                                             -2.442463   data arrival time
---------------------------------------------------------------------------------------------
                                              7.846769   slack (MET)


Startpoint: rst_n (input port clocked by clk)
Endpoint: _204_ (recovery check against rising-edge clock clk)
Path Group: asynchronous
Path Type: max

Fanout         Cap        Slew       Delay        Time   Description
---------------------------------------------------------------------------------------------
                                  0.000000    0.000000   clock clk (rise edge)
                                  0.000000    0.000000   clock network delay (propagated)
                                  2.000000    2.000000 ^ input external delay
     1    0.003906    0.024540    0.014247    2.014247 ^ rst_n (in)
                                                         rst_n (net)
                      0.024542    0.000000    2.014247 ^ input33/A (sky130_fd_sc_hd__buf_4)
    10    0.055525    0.157765    0.186132    2.200379 ^ input33/X (sky130_fd_sc_hd__buf_4)
                                                         net33 (net)
                      0.157844    0.002907    2.203286 ^ max_cap79/A (sky130_fd_sc_hd__buf_12)
    32    0.149858    0.177135    0.223225    2.426510 ^ max_cap79/X (sky130_fd_sc_hd__buf_12)
                                                         net79 (net)
                      0.179298    0.015715    2.442226 ^ _204_/RESET_B (sky130_fd_sc_hd__dfrtp_2)
                                              2.442226   data arrival time

                                 10.000000   10.000000   clock clk (rise edge)
                                  0.000000   10.000000   clock source latency
     1    0.016165    0.078644    0.054000   10.054001 ^ clk (in)
                                                         clk (net)
                      0.078659    0.000000   10.054001 ^ clkbuf_0_clk/A (sky130_fd_sc_hd__clkbuf_16)
     4    0.040815    0.060534    0.153952   10.207953 ^ clkbuf_0_clk/X (sky130_fd_sc_hd__clkbuf_16)
                                                         clknet_0_clk (net)
                      0.060666    0.002368   10.210320 ^ clkbuf_2_2__f_clk/A (sky130_fd_sc_hd__clkbuf_16)
    13    0.036812    0.056920    0.145095   10.355416 ^ clkbuf_2_2__f_clk/X (sky130_fd_sc_hd__clkbuf_16)
                                                         clknet_2_2__leaf_clk (net)
                      0.056945    0.001016   10.356433 ^ _204_/CLK (sky130_fd_sc_hd__dfrtp_2)
                                 -0.250000   10.106432   clock uncertainty
                                  0.000000   10.106432   clock reconvergence pessimism
                                  0.182858   10.289289   library recovery time
                                             10.289289   data required time
---------------------------------------------------------------------------------------------
                                             10.289289   data required time
                                             -2.442226   data arrival time
---------------------------------------------------------------------------------------------
                                              7.847064   slack (MET)


Startpoint: rst_n (input port clocked by clk)
Endpoint: _203_ (recovery check against rising-edge clock clk)
Path Group: asynchronous
Path Type: max

Fanout         Cap        Slew       Delay        Time   Description
---------------------------------------------------------------------------------------------
                                  0.000000    0.000000   clock clk (rise edge)
                                  0.000000    0.000000   clock network delay (propagated)
                                  2.000000    2.000000 ^ input external delay
     1    0.003906    0.024540    0.014247    2.014247 ^ rst_n (in)
                                                         rst_n (net)
                      0.024542    0.000000    2.014247 ^ input33/A (sky130_fd_sc_hd__buf_4)
    10    0.055525    0.157765    0.186132    2.200379 ^ input33/X (sky130_fd_sc_hd__buf_4)
                                                         net33 (net)
                      0.157844    0.002907    2.203286 ^ max_cap79/A (sky130_fd_sc_hd__buf_12)
    32    0.149858    0.177135    0.223225    2.426510 ^ max_cap79/X (sky130_fd_sc_hd__buf_12)
                                                         net79 (net)
                      0.179307    0.015745    2.442256 ^ _203_/RESET_B (sky130_fd_sc_hd__dfrtp_2)
                                              2.442256   data arrival time

                                 10.000000   10.000000   clock clk (rise edge)
                                  0.000000   10.000000   clock source latency
     1    0.016165    0.078644    0.054000   10.054001 ^ clk (in)
                                                         clk (net)
                      0.078659    0.000000   10.054001 ^ clkbuf_0_clk/A (sky130_fd_sc_hd__clkbuf_16)
     4    0.040815    0.060534    0.153952   10.207953 ^ clkbuf_0_clk/X (sky130_fd_sc_hd__clkbuf_16)
                                                         clknet_0_clk (net)
                      0.060666    0.002368   10.210320 ^ clkbuf_2_2__f_clk/A (sky130_fd_sc_hd__clkbuf_16)
    13    0.036812    0.056920    0.145095   10.355416 ^ clkbuf_2_2__f_clk/X (sky130_fd_sc_hd__clkbuf_16)
                                                         clknet_2_2__leaf_clk (net)
                      0.056949    0.001096   10.356512 ^ _203_/CLK (sky130_fd_sc_hd__dfrtp_2)
                                 -0.250000   10.106512   clock uncertainty
                                  0.000000   10.106512   clock reconvergence pessimism
                                  0.182856   10.289369   library recovery time
                                             10.289369   data required time
---------------------------------------------------------------------------------------------
                                             10.289369   data required time
                                             -2.442256   data arrival time
---------------------------------------------------------------------------------------------
                                              7.847114   slack (MET)


Startpoint: rst_n (input port clocked by clk)
Endpoint: _205_ (recovery check against rising-edge clock clk)
Path Group: asynchronous
Path Type: max

Fanout         Cap        Slew       Delay        Time   Description
---------------------------------------------------------------------------------------------
                                  0.000000    0.000000   clock clk (rise edge)
                                  0.000000    0.000000   clock network delay (propagated)
                                  2.000000    2.000000 ^ input external delay
     1    0.003906    0.024540    0.014247    2.014247 ^ rst_n (in)
                                                         rst_n (net)
                      0.024542    0.000000    2.014247 ^ input33/A (sky130_fd_sc_hd__buf_4)
    10    0.055525    0.157765    0.186132    2.200379 ^ input33/X (sky130_fd_sc_hd__buf_4)
                                                         net33 (net)
                      0.157844    0.002907    2.203286 ^ max_cap79/A (sky130_fd_sc_hd__buf_12)
    32    0.149858    0.177135    0.223225    2.426510 ^ max_cap79/X (sky130_fd_sc_hd__buf_12)
                                                         net79 (net)
                      0.179231    0.015482    2.441992 ^ _205_/RESET_B (sky130_fd_sc_hd__dfrtp_2)
                                              2.441992   data arrival time

                                 10.000000   10.000000   clock clk (rise edge)
                                  0.000000   10.000000   clock source latency
     1    0.016165    0.078644    0.054000   10.054001 ^ clk (in)
                                                         clk (net)
                      0.078659    0.000000   10.054001 ^ clkbuf_0_clk/A (sky130_fd_sc_hd__clkbuf_16)
     4    0.040815    0.060534    0.153952   10.207953 ^ clkbuf_0_clk/X (sky130_fd_sc_hd__clkbuf_16)
                                                         clknet_0_clk (net)
                      0.060666    0.002368   10.210320 ^ clkbuf_2_2__f_clk/A (sky130_fd_sc_hd__clkbuf_16)
    13    0.036812    0.056920    0.145095   10.355416 ^ clkbuf_2_2__f_clk/X (sky130_fd_sc_hd__clkbuf_16)
                                                         clknet_2_2__leaf_clk (net)
                      0.056940    0.000924   10.356340 ^ _205_/CLK (sky130_fd_sc_hd__dfrtp_2)
                                 -0.250000   10.106340   clock uncertainty
                                  0.000000   10.106340   clock reconvergence pessimism
                                  0.182876   10.289216   library recovery time
                                             10.289216   data required time
---------------------------------------------------------------------------------------------
                                             10.289216   data required time
                                             -2.441992   data arrival time
---------------------------------------------------------------------------------------------
                                              7.847224   slack (MET)


Startpoint: rst_n (input port clocked by clk)
Endpoint: _199_ (recovery check against rising-edge clock clk)
Path Group: asynchronous
Path Type: max

Fanout         Cap        Slew       Delay        Time   Description
---------------------------------------------------------------------------------------------
                                  0.000000    0.000000   clock clk (rise edge)
                                  0.000000    0.000000   clock network delay (propagated)
                                  2.000000    2.000000 ^ input external delay
     1    0.003906    0.024540    0.014247    2.014247 ^ rst_n (in)
                                                         rst_n (net)
                      0.024542    0.000000    2.014247 ^ input33/A (sky130_fd_sc_hd__buf_4)
    10    0.055525    0.157765    0.186132    2.200379 ^ input33/X (sky130_fd_sc_hd__buf_4)
                                                         net33 (net)
                      0.157844    0.002907    2.203286 ^ max_cap79/A (sky130_fd_sc_hd__buf_12)
    32    0.149858    0.177135    0.223225    2.426510 ^ max_cap79/X (sky130_fd_sc_hd__buf_12)
                                                         net79 (net)
                      0.179128    0.015112    2.441622 ^ _199_/RESET_B (sky130_fd_sc_hd__dfrtp_2)
                                              2.441622   data arrival time

                                 10.000000   10.000000   clock clk (rise edge)
                                  0.000000   10.000000   clock source latency
     1    0.016165    0.078644    0.054000   10.054001 ^ clk (in)
                                                         clk (net)
                      0.078659    0.000000   10.054001 ^ clkbuf_0_clk/A (sky130_fd_sc_hd__clkbuf_16)
     4    0.040815    0.060534    0.153952   10.207953 ^ clkbuf_0_clk/X (sky130_fd_sc_hd__clkbuf_16)
                                                         clknet_0_clk (net)
                      0.060666    0.002368   10.210320 ^ clkbuf_2_2__f_clk/A (sky130_fd_sc_hd__clkbuf_16)
    13    0.036812    0.056920    0.145095   10.355416 ^ clkbuf_2_2__f_clk/X (sky130_fd_sc_hd__clkbuf_16)
                                                         clknet_2_2__leaf_clk (net)
                      0.056934    0.000802   10.356218 ^ _199_/CLK (sky130_fd_sc_hd__dfrtp_2)
                                 -0.250000   10.106218   clock uncertainty
                                  0.000000   10.106218   clock reconvergence pessimism
                                  0.182905   10.289123   library recovery time
                                             10.289123   data required time
---------------------------------------------------------------------------------------------
                                             10.289123   data required time
                                             -2.441622   data arrival time
---------------------------------------------------------------------------------------------
                                              7.847501   slack (MET)


Startpoint: rst_n (input port clocked by clk)
Endpoint: _222_ (recovery check against rising-edge clock clk)
Path Group: asynchronous
Path Type: max

Fanout         Cap        Slew       Delay        Time   Description
---------------------------------------------------------------------------------------------
                                  0.000000    0.000000   clock clk (rise edge)
                                  0.000000    0.000000   clock network delay (propagated)
                                  2.000000    2.000000 ^ input external delay
     1    0.003906    0.024540    0.014247    2.014247 ^ rst_n (in)
                                                         rst_n (net)
                      0.024542    0.000000    2.014247 ^ input33/A (sky130_fd_sc_hd__buf_4)
    10    0.055525    0.157765    0.186132    2.200379 ^ input33/X (sky130_fd_sc_hd__buf_4)
                                                         net33 (net)
                      0.157844    0.002907    2.203286 ^ max_cap79/A (sky130_fd_sc_hd__buf_12)
    32    0.149858    0.177135    0.223225    2.426510 ^ max_cap79/X (sky130_fd_sc_hd__buf_12)
                                                         net79 (net)
                      0.178970    0.014524    2.441035 ^ _222_/RESET_B (sky130_fd_sc_hd__dfrtp_2)
                                              2.441035   data arrival time

                                 10.000000   10.000000   clock clk (rise edge)
                                  0.000000   10.000000   clock source latency
     1    0.016165    0.078644    0.054000   10.054001 ^ clk (in)
                                                         clk (net)
                      0.078659    0.000000   10.054001 ^ clkbuf_0_clk/A (sky130_fd_sc_hd__clkbuf_16)
     4    0.040815    0.060534    0.153952   10.207953 ^ clkbuf_0_clk/X (sky130_fd_sc_hd__clkbuf_16)
                                                         clknet_0_clk (net)
                      0.060666    0.002368   10.210320 ^ clkbuf_2_2__f_clk/A (sky130_fd_sc_hd__clkbuf_16)
    13    0.036812    0.056920    0.145095   10.355416 ^ clkbuf_2_2__f_clk/X (sky130_fd_sc_hd__clkbuf_16)
                                                         clknet_2_2__leaf_clk (net)
                      0.056937    0.000870   10.356287 ^ _222_/CLK (sky130_fd_sc_hd__dfrtp_2)
                                 -0.250000   10.106287   clock uncertainty
                                  0.000000   10.106287   clock reconvergence pessimism
                                  0.182953   10.289240   library recovery time
                                             10.289240   data required time
---------------------------------------------------------------------------------------------
                                             10.289240   data required time
                                             -2.441035   data arrival time
---------------------------------------------------------------------------------------------
                                              7.848206   slack (MET)


Startpoint: rst_n (input port clocked by clk)
Endpoint: _197_ (recovery check against rising-edge clock clk)
Path Group: asynchronous
Path Type: max

Fanout         Cap        Slew       Delay        Time   Description
---------------------------------------------------------------------------------------------
                                  0.000000    0.000000   clock clk (rise edge)
                                  0.000000    0.000000   clock network delay (propagated)
                                  2.000000    2.000000 ^ input external delay
     1    0.003906    0.024540    0.014247    2.014247 ^ rst_n (in)
                                                         rst_n (net)
                      0.024542    0.000000    2.014247 ^ input33/A (sky130_fd_sc_hd__buf_4)
    10    0.055525    0.157765    0.186132    2.200379 ^ input33/X (sky130_fd_sc_hd__buf_4)
                                                         net33 (net)
                      0.157844    0.002907    2.203286 ^ max_cap79/A (sky130_fd_sc_hd__buf_12)
    32    0.149858    0.177135    0.223225    2.426510 ^ max_cap79/X (sky130_fd_sc_hd__buf_12)
                                                         net79 (net)
                      0.178637    0.013199    2.439709 ^ _197_/RESET_B (sky130_fd_sc_hd__dfrtp_2)
                                              2.439709   data arrival time

                                 10.000000   10.000000   clock clk (rise edge)
                                  0.000000   10.000000   clock source latency
     1    0.016165    0.078644    0.054000   10.054001 ^ clk (in)
                                                         clk (net)
                      0.078659    0.000000   10.054001 ^ clkbuf_0_clk/A (sky130_fd_sc_hd__clkbuf_16)
     4    0.040815    0.060534    0.153952   10.207953 ^ clkbuf_0_clk/X (sky130_fd_sc_hd__clkbuf_16)
                                                         clknet_0_clk (net)
                      0.060675    0.002449   10.210402 ^ clkbuf_2_0__f_clk/A (sky130_fd_sc_hd__clkbuf_16)
     9    0.034984    0.055248    0.143295   10.353697 ^ clkbuf_2_0__f_clk/X (sky130_fd_sc_hd__clkbuf_16)
                                                         clknet_2_0__leaf_clk (net)
                      0.055379    0.001767   10.355463 ^ _197_/CLK (sky130_fd_sc_hd__dfrtp_2)
                                 -0.250000   10.105463   clock uncertainty
                                  0.000000   10.105463   clock reconvergence pessimism
                                  0.182563   10.288027   library recovery time
                                             10.288027   data required time
---------------------------------------------------------------------------------------------
                                             10.288027   data required time
                                             -2.439709   data arrival time
---------------------------------------------------------------------------------------------
                                              7.848318   slack (MET)


Startpoint: rst_n (input port clocked by clk)
Endpoint: _198_ (recovery check against rising-edge clock clk)
Path Group: asynchronous
Path Type: max

Fanout         Cap        Slew       Delay        Time   Description
---------------------------------------------------------------------------------------------
                                  0.000000    0.000000   clock clk (rise edge)
                                  0.000000    0.000000   clock network delay (propagated)
                                  2.000000    2.000000 ^ input external delay
     1    0.003906    0.024540    0.014247    2.014247 ^ rst_n (in)
                                                         rst_n (net)
                      0.024542    0.000000    2.014247 ^ input33/A (sky130_fd_sc_hd__buf_4)
    10    0.055525    0.157765    0.186132    2.200379 ^ input33/X (sky130_fd_sc_hd__buf_4)
                                                         net33 (net)
                      0.157844    0.002907    2.203286 ^ max_cap79/A (sky130_fd_sc_hd__buf_12)
    32    0.149858    0.177135    0.223225    2.426510 ^ max_cap79/X (sky130_fd_sc_hd__buf_12)
                                                         net79 (net)
                      0.178774    0.013761    2.440271 ^ _198_/RESET_B (sky130_fd_sc_hd__dfrtp_2)
                                              2.440271   data arrival time

                                 10.000000   10.000000   clock clk (rise edge)
                                  0.000000   10.000000   clock source latency
     1    0.016165    0.078644    0.054000   10.054001 ^ clk (in)
                                                         clk (net)
                      0.078659    0.000000   10.054001 ^ clkbuf_0_clk/A (sky130_fd_sc_hd__clkbuf_16)
     4    0.040815    0.060534    0.153952   10.207953 ^ clkbuf_0_clk/X (sky130_fd_sc_hd__clkbuf_16)
                                                         clknet_0_clk (net)
                      0.060666    0.002368   10.210320 ^ clkbuf_2_2__f_clk/A (sky130_fd_sc_hd__clkbuf_16)
    13    0.036812    0.056920    0.145095   10.355416 ^ clkbuf_2_2__f_clk/X (sky130_fd_sc_hd__clkbuf_16)
                                                         clknet_2_2__leaf_clk (net)
                      0.056929    0.000703   10.356120 ^ _198_/CLK (sky130_fd_sc_hd__dfrtp_2)
                                 -0.250000   10.106120   clock uncertainty
                                  0.000000   10.106120   clock reconvergence pessimism
                                  0.183009   10.289129   library recovery time
                                             10.289129   data required time
---------------------------------------------------------------------------------------------
                                             10.289129   data required time
                                             -2.440271   data arrival time
---------------------------------------------------------------------------------------------
                                              7.848858   slack (MET)


Startpoint: rst_n (input port clocked by clk)
Endpoint: _196_ (recovery check against rising-edge clock clk)
Path Group: asynchronous
Path Type: max

Fanout         Cap        Slew       Delay        Time   Description
---------------------------------------------------------------------------------------------
                                  0.000000    0.000000   clock clk (rise edge)
                                  0.000000    0.000000   clock network delay (propagated)
                                  2.000000    2.000000 ^ input external delay
     1    0.003906    0.024540    0.014247    2.014247 ^ rst_n (in)
                                                         rst_n (net)
                      0.024542    0.000000    2.014247 ^ input33/A (sky130_fd_sc_hd__buf_4)
    10    0.055525    0.157765    0.186132    2.200379 ^ input33/X (sky130_fd_sc_hd__buf_4)
                                                         net33 (net)
                      0.157844    0.002907    2.203286 ^ max_cap79/A (sky130_fd_sc_hd__buf_12)
    32    0.149858    0.177135    0.223225    2.426510 ^ max_cap79/X (sky130_fd_sc_hd__buf_12)
                                                         net79 (net)
                      0.178249    0.011453    2.437964 ^ _196_/RESET_B (sky130_fd_sc_hd__dfrtp_2)
                                              2.437964   data arrival time

                                 10.000000   10.000000   clock clk (rise edge)
                                  0.000000   10.000000   clock source latency
     1    0.016165    0.078644    0.054000   10.054001 ^ clk (in)
                                                         clk (net)
                      0.078659    0.000000   10.054001 ^ clkbuf_0_clk/A (sky130_fd_sc_hd__clkbuf_16)
     4    0.040815    0.060534    0.153952   10.207953 ^ clkbuf_0_clk/X (sky130_fd_sc_hd__clkbuf_16)
                                                         clknet_0_clk (net)
                      0.060675    0.002449   10.210402 ^ clkbuf_2_0__f_clk/A (sky130_fd_sc_hd__clkbuf_16)
     9    0.034984    0.055248    0.143295   10.353697 ^ clkbuf_2_0__f_clk/X (sky130_fd_sc_hd__clkbuf_16)
                                                         clknet_2_0__leaf_clk (net)
                      0.055386    0.001840   10.355537 ^ _196_/CLK (sky130_fd_sc_hd__dfrtp_2)
                                 -0.250000   10.105537   clock uncertainty
                                  0.000000   10.105537   clock reconvergence pessimism
                                  0.182681   10.288218   library recovery time
                                             10.288218   data required time
---------------------------------------------------------------------------------------------
                                             10.288218   data required time
                                             -2.437964   data arrival time
---------------------------------------------------------------------------------------------
                                              7.850254   slack (MET)


Startpoint: rst_n (input port clocked by clk)
Endpoint: _213_ (recovery check against rising-edge clock clk)
Path Group: asynchronous
Path Type: max

Fanout         Cap        Slew       Delay        Time   Description
---------------------------------------------------------------------------------------------
                                  0.000000    0.000000   clock clk (rise edge)
                                  0.000000    0.000000   clock network delay (propagated)
                                  2.000000    2.000000 ^ input external delay
     1    0.003906    0.024540    0.014247    2.014247 ^ rst_n (in)
                                                         rst_n (net)
                      0.024542    0.000000    2.014247 ^ input33/A (sky130_fd_sc_hd__buf_4)
    10    0.055525    0.157765    0.186132    2.200379 ^ input33/X (sky130_fd_sc_hd__buf_4)
                                                         net33 (net)
                      0.157844    0.002907    2.203286 ^ max_cap79/A (sky130_fd_sc_hd__buf_12)
    32    0.149858    0.177135    0.223225    2.426510 ^ max_cap79/X (sky130_fd_sc_hd__buf_12)
                                                         net79 (net)
                      0.177887    0.009502    2.436012 ^ _213_/RESET_B (sky130_fd_sc_hd__dfrtp_2)
                                              2.436012   data arrival time

                                 10.000000   10.000000   clock clk (rise edge)
                                  0.000000   10.000000   clock source latency
     1    0.016165    0.078644    0.054000   10.054001 ^ clk (in)
                                                         clk (net)
                      0.078659    0.000000   10.054001 ^ clkbuf_0_clk/A (sky130_fd_sc_hd__clkbuf_16)
     4    0.040815    0.060534    0.153952   10.207953 ^ clkbuf_0_clk/X (sky130_fd_sc_hd__clkbuf_16)
                                                         clknet_0_clk (net)
                      0.060649    0.002228   10.210181 ^ clkbuf_2_3__f_clk/A (sky130_fd_sc_hd__clkbuf_16)
     9    0.034268    0.054643    0.143095   10.353277 ^ clkbuf_2_3__f_clk/X (sky130_fd_sc_hd__clkbuf_16)
                                                         clknet_2_3__leaf_clk (net)
                      0.054647    0.000686   10.353963 ^ _213_/CLK (sky130_fd_sc_hd__dfrtp_2)
                                 -0.250000   10.103962   clock uncertainty
                                  0.000000   10.103962   clock reconvergence pessimism
                                  0.182557   10.286519   library recovery time
                                             10.286519   data required time
---------------------------------------------------------------------------------------------
                                             10.286519   data required time
                                             -2.436012   data arrival time
---------------------------------------------------------------------------------------------
                                              7.850507   slack (MET)


Startpoint: rst_n (input port clocked by clk)
Endpoint: _211_ (recovery check against rising-edge clock clk)
Path Group: asynchronous
Path Type: max

Fanout         Cap        Slew       Delay        Time   Description
---------------------------------------------------------------------------------------------
                                  0.000000    0.000000   clock clk (rise edge)
                                  0.000000    0.000000   clock network delay (propagated)
                                  2.000000    2.000000 ^ input external delay
     1    0.003906    0.024540    0.014247    2.014247 ^ rst_n (in)
                                                         rst_n (net)
                      0.024542    0.000000    2.014247 ^ input33/A (sky130_fd_sc_hd__buf_4)
    10    0.055525    0.157765    0.186132    2.200379 ^ input33/X (sky130_fd_sc_hd__buf_4)
                                                         net33 (net)
                      0.157844    0.002907    2.203286 ^ max_cap79/A (sky130_fd_sc_hd__buf_12)
    32    0.149858    0.177135    0.223225    2.426510 ^ max_cap79/X (sky130_fd_sc_hd__buf_12)
                                                         net79 (net)
                      0.177870    0.009400    2.435911 ^ _211_/RESET_B (sky130_fd_sc_hd__dfrtp_2)
                                              2.435911   data arrival time

                                 10.000000   10.000000   clock clk (rise edge)
                                  0.000000   10.000000   clock source latency
     1    0.016165    0.078644    0.054000   10.054001 ^ clk (in)
                                                         clk (net)
                      0.078659    0.000000   10.054001 ^ clkbuf_0_clk/A (sky130_fd_sc_hd__clkbuf_16)
     4    0.040815    0.060534    0.153952   10.207953 ^ clkbuf_0_clk/X (sky130_fd_sc_hd__clkbuf_16)
                                                         clknet_0_clk (net)
                      0.060649    0.002228   10.210181 ^ clkbuf_2_3__f_clk/A (sky130_fd_sc_hd__clkbuf_16)
     9    0.034268    0.054643    0.143095   10.353277 ^ clkbuf_2_3__f_clk/X (sky130_fd_sc_hd__clkbuf_16)
                                                         clknet_2_3__leaf_clk (net)
                      0.054645    0.000588   10.353865 ^ _211_/CLK (sky130_fd_sc_hd__dfrtp_2)
                                 -0.250000   10.103865   clock uncertainty
                                  0.000000   10.103865   clock reconvergence pessimism
                                  0.182561   10.286427   library recovery time
                                             10.286427   data required time
---------------------------------------------------------------------------------------------
                                             10.286427   data required time
                                             -2.435911   data arrival time
---------------------------------------------------------------------------------------------
                                              7.850515   slack (MET)


Startpoint: rst_n (input port clocked by clk)
Endpoint: _209_ (recovery check against rising-edge clock clk)
Path Group: asynchronous
Path Type: max

Fanout         Cap        Slew       Delay        Time   Description
---------------------------------------------------------------------------------------------
                                  0.000000    0.000000   clock clk (rise edge)
                                  0.000000    0.000000   clock network delay (propagated)
                                  2.000000    2.000000 ^ input external delay
     1    0.003906    0.024540    0.014247    2.014247 ^ rst_n (in)
                                                         rst_n (net)
                      0.024542    0.000000    2.014247 ^ input33/A (sky130_fd_sc_hd__buf_4)
    10    0.055525    0.157765    0.186132    2.200379 ^ input33/X (sky130_fd_sc_hd__buf_4)
                                                         net33 (net)
                      0.157844    0.002907    2.203286 ^ max_cap79/A (sky130_fd_sc_hd__buf_12)
    32    0.149858    0.177135    0.223225    2.426510 ^ max_cap79/X (sky130_fd_sc_hd__buf_12)
                                                         net79 (net)
                      0.177947    0.009855    2.436366 ^ _209_/RESET_B (sky130_fd_sc_hd__dfrtp_2)
                                              2.436366   data arrival time

                                 10.000000   10.000000   clock clk (rise edge)
                                  0.000000   10.000000   clock source latency
     1    0.016165    0.078644    0.054000   10.054001 ^ clk (in)
                                                         clk (net)
                      0.078659    0.000000   10.054001 ^ clkbuf_0_clk/A (sky130_fd_sc_hd__clkbuf_16)
     4    0.040815    0.060534    0.153952   10.207953 ^ clkbuf_0_clk/X (sky130_fd_sc_hd__clkbuf_16)
                                                         clknet_0_clk (net)
                      0.060649    0.002228   10.210181 ^ clkbuf_2_3__f_clk/A (sky130_fd_sc_hd__clkbuf_16)
     9    0.034268    0.054643    0.143095   10.353277 ^ clkbuf_2_3__f_clk/X (sky130_fd_sc_hd__clkbuf_16)
                                                         clknet_2_3__leaf_clk (net)
                      0.054673    0.001114   10.354390 ^ _209_/CLK (sky130_fd_sc_hd__dfrtp_2)
                                 -0.250000   10.104390   clock uncertainty
                                  0.000000   10.104390   clock reconvergence pessimism
                                  0.182547   10.286938   library recovery time
                                             10.286938   data required time
---------------------------------------------------------------------------------------------
                                             10.286938   data required time
                                             -2.436366   data arrival time
---------------------------------------------------------------------------------------------
                                              7.850572   slack (MET)


Startpoint: rst_n (input port clocked by clk)
Endpoint: _212_ (recovery check against rising-edge clock clk)
Path Group: asynchronous
Path Type: max

Fanout         Cap        Slew       Delay        Time   Description
---------------------------------------------------------------------------------------------
                                  0.000000    0.000000   clock clk (rise edge)
                                  0.000000    0.000000   clock network delay (propagated)
                                  2.000000    2.000000 ^ input external delay
     1    0.003906    0.024540    0.014247    2.014247 ^ rst_n (in)
                                                         rst_n (net)
                      0.024542    0.000000    2.014247 ^ input33/A (sky130_fd_sc_hd__buf_4)
    10    0.055525    0.157765    0.186132    2.200379 ^ input33/X (sky130_fd_sc_hd__buf_4)
                                                         net33 (net)
                      0.157844    0.002907    2.203286 ^ max_cap79/A (sky130_fd_sc_hd__buf_12)
    32    0.149858    0.177135    0.223225    2.426510 ^ max_cap79/X (sky130_fd_sc_hd__buf_12)
                                                         net79 (net)
                      0.177863    0.009359    2.435869 ^ _212_/RESET_B (sky130_fd_sc_hd__dfrtp_2)
                                              2.435869   data arrival time

                                 10.000000   10.000000   clock clk (rise edge)
                                  0.000000   10.000000   clock source latency
     1    0.016165    0.078644    0.054000   10.054001 ^ clk (in)
                                                         clk (net)
                      0.078659    0.000000   10.054001 ^ clkbuf_0_clk/A (sky130_fd_sc_hd__clkbuf_16)
     4    0.040815    0.060534    0.153952   10.207953 ^ clkbuf_0_clk/X (sky130_fd_sc_hd__clkbuf_16)
                                                         clknet_0_clk (net)
                      0.060649    0.002228   10.210181 ^ clkbuf_2_3__f_clk/A (sky130_fd_sc_hd__clkbuf_16)
     9    0.034268    0.054643    0.143095   10.353277 ^ clkbuf_2_3__f_clk/X (sky130_fd_sc_hd__clkbuf_16)
                                                         clknet_2_3__leaf_clk (net)
                      0.054645    0.000618   10.353895 ^ _212_/CLK (sky130_fd_sc_hd__dfrtp_2)
                                 -0.250000   10.103895   clock uncertainty
                                  0.000000   10.103895   clock reconvergence pessimism
                                  0.182564   10.286458   library recovery time
                                             10.286458   data required time
---------------------------------------------------------------------------------------------
                                             10.286458   data required time
                                             -2.435869   data arrival time
---------------------------------------------------------------------------------------------
                                              7.850590   slack (MET)


Startpoint: rst_n (input port clocked by clk)
Endpoint: _210_ (recovery check against rising-edge clock clk)
Path Group: asynchronous
Path Type: max

Fanout         Cap        Slew       Delay        Time   Description
---------------------------------------------------------------------------------------------
                                  0.000000    0.000000   clock clk (rise edge)
                                  0.000000    0.000000   clock network delay (propagated)
                                  2.000000    2.000000 ^ input external delay
     1    0.003906    0.024540    0.014247    2.014247 ^ rst_n (in)
                                                         rst_n (net)
                      0.024542    0.000000    2.014247 ^ input33/A (sky130_fd_sc_hd__buf_4)
    10    0.055525    0.157765    0.186132    2.200379 ^ input33/X (sky130_fd_sc_hd__buf_4)
                                                         net33 (net)
                      0.157844    0.002907    2.203286 ^ max_cap79/A (sky130_fd_sc_hd__buf_12)
    32    0.149858    0.177135    0.223225    2.426510 ^ max_cap79/X (sky130_fd_sc_hd__buf_12)
                                                         net79 (net)
                      0.177940    0.009816    2.436326 ^ _210_/RESET_B (sky130_fd_sc_hd__dfrtp_2)
                                              2.436326   data arrival time

                                 10.000000   10.000000   clock clk (rise edge)
                                  0.000000   10.000000   clock source latency
     1    0.016165    0.078644    0.054000   10.054001 ^ clk (in)
                                                         clk (net)
                      0.078659    0.000000   10.054001 ^ clkbuf_0_clk/A (sky130_fd_sc_hd__clkbuf_16)
     4    0.040815    0.060534    0.153952   10.207953 ^ clkbuf_0_clk/X (sky130_fd_sc_hd__clkbuf_16)
                                                         clknet_0_clk (net)
                      0.060649    0.002228   10.210181 ^ clkbuf_2_3__f_clk/A (sky130_fd_sc_hd__clkbuf_16)
     9    0.034268    0.054643    0.143095   10.353277 ^ clkbuf_2_3__f_clk/X (sky130_fd_sc_hd__clkbuf_16)
                                                         clknet_2_3__leaf_clk (net)
                      0.054672    0.001101   10.354378 ^ _210_/CLK (sky130_fd_sc_hd__dfrtp_2)
                                 -0.250000   10.104378   clock uncertainty
                                  0.000000   10.104378   clock reconvergence pessimism
                                  0.182549   10.286927   library recovery time
                                             10.286927   data required time
---------------------------------------------------------------------------------------------
                                             10.286927   data required time
                                             -2.436326   data arrival time
---------------------------------------------------------------------------------------------
                                              7.850600   slack (MET)


Startpoint: rst_n (input port clocked by clk)
Endpoint: _214_ (recovery check against rising-edge clock clk)
Path Group: asynchronous
Path Type: max

Fanout         Cap        Slew       Delay        Time   Description
---------------------------------------------------------------------------------------------
                                  0.000000    0.000000   clock clk (rise edge)
                                  0.000000    0.000000   clock network delay (propagated)
                                  2.000000    2.000000 ^ input external delay
     1    0.003906    0.024540    0.014247    2.014247 ^ rst_n (in)
                                                         rst_n (net)
                      0.024542    0.000000    2.014247 ^ input33/A (sky130_fd_sc_hd__buf_4)
    10    0.055525    0.157765    0.186132    2.200379 ^ input33/X (sky130_fd_sc_hd__buf_4)
                                                         net33 (net)
                      0.157844    0.002907    2.203286 ^ max_cap79/A (sky130_fd_sc_hd__buf_12)
    32    0.149858    0.177135    0.223225    2.426510 ^ max_cap79/X (sky130_fd_sc_hd__buf_12)
                                                         net79 (net)
                      0.177845    0.009247    2.435758 ^ _214_/RESET_B (sky130_fd_sc_hd__dfrtp_2)
                                              2.435758   data arrival time

                                 10.000000   10.000000   clock clk (rise edge)
                                  0.000000   10.000000   clock source latency
     1    0.016165    0.078644    0.054000   10.054001 ^ clk (in)
                                                         clk (net)
                      0.078659    0.000000   10.054001 ^ clkbuf_0_clk/A (sky130_fd_sc_hd__clkbuf_16)
     4    0.040815    0.060534    0.153952   10.207953 ^ clkbuf_0_clk/X (sky130_fd_sc_hd__clkbuf_16)
                                                         clknet_0_clk (net)
                      0.060649    0.002228   10.210181 ^ clkbuf_2_3__f_clk/A (sky130_fd_sc_hd__clkbuf_16)
     9    0.034268    0.054643    0.143095   10.353277 ^ clkbuf_2_3__f_clk/X (sky130_fd_sc_hd__clkbuf_16)
                                                         clknet_2_3__leaf_clk (net)
                      0.054645    0.000592   10.353869 ^ _214_/CLK (sky130_fd_sc_hd__dfrtp_2)
                                 -0.250000   10.103869   clock uncertainty
                                  0.000000   10.103869   clock reconvergence pessimism
                                  0.182569   10.286438   library recovery time
                                             10.286438   data required time
---------------------------------------------------------------------------------------------
                                             10.286438   data required time
                                             -2.435758   data arrival time
---------------------------------------------------------------------------------------------
                                              7.850680   slack (MET)


Startpoint: _187_ (rising edge-triggered flip-flop clocked by clk)
Endpoint: _217_ (rising edge-triggered flip-flop clocked by clk)
Path Group: clk
Path Type: max

Fanout         Cap        Slew       Delay        Time   Description
---------------------------------------------------------------------------------------------
                                  0.000000    0.000000   clock clk (rise edge)
                                  0.000000    0.000000   clock source latency
     1    0.016165    0.078644    0.054001    0.054001 ^ clk (in)
                                                         clk (net)
                      0.078659    0.000000    0.054001 ^ clkbuf_0_clk/A (sky130_fd_sc_hd__clkbuf_16)
     4    0.040815    0.060534    0.153952    0.207952 ^ clkbuf_0_clk/X (sky130_fd_sc_hd__clkbuf_16)
                                                         clknet_0_clk (net)
                      0.060682    0.002499    0.210452 ^ clkbuf_2_1__f_clk/A (sky130_fd_sc_hd__clkbuf_16)
    13    0.042672    0.062096    0.149189    0.359641 ^ clkbuf_2_1__f_clk/X (sky130_fd_sc_hd__clkbuf_16)
                                                         clknet_2_1__leaf_clk (net)
                      0.062159    0.001704    0.361345 ^ _187_/CLK (sky130_fd_sc_hd__dfrtp_2)
     6    0.031071    0.159500    0.443918    0.805263 ^ _187_/Q (sky130_fd_sc_hd__dfrtp_2)
                                                         counter[0] (net)
                      0.159513    0.001521    0.806783 ^ _114_/A (sky130_fd_sc_hd__and4_2)
     8    0.040325    0.221625    0.382455    1.189238 ^ _114_/X (sky130_fd_sc_hd__and4_2)
                                                         _035_ (net)
                      0.221655    0.002645    1.191883 ^ _131_/B (sky130_fd_sc_hd__and4_2)
     7    0.026334    0.159985    0.354232    1.546115 ^ _131_/X (sky130_fd_sc_hd__and4_2)
                                                         _045_ (net)
                      0.160013    0.002112    1.548227 ^ _166_/B (sky130_fd_sc_hd__and4_2)
     3    0.011870    0.092955    0.279692    1.827919 ^ _166_/X (sky130_fd_sc_hd__and4_2)
                                                         _067_ (net)
                      0.092962    0.000837    1.828756 ^ _180_/A (sky130_fd_sc_hd__and3_2)
     2    0.014552    0.093857    0.222875    2.051631 ^ _180_/X (sky130_fd_sc_hd__and3_2)
                                                         _075_ (net)
                      0.093860    0.000604    2.052235 ^ _183_/B (sky130_fd_sc_hd__xor2_2)
     1    0.003570    0.098903    0.133949    2.186184 ^ _183_/X (sky130_fd_sc_hd__xor2_2)
                                                         _023_ (net)
                      0.098903    0.000245    2.186429 ^ _217_/D (sky130_fd_sc_hd__dfrtp_2)
                                              2.186429   data arrival time

                                 10.000000   10.000000   clock clk (rise edge)
                                  0.000000   10.000000   clock source latency
     1    0.016165    0.078644    0.054000   10.054001 ^ clk (in)
                                                         clk (net)
                      0.078659    0.000000   10.054001 ^ clkbuf_0_clk/A (sky130_fd_sc_hd__clkbuf_16)
     4    0.040815    0.060534    0.153952   10.207953 ^ clkbuf_0_clk/X (sky130_fd_sc_hd__clkbuf_16)
                                                         clknet_0_clk (net)
                      0.060682    0.002499   10.210452 ^ clkbuf_2_1__f_clk/A (sky130_fd_sc_hd__clkbuf_16)
    13    0.042672    0.062096    0.149189   10.359641 ^ clkbuf_2_1__f_clk/X (sky130_fd_sc_hd__clkbuf_16)
                                                         clknet_2_1__leaf_clk (net)
                      0.062139    0.001450   10.361091 ^ _217_/CLK (sky130_fd_sc_hd__dfrtp_2)
                                 -0.250000   10.111091   clock uncertainty
                                  0.000000   10.111091   clock reconvergence pessimism
                                 -0.073429   10.037663   library setup time
                                             10.037663   data required time
---------------------------------------------------------------------------------------------
                                             10.037663   data required time
                                             -2.186429   data arrival time
---------------------------------------------------------------------------------------------
                                              7.851233   slack (MET)


Startpoint: _188_ (rising edge-triggered flip-flop clocked by clk)
Endpoint: _202_ (rising edge-triggered flip-flop clocked by clk)
Path Group: clk
Path Type: max

Fanout         Cap        Slew       Delay        Time   Description
---------------------------------------------------------------------------------------------
                                  0.000000    0.000000   clock clk (rise edge)
                                  0.000000    0.000000   clock source latency
     1    0.016165    0.078644    0.054001    0.054001 ^ clk (in)
                                                         clk (net)
                      0.078659    0.000000    0.054001 ^ clkbuf_0_clk/A (sky130_fd_sc_hd__clkbuf_16)
     4    0.040815    0.060534    0.153952    0.207952 ^ clkbuf_0_clk/X (sky130_fd_sc_hd__clkbuf_16)
                                                         clknet_0_clk (net)
                      0.060682    0.002499    0.210452 ^ clkbuf_2_1__f_clk/A (sky130_fd_sc_hd__clkbuf_16)
    13    0.042672    0.062096    0.149189    0.359641 ^ clkbuf_2_1__f_clk/X (sky130_fd_sc_hd__clkbuf_16)
                                                         clknet_2_1__leaf_clk (net)
                      0.062139    0.001449    0.361089 ^ _188_/CLK (sky130_fd_sc_hd__dfrtp_2)
     5    0.027479    0.097200    0.458728    0.819817 v _188_/Q (sky130_fd_sc_hd__dfrtp_2)
                                                         counter[1] (net)
                      0.097210    0.001034    0.820851 v _114_/B (sky130_fd_sc_hd__and4_2)
     8    0.038261    0.111110    0.312145    1.132996 v _114_/X (sky130_fd_sc_hd__and4_2)
                                                         _035_ (net)
                      0.111176    0.002505    1.135501 v _131_/B (sky130_fd_sc_hd__and4_2)
     7    0.024949    0.087846    0.290357    1.425858 v _131_/X (sky130_fd_sc_hd__and4_2)
                                                         _045_ (net)
                      0.087895    0.001901    1.427758 v _134_/B (sky130_fd_sc_hd__and2_2)
     5    0.028936    0.092563    0.268359    1.696117 v _134_/X (sky130_fd_sc_hd__and2_2)
                                                         _047_ (net)
                      0.092642    0.002437    1.698554 v _141_/D (sky130_fd_sc_hd__and4_2)
     1    0.003730    0.042259    0.249792    1.948347 v _141_/X (sky130_fd_sc_hd__and4_2)
                                                         _051_ (net)
                      0.042345    0.000245    1.948592 v _145_/A2 (sky130_fd_sc_hd__o21ba_2)
     1    0.003504    0.036392    0.190507    2.139099 v _145_/X (sky130_fd_sc_hd__o21ba_2)
                                                         _006_ (net)
                      0.036392    0.000225    2.139323 v _202_/D (sky130_fd_sc_hd__dfrtp_2)
                                              2.139323   data arrival time

                                 10.000000   10.000000   clock clk (rise edge)
                                  0.000000   10.000000   clock source latency
     1    0.016165    0.078644    0.054000   10.054001 ^ clk (in)
                                                         clk (net)
                      0.078659    0.000000   10.054001 ^ clkbuf_0_clk/A (sky130_fd_sc_hd__clkbuf_16)
     4    0.040815    0.060534    0.153952   10.207953 ^ clkbuf_0_clk/X (sky130_fd_sc_hd__clkbuf_16)
                                                         clknet_0_clk (net)
                      0.060666    0.002368   10.210320 ^ clkbuf_2_2__f_clk/A (sky130_fd_sc_hd__clkbuf_16)
    13    0.036812    0.056920    0.145095   10.355416 ^ clkbuf_2_2__f_clk/X (sky130_fd_sc_hd__clkbuf_16)
                                                         clknet_2_2__leaf_clk (net)
                      0.056928    0.000684   10.356100 ^ _202_/CLK (sky130_fd_sc_hd__dfrtp_2)
                                 -0.250000   10.106100   clock uncertainty
                                  0.000000   10.106100   clock reconvergence pessimism
                                 -0.108961    9.997139   library setup time
                                              9.997139   data required time
---------------------------------------------------------------------------------------------
                                              9.997139   data required time
                                             -2.139323   data arrival time
---------------------------------------------------------------------------------------------
                                              7.857816   slack (MET)


Startpoint: rst_n (input port clocked by clk)
Endpoint: _195_ (recovery check against rising-edge clock clk)
Path Group: asynchronous
Path Type: max

Fanout         Cap        Slew       Delay        Time   Description
---------------------------------------------------------------------------------------------
                                  0.000000    0.000000   clock clk (rise edge)
                                  0.000000    0.000000   clock network delay (propagated)
                                  2.000000    2.000000 ^ input external delay
     1    0.003906    0.024540    0.014247    2.014247 ^ rst_n (in)
                                                         rst_n (net)
                      0.024542    0.000000    2.014247 ^ input33/A (sky130_fd_sc_hd__buf_4)
    10    0.055525    0.157765    0.186132    2.200379 ^ input33/X (sky130_fd_sc_hd__buf_4)
                                                         net33 (net)
                      0.157844    0.002907    2.203286 ^ max_cap79/A (sky130_fd_sc_hd__buf_12)
    32    0.149858    0.177135    0.223225    2.426510 ^ max_cap79/X (sky130_fd_sc_hd__buf_12)
                                                         net79 (net)
                      0.178127    0.010841    2.437351 ^ _195_/RESET_B (sky130_fd_sc_hd__dfrtp_2)
                                              2.437351   data arrival time

                                 10.000000   10.000000   clock clk (rise edge)
                                  0.000000   10.000000   clock source latency
     1    0.016165    0.078644    0.054000   10.054001 ^ clk (in)
                                                         clk (net)
                      0.078659    0.000000   10.054001 ^ clkbuf_0_clk/A (sky130_fd_sc_hd__clkbuf_16)
     4    0.040815    0.060534    0.153952   10.207953 ^ clkbuf_0_clk/X (sky130_fd_sc_hd__clkbuf_16)
                                                         clknet_0_clk (net)
                      0.060682    0.002499   10.210452 ^ clkbuf_2_1__f_clk/A (sky130_fd_sc_hd__clkbuf_16)
    13    0.042672    0.062096    0.149189   10.359641 ^ clkbuf_2_1__f_clk/X (sky130_fd_sc_hd__clkbuf_16)
                                                         clknet_2_1__leaf_clk (net)
                      0.062164    0.001767   10.361408 ^ _195_/CLK (sky130_fd_sc_hd__dfrtp_2)
                                 -0.250000   10.111408   clock uncertainty
                                  0.000000   10.111408   clock reconvergence pessimism
                                  0.184844   10.296251   library recovery time
                                             10.296251   data required time
---------------------------------------------------------------------------------------------
                                             10.296251   data required time
                                             -2.437351   data arrival time
---------------------------------------------------------------------------------------------
                                              7.858901   slack (MET)


Startpoint: rst_n (input port clocked by clk)
Endpoint: _220_ (recovery check against rising-edge clock clk)
Path Group: asynchronous
Path Type: max

Fanout         Cap        Slew       Delay        Time   Description
---------------------------------------------------------------------------------------------
                                  0.000000    0.000000   clock clk (rise edge)
                                  0.000000    0.000000   clock network delay (propagated)
                                  2.000000    2.000000 ^ input external delay
     1    0.003906    0.024540    0.014247    2.014247 ^ rst_n (in)
                                                         rst_n (net)
                      0.024542    0.000000    2.014247 ^ input33/A (sky130_fd_sc_hd__buf_4)
    10    0.055525    0.157765    0.186132    2.200379 ^ input33/X (sky130_fd_sc_hd__buf_4)
                                                         net33 (net)
                      0.157844    0.002907    2.203286 ^ max_cap79/A (sky130_fd_sc_hd__buf_12)
    32    0.149858    0.177135    0.223225    2.426510 ^ max_cap79/X (sky130_fd_sc_hd__buf_12)
                                                         net79 (net)
                      0.178104    0.010719    2.437229 ^ _220_/RESET_B (sky130_fd_sc_hd__dfrtp_2)
                                              2.437229   data arrival time

                                 10.000000   10.000000   clock clk (rise edge)
                                  0.000000   10.000000   clock source latency
     1    0.016165    0.078644    0.054000   10.054001 ^ clk (in)
                                                         clk (net)
                      0.078659    0.000000   10.054001 ^ clkbuf_0_clk/A (sky130_fd_sc_hd__clkbuf_16)
     4    0.040815    0.060534    0.153952   10.207953 ^ clkbuf_0_clk/X (sky130_fd_sc_hd__clkbuf_16)
                                                         clknet_0_clk (net)
                      0.060682    0.002499   10.210452 ^ clkbuf_2_1__f_clk/A (sky130_fd_sc_hd__clkbuf_16)
    13    0.042672    0.062096    0.149189   10.359641 ^ clkbuf_2_1__f_clk/X (sky130_fd_sc_hd__clkbuf_16)
                                                         clknet_2_1__leaf_clk (net)
                      0.062155    0.001664   10.361306 ^ _220_/CLK (sky130_fd_sc_hd__dfrtp_2)
                                 -0.250000   10.111306   clock uncertainty
                                  0.000000   10.111306   clock reconvergence pessimism
                                  0.184848   10.296154   library recovery time
                                             10.296154   data required time
---------------------------------------------------------------------------------------------
                                             10.296154   data required time
                                             -2.437229   data arrival time
---------------------------------------------------------------------------------------------
                                              7.858924   slack (MET)


Startpoint: rst_n (input port clocked by clk)
Endpoint: _216_ (recovery check against rising-edge clock clk)
Path Group: asynchronous
Path Type: max

Fanout         Cap        Slew       Delay        Time   Description
---------------------------------------------------------------------------------------------
                                  0.000000    0.000000   clock clk (rise edge)
                                  0.000000    0.000000   clock network delay (propagated)
                                  2.000000    2.000000 ^ input external delay
     1    0.003906    0.024540    0.014247    2.014247 ^ rst_n (in)
                                                         rst_n (net)
                      0.024542    0.000000    2.014247 ^ input33/A (sky130_fd_sc_hd__buf_4)
    10    0.055525    0.157765    0.186132    2.200379 ^ input33/X (sky130_fd_sc_hd__buf_4)
                                                         net33 (net)
                      0.157844    0.002907    2.203286 ^ max_cap79/A (sky130_fd_sc_hd__buf_12)
    32    0.149858    0.177135    0.223225    2.426510 ^ max_cap79/X (sky130_fd_sc_hd__buf_12)
                                                         net79 (net)
                      0.177996    0.010133    2.436643 ^ _216_/RESET_B (sky130_fd_sc_hd__dfrtp_2)
                                              2.436643   data arrival time

                                 10.000000   10.000000   clock clk (rise edge)
                                  0.000000   10.000000   clock source latency
     1    0.016165    0.078644    0.054000   10.054001 ^ clk (in)
                                                         clk (net)
                      0.078659    0.000000   10.054001 ^ clkbuf_0_clk/A (sky130_fd_sc_hd__clkbuf_16)
     4    0.040815    0.060534    0.153952   10.207953 ^ clkbuf_0_clk/X (sky130_fd_sc_hd__clkbuf_16)
                                                         clknet_0_clk (net)
                      0.060682    0.002499   10.210452 ^ clkbuf_2_1__f_clk/A (sky130_fd_sc_hd__clkbuf_16)
    13    0.042672    0.062096    0.149189   10.359641 ^ clkbuf_2_1__f_clk/X (sky130_fd_sc_hd__clkbuf_16)
                                                         clknet_2_1__leaf_clk (net)
                      0.062151    0.001605   10.361246 ^ _216_/CLK (sky130_fd_sc_hd__dfrtp_2)
                                 -0.250000   10.111246   clock uncertainty
                                  0.000000   10.111246   clock reconvergence pessimism
                                  0.184879   10.296125   library recovery time
                                             10.296125   data required time
---------------------------------------------------------------------------------------------
                                             10.296125   data required time
                                             -2.436643   data arrival time
---------------------------------------------------------------------------------------------
                                              7.859482   slack (MET)


Startpoint: rst_n (input port clocked by clk)
Endpoint: _219_ (recovery check against rising-edge clock clk)
Path Group: asynchronous
Path Type: max

Fanout         Cap        Slew       Delay        Time   Description
---------------------------------------------------------------------------------------------
                                  0.000000    0.000000   clock clk (rise edge)
                                  0.000000    0.000000   clock network delay (propagated)
                                  2.000000    2.000000 ^ input external delay
     1    0.003906    0.024540    0.014247    2.014247 ^ rst_n (in)
                                                         rst_n (net)
                      0.024542    0.000000    2.014247 ^ input33/A (sky130_fd_sc_hd__buf_4)
    10    0.055525    0.157765    0.186132    2.200379 ^ input33/X (sky130_fd_sc_hd__buf_4)
                                                         net33 (net)
                      0.157844    0.002907    2.203286 ^ max_cap79/A (sky130_fd_sc_hd__buf_12)
    32    0.149858    0.177135    0.223225    2.426510 ^ max_cap79/X (sky130_fd_sc_hd__buf_12)
                                                         net79 (net)
                      0.177614    0.007663    2.434173 ^ _219_/RESET_B (sky130_fd_sc_hd__dfrtp_2)
                                              2.434173   data arrival time

                                 10.000000   10.000000   clock clk (rise edge)
                                  0.000000   10.000000   clock source latency
     1    0.016165    0.078644    0.054000   10.054001 ^ clk (in)
                                                         clk (net)
                      0.078659    0.000000   10.054001 ^ clkbuf_0_clk/A (sky130_fd_sc_hd__clkbuf_16)
     4    0.040815    0.060534    0.153952   10.207953 ^ clkbuf_0_clk/X (sky130_fd_sc_hd__clkbuf_16)
                                                         clknet_0_clk (net)
                      0.060682    0.002499   10.210452 ^ clkbuf_2_1__f_clk/A (sky130_fd_sc_hd__clkbuf_16)
    13    0.042672    0.062096    0.149189   10.359641 ^ clkbuf_2_1__f_clk/X (sky130_fd_sc_hd__clkbuf_16)
                                                         clknet_2_1__leaf_clk (net)
                      0.062096    0.000255   10.359897 ^ _219_/CLK (sky130_fd_sc_hd__dfrtp_2)
                                 -0.250000   10.109897   clock uncertainty
                                  0.000000   10.109897   clock reconvergence pessimism
                                  0.184975   10.294871   library recovery time
                                             10.294871   data required time
---------------------------------------------------------------------------------------------
                                             10.294871   data required time
                                             -2.434173   data arrival time
---------------------------------------------------------------------------------------------
                                              7.860698   slack (MET)


Startpoint: rst_n (input port clocked by clk)
Endpoint: _215_ (recovery check against rising-edge clock clk)
Path Group: asynchronous
Path Type: max

Fanout         Cap        Slew       Delay        Time   Description
---------------------------------------------------------------------------------------------
                                  0.000000    0.000000   clock clk (rise edge)
                                  0.000000    0.000000   clock network delay (propagated)
                                  2.000000    2.000000 ^ input external delay
     1    0.003906    0.024540    0.014247    2.014247 ^ rst_n (in)
                                                         rst_n (net)
                      0.024542    0.000000    2.014247 ^ input33/A (sky130_fd_sc_hd__buf_4)
    10    0.055525    0.157765    0.186132    2.200379 ^ input33/X (sky130_fd_sc_hd__buf_4)
                                                         net33 (net)
                      0.157844    0.002907    2.203286 ^ max_cap79/A (sky130_fd_sc_hd__buf_12)
    32    0.149858    0.177135    0.223225    2.426510 ^ max_cap79/X (sky130_fd_sc_hd__buf_12)
                                                         net79 (net)
                      0.177794    0.008922    2.435432 ^ _215_/RESET_B (sky130_fd_sc_hd__dfrtp_2)
                                              2.435432   data arrival time

                                 10.000000   10.000000   clock clk (rise edge)
                                  0.000000   10.000000   clock source latency
     1    0.016165    0.078644    0.054000   10.054001 ^ clk (in)
                                                         clk (net)
                      0.078659    0.000000   10.054001 ^ clkbuf_0_clk/A (sky130_fd_sc_hd__clkbuf_16)
     4    0.040815    0.060534    0.153952   10.207953 ^ clkbuf_0_clk/X (sky130_fd_sc_hd__clkbuf_16)
                                                         clknet_0_clk (net)
                      0.060682    0.002499   10.210452 ^ clkbuf_2_1__f_clk/A (sky130_fd_sc_hd__clkbuf_16)
    13    0.042672    0.062096    0.149189   10.359641 ^ clkbuf_2_1__f_clk/X (sky130_fd_sc_hd__clkbuf_16)
                                                         clknet_2_1__leaf_clk (net)
                      0.062148    0.001575   10.361217 ^ _215_/CLK (sky130_fd_sc_hd__dfrtp_2)
                                 -0.250000   10.111217   clock uncertainty
                                  0.000000   10.111217   clock reconvergence pessimism
                                  0.184938   10.296154   library recovery time
                                             10.296154   data required time
---------------------------------------------------------------------------------------------
                                             10.296154   data required time
                                             -2.435432   data arrival time
---------------------------------------------------------------------------------------------
                                              7.860722   slack (MET)


Startpoint: rst_n (input port clocked by clk)
Endpoint: _218_ (recovery check against rising-edge clock clk)
Path Group: asynchronous
Path Type: max

Fanout         Cap        Slew       Delay        Time   Description
---------------------------------------------------------------------------------------------
                                  0.000000    0.000000   clock clk (rise edge)
                                  0.000000    0.000000   clock network delay (propagated)
                                  2.000000    2.000000 ^ input external delay
     1    0.003906    0.024540    0.014247    2.014247 ^ rst_n (in)
                                                         rst_n (net)
                      0.024542    0.000000    2.014247 ^ input33/A (sky130_fd_sc_hd__buf_4)
    10    0.055525    0.157765    0.186132    2.200379 ^ input33/X (sky130_fd_sc_hd__buf_4)
                                                         net33 (net)
                      0.157844    0.002907    2.203286 ^ max_cap79/A (sky130_fd_sc_hd__buf_12)
    32    0.149858    0.177135    0.223225    2.426510 ^ max_cap79/X (sky130_fd_sc_hd__buf_12)
                                                         net79 (net)
                      0.177790    0.008896    2.435406 ^ _218_/RESET_B (sky130_fd_sc_hd__dfrtp_2)
                                              2.435406   data arrival time

                                 10.000000   10.000000   clock clk (rise edge)
                                  0.000000   10.000000   clock source latency
     1    0.016165    0.078644    0.054000   10.054001 ^ clk (in)
                                                         clk (net)
                      0.078659    0.000000   10.054001 ^ clkbuf_0_clk/A (sky130_fd_sc_hd__clkbuf_16)
     4    0.040815    0.060534    0.153952   10.207953 ^ clkbuf_0_clk/X (sky130_fd_sc_hd__clkbuf_16)
                                                         clknet_0_clk (net)
                      0.060682    0.002499   10.210452 ^ clkbuf_2_1__f_clk/A (sky130_fd_sc_hd__clkbuf_16)
    13    0.042672    0.062096    0.149189   10.359641 ^ clkbuf_2_1__f_clk/X (sky130_fd_sc_hd__clkbuf_16)
                                                         clknet_2_1__leaf_clk (net)
                      0.062149    0.001588   10.361230 ^ _218_/CLK (sky130_fd_sc_hd__dfrtp_2)
                                 -0.250000   10.111230   clock uncertainty
                                  0.000000   10.111230   clock reconvergence pessimism
                                  0.184939   10.296168   library recovery time
                                             10.296168   data required time
---------------------------------------------------------------------------------------------
                                             10.296168   data required time
                                             -2.435406   data arrival time
---------------------------------------------------------------------------------------------
                                              7.860763   slack (MET)


Startpoint: rst_n (input port clocked by clk)
Endpoint: _217_ (recovery check against rising-edge clock clk)
Path Group: asynchronous
Path Type: max

Fanout         Cap        Slew       Delay        Time   Description
---------------------------------------------------------------------------------------------
                                  0.000000    0.000000   clock clk (rise edge)
                                  0.000000    0.000000   clock network delay (propagated)
                                  2.000000    2.000000 ^ input external delay
     1    0.003906    0.024540    0.014247    2.014247 ^ rst_n (in)
                                                         rst_n (net)
                      0.024542    0.000000    2.014247 ^ input33/A (sky130_fd_sc_hd__buf_4)
    10    0.055525    0.157765    0.186132    2.200379 ^ input33/X (sky130_fd_sc_hd__buf_4)
                                                         net33 (net)
                      0.157844    0.002907    2.203286 ^ max_cap79/A (sky130_fd_sc_hd__buf_12)
    32    0.149858    0.177135    0.223225    2.426510 ^ max_cap79/X (sky130_fd_sc_hd__buf_12)
                                                         net79 (net)
                      0.177700    0.008291    2.434802 ^ _217_/RESET_B (sky130_fd_sc_hd__dfrtp_2)
                                              2.434802   data arrival time

                                 10.000000   10.000000   clock clk (rise edge)
                                  0.000000   10.000000   clock source latency
     1    0.016165    0.078644    0.054000   10.054001 ^ clk (in)
                                                         clk (net)
                      0.078659    0.000000   10.054001 ^ clkbuf_0_clk/A (sky130_fd_sc_hd__clkbuf_16)
     4    0.040815    0.060534    0.153952   10.207953 ^ clkbuf_0_clk/X (sky130_fd_sc_hd__clkbuf_16)
                                                         clknet_0_clk (net)
                      0.060682    0.002499   10.210452 ^ clkbuf_2_1__f_clk/A (sky130_fd_sc_hd__clkbuf_16)
    13    0.042672    0.062096    0.149189   10.359641 ^ clkbuf_2_1__f_clk/X (sky130_fd_sc_hd__clkbuf_16)
                                                         clknet_2_1__leaf_clk (net)
                      0.062139    0.001450   10.361091 ^ _217_/CLK (sky130_fd_sc_hd__dfrtp_2)
                                 -0.250000   10.111091   clock uncertainty
                                  0.000000   10.111091   clock reconvergence pessimism
                                  0.184963   10.296054   library recovery time
                                             10.296054   data required time
---------------------------------------------------------------------------------------------
                                             10.296054   data required time
                                             -2.434802   data arrival time
---------------------------------------------------------------------------------------------
                                              7.861252   slack (MET)


Startpoint: _187_ (rising edge-triggered flip-flop clocked by clk)
Endpoint: _215_ (rising edge-triggered flip-flop clocked by clk)
Path Group: clk
Path Type: max

Fanout         Cap        Slew       Delay        Time   Description
---------------------------------------------------------------------------------------------
                                  0.000000    0.000000   clock clk (rise edge)
                                  0.000000    0.000000   clock source latency
     1    0.016165    0.078644    0.054001    0.054001 ^ clk (in)
                                                         clk (net)
                      0.078659    0.000000    0.054001 ^ clkbuf_0_clk/A (sky130_fd_sc_hd__clkbuf_16)
     4    0.040815    0.060534    0.153952    0.207952 ^ clkbuf_0_clk/X (sky130_fd_sc_hd__clkbuf_16)
                                                         clknet_0_clk (net)
                      0.060682    0.002499    0.210452 ^ clkbuf_2_1__f_clk/A (sky130_fd_sc_hd__clkbuf_16)
    13    0.042672    0.062096    0.149189    0.359641 ^ clkbuf_2_1__f_clk/X (sky130_fd_sc_hd__clkbuf_16)
                                                         clknet_2_1__leaf_clk (net)
                      0.062159    0.001704    0.361345 ^ _187_/CLK (sky130_fd_sc_hd__dfrtp_2)
     6    0.031071    0.159500    0.443918    0.805263 ^ _187_/Q (sky130_fd_sc_hd__dfrtp_2)
                                                         counter[0] (net)
                      0.159513    0.001521    0.806783 ^ _114_/A (sky130_fd_sc_hd__and4_2)
     8    0.040325    0.221625    0.382455    1.189238 ^ _114_/X (sky130_fd_sc_hd__and4_2)
                                                         _035_ (net)
                      0.221655    0.002645    1.191883 ^ _131_/B (sky130_fd_sc_hd__and4_2)
     7    0.026334    0.159985    0.354232    1.546115 ^ _131_/X (sky130_fd_sc_hd__and4_2)
                                                         _045_ (net)
                      0.160013    0.002112    1.548227 ^ _166_/B (sky130_fd_sc_hd__and4_2)
     3    0.011870    0.092955    0.279692    1.827919 ^ _166_/X (sky130_fd_sc_hd__and4_2)
                                                         _067_ (net)
                      0.092959    0.000716    1.828635 ^ _177_/B (sky130_fd_sc_hd__and3_2)
     2    0.015709    0.098855    0.231601    2.060235 ^ _177_/X (sky130_fd_sc_hd__and3_2)
                                                         _073_ (net)
                      0.098884    0.001597    2.061832 ^ _178_/B (sky130_fd_sc_hd__nor2_2)
     1    0.006189    0.042909    0.048099    2.109931 v _178_/Y (sky130_fd_sc_hd__nor2_2)
                                                         _020_ (net)
                      0.042911    0.000472    2.110403 v _215_/D (sky130_fd_sc_hd__dfrtp_2)
                                              2.110403   data arrival time

                                 10.000000   10.000000   clock clk (rise edge)
                                  0.000000   10.000000   clock source latency
     1    0.016165    0.078644    0.054000   10.054001 ^ clk (in)
                                                         clk (net)
                      0.078659    0.000000   10.054001 ^ clkbuf_0_clk/A (sky130_fd_sc_hd__clkbuf_16)
     4    0.040815    0.060534    0.153952   10.207953 ^ clkbuf_0_clk/X (sky130_fd_sc_hd__clkbuf_16)
                                                         clknet_0_clk (net)
                      0.060682    0.002499   10.210452 ^ clkbuf_2_1__f_clk/A (sky130_fd_sc_hd__clkbuf_16)
    13    0.042672    0.062096    0.149189   10.359641 ^ clkbuf_2_1__f_clk/X (sky130_fd_sc_hd__clkbuf_16)
                                                         clknet_2_1__leaf_clk (net)
                      0.062148    0.001575   10.361217 ^ _215_/CLK (sky130_fd_sc_hd__dfrtp_2)
                                 -0.250000   10.111217   clock uncertainty
                                  0.000000   10.111217   clock reconvergence pessimism
                                 -0.110612   10.000605   library setup time
                                             10.000605   data required time
---------------------------------------------------------------------------------------------
                                             10.000605   data required time
                                             -2.110403   data arrival time
---------------------------------------------------------------------------------------------
                                              7.890202   slack (MET)


Startpoint: _187_ (rising edge-triggered flip-flop clocked by clk)
Endpoint: _200_ (rising edge-triggered flip-flop clocked by clk)
Path Group: clk
Path Type: max

Fanout         Cap        Slew       Delay        Time   Description
---------------------------------------------------------------------------------------------
                                  0.000000    0.000000   clock clk (rise edge)
                                  0.000000    0.000000   clock source latency
     1    0.016165    0.078644    0.054001    0.054001 ^ clk (in)
                                                         clk (net)
                      0.078659    0.000000    0.054001 ^ clkbuf_0_clk/A (sky130_fd_sc_hd__clkbuf_16)
     4    0.040815    0.060534    0.153952    0.207952 ^ clkbuf_0_clk/X (sky130_fd_sc_hd__clkbuf_16)
                                                         clknet_0_clk (net)
                      0.060682    0.002499    0.210452 ^ clkbuf_2_1__f_clk/A (sky130_fd_sc_hd__clkbuf_16)
    13    0.042672    0.062096    0.149189    0.359641 ^ clkbuf_2_1__f_clk/X (sky130_fd_sc_hd__clkbuf_16)
                                                         clknet_2_1__leaf_clk (net)
                      0.062159    0.001704    0.361345 ^ _187_/CLK (sky130_fd_sc_hd__dfrtp_2)
     6    0.031071    0.159500    0.443918    0.805263 ^ _187_/Q (sky130_fd_sc_hd__dfrtp_2)
                                                         counter[0] (net)
                      0.159513    0.001521    0.806783 ^ _114_/A (sky130_fd_sc_hd__and4_2)
     8    0.040325    0.221625    0.382455    1.189238 ^ _114_/X (sky130_fd_sc_hd__and4_2)
                                                         _035_ (net)
                      0.221655    0.002645    1.191883 ^ _131_/B (sky130_fd_sc_hd__and4_2)
     7    0.026334    0.159985    0.354232    1.546115 ^ _131_/X (sky130_fd_sc_hd__and4_2)
                                                         _045_ (net)
                      0.160010    0.002014    1.548129 ^ _134_/B (sky130_fd_sc_hd__and2_2)
     5    0.030706    0.164734    0.263593    1.811723 ^ _134_/X (sky130_fd_sc_hd__and2_2)
                                                         _047_ (net)
                      0.164790    0.002883    1.814606 ^ _139_/C (sky130_fd_sc_hd__and3_2)
     2    0.016658    0.103534    0.254613    2.069219 ^ _139_/X (sky130_fd_sc_hd__and3_2)
                                                         _050_ (net)
                      0.103552    0.001354    2.070573 ^ _140_/B (sky130_fd_sc_hd__nor2_2)
     1    0.002588    0.030741    0.037708    2.108281 v _140_/Y (sky130_fd_sc_hd__nor2_2)
                                                         _004_ (net)
                      0.030742    0.000177    2.108458 v _200_/D (sky130_fd_sc_hd__dfrtp_2)
                                              2.108458   data arrival time

                                 10.000000   10.000000   clock clk (rise edge)
                                  0.000000   10.000000   clock source latency
     1    0.016165    0.078644    0.054000   10.054001 ^ clk (in)
                                                         clk (net)
                      0.078659    0.000000   10.054001 ^ clkbuf_0_clk/A (sky130_fd_sc_hd__clkbuf_16)
     4    0.040815    0.060534    0.153952   10.207953 ^ clkbuf_0_clk/X (sky130_fd_sc_hd__clkbuf_16)
                                                         clknet_0_clk (net)
                      0.060666    0.002368   10.210320 ^ clkbuf_2_2__f_clk/A (sky130_fd_sc_hd__clkbuf_16)
    13    0.036812    0.056920    0.145095   10.355416 ^ clkbuf_2_2__f_clk/X (sky130_fd_sc_hd__clkbuf_16)
                                                         clknet_2_2__leaf_clk (net)
                      0.056929    0.000687   10.356103 ^ _200_/CLK (sky130_fd_sc_hd__dfrtp_2)
                                 -0.250000   10.106103   clock uncertainty
                                  0.000000   10.106103   clock reconvergence pessimism
                                 -0.106483    9.999620   library setup time
                                              9.999620   data required time
---------------------------------------------------------------------------------------------
                                              9.999620   data required time
                                             -2.108458   data arrival time
---------------------------------------------------------------------------------------------
                                              7.891162   slack (MET)


Startpoint: _187_ (rising edge-triggered flip-flop clocked by clk)
Endpoint: _208_ (rising edge-triggered flip-flop clocked by clk)
Path Group: clk
Path Type: max

Fanout         Cap        Slew       Delay        Time   Description
---------------------------------------------------------------------------------------------
                                  0.000000    0.000000   clock clk (rise edge)
                                  0.000000    0.000000   clock source latency
     1    0.016165    0.078644    0.054001    0.054001 ^ clk (in)
                                                         clk (net)
                      0.078659    0.000000    0.054001 ^ clkbuf_0_clk/A (sky130_fd_sc_hd__clkbuf_16)
     4    0.040815    0.060534    0.153952    0.207952 ^ clkbuf_0_clk/X (sky130_fd_sc_hd__clkbuf_16)
                                                         clknet_0_clk (net)
                      0.060682    0.002499    0.210452 ^ clkbuf_2_1__f_clk/A (sky130_fd_sc_hd__clkbuf_16)
    13    0.042672    0.062096    0.149189    0.359641 ^ clkbuf_2_1__f_clk/X (sky130_fd_sc_hd__clkbuf_16)
                                                         clknet_2_1__leaf_clk (net)
                      0.062159    0.001704    0.361345 ^ _187_/CLK (sky130_fd_sc_hd__dfrtp_2)
     6    0.031071    0.159500    0.443918    0.805263 ^ _187_/Q (sky130_fd_sc_hd__dfrtp_2)
                                                         counter[0] (net)
                      0.159513    0.001521    0.806783 ^ _114_/A (sky130_fd_sc_hd__and4_2)
     8    0.040325    0.221625    0.382455    1.189238 ^ _114_/X (sky130_fd_sc_hd__and4_2)
                                                         _035_ (net)
                      0.221655    0.002645    1.191883 ^ _131_/B (sky130_fd_sc_hd__and4_2)
     7    0.026334    0.159985    0.354232    1.546115 ^ _131_/X (sky130_fd_sc_hd__and4_2)
                                                         _045_ (net)
                      0.160012    0.002083    1.548198 ^ _153_/B (sky130_fd_sc_hd__and4_2)
     6    0.036889    0.205191    0.377144    1.925343 ^ _153_/X (sky130_fd_sc_hd__and4_2)
                                                         _058_ (net)
                      0.205307    0.004508    1.929851 ^ _156_/A2 (sky130_fd_sc_hd__a21oi_2)
     1    0.005176    0.053632    0.088066    2.017917 v _156_/Y (sky130_fd_sc_hd__a21oi_2)
                                                         _059_ (net)
                      0.053633    0.000368    2.018285 v _158_/B1 (sky130_fd_sc_hd__a21oi_2)
     1    0.003139    0.083325    0.097419    2.115705 ^ _158_/Y (sky130_fd_sc_hd__a21oi_2)
                                                         _013_ (net)
                      0.083325    0.000218    2.115923 ^ _208_/D (sky130_fd_sc_hd__dfrtp_2)
                                              2.115923   data arrival time

                                 10.000000   10.000000   clock clk (rise edge)
                                  0.000000   10.000000   clock source latency
     1    0.016165    0.078644    0.054000   10.054001 ^ clk (in)
                                                         clk (net)
                      0.078659    0.000000   10.054001 ^ clkbuf_0_clk/A (sky130_fd_sc_hd__clkbuf_16)
     4    0.040815    0.060534    0.153952   10.207953 ^ clkbuf_0_clk/X (sky130_fd_sc_hd__clkbuf_16)
                                                         clknet_0_clk (net)
                      0.060649    0.002228   10.210181 ^ clkbuf_2_3__f_clk/A (sky130_fd_sc_hd__clkbuf_16)
     9    0.034268    0.054643    0.143095   10.353277 ^ clkbuf_2_3__f_clk/X (sky130_fd_sc_hd__clkbuf_16)
                                                         clknet_2_3__leaf_clk (net)
                      0.054675    0.001146   10.354423 ^ _208_/CLK (sky130_fd_sc_hd__dfrtp_2)
                                 -0.250000   10.104423   clock uncertainty
                                  0.000000   10.104423   clock reconvergence pessimism
                                 -0.070956   10.033466   library setup time
                                             10.033466   data required time
---------------------------------------------------------------------------------------------
                                             10.033466   data required time
                                             -2.115923   data arrival time
---------------------------------------------------------------------------------------------
                                              7.917544   slack (MET)


Startpoint: _187_ (rising edge-triggered flip-flop clocked by clk)
Endpoint: _204_ (rising edge-triggered flip-flop clocked by clk)
Path Group: clk
Path Type: max

Fanout         Cap        Slew       Delay        Time   Description
---------------------------------------------------------------------------------------------
                                  0.000000    0.000000   clock clk (rise edge)
                                  0.000000    0.000000   clock source latency
     1    0.016165    0.078644    0.054001    0.054001 ^ clk (in)
                                                         clk (net)
                      0.078659    0.000000    0.054001 ^ clkbuf_0_clk/A (sky130_fd_sc_hd__clkbuf_16)
     4    0.040815    0.060534    0.153952    0.207952 ^ clkbuf_0_clk/X (sky130_fd_sc_hd__clkbuf_16)
                                                         clknet_0_clk (net)
                      0.060682    0.002499    0.210452 ^ clkbuf_2_1__f_clk/A (sky130_fd_sc_hd__clkbuf_16)
    13    0.042672    0.062096    0.149189    0.359641 ^ clkbuf_2_1__f_clk/X (sky130_fd_sc_hd__clkbuf_16)
                                                         clknet_2_1__leaf_clk (net)
                      0.062159    0.001704    0.361345 ^ _187_/CLK (sky130_fd_sc_hd__dfrtp_2)
     6    0.031071    0.159500    0.443918    0.805263 ^ _187_/Q (sky130_fd_sc_hd__dfrtp_2)
                                                         counter[0] (net)
                      0.159513    0.001521    0.806783 ^ _114_/A (sky130_fd_sc_hd__and4_2)
     8    0.040325    0.221625    0.382455    1.189238 ^ _114_/X (sky130_fd_sc_hd__and4_2)
                                                         _035_ (net)
                      0.221655    0.002645    1.191883 ^ _131_/B (sky130_fd_sc_hd__and4_2)
     7    0.026334    0.159985    0.354232    1.546115 ^ _131_/X (sky130_fd_sc_hd__and4_2)
                                                         _045_ (net)
                      0.160005    0.001824    1.547939 ^ _144_/B (sky130_fd_sc_hd__and3_2)
     5    0.028591    0.157820    0.296974    1.844913 ^ _144_/X (sky130_fd_sc_hd__and3_2)
                                                         _053_ (net)
                      0.157837    0.001722    1.846635 ^ _146_/B (sky130_fd_sc_hd__nand2_2)
     1    0.008702    0.067251    0.086205    1.932839 v _146_/Y (sky130_fd_sc_hd__nand2_2)
                                                         _054_ (net)
                      0.067287    0.000663    1.933503 v _148_/B (sky130_fd_sc_hd__xnor2_2)
     1    0.002495    0.043290    0.127884    2.061386 v _148_/Y (sky130_fd_sc_hd__xnor2_2)
                                                         _008_ (net)
                      0.043291    0.000171    2.061558 v _204_/D (sky130_fd_sc_hd__dfrtp_2)
                                              2.061558   data arrival time

                                 10.000000   10.000000   clock clk (rise edge)
                                  0.000000   10.000000   clock source latency
     1    0.016165    0.078644    0.054000   10.054001 ^ clk (in)
                                                         clk (net)
                      0.078659    0.000000   10.054001 ^ clkbuf_0_clk/A (sky130_fd_sc_hd__clkbuf_16)
     4    0.040815    0.060534    0.153952   10.207953 ^ clkbuf_0_clk/X (sky130_fd_sc_hd__clkbuf_16)
                                                         clknet_0_clk (net)
                      0.060666    0.002368   10.210320 ^ clkbuf_2_2__f_clk/A (sky130_fd_sc_hd__clkbuf_16)
    13    0.036812    0.056920    0.145095   10.355416 ^ clkbuf_2_2__f_clk/X (sky130_fd_sc_hd__clkbuf_16)
                                                         clknet_2_2__leaf_clk (net)
                      0.056945    0.001016   10.356433 ^ _204_/CLK (sky130_fd_sc_hd__dfrtp_2)
                                 -0.250000   10.106432   clock uncertainty
                                  0.000000   10.106432   clock reconvergence pessimism
                                 -0.111982    9.994451   library setup time
                                              9.994451   data required time
---------------------------------------------------------------------------------------------
                                              9.994451   data required time
                                             -2.061558   data arrival time
---------------------------------------------------------------------------------------------
                                              7.932894   slack (MET)


Startpoint: _187_ (rising edge-triggered flip-flop clocked by clk)
Endpoint: _207_ (rising edge-triggered flip-flop clocked by clk)
Path Group: clk
Path Type: max

Fanout         Cap        Slew       Delay        Time   Description
---------------------------------------------------------------------------------------------
                                  0.000000    0.000000   clock clk (rise edge)
                                  0.000000    0.000000   clock source latency
     1    0.016165    0.078644    0.054001    0.054001 ^ clk (in)
                                                         clk (net)
                      0.078659    0.000000    0.054001 ^ clkbuf_0_clk/A (sky130_fd_sc_hd__clkbuf_16)
     4    0.040815    0.060534    0.153952    0.207952 ^ clkbuf_0_clk/X (sky130_fd_sc_hd__clkbuf_16)
                                                         clknet_0_clk (net)
                      0.060682    0.002499    0.210452 ^ clkbuf_2_1__f_clk/A (sky130_fd_sc_hd__clkbuf_16)
    13    0.042672    0.062096    0.149189    0.359641 ^ clkbuf_2_1__f_clk/X (sky130_fd_sc_hd__clkbuf_16)
                                                         clknet_2_1__leaf_clk (net)
                      0.062159    0.001704    0.361345 ^ _187_/CLK (sky130_fd_sc_hd__dfrtp_2)
     6    0.031071    0.159500    0.443918    0.805263 ^ _187_/Q (sky130_fd_sc_hd__dfrtp_2)
                                                         counter[0] (net)
                      0.159513    0.001521    0.806783 ^ _114_/A (sky130_fd_sc_hd__and4_2)
     8    0.040325    0.221625    0.382455    1.189238 ^ _114_/X (sky130_fd_sc_hd__and4_2)
                                                         _035_ (net)
                      0.221655    0.002645    1.191883 ^ _131_/B (sky130_fd_sc_hd__and4_2)
     7    0.026334    0.159985    0.354232    1.546115 ^ _131_/X (sky130_fd_sc_hd__and4_2)
                                                         _045_ (net)
                      0.160012    0.002083    1.548198 ^ _153_/B (sky130_fd_sc_hd__and4_2)
     6    0.036889    0.205191    0.377144    1.925343 ^ _153_/X (sky130_fd_sc_hd__and4_2)
                                                         _058_ (net)
                      0.205309    0.004542    1.929885 ^ _155_/B (sky130_fd_sc_hd__xor2_2)
     1    0.002410    0.086782    0.137950    2.067834 ^ _155_/X (sky130_fd_sc_hd__xor2_2)
                                                         _012_ (net)
                      0.086783    0.000170    2.068004 ^ _207_/D (sky130_fd_sc_hd__dfrtp_2)
                                              2.068004   data arrival time

                                 10.000000   10.000000   clock clk (rise edge)
                                  0.000000   10.000000   clock source latency
     1    0.016165    0.078644    0.054000   10.054001 ^ clk (in)
                                                         clk (net)
                      0.078659    0.000000   10.054001 ^ clkbuf_0_clk/A (sky130_fd_sc_hd__clkbuf_16)
     4    0.040815    0.060534    0.153952   10.207953 ^ clkbuf_0_clk/X (sky130_fd_sc_hd__clkbuf_16)
                                                         clknet_0_clk (net)
                      0.060649    0.002228   10.210181 ^ clkbuf_2_3__f_clk/A (sky130_fd_sc_hd__clkbuf_16)
     9    0.034268    0.054643    0.143095   10.353277 ^ clkbuf_2_3__f_clk/X (sky130_fd_sc_hd__clkbuf_16)
                                                         clknet_2_3__leaf_clk (net)
                      0.054677    0.001172   10.354448 ^ _207_/CLK (sky130_fd_sc_hd__dfrtp_2)
                                 -0.250000   10.104448   clock uncertainty
                                  0.000000   10.104448   clock reconvergence pessimism
                                 -0.071761   10.032687   library setup time
                                             10.032687   data required time
---------------------------------------------------------------------------------------------
                                             10.032687   data required time
                                             -2.068004   data arrival time
---------------------------------------------------------------------------------------------
                                              7.964683   slack (MET)


Startpoint: _187_ (rising edge-triggered flip-flop clocked by clk)
Endpoint: _211_ (rising edge-triggered flip-flop clocked by clk)
Path Group: clk
Path Type: max

Fanout         Cap        Slew       Delay        Time   Description
---------------------------------------------------------------------------------------------
                                  0.000000    0.000000   clock clk (rise edge)
                                  0.000000    0.000000   clock source latency
     1    0.016165    0.078644    0.054001    0.054001 ^ clk (in)
                                                         clk (net)
                      0.078659    0.000000    0.054001 ^ clkbuf_0_clk/A (sky130_fd_sc_hd__clkbuf_16)
     4    0.040815    0.060534    0.153952    0.207952 ^ clkbuf_0_clk/X (sky130_fd_sc_hd__clkbuf_16)
                                                         clknet_0_clk (net)
                      0.060682    0.002499    0.210452 ^ clkbuf_2_1__f_clk/A (sky130_fd_sc_hd__clkbuf_16)
    13    0.042672    0.062096    0.149189    0.359641 ^ clkbuf_2_1__f_clk/X (sky130_fd_sc_hd__clkbuf_16)
                                                         clknet_2_1__leaf_clk (net)
                      0.062159    0.001704    0.361345 ^ _187_/CLK (sky130_fd_sc_hd__dfrtp_2)
     6    0.031071    0.159500    0.443918    0.805263 ^ _187_/Q (sky130_fd_sc_hd__dfrtp_2)
                                                         counter[0] (net)
                      0.159513    0.001521    0.806783 ^ _114_/A (sky130_fd_sc_hd__and4_2)
     8    0.040325    0.221625    0.382455    1.189238 ^ _114_/X (sky130_fd_sc_hd__and4_2)
                                                         _035_ (net)
                      0.221655    0.002645    1.191883 ^ _131_/B (sky130_fd_sc_hd__and4_2)
     7    0.026334    0.159985    0.354232    1.546115 ^ _131_/X (sky130_fd_sc_hd__and4_2)
                                                         _045_ (net)
                      0.160016    0.002185    1.548300 ^ _164_/B (sky130_fd_sc_hd__and4_2)
     7    0.033070    0.192068    0.363649    1.911949 ^ _164_/X (sky130_fd_sc_hd__and4_2)
                                                         _065_ (net)
                      0.192101    0.002474    1.914423 ^ _168_/B (sky130_fd_sc_hd__xor2_2)
     1    0.002632    0.089209    0.138484    2.052907 ^ _168_/X (sky130_fd_sc_hd__xor2_2)
                                                         _016_ (net)
                      0.089209    0.000187    2.053094 ^ _211_/D (sky130_fd_sc_hd__dfrtp_2)
                                              2.053094   data arrival time

                                 10.000000   10.000000   clock clk (rise edge)
                                  0.000000   10.000000   clock source latency
     1    0.016165    0.078644    0.054000   10.054001 ^ clk (in)
                                                         clk (net)
                      0.078659    0.000000   10.054001 ^ clkbuf_0_clk/A (sky130_fd_sc_hd__clkbuf_16)
     4    0.040815    0.060534    0.153952   10.207953 ^ clkbuf_0_clk/X (sky130_fd_sc_hd__clkbuf_16)
                                                         clknet_0_clk (net)
                      0.060649    0.002228   10.210181 ^ clkbuf_2_3__f_clk/A (sky130_fd_sc_hd__clkbuf_16)
     9    0.034268    0.054643    0.143095   10.353277 ^ clkbuf_2_3__f_clk/X (sky130_fd_sc_hd__clkbuf_16)
                                                         clknet_2_3__leaf_clk (net)
                      0.054645    0.000588   10.353865 ^ _211_/CLK (sky130_fd_sc_hd__dfrtp_2)
                                 -0.250000   10.103865   clock uncertainty
                                  0.000000   10.103865   clock reconvergence pessimism
                                 -0.072332   10.031532   library setup time
                                             10.031532   data required time
---------------------------------------------------------------------------------------------
                                             10.031532   data required time
                                             -2.053094   data arrival time
---------------------------------------------------------------------------------------------
                                              7.978438   slack (MET)


Startpoint: _187_ (rising edge-triggered flip-flop clocked by clk)
Endpoint: _203_ (rising edge-triggered flip-flop clocked by clk)
Path Group: clk
Path Type: max

Fanout         Cap        Slew       Delay        Time   Description
---------------------------------------------------------------------------------------------
                                  0.000000    0.000000   clock clk (rise edge)
                                  0.000000    0.000000   clock source latency
     1    0.016165    0.078644    0.054001    0.054001 ^ clk (in)
                                                         clk (net)
                      0.078659    0.000000    0.054001 ^ clkbuf_0_clk/A (sky130_fd_sc_hd__clkbuf_16)
     4    0.040815    0.060534    0.153952    0.207952 ^ clkbuf_0_clk/X (sky130_fd_sc_hd__clkbuf_16)
                                                         clknet_0_clk (net)
                      0.060682    0.002499    0.210452 ^ clkbuf_2_1__f_clk/A (sky130_fd_sc_hd__clkbuf_16)
    13    0.042672    0.062096    0.149189    0.359641 ^ clkbuf_2_1__f_clk/X (sky130_fd_sc_hd__clkbuf_16)
                                                         clknet_2_1__leaf_clk (net)
                      0.062159    0.001704    0.361345 ^ _187_/CLK (sky130_fd_sc_hd__dfrtp_2)
     6    0.031071    0.159500    0.443918    0.805263 ^ _187_/Q (sky130_fd_sc_hd__dfrtp_2)
                                                         counter[0] (net)
                      0.159513    0.001521    0.806783 ^ _114_/A (sky130_fd_sc_hd__and4_2)
     8    0.040325    0.221625    0.382455    1.189238 ^ _114_/X (sky130_fd_sc_hd__and4_2)
                                                         _035_ (net)
                      0.221655    0.002645    1.191883 ^ _131_/B (sky130_fd_sc_hd__and4_2)
     7    0.026334    0.159985    0.354232    1.546115 ^ _131_/X (sky130_fd_sc_hd__and4_2)
                                                         _045_ (net)
                      0.160005    0.001824    1.547939 ^ _144_/B (sky130_fd_sc_hd__and3_2)
     5    0.028591    0.157820    0.296974    1.844913 ^ _144_/X (sky130_fd_sc_hd__and3_2)
                                                         _053_ (net)
                      0.157844    0.001967    1.846880 ^ _147_/B (sky130_fd_sc_hd__xor2_2)
     1    0.002886    0.091881    0.137168    1.984048 ^ _147_/X (sky130_fd_sc_hd__xor2_2)
                                                         _007_ (net)
                      0.091881    0.000214    1.984263 ^ _203_/D (sky130_fd_sc_hd__dfrtp_2)
                                              1.984263   data arrival time

                                 10.000000   10.000000   clock clk (rise edge)
                                  0.000000   10.000000   clock source latency
     1    0.016165    0.078644    0.054000   10.054001 ^ clk (in)
                                                         clk (net)
                      0.078659    0.000000   10.054001 ^ clkbuf_0_clk/A (sky130_fd_sc_hd__clkbuf_16)
     4    0.040815    0.060534    0.153952   10.207953 ^ clkbuf_0_clk/X (sky130_fd_sc_hd__clkbuf_16)
                                                         clknet_0_clk (net)
                      0.060666    0.002368   10.210320 ^ clkbuf_2_2__f_clk/A (sky130_fd_sc_hd__clkbuf_16)
    13    0.036812    0.056920    0.145095   10.355416 ^ clkbuf_2_2__f_clk/X (sky130_fd_sc_hd__clkbuf_16)
                                                         clknet_2_2__leaf_clk (net)
                      0.056949    0.001096   10.356512 ^ _203_/CLK (sky130_fd_sc_hd__dfrtp_2)
                                 -0.250000   10.106512   clock uncertainty
                                  0.000000   10.106512   clock reconvergence pessimism
                                 -0.072598   10.033915   library setup time
                                             10.033915   data required time
---------------------------------------------------------------------------------------------
                                             10.033915   data required time
                                             -1.984263   data arrival time
---------------------------------------------------------------------------------------------
                                              8.049652   slack (MET)


Startpoint: _187_ (rising edge-triggered flip-flop clocked by clk)
Endpoint: _199_ (rising edge-triggered flip-flop clocked by clk)
Path Group: clk
Path Type: max

Fanout         Cap        Slew       Delay        Time   Description
---------------------------------------------------------------------------------------------
                                  0.000000    0.000000   clock clk (rise edge)
                                  0.000000    0.000000   clock source latency
     1    0.016165    0.078644    0.054001    0.054001 ^ clk (in)
                                                         clk (net)
                      0.078659    0.000000    0.054001 ^ clkbuf_0_clk/A (sky130_fd_sc_hd__clkbuf_16)
     4    0.040815    0.060534    0.153952    0.207952 ^ clkbuf_0_clk/X (sky130_fd_sc_hd__clkbuf_16)
                                                         clknet_0_clk (net)
                      0.060682    0.002499    0.210452 ^ clkbuf_2_1__f_clk/A (sky130_fd_sc_hd__clkbuf_16)
    13    0.042672    0.062096    0.149189    0.359641 ^ clkbuf_2_1__f_clk/X (sky130_fd_sc_hd__clkbuf_16)
                                                         clknet_2_1__leaf_clk (net)
                      0.062159    0.001704    0.361345 ^ _187_/CLK (sky130_fd_sc_hd__dfrtp_2)
     6    0.031071    0.159500    0.443918    0.805263 ^ _187_/Q (sky130_fd_sc_hd__dfrtp_2)
                                                         counter[0] (net)
                      0.159513    0.001521    0.806783 ^ _114_/A (sky130_fd_sc_hd__and4_2)
     8    0.040325    0.221625    0.382455    1.189238 ^ _114_/X (sky130_fd_sc_hd__and4_2)
                                                         _035_ (net)
                      0.221655    0.002645    1.191883 ^ _131_/B (sky130_fd_sc_hd__and4_2)
     7    0.026334    0.159985    0.354232    1.546115 ^ _131_/X (sky130_fd_sc_hd__and4_2)
                                                         _045_ (net)
                      0.160010    0.002014    1.548129 ^ _134_/B (sky130_fd_sc_hd__and2_2)
     5    0.030706    0.164734    0.263593    1.811723 ^ _134_/X (sky130_fd_sc_hd__and2_2)
                                                         _047_ (net)
                      0.164778    0.002596    1.814318 ^ _137_/B (sky130_fd_sc_hd__xor2_2)
     1    0.002706    0.090021    0.136377    1.950695 ^ _137_/X (sky130_fd_sc_hd__xor2_2)
                                                         _003_ (net)
                      0.090021    0.000187    1.950881 ^ _199_/D (sky130_fd_sc_hd__dfrtp_2)
                                              1.950881   data arrival time

                                 10.000000   10.000000   clock clk (rise edge)
                                  0.000000   10.000000   clock source latency
     1    0.016165    0.078644    0.054000   10.054001 ^ clk (in)
                                                         clk (net)
                      0.078659    0.000000   10.054001 ^ clkbuf_0_clk/A (sky130_fd_sc_hd__clkbuf_16)
     4    0.040815    0.060534    0.153952   10.207953 ^ clkbuf_0_clk/X (sky130_fd_sc_hd__clkbuf_16)
                                                         clknet_0_clk (net)
                      0.060666    0.002368   10.210320 ^ clkbuf_2_2__f_clk/A (sky130_fd_sc_hd__clkbuf_16)
    13    0.036812    0.056920    0.145095   10.355416 ^ clkbuf_2_2__f_clk/X (sky130_fd_sc_hd__clkbuf_16)
                                                         clknet_2_2__leaf_clk (net)
                      0.056934    0.000802   10.356218 ^ _199_/CLK (sky130_fd_sc_hd__dfrtp_2)
                                 -0.250000   10.106218   clock uncertainty
                                  0.000000   10.106218   clock reconvergence pessimism
                                 -0.072167   10.034051   library setup time
                                             10.034051   data required time
---------------------------------------------------------------------------------------------
                                             10.034051   data required time
                                             -1.950881   data arrival time
---------------------------------------------------------------------------------------------
                                              8.083170   slack (MET)


Startpoint: rst_n (input port clocked by clk)
Endpoint: _191_ (recovery check against rising-edge clock clk)
Path Group: asynchronous
Path Type: max

Fanout         Cap        Slew       Delay        Time   Description
---------------------------------------------------------------------------------------------
                                  0.000000    0.000000   clock clk (rise edge)
                                  0.000000    0.000000   clock network delay (propagated)
                                  2.000000    2.000000 ^ input external delay
     1    0.003906    0.024540    0.014247    2.014247 ^ rst_n (in)
                                                         rst_n (net)
                      0.024542    0.000000    2.014247 ^ input33/A (sky130_fd_sc_hd__buf_4)
    10    0.055525    0.157765    0.186132    2.200379 ^ input33/X (sky130_fd_sc_hd__buf_4)
                                                         net33 (net)
                      0.157965    0.004593    2.204973 ^ _191_/RESET_B (sky130_fd_sc_hd__dfrtp_2)
                                              2.204973   data arrival time

                                 10.000000   10.000000   clock clk (rise edge)
                                  0.000000   10.000000   clock source latency
     1    0.016165    0.078644    0.054000   10.054001 ^ clk (in)
                                                         clk (net)
                      0.078659    0.000000   10.054001 ^ clkbuf_0_clk/A (sky130_fd_sc_hd__clkbuf_16)
     4    0.040815    0.060534    0.153952   10.207953 ^ clkbuf_0_clk/X (sky130_fd_sc_hd__clkbuf_16)
                                                         clknet_0_clk (net)
                      0.060675    0.002449   10.210402 ^ clkbuf_2_0__f_clk/A (sky130_fd_sc_hd__clkbuf_16)
     9    0.034984    0.055248    0.143295   10.353697 ^ clkbuf_2_0__f_clk/X (sky130_fd_sc_hd__clkbuf_16)
                                                         clknet_2_0__leaf_clk (net)
                      0.055392    0.001900   10.355597 ^ _191_/CLK (sky130_fd_sc_hd__dfrtp_2)
                                 -0.250000   10.105597   clock uncertainty
                                  0.000000   10.105597   clock reconvergence pessimism
                                  0.188725   10.294321   library recovery time
                                             10.294321   data required time
---------------------------------------------------------------------------------------------
                                             10.294321   data required time
                                             -2.204973   data arrival time
---------------------------------------------------------------------------------------------
                                              8.089349   slack (MET)


Startpoint: rst_n (input port clocked by clk)
Endpoint: _193_ (recovery check against rising-edge clock clk)
Path Group: asynchronous
Path Type: max

Fanout         Cap        Slew       Delay        Time   Description
---------------------------------------------------------------------------------------------
                                  0.000000    0.000000   clock clk (rise edge)
                                  0.000000    0.000000   clock network delay (propagated)
                                  2.000000    2.000000 ^ input external delay
     1    0.003906    0.024540    0.014247    2.014247 ^ rst_n (in)
                                                         rst_n (net)
                      0.024542    0.000000    2.014247 ^ input33/A (sky130_fd_sc_hd__buf_4)
    10    0.055525    0.157765    0.186132    2.200379 ^ input33/X (sky130_fd_sc_hd__buf_4)
                                                         net33 (net)
                      0.157928    0.004156    2.204535 ^ _193_/RESET_B (sky130_fd_sc_hd__dfrtp_2)
                                              2.204535   data arrival time

                                 10.000000   10.000000   clock clk (rise edge)
                                  0.000000   10.000000   clock source latency
     1    0.016165    0.078644    0.054000   10.054001 ^ clk (in)
                                                         clk (net)
                      0.078659    0.000000   10.054001 ^ clkbuf_0_clk/A (sky130_fd_sc_hd__clkbuf_16)
     4    0.040815    0.060534    0.153952   10.207953 ^ clkbuf_0_clk/X (sky130_fd_sc_hd__clkbuf_16)
                                                         clknet_0_clk (net)
                      0.060675    0.002449   10.210402 ^ clkbuf_2_0__f_clk/A (sky130_fd_sc_hd__clkbuf_16)
     9    0.034984    0.055248    0.143295   10.353697 ^ clkbuf_2_0__f_clk/X (sky130_fd_sc_hd__clkbuf_16)
                                                         clknet_2_0__leaf_clk (net)
                      0.055359    0.001562   10.355259 ^ _193_/CLK (sky130_fd_sc_hd__dfrtp_2)
                                 -0.250000   10.105259   clock uncertainty
                                  0.000000   10.105259   clock reconvergence pessimism
                                  0.188726   10.293984   library recovery time
                                             10.293984   data required time
---------------------------------------------------------------------------------------------
                                             10.293984   data required time
                                             -2.204535   data arrival time
---------------------------------------------------------------------------------------------
                                              8.089449   slack (MET)


Startpoint: rst_n (input port clocked by clk)
Endpoint: _194_ (recovery check against rising-edge clock clk)
Path Group: asynchronous
Path Type: max

Fanout         Cap        Slew       Delay        Time   Description
---------------------------------------------------------------------------------------------
                                  0.000000    0.000000   clock clk (rise edge)
                                  0.000000    0.000000   clock network delay (propagated)
                                  2.000000    2.000000 ^ input external delay
     1    0.003906    0.024540    0.014247    2.014247 ^ rst_n (in)
                                                         rst_n (net)
                      0.024542    0.000000    2.014247 ^ input33/A (sky130_fd_sc_hd__buf_4)
    10    0.055525    0.157765    0.186132    2.200379 ^ input33/X (sky130_fd_sc_hd__buf_4)
                                                         net33 (net)
                      0.157939    0.004295    2.204674 ^ _194_/RESET_B (sky130_fd_sc_hd__dfrtp_2)
                                              2.204674   data arrival time

                                 10.000000   10.000000   clock clk (rise edge)
                                  0.000000   10.000000   clock source latency
     1    0.016165    0.078644    0.054000   10.054001 ^ clk (in)
                                                         clk (net)
                      0.078659    0.000000   10.054001 ^ clkbuf_0_clk/A (sky130_fd_sc_hd__clkbuf_16)
     4    0.040815    0.060534    0.153952   10.207953 ^ clkbuf_0_clk/X (sky130_fd_sc_hd__clkbuf_16)
                                                         clknet_0_clk (net)
                      0.060675    0.002449   10.210402 ^ clkbuf_2_0__f_clk/A (sky130_fd_sc_hd__clkbuf_16)
     9    0.034984    0.055248    0.143295   10.353697 ^ clkbuf_2_0__f_clk/X (sky130_fd_sc_hd__clkbuf_16)
                                                         clknet_2_0__leaf_clk (net)
                      0.055375    0.001725   10.355422 ^ _194_/CLK (sky130_fd_sc_hd__dfrtp_2)
                                 -0.250000   10.105422   clock uncertainty
                                  0.000000   10.105422   clock reconvergence pessimism
                                  0.188727   10.294149   library recovery time
                                             10.294149   data required time
---------------------------------------------------------------------------------------------
                                             10.294149   data required time
                                             -2.204674   data arrival time
---------------------------------------------------------------------------------------------
                                              8.089475   slack (MET)


Startpoint: rst_n (input port clocked by clk)
Endpoint: _192_ (recovery check against rising-edge clock clk)
Path Group: asynchronous
Path Type: max

Fanout         Cap        Slew       Delay        Time   Description
---------------------------------------------------------------------------------------------
                                  0.000000    0.000000   clock clk (rise edge)
                                  0.000000    0.000000   clock network delay (propagated)
                                  2.000000    2.000000 ^ input external delay
     1    0.003906    0.024540    0.014247    2.014247 ^ rst_n (in)
                                                         rst_n (net)
                      0.024542    0.000000    2.014247 ^ input33/A (sky130_fd_sc_hd__buf_4)
    10    0.055525    0.157765    0.186132    2.200379 ^ input33/X (sky130_fd_sc_hd__buf_4)
                                                         net33 (net)
                      0.157951    0.004438    2.204817 ^ _192_/RESET_B (sky130_fd_sc_hd__dfrtp_2)
                                              2.204817   data arrival time

                                 10.000000   10.000000   clock clk (rise edge)
                                  0.000000   10.000000   clock source latency
     1    0.016165    0.078644    0.054000   10.054001 ^ clk (in)
                                                         clk (net)
                      0.078659    0.000000   10.054001 ^ clkbuf_0_clk/A (sky130_fd_sc_hd__clkbuf_16)
     4    0.040815    0.060534    0.153952   10.207953 ^ clkbuf_0_clk/X (sky130_fd_sc_hd__clkbuf_16)
                                                         clknet_0_clk (net)
                      0.060675    0.002449   10.210402 ^ clkbuf_2_0__f_clk/A (sky130_fd_sc_hd__clkbuf_16)
     9    0.034984    0.055248    0.143295   10.353697 ^ clkbuf_2_0__f_clk/X (sky130_fd_sc_hd__clkbuf_16)
                                                         clknet_2_0__leaf_clk (net)
                      0.055392    0.001897   10.355594 ^ _192_/CLK (sky130_fd_sc_hd__dfrtp_2)
                                 -0.250000   10.105594   clock uncertainty
                                  0.000000   10.105594   clock reconvergence pessimism
                                  0.188729   10.294323   library recovery time
                                             10.294323   data required time
---------------------------------------------------------------------------------------------
                                             10.294323   data required time
                                             -2.204817   data arrival time
---------------------------------------------------------------------------------------------
                                              8.089506   slack (MET)


Startpoint: rst_n (input port clocked by clk)
Endpoint: _189_ (recovery check against rising-edge clock clk)
Path Group: asynchronous
Path Type: max

Fanout         Cap        Slew       Delay        Time   Description
---------------------------------------------------------------------------------------------
                                  0.000000    0.000000   clock clk (rise edge)
                                  0.000000    0.000000   clock network delay (propagated)
                                  2.000000    2.000000 ^ input external delay
     1    0.003906    0.024540    0.014247    2.014247 ^ rst_n (in)
                                                         rst_n (net)
                      0.024542    0.000000    2.014247 ^ input33/A (sky130_fd_sc_hd__buf_4)
    10    0.055525    0.157765    0.186132    2.200379 ^ input33/X (sky130_fd_sc_hd__buf_4)
                                                         net33 (net)
                      0.157925    0.004126    2.204505 ^ _189_/RESET_B (sky130_fd_sc_hd__dfrtp_2)
                                              2.204505   data arrival time

                                 10.000000   10.000000   clock clk (rise edge)
                                  0.000000   10.000000   clock source latency
     1    0.016165    0.078644    0.054000   10.054001 ^ clk (in)
                                                         clk (net)
                      0.078659    0.000000   10.054001 ^ clkbuf_0_clk/A (sky130_fd_sc_hd__clkbuf_16)
     4    0.040815    0.060534    0.153952   10.207953 ^ clkbuf_0_clk/X (sky130_fd_sc_hd__clkbuf_16)
                                                         clknet_0_clk (net)
                      0.060682    0.002499   10.210452 ^ clkbuf_2_1__f_clk/A (sky130_fd_sc_hd__clkbuf_16)
    13    0.042672    0.062096    0.149189   10.359641 ^ clkbuf_2_1__f_clk/X (sky130_fd_sc_hd__clkbuf_16)
                                                         clknet_2_1__leaf_clk (net)
                      0.062097    0.000465   10.360106 ^ _189_/CLK (sky130_fd_sc_hd__dfrtp_2)
                                 -0.250000   10.110106   clock uncertainty
                                  0.000000   10.110106   clock reconvergence pessimism
                                  0.190833   10.300940   library recovery time
                                             10.300940   data required time
---------------------------------------------------------------------------------------------
                                             10.300940   data required time
                                             -2.204505   data arrival time
---------------------------------------------------------------------------------------------
                                              8.096435   slack (MET)


Startpoint: rst_n (input port clocked by clk)
Endpoint: _190_ (recovery check against rising-edge clock clk)
Path Group: asynchronous
Path Type: max

Fanout         Cap        Slew       Delay        Time   Description
---------------------------------------------------------------------------------------------
                                  0.000000    0.000000   clock clk (rise edge)
                                  0.000000    0.000000   clock network delay (propagated)
                                  2.000000    2.000000 ^ input external delay
     1    0.003906    0.024540    0.014247    2.014247 ^ rst_n (in)
                                                         rst_n (net)
                      0.024542    0.000000    2.014247 ^ input33/A (sky130_fd_sc_hd__buf_4)
    10    0.055525    0.157765    0.186132    2.200379 ^ input33/X (sky130_fd_sc_hd__buf_4)
                                                         net33 (net)
                      0.157923    0.004095    2.204474 ^ _190_/RESET_B (sky130_fd_sc_hd__dfrtp_2)
                                              2.204474   data arrival time

                                 10.000000   10.000000   clock clk (rise edge)
                                  0.000000   10.000000   clock source latency
     1    0.016165    0.078644    0.054000   10.054001 ^ clk (in)
                                                         clk (net)
                      0.078659    0.000000   10.054001 ^ clkbuf_0_clk/A (sky130_fd_sc_hd__clkbuf_16)
     4    0.040815    0.060534    0.153952   10.207953 ^ clkbuf_0_clk/X (sky130_fd_sc_hd__clkbuf_16)
                                                         clknet_0_clk (net)
                      0.060682    0.002499   10.210452 ^ clkbuf_2_1__f_clk/A (sky130_fd_sc_hd__clkbuf_16)
    13    0.042672    0.062096    0.149189   10.359641 ^ clkbuf_2_1__f_clk/X (sky130_fd_sc_hd__clkbuf_16)
                                                         clknet_2_1__leaf_clk (net)
                      0.062151    0.001608   10.361249 ^ _190_/CLK (sky130_fd_sc_hd__dfrtp_2)
                                 -0.250000   10.111249   clock uncertainty
                                  0.000000   10.111249   clock reconvergence pessimism
                                  0.190851   10.302100   library recovery time
                                             10.302100   data required time
---------------------------------------------------------------------------------------------
                                             10.302100   data required time
                                             -2.204474   data arrival time
---------------------------------------------------------------------------------------------
                                              8.097626   slack (MET)


Startpoint: rst_n (input port clocked by clk)
Endpoint: _187_ (recovery check against rising-edge clock clk)
Path Group: asynchronous
Path Type: max

Fanout         Cap        Slew       Delay        Time   Description
---------------------------------------------------------------------------------------------
                                  0.000000    0.000000   clock clk (rise edge)
                                  0.000000    0.000000   clock network delay (propagated)
                                  2.000000    2.000000 ^ input external delay
     1    0.003906    0.024540    0.014247    2.014247 ^ rst_n (in)
                                                         rst_n (net)
                      0.024542    0.000000    2.014247 ^ input33/A (sky130_fd_sc_hd__buf_4)
    10    0.055525    0.157765    0.186132    2.200379 ^ input33/X (sky130_fd_sc_hd__buf_4)
                                                         net33 (net)
                      0.157924    0.004112    2.204491 ^ _187_/RESET_B (sky130_fd_sc_hd__dfrtp_2)
                                              2.204491   data arrival time

                                 10.000000   10.000000   clock clk (rise edge)
                                  0.000000   10.000000   clock source latency
     1    0.016165    0.078644    0.054000   10.054001 ^ clk (in)
                                                         clk (net)
                      0.078659    0.000000   10.054001 ^ clkbuf_0_clk/A (sky130_fd_sc_hd__clkbuf_16)
     4    0.040815    0.060534    0.153952   10.207953 ^ clkbuf_0_clk/X (sky130_fd_sc_hd__clkbuf_16)
                                                         clknet_0_clk (net)
                      0.060682    0.002499   10.210452 ^ clkbuf_2_1__f_clk/A (sky130_fd_sc_hd__clkbuf_16)
    13    0.042672    0.062096    0.149189   10.359641 ^ clkbuf_2_1__f_clk/X (sky130_fd_sc_hd__clkbuf_16)
                                                         clknet_2_1__leaf_clk (net)
                      0.062159    0.001704   10.361345 ^ _187_/CLK (sky130_fd_sc_hd__dfrtp_2)
                                 -0.250000   10.111345   clock uncertainty
                                  0.000000   10.111345   clock reconvergence pessimism
                                  0.190853   10.302197   library recovery time
                                             10.302197   data required time
---------------------------------------------------------------------------------------------
                                             10.302197   data required time
                                             -2.204491   data arrival time
---------------------------------------------------------------------------------------------
                                              8.097707   slack (MET)


Startpoint: rst_n (input port clocked by clk)
Endpoint: _188_ (recovery check against rising-edge clock clk)
Path Group: asynchronous
Path Type: max

Fanout         Cap        Slew       Delay        Time   Description
---------------------------------------------------------------------------------------------
                                  0.000000    0.000000   clock clk (rise edge)
                                  0.000000    0.000000   clock network delay (propagated)
                                  2.000000    2.000000 ^ input external delay
     1    0.003906    0.024540    0.014247    2.014247 ^ rst_n (in)
                                                         rst_n (net)
                      0.024542    0.000000    2.014247 ^ input33/A (sky130_fd_sc_hd__buf_4)
    10    0.055525    0.157765    0.186132    2.200379 ^ input33/X (sky130_fd_sc_hd__buf_4)
                                                         net33 (net)
                      0.157903    0.003834    2.204214 ^ _188_/RESET_B (sky130_fd_sc_hd__dfrtp_2)
                                              2.204214   data arrival time

                                 10.000000   10.000000   clock clk (rise edge)
                                  0.000000   10.000000   clock source latency
     1    0.016165    0.078644    0.054000   10.054001 ^ clk (in)
                                                         clk (net)
                      0.078659    0.000000   10.054001 ^ clkbuf_0_clk/A (sky130_fd_sc_hd__clkbuf_16)
     4    0.040815    0.060534    0.153952   10.207953 ^ clkbuf_0_clk/X (sky130_fd_sc_hd__clkbuf_16)
                                                         clknet_0_clk (net)
                      0.060682    0.002499   10.210452 ^ clkbuf_2_1__f_clk/A (sky130_fd_sc_hd__clkbuf_16)
    13    0.042672    0.062096    0.149189   10.359641 ^ clkbuf_2_1__f_clk/X (sky130_fd_sc_hd__clkbuf_16)
                                                         clknet_2_1__leaf_clk (net)
                      0.062139    0.001449   10.361090 ^ _188_/CLK (sky130_fd_sc_hd__dfrtp_2)
                                 -0.250000   10.111090   clock uncertainty
                                  0.000000   10.111090   clock reconvergence pessimism
                                  0.190853   10.301943   library recovery time
                                             10.301943   data required time
---------------------------------------------------------------------------------------------
                                             10.301943   data required time
                                             -2.204214   data arrival time
---------------------------------------------------------------------------------------------
                                              8.097729   slack (MET)


Startpoint: rst_n (input port clocked by clk)
Endpoint: _186_ (recovery check against rising-edge clock clk)
Path Group: asynchronous
Path Type: max

Fanout         Cap        Slew       Delay        Time   Description
---------------------------------------------------------------------------------------------
                                  0.000000    0.000000   clock clk (rise edge)
                                  0.000000    0.000000   clock network delay (propagated)
                                  2.000000    2.000000 ^ input external delay
     1    0.003906    0.024540    0.014247    2.014247 ^ rst_n (in)
                                                         rst_n (net)
                      0.024542    0.000000    2.014247 ^ input33/A (sky130_fd_sc_hd__buf_4)
    10    0.055525    0.157765    0.186132    2.200379 ^ input33/X (sky130_fd_sc_hd__buf_4)
                                                         net33 (net)
                      0.157816    0.002340    2.202719 ^ _186_/RESET_B (sky130_fd_sc_hd__dfrtp_2)
                                              2.202719   data arrival time

                                 10.000000   10.000000   clock clk (rise edge)
                                  0.000000   10.000000   clock source latency
     1    0.016165    0.078644    0.054000   10.054001 ^ clk (in)
                                                         clk (net)
                      0.078659    0.000000   10.054001 ^ clkbuf_0_clk/A (sky130_fd_sc_hd__clkbuf_16)
     4    0.040815    0.060534    0.153952   10.207953 ^ clkbuf_0_clk/X (sky130_fd_sc_hd__clkbuf_16)
                                                         clknet_0_clk (net)
                      0.060682    0.002499   10.210452 ^ clkbuf_2_1__f_clk/A (sky130_fd_sc_hd__clkbuf_16)
    13    0.042672    0.062096    0.149189   10.359641 ^ clkbuf_2_1__f_clk/X (sky130_fd_sc_hd__clkbuf_16)
                                                         clknet_2_1__leaf_clk (net)
                      0.062096    0.000427   10.360068 ^ _186_/CLK (sky130_fd_sc_hd__dfrtp_2)
                                 -0.250000   10.110068   clock uncertainty
                                  0.000000   10.110068   clock reconvergence pessimism
                                  0.190866   10.300935   library recovery time
                                             10.300935   data required time
---------------------------------------------------------------------------------------------
                                             10.300935   data required time
                                             -2.202719   data arrival time
---------------------------------------------------------------------------------------------
                                              8.098216   slack (MET)


Startpoint: _187_ (rising edge-triggered flip-flop clocked by clk)
Endpoint: _198_ (rising edge-triggered flip-flop clocked by clk)
Path Group: clk
Path Type: max

Fanout         Cap        Slew       Delay        Time   Description
---------------------------------------------------------------------------------------------
                                  0.000000    0.000000   clock clk (rise edge)
                                  0.000000    0.000000   clock source latency
     1    0.016165    0.078644    0.054001    0.054001 ^ clk (in)
                                                         clk (net)
                      0.078659    0.000000    0.054001 ^ clkbuf_0_clk/A (sky130_fd_sc_hd__clkbuf_16)
     4    0.040815    0.060534    0.153952    0.207952 ^ clkbuf_0_clk/X (sky130_fd_sc_hd__clkbuf_16)
                                                         clknet_0_clk (net)
                      0.060682    0.002499    0.210452 ^ clkbuf_2_1__f_clk/A (sky130_fd_sc_hd__clkbuf_16)
    13    0.042672    0.062096    0.149189    0.359641 ^ clkbuf_2_1__f_clk/X (sky130_fd_sc_hd__clkbuf_16)
                                                         clknet_2_1__leaf_clk (net)
                      0.062159    0.001704    0.361345 ^ _187_/CLK (sky130_fd_sc_hd__dfrtp_2)
     6    0.031071    0.159500    0.443918    0.805263 ^ _187_/Q (sky130_fd_sc_hd__dfrtp_2)
                                                         counter[0] (net)
                      0.159513    0.001521    0.806783 ^ _114_/A (sky130_fd_sc_hd__and4_2)
     8    0.040325    0.221625    0.382455    1.189238 ^ _114_/X (sky130_fd_sc_hd__and4_2)
                                                         _035_ (net)
                      0.221655    0.002645    1.191883 ^ _131_/B (sky130_fd_sc_hd__and4_2)
     7    0.026334    0.159985    0.354232    1.546115 ^ _131_/X (sky130_fd_sc_hd__and4_2)
                                                         _045_ (net)
                      0.160010    0.002014    1.548129 ^ _134_/B (sky130_fd_sc_hd__and2_2)
     5    0.030706    0.164734    0.263593    1.811723 ^ _134_/X (sky130_fd_sc_hd__and2_2)
                                                         _047_ (net)
                      0.164757    0.001985    1.813707 ^ _136_/A (sky130_fd_sc_hd__nor2_2)
     1    0.002294    0.037959    0.054339    1.868047 v _136_/Y (sky130_fd_sc_hd__nor2_2)
                                                         _002_ (net)
                      0.037959    0.000108    1.868155 v _198_/D (sky130_fd_sc_hd__dfrtp_2)
                                              1.868155   data arrival time

                                 10.000000   10.000000   clock clk (rise edge)
                                  0.000000   10.000000   clock source latency
     1    0.016165    0.078644    0.054000   10.054001 ^ clk (in)
                                                         clk (net)
                      0.078659    0.000000   10.054001 ^ clkbuf_0_clk/A (sky130_fd_sc_hd__clkbuf_16)
     4    0.040815    0.060534    0.153952   10.207953 ^ clkbuf_0_clk/X (sky130_fd_sc_hd__clkbuf_16)
                                                         clknet_0_clk (net)
                      0.060666    0.002368   10.210320 ^ clkbuf_2_2__f_clk/A (sky130_fd_sc_hd__clkbuf_16)
    13    0.036812    0.056920    0.145095   10.355416 ^ clkbuf_2_2__f_clk/X (sky130_fd_sc_hd__clkbuf_16)
                                                         clknet_2_2__leaf_clk (net)
                      0.056929    0.000703   10.356120 ^ _198_/CLK (sky130_fd_sc_hd__dfrtp_2)
                                 -0.250000   10.106120   clock uncertainty
                                  0.000000   10.106120   clock reconvergence pessimism
                                 -0.109648    9.996472   library setup time
                                              9.996472   data required time
---------------------------------------------------------------------------------------------
                                              9.996472   data required time
                                             -1.868155   data arrival time
---------------------------------------------------------------------------------------------
                                              8.128318   slack (MET)


Startpoint: _187_ (rising edge-triggered flip-flop clocked by clk)
Endpoint: _193_ (rising edge-triggered flip-flop clocked by clk)
Path Group: clk
Path Type: max

Fanout         Cap        Slew       Delay        Time   Description
---------------------------------------------------------------------------------------------
                                  0.000000    0.000000   clock clk (rise edge)
                                  0.000000    0.000000   clock source latency
     1    0.016165    0.078644    0.054001    0.054001 ^ clk (in)
                                                         clk (net)
                      0.078659    0.000000    0.054001 ^ clkbuf_0_clk/A (sky130_fd_sc_hd__clkbuf_16)
     4    0.040815    0.060534    0.153952    0.207952 ^ clkbuf_0_clk/X (sky130_fd_sc_hd__clkbuf_16)
                                                         clknet_0_clk (net)
                      0.060682    0.002499    0.210452 ^ clkbuf_2_1__f_clk/A (sky130_fd_sc_hd__clkbuf_16)
    13    0.042672    0.062096    0.149189    0.359641 ^ clkbuf_2_1__f_clk/X (sky130_fd_sc_hd__clkbuf_16)
                                                         clknet_2_1__leaf_clk (net)
                      0.062159    0.001704    0.361345 ^ _187_/CLK (sky130_fd_sc_hd__dfrtp_2)
     6    0.031071    0.159500    0.443918    0.805263 ^ _187_/Q (sky130_fd_sc_hd__dfrtp_2)
                                                         counter[0] (net)
                      0.159513    0.001521    0.806783 ^ _114_/A (sky130_fd_sc_hd__and4_2)
     8    0.040325    0.221625    0.382455    1.189238 ^ _114_/X (sky130_fd_sc_hd__and4_2)
                                                         _035_ (net)
                      0.221664    0.002918    1.192156 ^ _120_/D (sky130_fd_sc_hd__and4_2)
     2    0.005214    0.062237    0.259750    1.451906 ^ _120_/X (sky130_fd_sc_hd__and4_2)
                                                         _038_ (net)
                      0.062237    0.000278    1.452184 ^ _122_/A_N (sky130_fd_sc_hd__and2b_2)
     1    0.003353    0.036839    0.210065    1.662250 v _122_/X (sky130_fd_sc_hd__and2b_2)
                                                         _028_ (net)
                      0.036839    0.000211    1.662461 v _193_/D (sky130_fd_sc_hd__dfrtp_2)
                                              1.662461   data arrival time

                                 10.000000   10.000000   clock clk (rise edge)
                                  0.000000   10.000000   clock source latency
     1    0.016165    0.078644    0.054000   10.054001 ^ clk (in)
                                                         clk (net)
                      0.078659    0.000000   10.054001 ^ clkbuf_0_clk/A (sky130_fd_sc_hd__clkbuf_16)
     4    0.040815    0.060534    0.153952   10.207953 ^ clkbuf_0_clk/X (sky130_fd_sc_hd__clkbuf_16)
                                                         clknet_0_clk (net)
                      0.060675    0.002449   10.210402 ^ clkbuf_2_0__f_clk/A (sky130_fd_sc_hd__clkbuf_16)
     9    0.034984    0.055248    0.143295   10.353697 ^ clkbuf_2_0__f_clk/X (sky130_fd_sc_hd__clkbuf_16)
                                                         clknet_2_0__leaf_clk (net)
                      0.055359    0.001562   10.355259 ^ _193_/CLK (sky130_fd_sc_hd__dfrtp_2)
                                 -0.250000   10.105259   clock uncertainty
                                  0.000000   10.105259   clock reconvergence pessimism
                                 -0.109519    9.995741   library setup time
                                              9.995741   data required time
---------------------------------------------------------------------------------------------
                                              9.995741   data required time
                                             -1.662461   data arrival time
---------------------------------------------------------------------------------------------
                                              8.333280   slack (MET)


Startpoint: _187_ (rising edge-triggered flip-flop clocked by clk)
Endpoint: _197_ (rising edge-triggered flip-flop clocked by clk)
Path Group: clk
Path Type: max

Fanout         Cap        Slew       Delay        Time   Description
---------------------------------------------------------------------------------------------
                                  0.000000    0.000000   clock clk (rise edge)
                                  0.000000    0.000000   clock source latency
     1    0.016165    0.078644    0.054001    0.054001 ^ clk (in)
                                                         clk (net)
                      0.078659    0.000000    0.054001 ^ clkbuf_0_clk/A (sky130_fd_sc_hd__clkbuf_16)
     4    0.040815    0.060534    0.153952    0.207952 ^ clkbuf_0_clk/X (sky130_fd_sc_hd__clkbuf_16)
                                                         clknet_0_clk (net)
                      0.060682    0.002499    0.210452 ^ clkbuf_2_1__f_clk/A (sky130_fd_sc_hd__clkbuf_16)
    13    0.042672    0.062096    0.149189    0.359641 ^ clkbuf_2_1__f_clk/X (sky130_fd_sc_hd__clkbuf_16)
                                                         clknet_2_1__leaf_clk (net)
                      0.062159    0.001704    0.361345 ^ _187_/CLK (sky130_fd_sc_hd__dfrtp_2)
     6    0.031071    0.159500    0.443918    0.805263 ^ _187_/Q (sky130_fd_sc_hd__dfrtp_2)
                                                         counter[0] (net)
                      0.159513    0.001521    0.806783 ^ _114_/A (sky130_fd_sc_hd__and4_2)
     8    0.040325    0.221625    0.382455    1.189238 ^ _114_/X (sky130_fd_sc_hd__and4_2)
                                                         _035_ (net)
                      0.221655    0.002645    1.191883 ^ _131_/B (sky130_fd_sc_hd__and4_2)
     7    0.026334    0.159985    0.354232    1.546115 ^ _131_/X (sky130_fd_sc_hd__and4_2)
                                                         _045_ (net)
                      0.159999    0.001595    1.547710 ^ _133_/A (sky130_fd_sc_hd__nor2_2)
     1    0.002413    0.037658    0.054335    1.602045 v _133_/Y (sky130_fd_sc_hd__nor2_2)
                                                         _001_ (net)
                      0.037658    0.000177    1.602221 v _197_/D (sky130_fd_sc_hd__dfrtp_2)
                                              1.602221   data arrival time

                                 10.000000   10.000000   clock clk (rise edge)
                                  0.000000   10.000000   clock source latency
     1    0.016165    0.078644    0.054000   10.054001 ^ clk (in)
                                                         clk (net)
                      0.078659    0.000000   10.054001 ^ clkbuf_0_clk/A (sky130_fd_sc_hd__clkbuf_16)
     4    0.040815    0.060534    0.153952   10.207953 ^ clkbuf_0_clk/X (sky130_fd_sc_hd__clkbuf_16)
                                                         clknet_0_clk (net)
                      0.060675    0.002449   10.210402 ^ clkbuf_2_0__f_clk/A (sky130_fd_sc_hd__clkbuf_16)
     9    0.034984    0.055248    0.143295   10.353697 ^ clkbuf_2_0__f_clk/X (sky130_fd_sc_hd__clkbuf_16)
                                                         clknet_2_0__leaf_clk (net)
                      0.055379    0.001767   10.355463 ^ _197_/CLK (sky130_fd_sc_hd__dfrtp_2)
                                 -0.250000   10.105463   clock uncertainty
                                  0.000000   10.105463   clock reconvergence pessimism
                                 -0.109874    9.995589   library setup time
                                              9.995589   data required time
---------------------------------------------------------------------------------------------
                                              9.995589   data required time
                                             -1.602221   data arrival time
---------------------------------------------------------------------------------------------
                                              8.393368   slack (MET)


Startpoint: _188_ (rising edge-triggered flip-flop clocked by clk)
Endpoint: _194_ (rising edge-triggered flip-flop clocked by clk)
Path Group: clk
Path Type: max

Fanout         Cap        Slew       Delay        Time   Description
---------------------------------------------------------------------------------------------
                                  0.000000    0.000000   clock clk (rise edge)
                                  0.000000    0.000000   clock source latency
     1    0.016165    0.078644    0.054001    0.054001 ^ clk (in)
                                                         clk (net)
                      0.078659    0.000000    0.054001 ^ clkbuf_0_clk/A (sky130_fd_sc_hd__clkbuf_16)
     4    0.040815    0.060534    0.153952    0.207952 ^ clkbuf_0_clk/X (sky130_fd_sc_hd__clkbuf_16)
                                                         clknet_0_clk (net)
                      0.060682    0.002499    0.210452 ^ clkbuf_2_1__f_clk/A (sky130_fd_sc_hd__clkbuf_16)
    13    0.042672    0.062096    0.149189    0.359641 ^ clkbuf_2_1__f_clk/X (sky130_fd_sc_hd__clkbuf_16)
                                                         clknet_2_1__leaf_clk (net)
                      0.062139    0.001449    0.361089 ^ _188_/CLK (sky130_fd_sc_hd__dfrtp_2)
     5    0.027479    0.097200    0.458728    0.819817 v _188_/Q (sky130_fd_sc_hd__dfrtp_2)
                                                         counter[1] (net)
                      0.097210    0.001034    0.820851 v _114_/B (sky130_fd_sc_hd__and4_2)
     8    0.038261    0.111110    0.312145    1.132996 v _114_/X (sky130_fd_sc_hd__and4_2)
                                                         _035_ (net)
                      0.111192    0.002759    1.135755 v _120_/D (sky130_fd_sc_hd__and4_2)
     2    0.004770    0.044940    0.263001    1.398757 v _120_/X (sky130_fd_sc_hd__and4_2)
                                                         _038_ (net)
                      0.044940    0.000293    1.399050 v _125_/A2 (sky130_fd_sc_hd__o21a_2)
     1    0.005274    0.039947    0.195768    1.594818 v _125_/X (sky130_fd_sc_hd__o21a_2)
                                                         _029_ (net)
                      0.039947    0.000363    1.595181 v _194_/D (sky130_fd_sc_hd__dfrtp_2)
                                              1.595181   data arrival time

                                 10.000000   10.000000   clock clk (rise edge)
                                  0.000000   10.000000   clock source latency
     1    0.016165    0.078644    0.054000   10.054001 ^ clk (in)
                                                         clk (net)
                      0.078659    0.000000   10.054001 ^ clkbuf_0_clk/A (sky130_fd_sc_hd__clkbuf_16)
     4    0.040815    0.060534    0.153952   10.207953 ^ clkbuf_0_clk/X (sky130_fd_sc_hd__clkbuf_16)
                                                         clknet_0_clk (net)
                      0.060675    0.002449   10.210402 ^ clkbuf_2_0__f_clk/A (sky130_fd_sc_hd__clkbuf_16)
     9    0.034984    0.055248    0.143295   10.353697 ^ clkbuf_2_0__f_clk/X (sky130_fd_sc_hd__clkbuf_16)
                                                         clknet_2_0__leaf_clk (net)
                      0.055375    0.001725   10.355422 ^ _194_/CLK (sky130_fd_sc_hd__dfrtp_2)
                                 -0.250000   10.105422   clock uncertainty
                                  0.000000   10.105422   clock reconvergence pessimism
                                 -0.110878    9.994543   library setup time
                                              9.994543   data required time
---------------------------------------------------------------------------------------------
                                              9.994543   data required time
                                             -1.595181   data arrival time
---------------------------------------------------------------------------------------------
                                              8.399363   slack (MET)


Startpoint: _189_ (rising edge-triggered flip-flop clocked by clk)
Endpoint: _189_ (rising edge-triggered flip-flop clocked by clk)
Path Group: clk
Path Type: max

Fanout         Cap        Slew       Delay        Time   Description
---------------------------------------------------------------------------------------------
                                  0.000000    0.000000   clock clk (rise edge)
                                  0.000000    0.000000   clock source latency
     1    0.016165    0.078644    0.054001    0.054001 ^ clk (in)
                                                         clk (net)
                      0.078659    0.000000    0.054001 ^ clkbuf_0_clk/A (sky130_fd_sc_hd__clkbuf_16)
     4    0.040815    0.060534    0.153952    0.207952 ^ clkbuf_0_clk/X (sky130_fd_sc_hd__clkbuf_16)
                                                         clknet_0_clk (net)
                      0.060682    0.002499    0.210452 ^ clkbuf_2_1__f_clk/A (sky130_fd_sc_hd__clkbuf_16)
    13    0.042672    0.062096    0.149189    0.359641 ^ clkbuf_2_1__f_clk/X (sky130_fd_sc_hd__clkbuf_16)
                                                         clknet_2_1__leaf_clk (net)
                      0.062097    0.000465    0.360106 ^ _189_/CLK (sky130_fd_sc_hd__dfrtp_2)
     4    0.020952    0.081559    0.443245    0.803351 v _189_/Q (sky130_fd_sc_hd__dfrtp_2)
                                                         counter[2] (net)
                      0.081566    0.000853    0.804205 v hold99/A (sky130_fd_sc_hd__dlygate4sd3_1)
     1    0.011271    0.092487    0.615906    1.420111 v hold99/X (sky130_fd_sc_hd__dlygate4sd3_1)
                                                         net99 (net)
                      0.092487    0.000916    1.421027 v _113_/A (sky130_fd_sc_hd__xnor2_2)
     1    0.004877    0.052045    0.152082    1.573110 v _113_/Y (sky130_fd_sc_hd__xnor2_2)
                                                         _022_ (net)
                      0.052045    0.000364    1.573474 v _189_/D (sky130_fd_sc_hd__dfrtp_2)
                                              1.573474   data arrival time

                                 10.000000   10.000000   clock clk (rise edge)
                                  0.000000   10.000000   clock source latency
     1    0.016165    0.078644    0.054000   10.054001 ^ clk (in)
                                                         clk (net)
                      0.078659    0.000000   10.054001 ^ clkbuf_0_clk/A (sky130_fd_sc_hd__clkbuf_16)
     4    0.040815    0.060534    0.153952   10.207953 ^ clkbuf_0_clk/X (sky130_fd_sc_hd__clkbuf_16)
                                                         clknet_0_clk (net)
                      0.060682    0.002499   10.210452 ^ clkbuf_2_1__f_clk/A (sky130_fd_sc_hd__clkbuf_16)
    13    0.042672    0.062096    0.149189   10.359641 ^ clkbuf_2_1__f_clk/X (sky130_fd_sc_hd__clkbuf_16)
                                                         clknet_2_1__leaf_clk (net)
                      0.062097    0.000465   10.360106 ^ _189_/CLK (sky130_fd_sc_hd__dfrtp_2)
                                 -0.250000   10.110106   clock uncertainty
                                  0.000000   10.110106   clock reconvergence pessimism
                                 -0.114628    9.995479   library setup time
                                              9.995479   data required time
---------------------------------------------------------------------------------------------
                                              9.995479   data required time
                                             -1.573474   data arrival time
---------------------------------------------------------------------------------------------
                                              8.422005   slack (MET)


Startpoint: _187_ (rising edge-triggered flip-flop clocked by clk)
Endpoint: _196_ (rising edge-triggered flip-flop clocked by clk)
Path Group: clk
Path Type: max

Fanout         Cap        Slew       Delay        Time   Description
---------------------------------------------------------------------------------------------
                                  0.000000    0.000000   clock clk (rise edge)
                                  0.000000    0.000000   clock source latency
     1    0.016165    0.078644    0.054001    0.054001 ^ clk (in)
                                                         clk (net)
                      0.078659    0.000000    0.054001 ^ clkbuf_0_clk/A (sky130_fd_sc_hd__clkbuf_16)
     4    0.040815    0.060534    0.153952    0.207952 ^ clkbuf_0_clk/X (sky130_fd_sc_hd__clkbuf_16)
                                                         clknet_0_clk (net)
                      0.060682    0.002499    0.210452 ^ clkbuf_2_1__f_clk/A (sky130_fd_sc_hd__clkbuf_16)
    13    0.042672    0.062096    0.149189    0.359641 ^ clkbuf_2_1__f_clk/X (sky130_fd_sc_hd__clkbuf_16)
                                                         clknet_2_1__leaf_clk (net)
                      0.062159    0.001704    0.361345 ^ _187_/CLK (sky130_fd_sc_hd__dfrtp_2)
     6    0.031071    0.159500    0.443918    0.805263 ^ _187_/Q (sky130_fd_sc_hd__dfrtp_2)
                                                         counter[0] (net)
                      0.159513    0.001521    0.806783 ^ _114_/A (sky130_fd_sc_hd__and4_2)
     8    0.040325    0.221625    0.382455    1.189238 ^ _114_/X (sky130_fd_sc_hd__and4_2)
                                                         _035_ (net)
                      0.221660    0.002793    1.192031 ^ _124_/A (sky130_fd_sc_hd__nand2_2)
     4    0.019697    0.109642    0.134328    1.326359 v _124_/Y (sky130_fd_sc_hd__nand2_2)
                                                         _041_ (net)
                      0.109701    0.002063    1.328423 v _130_/A1 (sky130_fd_sc_hd__o21a_2)
     1    0.003656    0.035772    0.230255    1.558677 v _130_/X (sky130_fd_sc_hd__o21a_2)
                                                         _031_ (net)
                      0.035772    0.000258    1.558935 v _196_/D (sky130_fd_sc_hd__dfrtp_2)
                                              1.558935   data arrival time

                                 10.000000   10.000000   clock clk (rise edge)
                                  0.000000   10.000000   clock source latency
     1    0.016165    0.078644    0.054000   10.054001 ^ clk (in)
                                                         clk (net)
                      0.078659    0.000000   10.054001 ^ clkbuf_0_clk/A (sky130_fd_sc_hd__clkbuf_16)
     4    0.040815    0.060534    0.153952   10.207953 ^ clkbuf_0_clk/X (sky130_fd_sc_hd__clkbuf_16)
                                                         clknet_0_clk (net)
                      0.060675    0.002449   10.210402 ^ clkbuf_2_0__f_clk/A (sky130_fd_sc_hd__clkbuf_16)
     9    0.034984    0.055248    0.143295   10.353697 ^ clkbuf_2_0__f_clk/X (sky130_fd_sc_hd__clkbuf_16)
                                                         clknet_2_0__leaf_clk (net)
                      0.055386    0.001840   10.355537 ^ _196_/CLK (sky130_fd_sc_hd__dfrtp_2)
                                 -0.250000   10.105537   clock uncertainty
                                  0.000000   10.105537   clock reconvergence pessimism
                                 -0.109045    9.996492   library setup time
                                              9.996492   data required time
---------------------------------------------------------------------------------------------
                                              9.996492   data required time
                                             -1.558935   data arrival time
---------------------------------------------------------------------------------------------
                                              8.437556   slack (MET)


Startpoint: _192_ (rising edge-triggered flip-flop clocked by clk)
Endpoint: _192_ (rising edge-triggered flip-flop clocked by clk)
Path Group: clk
Path Type: max

Fanout         Cap        Slew       Delay        Time   Description
---------------------------------------------------------------------------------------------
                                  0.000000    0.000000   clock clk (rise edge)
                                  0.000000    0.000000   clock source latency
     1    0.016165    0.078644    0.054001    0.054001 ^ clk (in)
                                                         clk (net)
                      0.078659    0.000000    0.054001 ^ clkbuf_0_clk/A (sky130_fd_sc_hd__clkbuf_16)
     4    0.040815    0.060534    0.153952    0.207952 ^ clkbuf_0_clk/X (sky130_fd_sc_hd__clkbuf_16)
                                                         clknet_0_clk (net)
                      0.060675    0.002449    0.210401 ^ clkbuf_2_0__f_clk/A (sky130_fd_sc_hd__clkbuf_16)
     9    0.034984    0.055248    0.143296    0.353697 ^ clkbuf_2_0__f_clk/X (sky130_fd_sc_hd__clkbuf_16)
                                                         clknet_2_0__leaf_clk (net)
                      0.055392    0.001897    0.355594 ^ _192_/CLK (sky130_fd_sc_hd__dfrtp_2)
     5    0.020838    0.081367    0.440354    0.795947 v _192_/Q (sky130_fd_sc_hd__dfrtp_2)
                                                         counter[5] (net)
                      0.081379    0.000999    0.796946 v hold98/A (sky130_fd_sc_hd__dlygate4sd3_1)
     1    0.009865    0.086361    0.609362    1.406308 v hold98/X (sky130_fd_sc_hd__dlygate4sd3_1)
                                                         net98 (net)
                      0.086361    0.000771    1.407080 v _119_/A (sky130_fd_sc_hd__xnor2_2)
     1    0.002654    0.043058    0.140833    1.547913 v _119_/Y (sky130_fd_sc_hd__xnor2_2)
                                                         _027_ (net)
                      0.043059    0.000191    1.548104 v _192_/D (sky130_fd_sc_hd__dfrtp_2)
                                              1.548104   data arrival time

                                 10.000000   10.000000   clock clk (rise edge)
                                  0.000000   10.000000   clock source latency
     1    0.016165    0.078644    0.054000   10.054001 ^ clk (in)
                                                         clk (net)
                      0.078659    0.000000   10.054001 ^ clkbuf_0_clk/A (sky130_fd_sc_hd__clkbuf_16)
     4    0.040815    0.060534    0.153952   10.207953 ^ clkbuf_0_clk/X (sky130_fd_sc_hd__clkbuf_16)
                                                         clknet_0_clk (net)
                      0.060675    0.002449   10.210402 ^ clkbuf_2_0__f_clk/A (sky130_fd_sc_hd__clkbuf_16)
     9    0.034984    0.055248    0.143295   10.353697 ^ clkbuf_2_0__f_clk/X (sky130_fd_sc_hd__clkbuf_16)
                                                         clknet_2_0__leaf_clk (net)
                      0.055392    0.001897   10.355594 ^ _192_/CLK (sky130_fd_sc_hd__dfrtp_2)
                                 -0.250000   10.105594   clock uncertainty
                                  0.000000   10.105594   clock reconvergence pessimism
                                 -0.112239    9.993355   library setup time
                                              9.993355   data required time
---------------------------------------------------------------------------------------------
                                              9.993355   data required time
                                             -1.548104   data arrival time
---------------------------------------------------------------------------------------------
                                              8.445251   slack (MET)


Startpoint: _187_ (rising edge-triggered flip-flop clocked by clk)
Endpoint: _195_ (rising edge-triggered flip-flop clocked by clk)
Path Group: clk
Path Type: max

Fanout         Cap        Slew       Delay        Time   Description
---------------------------------------------------------------------------------------------
                                  0.000000    0.000000   clock clk (rise edge)
                                  0.000000    0.000000   clock source latency
     1    0.016165    0.078644    0.054001    0.054001 ^ clk (in)
                                                         clk (net)
                      0.078659    0.000000    0.054001 ^ clkbuf_0_clk/A (sky130_fd_sc_hd__clkbuf_16)
     4    0.040815    0.060534    0.153952    0.207952 ^ clkbuf_0_clk/X (sky130_fd_sc_hd__clkbuf_16)
                                                         clknet_0_clk (net)
                      0.060682    0.002499    0.210452 ^ clkbuf_2_1__f_clk/A (sky130_fd_sc_hd__clkbuf_16)
    13    0.042672    0.062096    0.149189    0.359641 ^ clkbuf_2_1__f_clk/X (sky130_fd_sc_hd__clkbuf_16)
                                                         clknet_2_1__leaf_clk (net)
                      0.062159    0.001704    0.361345 ^ _187_/CLK (sky130_fd_sc_hd__dfrtp_2)
     6    0.031071    0.159500    0.443918    0.805263 ^ _187_/Q (sky130_fd_sc_hd__dfrtp_2)
                                                         counter[0] (net)
                      0.159513    0.001521    0.806783 ^ _114_/A (sky130_fd_sc_hd__and4_2)
     8    0.040325    0.221625    0.382455    1.189238 ^ _114_/X (sky130_fd_sc_hd__and4_2)
                                                         _035_ (net)
                      0.221660    0.002793    1.192031 ^ _124_/A (sky130_fd_sc_hd__nand2_2)
     4    0.019697    0.109642    0.134328    1.326359 v _124_/Y (sky130_fd_sc_hd__nand2_2)
                                                         _041_ (net)
                      0.109677    0.001599    1.327959 v _126_/B (sky130_fd_sc_hd__xnor2_2)
     1    0.002254    0.049277    0.144791    1.472750 v _126_/Y (sky130_fd_sc_hd__xnor2_2)
                                                         _030_ (net)
                      0.049277    0.000103    1.472853 v _195_/D (sky130_fd_sc_hd__dfrtp_2)
                                              1.472853   data arrival time

                                 10.000000   10.000000   clock clk (rise edge)
                                  0.000000   10.000000   clock source latency
     1    0.016165    0.078644    0.054000   10.054001 ^ clk (in)
                                                         clk (net)
                      0.078659    0.000000   10.054001 ^ clkbuf_0_clk/A (sky130_fd_sc_hd__clkbuf_16)
     4    0.040815    0.060534    0.153952   10.207953 ^ clkbuf_0_clk/X (sky130_fd_sc_hd__clkbuf_16)
                                                         clknet_0_clk (net)
                      0.060682    0.002499   10.210452 ^ clkbuf_2_1__f_clk/A (sky130_fd_sc_hd__clkbuf_16)
    13    0.042672    0.062096    0.149189   10.359641 ^ clkbuf_2_1__f_clk/X (sky130_fd_sc_hd__clkbuf_16)
                                                         clknet_2_1__leaf_clk (net)
                      0.062164    0.001767   10.361408 ^ _195_/CLK (sky130_fd_sc_hd__dfrtp_2)
                                 -0.250000   10.111408   clock uncertainty
                                  0.000000   10.111408   clock reconvergence pessimism
                                 -0.113399    9.998009   library setup time
                                              9.998009   data required time
---------------------------------------------------------------------------------------------
                                              9.998009   data required time
                                             -1.472853   data arrival time
---------------------------------------------------------------------------------------------
                                              8.525156   slack (MET)


Startpoint: _201_ (rising edge-triggered flip-flop clocked by clk)
Endpoint: _225_ (rising edge-triggered flip-flop clocked by clk)
Path Group: clk
Path Type: max

Fanout         Cap        Slew       Delay        Time   Description
---------------------------------------------------------------------------------------------
                                  0.000000    0.000000   clock clk (rise edge)
                                  0.000000    0.000000   clock source latency
     1    0.016165    0.078644    0.054001    0.054001 ^ clk (in)
                                                         clk (net)
                      0.078659    0.000000    0.054001 ^ clkbuf_0_clk/A (sky130_fd_sc_hd__clkbuf_16)
     4    0.040815    0.060534    0.153952    0.207952 ^ clkbuf_0_clk/X (sky130_fd_sc_hd__clkbuf_16)
                                                         clknet_0_clk (net)
                      0.060666    0.002368    0.210320 ^ clkbuf_2_2__f_clk/A (sky130_fd_sc_hd__clkbuf_16)
    13    0.036812    0.056920    0.145095    0.355416 ^ clkbuf_2_2__f_clk/X (sky130_fd_sc_hd__clkbuf_16)
                                                         clknet_2_2__leaf_clk (net)
                      0.056924    0.000562    0.355977 ^ _201_/CLK (sky130_fd_sc_hd__dfrtp_2)
     4    0.020192    0.079769    0.439553    0.795530 v _201_/Q (sky130_fd_sc_hd__dfrtp_2)
                                                         counter[14] (net)
                      0.079776    0.000811    0.796342 v hold90/A (sky130_fd_sc_hd__dlygate4sd3_1)
     2    0.012339    0.097059    0.620254    1.416595 v hold90/X (sky130_fd_sc_hd__dlygate4sd3_1)
                                                         net90 (net)
                      0.097059    0.000488    1.417083 v _225_/D (sky130_fd_sc_hd__dfrtp_2)
                                              1.417083   data arrival time

                                 10.000000   10.000000   clock clk (rise edge)
                                  0.000000   10.000000   clock source latency
     1    0.016165    0.078644    0.054000   10.054001 ^ clk (in)
                                                         clk (net)
                      0.078659    0.000000   10.054001 ^ clkbuf_0_clk/A (sky130_fd_sc_hd__clkbuf_16)
     4    0.040815    0.060534    0.153952   10.207953 ^ clkbuf_0_clk/X (sky130_fd_sc_hd__clkbuf_16)
                                                         clknet_0_clk (net)
                      0.060666    0.002368   10.210320 ^ clkbuf_2_2__f_clk/A (sky130_fd_sc_hd__clkbuf_16)
    13    0.036812    0.056920    0.145095   10.355416 ^ clkbuf_2_2__f_clk/X (sky130_fd_sc_hd__clkbuf_16)
                                                         clknet_2_2__leaf_clk (net)
                      0.056921    0.000485   10.355902 ^ _225_/CLK (sky130_fd_sc_hd__dfrtp_2)
                                 -0.250000   10.105902   clock uncertainty
                                  0.000000   10.105902   clock reconvergence pessimism
                                 -0.135564    9.970337   library setup time
                                              9.970337   data required time
---------------------------------------------------------------------------------------------
                                              9.970337   data required time
                                             -1.417083   data arrival time
---------------------------------------------------------------------------------------------
                                              8.553253   slack (MET)


Startpoint: _187_ (rising edge-triggered flip-flop clocked by clk)
Endpoint: _190_ (rising edge-triggered flip-flop clocked by clk)
Path Group: clk
Path Type: max

Fanout         Cap        Slew       Delay        Time   Description
---------------------------------------------------------------------------------------------
                                  0.000000    0.000000   clock clk (rise edge)
                                  0.000000    0.000000   clock source latency
     1    0.016165    0.078644    0.054001    0.054001 ^ clk (in)
                                                         clk (net)
                      0.078659    0.000000    0.054001 ^ clkbuf_0_clk/A (sky130_fd_sc_hd__clkbuf_16)
     4    0.040815    0.060534    0.153952    0.207952 ^ clkbuf_0_clk/X (sky130_fd_sc_hd__clkbuf_16)
                                                         clknet_0_clk (net)
                      0.060682    0.002499    0.210452 ^ clkbuf_2_1__f_clk/A (sky130_fd_sc_hd__clkbuf_16)
    13    0.042672    0.062096    0.149189    0.359641 ^ clkbuf_2_1__f_clk/X (sky130_fd_sc_hd__clkbuf_16)
                                                         clknet_2_1__leaf_clk (net)
                      0.062159    0.001704    0.361345 ^ _187_/CLK (sky130_fd_sc_hd__dfrtp_2)
     6    0.031071    0.159500    0.443918    0.805263 ^ _187_/Q (sky130_fd_sc_hd__dfrtp_2)
                                                         counter[0] (net)
                      0.159513    0.001521    0.806783 ^ _114_/A (sky130_fd_sc_hd__and4_2)
     8    0.040325    0.221625    0.382455    1.189238 ^ _114_/X (sky130_fd_sc_hd__and4_2)
                                                         _035_ (net)
                      0.221660    0.002790    1.192028 ^ _116_/A_N (sky130_fd_sc_hd__and2b_2)
     1    0.005706    0.042970    0.254334    1.446362 v _116_/X (sky130_fd_sc_hd__and2b_2)
                                                         _025_ (net)
                      0.042970    0.000440    1.446802 v _190_/D (sky130_fd_sc_hd__dfrtp_2)
                                              1.446802   data arrival time

                                 10.000000   10.000000   clock clk (rise edge)
                                  0.000000   10.000000   clock source latency
     1    0.016165    0.078644    0.054000   10.054001 ^ clk (in)
                                                         clk (net)
                      0.078659    0.000000   10.054001 ^ clkbuf_0_clk/A (sky130_fd_sc_hd__clkbuf_16)
     4    0.040815    0.060534    0.153952   10.207953 ^ clkbuf_0_clk/X (sky130_fd_sc_hd__clkbuf_16)
                                                         clknet_0_clk (net)
                      0.060682    0.002499   10.210452 ^ clkbuf_2_1__f_clk/A (sky130_fd_sc_hd__clkbuf_16)
    13    0.042672    0.062096    0.149189   10.359641 ^ clkbuf_2_1__f_clk/X (sky130_fd_sc_hd__clkbuf_16)
                                                         clknet_2_1__leaf_clk (net)
                      0.062151    0.001608   10.361249 ^ _190_/CLK (sky130_fd_sc_hd__dfrtp_2)
                                 -0.250000   10.111249   clock uncertainty
                                  0.000000   10.111249   clock reconvergence pessimism
                                 -0.110637   10.000612   library setup time
                                             10.000612   data required time
---------------------------------------------------------------------------------------------
                                             10.000612   data required time
                                             -1.446802   data arrival time
---------------------------------------------------------------------------------------------
                                              8.553809   slack (MET)


Startpoint: _195_ (rising edge-triggered flip-flop clocked by clk)
Endpoint: _219_ (rising edge-triggered flip-flop clocked by clk)
Path Group: clk
Path Type: max

Fanout         Cap        Slew       Delay        Time   Description
---------------------------------------------------------------------------------------------
                                  0.000000    0.000000   clock clk (rise edge)
                                  0.000000    0.000000   clock source latency
     1    0.016165    0.078644    0.054001    0.054001 ^ clk (in)
                                                         clk (net)
                      0.078659    0.000000    0.054001 ^ clkbuf_0_clk/A (sky130_fd_sc_hd__clkbuf_16)
     4    0.040815    0.060534    0.153952    0.207952 ^ clkbuf_0_clk/X (sky130_fd_sc_hd__clkbuf_16)
                                                         clknet_0_clk (net)
                      0.060682    0.002499    0.210452 ^ clkbuf_2_1__f_clk/A (sky130_fd_sc_hd__clkbuf_16)
    13    0.042672    0.062096    0.149189    0.359641 ^ clkbuf_2_1__f_clk/X (sky130_fd_sc_hd__clkbuf_16)
                                                         clknet_2_1__leaf_clk (net)
                      0.062164    0.001767    0.361408 ^ _195_/CLK (sky130_fd_sc_hd__dfrtp_2)
     6    0.038047    0.116132    0.484029    0.845437 v _195_/Q (sky130_fd_sc_hd__dfrtp_2)
                                                         counter[8] (net)
                      0.116141    0.001131    0.846569 v hold93/A (sky130_fd_sc_hd__dlygate4sd3_1)
     1    0.003269    0.056068    0.584177    1.430746 v hold93/X (sky130_fd_sc_hd__dlygate4sd3_1)
                                                         net93 (net)
                      0.056068    0.000221    1.430968 v _219_/D (sky130_fd_sc_hd__dfrtp_2)
                                              1.430968   data arrival time

                                 10.000000   10.000000   clock clk (rise edge)
                                  0.000000   10.000000   clock source latency
     1    0.016165    0.078644    0.054000   10.054001 ^ clk (in)
                                                         clk (net)
                      0.078659    0.000000   10.054001 ^ clkbuf_0_clk/A (sky130_fd_sc_hd__clkbuf_16)
     4    0.040815    0.060534    0.153952   10.207953 ^ clkbuf_0_clk/X (sky130_fd_sc_hd__clkbuf_16)
                                                         clknet_0_clk (net)
                      0.060682    0.002499   10.210452 ^ clkbuf_2_1__f_clk/A (sky130_fd_sc_hd__clkbuf_16)
    13    0.042672    0.062096    0.149189   10.359641 ^ clkbuf_2_1__f_clk/X (sky130_fd_sc_hd__clkbuf_16)
                                                         clknet_2_1__leaf_clk (net)
                      0.062096    0.000255   10.359897 ^ _219_/CLK (sky130_fd_sc_hd__dfrtp_2)
                                 -0.250000   10.109897   clock uncertainty
                                  0.000000   10.109897   clock reconvergence pessimism
                                 -0.116392    9.993505   library setup time
                                              9.993505   data required time
---------------------------------------------------------------------------------------------
                                              9.993505   data required time
                                             -1.430968   data arrival time
---------------------------------------------------------------------------------------------
                                              8.562537   slack (MET)


Startpoint: _199_ (rising edge-triggered flip-flop clocked by clk)
Endpoint: _223_ (rising edge-triggered flip-flop clocked by clk)
Path Group: clk
Path Type: max

Fanout         Cap        Slew       Delay        Time   Description
---------------------------------------------------------------------------------------------
                                  0.000000    0.000000   clock clk (rise edge)
                                  0.000000    0.000000   clock source latency
     1    0.016165    0.078644    0.054001    0.054001 ^ clk (in)
                                                         clk (net)
                      0.078659    0.000000    0.054001 ^ clkbuf_0_clk/A (sky130_fd_sc_hd__clkbuf_16)
     4    0.040815    0.060534    0.153952    0.207952 ^ clkbuf_0_clk/X (sky130_fd_sc_hd__clkbuf_16)
                                                         clknet_0_clk (net)
                      0.060666    0.002368    0.210320 ^ clkbuf_2_2__f_clk/A (sky130_fd_sc_hd__clkbuf_16)
    13    0.036812    0.056920    0.145095    0.355416 ^ clkbuf_2_2__f_clk/X (sky130_fd_sc_hd__clkbuf_16)
                                                         clknet_2_2__leaf_clk (net)
                      0.056934    0.000802    0.356218 ^ _199_/CLK (sky130_fd_sc_hd__dfrtp_2)
     7    0.035687    0.118736    0.474183    0.830402 v _199_/Q (sky130_fd_sc_hd__dfrtp_2)
                                                         counter[12] (net)
                      0.118781    0.002177    0.832578 v hold94/A (sky130_fd_sc_hd__dlygate4sd3_1)
     1    0.002959    0.054010    0.582608    1.415186 v hold94/X (sky130_fd_sc_hd__dlygate4sd3_1)
                                                         net94 (net)
                      0.054010    0.000122    1.415308 v _223_/D (sky130_fd_sc_hd__dfrtp_2)
                                              1.415308   data arrival time

                                 10.000000   10.000000   clock clk (rise edge)
                                  0.000000   10.000000   clock source latency
     1    0.016165    0.078644    0.054000   10.054001 ^ clk (in)
                                                         clk (net)
                      0.078659    0.000000   10.054001 ^ clkbuf_0_clk/A (sky130_fd_sc_hd__clkbuf_16)
     4    0.040815    0.060534    0.153952   10.207953 ^ clkbuf_0_clk/X (sky130_fd_sc_hd__clkbuf_16)
                                                         clknet_0_clk (net)
                      0.060675    0.002449   10.210402 ^ clkbuf_2_0__f_clk/A (sky130_fd_sc_hd__clkbuf_16)
     9    0.034984    0.055248    0.143295   10.353697 ^ clkbuf_2_0__f_clk/X (sky130_fd_sc_hd__clkbuf_16)
                                                         clknet_2_0__leaf_clk (net)
                      0.055384    0.001819   10.355515 ^ _223_/CLK (sky130_fd_sc_hd__dfrtp_2)
                                 -0.250000   10.105515   clock uncertainty
                                  0.000000   10.105515   clock reconvergence pessimism
                                 -0.117044    9.988472   library setup time
                                              9.988472   data required time
---------------------------------------------------------------------------------------------
                                              9.988472   data required time
                                             -1.415308   data arrival time
---------------------------------------------------------------------------------------------
                                              8.573164   slack (MET)


Startpoint: _187_ (rising edge-triggered flip-flop clocked by clk)
Endpoint: _187_ (rising edge-triggered flip-flop clocked by clk)
Path Group: clk
Path Type: max

Fanout         Cap        Slew       Delay        Time   Description
---------------------------------------------------------------------------------------------
                                  0.000000    0.000000   clock clk (rise edge)
                                  0.000000    0.000000   clock source latency
     1    0.016165    0.078644    0.054001    0.054001 ^ clk (in)
                                                         clk (net)
                      0.078659    0.000000    0.054001 ^ clkbuf_0_clk/A (sky130_fd_sc_hd__clkbuf_16)
     4    0.040815    0.060534    0.153952    0.207952 ^ clkbuf_0_clk/X (sky130_fd_sc_hd__clkbuf_16)
                                                         clknet_0_clk (net)
                      0.060682    0.002499    0.210452 ^ clkbuf_2_1__f_clk/A (sky130_fd_sc_hd__clkbuf_16)
    13    0.042672    0.062096    0.149189    0.359641 ^ clkbuf_2_1__f_clk/X (sky130_fd_sc_hd__clkbuf_16)
                                                         clknet_2_1__leaf_clk (net)
                      0.062159    0.001704    0.361345 ^ _187_/CLK (sky130_fd_sc_hd__dfrtp_2)
     6    0.031071    0.159500    0.443918    0.805263 ^ _187_/Q (sky130_fd_sc_hd__dfrtp_2)
                                                         counter[0] (net)
                      0.159501    0.000792    0.806055 ^ hold92/A (sky130_fd_sc_hd__dlygate4sd3_1)
     1    0.006197    0.082555    0.592235    1.398290 ^ hold92/X (sky130_fd_sc_hd__dlygate4sd3_1)
                                                         net92 (net)
                      0.082555    0.000487    1.398777 ^ _077_/A (sky130_fd_sc_hd__inv_2)
     1    0.002539    0.020219    0.030688    1.429465 v _077_/Y (sky130_fd_sc_hd__inv_2)
                                                         _000_ (net)
                      0.020220    0.000173    1.429638 v _187_/D (sky130_fd_sc_hd__dfrtp_2)
                                              1.429638   data arrival time

                                 10.000000   10.000000   clock clk (rise edge)
                                  0.000000   10.000000   clock source latency
     1    0.016165    0.078644    0.054000   10.054001 ^ clk (in)
                                                         clk (net)
                      0.078659    0.000000   10.054001 ^ clkbuf_0_clk/A (sky130_fd_sc_hd__clkbuf_16)
     4    0.040815    0.060534    0.153952   10.207953 ^ clkbuf_0_clk/X (sky130_fd_sc_hd__clkbuf_16)
                                                         clknet_0_clk (net)
                      0.060682    0.002499   10.210452 ^ clkbuf_2_1__f_clk/A (sky130_fd_sc_hd__clkbuf_16)
    13    0.042672    0.062096    0.149189   10.359641 ^ clkbuf_2_1__f_clk/X (sky130_fd_sc_hd__clkbuf_16)
                                                         clknet_2_1__leaf_clk (net)
                      0.062159    0.001704   10.361345 ^ _187_/CLK (sky130_fd_sc_hd__dfrtp_2)
                                 -0.250000   10.111345   clock uncertainty
                                  0.000000   10.111345   clock reconvergence pessimism
                                 -0.100663   10.010682   library setup time
                                             10.010682   data required time
---------------------------------------------------------------------------------------------
                                             10.010682   data required time
                                             -1.429638   data arrival time
---------------------------------------------------------------------------------------------
                                              8.581044   slack (MET)


Startpoint: _200_ (rising edge-triggered flip-flop clocked by clk)
Endpoint: _224_ (rising edge-triggered flip-flop clocked by clk)
Path Group: clk
Path Type: max

Fanout         Cap        Slew       Delay        Time   Description
---------------------------------------------------------------------------------------------
                                  0.000000    0.000000   clock clk (rise edge)
                                  0.000000    0.000000   clock source latency
     1    0.016165    0.078644    0.054001    0.054001 ^ clk (in)
                                                         clk (net)
                      0.078659    0.000000    0.054001 ^ clkbuf_0_clk/A (sky130_fd_sc_hd__clkbuf_16)
     4    0.040815    0.060534    0.153952    0.207952 ^ clkbuf_0_clk/X (sky130_fd_sc_hd__clkbuf_16)
                                                         clknet_0_clk (net)
                      0.060666    0.002368    0.210320 ^ clkbuf_2_2__f_clk/A (sky130_fd_sc_hd__clkbuf_16)
    13    0.036812    0.056920    0.145095    0.355416 ^ clkbuf_2_2__f_clk/X (sky130_fd_sc_hd__clkbuf_16)
                                                         clknet_2_2__leaf_clk (net)
                      0.056929    0.000687    0.356103 ^ _200_/CLK (sky130_fd_sc_hd__dfrtp_2)
     6    0.029509    0.102503    0.461064    0.817167 v _200_/Q (sky130_fd_sc_hd__dfrtp_2)
                                                         counter[13] (net)
                      0.102594    0.002773    0.819940 v hold88/A (sky130_fd_sc_hd__dlygate4sd3_1)
     1    0.003315    0.056375    0.578443    1.398383 v hold88/X (sky130_fd_sc_hd__dlygate4sd3_1)
                                                         net88 (net)
                      0.056375    0.000217    1.398600 v _224_/D (sky130_fd_sc_hd__dfrtp_2)
                                              1.398600   data arrival time

                                 10.000000   10.000000   clock clk (rise edge)
                                  0.000000   10.000000   clock source latency
     1    0.016165    0.078644    0.054000   10.054001 ^ clk (in)
                                                         clk (net)
                      0.078659    0.000000   10.054001 ^ clkbuf_0_clk/A (sky130_fd_sc_hd__clkbuf_16)
     4    0.040815    0.060534    0.153952   10.207953 ^ clkbuf_0_clk/X (sky130_fd_sc_hd__clkbuf_16)
                                                         clknet_0_clk (net)
                      0.060666    0.002368   10.210320 ^ clkbuf_2_2__f_clk/A (sky130_fd_sc_hd__clkbuf_16)
    13    0.036812    0.056920    0.145095   10.355416 ^ clkbuf_2_2__f_clk/X (sky130_fd_sc_hd__clkbuf_16)
                                                         clknet_2_2__leaf_clk (net)
                      0.056938    0.000895   10.356312 ^ _224_/CLK (sky130_fd_sc_hd__dfrtp_2)
                                 -0.250000   10.106312   clock uncertainty
                                  0.000000   10.106312   clock reconvergence pessimism
                                 -0.117721    9.988590   library setup time
                                              9.988590   data required time
---------------------------------------------------------------------------------------------
                                              9.988590   data required time
                                             -1.398600   data arrival time
---------------------------------------------------------------------------------------------
                                              8.589992   slack (MET)


Startpoint: _198_ (rising edge-triggered flip-flop clocked by clk)
Endpoint: _222_ (rising edge-triggered flip-flop clocked by clk)
Path Group: clk
Path Type: max

Fanout         Cap        Slew       Delay        Time   Description
---------------------------------------------------------------------------------------------
                                  0.000000    0.000000   clock clk (rise edge)
                                  0.000000    0.000000   clock source latency
     1    0.016165    0.078644    0.054001    0.054001 ^ clk (in)
                                                         clk (net)
                      0.078659    0.000000    0.054001 ^ clkbuf_0_clk/A (sky130_fd_sc_hd__clkbuf_16)
     4    0.040815    0.060534    0.153952    0.207952 ^ clkbuf_0_clk/X (sky130_fd_sc_hd__clkbuf_16)
                                                         clknet_0_clk (net)
                      0.060666    0.002368    0.210320 ^ clkbuf_2_2__f_clk/A (sky130_fd_sc_hd__clkbuf_16)
    13    0.036812    0.056920    0.145095    0.355416 ^ clkbuf_2_2__f_clk/X (sky130_fd_sc_hd__clkbuf_16)
                                                         clknet_2_2__leaf_clk (net)
                      0.056929    0.000703    0.356119 ^ _198_/CLK (sky130_fd_sc_hd__dfrtp_2)
     8    0.026689    0.095301    0.454846    0.810966 v _198_/Q (sky130_fd_sc_hd__dfrtp_2)
                                                         counter[11] (net)
                      0.095332    0.001618    0.812584 v hold89/A (sky130_fd_sc_hd__dlygate4sd3_1)
     1    0.002955    0.053939    0.571893    1.384477 v hold89/X (sky130_fd_sc_hd__dlygate4sd3_1)
                                                         net89 (net)
                      0.053939    0.000188    1.384665 v _222_/D (sky130_fd_sc_hd__dfrtp_2)
                                              1.384665   data arrival time

                                 10.000000   10.000000   clock clk (rise edge)
                                  0.000000   10.000000   clock source latency
     1    0.016165    0.078644    0.054000   10.054001 ^ clk (in)
                                                         clk (net)
                      0.078659    0.000000   10.054001 ^ clkbuf_0_clk/A (sky130_fd_sc_hd__clkbuf_16)
     4    0.040815    0.060534    0.153952   10.207953 ^ clkbuf_0_clk/X (sky130_fd_sc_hd__clkbuf_16)
                                                         clknet_0_clk (net)
                      0.060666    0.002368   10.210320 ^ clkbuf_2_2__f_clk/A (sky130_fd_sc_hd__clkbuf_16)
    13    0.036812    0.056920    0.145095   10.355416 ^ clkbuf_2_2__f_clk/X (sky130_fd_sc_hd__clkbuf_16)
                                                         clknet_2_2__leaf_clk (net)
                      0.056937    0.000870   10.356287 ^ _222_/CLK (sky130_fd_sc_hd__dfrtp_2)
                                 -0.250000   10.106287   clock uncertainty
                                  0.000000   10.106287   clock reconvergence pessimism
                                 -0.116653    9.989635   library setup time
                                              9.989635   data required time
---------------------------------------------------------------------------------------------
                                              9.989635   data required time
                                             -1.384665   data arrival time
---------------------------------------------------------------------------------------------
                                              8.604969   slack (MET)


Startpoint: _196_ (rising edge-triggered flip-flop clocked by clk)
Endpoint: _220_ (rising edge-triggered flip-flop clocked by clk)
Path Group: clk
Path Type: max

Fanout         Cap        Slew       Delay        Time   Description
---------------------------------------------------------------------------------------------
                                  0.000000    0.000000   clock clk (rise edge)
                                  0.000000    0.000000   clock source latency
     1    0.016165    0.078644    0.054001    0.054001 ^ clk (in)
                                                         clk (net)
                      0.078659    0.000000    0.054001 ^ clkbuf_0_clk/A (sky130_fd_sc_hd__clkbuf_16)
     4    0.040815    0.060534    0.153952    0.207952 ^ clkbuf_0_clk/X (sky130_fd_sc_hd__clkbuf_16)
                                                         clknet_0_clk (net)
                      0.060675    0.002449    0.210401 ^ clkbuf_2_0__f_clk/A (sky130_fd_sc_hd__clkbuf_16)
     9    0.034984    0.055248    0.143296    0.353697 ^ clkbuf_2_0__f_clk/X (sky130_fd_sc_hd__clkbuf_16)
                                                         clknet_2_0__leaf_clk (net)
                      0.055386    0.001840    0.355537 ^ _196_/CLK (sky130_fd_sc_hd__dfrtp_2)
     5    0.026619    0.095285    0.453864    0.809401 v _196_/Q (sky130_fd_sc_hd__dfrtp_2)
                                                         counter[9] (net)
                      0.095307    0.001407    0.810808 v hold87/A (sky130_fd_sc_hd__dlygate4sd3_1)
     1    0.003083    0.054772    0.573032    1.383839 v hold87/X (sky130_fd_sc_hd__dlygate4sd3_1)
                                                         net87 (net)
                      0.054772    0.000211    1.384050 v _220_/D (sky130_fd_sc_hd__dfrtp_2)
                                              1.384050   data arrival time

                                 10.000000   10.000000   clock clk (rise edge)
                                  0.000000   10.000000   clock source latency
     1    0.016165    0.078644    0.054000   10.054001 ^ clk (in)
                                                         clk (net)
                      0.078659    0.000000   10.054001 ^ clkbuf_0_clk/A (sky130_fd_sc_hd__clkbuf_16)
     4    0.040815    0.060534    0.153952   10.207953 ^ clkbuf_0_clk/X (sky130_fd_sc_hd__clkbuf_16)
                                                         clknet_0_clk (net)
                      0.060682    0.002499   10.210452 ^ clkbuf_2_1__f_clk/A (sky130_fd_sc_hd__clkbuf_16)
    13    0.042672    0.062096    0.149189   10.359641 ^ clkbuf_2_1__f_clk/X (sky130_fd_sc_hd__clkbuf_16)
                                                         clknet_2_1__leaf_clk (net)
                      0.062155    0.001664   10.361306 ^ _220_/CLK (sky130_fd_sc_hd__dfrtp_2)
                                 -0.250000   10.111306   clock uncertainty
                                  0.000000   10.111306   clock reconvergence pessimism
                                 -0.115810    9.995496   library setup time
                                              9.995496   data required time
---------------------------------------------------------------------------------------------
                                              9.995496   data required time
                                             -1.384050   data arrival time
---------------------------------------------------------------------------------------------
                                              8.611446   slack (MET)


Startpoint: _197_ (rising edge-triggered flip-flop clocked by clk)
Endpoint: _221_ (rising edge-triggered flip-flop clocked by clk)
Path Group: clk
Path Type: max

Fanout         Cap        Slew       Delay        Time   Description
---------------------------------------------------------------------------------------------
                                  0.000000    0.000000   clock clk (rise edge)
                                  0.000000    0.000000   clock source latency
     1    0.016165    0.078644    0.054001    0.054001 ^ clk (in)
                                                         clk (net)
                      0.078659    0.000000    0.054001 ^ clkbuf_0_clk/A (sky130_fd_sc_hd__clkbuf_16)
     4    0.040815    0.060534    0.153952    0.207952 ^ clkbuf_0_clk/X (sky130_fd_sc_hd__clkbuf_16)
                                                         clknet_0_clk (net)
                      0.060675    0.002449    0.210401 ^ clkbuf_2_0__f_clk/A (sky130_fd_sc_hd__clkbuf_16)
     9    0.034984    0.055248    0.143296    0.353697 ^ clkbuf_2_0__f_clk/X (sky130_fd_sc_hd__clkbuf_16)
                                                         clknet_2_0__leaf_clk (net)
                      0.055379    0.001766    0.355463 ^ _197_/CLK (sky130_fd_sc_hd__dfrtp_2)
     4    0.020695    0.081090    0.439908    0.795371 v _197_/Q (sky130_fd_sc_hd__dfrtp_2)
                                                         counter[10] (net)
                      0.081102    0.001010    0.796381 v hold85/A (sky130_fd_sc_hd__dlygate4sd3_1)
     1    0.003498    0.057236    0.570084    1.366464 v hold85/X (sky130_fd_sc_hd__dlygate4sd3_1)
                                                         net85 (net)
                      0.057236    0.000148    1.366613 v _221_/D (sky130_fd_sc_hd__dfrtp_2)
                                              1.366613   data arrival time

                                 10.000000   10.000000   clock clk (rise edge)
                                  0.000000   10.000000   clock source latency
     1    0.016165    0.078644    0.054000   10.054001 ^ clk (in)
                                                         clk (net)
                      0.078659    0.000000   10.054001 ^ clkbuf_0_clk/A (sky130_fd_sc_hd__clkbuf_16)
     4    0.040815    0.060534    0.153952   10.207953 ^ clkbuf_0_clk/X (sky130_fd_sc_hd__clkbuf_16)
                                                         clknet_0_clk (net)
                      0.060675    0.002449   10.210402 ^ clkbuf_2_0__f_clk/A (sky130_fd_sc_hd__clkbuf_16)
     9    0.034984    0.055248    0.143295   10.353697 ^ clkbuf_2_0__f_clk/X (sky130_fd_sc_hd__clkbuf_16)
                                                         clknet_2_0__leaf_clk (net)
                      0.055391    0.001895   10.355592 ^ _221_/CLK (sky130_fd_sc_hd__dfrtp_2)
                                 -0.250000   10.105592   clock uncertainty
                                  0.000000   10.105592   clock reconvergence pessimism
                                 -0.118457    9.987136   library setup time
                                              9.987136   data required time
---------------------------------------------------------------------------------------------
                                              9.987136   data required time
                                             -1.366613   data arrival time
---------------------------------------------------------------------------------------------
                                              8.620523   slack (MET)


Startpoint: _202_ (rising edge-triggered flip-flop clocked by clk)
Endpoint: _226_ (rising edge-triggered flip-flop clocked by clk)
Path Group: clk
Path Type: max

Fanout         Cap        Slew       Delay        Time   Description
---------------------------------------------------------------------------------------------
                                  0.000000    0.000000   clock clk (rise edge)
                                  0.000000    0.000000   clock source latency
     1    0.016165    0.078644    0.054001    0.054001 ^ clk (in)
                                                         clk (net)
                      0.078659    0.000000    0.054001 ^ clkbuf_0_clk/A (sky130_fd_sc_hd__clkbuf_16)
     4    0.040815    0.060534    0.153952    0.207952 ^ clkbuf_0_clk/X (sky130_fd_sc_hd__clkbuf_16)
                                                         clknet_0_clk (net)
                      0.060666    0.002368    0.210320 ^ clkbuf_2_2__f_clk/A (sky130_fd_sc_hd__clkbuf_16)
    13    0.036812    0.056920    0.145095    0.355416 ^ clkbuf_2_2__f_clk/X (sky130_fd_sc_hd__clkbuf_16)
                                                         clknet_2_2__leaf_clk (net)
                      0.056928    0.000684    0.356100 ^ _202_/CLK (sky130_fd_sc_hd__dfrtp_2)
     4    0.018681    0.076258    0.435680    0.791780 v _202_/Q (sky130_fd_sc_hd__dfrtp_2)
                                                         counter[15] (net)
                      0.076334    0.000870    0.792649 v hold86/A (sky130_fd_sc_hd__dlygate4sd3_1)
     1    0.003215    0.055662    0.565633    1.358282 v hold86/X (sky130_fd_sc_hd__dlygate4sd3_1)
                                                         net86 (net)
                      0.055662    0.000133    1.358415 v _226_/D (sky130_fd_sc_hd__dfrtp_2)
                                              1.358415   data arrival time

                                 10.000000   10.000000   clock clk (rise edge)
                                  0.000000   10.000000   clock source latency
     1    0.016165    0.078644    0.054000   10.054001 ^ clk (in)
                                                         clk (net)
                      0.078659    0.000000   10.054001 ^ clkbuf_0_clk/A (sky130_fd_sc_hd__clkbuf_16)
     4    0.040815    0.060534    0.153952   10.207953 ^ clkbuf_0_clk/X (sky130_fd_sc_hd__clkbuf_16)
                                                         clknet_0_clk (net)
                      0.060666    0.002368   10.210320 ^ clkbuf_2_2__f_clk/A (sky130_fd_sc_hd__clkbuf_16)
    13    0.036812    0.056920    0.145095   10.355416 ^ clkbuf_2_2__f_clk/X (sky130_fd_sc_hd__clkbuf_16)
                                                         clknet_2_2__leaf_clk (net)
                      0.056931    0.000735   10.356152 ^ _226_/CLK (sky130_fd_sc_hd__dfrtp_2)
                                 -0.250000   10.106152   clock uncertainty
                                  0.000000   10.106152   clock reconvergence pessimism
                                 -0.117410    9.988743   library setup time
                                              9.988743   data required time
---------------------------------------------------------------------------------------------
                                              9.988743   data required time
                                             -1.358415   data arrival time
---------------------------------------------------------------------------------------------
                                              8.630328   slack (MET)


Startpoint: _187_ (rising edge-triggered flip-flop clocked by clk)
Endpoint: _188_ (rising edge-triggered flip-flop clocked by clk)
Path Group: clk
Path Type: max

Fanout         Cap        Slew       Delay        Time   Description
---------------------------------------------------------------------------------------------
                                  0.000000    0.000000   clock clk (rise edge)
                                  0.000000    0.000000   clock source latency
     1    0.016165    0.078644    0.054001    0.054001 ^ clk (in)
                                                         clk (net)
                      0.078659    0.000000    0.054001 ^ clkbuf_0_clk/A (sky130_fd_sc_hd__clkbuf_16)
     4    0.040815    0.060534    0.153952    0.207952 ^ clkbuf_0_clk/X (sky130_fd_sc_hd__clkbuf_16)
                                                         clknet_0_clk (net)
                      0.060682    0.002499    0.210452 ^ clkbuf_2_1__f_clk/A (sky130_fd_sc_hd__clkbuf_16)
    13    0.042672    0.062096    0.149189    0.359641 ^ clkbuf_2_1__f_clk/X (sky130_fd_sc_hd__clkbuf_16)
                                                         clknet_2_1__leaf_clk (net)
                      0.062159    0.001704    0.361345 ^ _187_/CLK (sky130_fd_sc_hd__dfrtp_2)
     6    0.029502    0.102120    0.463606    0.824951 v _187_/Q (sky130_fd_sc_hd__dfrtp_2)
                                                         counter[0] (net)
                      0.102129    0.001011    0.825962 v _111_/A (sky130_fd_sc_hd__or2_2)
     1    0.004709    0.060814    0.318418    1.144379 v _111_/X (sky130_fd_sc_hd__or2_2)
                                                         _034_ (net)
                      0.060814    0.000326    1.144705 v _112_/B (sky130_fd_sc_hd__and2_2)
     1    0.003925    0.039732    0.194377    1.339082 v _112_/X (sky130_fd_sc_hd__and2_2)
                                                         _011_ (net)
                      0.039732    0.000259    1.339340 v _188_/D (sky130_fd_sc_hd__dfrtp_2)
                                              1.339340   data arrival time

                                 10.000000   10.000000   clock clk (rise edge)
                                  0.000000   10.000000   clock source latency
     1    0.016165    0.078644    0.054000   10.054001 ^ clk (in)
                                                         clk (net)
                      0.078659    0.000000   10.054001 ^ clkbuf_0_clk/A (sky130_fd_sc_hd__clkbuf_16)
     4    0.040815    0.060534    0.153952   10.207953 ^ clkbuf_0_clk/X (sky130_fd_sc_hd__clkbuf_16)
                                                         clknet_0_clk (net)
                      0.060682    0.002499   10.210452 ^ clkbuf_2_1__f_clk/A (sky130_fd_sc_hd__clkbuf_16)
    13    0.042672    0.062096    0.149189   10.359641 ^ clkbuf_2_1__f_clk/X (sky130_fd_sc_hd__clkbuf_16)
                                                         clknet_2_1__leaf_clk (net)
                      0.062139    0.001449   10.361090 ^ _188_/CLK (sky130_fd_sc_hd__dfrtp_2)
                                 -0.250000   10.111090   clock uncertainty
                                  0.000000   10.111090   clock reconvergence pessimism
                                 -0.109220   10.001870   library setup time
                                             10.001870   data required time
---------------------------------------------------------------------------------------------
                                             10.001870   data required time
                                             -1.339340   data arrival time
---------------------------------------------------------------------------------------------
                                              8.662530   slack (MET)


Startpoint: _188_ (rising edge-triggered flip-flop clocked by clk)
Endpoint: _191_ (rising edge-triggered flip-flop clocked by clk)
Path Group: clk
Path Type: max

Fanout         Cap        Slew       Delay        Time   Description
---------------------------------------------------------------------------------------------
                                  0.000000    0.000000   clock clk (rise edge)
                                  0.000000    0.000000   clock source latency
     1    0.016165    0.078644    0.054001    0.054001 ^ clk (in)
                                                         clk (net)
                      0.078659    0.000000    0.054001 ^ clkbuf_0_clk/A (sky130_fd_sc_hd__clkbuf_16)
     4    0.040815    0.060534    0.153952    0.207952 ^ clkbuf_0_clk/X (sky130_fd_sc_hd__clkbuf_16)
                                                         clknet_0_clk (net)
                      0.060682    0.002499    0.210452 ^ clkbuf_2_1__f_clk/A (sky130_fd_sc_hd__clkbuf_16)
    13    0.042672    0.062096    0.149189    0.359641 ^ clkbuf_2_1__f_clk/X (sky130_fd_sc_hd__clkbuf_16)
                                                         clknet_2_1__leaf_clk (net)
                      0.062139    0.001449    0.361089 ^ _188_/CLK (sky130_fd_sc_hd__dfrtp_2)
     5    0.027479    0.097200    0.458728    0.819817 v _188_/Q (sky130_fd_sc_hd__dfrtp_2)
                                                         counter[1] (net)
                      0.097210    0.001034    0.820851 v _114_/B (sky130_fd_sc_hd__and4_2)
     8    0.038261    0.111110    0.312145    1.132996 v _114_/X (sky130_fd_sc_hd__and4_2)
                                                         _035_ (net)
                      0.111229    0.003236    1.136232 v _118_/B (sky130_fd_sc_hd__xor2_2)
     1    0.003218    0.064494    0.160850    1.297082 v _118_/X (sky130_fd_sc_hd__xor2_2)
                                                         _026_ (net)
                      0.064494    0.000225    1.297307 v _191_/D (sky130_fd_sc_hd__dfrtp_2)
                                              1.297307   data arrival time

                                 10.000000   10.000000   clock clk (rise edge)
                                  0.000000   10.000000   clock source latency
     1    0.016165    0.078644    0.054000   10.054001 ^ clk (in)
                                                         clk (net)
                      0.078659    0.000000   10.054001 ^ clkbuf_0_clk/A (sky130_fd_sc_hd__clkbuf_16)
     4    0.040815    0.060534    0.153952   10.207953 ^ clkbuf_0_clk/X (sky130_fd_sc_hd__clkbuf_16)
                                                         clknet_0_clk (net)
                      0.060675    0.002449   10.210402 ^ clkbuf_2_0__f_clk/A (sky130_fd_sc_hd__clkbuf_16)
     9    0.034984    0.055248    0.143295   10.353697 ^ clkbuf_2_0__f_clk/X (sky130_fd_sc_hd__clkbuf_16)
                                                         clknet_2_0__leaf_clk (net)
                      0.055392    0.001900   10.355597 ^ _191_/CLK (sky130_fd_sc_hd__dfrtp_2)
                                 -0.250000   10.105597   clock uncertainty
                                  0.000000   10.105597   clock reconvergence pessimism
                                 -0.121639    9.983957   library setup time
                                              9.983957   data required time
---------------------------------------------------------------------------------------------
                                              9.983957   data required time
                                             -1.297307   data arrival time
---------------------------------------------------------------------------------------------
                                              8.686651   slack (MET)



