Net: _03436_
  Pin:   _14508_/B (sky130_fd_sc_hd__nand2_2)
    Layer: mcon
      Partial area ratio:    0.06
      Required ratio:    3.00 (Gate area) 
      Cumulative area ratio:    0.06
      Required ratio:    0.00 (Cumulative area) 

    Layer: met1
      Partial area ratio:    1.53
      Required ratio:    0.00 (Gate area) 
      Cumulative area ratio:    1.53
      Required ratio:    0.00 (Cumulative area) 
      Partial area ratio:    7.27
      Required ratio:  400.00 (Side area) 
      Cumulative area ratio:    7.27
      Required ratio:    0.00 (Cumulative side area) 

    Layer: via
      Partial area ratio:    0.09
      Required ratio:    6.00 (Gate area) 
      Cumulative area ratio:    0.15
      Required ratio:    0.00 (Cumulative area) 

    Layer: met2
      Partial area ratio:    3.71
      Required ratio:    0.00 (Gate area) 
      Cumulative area ratio:    5.24
      Required ratio:    0.00 (Cumulative area) 
      Partial area ratio:   18.13
      Required ratio: 2896.80 (Side area) 
      Cumulative area ratio:   25.40
      Required ratio:    0.00 (Cumulative side area) 


  Pin:   _14662_/A1_N (sky130_fd_sc_hd__a2bb2o_2)
    Layer: mcon
      Partial area ratio:    0.18
      Required ratio:    3.00 (Gate area) 
      Cumulative area ratio:    0.18
      Required ratio:    0.00 (Cumulative area) 

    Layer: met1
      Partial area ratio:   83.81
      Required ratio:    0.00 (Gate area) 
      Cumulative area ratio:   83.81
      Required ratio:    0.00 (Cumulative area) 
      Partial area ratio:  417.18
      Required ratio:  400.00 (Side area) (VIOLATED)
      Cumulative area ratio:  417.18
      Required ratio:    0.00 (Cumulative side area) 

    Layer: via
      Partial area ratio:    0.42
      Required ratio:    6.00 (Gate area) 
      Cumulative area ratio:    0.61
      Required ratio:    0.00 (Cumulative area) 

    Layer: met2
      Partial area ratio:    3.71
      Required ratio:    0.00 (Gate area) 
      Cumulative area ratio:   87.51
      Required ratio:    0.00 (Cumulative area) 
      Partial area ratio:   18.13
      Required ratio: 2896.80 (Side area) 
      Cumulative area ratio:  435.31
      Required ratio:    0.00 (Cumulative side area) 



Net: _05155_
  Pin:   _08952_/B (sky130_fd_sc_hd__nand3_2)
    Layer: mcon
      Partial area ratio:    0.06
      Required ratio:    3.00 (Gate area) 
      Cumulative area ratio:    0.06
      Required ratio:    0.00 (Cumulative area) 

    Layer: met1
      Partial area ratio:    3.18
      Required ratio:    0.00 (Gate area) 
      Cumulative area ratio:    3.18
      Required ratio:    0.00 (Cumulative area) 
      Partial area ratio:   15.05
      Required ratio: 2831.00 (Side area) 
      Cumulative area ratio:   15.05
      Required ratio:    0.00 (Cumulative side area) 

    Layer: via
      Partial area ratio:    0.14
      Required ratio:   26.79 (Gate area) 
      Cumulative area ratio:    0.20
      Required ratio:    0.00 (Cumulative area) 

    Layer: met2
      Partial area ratio:    1.82
      Required ratio:    0.00 (Gate area) 
      Cumulative area ratio:    5.00
      Required ratio:    0.00 (Cumulative area) 
      Partial area ratio:    8.90
      Required ratio: 2831.00 (Side area) 
      Cumulative area ratio:   23.95
      Required ratio:    0.00 (Cumulative side area) 


  Pin:   _08953_/D (sky130_fd_sc_hd__and4b_2)
    Layer: mcon
      Partial area ratio:    0.23
      Required ratio:    3.00 (Gate area) 
      Cumulative area ratio:    0.23
      Required ratio:    0.00 (Cumulative area) 

    Layer: met1
      Partial area ratio:    3.18
      Required ratio:    0.00 (Gate area) 
      Cumulative area ratio:    3.18
      Required ratio:    0.00 (Cumulative area) 
      Partial area ratio:   15.05
      Required ratio: 2831.00 (Side area) 
      Cumulative area ratio:   15.05
      Required ratio:    0.00 (Cumulative side area) 

    Layer: via
      Partial area ratio:    0.14
      Required ratio:   26.79 (Gate area) 
      Cumulative area ratio:    0.37
      Required ratio:    0.00 (Cumulative area) 

    Layer: met2
      Partial area ratio:    1.82
      Required ratio:    0.00 (Gate area) 
      Cumulative area ratio:    5.00
      Required ratio:    0.00 (Cumulative area) 
      Partial area ratio:    8.90
      Required ratio: 2831.00 (Side area) 
      Cumulative area ratio:   23.95
      Required ratio:    0.00 (Cumulative side area) 


  Pin:   _14650_/A1_N (sky130_fd_sc_hd__a2bb2o_2)
    Layer: mcon
      Partial area ratio:    0.18
      Required ratio:    3.00 (Gate area) 
      Cumulative area ratio:    0.18
      Required ratio:    0.00 (Cumulative area) 

    Layer: met1
      Partial area ratio:  125.58
      Required ratio:    0.00 (Gate area) 
      Cumulative area ratio:  125.58
      Required ratio:    0.00 (Cumulative area) 
      Partial area ratio:  626.74
      Required ratio:  400.00 (Side area) (VIOLATED)
      Cumulative area ratio:  626.74
      Required ratio:    0.00 (Cumulative side area) 

    Layer: via
      Partial area ratio:    0.28
      Required ratio:    6.00 (Gate area) 
      Cumulative area ratio:    0.46
      Required ratio:    0.00 (Cumulative area) 

    Layer: met2
      Partial area ratio:    1.82
      Required ratio:    0.00 (Gate area) 
      Cumulative area ratio:  127.40
      Required ratio:    0.00 (Cumulative area) 
      Partial area ratio:    8.90
      Required ratio: 2831.00 (Side area) 
      Cumulative area ratio:  635.64
      Required ratio:    0.00 (Cumulative side area) 



Net: _05280_
  Pin:   _12630_/A (sky130_fd_sc_hd__or3_2)
    Layer: mcon
      Partial area ratio:    0.23
      Required ratio:    3.00 (Gate area) 
      Cumulative area ratio:    0.23
      Required ratio:    0.00 (Cumulative area) 

    Layer: met1
      Partial area ratio:    5.06
      Required ratio:    0.00 (Gate area) 
      Cumulative area ratio:    5.06
      Required ratio:    0.00 (Cumulative area) 
      Partial area ratio:   23.85
      Required ratio:  400.00 (Side area) 
      Cumulative area ratio:   23.85
      Required ratio:    0.00 (Cumulative side area) 

    Layer: via
      Partial area ratio:    0.36
      Required ratio:    6.00 (Gate area) 
      Cumulative area ratio:    0.59
      Required ratio:    0.00 (Cumulative area) 

    Layer: met2
      Partial area ratio:   24.76
      Required ratio:    0.00 (Gate area) 
      Cumulative area ratio:   29.82
      Required ratio:    0.00 (Cumulative area) 
      Partial area ratio:  122.36
      Required ratio:  400.00 (Side area) 
      Cumulative area ratio:  146.21
      Required ratio:    0.00 (Cumulative side area) 

    Layer: via2
      Partial area ratio:    0.32
      Required ratio:    6.00 (Gate area) 
      Cumulative area ratio:    0.90
      Required ratio:    0.00 (Cumulative area) 

    Layer: met3
      Partial area ratio:   83.13
      Required ratio:    0.00 (Gate area) 
      Cumulative area ratio:  112.95
      Required ratio:    0.00 (Cumulative area) 
      Partial area ratio:  447.05
      Required ratio:  400.00 (Side area) (VIOLATED)
      Cumulative area ratio:  593.26
      Required ratio:    0.00 (Cumulative side area) 

    Layer: via3
      Partial area ratio:    0.32
      Required ratio:    6.00 (Gate area) 
      Cumulative area ratio:    1.22
      Required ratio:    0.00 (Cumulative area) 

    Layer: met4
      Partial area ratio:   19.49
      Required ratio:    0.00 (Gate area) 
      Cumulative area ratio:  132.45
      Required ratio:    0.00 (Cumulative area) 
      Partial area ratio:  104.85
      Required ratio: 2994.20 (Side area) 
      Cumulative area ratio:  698.11
      Required ratio:    0.00 (Cumulative side area) 


  Pin:   _13242_/A (sky130_fd_sc_hd__or3_2)
    Layer: mcon
      Partial area ratio:    0.23
      Required ratio:    3.00 (Gate area) 
      Cumulative area ratio:    0.23
      Required ratio:    0.00 (Cumulative area) 

    Layer: met1
      Partial area ratio:   31.92
      Required ratio:    0.00 (Gate area) 
      Cumulative area ratio:   31.92
      Required ratio:    0.00 (Cumulative area) 
      Partial area ratio:  157.29
      Required ratio:  400.00 (Side area) 
      Cumulative area ratio:  157.29
      Required ratio:    0.00 (Cumulative side area) 

    Layer: via
      Partial area ratio:    0.54
      Required ratio:    6.00 (Gate area) 
      Cumulative area ratio:    0.77
      Required ratio:    0.00 (Cumulative area) 

    Layer: met2
      Partial area ratio:   29.95
      Required ratio:    0.00 (Gate area) 
      Cumulative area ratio:   61.88
      Required ratio:    0.00 (Cumulative area) 
      Partial area ratio:  148.67
      Required ratio: 2994.20 (Side area) 
      Cumulative area ratio:  305.96
      Required ratio:    0.00 (Cumulative side area) 

    Layer: via2
      Partial area ratio:    0.10
      Required ratio:   41.48 (Gate area) 
      Cumulative area ratio:    0.86
      Required ratio:    0.00 (Cumulative area) 

    Layer: met3
      Partial area ratio:    0.30
      Required ratio:    0.00 (Gate area) 
      Cumulative area ratio:   62.18
      Required ratio:    0.00 (Cumulative area) 
      Partial area ratio:    2.76
      Required ratio: 2994.20 (Side area) 
      Cumulative area ratio:  308.73
      Required ratio:    0.00 (Cumulative side area) 

    Layer: via3
      Partial area ratio:    0.10
      Required ratio:   41.48 (Gate area) 
      Cumulative area ratio:    0.96
      Required ratio:    0.00 (Cumulative area) 

    Layer: met4
      Partial area ratio:   19.49
      Required ratio:    0.00 (Gate area) 
      Cumulative area ratio:   81.67
      Required ratio:    0.00 (Cumulative area) 
      Partial area ratio:  104.85
      Required ratio: 2994.20 (Side area) 
      Cumulative area ratio:  413.58
      Required ratio:    0.00 (Cumulative side area) 


  Pin:   _13260_/A (sky130_fd_sc_hd__or3_2)
    Layer: mcon
      Partial area ratio:    0.23
      Required ratio:    3.00 (Gate area) 
      Cumulative area ratio:    0.23
      Required ratio:    0.00 (Cumulative area) 

    Layer: met1
      Partial area ratio:   43.46
      Required ratio:    0.00 (Gate area) 
      Cumulative area ratio:   43.46
      Required ratio:    0.00 (Cumulative area) 
      Partial area ratio:  214.96
      Required ratio:  400.00 (Side area) 
      Cumulative area ratio:  214.96
      Required ratio:    0.00 (Cumulative side area) 

    Layer: via
      Partial area ratio:    0.54
      Required ratio:    6.00 (Gate area) 
      Cumulative area ratio:    0.77
      Required ratio:    0.00 (Cumulative area) 

    Layer: met2
      Partial area ratio:   29.95
      Required ratio:    0.00 (Gate area) 
      Cumulative area ratio:   73.41
      Required ratio:    0.00 (Cumulative area) 
      Partial area ratio:  148.67
      Required ratio: 2994.20 (Side area) 
      Cumulative area ratio:  363.63
      Required ratio:    0.00 (Cumulative side area) 

    Layer: via2
      Partial area ratio:    0.10
      Required ratio:   41.48 (Gate area) 
      Cumulative area ratio:    0.86
      Required ratio:    0.00 (Cumulative area) 

    Layer: met3
      Partial area ratio:    0.30
      Required ratio:    0.00 (Gate area) 
      Cumulative area ratio:   73.71
      Required ratio:    0.00 (Cumulative area) 
      Partial area ratio:    2.76
      Required ratio: 2994.20 (Side area) 
      Cumulative area ratio:  366.39
      Required ratio:    0.00 (Cumulative side area) 

    Layer: via3
      Partial area ratio:    0.10
      Required ratio:   41.48 (Gate area) 
      Cumulative area ratio:    0.96
      Required ratio:    0.00 (Cumulative area) 

    Layer: met4
      Partial area ratio:   19.49
      Required ratio:    0.00 (Gate area) 
      Cumulative area ratio:   93.21
      Required ratio:    0.00 (Cumulative area) 
      Partial area ratio:  104.85
      Required ratio: 2994.20 (Side area) 
      Cumulative area ratio:  471.24
      Required ratio:    0.00 (Cumulative side area) 


  Pin:   place982/A (sky130_fd_sc_hd__buf_2)
    Layer: mcon
      Partial area ratio:    0.18
      Required ratio:    3.00 (Gate area) 
      Cumulative area ratio:    0.18
      Required ratio:    0.00 (Cumulative area) 

    Layer: met1
      Partial area ratio:    4.08
      Required ratio:    0.00 (Gate area) 
      Cumulative area ratio:    4.08
      Required ratio:    0.00 (Cumulative area) 
      Partial area ratio:   19.23
      Required ratio:  400.00 (Side area) 
      Cumulative area ratio:   19.23
      Required ratio:    0.00 (Cumulative side area) 

    Layer: via
      Partial area ratio:    0.28
      Required ratio:    6.00 (Gate area) 
      Cumulative area ratio:    0.46
      Required ratio:    0.00 (Cumulative area) 

    Layer: met2
      Partial area ratio:   29.95
      Required ratio:    0.00 (Gate area) 
      Cumulative area ratio:   34.03
      Required ratio:    0.00 (Cumulative area) 
      Partial area ratio:  148.67
      Required ratio: 2994.20 (Side area) 
      Cumulative area ratio:  167.89
      Required ratio:    0.00 (Cumulative side area) 

    Layer: via2
      Partial area ratio:    0.10
      Required ratio:   41.48 (Gate area) 
      Cumulative area ratio:    0.56
      Required ratio:    0.00 (Cumulative area) 

    Layer: met3
      Partial area ratio:    0.30
      Required ratio:    0.00 (Gate area) 
      Cumulative area ratio:   34.33
      Required ratio:    0.00 (Cumulative area) 
      Partial area ratio:    2.76
      Required ratio: 2994.20 (Side area) 
      Cumulative area ratio:  170.66
      Required ratio:    0.00 (Cumulative side area) 

    Layer: via3
      Partial area ratio:    0.10
      Required ratio:   41.48 (Gate area) 
      Cumulative area ratio:    0.66
      Required ratio:    0.00 (Cumulative area) 

    Layer: met4
      Partial area ratio:   19.49
      Required ratio:    0.00 (Gate area) 
      Cumulative area ratio:   53.83
      Required ratio:    0.00 (Cumulative area) 
      Partial area ratio:  104.85
      Required ratio: 2994.20 (Side area) 
      Cumulative area ratio:  275.51
      Required ratio:    0.00 (Cumulative side area) 



Net: _05284_
  Pin:   _11829_/A (sky130_fd_sc_hd__or3_2)
    Layer: mcon
      Partial area ratio:    0.23
      Required ratio:    3.00 (Gate area) 
      Cumulative area ratio:    0.23
      Required ratio:    0.00 (Cumulative area) 

    Layer: met1
      Partial area ratio:   42.71
      Required ratio:    0.00 (Gate area) 
      Cumulative area ratio:   42.71
      Required ratio:    0.00 (Cumulative area) 
      Partial area ratio:  212.08
      Required ratio:  400.00 (Side area) 
      Cumulative area ratio:  212.08
      Required ratio:    0.00 (Cumulative side area) 

    Layer: via
      Partial area ratio:    0.36
      Required ratio:    6.00 (Gate area) 
      Cumulative area ratio:    0.59
      Required ratio:    0.00 (Cumulative area) 

    Layer: met2
      Partial area ratio:   34.44
      Required ratio:    0.00 (Gate area) 
      Cumulative area ratio:   77.15
      Required ratio:    0.00 (Cumulative area) 
      Partial area ratio:  170.80
      Required ratio: 2886.20 (Side area) 
      Cumulative area ratio:  382.89
      Required ratio:    0.00 (Cumulative side area) 

    Layer: via2
      Partial area ratio:    0.04
      Required ratio:   31.76 (Gate area) 
      Cumulative area ratio:    0.63
      Required ratio:    0.00 (Cumulative area) 

    Layer: met3
      Partial area ratio:   12.04
      Required ratio:    0.00 (Gate area) 
      Cumulative area ratio:   89.20
      Required ratio:    0.00 (Cumulative area) 
      Partial area ratio:   64.69
      Required ratio: 2886.20 (Side area) 
      Cumulative area ratio:  447.58
      Required ratio:    0.00 (Cumulative side area) 


  Pin:   _11847_/A (sky130_fd_sc_hd__or3_2)
    Layer: mcon
      Partial area ratio:    0.23
      Required ratio:    3.00 (Gate area) 
      Cumulative area ratio:    0.23
      Required ratio:    0.00 (Cumulative area) 

    Layer: met1
      Partial area ratio:    2.98
      Required ratio:    0.00 (Gate area) 
      Cumulative area ratio:    2.98
      Required ratio:    0.00 (Cumulative area) 
      Partial area ratio:   13.41
      Required ratio:  400.00 (Side area) 
      Cumulative area ratio:   13.41
      Required ratio:    0.00 (Cumulative side area) 

    Layer: via
      Partial area ratio:    0.36
      Required ratio:    6.00 (Gate area) 
      Cumulative area ratio:    0.59
      Required ratio:    0.00 (Cumulative area) 

    Layer: met2
      Partial area ratio:   34.44
      Required ratio:    0.00 (Gate area) 
      Cumulative area ratio:   37.41
      Required ratio:    0.00 (Cumulative area) 
      Partial area ratio:  170.80
      Required ratio: 2886.20 (Side area) 
      Cumulative area ratio:  184.21
      Required ratio:    0.00 (Cumulative side area) 

    Layer: via2
      Partial area ratio:    0.04
      Required ratio:   31.76 (Gate area) 
      Cumulative area ratio:    0.63
      Required ratio:    0.00 (Cumulative area) 

    Layer: met3
      Partial area ratio:   12.04
      Required ratio:    0.00 (Gate area) 
      Cumulative area ratio:   49.46
      Required ratio:    0.00 (Cumulative area) 
      Partial area ratio:   64.69
      Required ratio: 2886.20 (Side area) 
      Cumulative area ratio:  248.90
      Required ratio:    0.00 (Cumulative side area) 


  Pin:   _12441_/A (sky130_fd_sc_hd__or3_2)
    Layer: mcon
      Partial area ratio:    0.23
      Required ratio:    3.00 (Gate area) 
      Cumulative area ratio:    0.23
      Required ratio:    0.00 (Cumulative area) 

    Layer: met1
      Partial area ratio:    5.11
      Required ratio:    0.00 (Gate area) 
      Cumulative area ratio:    5.11
      Required ratio:    0.00 (Cumulative area) 
      Partial area ratio:   24.10
      Required ratio:  400.00 (Side area) 
      Cumulative area ratio:   24.10
      Required ratio:    0.00 (Cumulative side area) 

    Layer: via
      Partial area ratio:    0.36
      Required ratio:    6.00 (Gate area) 
      Cumulative area ratio:    0.59
      Required ratio:    0.00 (Cumulative area) 

    Layer: met2
      Partial area ratio:    1.48
      Required ratio:    0.00 (Gate area) 
      Cumulative area ratio:    6.60
      Required ratio:    0.00 (Cumulative area) 
      Partial area ratio:    6.83
      Required ratio:  400.00 (Side area) 
      Cumulative area ratio:   30.93
      Required ratio:    0.00 (Cumulative side area) 

    Layer: via2
      Partial area ratio:    0.32
      Required ratio:    6.00 (Gate area) 
      Cumulative area ratio:    0.90
      Required ratio:    0.00 (Cumulative area) 

    Layer: met3
      Partial area ratio:   12.04
      Required ratio:    0.00 (Gate area) 
      Cumulative area ratio:   18.64
      Required ratio:    0.00 (Cumulative area) 
      Partial area ratio:   64.69
      Required ratio: 2886.20 (Side area) 
      Cumulative area ratio:   95.62
      Required ratio:    0.00 (Cumulative side area) 


  Pin:   _12459_/A (sky130_fd_sc_hd__or3_2)
    Layer: mcon
      Partial area ratio:    0.23
      Required ratio:    3.00 (Gate area) 
      Cumulative area ratio:    0.23
      Required ratio:    0.00 (Cumulative area) 

    Layer: met1
      Partial area ratio:   10.74
      Required ratio:    0.00 (Gate area) 
      Cumulative area ratio:   10.74
      Required ratio:    0.00 (Cumulative area) 
      Partial area ratio:   51.59
      Required ratio:  400.00 (Side area) 
      Cumulative area ratio:   51.59
      Required ratio:    0.00 (Cumulative side area) 

    Layer: via
      Partial area ratio:    0.54
      Required ratio:    6.00 (Gate area) 
      Cumulative area ratio:    0.77
      Required ratio:    0.00 (Cumulative area) 

    Layer: met2
      Partial area ratio:   34.44
      Required ratio:    0.00 (Gate area) 
      Cumulative area ratio:   45.18
      Required ratio:    0.00 (Cumulative area) 
      Partial area ratio:  170.80
      Required ratio: 2886.20 (Side area) 
      Cumulative area ratio:  222.40
      Required ratio:    0.00 (Cumulative side area) 

    Layer: via2
      Partial area ratio:    0.04
      Required ratio:   31.76 (Gate area) 
      Cumulative area ratio:    0.81
      Required ratio:    0.00 (Cumulative area) 

    Layer: met3
      Partial area ratio:   12.04
      Required ratio:    0.00 (Gate area) 
      Cumulative area ratio:   57.23
      Required ratio:    0.00 (Cumulative area) 
      Partial area ratio:   64.69
      Required ratio: 2886.20 (Side area) 
      Cumulative area ratio:  287.09
      Required ratio:    0.00 (Cumulative side area) 


  Pin:   _12765_/B (sky130_fd_sc_hd__or3_2)
    Layer: mcon
      Partial area ratio:    0.23
      Required ratio:    3.00 (Gate area) 
      Cumulative area ratio:    0.23
      Required ratio:    0.00 (Cumulative area) 

    Layer: met1
      Partial area ratio:   64.90
      Required ratio:    0.00 (Gate area) 
      Cumulative area ratio:   64.90
      Required ratio:    0.00 (Cumulative area) 
      Partial area ratio:  323.04
      Required ratio:  400.00 (Side area) 
      Cumulative area ratio:  323.04
      Required ratio:    0.00 (Cumulative side area) 

    Layer: via
      Partial area ratio:    0.36
      Required ratio:    6.00 (Gate area) 
      Cumulative area ratio:    0.59
      Required ratio:    0.00 (Cumulative area) 

    Layer: met2
      Partial area ratio:   34.44
      Required ratio:    0.00 (Gate area) 
      Cumulative area ratio:   99.34
      Required ratio:    0.00 (Cumulative area) 
      Partial area ratio:  170.80
      Required ratio: 2886.20 (Side area) 
      Cumulative area ratio:  493.84
      Required ratio:    0.00 (Cumulative side area) 

    Layer: via2
      Partial area ratio:    0.04
      Required ratio:   31.76 (Gate area) 
      Cumulative area ratio:    0.63
      Required ratio:    0.00 (Cumulative area) 

    Layer: met3
      Partial area ratio:   12.04
      Required ratio:    0.00 (Gate area) 
      Cumulative area ratio:  111.39
      Required ratio:    0.00 (Cumulative area) 
      Partial area ratio:   64.69
      Required ratio: 2886.20 (Side area) 
      Cumulative area ratio:  558.53
      Required ratio:    0.00 (Cumulative side area) 


  Pin:   _12783_/B (sky130_fd_sc_hd__or3_2)
    Layer: mcon
      Partial area ratio:    0.23
      Required ratio:    3.00 (Gate area) 
      Cumulative area ratio:    0.23
      Required ratio:    0.00 (Cumulative area) 

    Layer: met1
      Partial area ratio:   50.04
      Required ratio:    0.00 (Gate area) 
      Cumulative area ratio:   50.04
      Required ratio:    0.00 (Cumulative area) 
      Partial area ratio:  248.71
      Required ratio:  400.00 (Side area) 
      Cumulative area ratio:  248.71
      Required ratio:    0.00 (Cumulative side area) 

    Layer: via
      Partial area ratio:    0.36
      Required ratio:    6.00 (Gate area) 
      Cumulative area ratio:    0.59
      Required ratio:    0.00 (Cumulative area) 

    Layer: met2
      Partial area ratio:   34.44
      Required ratio:    0.00 (Gate area) 
      Cumulative area ratio:   84.48
      Required ratio:    0.00 (Cumulative area) 
      Partial area ratio:  170.80
      Required ratio: 2886.20 (Side area) 
      Cumulative area ratio:  419.51
      Required ratio:    0.00 (Cumulative side area) 

    Layer: via2
      Partial area ratio:    0.04
      Required ratio:   31.76 (Gate area) 
      Cumulative area ratio:    0.63
      Required ratio:    0.00 (Cumulative area) 

    Layer: met3
      Partial area ratio:   12.04
      Required ratio:    0.00 (Gate area) 
      Cumulative area ratio:   96.52
      Required ratio:    0.00 (Cumulative area) 
      Partial area ratio:   64.69
      Required ratio: 2886.20 (Side area) 
      Cumulative area ratio:  484.21
      Required ratio:    0.00 (Cumulative side area) 


  Pin:   _13089_/A (sky130_fd_sc_hd__or3_2)
    Layer: mcon
      Partial area ratio:    0.23
      Required ratio:    3.00 (Gate area) 
      Cumulative area ratio:    0.23
      Required ratio:    0.00 (Cumulative area) 

    Layer: met1
      Partial area ratio:  111.53
      Required ratio:    0.00 (Gate area) 
      Cumulative area ratio:  111.53
      Required ratio:    0.00 (Cumulative area) 
      Partial area ratio:  554.47
      Required ratio:  400.00 (Side area) (VIOLATED)
      Cumulative area ratio:  554.47
      Required ratio:    0.00 (Cumulative side area) 

    Layer: via
      Partial area ratio:    0.71
      Required ratio:    6.00 (Gate area) 
      Cumulative area ratio:    0.94
      Required ratio:    0.00 (Cumulative area) 

    Layer: met2
      Partial area ratio:   34.44
      Required ratio:    0.00 (Gate area) 
      Cumulative area ratio:  145.97
      Required ratio:    0.00 (Cumulative area) 
      Partial area ratio:  170.80
      Required ratio: 2886.20 (Side area) 
      Cumulative area ratio:  725.28
      Required ratio:    0.00 (Cumulative side area) 

    Layer: via2
      Partial area ratio:    0.04
      Required ratio:   31.76 (Gate area) 
      Cumulative area ratio:    0.99
      Required ratio:    0.00 (Cumulative area) 

    Layer: met3
      Partial area ratio:   12.04
      Required ratio:    0.00 (Gate area) 
      Cumulative area ratio:  158.02
      Required ratio:    0.00 (Cumulative area) 
      Partial area ratio:   64.69
      Required ratio: 2886.20 (Side area) 
      Cumulative area ratio:  789.97
      Required ratio:    0.00 (Cumulative side area) 


  Pin:   place863/A (sky130_fd_sc_hd__buf_2)
    Layer: mcon
      Partial area ratio:    0.18
      Required ratio:    3.00 (Gate area) 
      Cumulative area ratio:    0.18
      Required ratio:    0.00 (Cumulative area) 

    Layer: met1
      Partial area ratio:    4.96
      Required ratio:    0.00 (Gate area) 
      Cumulative area ratio:    4.96
      Required ratio:    0.00 (Cumulative area) 
      Partial area ratio:   23.63
      Required ratio:  400.00 (Side area) 
      Cumulative area ratio:   23.63
      Required ratio:    0.00 (Cumulative side area) 

    Layer: via
      Partial area ratio:    0.28
      Required ratio:    6.00 (Gate area) 
      Cumulative area ratio:    0.46
      Required ratio:    0.00 (Cumulative area) 

    Layer: met2
      Partial area ratio:   34.44
      Required ratio:    0.00 (Gate area) 
      Cumulative area ratio:   39.40
      Required ratio:    0.00 (Cumulative area) 
      Partial area ratio:  170.80
      Required ratio: 2886.20 (Side area) 
      Cumulative area ratio:  194.44
      Required ratio:    0.00 (Cumulative side area) 

    Layer: via2
      Partial area ratio:    0.04
      Required ratio:   31.76 (Gate area) 
      Cumulative area ratio:    0.51
      Required ratio:    0.00 (Cumulative area) 

    Layer: met3
      Partial area ratio:   12.04
      Required ratio:    0.00 (Gate area) 
      Cumulative area ratio:   51.44
      Required ratio:    0.00 (Cumulative area) 
      Partial area ratio:   64.69
      Required ratio: 2886.20 (Side area) 
      Cumulative area ratio:  259.13
      Required ratio:    0.00 (Cumulative side area) 



Net: _05287_
  Pin:   _12369_/A (sky130_fd_sc_hd__or3_2)
    Layer: mcon
      Partial area ratio:    0.23
      Required ratio:    3.00 (Gate area) 
      Cumulative area ratio:    0.23
      Required ratio:    0.00 (Cumulative area) 

    Layer: met1
      Partial area ratio:    4.09
      Required ratio:    0.00 (Gate area) 
      Cumulative area ratio:    4.09
      Required ratio:    0.00 (Cumulative area) 
      Partial area ratio:   18.96
      Required ratio:  400.00 (Side area) 
      Cumulative area ratio:   18.96
      Required ratio:    0.00 (Cumulative side area) 

    Layer: via
      Partial area ratio:    0.36
      Required ratio:    6.00 (Gate area) 
      Cumulative area ratio:    0.59
      Required ratio:    0.00 (Cumulative area) 

    Layer: met2
      Partial area ratio:    1.48
      Required ratio:    0.00 (Gate area) 
      Cumulative area ratio:    5.57
      Required ratio:    0.00 (Cumulative area) 
      Partial area ratio:    6.83
      Required ratio:  400.00 (Side area) 
      Cumulative area ratio:   25.79
      Required ratio:    0.00 (Cumulative side area) 

    Layer: via2
      Partial area ratio:    0.32
      Required ratio:    6.00 (Gate area) 
      Cumulative area ratio:    0.90
      Required ratio:    0.00 (Cumulative area) 

    Layer: met3
      Partial area ratio:   49.77
      Required ratio:    0.00 (Gate area) 
      Cumulative area ratio:   55.34
      Required ratio:    0.00 (Cumulative area) 
      Partial area ratio:  267.29
      Required ratio: 2778.20 (Side area) 
      Cumulative area ratio:  293.07
      Required ratio:    0.00 (Cumulative side area) 

    Layer: via3
      Partial area ratio:    0.08
      Required ratio:   22.04 (Gate area) 
      Cumulative area ratio:    0.98
      Required ratio:    0.00 (Cumulative area) 

    Layer: met4
      Partial area ratio:   18.60
      Required ratio:    0.00 (Gate area) 
      Cumulative area ratio:   73.94
      Required ratio:    0.00 (Cumulative area) 
      Partial area ratio:   99.67
      Required ratio: 2778.20 (Side area) 
      Cumulative area ratio:  392.74
      Required ratio:    0.00 (Cumulative side area) 


  Pin:   _12378_/A (sky130_fd_sc_hd__or3_2)
    Layer: mcon
      Partial area ratio:    0.23
      Required ratio:    3.00 (Gate area) 
      Cumulative area ratio:    0.23
      Required ratio:    0.00 (Cumulative area) 

    Layer: met1
      Partial area ratio:   37.04
      Required ratio:    0.00 (Gate area) 
      Cumulative area ratio:   37.04
      Required ratio:    0.00 (Cumulative area) 
      Partial area ratio:  183.74
      Required ratio:  400.00 (Side area) 
      Cumulative area ratio:  183.74
      Required ratio:    0.00 (Cumulative side area) 

    Layer: via
      Partial area ratio:    0.36
      Required ratio:    6.00 (Gate area) 
      Cumulative area ratio:    0.59
      Required ratio:    0.00 (Cumulative area) 

    Layer: met2
      Partial area ratio:   63.09
      Required ratio:    0.00 (Gate area) 
      Cumulative area ratio:  100.14
      Required ratio:    0.00 (Cumulative area) 
      Partial area ratio:  314.03
      Required ratio:  400.00 (Side area) 
      Cumulative area ratio:  497.77
      Required ratio:    0.00 (Cumulative side area) 

    Layer: via2
      Partial area ratio:    0.32
      Required ratio:    6.00 (Gate area) 
      Cumulative area ratio:    0.90
      Required ratio:    0.00 (Cumulative area) 

    Layer: met3
      Partial area ratio:   78.54
      Required ratio:    0.00 (Gate area) 
      Cumulative area ratio:  178.67
      Required ratio:    0.00 (Cumulative area) 
      Partial area ratio:  420.73
      Required ratio:  400.00 (Side area) (VIOLATED)
      Cumulative area ratio:  918.50
      Required ratio:    0.00 (Cumulative side area) 

    Layer: via3
      Partial area ratio:    0.08
      Required ratio:    6.00 (Gate area) 
      Cumulative area ratio:    0.98
      Required ratio:    0.00 (Cumulative area) 

    Layer: met4
      Partial area ratio:   18.60
      Required ratio:    0.00 (Gate area) 
      Cumulative area ratio:  197.27
      Required ratio:    0.00 (Cumulative area) 
      Partial area ratio:   99.67
      Required ratio: 2778.20 (Side area) 
      Cumulative area ratio: 1018.16
      Required ratio:    0.00 (Cumulative side area) 


  Pin:   _12387_/A (sky130_fd_sc_hd__or3_2)
    Layer: mcon
      Partial area ratio:    0.23
      Required ratio:    3.00 (Gate area) 
      Cumulative area ratio:    0.23
      Required ratio:    0.00 (Cumulative area) 

    Layer: met1
      Partial area ratio:   30.70
      Required ratio:    0.00 (Gate area) 
      Cumulative area ratio:   30.70
      Required ratio:    0.00 (Cumulative area) 
      Partial area ratio:  151.76
      Required ratio:  400.00 (Side area) 
      Cumulative area ratio:  151.76
      Required ratio:    0.00 (Cumulative side area) 

    Layer: via
      Partial area ratio:    0.36
      Required ratio:    6.00 (Gate area) 
      Cumulative area ratio:    0.59
      Required ratio:    0.00 (Cumulative area) 

    Layer: met2
      Partial area ratio:   20.05
      Required ratio:    0.00 (Gate area) 
      Cumulative area ratio:   50.76
      Required ratio:    0.00 (Cumulative area) 
      Partial area ratio:   98.92
      Required ratio: 2778.20 (Side area) 
      Cumulative area ratio:  250.68
      Required ratio:    0.00 (Cumulative side area) 

    Layer: via2
      Partial area ratio:    0.21
      Required ratio:   22.04 (Gate area) 
      Cumulative area ratio:    0.80
      Required ratio:    0.00 (Cumulative area) 

    Layer: met3
      Partial area ratio:   49.77
      Required ratio:    0.00 (Gate area) 
      Cumulative area ratio:  100.52
      Required ratio:    0.00 (Cumulative area) 
      Partial area ratio:  267.29
      Required ratio: 2778.20 (Side area) 
      Cumulative area ratio:  517.97
      Required ratio:    0.00 (Cumulative side area) 

    Layer: via3
      Partial area ratio:    0.08
      Required ratio:   22.04 (Gate area) 
      Cumulative area ratio:    0.88
      Required ratio:    0.00 (Cumulative area) 

    Layer: met4
      Partial area ratio:   18.60
      Required ratio:    0.00 (Gate area) 
      Cumulative area ratio:  119.12
      Required ratio:    0.00 (Cumulative area) 
      Partial area ratio:   99.67
      Required ratio: 2778.20 (Side area) 
      Cumulative area ratio:  617.63
      Required ratio:    0.00 (Cumulative side area) 


  Pin:   _12396_/A (sky130_fd_sc_hd__or3_2)
    Layer: mcon
      Partial area ratio:    0.23
      Required ratio:    3.00 (Gate area) 
      Cumulative area ratio:    0.23
      Required ratio:    0.00 (Cumulative area) 

    Layer: met1
      Partial area ratio:    1.34
      Required ratio:    0.00 (Gate area) 
      Cumulative area ratio:    1.34
      Required ratio:    0.00 (Cumulative area) 
      Partial area ratio:    4.93
      Required ratio:  400.00 (Side area) 
      Cumulative area ratio:    4.93
      Required ratio:    0.00 (Cumulative side area) 

    Layer: via
      Partial area ratio:    0.34
      Required ratio:    6.00 (Gate area) 
      Cumulative area ratio:    0.57
      Required ratio:    0.00 (Cumulative area) 

    Layer: met2
      Partial area ratio:    1.13
      Required ratio:    0.00 (Gate area) 
      Cumulative area ratio:    2.47
      Required ratio:    0.00 (Cumulative area) 
      Partial area ratio:    4.29
      Required ratio:  400.00 (Side area) 
      Cumulative area ratio:    9.23
      Required ratio:    0.00 (Cumulative side area) 

    Layer: via2
      Partial area ratio:    0.32
      Required ratio:    6.00 (Gate area) 
      Cumulative area ratio:    0.88
      Required ratio:    0.00 (Cumulative area) 

    Layer: met3
      Partial area ratio:   78.54
      Required ratio:    0.00 (Gate area) 
      Cumulative area ratio:   81.01
      Required ratio:    0.00 (Cumulative area) 
      Partial area ratio:  420.73
      Required ratio:  400.00 (Side area) (VIOLATED)
      Cumulative area ratio:  429.96
      Required ratio:    0.00 (Cumulative side area) 

    Layer: via3
      Partial area ratio:    0.08
      Required ratio:    6.00 (Gate area) 
      Cumulative area ratio:    0.96
      Required ratio:    0.00 (Cumulative area) 

    Layer: met4
      Partial area ratio:   18.60
      Required ratio:    0.00 (Gate area) 
      Cumulative area ratio:   99.61
      Required ratio:    0.00 (Cumulative area) 
      Partial area ratio:   99.67
      Required ratio: 2778.20 (Side area) 
      Cumulative area ratio:  529.62
      Required ratio:    0.00 (Cumulative side area) 


  Pin:   _13017_/A (sky130_fd_sc_hd__or3_2)
    Layer: mcon
      Partial area ratio:    0.23
      Required ratio:    3.00 (Gate area) 
      Cumulative area ratio:    0.23
      Required ratio:    0.00 (Cumulative area) 

    Layer: met1
      Partial area ratio:   30.70
      Required ratio:    0.00 (Gate area) 
      Cumulative area ratio:   30.70
      Required ratio:    0.00 (Cumulative area) 
      Partial area ratio:  151.76
      Required ratio:  400.00 (Side area) 
      Cumulative area ratio:  151.76
      Required ratio:    0.00 (Cumulative side area) 

    Layer: via
      Partial area ratio:    0.36
      Required ratio:    6.00 (Gate area) 
      Cumulative area ratio:    0.59
      Required ratio:    0.00 (Cumulative area) 

    Layer: met2
      Partial area ratio:   20.05
      Required ratio:    0.00 (Gate area) 
      Cumulative area ratio:   50.76
      Required ratio:    0.00 (Cumulative area) 
      Partial area ratio:   98.92
      Required ratio: 2778.20 (Side area) 
      Cumulative area ratio:  250.68
      Required ratio:    0.00 (Cumulative side area) 

    Layer: via2
      Partial area ratio:    0.21
      Required ratio:   22.04 (Gate area) 
      Cumulative area ratio:    0.80
      Required ratio:    0.00 (Cumulative area) 

    Layer: met3
      Partial area ratio:   49.77
      Required ratio:    0.00 (Gate area) 
      Cumulative area ratio:  100.52
      Required ratio:    0.00 (Cumulative area) 
      Partial area ratio:  267.29
      Required ratio: 2778.20 (Side area) 
      Cumulative area ratio:  517.97
      Required ratio:    0.00 (Cumulative side area) 

    Layer: via3
      Partial area ratio:    0.08
      Required ratio:   22.04 (Gate area) 
      Cumulative area ratio:    0.88
      Required ratio:    0.00 (Cumulative area) 

    Layer: met4
      Partial area ratio:   18.60
      Required ratio:    0.00 (Gate area) 
      Cumulative area ratio:  119.12
      Required ratio:    0.00 (Cumulative area) 
      Partial area ratio:   99.67
      Required ratio: 2778.20 (Side area) 
      Cumulative area ratio:  617.63
      Required ratio:    0.00 (Cumulative side area) 


  Pin:   _13026_/A (sky130_fd_sc_hd__or3_2)
    Layer: mcon
      Partial area ratio:    0.23
      Required ratio:    3.00 (Gate area) 
      Cumulative area ratio:    0.23
      Required ratio:    0.00 (Cumulative area) 

    Layer: met1
      Partial area ratio:    2.07
      Required ratio:    0.00 (Gate area) 
      Cumulative area ratio:    2.07
      Required ratio:    0.00 (Cumulative area) 
      Partial area ratio:    9.10
      Required ratio:  400.00 (Side area) 
      Cumulative area ratio:    9.10
      Required ratio:    0.00 (Cumulative side area) 

    Layer: via
      Partial area ratio:    0.34
      Required ratio:    6.00 (Gate area) 
      Cumulative area ratio:    0.57
      Required ratio:    0.00 (Cumulative area) 

    Layer: met2
      Partial area ratio:   40.08
      Required ratio:    0.00 (Gate area) 
      Cumulative area ratio:   42.15
      Required ratio:    0.00 (Cumulative area) 
      Partial area ratio:  198.12
      Required ratio:  400.00 (Side area) 
      Cumulative area ratio:  207.22
      Required ratio:    0.00 (Cumulative side area) 

    Layer: via2
      Partial area ratio:    0.32
      Required ratio:    6.00 (Gate area) 
      Cumulative area ratio:    0.88
      Required ratio:    0.00 (Cumulative area) 

    Layer: met3
      Partial area ratio:   78.54
      Required ratio:    0.00 (Gate area) 
      Cumulative area ratio:  120.69
      Required ratio:    0.00 (Cumulative area) 
      Partial area ratio:  420.73
      Required ratio:  400.00 (Side area) (VIOLATED)
      Cumulative area ratio:  627.95
      Required ratio:    0.00 (Cumulative side area) 

    Layer: via3
      Partial area ratio:    0.08
      Required ratio:    6.00 (Gate area) 
      Cumulative area ratio:    0.96
      Required ratio:    0.00 (Cumulative area) 

    Layer: met4
      Partial area ratio:   18.60
      Required ratio:    0.00 (Gate area) 
      Cumulative area ratio:  139.29
      Required ratio:    0.00 (Cumulative area) 
      Partial area ratio:   99.67
      Required ratio: 2778.20 (Side area) 
      Cumulative area ratio:  727.62
      Required ratio:    0.00 (Cumulative side area) 


  Pin:   _13035_/A (sky130_fd_sc_hd__or3_2)
    Layer: mcon
      Partial area ratio:    0.23
      Required ratio:    3.00 (Gate area) 
      Cumulative area ratio:    0.23
      Required ratio:    0.00 (Cumulative area) 

    Layer: met1
      Partial area ratio:   61.28
      Required ratio:    0.00 (Gate area) 
      Cumulative area ratio:   61.28
      Required ratio:    0.00 (Cumulative area) 
      Partial area ratio:  304.07
      Required ratio:  400.00 (Side area) 
      Cumulative area ratio:  304.07
      Required ratio:    0.00 (Cumulative side area) 

    Layer: via
      Partial area ratio:    0.54
      Required ratio:    6.00 (Gate area) 
      Cumulative area ratio:    0.77
      Required ratio:    0.00 (Cumulative area) 

    Layer: met2
      Partial area ratio:   20.05
      Required ratio:    0.00 (Gate area) 
      Cumulative area ratio:   81.33
      Required ratio:    0.00 (Cumulative area) 
      Partial area ratio:   98.92
      Required ratio: 2778.20 (Side area) 
      Cumulative area ratio:  402.99
      Required ratio:    0.00 (Cumulative side area) 

    Layer: via2
      Partial area ratio:    0.21
      Required ratio:   22.04 (Gate area) 
      Cumulative area ratio:    0.98
      Required ratio:    0.00 (Cumulative area) 

    Layer: met3
      Partial area ratio:   49.77
      Required ratio:    0.00 (Gate area) 
      Cumulative area ratio:  131.10
      Required ratio:    0.00 (Cumulative area) 
      Partial area ratio:  267.29
      Required ratio: 2778.20 (Side area) 
      Cumulative area ratio:  670.27
      Required ratio:    0.00 (Cumulative side area) 

    Layer: via3
      Partial area ratio:    0.08
      Required ratio:   22.04 (Gate area) 
      Cumulative area ratio:    1.06
      Required ratio:    0.00 (Cumulative area) 

    Layer: met4
      Partial area ratio:   18.60
      Required ratio:    0.00 (Gate area) 
      Cumulative area ratio:  149.70
      Required ratio:    0.00 (Cumulative area) 
      Partial area ratio:   99.67
      Required ratio: 2778.20 (Side area) 
      Cumulative area ratio:  769.94
      Required ratio:    0.00 (Cumulative side area) 


  Pin:   _13044_/A (sky130_fd_sc_hd__or3_2)
    Layer: mcon
      Partial area ratio:    0.23
      Required ratio:    3.00 (Gate area) 
      Cumulative area ratio:    0.23
      Required ratio:    0.00 (Cumulative area) 

    Layer: met1
      Partial area ratio:    5.40
      Required ratio:    0.00 (Gate area) 
      Cumulative area ratio:    5.40
      Required ratio:    0.00 (Cumulative area) 
      Partial area ratio:   25.52
      Required ratio:  400.00 (Side area) 
      Cumulative area ratio:   25.52
      Required ratio:    0.00 (Cumulative side area) 

    Layer: via
      Partial area ratio:    0.36
      Required ratio:    6.00 (Gate area) 
      Cumulative area ratio:    0.59
      Required ratio:    0.00 (Cumulative area) 

    Layer: met2
      Partial area ratio:   40.08
      Required ratio:    0.00 (Gate area) 
      Cumulative area ratio:   45.48
      Required ratio:    0.00 (Cumulative area) 
      Partial area ratio:  198.12
      Required ratio:  400.00 (Side area) 
      Cumulative area ratio:  223.64
      Required ratio:    0.00 (Cumulative side area) 

    Layer: via2
      Partial area ratio:    0.32
      Required ratio:    6.00 (Gate area) 
      Cumulative area ratio:    0.90
      Required ratio:    0.00 (Cumulative area) 

    Layer: met3
      Partial area ratio:   78.54
      Required ratio:    0.00 (Gate area) 
      Cumulative area ratio:  124.02
      Required ratio:    0.00 (Cumulative area) 
      Partial area ratio:  420.73
      Required ratio:  400.00 (Side area) (VIOLATED)
      Cumulative area ratio:  644.37
      Required ratio:    0.00 (Cumulative side area) 

    Layer: via3
      Partial area ratio:    0.08
      Required ratio:    6.00 (Gate area) 
      Cumulative area ratio:    0.98
      Required ratio:    0.00 (Cumulative area) 

    Layer: met4
      Partial area ratio:   18.60
      Required ratio:    0.00 (Gate area) 
      Cumulative area ratio:  142.62
      Required ratio:    0.00 (Cumulative area) 
      Partial area ratio:   99.67
      Required ratio: 2778.20 (Side area) 
      Cumulative area ratio:  744.03
      Required ratio:    0.00 (Cumulative side area) 



Net: _05289_
  Pin:   _12333_/A (sky130_fd_sc_hd__or3_2)
    Layer: mcon
      Partial area ratio:    0.23
      Required ratio:    3.00 (Gate area) 
      Cumulative area ratio:    0.23
      Required ratio:    0.00 (Cumulative area) 

    Layer: met1
      Partial area ratio:    5.49
      Required ratio:    0.00 (Gate area) 
      Cumulative area ratio:    5.49
      Required ratio:    0.00 (Cumulative area) 
      Partial area ratio:   25.96
      Required ratio:  400.00 (Side area) 
      Cumulative area ratio:   25.96
      Required ratio:    0.00 (Cumulative side area) 

    Layer: via
      Partial area ratio:    0.36
      Required ratio:    6.00 (Gate area) 
      Cumulative area ratio:    0.59
      Required ratio:    0.00 (Cumulative area) 

    Layer: met2
      Partial area ratio:   29.14
      Required ratio:    0.00 (Gate area) 
      Cumulative area ratio:   34.63
      Required ratio:    0.00 (Cumulative area) 
      Partial area ratio:  144.09
      Required ratio: 2778.20 (Side area) 
      Cumulative area ratio:  170.05
      Required ratio:    0.00 (Cumulative side area) 

    Layer: via2
      Partial area ratio:    0.08
      Required ratio:   22.04 (Gate area) 
      Cumulative area ratio:    0.67
      Required ratio:    0.00 (Cumulative area) 

    Layer: met3
      Partial area ratio:   12.57
      Required ratio:    0.00 (Gate area) 
      Cumulative area ratio:   47.19
      Required ratio:    0.00 (Cumulative area) 
      Partial area ratio:   67.95
      Required ratio: 2778.20 (Side area) 
      Cumulative area ratio:  238.00
      Required ratio:    0.00 (Cumulative side area) 

    Layer: via3
      Partial area ratio:    0.08
      Required ratio:   22.04 (Gate area) 
      Cumulative area ratio:    0.75
      Required ratio:    0.00 (Cumulative area) 

    Layer: met4
      Partial area ratio:   10.39
      Required ratio:    0.00 (Gate area) 
      Cumulative area ratio:   57.58
      Required ratio:    0.00 (Cumulative area) 
      Partial area ratio:   55.86
      Required ratio: 2778.20 (Side area) 
      Cumulative area ratio:  293.86
      Required ratio:    0.00 (Cumulative side area) 


  Pin:   _12342_/A (sky130_fd_sc_hd__or3_2)
    Layer: mcon
      Partial area ratio:    0.23
      Required ratio:    3.00 (Gate area) 
      Cumulative area ratio:    0.23
      Required ratio:    0.00 (Cumulative area) 

    Layer: met1
      Partial area ratio:    2.65
      Required ratio:    0.00 (Gate area) 
      Cumulative area ratio:    2.65
      Required ratio:    0.00 (Cumulative area) 
      Partial area ratio:   12.29
      Required ratio:  400.00 (Side area) 
      Cumulative area ratio:   12.29
      Required ratio:    0.00 (Cumulative side area) 

    Layer: via
      Partial area ratio:    0.36
      Required ratio:    6.00 (Gate area) 
      Cumulative area ratio:    0.59
      Required ratio:    0.00 (Cumulative area) 

    Layer: met2
      Partial area ratio:   36.33
      Required ratio:    0.00 (Gate area) 
      Cumulative area ratio:   38.98
      Required ratio:    0.00 (Cumulative area) 
      Partial area ratio:  180.51
      Required ratio:  400.00 (Side area) 
      Cumulative area ratio:  192.80
      Required ratio:    0.00 (Cumulative side area) 

    Layer: via2
      Partial area ratio:    0.08
      Required ratio:    6.00 (Gate area) 
      Cumulative area ratio:    0.67
      Required ratio:    0.00 (Cumulative area) 

    Layer: met3
      Partial area ratio:    0.25
      Required ratio:    0.00 (Gate area) 
      Cumulative area ratio:   39.22
      Required ratio:    0.00 (Cumulative area) 
      Partial area ratio:    2.25
      Required ratio:  400.00 (Side area) 
      Cumulative area ratio:  195.06
      Required ratio:    0.00 (Cumulative side area) 

    Layer: via3
      Partial area ratio:    0.08
      Required ratio:    6.00 (Gate area) 
      Cumulative area ratio:    0.75
      Required ratio:    0.00 (Cumulative area) 

    Layer: met4
      Partial area ratio:   10.39
      Required ratio:    0.00 (Gate area) 
      Cumulative area ratio:   49.61
      Required ratio:    0.00 (Cumulative area) 
      Partial area ratio:   55.86
      Required ratio: 2778.20 (Side area) 
      Cumulative area ratio:  250.91
      Required ratio:    0.00 (Cumulative side area) 


  Pin:   _12351_/A (sky130_fd_sc_hd__or3_2)
    Layer: mcon
      Partial area ratio:    0.23
      Required ratio:    3.00 (Gate area) 
      Cumulative area ratio:    0.23
      Required ratio:    0.00 (Cumulative area) 

    Layer: met1
      Partial area ratio:   14.53
      Required ratio:    0.00 (Gate area) 
      Cumulative area ratio:   14.53
      Required ratio:    0.00 (Cumulative area) 
      Partial area ratio:   70.77
      Required ratio:  400.00 (Side area) 
      Cumulative area ratio:   70.77
      Required ratio:    0.00 (Cumulative side area) 

    Layer: via
      Partial area ratio:    0.36
      Required ratio:    6.00 (Gate area) 
      Cumulative area ratio:    0.59
      Required ratio:    0.00 (Cumulative area) 

    Layer: met2
      Partial area ratio:   29.14
      Required ratio:    0.00 (Gate area) 
      Cumulative area ratio:   43.67
      Required ratio:    0.00 (Cumulative area) 
      Partial area ratio:  144.09
      Required ratio: 2778.20 (Side area) 
      Cumulative area ratio:  214.86
      Required ratio:    0.00 (Cumulative side area) 

    Layer: via2
      Partial area ratio:    0.08
      Required ratio:   22.04 (Gate area) 
      Cumulative area ratio:    0.67
      Required ratio:    0.00 (Cumulative area) 

    Layer: met3
      Partial area ratio:   12.57
      Required ratio:    0.00 (Gate area) 
      Cumulative area ratio:   56.23
      Required ratio:    0.00 (Cumulative area) 
      Partial area ratio:   67.95
      Required ratio: 2778.20 (Side area) 
      Cumulative area ratio:  282.81
      Required ratio:    0.00 (Cumulative side area) 

    Layer: via3
      Partial area ratio:    0.08
      Required ratio:   22.04 (Gate area) 
      Cumulative area ratio:    0.75
      Required ratio:    0.00 (Cumulative area) 

    Layer: met4
      Partial area ratio:   10.39
      Required ratio:    0.00 (Gate area) 
      Cumulative area ratio:   66.62
      Required ratio:    0.00 (Cumulative area) 
      Partial area ratio:   55.86
      Required ratio: 2778.20 (Side area) 
      Cumulative area ratio:  338.67
      Required ratio:    0.00 (Cumulative side area) 


  Pin:   _12360_/A (sky130_fd_sc_hd__or3_2)
    Layer: mcon
      Partial area ratio:    0.23
      Required ratio:    3.00 (Gate area) 
      Cumulative area ratio:    0.23
      Required ratio:    0.00 (Cumulative area) 

    Layer: met1
      Partial area ratio:  151.52
      Required ratio:    0.00 (Gate area) 
      Cumulative area ratio:  151.52
      Required ratio:    0.00 (Cumulative area) 
      Partial area ratio:  755.29
      Required ratio:  400.00 (Side area) (VIOLATED)
      Cumulative area ratio:  755.29
      Required ratio:    0.00 (Cumulative side area) 

    Layer: via
      Partial area ratio:    0.54
      Required ratio:    6.00 (Gate area) 
      Cumulative area ratio:    0.77
      Required ratio:    0.00 (Cumulative area) 

    Layer: met2
      Partial area ratio:   36.33
      Required ratio:    0.00 (Gate area) 
      Cumulative area ratio:  187.85
      Required ratio:    0.00 (Cumulative area) 
      Partial area ratio:  180.51
      Required ratio:  400.00 (Side area) 
      Cumulative area ratio:  935.80
      Required ratio:    0.00 (Cumulative side area) 

    Layer: via2
      Partial area ratio:    0.08
      Required ratio:    6.00 (Gate area) 
      Cumulative area ratio:    0.84
      Required ratio:    0.00 (Cumulative area) 

    Layer: met3
      Partial area ratio:    0.25
      Required ratio:    0.00 (Gate area) 
      Cumulative area ratio:  188.10
      Required ratio:    0.00 (Cumulative area) 
      Partial area ratio:    2.25
      Required ratio:  400.00 (Side area) 
      Cumulative area ratio:  938.06
      Required ratio:    0.00 (Cumulative side area) 

    Layer: via3
      Partial area ratio:    0.08
      Required ratio:    6.00 (Gate area) 
      Cumulative area ratio:    0.92
      Required ratio:    0.00 (Cumulative area) 

    Layer: met4
      Partial area ratio:   10.39
      Required ratio:    0.00 (Gate area) 
      Cumulative area ratio:  198.49
      Required ratio:    0.00 (Cumulative area) 
      Partial area ratio:   55.86
      Required ratio: 2778.20 (Side area) 
      Cumulative area ratio:  993.91
      Required ratio:    0.00 (Cumulative side area) 


  Pin:   _12981_/A (sky130_fd_sc_hd__or3_2)
    Layer: mcon
      Partial area ratio:    0.23
      Required ratio:    3.00 (Gate area) 
      Cumulative area ratio:    0.23
      Required ratio:    0.00 (Cumulative area) 

    Layer: met1
      Partial area ratio:   14.53
      Required ratio:    0.00 (Gate area) 
      Cumulative area ratio:   14.53
      Required ratio:    0.00 (Cumulative area) 
      Partial area ratio:   70.77
      Required ratio:  400.00 (Side area) 
      Cumulative area ratio:   70.77
      Required ratio:    0.00 (Cumulative side area) 

    Layer: via
      Partial area ratio:    0.36
      Required ratio:    6.00 (Gate area) 
      Cumulative area ratio:    0.59
      Required ratio:    0.00 (Cumulative area) 

    Layer: met2
      Partial area ratio:   29.14
      Required ratio:    0.00 (Gate area) 
      Cumulative area ratio:   43.67
      Required ratio:    0.00 (Cumulative area) 
      Partial area ratio:  144.09
      Required ratio: 2778.20 (Side area) 
      Cumulative area ratio:  214.86
      Required ratio:    0.00 (Cumulative side area) 

    Layer: via2
      Partial area ratio:    0.08
      Required ratio:   22.04 (Gate area) 
      Cumulative area ratio:    0.67
      Required ratio:    0.00 (Cumulative area) 

    Layer: met3
      Partial area ratio:   12.57
      Required ratio:    0.00 (Gate area) 
      Cumulative area ratio:   56.23
      Required ratio:    0.00 (Cumulative area) 
      Partial area ratio:   67.95
      Required ratio: 2778.20 (Side area) 
      Cumulative area ratio:  282.81
      Required ratio:    0.00 (Cumulative side area) 

    Layer: via3
      Partial area ratio:    0.08
      Required ratio:   22.04 (Gate area) 
      Cumulative area ratio:    0.75
      Required ratio:    0.00 (Cumulative area) 

    Layer: met4
      Partial area ratio:   10.39
      Required ratio:    0.00 (Gate area) 
      Cumulative area ratio:   66.62
      Required ratio:    0.00 (Cumulative area) 
      Partial area ratio:   55.86
      Required ratio: 2778.20 (Side area) 
      Cumulative area ratio:  338.67
      Required ratio:    0.00 (Cumulative side area) 


  Pin:   _12990_/A (sky130_fd_sc_hd__or3_2)
    Layer: mcon
      Partial area ratio:    0.23
      Required ratio:    3.00 (Gate area) 
      Cumulative area ratio:    0.23
      Required ratio:    0.00 (Cumulative area) 

    Layer: met1
      Partial area ratio:    7.75
      Required ratio:    0.00 (Gate area) 
      Cumulative area ratio:    7.75
      Required ratio:    0.00 (Cumulative area) 
      Partial area ratio:   37.29
      Required ratio:  400.00 (Side area) 
      Cumulative area ratio:   37.29
      Required ratio:    0.00 (Cumulative side area) 

    Layer: via
      Partial area ratio:    0.36
      Required ratio:    6.00 (Gate area) 
      Cumulative area ratio:    0.59
      Required ratio:    0.00 (Cumulative area) 

    Layer: met2
      Partial area ratio:   36.33
      Required ratio:    0.00 (Gate area) 
      Cumulative area ratio:   44.08
      Required ratio:    0.00 (Cumulative area) 
      Partial area ratio:  180.51
      Required ratio:  400.00 (Side area) 
      Cumulative area ratio:  217.81
      Required ratio:    0.00 (Cumulative side area) 

    Layer: via2
      Partial area ratio:    0.08
      Required ratio:    6.00 (Gate area) 
      Cumulative area ratio:    0.67
      Required ratio:    0.00 (Cumulative area) 

    Layer: met3
      Partial area ratio:    0.25
      Required ratio:    0.00 (Gate area) 
      Cumulative area ratio:   44.33
      Required ratio:    0.00 (Cumulative area) 
      Partial area ratio:    2.25
      Required ratio:  400.00 (Side area) 
      Cumulative area ratio:  220.06
      Required ratio:    0.00 (Cumulative side area) 

    Layer: via3
      Partial area ratio:    0.08
      Required ratio:    6.00 (Gate area) 
      Cumulative area ratio:    0.75
      Required ratio:    0.00 (Cumulative area) 

    Layer: met4
      Partial area ratio:   10.39
      Required ratio:    0.00 (Gate area) 
      Cumulative area ratio:   54.72
      Required ratio:    0.00 (Cumulative area) 
      Partial area ratio:   55.86
      Required ratio: 2778.20 (Side area) 
      Cumulative area ratio:  275.92
      Required ratio:    0.00 (Cumulative side area) 


  Pin:   _12999_/A (sky130_fd_sc_hd__or3_2)
    Layer: mcon
      Partial area ratio:    0.23
      Required ratio:    3.00 (Gate area) 
      Cumulative area ratio:    0.23
      Required ratio:    0.00 (Cumulative area) 

    Layer: met1
      Partial area ratio:   62.30
      Required ratio:    0.00 (Gate area) 
      Cumulative area ratio:   62.30
      Required ratio:    0.00 (Cumulative area) 
      Partial area ratio:  309.18
      Required ratio:  400.00 (Side area) 
      Cumulative area ratio:  309.18
      Required ratio:    0.00 (Cumulative side area) 

    Layer: via
      Partial area ratio:    0.54
      Required ratio:    6.00 (Gate area) 
      Cumulative area ratio:    0.77
      Required ratio:    0.00 (Cumulative area) 

    Layer: met2
      Partial area ratio:   29.14
      Required ratio:    0.00 (Gate area) 
      Cumulative area ratio:   91.44
      Required ratio:    0.00 (Cumulative area) 
      Partial area ratio:  144.09
      Required ratio: 2778.20 (Side area) 
      Cumulative area ratio:  453.27
      Required ratio:    0.00 (Cumulative side area) 

    Layer: via2
      Partial area ratio:    0.08
      Required ratio:   22.04 (Gate area) 
      Cumulative area ratio:    0.84
      Required ratio:    0.00 (Cumulative area) 

    Layer: met3
      Partial area ratio:   12.57
      Required ratio:    0.00 (Gate area) 
      Cumulative area ratio:  104.01
      Required ratio:    0.00 (Cumulative area) 
      Partial area ratio:   67.95
      Required ratio: 2778.20 (Side area) 
      Cumulative area ratio:  521.23
      Required ratio:    0.00 (Cumulative side area) 

    Layer: via3
      Partial area ratio:    0.08
      Required ratio:   22.04 (Gate area) 
      Cumulative area ratio:    0.92
      Required ratio:    0.00 (Cumulative area) 

    Layer: met4
      Partial area ratio:   10.39
      Required ratio:    0.00 (Gate area) 
      Cumulative area ratio:  114.40
      Required ratio:    0.00 (Cumulative area) 
      Partial area ratio:   55.86
      Required ratio: 2778.20 (Side area) 
      Cumulative area ratio:  577.08
      Required ratio:    0.00 (Cumulative side area) 


  Pin:   _13008_/A (sky130_fd_sc_hd__or3_2)
    Layer: mcon
      Partial area ratio:    0.23
      Required ratio:    3.00 (Gate area) 
      Cumulative area ratio:    0.23
      Required ratio:    0.00 (Cumulative area) 

    Layer: met1
      Partial area ratio:   27.82
      Required ratio:    0.00 (Gate area) 
      Cumulative area ratio:   27.82
      Required ratio:    0.00 (Cumulative area) 
      Partial area ratio:  136.75
      Required ratio:  400.00 (Side area) 
      Cumulative area ratio:  136.75
      Required ratio:    0.00 (Cumulative side area) 

    Layer: via
      Partial area ratio:    0.54
      Required ratio:    6.00 (Gate area) 
      Cumulative area ratio:    0.77
      Required ratio:    0.00 (Cumulative area) 

    Layer: met2
      Partial area ratio:   36.33
      Required ratio:    0.00 (Gate area) 
      Cumulative area ratio:   64.15
      Required ratio:    0.00 (Cumulative area) 
      Partial area ratio:  180.51
      Required ratio:  400.00 (Side area) 
      Cumulative area ratio:  317.26
      Required ratio:    0.00 (Cumulative side area) 

    Layer: via2
      Partial area ratio:    0.08
      Required ratio:    6.00 (Gate area) 
      Cumulative area ratio:    0.84
      Required ratio:    0.00 (Cumulative area) 

    Layer: met3
      Partial area ratio:    0.25
      Required ratio:    0.00 (Gate area) 
      Cumulative area ratio:   64.39
      Required ratio:    0.00 (Cumulative area) 
      Partial area ratio:    2.25
      Required ratio:  400.00 (Side area) 
      Cumulative area ratio:  319.52
      Required ratio:    0.00 (Cumulative side area) 

    Layer: via3
      Partial area ratio:    0.08
      Required ratio:    6.00 (Gate area) 
      Cumulative area ratio:    0.92
      Required ratio:    0.00 (Cumulative area) 

    Layer: met4
      Partial area ratio:   10.39
      Required ratio:    0.00 (Gate area) 
      Cumulative area ratio:   74.78
      Required ratio:    0.00 (Cumulative area) 
      Partial area ratio:   55.86
      Required ratio: 2778.20 (Side area) 
      Cumulative area ratio:  375.38
      Required ratio:    0.00 (Cumulative side area) 



Net: _05318_
  Pin:   _11829_/B (sky130_fd_sc_hd__or3_2)
    Layer: mcon
      Partial area ratio:    0.23
      Required ratio:    3.00 (Gate area) 
      Cumulative area ratio:    0.23
      Required ratio:    0.00 (Cumulative area) 

    Layer: met1
      Partial area ratio:    5.30
      Required ratio:    0.00 (Gate area) 
      Cumulative area ratio:    5.30
      Required ratio:    0.00 (Cumulative area) 
      Partial area ratio:   25.02
      Required ratio:  400.00 (Side area) 
      Cumulative area ratio:   25.02
      Required ratio:    0.00 (Cumulative side area) 

    Layer: via
      Partial area ratio:    0.36
      Required ratio:    6.00 (Gate area) 
      Cumulative area ratio:    0.59
      Required ratio:    0.00 (Cumulative area) 

    Layer: met2
      Partial area ratio:    8.88
      Required ratio:    0.00 (Gate area) 
      Cumulative area ratio:   14.17
      Required ratio:    0.00 (Cumulative area) 
      Partial area ratio:   43.62
      Required ratio:  400.00 (Side area) 
      Cumulative area ratio:   68.64
      Required ratio:    0.00 (Cumulative side area) 

    Layer: via2
      Partial area ratio:    0.16
      Required ratio:    6.00 (Gate area) 
      Cumulative area ratio:    0.75
      Required ratio:    0.00 (Cumulative area) 

    Layer: met3
      Partial area ratio:   82.39
      Required ratio:    0.00 (Gate area) 
      Cumulative area ratio:   96.57
      Required ratio:    0.00 (Cumulative area) 
      Partial area ratio:  440.35
      Required ratio:  400.00 (Side area) (VIOLATED)
      Cumulative area ratio:  508.99
      Required ratio:    0.00 (Cumulative side area) 

    Layer: via3
      Partial area ratio:    0.08
      Required ratio:    6.00 (Gate area) 
      Cumulative area ratio:    0.82
      Required ratio:    0.00 (Cumulative area) 

    Layer: met4
      Partial area ratio:   92.55
      Required ratio:    0.00 (Gate area) 
      Cumulative area ratio:  189.12
      Required ratio:    0.00 (Cumulative area) 
      Partial area ratio:  494.05
      Required ratio: 2778.20 (Side area) 
      Cumulative area ratio: 1003.04
      Required ratio:    0.00 (Cumulative side area) 


  Pin:   _11838_/B (sky130_fd_sc_hd__or3_2)
    Layer: mcon
      Partial area ratio:    0.23
      Required ratio:    3.00 (Gate area) 
      Cumulative area ratio:    0.23
      Required ratio:    0.00 (Cumulative area) 

    Layer: met1
      Partial area ratio:   31.06
      Required ratio:    0.00 (Gate area) 
      Cumulative area ratio:   31.06
      Required ratio:    0.00 (Cumulative area) 
      Partial area ratio:  153.42
      Required ratio:  400.00 (Side area) 
      Cumulative area ratio:  153.42
      Required ratio:    0.00 (Cumulative side area) 

    Layer: via
      Partial area ratio:    0.36
      Required ratio:    6.00 (Gate area) 
      Cumulative area ratio:    0.59
      Required ratio:    0.00 (Cumulative area) 

    Layer: met2
      Partial area ratio:   21.67
      Required ratio:    0.00 (Gate area) 
      Cumulative area ratio:   52.73
      Required ratio:    0.00 (Cumulative area) 
      Partial area ratio:  106.63
      Required ratio: 2778.20 (Side area) 
      Cumulative area ratio:  260.04
      Required ratio:    0.00 (Cumulative side area) 

    Layer: via2
      Partial area ratio:    0.16
      Required ratio:   22.04 (Gate area) 
      Cumulative area ratio:    0.75
      Required ratio:    0.00 (Cumulative area) 

    Layer: met3
      Partial area ratio:   33.35
      Required ratio:    0.00 (Gate area) 
      Cumulative area ratio:   86.08
      Required ratio:    0.00 (Cumulative area) 
      Partial area ratio:  179.71
      Required ratio: 2778.20 (Side area) 
      Cumulative area ratio:  439.76
      Required ratio:    0.00 (Cumulative side area) 

    Layer: via3
      Partial area ratio:    0.16
      Required ratio:   22.04 (Gate area) 
      Cumulative area ratio:    0.90
      Required ratio:    0.00 (Cumulative area) 

    Layer: met4
      Partial area ratio:   92.55
      Required ratio:    0.00 (Gate area) 
      Cumulative area ratio:  178.62
      Required ratio:    0.00 (Cumulative area) 
      Partial area ratio:  494.05
      Required ratio: 2778.20 (Side area) 
      Cumulative area ratio:  933.80
      Required ratio:    0.00 (Cumulative side area) 


  Pin:   _11847_/B (sky130_fd_sc_hd__or3_2)
    Layer: li1
      Partial area ratio:    0.11
      Required ratio:    0.00 (Gate area) 
      Cumulative area ratio:    0.11
      Required ratio:    0.00 (Cumulative area) 
      Partial area ratio:    0.40
      Required ratio:   75.00 (Side area) 
      Cumulative area ratio:    0.40
      Required ratio:    0.00 (Cumulative side area) 

    Layer: mcon
      Partial area ratio:    0.23
      Required ratio:    3.00 (Gate area) 
      Cumulative area ratio:    0.23
      Required ratio:    0.00 (Cumulative area) 

    Layer: met1
      Partial area ratio:    0.66
      Required ratio:    0.00 (Gate area) 
      Cumulative area ratio:    0.77
      Required ratio:    0.00 (Cumulative area) 
      Partial area ratio:    3.22
      Required ratio:  400.00 (Side area) 
      Cumulative area ratio:    3.62
      Required ratio:    0.00 (Cumulative side area) 

    Layer: via
      Partial area ratio:    0.18
      Required ratio:    6.00 (Gate area) 
      Cumulative area ratio:    0.41
      Required ratio:    0.00 (Cumulative area) 

    Layer: met2
      Partial area ratio:    4.71
      Required ratio:    0.00 (Gate area) 
      Cumulative area ratio:    5.48
      Required ratio:    0.00 (Cumulative area) 
      Partial area ratio:   22.85
      Required ratio:  400.00 (Side area) 
      Cumulative area ratio:   26.47
      Required ratio:    0.00 (Cumulative side area) 

    Layer: via2
      Partial area ratio:    0.16
      Required ratio:    6.00 (Gate area) 
      Cumulative area ratio:    0.57
      Required ratio:    0.00 (Cumulative area) 

    Layer: met3
      Partial area ratio:   82.39
      Required ratio:    0.00 (Gate area) 
      Cumulative area ratio:   87.88
      Required ratio:    0.00 (Cumulative area) 
      Partial area ratio:  440.35
      Required ratio:  400.00 (Side area) (VIOLATED)
      Cumulative area ratio:  466.82
      Required ratio:    0.00 (Cumulative side area) 

    Layer: via3
      Partial area ratio:    0.08
      Required ratio:    6.00 (Gate area) 
      Cumulative area ratio:    0.65
      Required ratio:    0.00 (Cumulative area) 

    Layer: met4
      Partial area ratio:   92.55
      Required ratio:    0.00 (Gate area) 
      Cumulative area ratio:  180.42
      Required ratio:    0.00 (Cumulative area) 
      Partial area ratio:  494.05
      Required ratio: 2778.20 (Side area) 
      Cumulative area ratio:  960.86
      Required ratio:    0.00 (Cumulative side area) 


  Pin:   _11856_/B (sky130_fd_sc_hd__or3_2)
    Layer: mcon
      Partial area ratio:    0.23
      Required ratio:    3.00 (Gate area) 
      Cumulative area ratio:    0.23
      Required ratio:    0.00 (Cumulative area) 

    Layer: met1
      Partial area ratio:    3.83
      Required ratio:    0.00 (Gate area) 
      Cumulative area ratio:    3.83
      Required ratio:    0.00 (Cumulative area) 
      Partial area ratio:   17.68
      Required ratio:  400.00 (Side area) 
      Cumulative area ratio:   17.68
      Required ratio:    0.00 (Cumulative side area) 

    Layer: via
      Partial area ratio:    0.36
      Required ratio:    6.00 (Gate area) 
      Cumulative area ratio:    0.59
      Required ratio:    0.00 (Cumulative area) 

    Layer: met2
      Partial area ratio:    1.48
      Required ratio:    0.00 (Gate area) 
      Cumulative area ratio:    5.31
      Required ratio:    0.00 (Cumulative area) 
      Partial area ratio:    6.83
      Required ratio:  400.00 (Side area) 
      Cumulative area ratio:   24.52
      Required ratio:    0.00 (Cumulative side area) 

    Layer: via2
      Partial area ratio:    0.32
      Required ratio:    6.00 (Gate area) 
      Cumulative area ratio:    0.90
      Required ratio:    0.00 (Cumulative area) 

    Layer: met3
      Partial area ratio:    0.99
      Required ratio:    0.00 (Gate area) 
      Cumulative area ratio:    6.30
      Required ratio:    0.00 (Cumulative area) 
      Partial area ratio:    9.02
      Required ratio:  400.00 (Side area) 
      Cumulative area ratio:   33.53
      Required ratio:    0.00 (Cumulative side area) 

    Layer: via3
      Partial area ratio:    0.32
      Required ratio:    6.00 (Gate area) 
      Cumulative area ratio:    1.22
      Required ratio:    0.00 (Cumulative area) 

    Layer: met4
      Partial area ratio:   92.55
      Required ratio:    0.00 (Gate area) 
      Cumulative area ratio:   98.85
      Required ratio:    0.00 (Cumulative area) 
      Partial area ratio:  494.05
      Required ratio: 2778.20 (Side area) 
      Cumulative area ratio:  527.58
      Required ratio:    0.00 (Cumulative side area) 


  Pin:   _11901_/B (sky130_fd_sc_hd__or3_2)
    Layer: mcon
      Partial area ratio:    0.23
      Required ratio:    3.00 (Gate area) 
      Cumulative area ratio:    0.23
      Required ratio:    0.00 (Cumulative area) 

    Layer: met1
      Partial area ratio:    5.05
      Required ratio:    0.00 (Gate area) 
      Cumulative area ratio:    5.05
      Required ratio:    0.00 (Cumulative area) 
      Partial area ratio:   23.79
      Required ratio:  400.00 (Side area) 
      Cumulative area ratio:   23.79
      Required ratio:    0.00 (Cumulative side area) 

    Layer: via
      Partial area ratio:    0.36
      Required ratio:    6.00 (Gate area) 
      Cumulative area ratio:    0.59
      Required ratio:    0.00 (Cumulative area) 

    Layer: met2
      Partial area ratio:    8.88
      Required ratio:    0.00 (Gate area) 
      Cumulative area ratio:   13.93
      Required ratio:    0.00 (Cumulative area) 
      Partial area ratio:   43.62
      Required ratio:  400.00 (Side area) 
      Cumulative area ratio:   67.42
      Required ratio:    0.00 (Cumulative side area) 

    Layer: via2
      Partial area ratio:    0.16
      Required ratio:    6.00 (Gate area) 
      Cumulative area ratio:    0.75
      Required ratio:    0.00 (Cumulative area) 

    Layer: met3
      Partial area ratio:   82.39
      Required ratio:    0.00 (Gate area) 
      Cumulative area ratio:   96.32
      Required ratio:    0.00 (Cumulative area) 
      Partial area ratio:  440.35
      Required ratio:  400.00 (Side area) (VIOLATED)
      Cumulative area ratio:  507.77
      Required ratio:    0.00 (Cumulative side area) 

    Layer: via3
      Partial area ratio:    0.08
      Required ratio:    6.00 (Gate area) 
      Cumulative area ratio:    0.82
      Required ratio:    0.00 (Cumulative area) 

    Layer: met4
      Partial area ratio:   92.55
      Required ratio:    0.00 (Gate area) 
      Cumulative area ratio:  188.87
      Required ratio:    0.00 (Cumulative area) 
      Partial area ratio:  494.05
      Required ratio: 2778.20 (Side area) 
      Cumulative area ratio: 1001.82
      Required ratio:    0.00 (Cumulative side area) 


  Pin:   _11910_/B (sky130_fd_sc_hd__or3_2)
    Layer: mcon
      Partial area ratio:    0.23
      Required ratio:    3.00 (Gate area) 
      Cumulative area ratio:    0.23
      Required ratio:    0.00 (Cumulative area) 

    Layer: met1
      Partial area ratio:   31.06
      Required ratio:    0.00 (Gate area) 
      Cumulative area ratio:   31.06
      Required ratio:    0.00 (Cumulative area) 
      Partial area ratio:  153.42
      Required ratio:  400.00 (Side area) 
      Cumulative area ratio:  153.42
      Required ratio:    0.00 (Cumulative side area) 

    Layer: via
      Partial area ratio:    0.36
      Required ratio:    6.00 (Gate area) 
      Cumulative area ratio:    0.59
      Required ratio:    0.00 (Cumulative area) 

    Layer: met2
      Partial area ratio:   21.67
      Required ratio:    0.00 (Gate area) 
      Cumulative area ratio:   52.73
      Required ratio:    0.00 (Cumulative area) 
      Partial area ratio:  106.63
      Required ratio: 2778.20 (Side area) 
      Cumulative area ratio:  260.04
      Required ratio:    0.00 (Cumulative side area) 

    Layer: via2
      Partial area ratio:    0.16
      Required ratio:   22.04 (Gate area) 
      Cumulative area ratio:    0.75
      Required ratio:    0.00 (Cumulative area) 

    Layer: met3
      Partial area ratio:   33.35
      Required ratio:    0.00 (Gate area) 
      Cumulative area ratio:   86.08
      Required ratio:    0.00 (Cumulative area) 
      Partial area ratio:  179.71
      Required ratio: 2778.20 (Side area) 
      Cumulative area ratio:  439.76
      Required ratio:    0.00 (Cumulative side area) 

    Layer: via3
      Partial area ratio:    0.16
      Required ratio:   22.04 (Gate area) 
      Cumulative area ratio:    0.90
      Required ratio:    0.00 (Cumulative area) 

    Layer: met4
      Partial area ratio:   92.55
      Required ratio:    0.00 (Gate area) 
      Cumulative area ratio:  178.62
      Required ratio:    0.00 (Cumulative area) 
      Partial area ratio:  494.05
      Required ratio: 2778.20 (Side area) 
      Cumulative area ratio:  933.80
      Required ratio:    0.00 (Cumulative side area) 


  Pin:   _11919_/B (sky130_fd_sc_hd__or3_2)
    Layer: mcon
      Partial area ratio:    0.23
      Required ratio:    3.00 (Gate area) 
      Cumulative area ratio:    0.23
      Required ratio:    0.00 (Cumulative area) 

    Layer: met1
      Partial area ratio:    9.57
      Required ratio:    0.00 (Gate area) 
      Cumulative area ratio:    9.57
      Required ratio:    0.00 (Cumulative area) 
      Partial area ratio:   46.36
      Required ratio:  400.00 (Side area) 
      Cumulative area ratio:   46.36
      Required ratio:    0.00 (Cumulative side area) 

    Layer: via
      Partial area ratio:    0.36
      Required ratio:    6.00 (Gate area) 
      Cumulative area ratio:    0.59
      Required ratio:    0.00 (Cumulative area) 

    Layer: met2
      Partial area ratio:    4.71
      Required ratio:    0.00 (Gate area) 
      Cumulative area ratio:   14.28
      Required ratio:    0.00 (Cumulative area) 
      Partial area ratio:   22.85
      Required ratio:  400.00 (Side area) 
      Cumulative area ratio:   69.21
      Required ratio:    0.00 (Cumulative side area) 

    Layer: via2
      Partial area ratio:    0.16
      Required ratio:    6.00 (Gate area) 
      Cumulative area ratio:    0.75
      Required ratio:    0.00 (Cumulative area) 

    Layer: met3
      Partial area ratio:   82.39
      Required ratio:    0.00 (Gate area) 
      Cumulative area ratio:   96.67
      Required ratio:    0.00 (Cumulative area) 
      Partial area ratio:  440.35
      Required ratio:  400.00 (Side area) (VIOLATED)
      Cumulative area ratio:  509.56
      Required ratio:    0.00 (Cumulative side area) 

    Layer: via3
      Partial area ratio:    0.08
      Required ratio:    6.00 (Gate area) 
      Cumulative area ratio:    0.82
      Required ratio:    0.00 (Cumulative area) 

    Layer: met4
      Partial area ratio:   92.55
      Required ratio:    0.00 (Gate area) 
      Cumulative area ratio:  189.22
      Required ratio:    0.00 (Cumulative area) 
      Partial area ratio:  494.05
      Required ratio: 2778.20 (Side area) 
      Cumulative area ratio: 1003.61
      Required ratio:    0.00 (Cumulative side area) 


  Pin:   _11928_/B (sky130_fd_sc_hd__or3_2)
    Layer: mcon
      Partial area ratio:    0.23
      Required ratio:    3.00 (Gate area) 
      Cumulative area ratio:    0.23
      Required ratio:    0.00 (Cumulative area) 

    Layer: met1
      Partial area ratio:   12.32
      Required ratio:    0.00 (Gate area) 
      Cumulative area ratio:   12.32
      Required ratio:    0.00 (Cumulative area) 
      Partial area ratio:   60.13
      Required ratio:  400.00 (Side area) 
      Cumulative area ratio:   60.13
      Required ratio:    0.00 (Cumulative side area) 

    Layer: via
      Partial area ratio:    0.36
      Required ratio:    6.00 (Gate area) 
      Cumulative area ratio:    0.59
      Required ratio:    0.00 (Cumulative area) 

    Layer: met2
      Partial area ratio:    1.48
      Required ratio:    0.00 (Gate area) 
      Cumulative area ratio:   13.80
      Required ratio:    0.00 (Cumulative area) 
      Partial area ratio:    6.83
      Required ratio:  400.00 (Side area) 
      Cumulative area ratio:   66.96
      Required ratio:    0.00 (Cumulative side area) 

    Layer: via2
      Partial area ratio:    0.32
      Required ratio:    6.00 (Gate area) 
      Cumulative area ratio:    0.90
      Required ratio:    0.00 (Cumulative area) 

    Layer: met3
      Partial area ratio:    0.99
      Required ratio:    0.00 (Gate area) 
      Cumulative area ratio:   14.79
      Required ratio:    0.00 (Cumulative area) 
      Partial area ratio:    9.02
      Required ratio:  400.00 (Side area) 
      Cumulative area ratio:   75.98
      Required ratio:    0.00 (Cumulative side area) 

    Layer: via3
      Partial area ratio:    0.32
      Required ratio:    6.00 (Gate area) 
      Cumulative area ratio:    1.22
      Required ratio:    0.00 (Cumulative area) 

    Layer: met4
      Partial area ratio:   92.55
      Required ratio:    0.00 (Gate area) 
      Cumulative area ratio:  107.34
      Required ratio:    0.00 (Cumulative area) 
      Partial area ratio:  494.05
      Required ratio: 2778.20 (Side area) 
      Cumulative area ratio:  570.02
      Required ratio:    0.00 (Cumulative side area) 



Net: _05495_
  Pin:   _09328_/B (sky130_fd_sc_hd__or4_2)
    Layer: mcon
      Partial area ratio:    0.23
      Required ratio:    3.00 (Gate area) 
      Cumulative area ratio:    0.23
      Required ratio:    0.00 (Cumulative area) 

    Layer: met1
      Partial area ratio:   21.96
      Required ratio:    0.00 (Gate area) 
      Cumulative area ratio:   21.96
      Required ratio:    0.00 (Cumulative area) 
      Partial area ratio:  108.33
      Required ratio:  400.00 (Side area) 
      Cumulative area ratio:  108.33
      Required ratio:    0.00 (Cumulative side area) 

    Layer: via
      Partial area ratio:    0.36
      Required ratio:    6.00 (Gate area) 
      Cumulative area ratio:    0.59
      Required ratio:    0.00 (Cumulative area) 

    Layer: met2
      Partial area ratio:   63.09
      Required ratio:    0.00 (Gate area) 
      Cumulative area ratio:   85.05
      Required ratio:    0.00 (Cumulative area) 
      Partial area ratio:  314.03
      Required ratio:  400.00 (Side area) 
      Cumulative area ratio:  422.36
      Required ratio:    0.00 (Cumulative side area) 

    Layer: via2
      Partial area ratio:    0.32
      Required ratio:    6.00 (Gate area) 
      Cumulative area ratio:    0.90
      Required ratio:    0.00 (Cumulative area) 

    Layer: met3
      Partial area ratio:  148.84
      Required ratio:    0.00 (Gate area) 
      Cumulative area ratio:  233.90
      Required ratio:    0.00 (Cumulative area) 
      Partial area ratio:  797.52
      Required ratio:  400.00 (Side area) (VIOLATED)
      Cumulative area ratio: 1219.88
      Required ratio:    0.00 (Cumulative side area) 

    Layer: via3
      Partial area ratio:    0.32
      Required ratio:    6.00 (Gate area) 
      Cumulative area ratio:    1.22
      Required ratio:    0.00 (Cumulative area) 

    Layer: met4
      Partial area ratio:  230.94
      Required ratio:    0.00 (Gate area) 
      Cumulative area ratio:  464.84
      Required ratio:    0.00 (Cumulative area) 
      Partial area ratio: 1235.43
      Required ratio: 2831.00 (Side area) 
      Cumulative area ratio: 2455.31
      Required ratio:    0.00 (Cumulative side area) 



Net: _05565_
  Pin:   _09372_/D (sky130_fd_sc_hd__or4_2)
    Layer: mcon
      Partial area ratio:    0.23
      Required ratio:    3.00 (Gate area) 
      Cumulative area ratio:    0.23
      Required ratio:    0.00 (Cumulative area) 

    Layer: met1
      Partial area ratio:  128.00
      Required ratio:    0.00 (Gate area) 
      Cumulative area ratio:  128.00
      Required ratio:    0.00 (Cumulative area) 
      Partial area ratio:  638.54
      Required ratio:  400.00 (Side area) (VIOLATED)
      Cumulative area ratio:  638.54
      Required ratio:    0.00 (Cumulative side area) 

    Layer: via
      Partial area ratio:    0.36
      Required ratio:    6.00 (Gate area) 
      Cumulative area ratio:    0.59
      Required ratio:    0.00 (Cumulative area) 

    Layer: met2
      Partial area ratio:    9.32
      Required ratio:    0.00 (Gate area) 
      Cumulative area ratio:  137.32
      Required ratio:    0.00 (Cumulative area) 
      Partial area ratio:   45.51
      Required ratio: 2778.20 (Side area) 
      Cumulative area ratio:  684.05
      Required ratio:    0.00 (Cumulative side area) 



Net: _05581_
  Pin:   _09414_/A (sky130_fd_sc_hd__or4_2)
    Layer: mcon
      Partial area ratio:    0.23
      Required ratio:    3.00 (Gate area) 
      Cumulative area ratio:    0.23
      Required ratio:    0.00 (Cumulative area) 

    Layer: met1
      Partial area ratio:    8.98
      Required ratio:    0.00 (Gate area) 
      Cumulative area ratio:    8.98
      Required ratio:    0.00 (Cumulative area) 
      Partial area ratio:   42.81
      Required ratio:  400.00 (Side area) 
      Cumulative area ratio:   42.81
      Required ratio:    0.00 (Cumulative side area) 

    Layer: via
      Partial area ratio:    0.36
      Required ratio:    6.00 (Gate area) 
      Cumulative area ratio:    0.59
      Required ratio:    0.00 (Cumulative area) 

    Layer: met2
      Partial area ratio:   24.76
      Required ratio:    0.00 (Gate area) 
      Cumulative area ratio:   33.74
      Required ratio:    0.00 (Cumulative area) 
      Partial area ratio:  122.36
      Required ratio:  400.00 (Side area) 
      Cumulative area ratio:  165.17
      Required ratio:    0.00 (Cumulative side area) 

    Layer: via2
      Partial area ratio:    0.32
      Required ratio:    6.00 (Gate area) 
      Cumulative area ratio:    0.90
      Required ratio:    0.00 (Cumulative area) 

    Layer: met3
      Partial area ratio:  181.70
      Required ratio:    0.00 (Gate area) 
      Cumulative area ratio:  215.44
      Required ratio:    0.00 (Cumulative area) 
      Partial area ratio:  972.76
      Required ratio:  400.00 (Side area) (VIOLATED)
      Cumulative area ratio: 1137.93
      Required ratio:    0.00 (Cumulative side area) 

    Layer: via3
      Partial area ratio:    0.32
      Required ratio:    6.00 (Gate area) 
      Cumulative area ratio:    1.22
      Required ratio:    0.00 (Cumulative area) 

    Layer: met4
      Partial area ratio:   83.09
      Required ratio:    0.00 (Gate area) 
      Cumulative area ratio:  298.52
      Required ratio:    0.00 (Cumulative area) 
      Partial area ratio:  446.86
      Required ratio: 2831.00 (Side area) 
      Cumulative area ratio: 1584.79
      Required ratio:    0.00 (Cumulative side area) 



Net: _05734_
  Pin:   _09547_/B1 (sky130_fd_sc_hd__o221a_2)
    Layer: mcon
      Partial area ratio:    0.12
      Required ratio:    3.00 (Gate area) 
      Cumulative area ratio:    0.12
      Required ratio:    0.00 (Cumulative area) 

    Layer: met1
      Partial area ratio:   88.33
      Required ratio:    0.00 (Gate area) 
      Cumulative area ratio:   88.33
      Required ratio:    0.00 (Cumulative area) 
      Partial area ratio:  440.90
      Required ratio:  400.00 (Side area) (VIOLATED)
      Cumulative area ratio:  440.90
      Required ratio:    0.00 (Cumulative side area) 

    Layer: via
      Partial area ratio:    0.18
      Required ratio:    6.00 (Gate area) 
      Cumulative area ratio:    0.30
      Required ratio:    0.00 (Cumulative area) 

    Layer: met2
      Partial area ratio:    8.97
      Required ratio:    0.00 (Gate area) 
      Cumulative area ratio:   97.30
      Required ratio:    0.00 (Cumulative area) 
      Partial area ratio:   44.29
      Required ratio: 2778.20 (Side area) 
      Cumulative area ratio:  485.19
      Required ratio:    0.00 (Cumulative side area) 



Net: _05751_
  Pin:   _09589_/B (sky130_fd_sc_hd__or4_2)
    Layer: mcon
      Partial area ratio:    0.23
      Required ratio:    3.00 (Gate area) 
      Cumulative area ratio:    0.23
      Required ratio:    0.00 (Cumulative area) 

    Layer: met1
      Partial area ratio:    2.94
      Required ratio:    0.00 (Gate area) 
      Cumulative area ratio:    2.94
      Required ratio:    0.00 (Cumulative area) 
      Partial area ratio:   13.22
      Required ratio:  400.00 (Side area) 
      Cumulative area ratio:   13.22
      Required ratio:    0.00 (Cumulative side area) 

    Layer: via
      Partial area ratio:    0.36
      Required ratio:    6.00 (Gate area) 
      Cumulative area ratio:    0.59
      Required ratio:    0.00 (Cumulative area) 

    Layer: met2
      Partial area ratio:    1.48
      Required ratio:    0.00 (Gate area) 
      Cumulative area ratio:    4.42
      Required ratio:    0.00 (Cumulative area) 
      Partial area ratio:    6.83
      Required ratio:  400.00 (Side area) 
      Cumulative area ratio:   20.06
      Required ratio:    0.00 (Cumulative side area) 

    Layer: via2
      Partial area ratio:    0.32
      Required ratio:    6.00 (Gate area) 
      Cumulative area ratio:    0.90
      Required ratio:    0.00 (Cumulative area) 

    Layer: met3
      Partial area ratio:  132.41
      Required ratio:    0.00 (Gate area) 
      Cumulative area ratio:  136.83
      Required ratio:    0.00 (Cumulative area) 
      Partial area ratio:  709.90
      Required ratio:  400.00 (Side area) (VIOLATED)
      Cumulative area ratio:  729.96
      Required ratio:    0.00 (Cumulative side area) 

    Layer: via3
      Partial area ratio:    0.32
      Required ratio:    6.00 (Gate area) 
      Cumulative area ratio:    1.22
      Required ratio:    0.00 (Cumulative area) 

    Layer: met4
      Partial area ratio:   17.37
      Required ratio:    0.00 (Gate area) 
      Cumulative area ratio:  154.21
      Required ratio:    0.00 (Cumulative area) 
      Partial area ratio:   96.38
      Required ratio: 2831.00 (Side area) 
      Cumulative area ratio:  826.34
      Required ratio:    0.00 (Cumulative side area) 



Net: _05817_
  Pin:   _09631_/D (sky130_fd_sc_hd__or4_2)
    Layer: mcon
      Partial area ratio:    0.23
      Required ratio:    3.00 (Gate area) 
      Cumulative area ratio:    0.23
      Required ratio:    0.00 (Cumulative area) 

    Layer: met1
      Partial area ratio:  134.74
      Required ratio:    0.00 (Gate area) 
      Cumulative area ratio:  134.74
      Required ratio:    0.00 (Cumulative area) 
      Partial area ratio:  672.21
      Required ratio:  400.00 (Side area) (VIOLATED)
      Cumulative area ratio:  672.21
      Required ratio:    0.00 (Cumulative side area) 

    Layer: via
      Partial area ratio:    0.36
      Required ratio:    6.00 (Gate area) 
      Cumulative area ratio:    0.59
      Required ratio:    0.00 (Cumulative area) 

    Layer: met2
      Partial area ratio:    9.95
      Required ratio:    0.00 (Gate area) 
      Cumulative area ratio:  144.69
      Required ratio:    0.00 (Cumulative area) 
      Partial area ratio:   48.67
      Required ratio: 2831.00 (Side area) 
      Cumulative area ratio:  720.88
      Required ratio:    0.00 (Cumulative side area) 



Net: _06421_
  Pin:   _10259_/C1 (sky130_fd_sc_hd__a221o_2)
    Layer: mcon
      Partial area ratio:    0.12
      Required ratio:    3.00 (Gate area) 
      Cumulative area ratio:    0.12
      Required ratio:    0.00 (Cumulative area) 

    Layer: met1
      Partial area ratio:   91.46
      Required ratio:    0.00 (Gate area) 
      Cumulative area ratio:   91.46
      Required ratio:    0.00 (Cumulative area) 
      Partial area ratio:  456.53
      Required ratio:  400.00 (Side area) (VIOLATED)
      Cumulative area ratio:  456.53
      Required ratio:    0.00 (Cumulative side area) 

    Layer: via
      Partial area ratio:    0.18
      Required ratio:    6.00 (Gate area) 
      Cumulative area ratio:    0.30
      Required ratio:    0.00 (Cumulative area) 

    Layer: met2
      Partial area ratio:    5.07
      Required ratio:    0.00 (Gate area) 
      Cumulative area ratio:   96.52
      Required ratio:    0.00 (Cumulative area) 
      Partial area ratio:   24.78
      Required ratio: 2831.00 (Side area) 
      Cumulative area ratio:  481.30
      Required ratio:    0.00 (Cumulative side area) 



Net: _06442_
  Pin:   _10285_/A (sky130_fd_sc_hd__or4_2)
    Layer: mcon
      Partial area ratio:    0.23
      Required ratio:    3.00 (Gate area) 
      Cumulative area ratio:    0.23
      Required ratio:    0.00 (Cumulative area) 

    Layer: met1
      Partial area ratio:   83.70
      Required ratio:    0.00 (Gate area) 
      Cumulative area ratio:   83.70
      Required ratio:    0.00 (Cumulative area) 
      Partial area ratio:  417.04
      Required ratio:  400.00 (Side area) (VIOLATED)
      Cumulative area ratio:  417.04
      Required ratio:    0.00 (Cumulative side area) 

    Layer: via
      Partial area ratio:    0.36
      Required ratio:    6.00 (Gate area) 
      Cumulative area ratio:    0.59
      Required ratio:    0.00 (Cumulative area) 

    Layer: met2
      Partial area ratio:    9.95
      Required ratio:    0.00 (Gate area) 
      Cumulative area ratio:   93.65
      Required ratio:    0.00 (Cumulative area) 
      Partial area ratio:   48.67
      Required ratio: 2831.00 (Side area) 
      Cumulative area ratio:  465.71
      Required ratio:    0.00 (Cumulative side area) 



Net: _06464_
  Pin:   _10329_/A (sky130_fd_sc_hd__or4_2)
    Layer: mcon
      Partial area ratio:    0.23
      Required ratio:    3.00 (Gate area) 
      Cumulative area ratio:    0.23
      Required ratio:    0.00 (Cumulative area) 

    Layer: met1
      Partial area ratio:  165.81
      Required ratio:    0.00 (Gate area) 
      Cumulative area ratio:  165.81
      Required ratio:    0.00 (Cumulative area) 
      Partial area ratio:  827.57
      Required ratio:  400.00 (Side area) (VIOLATED)
      Cumulative area ratio:  827.57
      Required ratio:    0.00 (Cumulative side area) 

    Layer: via
      Partial area ratio:    0.36
      Required ratio:    6.00 (Gate area) 
      Cumulative area ratio:    0.59
      Required ratio:    0.00 (Cumulative area) 

    Layer: met2
      Partial area ratio:    9.95
      Required ratio:    0.00 (Gate area) 
      Cumulative area ratio:  175.76
      Required ratio:    0.00 (Cumulative area) 
      Partial area ratio:   48.67
      Required ratio: 2831.00 (Side area) 
      Cumulative area ratio:  876.24
      Required ratio:    0.00 (Cumulative side area) 



Net: _06499_
  Pin:   _10329_/D (sky130_fd_sc_hd__or4_2)
    Layer: mcon
      Partial area ratio:    0.23
      Required ratio:    3.00 (Gate area) 
      Cumulative area ratio:    0.23
      Required ratio:    0.00 (Cumulative area) 

    Layer: met1
      Partial area ratio:   95.91
      Required ratio:    0.00 (Gate area) 
      Cumulative area ratio:   95.91
      Required ratio:    0.00 (Cumulative area) 
      Partial area ratio:  478.08
      Required ratio:  400.00 (Side area) (VIOLATED)
      Cumulative area ratio:  478.08
      Required ratio:    0.00 (Cumulative side area) 

    Layer: via
      Partial area ratio:    0.36
      Required ratio:    6.00 (Gate area) 
      Cumulative area ratio:    0.59
      Required ratio:    0.00 (Cumulative area) 

    Layer: met2
      Partial area ratio:    9.95
      Required ratio:    0.00 (Gate area) 
      Cumulative area ratio:  105.86
      Required ratio:    0.00 (Cumulative area) 
      Partial area ratio:   48.67
      Required ratio: 2831.00 (Side area) 
      Cumulative area ratio:  526.75
      Required ratio:    0.00 (Cumulative side area) 



Net: _06671_
  Pin:   _10504_/D (sky130_fd_sc_hd__or4_2)
    Layer: mcon
      Partial area ratio:    0.23
      Required ratio:    3.00 (Gate area) 
      Cumulative area ratio:    0.23
      Required ratio:    0.00 (Cumulative area) 

    Layer: met1
      Partial area ratio:   98.67
      Required ratio:    0.00 (Gate area) 
      Cumulative area ratio:   98.67
      Required ratio:    0.00 (Cumulative area) 
      Partial area ratio:  491.87
      Required ratio:  400.00 (Side area) (VIOLATED)
      Cumulative area ratio:  491.87
      Required ratio:    0.00 (Cumulative side area) 

    Layer: via
      Partial area ratio:    0.36
      Required ratio:    6.00 (Gate area) 
      Cumulative area ratio:    0.59
      Required ratio:    0.00 (Cumulative area) 

    Layer: met2
      Partial area ratio:   26.25
      Required ratio:    0.00 (Gate area) 
      Cumulative area ratio:  124.92
      Required ratio:    0.00 (Cumulative area) 
      Partial area ratio:  129.22
      Required ratio: 2778.20 (Side area) 
      Cumulative area ratio:  621.09
      Required ratio:    0.00 (Cumulative side area) 



Net: clk
  Pin:   clkbuf_0_clk/A (sky130_fd_sc_hd__clkbuf_8)
    Layer: mcon
      Partial area ratio:    0.07
      Required ratio:    3.00 (Gate area) 
      Cumulative area ratio:    0.07
      Required ratio:    0.00 (Cumulative area) 

    Layer: met1
      Partial area ratio:    1.64
      Required ratio:    0.00 (Gate area) 
      Cumulative area ratio:    1.64
      Required ratio:    0.00 (Cumulative area) 
      Partial area ratio:    7.78
      Required ratio:  400.00 (Side area) 
      Cumulative area ratio:    7.78
      Required ratio:    0.00 (Cumulative side area) 

    Layer: via
      Partial area ratio:    0.11
      Required ratio:    6.00 (Gate area) 
      Cumulative area ratio:    0.17
      Required ratio:    0.00 (Cumulative area) 

    Layer: met2
      Partial area ratio:  167.71
      Required ratio:    0.00 (Gate area) 
      Cumulative area ratio:  169.35
      Required ratio:    0.00 (Cumulative area) 
      Partial area ratio:  838.23
      Required ratio:  400.00 (Side area) (VIOLATED)
      Cumulative area ratio:  846.01
      Required ratio:    0.00 (Cumulative side area) 



Net: core0.regs.registers\[1\]\[30\]
  Pin:   _08303_/A0 (sky130_fd_sc_hd__mux4_2)
    Layer: mcon
      Partial area ratio:    0.18
      Required ratio:    3.00 (Gate area) 
      Cumulative area ratio:    0.18
      Required ratio:    0.00 (Cumulative area) 

    Layer: met1
      Partial area ratio:    7.54
      Required ratio:    0.00 (Gate area) 
      Cumulative area ratio:    7.54
      Required ratio:    0.00 (Cumulative area) 
      Partial area ratio:   35.80
      Required ratio: 2778.20 (Side area) 
      Cumulative area ratio:   35.80
      Required ratio:    0.00 (Cumulative side area) 

    Layer: via
      Partial area ratio:    0.32
      Required ratio:   22.04 (Gate area) 
      Cumulative area ratio:    0.50
      Required ratio:    0.00 (Cumulative area) 

    Layer: met2
      Partial area ratio:    3.94
      Required ratio:    0.00 (Gate area) 
      Cumulative area ratio:   11.47
      Required ratio:    0.00 (Cumulative area) 
      Partial area ratio:   19.24
      Required ratio: 2778.20 (Side area) 
      Cumulative area ratio:   55.04
      Required ratio:    0.00 (Cumulative side area) 


  Pin:   _08306_/B (sky130_fd_sc_hd__and3_2)
    Layer: mcon
      Partial area ratio:    0.23
      Required ratio:    3.00 (Gate area) 
      Cumulative area ratio:    0.23
      Required ratio:    0.00 (Cumulative area) 

    Layer: met1
      Partial area ratio:   96.27
      Required ratio:    0.00 (Gate area) 
      Cumulative area ratio:   96.27
      Required ratio:    0.00 (Cumulative area) 
      Partial area ratio:  479.00
      Required ratio:  400.00 (Side area) (VIOLATED)
      Cumulative area ratio:  479.00
      Required ratio:    0.00 (Cumulative side area) 

    Layer: via
      Partial area ratio:    0.54
      Required ratio:    6.00 (Gate area) 
      Cumulative area ratio:    0.77
      Required ratio:    0.00 (Cumulative area) 

    Layer: met2
      Partial area ratio:    3.94
      Required ratio:    0.00 (Gate area) 
      Cumulative area ratio:  100.20
      Required ratio:    0.00 (Cumulative area) 
      Partial area ratio:   19.24
      Required ratio: 2778.20 (Side area) 
      Cumulative area ratio:  498.24
      Required ratio:    0.00 (Cumulative side area) 


  Pin:   _08831_/A3 (sky130_fd_sc_hd__a32o_2)
    Layer: mcon
      Partial area ratio:    0.12
      Required ratio:    3.00 (Gate area) 
      Cumulative area ratio:    0.12
      Required ratio:    0.00 (Cumulative area) 

    Layer: met1
      Partial area ratio:    3.38
      Required ratio:    0.00 (Gate area) 
      Cumulative area ratio:    3.38
      Required ratio:    0.00 (Cumulative area) 
      Partial area ratio:   16.16
      Required ratio:  400.00 (Side area) 
      Cumulative area ratio:   16.16
      Required ratio:    0.00 (Cumulative side area) 

    Layer: via
      Partial area ratio:    0.18
      Required ratio:    6.00 (Gate area) 
      Cumulative area ratio:    0.30
      Required ratio:    0.00 (Cumulative area) 

    Layer: met2
      Partial area ratio:    3.94
      Required ratio:    0.00 (Gate area) 
      Cumulative area ratio:    7.32
      Required ratio:    0.00 (Cumulative area) 
      Partial area ratio:   19.24
      Required ratio: 2778.20 (Side area) 
      Cumulative area ratio:   35.40
      Required ratio:    0.00 (Cumulative side area) 


  Pin:   hold3938/A (sky130_fd_sc_hd__dlygate4sd3_1)
    Layer: mcon
      Partial area ratio:    0.23
      Required ratio:    3.00 (Gate area) 
      Cumulative area ratio:    0.23
      Required ratio:    0.00 (Cumulative area) 

    Layer: met1
      Partial area ratio:    7.54
      Required ratio:    0.00 (Gate area) 
      Cumulative area ratio:    7.54
      Required ratio:    0.00 (Cumulative area) 
      Partial area ratio:   35.80
      Required ratio: 2778.20 (Side area) 
      Cumulative area ratio:   35.80
      Required ratio:    0.00 (Cumulative side area) 

    Layer: via
      Partial area ratio:    0.32
      Required ratio:   22.04 (Gate area) 
      Cumulative area ratio:    0.55
      Required ratio:    0.00 (Cumulative area) 

    Layer: met2
      Partial area ratio:    3.94
      Required ratio:    0.00 (Gate area) 
      Cumulative area ratio:   11.47
      Required ratio:    0.00 (Cumulative area) 
      Partial area ratio:   19.24
      Required ratio: 2778.20 (Side area) 
      Cumulative area ratio:   55.04
      Required ratio:    0.00 (Cumulative side area) 



Net: reset
  Pin:   fanout328/A (sky130_fd_sc_hd__clkdlybuf4s25_1)
    Layer: mcon
      Partial area ratio:    0.14
      Required ratio:    3.00 (Gate area) 
      Cumulative area ratio:    0.14
      Required ratio:    0.00 (Cumulative area) 

    Layer: met1
      Partial area ratio:    3.62
      Required ratio:    0.00 (Gate area) 
      Cumulative area ratio:    3.62
      Required ratio:    0.00 (Cumulative area) 
      Partial area ratio:   17.23
      Required ratio:  400.00 (Side area) 
      Cumulative area ratio:   17.23
      Required ratio:    0.00 (Cumulative side area) 

    Layer: via
      Partial area ratio:    0.21
      Required ratio:    6.00 (Gate area) 
      Cumulative area ratio:    0.35
      Required ratio:    0.00 (Cumulative area) 

    Layer: met2
      Partial area ratio:  112.76
      Required ratio:    0.00 (Gate area) 
      Cumulative area ratio:  116.38
      Required ratio:    0.00 (Cumulative area) 
      Partial area ratio:  563.12
      Required ratio:  400.00 (Side area) (VIOLATED)
      Cumulative area ratio:  580.35
      Required ratio:    0.00 (Cumulative side area) 


  Pin:   fanout333/A (sky130_fd_sc_hd__buf_2)
    Layer: mcon
      Partial area ratio:    0.18
      Required ratio:    3.00 (Gate area) 
      Cumulative area ratio:    0.18
      Required ratio:    0.00 (Cumulative area) 

    Layer: met1
      Partial area ratio:    4.92
      Required ratio:    0.00 (Gate area) 
      Cumulative area ratio:    4.92
      Required ratio:    0.00 (Cumulative area) 
      Partial area ratio:   23.45
      Required ratio:  400.00 (Side area) 
      Cumulative area ratio:   23.45
      Required ratio:    0.00 (Cumulative side area) 

    Layer: via
      Partial area ratio:    0.28
      Required ratio:    6.00 (Gate area) 
      Cumulative area ratio:    0.46
      Required ratio:    0.00 (Cumulative area) 

    Layer: met2
      Partial area ratio:  112.76
      Required ratio:    0.00 (Gate area) 
      Cumulative area ratio:  117.69
      Required ratio:    0.00 (Cumulative area) 
      Partial area ratio:  563.12
      Required ratio:  400.00 (Side area) (VIOLATED)
      Cumulative area ratio:  586.58
      Required ratio:    0.00 (Cumulative side area) 



Net: system.shared_memory.pending_address\[2\]
  Pin:   _09086_/A (sky130_fd_sc_hd__nor2_2)
    Layer: mcon
      Partial area ratio:    0.06
      Required ratio:    3.00 (Gate area) 
      Cumulative area ratio:    0.06
      Required ratio:    0.00 (Cumulative area) 

    Layer: met1
      Partial area ratio:    1.64
      Required ratio:    0.00 (Gate area) 
      Cumulative area ratio:    1.64
      Required ratio:    0.00 (Cumulative area) 
      Partial area ratio:    7.82
      Required ratio:  400.00 (Side area) 
      Cumulative area ratio:    7.82
      Required ratio:    0.00 (Cumulative side area) 

    Layer: via
      Partial area ratio:    0.09
      Required ratio:    6.00 (Gate area) 
      Cumulative area ratio:    0.15
      Required ratio:    0.00 (Cumulative area) 

    Layer: met2
      Partial area ratio:   24.44
      Required ratio:    0.00 (Gate area) 
      Cumulative area ratio:   26.08
      Required ratio:    0.00 (Cumulative area) 
      Partial area ratio:  121.42
      Required ratio: 2956.40 (Side area) 
      Cumulative area ratio:  129.24
      Required ratio:    0.00 (Cumulative side area) 

    Layer: via2
      Partial area ratio:    0.02
      Required ratio:   38.08 (Gate area) 
      Cumulative area ratio:    0.17
      Required ratio:    0.00 (Cumulative area) 

    Layer: met3
      Partial area ratio:    2.59
      Required ratio:    0.00 (Gate area) 
      Cumulative area ratio:   28.67
      Required ratio:    0.00 (Cumulative area) 
      Partial area ratio:   14.08
      Required ratio: 2956.40 (Side area) 
      Cumulative area ratio:  143.32
      Required ratio:    0.00 (Cumulative side area) 

    Layer: via3
      Partial area ratio:    0.02
      Required ratio:   38.08 (Gate area) 
      Cumulative area ratio:    0.20
      Required ratio:    0.00 (Cumulative area) 

    Layer: met4
      Partial area ratio:    8.75
      Required ratio:    0.00 (Gate area) 
      Cumulative area ratio:   37.42
      Required ratio:    0.00 (Cumulative area) 
      Partial area ratio:   46.89
      Required ratio: 2956.40 (Side area) 
      Cumulative area ratio:  190.21
      Required ratio:    0.00 (Cumulative side area) 


  Pin:   _09722_/A1 (sky130_fd_sc_hd__a41o_2)
    Layer: mcon
      Partial area ratio:    0.12
      Required ratio:    3.00 (Gate area) 
      Cumulative area ratio:    0.12
      Required ratio:    0.00 (Cumulative area) 

    Layer: met1
      Partial area ratio:    4.04
      Required ratio:    0.00 (Gate area) 
      Cumulative area ratio:    4.04
      Required ratio:    0.00 (Cumulative area) 
      Partial area ratio:   19.44
      Required ratio:  400.00 (Side area) 
      Cumulative area ratio:   19.44
      Required ratio:    0.00 (Cumulative side area) 

    Layer: via
      Partial area ratio:    0.18
      Required ratio:    6.00 (Gate area) 
      Cumulative area ratio:    0.30
      Required ratio:    0.00 (Cumulative area) 

    Layer: met2
      Partial area ratio:    0.75
      Required ratio:    0.00 (Gate area) 
      Cumulative area ratio:    4.79
      Required ratio:    0.00 (Cumulative area) 
      Partial area ratio:    3.48
      Required ratio:  400.00 (Side area) 
      Cumulative area ratio:   22.91
      Required ratio:    0.00 (Cumulative side area) 

    Layer: via2
      Partial area ratio:    0.16
      Required ratio:    6.00 (Gate area) 
      Cumulative area ratio:    0.46
      Required ratio:    0.00 (Cumulative area) 

    Layer: met3
      Partial area ratio:  117.59
      Required ratio:    0.00 (Gate area) 
      Cumulative area ratio:  122.38
      Required ratio:    0.00 (Cumulative area) 
      Partial area ratio:  629.04
      Required ratio:  400.00 (Side area) (VIOLATED)
      Cumulative area ratio:  651.96
      Required ratio:    0.00 (Cumulative side area) 

    Layer: via3
      Partial area ratio:    0.16
      Required ratio:    6.00 (Gate area) 
      Cumulative area ratio:    0.62
      Required ratio:    0.00 (Cumulative area) 

    Layer: met4
      Partial area ratio:    8.75
      Required ratio:    0.00 (Gate area) 
      Cumulative area ratio:  131.14
      Required ratio:    0.00 (Cumulative area) 
      Partial area ratio:   46.89
      Required ratio: 2956.40 (Side area) 
      Cumulative area ratio:  698.85
      Required ratio:    0.00 (Cumulative side area) 


  Pin:   _10254_/A (sky130_fd_sc_hd__and4_2)
    Layer: mcon
      Partial area ratio:    0.23
      Required ratio:    3.00 (Gate area) 
      Cumulative area ratio:    0.23
      Required ratio:    0.00 (Cumulative area) 

    Layer: met1
      Partial area ratio:  110.14
      Required ratio:    0.00 (Gate area) 
      Cumulative area ratio:  110.14
      Required ratio:    0.00 (Cumulative area) 
      Partial area ratio:  547.50
      Required ratio:  400.00 (Side area) (VIOLATED)
      Cumulative area ratio:  547.50
      Required ratio:    0.00 (Cumulative side area) 

    Layer: via
      Partial area ratio:    0.71
      Required ratio:    6.00 (Gate area) 
      Cumulative area ratio:    0.94
      Required ratio:    0.00 (Cumulative area) 

    Layer: met2
      Partial area ratio:   24.44
      Required ratio:    0.00 (Gate area) 
      Cumulative area ratio:  134.58
      Required ratio:    0.00 (Cumulative area) 
      Partial area ratio:  121.42
      Required ratio: 2956.40 (Side area) 
      Cumulative area ratio:  668.92
      Required ratio:    0.00 (Cumulative side area) 

    Layer: via2
      Partial area ratio:    0.02
      Required ratio:   38.08 (Gate area) 
      Cumulative area ratio:    0.97
      Required ratio:    0.00 (Cumulative area) 

    Layer: met3
      Partial area ratio:    2.59
      Required ratio:    0.00 (Gate area) 
      Cumulative area ratio:  137.16
      Required ratio:    0.00 (Cumulative area) 
      Partial area ratio:   14.08
      Required ratio: 2956.40 (Side area) 
      Cumulative area ratio:  683.00
      Required ratio:    0.00 (Cumulative side area) 

    Layer: via3
      Partial area ratio:    0.02
      Required ratio:   38.08 (Gate area) 
      Cumulative area ratio:    0.99
      Required ratio:    0.00 (Cumulative area) 

    Layer: met4
      Partial area ratio:    8.75
      Required ratio:    0.00 (Gate area) 
      Cumulative area ratio:  145.92
      Required ratio:    0.00 (Cumulative area) 
      Partial area ratio:   46.89
      Required ratio: 2956.40 (Side area) 
      Cumulative area ratio:  729.89
      Required ratio:    0.00 (Cumulative side area) 


  Pin:   _10264_/A1 (sky130_fd_sc_hd__a41o_2)
    Layer: mcon
      Partial area ratio:    0.12
      Required ratio:    3.00 (Gate area) 
      Cumulative area ratio:    0.12
      Required ratio:    0.00 (Cumulative area) 

    Layer: met1
      Partial area ratio:    2.69
      Required ratio:    0.00 (Gate area) 
      Cumulative area ratio:    2.69
      Required ratio:    0.00 (Cumulative area) 
      Partial area ratio:   12.69
      Required ratio:  400.00 (Side area) 
      Cumulative area ratio:   12.69
      Required ratio:    0.00 (Cumulative side area) 

    Layer: via
      Partial area ratio:    0.18
      Required ratio:    6.00 (Gate area) 
      Cumulative area ratio:    0.30
      Required ratio:    0.00 (Cumulative area) 

    Layer: met2
      Partial area ratio:    0.75
      Required ratio:    0.00 (Gate area) 
      Cumulative area ratio:    3.44
      Required ratio:    0.00 (Cumulative area) 
      Partial area ratio:    3.48
      Required ratio:  400.00 (Side area) 
      Cumulative area ratio:   16.17
      Required ratio:    0.00 (Cumulative side area) 

    Layer: via2
      Partial area ratio:    0.16
      Required ratio:    6.00 (Gate area) 
      Cumulative area ratio:    0.46
      Required ratio:    0.00 (Cumulative area) 

    Layer: met3
      Partial area ratio:    0.50
      Required ratio:    0.00 (Gate area) 
      Cumulative area ratio:    3.95
      Required ratio:    0.00 (Cumulative area) 
      Partial area ratio:    4.59
      Required ratio:  400.00 (Side area) 
      Cumulative area ratio:   20.76
      Required ratio:    0.00 (Cumulative side area) 

    Layer: via3
      Partial area ratio:    0.16
      Required ratio:    6.00 (Gate area) 
      Cumulative area ratio:    0.62
      Required ratio:    0.00 (Cumulative area) 

    Layer: met4
      Partial area ratio:    8.75
      Required ratio:    0.00 (Gate area) 
      Cumulative area ratio:   12.70
      Required ratio:    0.00 (Cumulative area) 
      Partial area ratio:   46.89
      Required ratio: 2956.40 (Side area) 
      Cumulative area ratio:   67.65
      Required ratio:    0.00 (Cumulative side area) 


  Pin:   _10309_/A1 (sky130_fd_sc_hd__a41o_2)
    Layer: mcon
      Partial area ratio:    0.12
      Required ratio:    3.00 (Gate area) 
      Cumulative area ratio:    0.12
      Required ratio:    0.00 (Cumulative area) 

    Layer: met1
      Partial area ratio:    3.91
      Required ratio:    0.00 (Gate area) 
      Cumulative area ratio:    3.91
      Required ratio:    0.00 (Cumulative area) 
      Partial area ratio:   18.80
      Required ratio:  400.00 (Side area) 
      Cumulative area ratio:   18.80
      Required ratio:    0.00 (Cumulative side area) 

    Layer: via
      Partial area ratio:    0.18
      Required ratio:    6.00 (Gate area) 
      Cumulative area ratio:    0.30
      Required ratio:    0.00 (Cumulative area) 

    Layer: met2
      Partial area ratio:   24.44
      Required ratio:    0.00 (Gate area) 
      Cumulative area ratio:   28.35
      Required ratio:    0.00 (Cumulative area) 
      Partial area ratio:  121.42
      Required ratio: 2956.40 (Side area) 
      Cumulative area ratio:  140.22
      Required ratio:    0.00 (Cumulative side area) 

    Layer: via2
      Partial area ratio:    0.02
      Required ratio:   38.08 (Gate area) 
      Cumulative area ratio:    0.32
      Required ratio:    0.00 (Cumulative area) 

    Layer: met3
      Partial area ratio:    2.59
      Required ratio:    0.00 (Gate area) 
      Cumulative area ratio:   30.94
      Required ratio:    0.00 (Cumulative area) 
      Partial area ratio:   14.08
      Required ratio: 2956.40 (Side area) 
      Cumulative area ratio:  154.30
      Required ratio:    0.00 (Cumulative side area) 

    Layer: via3
      Partial area ratio:    0.02
      Required ratio:   38.08 (Gate area) 
      Cumulative area ratio:    0.35
      Required ratio:    0.00 (Cumulative area) 

    Layer: met4
      Partial area ratio:    8.75
      Required ratio:    0.00 (Gate area) 
      Cumulative area ratio:   39.69
      Required ratio:    0.00 (Cumulative area) 
      Partial area ratio:   46.89
      Required ratio: 2956.40 (Side area) 
      Cumulative area ratio:  201.19
      Required ratio:    0.00 (Cumulative side area) 


  Pin:   _10356_/A1 (sky130_fd_sc_hd__a41o_2)
    Layer: mcon
      Partial area ratio:    0.12
      Required ratio:    3.00 (Gate area) 
      Cumulative area ratio:    0.12
      Required ratio:    0.00 (Cumulative area) 

    Layer: met1
      Partial area ratio:    2.51
      Required ratio:    0.00 (Gate area) 
      Cumulative area ratio:    2.51
      Required ratio:    0.00 (Cumulative area) 
      Partial area ratio:   11.81
      Required ratio:  400.00 (Side area) 
      Cumulative area ratio:   11.81
      Required ratio:    0.00 (Cumulative side area) 

    Layer: via
      Partial area ratio:    0.18
      Required ratio:    6.00 (Gate area) 
      Cumulative area ratio:    0.30
      Required ratio:    0.00 (Cumulative area) 

    Layer: met2
      Partial area ratio:   24.44
      Required ratio:    0.00 (Gate area) 
      Cumulative area ratio:   26.95
      Required ratio:    0.00 (Cumulative area) 
      Partial area ratio:  121.42
      Required ratio: 2956.40 (Side area) 
      Cumulative area ratio:  133.23
      Required ratio:    0.00 (Cumulative side area) 

    Layer: via2
      Partial area ratio:    0.02
      Required ratio:   38.08 (Gate area) 
      Cumulative area ratio:    0.32
      Required ratio:    0.00 (Cumulative area) 

    Layer: met3
      Partial area ratio:    2.59
      Required ratio:    0.00 (Gate area) 
      Cumulative area ratio:   29.54
      Required ratio:    0.00 (Cumulative area) 
      Partial area ratio:   14.08
      Required ratio: 2956.40 (Side area) 
      Cumulative area ratio:  147.31
      Required ratio:    0.00 (Cumulative side area) 

    Layer: via3
      Partial area ratio:    0.02
      Required ratio:   38.08 (Gate area) 
      Cumulative area ratio:    0.35
      Required ratio:    0.00 (Cumulative area) 

    Layer: met4
      Partial area ratio:    8.75
      Required ratio:    0.00 (Gate area) 
      Cumulative area ratio:   38.29
      Required ratio:    0.00 (Cumulative area) 
      Partial area ratio:   46.89
      Required ratio: 2956.40 (Side area) 
      Cumulative area ratio:  194.20
      Required ratio:    0.00 (Cumulative side area) 


  Pin:   _10448_/A (sky130_fd_sc_hd__and4_2)
    Layer: mcon
      Partial area ratio:    0.23
      Required ratio:    3.00 (Gate area) 
      Cumulative area ratio:    0.23
      Required ratio:    0.00 (Cumulative area) 

    Layer: met1
      Partial area ratio:   16.88
      Required ratio:    0.00 (Gate area) 
      Cumulative area ratio:   16.88
      Required ratio:    0.00 (Cumulative area) 
      Partial area ratio:   82.94
      Required ratio:  400.00 (Side area) 
      Cumulative area ratio:   82.94
      Required ratio:    0.00 (Cumulative side area) 

    Layer: via
      Partial area ratio:    0.36
      Required ratio:    6.00 (Gate area) 
      Cumulative area ratio:    0.59
      Required ratio:    0.00 (Cumulative area) 

    Layer: met2
      Partial area ratio:   24.44
      Required ratio:    0.00 (Gate area) 
      Cumulative area ratio:   41.32
      Required ratio:    0.00 (Cumulative area) 
      Partial area ratio:  121.42
      Required ratio: 2956.40 (Side area) 
      Cumulative area ratio:  204.36
      Required ratio:    0.00 (Cumulative side area) 

    Layer: via2
      Partial area ratio:    0.02
      Required ratio:   38.08 (Gate area) 
      Cumulative area ratio:    0.61
      Required ratio:    0.00 (Cumulative area) 

    Layer: met3
      Partial area ratio:    2.59
      Required ratio:    0.00 (Gate area) 
      Cumulative area ratio:   43.91
      Required ratio:    0.00 (Cumulative area) 
      Partial area ratio:   14.08
      Required ratio: 2956.40 (Side area) 
      Cumulative area ratio:  218.44
      Required ratio:    0.00 (Cumulative side area) 

    Layer: via3
      Partial area ratio:    0.02
      Required ratio:   38.08 (Gate area) 
      Cumulative area ratio:    0.64
      Required ratio:    0.00 (Cumulative area) 

    Layer: met4
      Partial area ratio:    8.75
      Required ratio:    0.00 (Gate area) 
      Cumulative area ratio:   52.66
      Required ratio:    0.00 (Cumulative area) 
      Partial area ratio:   46.89
      Required ratio: 2956.40 (Side area) 
      Cumulative area ratio:  265.33
      Required ratio:    0.00 (Cumulative side area) 


  Pin:   _14649_/B1 (sky130_fd_sc_hd__a2bb2o_2)
    Layer: mcon
      Partial area ratio:    0.18
      Required ratio:    3.00 (Gate area) 
      Cumulative area ratio:    0.18
      Required ratio:    0.00 (Cumulative area) 

    Layer: met1
      Partial area ratio:   35.99
      Required ratio:    0.00 (Gate area) 
      Cumulative area ratio:   35.99
      Required ratio:    0.00 (Cumulative area) 
      Partial area ratio:  175.64
      Required ratio: 2956.40 (Side area) 
      Cumulative area ratio:  175.64
      Required ratio:    0.00 (Cumulative side area) 

    Layer: via
      Partial area ratio:    0.85
      Required ratio:   38.08 (Gate area) 
      Cumulative area ratio:    1.03
      Required ratio:    0.00 (Cumulative area) 

    Layer: met2
      Partial area ratio:   24.44
      Required ratio:    0.00 (Gate area) 
      Cumulative area ratio:   60.43
      Required ratio:    0.00 (Cumulative area) 
      Partial area ratio:  121.42
      Required ratio: 2956.40 (Side area) 
      Cumulative area ratio:  297.06
      Required ratio:    0.00 (Cumulative side area) 

    Layer: via2
      Partial area ratio:    0.02
      Required ratio:   38.08 (Gate area) 
      Cumulative area ratio:    1.06
      Required ratio:    0.00 (Cumulative area) 

    Layer: met3
      Partial area ratio:    2.59
      Required ratio:    0.00 (Gate area) 
      Cumulative area ratio:   63.02
      Required ratio:    0.00 (Cumulative area) 
      Partial area ratio:   14.08
      Required ratio: 2956.40 (Side area) 
      Cumulative area ratio:  311.14
      Required ratio:    0.00 (Cumulative side area) 

    Layer: via3
      Partial area ratio:    0.02
      Required ratio:   38.08 (Gate area) 
      Cumulative area ratio:    1.08
      Required ratio:    0.00 (Cumulative area) 

    Layer: met4
      Partial area ratio:    8.75
      Required ratio:    0.00 (Gate area) 
      Cumulative area ratio:   71.77
      Required ratio:    0.00 (Cumulative area) 
      Partial area ratio:   46.89
      Required ratio: 2956.40 (Side area) 
      Cumulative area ratio:  358.03
      Required ratio:    0.00 (Cumulative side area) 


  Pin:   place1100/A (sky130_fd_sc_hd__buf_4)
    Layer: mcon
      Partial area ratio:    0.12
      Required ratio:    3.00 (Gate area) 
      Cumulative area ratio:    0.12
      Required ratio:    0.00 (Cumulative area) 

    Layer: met1
      Partial area ratio:    1.81
      Required ratio:    0.00 (Gate area) 
      Cumulative area ratio:    1.81
      Required ratio:    0.00 (Cumulative area) 
      Partial area ratio:    8.32
      Required ratio:  400.00 (Side area) 
      Cumulative area ratio:    8.32
      Required ratio:    0.00 (Cumulative side area) 

    Layer: via
      Partial area ratio:    0.18
      Required ratio:    6.00 (Gate area) 
      Cumulative area ratio:    0.30
      Required ratio:    0.00 (Cumulative area) 

    Layer: met2
      Partial area ratio:   24.44
      Required ratio:    0.00 (Gate area) 
      Cumulative area ratio:   26.25
      Required ratio:    0.00 (Cumulative area) 
      Partial area ratio:  121.42
      Required ratio: 2956.40 (Side area) 
      Cumulative area ratio:  129.74
      Required ratio:    0.00 (Cumulative side area) 

    Layer: via2
      Partial area ratio:    0.02
      Required ratio:   38.08 (Gate area) 
      Cumulative area ratio:    0.32
      Required ratio:    0.00 (Cumulative area) 

    Layer: met3
      Partial area ratio:    2.59
      Required ratio:    0.00 (Gate area) 
      Cumulative area ratio:   28.84
      Required ratio:    0.00 (Cumulative area) 
      Partial area ratio:   14.08
      Required ratio: 2956.40 (Side area) 
      Cumulative area ratio:  143.81
      Required ratio:    0.00 (Cumulative side area) 

    Layer: via3
      Partial area ratio:    0.02
      Required ratio:   38.08 (Gate area) 
      Cumulative area ratio:    0.35
      Required ratio:    0.00 (Cumulative area) 

    Layer: met4
      Partial area ratio:    8.75
      Required ratio:    0.00 (Gate area) 
      Cumulative area ratio:   37.59
      Required ratio:    0.00 (Cumulative area) 
      Partial area ratio:   46.89
      Required ratio: 2956.40 (Side area) 
      Cumulative area ratio:  190.71
      Required ratio:    0.00 (Cumulative side area) 



Net: system.shared_memory.pending_write_data\[15\]
  Pin:   _11810_/A1 (sky130_fd_sc_hd__mux2_1)
    Layer: mcon
      Partial area ratio:    0.23
      Required ratio:    3.00 (Gate area) 
      Cumulative area ratio:    0.23
      Required ratio:    0.00 (Cumulative area) 

    Layer: met1
      Partial area ratio:   17.58
      Required ratio:    0.00 (Gate area) 
      Cumulative area ratio:   17.58
      Required ratio:    0.00 (Cumulative area) 
      Partial area ratio:   86.44
      Required ratio:  400.00 (Side area) 
      Cumulative area ratio:   86.44
      Required ratio:    0.00 (Cumulative side area) 

    Layer: via
      Partial area ratio:    0.27
      Required ratio:    6.00 (Gate area) 
      Cumulative area ratio:    0.50
      Required ratio:    0.00 (Cumulative area) 

    Layer: met2
      Partial area ratio:   12.23
      Required ratio:    0.00 (Gate area) 
      Cumulative area ratio:   29.80
      Required ratio:    0.00 (Cumulative area) 
      Partial area ratio:   60.48
      Required ratio: 2778.20 (Side area) 
      Cumulative area ratio:  146.93
      Required ratio:    0.00 (Cumulative side area) 


  Pin:   _11846_/A0 (sky130_fd_sc_hd__mux2_1)
    Layer: mcon
      Partial area ratio:    0.23
      Required ratio:    3.00 (Gate area) 
      Cumulative area ratio:    0.23
      Required ratio:    0.00 (Cumulative area) 

    Layer: met1
      Partial area ratio:    4.59
      Required ratio:    0.00 (Gate area) 
      Cumulative area ratio:    4.59
      Required ratio:    0.00 (Cumulative area) 
      Partial area ratio:   21.48
      Required ratio:  400.00 (Side area) 
      Cumulative area ratio:   21.48
      Required ratio:    0.00 (Cumulative side area) 

    Layer: via
      Partial area ratio:    0.36
      Required ratio:    6.00 (Gate area) 
      Cumulative area ratio:    0.59
      Required ratio:    0.00 (Cumulative area) 

    Layer: met2
      Partial area ratio:   12.23
      Required ratio:    0.00 (Gate area) 
      Cumulative area ratio:   16.82
      Required ratio:    0.00 (Cumulative area) 
      Partial area ratio:   60.48
      Required ratio: 2778.20 (Side area) 
      Cumulative area ratio:   81.96
      Required ratio:    0.00 (Cumulative side area) 


  Pin:   _11882_/A1 (sky130_fd_sc_hd__mux2_1)
    Layer: mcon
      Partial area ratio:    0.23
      Required ratio:    3.00 (Gate area) 
      Cumulative area ratio:    0.23
      Required ratio:    0.00 (Cumulative area) 

    Layer: met1
      Partial area ratio:   10.63
      Required ratio:    0.00 (Gate area) 
      Cumulative area ratio:   10.63
      Required ratio:    0.00 (Cumulative area) 
      Partial area ratio:   51.67
      Required ratio:  400.00 (Side area) 
      Cumulative area ratio:   51.67
      Required ratio:    0.00 (Cumulative side area) 

    Layer: via
      Partial area ratio:    0.36
      Required ratio:    6.00 (Gate area) 
      Cumulative area ratio:    0.59
      Required ratio:    0.00 (Cumulative area) 

    Layer: met2
      Partial area ratio:   12.23
      Required ratio:    0.00 (Gate area) 
      Cumulative area ratio:   22.86
      Required ratio:    0.00 (Cumulative area) 
      Partial area ratio:   60.48
      Required ratio: 2778.20 (Side area) 
      Cumulative area ratio:  112.15
      Required ratio:    0.00 (Cumulative side area) 


  Pin:   _11918_/A0 (sky130_fd_sc_hd__mux2_1)
    Layer: mcon
      Partial area ratio:    0.23
      Required ratio:    3.00 (Gate area) 
      Cumulative area ratio:    0.23
      Required ratio:    0.00 (Cumulative area) 

    Layer: met1
      Partial area ratio:   27.11
      Required ratio:    0.00 (Gate area) 
      Cumulative area ratio:   27.11
      Required ratio:    0.00 (Cumulative area) 
      Partial area ratio:  133.92
      Required ratio:  400.00 (Side area) 
      Cumulative area ratio:  133.92
      Required ratio:    0.00 (Cumulative side area) 

    Layer: via
      Partial area ratio:    0.32
      Required ratio:    6.00 (Gate area) 
      Cumulative area ratio:    0.55
      Required ratio:    0.00 (Cumulative area) 

    Layer: met2
      Partial area ratio:   12.23
      Required ratio:    0.00 (Gate area) 
      Cumulative area ratio:   39.34
      Required ratio:    0.00 (Cumulative area) 
      Partial area ratio:   60.48
      Required ratio: 2778.20 (Side area) 
      Cumulative area ratio:  194.40
      Required ratio:    0.00 (Cumulative side area) 


  Pin:   _11954_/A1 (sky130_fd_sc_hd__mux2_1)
    Layer: mcon
      Partial area ratio:    0.23
      Required ratio:    3.00 (Gate area) 
      Cumulative area ratio:    0.23
      Required ratio:    0.00 (Cumulative area) 

    Layer: met1
      Partial area ratio:    9.04
      Required ratio:    0.00 (Gate area) 
      Cumulative area ratio:    9.04
      Required ratio:    0.00 (Cumulative area) 
      Partial area ratio:   43.19
      Required ratio:  400.00 (Side area) 
      Cumulative area ratio:   43.19
      Required ratio:    0.00 (Cumulative side area) 

    Layer: via
      Partial area ratio:    0.27
      Required ratio:    6.00 (Gate area) 
      Cumulative area ratio:    0.50
      Required ratio:    0.00 (Cumulative area) 

    Layer: met2
      Partial area ratio:   12.23
      Required ratio:    0.00 (Gate area) 
      Cumulative area ratio:   21.27
      Required ratio:    0.00 (Cumulative area) 
      Partial area ratio:   60.48
      Required ratio: 2778.20 (Side area) 
      Cumulative area ratio:  103.68
      Required ratio:    0.00 (Cumulative side area) 


  Pin:   _11990_/A1 (sky130_fd_sc_hd__mux2_1)
    Layer: mcon
      Partial area ratio:    0.23
      Required ratio:    3.00 (Gate area) 
      Cumulative area ratio:    0.23
      Required ratio:    0.00 (Cumulative area) 

    Layer: met1
      Partial area ratio:    9.04
      Required ratio:    0.00 (Gate area) 
      Cumulative area ratio:    9.04
      Required ratio:    0.00 (Cumulative area) 
      Partial area ratio:   43.19
      Required ratio:  400.00 (Side area) 
      Cumulative area ratio:   43.19
      Required ratio:    0.00 (Cumulative side area) 

    Layer: via
      Partial area ratio:    0.27
      Required ratio:    6.00 (Gate area) 
      Cumulative area ratio:    0.50
      Required ratio:    0.00 (Cumulative area) 

    Layer: met2
      Partial area ratio:   12.23
      Required ratio:    0.00 (Gate area) 
      Cumulative area ratio:   21.27
      Required ratio:    0.00 (Cumulative area) 
      Partial area ratio:   60.48
      Required ratio: 2778.20 (Side area) 
      Cumulative area ratio:  103.68
      Required ratio:    0.00 (Cumulative side area) 


  Pin:   _13613_/A1 (sky130_fd_sc_hd__mux2_1)
    Layer: mcon
      Partial area ratio:    0.23
      Required ratio:    3.00 (Gate area) 
      Cumulative area ratio:    0.23
      Required ratio:    0.00 (Cumulative area) 

    Layer: met1
      Partial area ratio:    7.38
      Required ratio:    0.00 (Gate area) 
      Cumulative area ratio:    7.38
      Required ratio:    0.00 (Cumulative area) 
      Partial area ratio:   35.44
      Required ratio:  400.00 (Side area) 
      Cumulative area ratio:   35.44
      Required ratio:    0.00 (Cumulative side area) 

    Layer: via
      Partial area ratio:    0.36
      Required ratio:    6.00 (Gate area) 
      Cumulative area ratio:    0.59
      Required ratio:    0.00 (Cumulative area) 

    Layer: met2
      Partial area ratio:   12.23
      Required ratio:    0.00 (Gate area) 
      Cumulative area ratio:   19.61
      Required ratio:    0.00 (Cumulative area) 
      Partial area ratio:   60.48
      Required ratio: 2778.20 (Side area) 
      Cumulative area ratio:   95.93
      Required ratio:    0.00 (Cumulative side area) 


  Pin:   _13649_/A1 (sky130_fd_sc_hd__mux2_1)
    Layer: mcon
      Partial area ratio:    0.23
      Required ratio:    3.00 (Gate area) 
      Cumulative area ratio:    0.23
      Required ratio:    0.00 (Cumulative area) 

    Layer: met1
      Partial area ratio:    9.73
      Required ratio:    0.00 (Gate area) 
      Cumulative area ratio:    9.73
      Required ratio:    0.00 (Cumulative area) 
      Partial area ratio:   47.19
      Required ratio:  400.00 (Side area) 
      Cumulative area ratio:   47.19
      Required ratio:    0.00 (Cumulative side area) 

    Layer: via
      Partial area ratio:    0.27
      Required ratio:    6.00 (Gate area) 
      Cumulative area ratio:    0.50
      Required ratio:    0.00 (Cumulative area) 

    Layer: met2
      Partial area ratio:   12.23
      Required ratio:    0.00 (Gate area) 
      Cumulative area ratio:   21.95
      Required ratio:    0.00 (Cumulative area) 
      Partial area ratio:   60.48
      Required ratio: 2778.20 (Side area) 
      Cumulative area ratio:  107.68
      Required ratio:    0.00 (Cumulative side area) 


  Pin:   _13685_/A1 (sky130_fd_sc_hd__mux2_1)
    Layer: mcon
      Partial area ratio:    0.23
      Required ratio:    3.00 (Gate area) 
      Cumulative area ratio:    0.23
      Required ratio:    0.00 (Cumulative area) 

    Layer: met1
      Partial area ratio:    9.73
      Required ratio:    0.00 (Gate area) 
      Cumulative area ratio:    9.73
      Required ratio:    0.00 (Cumulative area) 
      Partial area ratio:   47.19
      Required ratio:  400.00 (Side area) 
      Cumulative area ratio:   47.19
      Required ratio:    0.00 (Cumulative side area) 

    Layer: via
      Partial area ratio:    0.27
      Required ratio:    6.00 (Gate area) 
      Cumulative area ratio:    0.50
      Required ratio:    0.00 (Cumulative area) 

    Layer: met2
      Partial area ratio:   12.23
      Required ratio:    0.00 (Gate area) 
      Cumulative area ratio:   21.95
      Required ratio:    0.00 (Cumulative area) 
      Partial area ratio:   60.48
      Required ratio: 2778.20 (Side area) 
      Cumulative area ratio:  107.68
      Required ratio:    0.00 (Cumulative side area) 


  Pin:   _13721_/A1 (sky130_fd_sc_hd__mux2_1)
    Layer: mcon
      Partial area ratio:    0.23
      Required ratio:    3.00 (Gate area) 
      Cumulative area ratio:    0.23
      Required ratio:    0.00 (Cumulative area) 

    Layer: met1
      Partial area ratio:   80.78
      Required ratio:    0.00 (Gate area) 
      Cumulative area ratio:   80.78
      Required ratio:    0.00 (Cumulative area) 
      Partial area ratio:  400.72
      Required ratio:  400.00 (Side area) (VIOLATED)
      Cumulative area ratio:  400.72
      Required ratio:    0.00 (Cumulative side area) 

    Layer: via
      Partial area ratio:    0.71
      Required ratio:    6.00 (Gate area) 
      Cumulative area ratio:    0.94
      Required ratio:    0.00 (Cumulative area) 

    Layer: met2
      Partial area ratio:   12.23
      Required ratio:    0.00 (Gate area) 
      Cumulative area ratio:   93.01
      Required ratio:    0.00 (Cumulative area) 
      Partial area ratio:   60.48
      Required ratio: 2778.20 (Side area) 
      Cumulative area ratio:  461.20
      Required ratio:    0.00 (Cumulative side area) 


  Pin:   _13793_/A1 (sky130_fd_sc_hd__mux2_1)
    Layer: mcon
      Partial area ratio:    0.23
      Required ratio:    3.00 (Gate area) 
      Cumulative area ratio:    0.23
      Required ratio:    0.00 (Cumulative area) 

    Layer: met1
      Partial area ratio:   10.37
      Required ratio:    0.00 (Gate area) 
      Cumulative area ratio:   10.37
      Required ratio:    0.00 (Cumulative area) 
      Partial area ratio:   49.97
      Required ratio:  400.00 (Side area) 
      Cumulative area ratio:   49.97
      Required ratio:    0.00 (Cumulative side area) 

    Layer: via
      Partial area ratio:    0.36
      Required ratio:    6.00 (Gate area) 
      Cumulative area ratio:    0.59
      Required ratio:    0.00 (Cumulative area) 

    Layer: met2
      Partial area ratio:   12.23
      Required ratio:    0.00 (Gate area) 
      Cumulative area ratio:   22.59
      Required ratio:    0.00 (Cumulative area) 
      Partial area ratio:   60.48
      Required ratio: 2778.20 (Side area) 
      Cumulative area ratio:  110.45
      Required ratio:    0.00 (Cumulative side area) 


  Pin:   _13829_/A1 (sky130_fd_sc_hd__mux2_1)
    Layer: mcon
      Partial area ratio:    0.23
      Required ratio:    3.00 (Gate area) 
      Cumulative area ratio:    0.23
      Required ratio:    0.00 (Cumulative area) 

    Layer: met1
      Partial area ratio:   10.37
      Required ratio:    0.00 (Gate area) 
      Cumulative area ratio:   10.37
      Required ratio:    0.00 (Cumulative area) 
      Partial area ratio:   49.97
      Required ratio:  400.00 (Side area) 
      Cumulative area ratio:   49.97
      Required ratio:    0.00 (Cumulative side area) 

    Layer: via
      Partial area ratio:    0.36
      Required ratio:    6.00 (Gate area) 
      Cumulative area ratio:    0.59
      Required ratio:    0.00 (Cumulative area) 

    Layer: met2
      Partial area ratio:   12.23
      Required ratio:    0.00 (Gate area) 
      Cumulative area ratio:   22.59
      Required ratio:    0.00 (Cumulative area) 
      Partial area ratio:   60.48
      Required ratio: 2778.20 (Side area) 
      Cumulative area ratio:  110.45
      Required ratio:    0.00 (Cumulative side area) 


  Pin:   _13865_/A1 (sky130_fd_sc_hd__mux2_1)
    Layer: mcon
      Partial area ratio:    0.23
      Required ratio:    3.00 (Gate area) 
      Cumulative area ratio:    0.23
      Required ratio:    0.00 (Cumulative area) 

    Layer: met1
      Partial area ratio:    7.07
      Required ratio:    0.00 (Gate area) 
      Cumulative area ratio:    7.07
      Required ratio:    0.00 (Cumulative area) 
      Partial area ratio:   33.89
      Required ratio:  400.00 (Side area) 
      Cumulative area ratio:   33.89
      Required ratio:    0.00 (Cumulative side area) 

    Layer: via
      Partial area ratio:    0.36
      Required ratio:    6.00 (Gate area) 
      Cumulative area ratio:    0.59
      Required ratio:    0.00 (Cumulative area) 

    Layer: met2
      Partial area ratio:   12.23
      Required ratio:    0.00 (Gate area) 
      Cumulative area ratio:   19.30
      Required ratio:    0.00 (Cumulative area) 
      Partial area ratio:   60.48
      Required ratio: 2778.20 (Side area) 
      Cumulative area ratio:   94.37
      Required ratio:    0.00 (Cumulative side area) 


  Pin:   _13901_/A1 (sky130_fd_sc_hd__mux2_1)
    Layer: mcon
      Partial area ratio:    0.23
      Required ratio:    3.00 (Gate area) 
      Cumulative area ratio:    0.23
      Required ratio:    0.00 (Cumulative area) 

    Layer: met1
      Partial area ratio:    4.16
      Required ratio:    0.00 (Gate area) 
      Cumulative area ratio:    4.16
      Required ratio:    0.00 (Cumulative area) 
      Partial area ratio:   19.33
      Required ratio:  400.00 (Side area) 
      Cumulative area ratio:   19.33
      Required ratio:    0.00 (Cumulative side area) 

    Layer: via
      Partial area ratio:    0.36
      Required ratio:    6.00 (Gate area) 
      Cumulative area ratio:    0.59
      Required ratio:    0.00 (Cumulative area) 

    Layer: met2
      Partial area ratio:   12.23
      Required ratio:    0.00 (Gate area) 
      Cumulative area ratio:   16.39
      Required ratio:    0.00 (Cumulative area) 
      Partial area ratio:   60.48
      Required ratio: 2778.20 (Side area) 
      Cumulative area ratio:   79.81
      Required ratio:    0.00 (Cumulative side area) 


  Pin:   _14009_/A1 (sky130_fd_sc_hd__mux2_1)
    Layer: mcon
      Partial area ratio:    0.23
      Required ratio:    3.00 (Gate area) 
      Cumulative area ratio:    0.23
      Required ratio:    0.00 (Cumulative area) 

    Layer: met1
      Partial area ratio:    6.84
      Required ratio:    0.00 (Gate area) 
      Cumulative area ratio:    6.84
      Required ratio:    0.00 (Cumulative area) 
      Partial area ratio:   32.72
      Required ratio:  400.00 (Side area) 
      Cumulative area ratio:   32.72
      Required ratio:    0.00 (Cumulative side area) 

    Layer: via
      Partial area ratio:    0.36
      Required ratio:    6.00 (Gate area) 
      Cumulative area ratio:    0.59
      Required ratio:    0.00 (Cumulative area) 

    Layer: met2
      Partial area ratio:   12.23
      Required ratio:    0.00 (Gate area) 
      Cumulative area ratio:   19.07
      Required ratio:    0.00 (Cumulative area) 
      Partial area ratio:   60.48
      Required ratio: 2778.20 (Side area) 
      Cumulative area ratio:   93.20
      Required ratio:    0.00 (Cumulative side area) 


  Pin:   _14045_/A1 (sky130_fd_sc_hd__mux2_1)
    Layer: mcon
      Partial area ratio:    0.23
      Required ratio:    3.00 (Gate area) 
      Cumulative area ratio:    0.23
      Required ratio:    0.00 (Cumulative area) 

    Layer: met1
      Partial area ratio:   17.58
      Required ratio:    0.00 (Gate area) 
      Cumulative area ratio:   17.58
      Required ratio:    0.00 (Cumulative area) 
      Partial area ratio:   86.44
      Required ratio:  400.00 (Side area) 
      Cumulative area ratio:   86.44
      Required ratio:    0.00 (Cumulative side area) 

    Layer: via
      Partial area ratio:    0.27
      Required ratio:    6.00 (Gate area) 
      Cumulative area ratio:    0.50
      Required ratio:    0.00 (Cumulative area) 

    Layer: met2
      Partial area ratio:   12.23
      Required ratio:    0.00 (Gate area) 
      Cumulative area ratio:   29.80
      Required ratio:    0.00 (Cumulative area) 
      Partial area ratio:   60.48
      Required ratio: 2778.20 (Side area) 
      Cumulative area ratio:  146.93
      Required ratio:    0.00 (Cumulative side area) 


  Pin:   _14668_/B2 (sky130_fd_sc_hd__a2bb2o_2)
    Layer: mcon
      Partial area ratio:    0.18
      Required ratio:    3.00 (Gate area) 
      Cumulative area ratio:    0.18
      Required ratio:    0.00 (Cumulative area) 

    Layer: met1
      Partial area ratio:   11.02
      Required ratio:    0.00 (Gate area) 
      Cumulative area ratio:   11.02
      Required ratio:    0.00 (Cumulative area) 
      Partial area ratio:   52.82
      Required ratio: 2778.20 (Side area) 
      Cumulative area ratio:   52.82
      Required ratio:    0.00 (Cumulative side area) 

    Layer: via
      Partial area ratio:    0.42
      Required ratio:   22.04 (Gate area) 
      Cumulative area ratio:    0.61
      Required ratio:    0.00 (Cumulative area) 

    Layer: met2
      Partial area ratio:   12.23
      Required ratio:    0.00 (Gate area) 
      Cumulative area ratio:   23.25
      Required ratio:    0.00 (Cumulative area) 
      Partial area ratio:   60.48
      Required ratio: 2778.20 (Side area) 
      Cumulative area ratio:  113.30
      Required ratio:    0.00 (Cumulative side area) 


  Pin:   place1065/A (sky130_fd_sc_hd__buf_2)
    Layer: mcon
      Partial area ratio:    0.18
      Required ratio:    3.00 (Gate area) 
      Cumulative area ratio:    0.18
      Required ratio:    0.00 (Cumulative area) 

    Layer: met1
      Partial area ratio:   27.11
      Required ratio:    0.00 (Gate area) 
      Cumulative area ratio:   27.11
      Required ratio:    0.00 (Cumulative area) 
      Partial area ratio:  133.92
      Required ratio:  400.00 (Side area) 
      Cumulative area ratio:  133.92
      Required ratio:    0.00 (Cumulative side area) 

    Layer: via
      Partial area ratio:    0.32
      Required ratio:    6.00 (Gate area) 
      Cumulative area ratio:    0.50
      Required ratio:    0.00 (Cumulative area) 

    Layer: met2
      Partial area ratio:   12.23
      Required ratio:    0.00 (Gate area) 
      Cumulative area ratio:   39.34
      Required ratio:    0.00 (Cumulative area) 
      Partial area ratio:   60.48
      Required ratio: 2778.20 (Side area) 
      Cumulative area ratio:  194.40
      Required ratio:    0.00 (Cumulative side area) 



Net: system.shared_memory.pending_write_data\[19\]
  Pin:   _12391_/A0 (sky130_fd_sc_hd__mux2_1)
    Layer: mcon
      Partial area ratio:    0.23
      Required ratio:    3.00 (Gate area) 
      Cumulative area ratio:    0.23
      Required ratio:    0.00 (Cumulative area) 

    Layer: met1
      Partial area ratio:   11.33
      Required ratio:    0.00 (Gate area) 
      Cumulative area ratio:   11.33
      Required ratio:    0.00 (Cumulative area) 
      Partial area ratio:   54.33
      Required ratio:  400.00 (Side area) 
      Cumulative area ratio:   54.33
      Required ratio:    0.00 (Cumulative side area) 

    Layer: via
      Partial area ratio:    0.54
      Required ratio:    6.00 (Gate area) 
      Cumulative area ratio:    0.77
      Required ratio:    0.00 (Cumulative area) 

    Layer: met2
      Partial area ratio:   27.36
      Required ratio:    0.00 (Gate area) 
      Cumulative area ratio:   38.69
      Required ratio:    0.00 (Cumulative area) 
      Partial area ratio:  135.82
      Required ratio: 2778.20 (Side area) 
      Cumulative area ratio:  190.16
      Required ratio:    0.00 (Cumulative side area) 

    Layer: via2
      Partial area ratio:    0.02
      Required ratio:   22.04 (Gate area) 
      Cumulative area ratio:    0.79
      Required ratio:    0.00 (Cumulative area) 

    Layer: met3
      Partial area ratio:    0.07
      Required ratio:    0.00 (Gate area) 
      Cumulative area ratio:   38.77
      Required ratio:    0.00 (Cumulative area) 
      Partial area ratio:    0.67
      Required ratio: 2778.20 (Side area) 
      Cumulative area ratio:  190.82
      Required ratio:    0.00 (Cumulative side area) 

    Layer: via3
      Partial area ratio:    0.02
      Required ratio:   22.04 (Gate area) 
      Cumulative area ratio:    0.81
      Required ratio:    0.00 (Cumulative area) 

    Layer: met4
      Partial area ratio:    1.20
      Required ratio:    0.00 (Gate area) 
      Cumulative area ratio:   39.96
      Required ratio:    0.00 (Cumulative area) 
      Partial area ratio:    6.64
      Required ratio: 2778.20 (Side area) 
      Cumulative area ratio:  197.46
      Required ratio:    0.00 (Cumulative side area) 


  Pin:   _12499_/A0 (sky130_fd_sc_hd__mux2_1)
    Layer: mcon
      Partial area ratio:    0.23
      Required ratio:    3.00 (Gate area) 
      Cumulative area ratio:    0.23
      Required ratio:    0.00 (Cumulative area) 

    Layer: met1
      Partial area ratio:   10.52
      Required ratio:    0.00 (Gate area) 
      Cumulative area ratio:   10.52
      Required ratio:    0.00 (Cumulative area) 
      Partial area ratio:   51.13
      Required ratio:  400.00 (Side area) 
      Cumulative area ratio:   51.13
      Required ratio:    0.00 (Cumulative side area) 

    Layer: via
      Partial area ratio:    0.36
      Required ratio:    6.00 (Gate area) 
      Cumulative area ratio:    0.59
      Required ratio:    0.00 (Cumulative area) 

    Layer: met2
      Partial area ratio:   27.36
      Required ratio:    0.00 (Gate area) 
      Cumulative area ratio:   37.88
      Required ratio:    0.00 (Cumulative area) 
      Partial area ratio:  135.82
      Required ratio: 2778.20 (Side area) 
      Cumulative area ratio:  186.95
      Required ratio:    0.00 (Cumulative side area) 

    Layer: via2
      Partial area ratio:    0.02
      Required ratio:   22.04 (Gate area) 
      Cumulative area ratio:    0.61
      Required ratio:    0.00 (Cumulative area) 

    Layer: met3
      Partial area ratio:    0.07
      Required ratio:    0.00 (Gate area) 
      Cumulative area ratio:   37.96
      Required ratio:    0.00 (Cumulative area) 
      Partial area ratio:    0.67
      Required ratio: 2778.20 (Side area) 
      Cumulative area ratio:  187.62
      Required ratio:    0.00 (Cumulative side area) 

    Layer: via3
      Partial area ratio:    0.02
      Required ratio:   22.04 (Gate area) 
      Cumulative area ratio:    0.63
      Required ratio:    0.00 (Cumulative area) 

    Layer: met4
      Partial area ratio:    1.20
      Required ratio:    0.00 (Gate area) 
      Cumulative area ratio:   39.15
      Required ratio:    0.00 (Cumulative area) 
      Partial area ratio:    6.64
      Required ratio: 2778.20 (Side area) 
      Cumulative area ratio:  194.25
      Required ratio:    0.00 (Cumulative side area) 


  Pin:   _12535_/A0 (sky130_fd_sc_hd__mux2_1)
    Layer: mcon
      Partial area ratio:    0.23
      Required ratio:    3.00 (Gate area) 
      Cumulative area ratio:    0.23
      Required ratio:    0.00 (Cumulative area) 

    Layer: met1
      Partial area ratio:    2.78
      Required ratio:    0.00 (Gate area) 
      Cumulative area ratio:    2.78
      Required ratio:    0.00 (Cumulative area) 
      Partial area ratio:   12.41
      Required ratio:  400.00 (Side area) 
      Cumulative area ratio:   12.41
      Required ratio:    0.00 (Cumulative side area) 

    Layer: via
      Partial area ratio:    0.36
      Required ratio:    6.00 (Gate area) 
      Cumulative area ratio:    0.59
      Required ratio:    0.00 (Cumulative area) 

    Layer: met2
      Partial area ratio:   27.36
      Required ratio:    0.00 (Gate area) 
      Cumulative area ratio:   30.14
      Required ratio:    0.00 (Cumulative area) 
      Partial area ratio:  135.82
      Required ratio: 2778.20 (Side area) 
      Cumulative area ratio:  148.23
      Required ratio:    0.00 (Cumulative side area) 

    Layer: via2
      Partial area ratio:    0.02
      Required ratio:   22.04 (Gate area) 
      Cumulative area ratio:    0.61
      Required ratio:    0.00 (Cumulative area) 

    Layer: met3
      Partial area ratio:    0.07
      Required ratio:    0.00 (Gate area) 
      Cumulative area ratio:   30.21
      Required ratio:    0.00 (Cumulative area) 
      Partial area ratio:    0.67
      Required ratio: 2778.20 (Side area) 
      Cumulative area ratio:  148.90
      Required ratio:    0.00 (Cumulative side area) 

    Layer: via3
      Partial area ratio:    0.02
      Required ratio:   22.04 (Gate area) 
      Cumulative area ratio:    0.63
      Required ratio:    0.00 (Cumulative area) 

    Layer: met4
      Partial area ratio:    1.20
      Required ratio:    0.00 (Gate area) 
      Cumulative area ratio:   31.41
      Required ratio:    0.00 (Cumulative area) 
      Partial area ratio:    6.64
      Required ratio: 2778.20 (Side area) 
      Cumulative area ratio:  155.53
      Required ratio:    0.00 (Cumulative side area) 


  Pin:   _12598_/A0 (sky130_fd_sc_hd__mux2_1)
    Layer: mcon
      Partial area ratio:    0.23
      Required ratio:    3.00 (Gate area) 
      Cumulative area ratio:    0.23
      Required ratio:    0.00 (Cumulative area) 

    Layer: met1
      Partial area ratio:   12.33
      Required ratio:    0.00 (Gate area) 
      Cumulative area ratio:   12.33
      Required ratio:    0.00 (Cumulative area) 
      Partial area ratio:   59.88
      Required ratio:  400.00 (Side area) 
      Cumulative area ratio:   59.88
      Required ratio:    0.00 (Cumulative side area) 

    Layer: via
      Partial area ratio:    0.43
      Required ratio:    6.00 (Gate area) 
      Cumulative area ratio:    0.66
      Required ratio:    0.00 (Cumulative area) 

    Layer: met2
      Partial area ratio:   27.36
      Required ratio:    0.00 (Gate area) 
      Cumulative area ratio:   39.69
      Required ratio:    0.00 (Cumulative area) 
      Partial area ratio:  135.82
      Required ratio: 2778.20 (Side area) 
      Cumulative area ratio:  195.70
      Required ratio:    0.00 (Cumulative side area) 

    Layer: via2
      Partial area ratio:    0.02
      Required ratio:   22.04 (Gate area) 
      Cumulative area ratio:    0.68
      Required ratio:    0.00 (Cumulative area) 

    Layer: met3
      Partial area ratio:    0.07
      Required ratio:    0.00 (Gate area) 
      Cumulative area ratio:   39.76
      Required ratio:    0.00 (Cumulative area) 
      Partial area ratio:    0.67
      Required ratio: 2778.20 (Side area) 
      Cumulative area ratio:  196.37
      Required ratio:    0.00 (Cumulative side area) 

    Layer: via3
      Partial area ratio:    0.02
      Required ratio:   22.04 (Gate area) 
      Cumulative area ratio:    0.70
      Required ratio:    0.00 (Cumulative area) 

    Layer: met4
      Partial area ratio:    1.20
      Required ratio:    0.00 (Gate area) 
      Cumulative area ratio:   40.96
      Required ratio:    0.00 (Cumulative area) 
      Partial area ratio:    6.64
      Required ratio: 2778.20 (Side area) 
      Cumulative area ratio:  203.00
      Required ratio:    0.00 (Cumulative side area) 


  Pin:   _13291_/A1 (sky130_fd_sc_hd__mux2_1)
    Layer: mcon
      Partial area ratio:    0.23
      Required ratio:    3.00 (Gate area) 
      Cumulative area ratio:    0.23
      Required ratio:    0.00 (Cumulative area) 

    Layer: met1
      Partial area ratio:    5.99
      Required ratio:    0.00 (Gate area) 
      Cumulative area ratio:    5.99
      Required ratio:    0.00 (Cumulative area) 
      Partial area ratio:   28.08
      Required ratio:  400.00 (Side area) 
      Cumulative area ratio:   28.08
      Required ratio:    0.00 (Cumulative side area) 

    Layer: via
      Partial area ratio:    0.36
      Required ratio:    6.00 (Gate area) 
      Cumulative area ratio:    0.59
      Required ratio:    0.00 (Cumulative area) 

    Layer: met2
      Partial area ratio:   27.36
      Required ratio:    0.00 (Gate area) 
      Cumulative area ratio:   33.35
      Required ratio:    0.00 (Cumulative area) 
      Partial area ratio:  135.82
      Required ratio: 2778.20 (Side area) 
      Cumulative area ratio:  163.91
      Required ratio:    0.00 (Cumulative side area) 

    Layer: via2
      Partial area ratio:    0.02
      Required ratio:   22.04 (Gate area) 
      Cumulative area ratio:    0.61
      Required ratio:    0.00 (Cumulative area) 

    Layer: met3
      Partial area ratio:    0.07
      Required ratio:    0.00 (Gate area) 
      Cumulative area ratio:   33.42
      Required ratio:    0.00 (Cumulative area) 
      Partial area ratio:    0.67
      Required ratio: 2778.20 (Side area) 
      Cumulative area ratio:  164.57
      Required ratio:    0.00 (Cumulative side area) 

    Layer: via3
      Partial area ratio:    0.02
      Required ratio:   22.04 (Gate area) 
      Cumulative area ratio:    0.63
      Required ratio:    0.00 (Cumulative area) 

    Layer: met4
      Partial area ratio:    1.20
      Required ratio:    0.00 (Gate area) 
      Cumulative area ratio:   34.62
      Required ratio:    0.00 (Cumulative area) 
      Partial area ratio:    6.64
      Required ratio: 2778.20 (Side area) 
      Cumulative area ratio:  171.21
      Required ratio:    0.00 (Cumulative side area) 


  Pin:   _13328_/A1 (sky130_fd_sc_hd__mux2_1)
    Layer: mcon
      Partial area ratio:    0.23
      Required ratio:    3.00 (Gate area) 
      Cumulative area ratio:    0.23
      Required ratio:    0.00 (Cumulative area) 

    Layer: met1
      Partial area ratio:    8.54
      Required ratio:    0.00 (Gate area) 
      Cumulative area ratio:    8.54
      Required ratio:    0.00 (Cumulative area) 
      Partial area ratio:   41.25
      Required ratio:  400.00 (Side area) 
      Cumulative area ratio:   41.25
      Required ratio:    0.00 (Cumulative side area) 

    Layer: via
      Partial area ratio:    0.27
      Required ratio:    6.00 (Gate area) 
      Cumulative area ratio:    0.50
      Required ratio:    0.00 (Cumulative area) 

    Layer: met2
      Partial area ratio:   27.36
      Required ratio:    0.00 (Gate area) 
      Cumulative area ratio:   35.90
      Required ratio:    0.00 (Cumulative area) 
      Partial area ratio:  135.82
      Required ratio: 2778.20 (Side area) 
      Cumulative area ratio:  177.07
      Required ratio:    0.00 (Cumulative side area) 

    Layer: via2
      Partial area ratio:    0.02
      Required ratio:   22.04 (Gate area) 
      Cumulative area ratio:    0.52
      Required ratio:    0.00 (Cumulative area) 

    Layer: met3
      Partial area ratio:    0.07
      Required ratio:    0.00 (Gate area) 
      Cumulative area ratio:   35.97
      Required ratio:    0.00 (Cumulative area) 
      Partial area ratio:    0.67
      Required ratio: 2778.20 (Side area) 
      Cumulative area ratio:  177.74
      Required ratio:    0.00 (Cumulative side area) 

    Layer: via3
      Partial area ratio:    0.02
      Required ratio:   22.04 (Gate area) 
      Cumulative area ratio:    0.54
      Required ratio:    0.00 (Cumulative area) 

    Layer: met4
      Partial area ratio:    1.20
      Required ratio:    0.00 (Gate area) 
      Cumulative area ratio:   37.17
      Required ratio:    0.00 (Cumulative area) 
      Partial area ratio:    6.64
      Required ratio: 2778.20 (Side area) 
      Cumulative area ratio:  184.38
      Required ratio:    0.00 (Cumulative side area) 


  Pin:   _13400_/A1 (sky130_fd_sc_hd__mux2_1)
    Layer: mcon
      Partial area ratio:    0.23
      Required ratio:    3.00 (Gate area) 
      Cumulative area ratio:    0.23
      Required ratio:    0.00 (Cumulative area) 

    Layer: met1
      Partial area ratio:   19.67
      Required ratio:    0.00 (Gate area) 
      Cumulative area ratio:   19.67
      Required ratio:    0.00 (Cumulative area) 
      Partial area ratio:   96.00
      Required ratio:  400.00 (Side area) 
      Cumulative area ratio:   96.00
      Required ratio:    0.00 (Cumulative side area) 

    Layer: via
      Partial area ratio:    0.54
      Required ratio:    6.00 (Gate area) 
      Cumulative area ratio:    0.77
      Required ratio:    0.00 (Cumulative area) 

    Layer: met2
      Partial area ratio:   27.36
      Required ratio:    0.00 (Gate area) 
      Cumulative area ratio:   47.03
      Required ratio:    0.00 (Cumulative area) 
      Partial area ratio:  135.82
      Required ratio: 2778.20 (Side area) 
      Cumulative area ratio:  231.82
      Required ratio:    0.00 (Cumulative side area) 

    Layer: via2
      Partial area ratio:    0.02
      Required ratio:   22.04 (Gate area) 
      Cumulative area ratio:    0.79
      Required ratio:    0.00 (Cumulative area) 

    Layer: met3
      Partial area ratio:    0.07
      Required ratio:    0.00 (Gate area) 
      Cumulative area ratio:   47.10
      Required ratio:    0.00 (Cumulative area) 
      Partial area ratio:    0.67
      Required ratio: 2778.20 (Side area) 
      Cumulative area ratio:  232.49
      Required ratio:    0.00 (Cumulative side area) 

    Layer: via3
      Partial area ratio:    0.02
      Required ratio:   22.04 (Gate area) 
      Cumulative area ratio:    0.81
      Required ratio:    0.00 (Cumulative area) 

    Layer: met4
      Partial area ratio:    1.20
      Required ratio:    0.00 (Gate area) 
      Cumulative area ratio:   48.30
      Required ratio:    0.00 (Cumulative area) 
      Partial area ratio:    6.64
      Required ratio: 2778.20 (Side area) 
      Cumulative area ratio:  239.13
      Required ratio:    0.00 (Cumulative side area) 


  Pin:   _13436_/A1 (sky130_fd_sc_hd__mux2_1)
    Layer: mcon
      Partial area ratio:    0.23
      Required ratio:    3.00 (Gate area) 
      Cumulative area ratio:    0.23
      Required ratio:    0.00 (Cumulative area) 

    Layer: met1
      Partial area ratio:    6.01
      Required ratio:    0.00 (Gate area) 
      Cumulative area ratio:    6.01
      Required ratio:    0.00 (Cumulative area) 
      Partial area ratio:   28.56
      Required ratio:  400.00 (Side area) 
      Cumulative area ratio:   28.56
      Required ratio:    0.00 (Cumulative side area) 

    Layer: via
      Partial area ratio:    0.36
      Required ratio:    6.00 (Gate area) 
      Cumulative area ratio:    0.59
      Required ratio:    0.00 (Cumulative area) 

    Layer: met2
      Partial area ratio:   27.36
      Required ratio:    0.00 (Gate area) 
      Cumulative area ratio:   33.37
      Required ratio:    0.00 (Cumulative area) 
      Partial area ratio:  135.82
      Required ratio: 2778.20 (Side area) 
      Cumulative area ratio:  164.38
      Required ratio:    0.00 (Cumulative side area) 

    Layer: via2
      Partial area ratio:    0.02
      Required ratio:   22.04 (Gate area) 
      Cumulative area ratio:    0.61
      Required ratio:    0.00 (Cumulative area) 

    Layer: met3
      Partial area ratio:    0.07
      Required ratio:    0.00 (Gate area) 
      Cumulative area ratio:   33.44
      Required ratio:    0.00 (Cumulative area) 
      Partial area ratio:    0.67
      Required ratio: 2778.20 (Side area) 
      Cumulative area ratio:  165.05
      Required ratio:    0.00 (Cumulative side area) 

    Layer: via3
      Partial area ratio:    0.02
      Required ratio:   22.04 (Gate area) 
      Cumulative area ratio:    0.63
      Required ratio:    0.00 (Cumulative area) 

    Layer: met4
      Partial area ratio:    1.20
      Required ratio:    0.00 (Gate area) 
      Cumulative area ratio:   34.64
      Required ratio:    0.00 (Cumulative area) 
      Partial area ratio:    6.64
      Required ratio: 2778.20 (Side area) 
      Cumulative area ratio:  171.68
      Required ratio:    0.00 (Cumulative side area) 


  Pin:   _13472_/A1 (sky130_fd_sc_hd__mux2_1)
    Layer: mcon
      Partial area ratio:    0.23
      Required ratio:    3.00 (Gate area) 
      Cumulative area ratio:    0.23
      Required ratio:    0.00 (Cumulative area) 

    Layer: met1
      Partial area ratio:    5.99
      Required ratio:    0.00 (Gate area) 
      Cumulative area ratio:    5.99
      Required ratio:    0.00 (Cumulative area) 
      Partial area ratio:   28.08
      Required ratio:  400.00 (Side area) 
      Cumulative area ratio:   28.08
      Required ratio:    0.00 (Cumulative side area) 

    Layer: via
      Partial area ratio:    0.36
      Required ratio:    6.00 (Gate area) 
      Cumulative area ratio:    0.59
      Required ratio:    0.00 (Cumulative area) 

    Layer: met2
      Partial area ratio:   27.36
      Required ratio:    0.00 (Gate area) 
      Cumulative area ratio:   33.35
      Required ratio:    0.00 (Cumulative area) 
      Partial area ratio:  135.82
      Required ratio: 2778.20 (Side area) 
      Cumulative area ratio:  163.91
      Required ratio:    0.00 (Cumulative side area) 

    Layer: via2
      Partial area ratio:    0.02
      Required ratio:   22.04 (Gate area) 
      Cumulative area ratio:    0.61
      Required ratio:    0.00 (Cumulative area) 

    Layer: met3
      Partial area ratio:    0.07
      Required ratio:    0.00 (Gate area) 
      Cumulative area ratio:   33.42
      Required ratio:    0.00 (Cumulative area) 
      Partial area ratio:    0.67
      Required ratio: 2778.20 (Side area) 
      Cumulative area ratio:  164.57
      Required ratio:    0.00 (Cumulative side area) 

    Layer: via3
      Partial area ratio:    0.02
      Required ratio:   22.04 (Gate area) 
      Cumulative area ratio:    0.63
      Required ratio:    0.00 (Cumulative area) 

    Layer: met4
      Partial area ratio:    1.20
      Required ratio:    0.00 (Gate area) 
      Cumulative area ratio:   34.62
      Required ratio:    0.00 (Cumulative area) 
      Partial area ratio:    6.64
      Required ratio: 2778.20 (Side area) 
      Cumulative area ratio:  171.21
      Required ratio:    0.00 (Cumulative side area) 


  Pin:   _13508_/A1 (sky130_fd_sc_hd__mux2_1)
    Layer: mcon
      Partial area ratio:    0.23
      Required ratio:    3.00 (Gate area) 
      Cumulative area ratio:    0.23
      Required ratio:    0.00 (Cumulative area) 

    Layer: met1
      Partial area ratio:    2.62
      Required ratio:    0.00 (Gate area) 
      Cumulative area ratio:    2.62
      Required ratio:    0.00 (Cumulative area) 
      Partial area ratio:   12.06
      Required ratio:  400.00 (Side area) 
      Cumulative area ratio:   12.06
      Required ratio:    0.00 (Cumulative side area) 

    Layer: via
      Partial area ratio:    0.29
      Required ratio:    6.00 (Gate area) 
      Cumulative area ratio:    0.52
      Required ratio:    0.00 (Cumulative area) 

    Layer: met2
      Partial area ratio:   27.36
      Required ratio:    0.00 (Gate area) 
      Cumulative area ratio:   29.98
      Required ratio:    0.00 (Cumulative area) 
      Partial area ratio:  135.82
      Required ratio: 2778.20 (Side area) 
      Cumulative area ratio:  147.88
      Required ratio:    0.00 (Cumulative side area) 

    Layer: via2
      Partial area ratio:    0.02
      Required ratio:   22.04 (Gate area) 
      Cumulative area ratio:    0.54
      Required ratio:    0.00 (Cumulative area) 

    Layer: met3
      Partial area ratio:    0.07
      Required ratio:    0.00 (Gate area) 
      Cumulative area ratio:   30.06
      Required ratio:    0.00 (Cumulative area) 
      Partial area ratio:    0.67
      Required ratio: 2778.20 (Side area) 
      Cumulative area ratio:  148.55
      Required ratio:    0.00 (Cumulative side area) 

    Layer: via3
      Partial area ratio:    0.02
      Required ratio:   22.04 (Gate area) 
      Cumulative area ratio:    0.56
      Required ratio:    0.00 (Cumulative area) 

    Layer: met4
      Partial area ratio:    1.20
      Required ratio:    0.00 (Gate area) 
      Cumulative area ratio:   31.25
      Required ratio:    0.00 (Cumulative area) 
      Partial area ratio:    6.64
      Required ratio: 2778.20 (Side area) 
      Cumulative area ratio:  155.18
      Required ratio:    0.00 (Cumulative side area) 


  Pin:   _13544_/A1 (sky130_fd_sc_hd__mux2_1)
    Layer: mcon
      Partial area ratio:    0.23
      Required ratio:    3.00 (Gate area) 
      Cumulative area ratio:    0.23
      Required ratio:    0.00 (Cumulative area) 

    Layer: met1
      Partial area ratio:    3.93
      Required ratio:    0.00 (Gate area) 
      Cumulative area ratio:    3.93
      Required ratio:    0.00 (Cumulative area) 
      Partial area ratio:   18.72
      Required ratio:  400.00 (Side area) 
      Cumulative area ratio:   18.72
      Required ratio:    0.00 (Cumulative side area) 

    Layer: via
      Partial area ratio:    0.36
      Required ratio:    6.00 (Gate area) 
      Cumulative area ratio:    0.59
      Required ratio:    0.00 (Cumulative area) 

    Layer: met2
      Partial area ratio:    1.48
      Required ratio:    0.00 (Gate area) 
      Cumulative area ratio:    5.41
      Required ratio:    0.00 (Cumulative area) 
      Partial area ratio:    6.83
      Required ratio:  400.00 (Side area) 
      Cumulative area ratio:   25.56
      Required ratio:    0.00 (Cumulative side area) 

    Layer: via2
      Partial area ratio:    0.32
      Required ratio:    6.00 (Gate area) 
      Cumulative area ratio:    0.90
      Required ratio:    0.00 (Cumulative area) 

    Layer: met3
      Partial area ratio:    0.99
      Required ratio:    0.00 (Gate area) 
      Cumulative area ratio:    6.41
      Required ratio:    0.00 (Cumulative area) 
      Partial area ratio:    9.02
      Required ratio:  400.00 (Side area) 
      Cumulative area ratio:   34.57
      Required ratio:    0.00 (Cumulative side area) 

    Layer: via3
      Partial area ratio:    0.32
      Required ratio:    6.00 (Gate area) 
      Cumulative area ratio:    1.22
      Required ratio:    0.00 (Cumulative area) 

    Layer: met4
      Partial area ratio:    1.20
      Required ratio:    0.00 (Gate area) 
      Cumulative area ratio:    7.60
      Required ratio:    0.00 (Cumulative area) 
      Partial area ratio:    6.64
      Required ratio: 2778.20 (Side area) 
      Cumulative area ratio:   41.21
      Required ratio:    0.00 (Cumulative side area) 


  Pin:   _13582_/A1 (sky130_fd_sc_hd__mux2_1)
    Layer: mcon
      Partial area ratio:    0.23
      Required ratio:    3.00 (Gate area) 
      Cumulative area ratio:    0.23
      Required ratio:    0.00 (Cumulative area) 

    Layer: met1
      Partial area ratio:    8.54
      Required ratio:    0.00 (Gate area) 
      Cumulative area ratio:    8.54
      Required ratio:    0.00 (Cumulative area) 
      Partial area ratio:   41.25
      Required ratio:  400.00 (Side area) 
      Cumulative area ratio:   41.25
      Required ratio:    0.00 (Cumulative side area) 

    Layer: via
      Partial area ratio:    0.27
      Required ratio:    6.00 (Gate area) 
      Cumulative area ratio:    0.50
      Required ratio:    0.00 (Cumulative area) 

    Layer: met2
      Partial area ratio:   27.36
      Required ratio:    0.00 (Gate area) 
      Cumulative area ratio:   35.90
      Required ratio:    0.00 (Cumulative area) 
      Partial area ratio:  135.82
      Required ratio: 2778.20 (Side area) 
      Cumulative area ratio:  177.07
      Required ratio:    0.00 (Cumulative side area) 

    Layer: via2
      Partial area ratio:    0.02
      Required ratio:   22.04 (Gate area) 
      Cumulative area ratio:    0.52
      Required ratio:    0.00 (Cumulative area) 

    Layer: met3
      Partial area ratio:    0.07
      Required ratio:    0.00 (Gate area) 
      Cumulative area ratio:   35.97
      Required ratio:    0.00 (Cumulative area) 
      Partial area ratio:    0.67
      Required ratio: 2778.20 (Side area) 
      Cumulative area ratio:  177.74
      Required ratio:    0.00 (Cumulative side area) 

    Layer: via3
      Partial area ratio:    0.02
      Required ratio:   22.04 (Gate area) 
      Cumulative area ratio:    0.54
      Required ratio:    0.00 (Cumulative area) 

    Layer: met4
      Partial area ratio:    1.20
      Required ratio:    0.00 (Gate area) 
      Cumulative area ratio:   37.17
      Required ratio:    0.00 (Cumulative area) 
      Partial area ratio:    6.64
      Required ratio: 2778.20 (Side area) 
      Cumulative area ratio:  184.38
      Required ratio:    0.00 (Cumulative side area) 


  Pin:   _14672_/B2 (sky130_fd_sc_hd__a2bb2o_2)
    Layer: mcon
      Partial area ratio:    0.18
      Required ratio:    3.00 (Gate area) 
      Cumulative area ratio:    0.18
      Required ratio:    0.00 (Cumulative area) 

    Layer: met1
      Partial area ratio:    7.54
      Required ratio:    0.00 (Gate area) 
      Cumulative area ratio:    7.54
      Required ratio:    0.00 (Cumulative area) 
      Partial area ratio:   35.43
      Required ratio: 2778.20 (Side area) 
      Cumulative area ratio:   35.43
      Required ratio:    0.00 (Cumulative side area) 

    Layer: via
      Partial area ratio:    0.42
      Required ratio:   22.04 (Gate area) 
      Cumulative area ratio:    0.61
      Required ratio:    0.00 (Cumulative area) 

    Layer: met2
      Partial area ratio:   27.36
      Required ratio:    0.00 (Gate area) 
      Cumulative area ratio:   34.90
      Required ratio:    0.00 (Cumulative area) 
      Partial area ratio:  135.82
      Required ratio: 2778.20 (Side area) 
      Cumulative area ratio:  171.25
      Required ratio:    0.00 (Cumulative side area) 

    Layer: via2
      Partial area ratio:    0.02
      Required ratio:   22.04 (Gate area) 
      Cumulative area ratio:    0.63
      Required ratio:    0.00 (Cumulative area) 

    Layer: met3
      Partial area ratio:    0.07
      Required ratio:    0.00 (Gate area) 
      Cumulative area ratio:   34.97
      Required ratio:    0.00 (Cumulative area) 
      Partial area ratio:    0.67
      Required ratio: 2778.20 (Side area) 
      Cumulative area ratio:  171.92
      Required ratio:    0.00 (Cumulative side area) 

    Layer: via3
      Partial area ratio:    0.02
      Required ratio:   22.04 (Gate area) 
      Cumulative area ratio:    0.65
      Required ratio:    0.00 (Cumulative area) 

    Layer: met4
      Partial area ratio:    1.20
      Required ratio:    0.00 (Gate area) 
      Cumulative area ratio:   36.17
      Required ratio:    0.00 (Cumulative area) 
      Partial area ratio:    6.64
      Required ratio: 2778.20 (Side area) 
      Cumulative area ratio:  178.55
      Required ratio:    0.00 (Cumulative side area) 


  Pin:   place1056/A (sky130_fd_sc_hd__buf_2)
    Layer: mcon
      Partial area ratio:    0.18
      Required ratio:    3.00 (Gate area) 
      Cumulative area ratio:    0.18
      Required ratio:    0.00 (Cumulative area) 

    Layer: met1
      Partial area ratio:  106.76
      Required ratio:    0.00 (Gate area) 
      Cumulative area ratio:  106.76
      Required ratio:    0.00 (Cumulative area) 
      Partial area ratio:  531.93
      Required ratio:  400.00 (Side area) (VIOLATED)
      Cumulative area ratio:  531.93
      Required ratio:    0.00 (Cumulative side area) 

    Layer: via
      Partial area ratio:    0.42
      Required ratio:    6.00 (Gate area) 
      Cumulative area ratio:    0.61
      Required ratio:    0.00 (Cumulative area) 

    Layer: met2
      Partial area ratio:   27.36
      Required ratio:    0.00 (Gate area) 
      Cumulative area ratio:  134.12
      Required ratio:    0.00 (Cumulative area) 
      Partial area ratio:  135.82
      Required ratio: 2778.20 (Side area) 
      Cumulative area ratio:  667.76
      Required ratio:    0.00 (Cumulative side area) 

    Layer: via2
      Partial area ratio:    0.02
      Required ratio:   22.04 (Gate area) 
      Cumulative area ratio:    0.63
      Required ratio:    0.00 (Cumulative area) 

    Layer: met3
      Partial area ratio:    0.07
      Required ratio:    0.00 (Gate area) 
      Cumulative area ratio:  134.19
      Required ratio:    0.00 (Cumulative area) 
      Partial area ratio:    0.67
      Required ratio: 2778.20 (Side area) 
      Cumulative area ratio:  668.42
      Required ratio:    0.00 (Cumulative side area) 

    Layer: via3
      Partial area ratio:    0.02
      Required ratio:   22.04 (Gate area) 
      Cumulative area ratio:    0.65
      Required ratio:    0.00 (Cumulative area) 

    Layer: met4
      Partial area ratio:    1.20
      Required ratio:    0.00 (Gate area) 
      Cumulative area ratio:  135.39
      Required ratio:    0.00 (Cumulative area) 
      Partial area ratio:    6.64
      Required ratio: 2778.20 (Side area) 
      Cumulative area ratio:  675.06
      Required ratio:    0.00 (Cumulative side area) 



Net: system.shared_memory.pending_write_data\[21\]
  Pin:   _12393_/A0 (sky130_fd_sc_hd__mux2_1)
    Layer: mcon
      Partial area ratio:    0.23
      Required ratio:    3.00 (Gate area) 
      Cumulative area ratio:    0.23
      Required ratio:    0.00 (Cumulative area) 

    Layer: met1
      Partial area ratio:    6.58
      Required ratio:    0.00 (Gate area) 
      Cumulative area ratio:    6.58
      Required ratio:    0.00 (Cumulative area) 
      Partial area ratio:   31.64
      Required ratio:  400.00 (Side area) 
      Cumulative area ratio:   31.64
      Required ratio:    0.00 (Cumulative side area) 

    Layer: via
      Partial area ratio:    0.24
      Required ratio:    6.00 (Gate area) 
      Cumulative area ratio:    0.47
      Required ratio:    0.00 (Cumulative area) 

    Layer: met2
      Partial area ratio:   17.16
      Required ratio:    0.00 (Gate area) 
      Cumulative area ratio:   23.74
      Required ratio:    0.00 (Cumulative area) 
      Partial area ratio:   85.12
      Required ratio: 2778.20 (Side area) 
      Cumulative area ratio:  116.76
      Required ratio:    0.00 (Cumulative side area) 


  Pin:   _12501_/A0 (sky130_fd_sc_hd__mux2_1)
    Layer: mcon
      Partial area ratio:    0.23
      Required ratio:    3.00 (Gate area) 
      Cumulative area ratio:    0.23
      Required ratio:    0.00 (Cumulative area) 

    Layer: met1
      Partial area ratio:    2.86
      Required ratio:    0.00 (Gate area) 
      Cumulative area ratio:    2.86
      Required ratio:    0.00 (Cumulative area) 
      Partial area ratio:   12.59
      Required ratio:  400.00 (Side area) 
      Cumulative area ratio:   12.59
      Required ratio:    0.00 (Cumulative side area) 

    Layer: via
      Partial area ratio:    0.36
      Required ratio:    6.00 (Gate area) 
      Cumulative area ratio:    0.59
      Required ratio:    0.00 (Cumulative area) 

    Layer: met2
      Partial area ratio:   17.16
      Required ratio:    0.00 (Gate area) 
      Cumulative area ratio:   20.02
      Required ratio:    0.00 (Cumulative area) 
      Partial area ratio:   85.12
      Required ratio: 2778.20 (Side area) 
      Cumulative area ratio:   97.72
      Required ratio:    0.00 (Cumulative side area) 


  Pin:   _12645_/A0 (sky130_fd_sc_hd__mux2_1)
    Layer: mcon
      Partial area ratio:    0.23
      Required ratio:    3.00 (Gate area) 
      Cumulative area ratio:    0.23
      Required ratio:    0.00 (Cumulative area) 

    Layer: met1
      Partial area ratio:  112.08
      Required ratio:    0.00 (Gate area) 
      Cumulative area ratio:  112.08
      Required ratio:    0.00 (Cumulative area) 
      Partial area ratio:  558.06
      Required ratio:  400.00 (Side area) (VIOLATED)
      Cumulative area ratio:  558.06
      Required ratio:    0.00 (Cumulative side area) 

    Layer: via
      Partial area ratio:    0.54
      Required ratio:    6.00 (Gate area) 
      Cumulative area ratio:    0.77
      Required ratio:    0.00 (Cumulative area) 

    Layer: met2
      Partial area ratio:   17.16
      Required ratio:    0.00 (Gate area) 
      Cumulative area ratio:  129.23
      Required ratio:    0.00 (Cumulative area) 
      Partial area ratio:   85.12
      Required ratio: 2778.20 (Side area) 
      Cumulative area ratio:  643.18
      Required ratio:    0.00 (Cumulative side area) 


  Pin:   _14675_/A1 (sky130_fd_sc_hd__a22o_2)
    Layer: mcon
      Partial area ratio:    0.12
      Required ratio:    3.00 (Gate area) 
      Cumulative area ratio:    0.12
      Required ratio:    0.00 (Cumulative area) 

    Layer: met1
      Partial area ratio:    3.98
      Required ratio:    0.00 (Gate area) 
      Cumulative area ratio:    3.98
      Required ratio:    0.00 (Cumulative area) 
      Partial area ratio:   18.46
      Required ratio: 2778.20 (Side area) 
      Cumulative area ratio:   18.46
      Required ratio:    0.00 (Cumulative side area) 

    Layer: via
      Partial area ratio:    0.27
      Required ratio:   22.04 (Gate area) 
      Cumulative area ratio:    0.39
      Required ratio:    0.00 (Cumulative area) 

    Layer: met2
      Partial area ratio:   17.16
      Required ratio:    0.00 (Gate area) 
      Cumulative area ratio:   21.14
      Required ratio:    0.00 (Cumulative area) 
      Partial area ratio:   85.12
      Required ratio: 2778.20 (Side area) 
      Cumulative area ratio:  103.59
      Required ratio:    0.00 (Cumulative side area) 


  Pin:   place1051/A (sky130_fd_sc_hd__buf_2)
    Layer: mcon
      Partial area ratio:    0.18
      Required ratio:    3.00 (Gate area) 
      Cumulative area ratio:    0.18
      Required ratio:    0.00 (Cumulative area) 

    Layer: met1
      Partial area ratio:    6.58
      Required ratio:    0.00 (Gate area) 
      Cumulative area ratio:    6.58
      Required ratio:    0.00 (Cumulative area) 
      Partial area ratio:   31.64
      Required ratio:  400.00 (Side area) 
      Cumulative area ratio:   31.64
      Required ratio:    0.00 (Cumulative side area) 

    Layer: via
      Partial area ratio:    0.24
      Required ratio:    6.00 (Gate area) 
      Cumulative area ratio:    0.42
      Required ratio:    0.00 (Cumulative area) 

    Layer: met2
      Partial area ratio:   17.16
      Required ratio:    0.00 (Gate area) 
      Cumulative area ratio:   23.74
      Required ratio:    0.00 (Cumulative area) 
      Partial area ratio:   85.12
      Required ratio: 2778.20 (Side area) 
      Cumulative area ratio:  116.76
      Required ratio:    0.00 (Cumulative side area) 



Net: system.shared_memory.pending_write_data\[25\]
  Pin:   _12686_/A1 (sky130_fd_sc_hd__mux2_1)
    Layer: mcon
      Partial area ratio:    0.23
      Required ratio:    3.00 (Gate area) 
      Cumulative area ratio:    0.23
      Required ratio:    0.00 (Cumulative area) 

    Layer: met1
      Partial area ratio:   15.45
      Required ratio:    0.00 (Gate area) 
      Cumulative area ratio:   15.45
      Required ratio:    0.00 (Cumulative area) 
      Partial area ratio:   75.72
      Required ratio:  400.00 (Side area) 
      Cumulative area ratio:   75.72
      Required ratio:    0.00 (Cumulative side area) 

    Layer: via
      Partial area ratio:    0.30
      Required ratio:    6.00 (Gate area) 
      Cumulative area ratio:    0.53
      Required ratio:    0.00 (Cumulative area) 

    Layer: met2
      Partial area ratio:   13.34
      Required ratio:    0.00 (Gate area) 
      Cumulative area ratio:   28.79
      Required ratio:    0.00 (Cumulative area) 
      Partial area ratio:   65.96
      Required ratio: 2778.20 (Side area) 
      Cumulative area ratio:  141.69
      Required ratio:    0.00 (Cumulative side area) 


  Pin:   _12722_/A1 (sky130_fd_sc_hd__mux2_1)
    Layer: mcon
      Partial area ratio:    0.23
      Required ratio:    3.00 (Gate area) 
      Cumulative area ratio:    0.23
      Required ratio:    0.00 (Cumulative area) 

    Layer: met1
      Partial area ratio:    4.37
      Required ratio:    0.00 (Gate area) 
      Cumulative area ratio:    4.37
      Required ratio:    0.00 (Cumulative area) 
      Partial area ratio:   20.61
      Required ratio:  400.00 (Side area) 
      Cumulative area ratio:   20.61
      Required ratio:    0.00 (Cumulative side area) 

    Layer: via
      Partial area ratio:    0.23
      Required ratio:    6.00 (Gate area) 
      Cumulative area ratio:    0.46
      Required ratio:    0.00 (Cumulative area) 

    Layer: met2
      Partial area ratio:   13.34
      Required ratio:    0.00 (Gate area) 
      Cumulative area ratio:   17.70
      Required ratio:    0.00 (Cumulative area) 
      Partial area ratio:   65.96
      Required ratio: 2778.20 (Side area) 
      Cumulative area ratio:   86.58
      Required ratio:    0.00 (Cumulative side area) 


  Pin:   _12758_/A1 (sky130_fd_sc_hd__mux2_1)
    Layer: mcon
      Partial area ratio:    0.23
      Required ratio:    3.00 (Gate area) 
      Cumulative area ratio:    0.23
      Required ratio:    0.00 (Cumulative area) 

    Layer: met1
      Partial area ratio:    2.93
      Required ratio:    0.00 (Gate area) 
      Cumulative area ratio:    2.93
      Required ratio:    0.00 (Cumulative area) 
      Partial area ratio:   13.17
      Required ratio:  400.00 (Side area) 
      Cumulative area ratio:   13.17
      Required ratio:    0.00 (Cumulative side area) 

    Layer: via
      Partial area ratio:    0.36
      Required ratio:    6.00 (Gate area) 
      Cumulative area ratio:    0.59
      Required ratio:    0.00 (Cumulative area) 

    Layer: met2
      Partial area ratio:   13.34
      Required ratio:    0.00 (Gate area) 
      Cumulative area ratio:   16.27
      Required ratio:    0.00 (Cumulative area) 
      Partial area ratio:   65.96
      Required ratio: 2778.20 (Side area) 
      Cumulative area ratio:   79.13
      Required ratio:    0.00 (Cumulative side area) 


  Pin:   _12794_/A0 (sky130_fd_sc_hd__mux2_1)
    Layer: mcon
      Partial area ratio:    0.23
      Required ratio:    3.00 (Gate area) 
      Cumulative area ratio:    0.23
      Required ratio:    0.00 (Cumulative area) 

    Layer: met1
      Partial area ratio:   15.45
      Required ratio:    0.00 (Gate area) 
      Cumulative area ratio:   15.45
      Required ratio:    0.00 (Cumulative area) 
      Partial area ratio:   75.72
      Required ratio:  400.00 (Side area) 
      Cumulative area ratio:   75.72
      Required ratio:    0.00 (Cumulative side area) 

    Layer: via
      Partial area ratio:    0.30
      Required ratio:    6.00 (Gate area) 
      Cumulative area ratio:    0.53
      Required ratio:    0.00 (Cumulative area) 

    Layer: met2
      Partial area ratio:   13.34
      Required ratio:    0.00 (Gate area) 
      Cumulative area ratio:   28.79
      Required ratio:    0.00 (Cumulative area) 
      Partial area ratio:   65.96
      Required ratio: 2778.20 (Side area) 
      Cumulative area ratio:  141.69
      Required ratio:    0.00 (Cumulative side area) 


  Pin:   _12830_/A1 (sky130_fd_sc_hd__mux2_1)
    Layer: mcon
      Partial area ratio:    0.23
      Required ratio:    3.00 (Gate area) 
      Cumulative area ratio:    0.23
      Required ratio:    0.00 (Cumulative area) 

    Layer: met1
      Partial area ratio:    4.37
      Required ratio:    0.00 (Gate area) 
      Cumulative area ratio:    4.37
      Required ratio:    0.00 (Cumulative area) 
      Partial area ratio:   20.61
      Required ratio:  400.00 (Side area) 
      Cumulative area ratio:   20.61
      Required ratio:    0.00 (Cumulative side area) 

    Layer: via
      Partial area ratio:    0.23
      Required ratio:    6.00 (Gate area) 
      Cumulative area ratio:    0.46
      Required ratio:    0.00 (Cumulative area) 

    Layer: met2
      Partial area ratio:   13.34
      Required ratio:    0.00 (Gate area) 
      Cumulative area ratio:   17.70
      Required ratio:    0.00 (Cumulative area) 
      Partial area ratio:   65.96
      Required ratio: 2778.20 (Side area) 
      Cumulative area ratio:   86.58
      Required ratio:    0.00 (Cumulative side area) 


  Pin:   _12902_/A1 (sky130_fd_sc_hd__mux2_1)
    Layer: mcon
      Partial area ratio:    0.23
      Required ratio:    3.00 (Gate area) 
      Cumulative area ratio:    0.23
      Required ratio:    0.00 (Cumulative area) 

    Layer: met1
      Partial area ratio:   15.45
      Required ratio:    0.00 (Gate area) 
      Cumulative area ratio:   15.45
      Required ratio:    0.00 (Cumulative area) 
      Partial area ratio:   75.72
      Required ratio:  400.00 (Side area) 
      Cumulative area ratio:   75.72
      Required ratio:    0.00 (Cumulative side area) 

    Layer: via
      Partial area ratio:    0.30
      Required ratio:    6.00 (Gate area) 
      Cumulative area ratio:    0.53
      Required ratio:    0.00 (Cumulative area) 

    Layer: met2
      Partial area ratio:   13.34
      Required ratio:    0.00 (Gate area) 
      Cumulative area ratio:   28.79
      Required ratio:    0.00 (Cumulative area) 
      Partial area ratio:   65.96
      Required ratio: 2778.20 (Side area) 
      Cumulative area ratio:  141.69
      Required ratio:    0.00 (Cumulative side area) 


  Pin:   _12938_/A1 (sky130_fd_sc_hd__mux2_1)
    Layer: mcon
      Partial area ratio:    0.23
      Required ratio:    3.00 (Gate area) 
      Cumulative area ratio:    0.23
      Required ratio:    0.00 (Cumulative area) 

    Layer: met1
      Partial area ratio:    2.29
      Required ratio:    0.00 (Gate area) 
      Cumulative area ratio:    2.29
      Required ratio:    0.00 (Cumulative area) 
      Partial area ratio:   10.00
      Required ratio:  400.00 (Side area) 
      Cumulative area ratio:   10.00
      Required ratio:    0.00 (Cumulative side area) 

    Layer: via
      Partial area ratio:    0.36
      Required ratio:    6.00 (Gate area) 
      Cumulative area ratio:    0.59
      Required ratio:    0.00 (Cumulative area) 

    Layer: met2
      Partial area ratio:   13.34
      Required ratio:    0.00 (Gate area) 
      Cumulative area ratio:   15.63
      Required ratio:    0.00 (Cumulative area) 
      Partial area ratio:   65.96
      Required ratio: 2778.20 (Side area) 
      Cumulative area ratio:   75.96
      Required ratio:    0.00 (Cumulative side area) 


  Pin:   _13010_/A0 (sky130_fd_sc_hd__mux2_1)
    Layer: mcon
      Partial area ratio:    0.23
      Required ratio:    3.00 (Gate area) 
      Cumulative area ratio:    0.23
      Required ratio:    0.00 (Cumulative area) 

    Layer: met1
      Partial area ratio:    4.70
      Required ratio:    0.00 (Gate area) 
      Cumulative area ratio:    4.70
      Required ratio:    0.00 (Cumulative area) 
      Partial area ratio:   22.02
      Required ratio:  400.00 (Side area) 
      Cumulative area ratio:   22.02
      Required ratio:    0.00 (Cumulative side area) 

    Layer: via
      Partial area ratio:    0.36
      Required ratio:    6.00 (Gate area) 
      Cumulative area ratio:    0.59
      Required ratio:    0.00 (Cumulative area) 

    Layer: met2
      Partial area ratio:   13.34
      Required ratio:    0.00 (Gate area) 
      Cumulative area ratio:   18.04
      Required ratio:    0.00 (Cumulative area) 
      Partial area ratio:   65.96
      Required ratio: 2778.20 (Side area) 
      Cumulative area ratio:   87.98
      Required ratio:    0.00 (Cumulative side area) 


  Pin:   _13046_/A0 (sky130_fd_sc_hd__mux2_1)
    Layer: mcon
      Partial area ratio:    0.23
      Required ratio:    3.00 (Gate area) 
      Cumulative area ratio:    0.23
      Required ratio:    0.00 (Cumulative area) 

    Layer: met1
      Partial area ratio:  104.51
      Required ratio:    0.00 (Gate area) 
      Cumulative area ratio:  104.51
      Required ratio:    0.00 (Cumulative area) 
      Partial area ratio:  520.24
      Required ratio:  400.00 (Side area) (VIOLATED)
      Cumulative area ratio:  520.24
      Required ratio:    0.00 (Cumulative side area) 

    Layer: via
      Partial area ratio:    0.54
      Required ratio:    6.00 (Gate area) 
      Cumulative area ratio:    0.77
      Required ratio:    0.00 (Cumulative area) 

    Layer: met2
      Partial area ratio:   13.34
      Required ratio:    0.00 (Gate area) 
      Cumulative area ratio:  117.85
      Required ratio:    0.00 (Cumulative area) 
      Partial area ratio:   65.96
      Required ratio: 2778.20 (Side area) 
      Cumulative area ratio:  586.20
      Required ratio:    0.00 (Cumulative side area) 


  Pin:   _13082_/A0 (sky130_fd_sc_hd__mux2_1)
    Layer: mcon
      Partial area ratio:    0.23
      Required ratio:    3.00 (Gate area) 
      Cumulative area ratio:    0.23
      Required ratio:    0.00 (Cumulative area) 

    Layer: met1
      Partial area ratio:   17.43
      Required ratio:    0.00 (Gate area) 
      Cumulative area ratio:   17.43
      Required ratio:    0.00 (Cumulative area) 
      Partial area ratio:   84.58
      Required ratio:  400.00 (Side area) 
      Cumulative area ratio:   84.58
      Required ratio:    0.00 (Cumulative side area) 

    Layer: via
      Partial area ratio:    0.45
      Required ratio:    6.00 (Gate area) 
      Cumulative area ratio:    0.68
      Required ratio:    0.00 (Cumulative area) 

    Layer: met2
      Partial area ratio:   13.34
      Required ratio:    0.00 (Gate area) 
      Cumulative area ratio:   30.77
      Required ratio:    0.00 (Cumulative area) 
      Partial area ratio:   65.96
      Required ratio: 2778.20 (Side area) 
      Cumulative area ratio:  150.55
      Required ratio:    0.00 (Cumulative side area) 


  Pin:   _13118_/A0 (sky130_fd_sc_hd__mux2_1)
    Layer: mcon
      Partial area ratio:    0.23
      Required ratio:    3.00 (Gate area) 
      Cumulative area ratio:    0.23
      Required ratio:    0.00 (Cumulative area) 

    Layer: met1
      Partial area ratio:    5.84
      Required ratio:    0.00 (Gate area) 
      Cumulative area ratio:    5.84
      Required ratio:    0.00 (Cumulative area) 
      Partial area ratio:   27.71
      Required ratio:  400.00 (Side area) 
      Cumulative area ratio:   27.71
      Required ratio:    0.00 (Cumulative side area) 

    Layer: via
      Partial area ratio:    0.36
      Required ratio:    6.00 (Gate area) 
      Cumulative area ratio:    0.59
      Required ratio:    0.00 (Cumulative area) 

    Layer: met2
      Partial area ratio:   13.34
      Required ratio:    0.00 (Gate area) 
      Cumulative area ratio:   19.17
      Required ratio:    0.00 (Cumulative area) 
      Partial area ratio:   65.96
      Required ratio: 2778.20 (Side area) 
      Cumulative area ratio:   93.67
      Required ratio:    0.00 (Cumulative side area) 


  Pin:   _13154_/A0 (sky130_fd_sc_hd__mux2_1)
    Layer: mcon
      Partial area ratio:    0.23
      Required ratio:    3.00 (Gate area) 
      Cumulative area ratio:    0.23
      Required ratio:    0.00 (Cumulative area) 

    Layer: met1
      Partial area ratio:    6.12
      Required ratio:    0.00 (Gate area) 
      Cumulative area ratio:    6.12
      Required ratio:    0.00 (Cumulative area) 
      Partial area ratio:   29.15
      Required ratio:  400.00 (Side area) 
      Cumulative area ratio:   29.15
      Required ratio:    0.00 (Cumulative side area) 

    Layer: via
      Partial area ratio:    0.36
      Required ratio:    6.00 (Gate area) 
      Cumulative area ratio:    0.59
      Required ratio:    0.00 (Cumulative area) 

    Layer: met2
      Partial area ratio:   13.34
      Required ratio:    0.00 (Gate area) 
      Cumulative area ratio:   19.46
      Required ratio:    0.00 (Cumulative area) 
      Partial area ratio:   65.96
      Required ratio: 2778.20 (Side area) 
      Cumulative area ratio:   95.11
      Required ratio:    0.00 (Cumulative side area) 


  Pin:   _13190_/A0 (sky130_fd_sc_hd__mux2_1)
    Layer: mcon
      Partial area ratio:    0.23
      Required ratio:    3.00 (Gate area) 
      Cumulative area ratio:    0.23
      Required ratio:    0.00 (Cumulative area) 

    Layer: met1
      Partial area ratio:    4.82
      Required ratio:    0.00 (Gate area) 
      Cumulative area ratio:    4.82
      Required ratio:    0.00 (Cumulative area) 
      Partial area ratio:   23.07
      Required ratio:  400.00 (Side area) 
      Cumulative area ratio:   23.07
      Required ratio:    0.00 (Cumulative side area) 

    Layer: via
      Partial area ratio:    0.18
      Required ratio:    6.00 (Gate area) 
      Cumulative area ratio:    0.41
      Required ratio:    0.00 (Cumulative area) 

    Layer: met2
      Partial area ratio:   13.34
      Required ratio:    0.00 (Gate area) 
      Cumulative area ratio:   18.15
      Required ratio:    0.00 (Cumulative area) 
      Partial area ratio:   65.96
      Required ratio: 2778.20 (Side area) 
      Cumulative area ratio:   89.04
      Required ratio:    0.00 (Cumulative side area) 


  Pin:   _13226_/A0 (sky130_fd_sc_hd__mux2_1)
    Layer: mcon
      Partial area ratio:    0.23
      Required ratio:    3.00 (Gate area) 
      Cumulative area ratio:    0.23
      Required ratio:    0.00 (Cumulative area) 

    Layer: met1
      Partial area ratio:   17.43
      Required ratio:    0.00 (Gate area) 
      Cumulative area ratio:   17.43
      Required ratio:    0.00 (Cumulative area) 
      Partial area ratio:   84.58
      Required ratio:  400.00 (Side area) 
      Cumulative area ratio:   84.58
      Required ratio:    0.00 (Cumulative side area) 

    Layer: via
      Partial area ratio:    0.45
      Required ratio:    6.00 (Gate area) 
      Cumulative area ratio:    0.68
      Required ratio:    0.00 (Cumulative area) 

    Layer: met2
      Partial area ratio:   13.34
      Required ratio:    0.00 (Gate area) 
      Cumulative area ratio:   30.77
      Required ratio:    0.00 (Cumulative area) 
      Partial area ratio:   65.96
      Required ratio: 2778.20 (Side area) 
      Cumulative area ratio:  150.55
      Required ratio:    0.00 (Cumulative side area) 


  Pin:   _13262_/A0 (sky130_fd_sc_hd__mux2_1)
    Layer: mcon
      Partial area ratio:    0.23
      Required ratio:    3.00 (Gate area) 
      Cumulative area ratio:    0.23
      Required ratio:    0.00 (Cumulative area) 

    Layer: met1
      Partial area ratio:    4.82
      Required ratio:    0.00 (Gate area) 
      Cumulative area ratio:    4.82
      Required ratio:    0.00 (Cumulative area) 
      Partial area ratio:   23.07
      Required ratio:  400.00 (Side area) 
      Cumulative area ratio:   23.07
      Required ratio:    0.00 (Cumulative side area) 

    Layer: via
      Partial area ratio:    0.18
      Required ratio:    6.00 (Gate area) 
      Cumulative area ratio:    0.41
      Required ratio:    0.00 (Cumulative area) 

    Layer: met2
      Partial area ratio:   13.34
      Required ratio:    0.00 (Gate area) 
      Cumulative area ratio:   18.15
      Required ratio:    0.00 (Cumulative area) 
      Partial area ratio:   65.96
      Required ratio: 2778.20 (Side area) 
      Cumulative area ratio:   89.04
      Required ratio:    0.00 (Cumulative side area) 


  Pin:   place1041/A (sky130_fd_sc_hd__buf_2)
    Layer: mcon
      Partial area ratio:    0.18
      Required ratio:    3.00 (Gate area) 
      Cumulative area ratio:    0.18
      Required ratio:    0.00 (Cumulative area) 

    Layer: met1
      Partial area ratio:   95.11
      Required ratio:    0.00 (Gate area) 
      Cumulative area ratio:   95.11
      Required ratio:    0.00 (Cumulative area) 
      Partial area ratio:  472.61
      Required ratio: 2778.20 (Side area) 
      Cumulative area ratio:  472.61
      Required ratio:    0.00 (Cumulative side area) 

    Layer: via
      Partial area ratio:    0.57
      Required ratio:   22.04 (Gate area) 
      Cumulative area ratio:    0.75
      Required ratio:    0.00 (Cumulative area) 

    Layer: met2
      Partial area ratio:   13.34
      Required ratio:    0.00 (Gate area) 
      Cumulative area ratio:  108.45
      Required ratio:    0.00 (Cumulative area) 
      Partial area ratio:   65.96
      Required ratio: 2778.20 (Side area) 
      Cumulative area ratio:  538.57
      Required ratio:    0.00 (Cumulative side area) 


  Pin:   place1040/A (sky130_fd_sc_hd__buf_2)
    Layer: mcon
      Partial area ratio:    0.18
      Required ratio:    3.00 (Gate area) 
      Cumulative area ratio:    0.18
      Required ratio:    0.00 (Cumulative area) 

    Layer: met1
      Partial area ratio:    5.52
      Required ratio:    0.00 (Gate area) 
      Cumulative area ratio:    5.52
      Required ratio:    0.00 (Cumulative area) 
      Partial area ratio:   26.43
      Required ratio:  400.00 (Side area) 
      Cumulative area ratio:   26.43
      Required ratio:    0.00 (Cumulative side area) 

    Layer: via
      Partial area ratio:    0.28
      Required ratio:    6.00 (Gate area) 
      Cumulative area ratio:    0.46
      Required ratio:    0.00 (Cumulative area) 

    Layer: met2
      Partial area ratio:   13.34
      Required ratio:    0.00 (Gate area) 
      Cumulative area ratio:   18.86
      Required ratio:    0.00 (Cumulative area) 
      Partial area ratio:   65.96
      Required ratio: 2778.20 (Side area) 
      Cumulative area ratio:   92.39
      Required ratio:    0.00 (Cumulative side area) 



Net: net1172
  Pin:   _15018_/B (sky130_fd_sc_hd__or2_2)
    Layer: mcon
      Partial area ratio:    0.23
      Required ratio:    3.00 (Gate area) 
      Cumulative area ratio:    0.23
      Required ratio:    0.00 (Cumulative area) 

    Layer: met1
      Partial area ratio:  140.84
      Required ratio:    0.00 (Gate area) 
      Cumulative area ratio:  140.84
      Required ratio:    0.00 (Cumulative area) 
      Partial area ratio:  702.43
      Required ratio:  400.00 (Side area) (VIOLATED)
      Cumulative area ratio:  702.43
      Required ratio:    0.00 (Cumulative side area) 

    Layer: via
      Partial area ratio:    0.36
      Required ratio:    6.00 (Gate area) 
      Cumulative area ratio:    0.59
      Required ratio:    0.00 (Cumulative area) 

    Layer: met2
      Partial area ratio:   40.09
      Required ratio:    0.00 (Gate area) 
      Cumulative area ratio:  180.93
      Required ratio:    0.00 (Cumulative area) 
      Partial area ratio:  199.03
      Required ratio:  400.00 (Side area) 
      Cumulative area ratio:  901.46
      Required ratio:    0.00 (Cumulative side area) 

    Layer: via2
      Partial area ratio:    0.32
      Required ratio:    6.00 (Gate area) 
      Cumulative area ratio:    0.90
      Required ratio:    0.00 (Cumulative area) 

    Layer: met3
      Partial area ratio: 1512.37
      Required ratio:    0.00 (Gate area) 
      Cumulative area ratio: 1693.30
      Required ratio:    0.00 (Cumulative area) 
      Partial area ratio: 8069.71
      Required ratio: 2778.20 (Side area) (VIOLATED)
      Cumulative area ratio: 8971.17
      Required ratio:    0.00 (Cumulative side area) 



Net: net830
  Pin:   _11901_/A (sky130_fd_sc_hd__or3_2)
    Layer: mcon
      Partial area ratio:    0.23
      Required ratio:    3.00 (Gate area) 
      Cumulative area ratio:    0.23
      Required ratio:    0.00 (Cumulative area) 

    Layer: met1
      Partial area ratio:    5.91
      Required ratio:    0.00 (Gate area) 
      Cumulative area ratio:    5.91
      Required ratio:    0.00 (Cumulative area) 
      Partial area ratio:   28.10
      Required ratio:  400.00 (Side area) 
      Cumulative area ratio:   28.10
      Required ratio:    0.00 (Cumulative side area) 

    Layer: via
      Partial area ratio:    0.36
      Required ratio:    6.00 (Gate area) 
      Cumulative area ratio:    0.59
      Required ratio:    0.00 (Cumulative area) 

    Layer: met2
      Partial area ratio:    1.48
      Required ratio:    0.00 (Gate area) 
      Cumulative area ratio:    7.40
      Required ratio:    0.00 (Cumulative area) 
      Partial area ratio:    6.83
      Required ratio:  400.00 (Side area) 
      Cumulative area ratio:   34.93
      Required ratio:    0.00 (Cumulative side area) 

    Layer: via2
      Partial area ratio:    0.32
      Required ratio:    6.00 (Gate area) 
      Cumulative area ratio:    0.90
      Required ratio:    0.00 (Cumulative area) 

    Layer: met3
      Partial area ratio:   50.27
      Required ratio:    0.00 (Gate area) 
      Cumulative area ratio:   57.67
      Required ratio:    0.00 (Cumulative area) 
      Partial area ratio:  271.81
      Required ratio:  400.00 (Side area) 
      Cumulative area ratio:  306.74
      Required ratio:    0.00 (Cumulative side area) 

    Layer: via3
      Partial area ratio:    0.32
      Required ratio:    6.00 (Gate area) 
      Cumulative area ratio:    1.22
      Required ratio:    0.00 (Cumulative area) 

    Layer: met4
      Partial area ratio:   37.97
      Required ratio:    0.00 (Gate area) 
      Cumulative area ratio:   95.64
      Required ratio:    0.00 (Cumulative area) 
      Partial area ratio:  203.28
      Required ratio: 2778.20 (Side area) 
      Cumulative area ratio:  510.02
      Required ratio:    0.00 (Cumulative side area) 


  Pin:   _11919_/A (sky130_fd_sc_hd__or3_2)
    Layer: mcon
      Partial area ratio:    0.23
      Required ratio:    3.00 (Gate area) 
      Cumulative area ratio:    0.23
      Required ratio:    0.00 (Cumulative area) 

    Layer: met1
      Partial area ratio:    4.38
      Required ratio:    0.00 (Gate area) 
      Cumulative area ratio:    4.38
      Required ratio:    0.00 (Cumulative area) 
      Partial area ratio:   20.43
      Required ratio:  400.00 (Side area) 
      Cumulative area ratio:   20.43
      Required ratio:    0.00 (Cumulative side area) 

    Layer: via
      Partial area ratio:    0.36
      Required ratio:    6.00 (Gate area) 
      Cumulative area ratio:    0.59
      Required ratio:    0.00 (Cumulative area) 

    Layer: met2
      Partial area ratio:   29.77
      Required ratio:    0.00 (Gate area) 
      Cumulative area ratio:   34.15
      Required ratio:    0.00 (Cumulative area) 
      Partial area ratio:  147.99
      Required ratio:  400.00 (Side area) 
      Cumulative area ratio:  168.42
      Required ratio:    0.00 (Cumulative side area) 

    Layer: via2
      Partial area ratio:    0.09
      Required ratio:    6.00 (Gate area) 
      Cumulative area ratio:    0.68
      Required ratio:    0.00 (Cumulative area) 

    Layer: met3
      Partial area ratio:    2.63
      Required ratio:    0.00 (Gate area) 
      Cumulative area ratio:   36.78
      Required ratio:    0.00 (Cumulative area) 
      Partial area ratio:   15.08
      Required ratio:  400.00 (Side area) 
      Cumulative area ratio:  183.50
      Required ratio:    0.00 (Cumulative side area) 

    Layer: via3
      Partial area ratio:    0.09
      Required ratio:    6.00 (Gate area) 
      Cumulative area ratio:    0.77
      Required ratio:    0.00 (Cumulative area) 

    Layer: met4
      Partial area ratio:   37.97
      Required ratio:    0.00 (Gate area) 
      Cumulative area ratio:   74.75
      Required ratio:    0.00 (Cumulative area) 
      Partial area ratio:  203.28
      Required ratio: 2778.20 (Side area) 
      Cumulative area ratio:  386.78
      Required ratio:    0.00 (Cumulative side area) 


  Pin:   _12513_/A (sky130_fd_sc_hd__or3_2)
    Layer: mcon
      Partial area ratio:    0.23
      Required ratio:    3.00 (Gate area) 
      Cumulative area ratio:    0.23
      Required ratio:    0.00 (Cumulative area) 

    Layer: met1
      Partial area ratio:   32.16
      Required ratio:    0.00 (Gate area) 
      Cumulative area ratio:   32.16
      Required ratio:    0.00 (Cumulative area) 
      Partial area ratio:  159.31
      Required ratio:  400.00 (Side area) 
      Cumulative area ratio:  159.31
      Required ratio:    0.00 (Cumulative side area) 

    Layer: via
      Partial area ratio:    0.36
      Required ratio:    6.00 (Gate area) 
      Cumulative area ratio:    0.59
      Required ratio:    0.00 (Cumulative area) 

    Layer: met2
      Partial area ratio:   29.77
      Required ratio:    0.00 (Gate area) 
      Cumulative area ratio:   61.93
      Required ratio:    0.00 (Cumulative area) 
      Partial area ratio:  147.99
      Required ratio:  400.00 (Side area) 
      Cumulative area ratio:  307.30
      Required ratio:    0.00 (Cumulative side area) 

    Layer: via2
      Partial area ratio:    0.09
      Required ratio:    6.00 (Gate area) 
      Cumulative area ratio:    0.68
      Required ratio:    0.00 (Cumulative area) 

    Layer: met3
      Partial area ratio:    2.63
      Required ratio:    0.00 (Gate area) 
      Cumulative area ratio:   64.55
      Required ratio:    0.00 (Cumulative area) 
      Partial area ratio:   15.08
      Required ratio:  400.00 (Side area) 
      Cumulative area ratio:  322.38
      Required ratio:    0.00 (Cumulative side area) 

    Layer: via3
      Partial area ratio:    0.09
      Required ratio:    6.00 (Gate area) 
      Cumulative area ratio:    0.77
      Required ratio:    0.00 (Cumulative area) 

    Layer: met4
      Partial area ratio:   37.97
      Required ratio:    0.00 (Gate area) 
      Cumulative area ratio:  102.53
      Required ratio:    0.00 (Cumulative area) 
      Partial area ratio:  203.28
      Required ratio: 2778.20 (Side area) 
      Cumulative area ratio:  525.66
      Required ratio:    0.00 (Cumulative side area) 


  Pin:   _12531_/A (sky130_fd_sc_hd__or3_2)
    Layer: mcon
      Partial area ratio:    0.23
      Required ratio:    3.00 (Gate area) 
      Cumulative area ratio:    0.23
      Required ratio:    0.00 (Cumulative area) 

    Layer: met1
      Partial area ratio:   92.39
      Required ratio:    0.00 (Gate area) 
      Cumulative area ratio:   92.39
      Required ratio:    0.00 (Cumulative area) 
      Partial area ratio:  459.64
      Required ratio:  400.00 (Side area) (VIOLATED)
      Cumulative area ratio:  459.64
      Required ratio:    0.00 (Cumulative side area) 

    Layer: via
      Partial area ratio:    0.45
      Required ratio:    6.00 (Gate area) 
      Cumulative area ratio:    0.68
      Required ratio:    0.00 (Cumulative area) 

    Layer: met2
      Partial area ratio:   29.77
      Required ratio:    0.00 (Gate area) 
      Cumulative area ratio:  122.16
      Required ratio:    0.00 (Cumulative area) 
      Partial area ratio:  147.99
      Required ratio:  400.00 (Side area) 
      Cumulative area ratio:  607.63
      Required ratio:    0.00 (Cumulative side area) 

    Layer: via2
      Partial area ratio:    0.09
      Required ratio:    6.00 (Gate area) 
      Cumulative area ratio:    0.77
      Required ratio:    0.00 (Cumulative area) 

    Layer: met3
      Partial area ratio:    2.63
      Required ratio:    0.00 (Gate area) 
      Cumulative area ratio:  124.78
      Required ratio:    0.00 (Cumulative area) 
      Partial area ratio:   15.08
      Required ratio:  400.00 (Side area) 
      Cumulative area ratio:  622.71
      Required ratio:    0.00 (Cumulative side area) 

    Layer: via3
      Partial area ratio:    0.09
      Required ratio:    6.00 (Gate area) 
      Cumulative area ratio:    0.86
      Required ratio:    0.00 (Cumulative area) 

    Layer: met4
      Partial area ratio:   37.97
      Required ratio:    0.00 (Gate area) 
      Cumulative area ratio:  162.76
      Required ratio:    0.00 (Cumulative area) 
      Partial area ratio:  203.28
      Required ratio: 2778.20 (Side area) 
      Cumulative area ratio:  825.99
      Required ratio:    0.00 (Cumulative side area) 


  Pin:   _12837_/B (sky130_fd_sc_hd__or3_2)
    Layer: mcon
      Partial area ratio:    0.23
      Required ratio:    3.00 (Gate area) 
      Cumulative area ratio:    0.23
      Required ratio:    0.00 (Cumulative area) 

    Layer: met1
      Partial area ratio:   61.46
      Required ratio:    0.00 (Gate area) 
      Cumulative area ratio:   61.46
      Required ratio:    0.00 (Cumulative area) 
      Partial area ratio:  305.87
      Required ratio:  400.00 (Side area) 
      Cumulative area ratio:  305.87
      Required ratio:    0.00 (Cumulative side area) 

    Layer: via
      Partial area ratio:    0.27
      Required ratio:    6.00 (Gate area) 
      Cumulative area ratio:    0.50
      Required ratio:    0.00 (Cumulative area) 

    Layer: met2
      Partial area ratio:   29.77
      Required ratio:    0.00 (Gate area) 
      Cumulative area ratio:   91.23
      Required ratio:    0.00 (Cumulative area) 
      Partial area ratio:  147.99
      Required ratio:  400.00 (Side area) 
      Cumulative area ratio:  453.86
      Required ratio:    0.00 (Cumulative side area) 

    Layer: via2
      Partial area ratio:    0.09
      Required ratio:    6.00 (Gate area) 
      Cumulative area ratio:    0.59
      Required ratio:    0.00 (Cumulative area) 

    Layer: met3
      Partial area ratio:    2.63
      Required ratio:    0.00 (Gate area) 
      Cumulative area ratio:   93.86
      Required ratio:    0.00 (Cumulative area) 
      Partial area ratio:   15.08
      Required ratio:  400.00 (Side area) 
      Cumulative area ratio:  468.95
      Required ratio:    0.00 (Cumulative side area) 

    Layer: via3
      Partial area ratio:    0.09
      Required ratio:    6.00 (Gate area) 
      Cumulative area ratio:    0.68
      Required ratio:    0.00 (Cumulative area) 

    Layer: met4
      Partial area ratio:   37.97
      Required ratio:    0.00 (Gate area) 
      Cumulative area ratio:  131.83
      Required ratio:    0.00 (Cumulative area) 
      Partial area ratio:  203.28
      Required ratio: 2778.20 (Side area) 
      Cumulative area ratio:  672.22
      Required ratio:    0.00 (Cumulative side area) 


  Pin:   _12855_/B (sky130_fd_sc_hd__or3_2)
    Layer: mcon
      Partial area ratio:    0.23
      Required ratio:    3.00 (Gate area) 
      Cumulative area ratio:    0.23
      Required ratio:    0.00 (Cumulative area) 

    Layer: met1
      Partial area ratio:   61.46
      Required ratio:    0.00 (Gate area) 
      Cumulative area ratio:   61.46
      Required ratio:    0.00 (Cumulative area) 
      Partial area ratio:  305.87
      Required ratio:  400.00 (Side area) 
      Cumulative area ratio:  305.87
      Required ratio:    0.00 (Cumulative side area) 

    Layer: via
      Partial area ratio:    0.27
      Required ratio:    6.00 (Gate area) 
      Cumulative area ratio:    0.50
      Required ratio:    0.00 (Cumulative area) 

    Layer: met2
      Partial area ratio:   29.77
      Required ratio:    0.00 (Gate area) 
      Cumulative area ratio:   91.23
      Required ratio:    0.00 (Cumulative area) 
      Partial area ratio:  147.99
      Required ratio:  400.00 (Side area) 
      Cumulative area ratio:  453.86
      Required ratio:    0.00 (Cumulative side area) 

    Layer: via2
      Partial area ratio:    0.09
      Required ratio:    6.00 (Gate area) 
      Cumulative area ratio:    0.59
      Required ratio:    0.00 (Cumulative area) 

    Layer: met3
      Partial area ratio:    2.63
      Required ratio:    0.00 (Gate area) 
      Cumulative area ratio:   93.86
      Required ratio:    0.00 (Cumulative area) 
      Partial area ratio:   15.08
      Required ratio:  400.00 (Side area) 
      Cumulative area ratio:  468.95
      Required ratio:    0.00 (Cumulative side area) 

    Layer: via3
      Partial area ratio:    0.09
      Required ratio:    6.00 (Gate area) 
      Cumulative area ratio:    0.68
      Required ratio:    0.00 (Cumulative area) 

    Layer: met4
      Partial area ratio:   37.97
      Required ratio:    0.00 (Gate area) 
      Cumulative area ratio:  131.83
      Required ratio:    0.00 (Cumulative area) 
      Partial area ratio:  203.28
      Required ratio: 2778.20 (Side area) 
      Cumulative area ratio:  672.22
      Required ratio:    0.00 (Cumulative side area) 


  Pin:   _12864_/B (sky130_fd_sc_hd__or3_2)
    Layer: mcon
      Partial area ratio:    0.23
      Required ratio:    3.00 (Gate area) 
      Cumulative area ratio:    0.23
      Required ratio:    0.00 (Cumulative area) 

    Layer: met1
      Partial area ratio:    4.37
      Required ratio:    0.00 (Gate area) 
      Cumulative area ratio:    4.37
      Required ratio:    0.00 (Cumulative area) 
      Partial area ratio:   20.41
      Required ratio:  400.00 (Side area) 
      Cumulative area ratio:   20.41
      Required ratio:    0.00 (Cumulative side area) 

    Layer: via
      Partial area ratio:    0.27
      Required ratio:    6.00 (Gate area) 
      Cumulative area ratio:    0.50
      Required ratio:    0.00 (Cumulative area) 

    Layer: met2
      Partial area ratio:    5.37
      Required ratio:    0.00 (Gate area) 
      Cumulative area ratio:    9.74
      Required ratio:    0.00 (Cumulative area) 
      Partial area ratio:   26.07
      Required ratio: 2778.20 (Side area) 
      Cumulative area ratio:   46.48
      Required ratio:    0.00 (Cumulative side area) 

    Layer: via2
      Partial area ratio:    0.16
      Required ratio:   22.04 (Gate area) 
      Cumulative area ratio:    0.66
      Required ratio:    0.00 (Cumulative area) 

    Layer: met3
      Partial area ratio:    0.50
      Required ratio:    0.00 (Gate area) 
      Cumulative area ratio:   10.24
      Required ratio:    0.00 (Cumulative area) 
      Partial area ratio:    4.51
      Required ratio: 2778.20 (Side area) 
      Cumulative area ratio:   50.99
      Required ratio:    0.00 (Cumulative side area) 

    Layer: via3
      Partial area ratio:    0.16
      Required ratio:   22.04 (Gate area) 
      Cumulative area ratio:    0.81
      Required ratio:    0.00 (Cumulative area) 

    Layer: met4
      Partial area ratio:   37.97
      Required ratio:    0.00 (Gate area) 
      Cumulative area ratio:   48.21
      Required ratio:    0.00 (Cumulative area) 
      Partial area ratio:  203.28
      Required ratio: 2778.20 (Side area) 
      Cumulative area ratio:  254.26
      Required ratio:    0.00 (Cumulative side area) 


  Pin:   _13161_/A (sky130_fd_sc_hd__or3_2)
    Layer: mcon
      Partial area ratio:    0.23
      Required ratio:    3.00 (Gate area) 
      Cumulative area ratio:    0.23
      Required ratio:    0.00 (Cumulative area) 

    Layer: met1
      Partial area ratio:   92.39
      Required ratio:    0.00 (Gate area) 
      Cumulative area ratio:   92.39
      Required ratio:    0.00 (Cumulative area) 
      Partial area ratio:  459.64
      Required ratio:  400.00 (Side area) (VIOLATED)
      Cumulative area ratio:  459.64
      Required ratio:    0.00 (Cumulative side area) 

    Layer: via
      Partial area ratio:    0.45
      Required ratio:    6.00 (Gate area) 
      Cumulative area ratio:    0.68
      Required ratio:    0.00 (Cumulative area) 

    Layer: met2
      Partial area ratio:   29.77
      Required ratio:    0.00 (Gate area) 
      Cumulative area ratio:  122.16
      Required ratio:    0.00 (Cumulative area) 
      Partial area ratio:  147.99
      Required ratio:  400.00 (Side area) 
      Cumulative area ratio:  607.63
      Required ratio:    0.00 (Cumulative side area) 

    Layer: via2
      Partial area ratio:    0.09
      Required ratio:    6.00 (Gate area) 
      Cumulative area ratio:    0.77
      Required ratio:    0.00 (Cumulative area) 

    Layer: met3
      Partial area ratio:    2.63
      Required ratio:    0.00 (Gate area) 
      Cumulative area ratio:  124.78
      Required ratio:    0.00 (Cumulative area) 
      Partial area ratio:   15.08
      Required ratio:  400.00 (Side area) 
      Cumulative area ratio:  622.71
      Required ratio:    0.00 (Cumulative side area) 

    Layer: via3
      Partial area ratio:    0.09
      Required ratio:    6.00 (Gate area) 
      Cumulative area ratio:    0.86
      Required ratio:    0.00 (Cumulative area) 

    Layer: met4
      Partial area ratio:   37.97
      Required ratio:    0.00 (Gate area) 
      Cumulative area ratio:  162.76
      Required ratio:    0.00 (Cumulative area) 
      Partial area ratio:  203.28
      Required ratio: 2778.20 (Side area) 
      Cumulative area ratio:  825.99
      Required ratio:    0.00 (Cumulative side area) 


  Pin:   _13179_/A (sky130_fd_sc_hd__or3_2)
    Layer: mcon
      Partial area ratio:    0.23
      Required ratio:    3.00 (Gate area) 
      Cumulative area ratio:    0.23
      Required ratio:    0.00 (Cumulative area) 

    Layer: met1
      Partial area ratio:    5.40
      Required ratio:    0.00 (Gate area) 
      Cumulative area ratio:    5.40
      Required ratio:    0.00 (Cumulative area) 
      Partial area ratio:   25.51
      Required ratio:  400.00 (Side area) 
      Cumulative area ratio:   25.51
      Required ratio:    0.00 (Cumulative side area) 

    Layer: via
      Partial area ratio:    0.36
      Required ratio:    6.00 (Gate area) 
      Cumulative area ratio:    0.59
      Required ratio:    0.00 (Cumulative area) 

    Layer: met2
      Partial area ratio:   29.77
      Required ratio:    0.00 (Gate area) 
      Cumulative area ratio:   35.17
      Required ratio:    0.00 (Cumulative area) 
      Partial area ratio:  147.99
      Required ratio:  400.00 (Side area) 
      Cumulative area ratio:  173.50
      Required ratio:    0.00 (Cumulative side area) 

    Layer: via2
      Partial area ratio:    0.09
      Required ratio:    6.00 (Gate area) 
      Cumulative area ratio:    0.68
      Required ratio:    0.00 (Cumulative area) 

    Layer: met3
      Partial area ratio:    2.63
      Required ratio:    0.00 (Gate area) 
      Cumulative area ratio:   37.80
      Required ratio:    0.00 (Cumulative area) 
      Partial area ratio:   15.08
      Required ratio:  400.00 (Side area) 
      Cumulative area ratio:  188.59
      Required ratio:    0.00 (Cumulative side area) 

    Layer: via3
      Partial area ratio:    0.09
      Required ratio:    6.00 (Gate area) 
      Cumulative area ratio:    0.77
      Required ratio:    0.00 (Cumulative area) 

    Layer: met4
      Partial area ratio:   37.97
      Required ratio:    0.00 (Gate area) 
      Cumulative area ratio:   75.77
      Required ratio:    0.00 (Cumulative area) 
      Partial area ratio:  203.28
      Required ratio: 2778.20 (Side area) 
      Cumulative area ratio:  391.86
      Required ratio:    0.00 (Cumulative side area) 


  Pin:   _13188_/A (sky130_fd_sc_hd__or3_2)
    Layer: mcon
      Partial area ratio:    0.23
      Required ratio:    3.00 (Gate area) 
      Cumulative area ratio:    0.23
      Required ratio:    0.00 (Cumulative area) 

    Layer: met1
      Partial area ratio:    4.37
      Required ratio:    0.00 (Gate area) 
      Cumulative area ratio:    4.37
      Required ratio:    0.00 (Cumulative area) 
      Partial area ratio:   20.41
      Required ratio:  400.00 (Side area) 
      Cumulative area ratio:   20.41
      Required ratio:    0.00 (Cumulative side area) 

    Layer: via
      Partial area ratio:    0.27
      Required ratio:    6.00 (Gate area) 
      Cumulative area ratio:    0.50
      Required ratio:    0.00 (Cumulative area) 

    Layer: met2
      Partial area ratio:    5.37
      Required ratio:    0.00 (Gate area) 
      Cumulative area ratio:    9.74
      Required ratio:    0.00 (Cumulative area) 
      Partial area ratio:   26.07
      Required ratio: 2778.20 (Side area) 
      Cumulative area ratio:   46.48
      Required ratio:    0.00 (Cumulative side area) 

    Layer: via2
      Partial area ratio:    0.16
      Required ratio:   22.04 (Gate area) 
      Cumulative area ratio:    0.66
      Required ratio:    0.00 (Cumulative area) 

    Layer: met3
      Partial area ratio:    0.50
      Required ratio:    0.00 (Gate area) 
      Cumulative area ratio:   10.24
      Required ratio:    0.00 (Cumulative area) 
      Partial area ratio:    4.51
      Required ratio: 2778.20 (Side area) 
      Cumulative area ratio:   50.99
      Required ratio:    0.00 (Cumulative side area) 

    Layer: via3
      Partial area ratio:    0.16
      Required ratio:   22.04 (Gate area) 
      Cumulative area ratio:    0.81
      Required ratio:    0.00 (Cumulative area) 

    Layer: met4
      Partial area ratio:   37.97
      Required ratio:    0.00 (Gate area) 
      Cumulative area ratio:   48.21
      Required ratio:    0.00 (Cumulative area) 
      Partial area ratio:  203.28
      Required ratio: 2778.20 (Side area) 
      Cumulative area ratio:  254.26
      Required ratio:    0.00 (Cumulative side area) 



Net: net860
  Pin:   _09487_/B1 (sky130_fd_sc_hd__a221o_2)
    Layer: mcon
      Partial area ratio:    0.12
      Required ratio:    3.00 (Gate area) 
      Cumulative area ratio:    0.12
      Required ratio:    0.00 (Cumulative area) 

    Layer: met1
      Partial area ratio:   28.79
      Required ratio:    0.00 (Gate area) 
      Cumulative area ratio:   28.79
      Required ratio:    0.00 (Cumulative area) 
      Partial area ratio:  142.77
      Required ratio:  400.00 (Side area) 
      Cumulative area ratio:  142.77
      Required ratio:    0.00 (Cumulative side area) 

    Layer: via
      Partial area ratio:    0.27
      Required ratio:    6.00 (Gate area) 
      Cumulative area ratio:    0.39
      Required ratio:    0.00 (Cumulative area) 

    Layer: met2
      Partial area ratio:    2.74
      Required ratio:    0.00 (Gate area) 
      Cumulative area ratio:   31.53
      Required ratio:    0.00 (Cumulative area) 
      Partial area ratio:   13.31
      Required ratio:  400.00 (Side area) 
      Cumulative area ratio:  156.08
      Required ratio:    0.00 (Cumulative side area) 

    Layer: via2
      Partial area ratio:    0.08
      Required ratio:    6.00 (Gate area) 
      Cumulative area ratio:    0.47
      Required ratio:    0.00 (Cumulative area) 

    Layer: met3
      Partial area ratio:    0.25
      Required ratio:    0.00 (Gate area) 
      Cumulative area ratio:   31.79
      Required ratio:    0.00 (Cumulative area) 
      Partial area ratio:    2.29
      Required ratio:  400.00 (Side area) 
      Cumulative area ratio:  158.37
      Required ratio:    0.00 (Cumulative side area) 

    Layer: via3
      Partial area ratio:    0.08
      Required ratio:    6.00 (Gate area) 
      Cumulative area ratio:    0.55
      Required ratio:    0.00 (Cumulative area) 

    Layer: met4
      Partial area ratio:   36.08
      Required ratio:    0.00 (Gate area) 
      Cumulative area ratio:   67.87
      Required ratio:    0.00 (Cumulative area) 
      Partial area ratio:  192.62
      Required ratio: 2956.40 (Side area) 
      Cumulative area ratio:  350.99
      Required ratio:    0.00 (Cumulative side area) 


  Pin:   _09560_/B1 (sky130_fd_sc_hd__a221o_2)
    Layer: mcon
      Partial area ratio:    0.12
      Required ratio:    3.00 (Gate area) 
      Cumulative area ratio:    0.12
      Required ratio:    0.00 (Cumulative area) 

    Layer: met1
      Partial area ratio:   23.30
      Required ratio:    0.00 (Gate area) 
      Cumulative area ratio:   23.30
      Required ratio:    0.00 (Cumulative area) 
      Partial area ratio:  115.54
      Required ratio:  400.00 (Side area) 
      Cumulative area ratio:  115.54
      Required ratio:    0.00 (Cumulative side area) 

    Layer: via
      Partial area ratio:    0.18
      Required ratio:    6.00 (Gate area) 
      Cumulative area ratio:    0.30
      Required ratio:    0.00 (Cumulative area) 

    Layer: met2
      Partial area ratio:    6.44
      Required ratio:    0.00 (Gate area) 
      Cumulative area ratio:   29.74
      Required ratio:    0.00 (Cumulative area) 
      Partial area ratio:   31.73
      Required ratio:  400.00 (Side area) 
      Cumulative area ratio:  147.27
      Required ratio:    0.00 (Cumulative side area) 

    Layer: via2
      Partial area ratio:    0.08
      Required ratio:    6.00 (Gate area) 
      Cumulative area ratio:    0.38
      Required ratio:    0.00 (Cumulative area) 

    Layer: met3
      Partial area ratio:    0.25
      Required ratio:    0.00 (Gate area) 
      Cumulative area ratio:   29.99
      Required ratio:    0.00 (Cumulative area) 
      Partial area ratio:    2.27
      Required ratio:  400.00 (Side area) 
      Cumulative area ratio:  149.55
      Required ratio:    0.00 (Cumulative side area) 

    Layer: via3
      Partial area ratio:    0.08
      Required ratio:    6.00 (Gate area) 
      Cumulative area ratio:    0.46
      Required ratio:    0.00 (Cumulative area) 

    Layer: met4
      Partial area ratio:   36.08
      Required ratio:    0.00 (Gate area) 
      Cumulative area ratio:   66.07
      Required ratio:    0.00 (Cumulative area) 
      Partial area ratio:  192.62
      Required ratio: 2956.40 (Side area) 
      Cumulative area ratio:  342.16
      Required ratio:    0.00 (Cumulative side area) 


  Pin:   _09707_/A2 (sky130_fd_sc_hd__a221o_2)
    Layer: mcon
      Partial area ratio:    0.12
      Required ratio:    3.00 (Gate area) 
      Cumulative area ratio:    0.12
      Required ratio:    0.00 (Cumulative area) 

    Layer: met1
      Partial area ratio:   97.18
      Required ratio:    0.00 (Gate area) 
      Cumulative area ratio:   97.18
      Required ratio:    0.00 (Cumulative area) 
      Partial area ratio:  485.13
      Required ratio:  400.00 (Side area) (VIOLATED)
      Cumulative area ratio:  485.13
      Required ratio:    0.00 (Cumulative side area) 

    Layer: via
      Partial area ratio:    0.18
      Required ratio:    6.00 (Gate area) 
      Cumulative area ratio:    0.30
      Required ratio:    0.00 (Cumulative area) 

    Layer: met2
      Partial area ratio:    2.74
      Required ratio:    0.00 (Gate area) 
      Cumulative area ratio:   99.92
      Required ratio:    0.00 (Cumulative area) 
      Partial area ratio:   13.31
      Required ratio:  400.00 (Side area) 
      Cumulative area ratio:  498.44
      Required ratio:    0.00 (Cumulative side area) 

    Layer: via2
      Partial area ratio:    0.08
      Required ratio:    6.00 (Gate area) 
      Cumulative area ratio:    0.38
      Required ratio:    0.00 (Cumulative area) 

    Layer: met3
      Partial area ratio:    0.25
      Required ratio:    0.00 (Gate area) 
      Cumulative area ratio:  100.17
      Required ratio:    0.00 (Cumulative area) 
      Partial area ratio:    2.29
      Required ratio:  400.00 (Side area) 
      Cumulative area ratio:  500.73
      Required ratio:    0.00 (Cumulative side area) 

    Layer: via3
      Partial area ratio:    0.08
      Required ratio:    6.00 (Gate area) 
      Cumulative area ratio:    0.46
      Required ratio:    0.00 (Cumulative area) 

    Layer: met4
      Partial area ratio:   36.08
      Required ratio:    0.00 (Gate area) 
      Cumulative area ratio:  136.25
      Required ratio:    0.00 (Cumulative area) 
      Partial area ratio:  192.62
      Required ratio: 2956.40 (Side area) 
      Cumulative area ratio:  693.35
      Required ratio:    0.00 (Cumulative side area) 


  Pin:   _09889_/A2 (sky130_fd_sc_hd__a221o_2)
    Layer: mcon
      Partial area ratio:    0.12
      Required ratio:    3.00 (Gate area) 
      Cumulative area ratio:    0.12
      Required ratio:    0.00 (Cumulative area) 

    Layer: met1
      Partial area ratio:    0.96
      Required ratio:    0.00 (Gate area) 
      Cumulative area ratio:    0.96
      Required ratio:    0.00 (Cumulative area) 
      Partial area ratio:    4.04
      Required ratio:  400.00 (Side area) 
      Cumulative area ratio:    4.04
      Required ratio:    0.00 (Cumulative side area) 

    Layer: via
      Partial area ratio:    0.18
      Required ratio:    6.00 (Gate area) 
      Cumulative area ratio:    0.30
      Required ratio:    0.00 (Cumulative area) 

    Layer: met2
      Partial area ratio:    0.75
      Required ratio:    0.00 (Gate area) 
      Cumulative area ratio:    1.71
      Required ratio:    0.00 (Cumulative area) 
      Partial area ratio:    3.48
      Required ratio:  400.00 (Side area) 
      Cumulative area ratio:    7.51
      Required ratio:    0.00 (Cumulative side area) 

    Layer: via2
      Partial area ratio:    0.16
      Required ratio:    6.00 (Gate area) 
      Cumulative area ratio:    0.46
      Required ratio:    0.00 (Cumulative area) 

    Layer: met3
      Partial area ratio:   19.20
      Required ratio:    0.00 (Gate area) 
      Cumulative area ratio:   20.91
      Required ratio:    0.00 (Cumulative area) 
      Partial area ratio:  103.01
      Required ratio:  400.00 (Side area) 
      Cumulative area ratio:  110.53
      Required ratio:    0.00 (Cumulative side area) 

    Layer: via3
      Partial area ratio:    0.03
      Required ratio:    6.00 (Gate area) 
      Cumulative area ratio:    0.49
      Required ratio:    0.00 (Cumulative area) 

    Layer: met4
      Partial area ratio:   36.08
      Required ratio:    0.00 (Gate area) 
      Cumulative area ratio:   57.00
      Required ratio:    0.00 (Cumulative area) 
      Partial area ratio:  192.62
      Required ratio: 2956.40 (Side area) 
      Cumulative area ratio:  303.15
      Required ratio:    0.00 (Cumulative side area) 


  Pin:   _09954_/A2 (sky130_fd_sc_hd__a22o_2)
    Layer: mcon
      Partial area ratio:    0.12
      Required ratio:    3.00 (Gate area) 
      Cumulative area ratio:    0.12
      Required ratio:    0.00 (Cumulative area) 

    Layer: met1
      Partial area ratio:    2.93
      Required ratio:    0.00 (Gate area) 
      Cumulative area ratio:    2.93
      Required ratio:    0.00 (Cumulative area) 
      Partial area ratio:   13.88
      Required ratio:  400.00 (Side area) 
      Cumulative area ratio:   13.88
      Required ratio:    0.00 (Cumulative side area) 

    Layer: via
      Partial area ratio:    0.18
      Required ratio:    6.00 (Gate area) 
      Cumulative area ratio:    0.30
      Required ratio:    0.00 (Cumulative area) 

    Layer: met2
      Partial area ratio:    0.75
      Required ratio:    0.00 (Gate area) 
      Cumulative area ratio:    3.68
      Required ratio:    0.00 (Cumulative area) 
      Partial area ratio:    3.48
      Required ratio:  400.00 (Side area) 
      Cumulative area ratio:   17.36
      Required ratio:    0.00 (Cumulative side area) 

    Layer: via2
      Partial area ratio:    0.16
      Required ratio:    6.00 (Gate area) 
      Cumulative area ratio:    0.46
      Required ratio:    0.00 (Cumulative area) 

    Layer: met3
      Partial area ratio:   19.20
      Required ratio:    0.00 (Gate area) 
      Cumulative area ratio:   22.88
      Required ratio:    0.00 (Cumulative area) 
      Partial area ratio:  103.01
      Required ratio:  400.00 (Side area) 
      Cumulative area ratio:  120.37
      Required ratio:    0.00 (Cumulative side area) 

    Layer: via3
      Partial area ratio:    0.03
      Required ratio:    6.00 (Gate area) 
      Cumulative area ratio:    0.49
      Required ratio:    0.00 (Cumulative area) 

    Layer: met4
      Partial area ratio:   36.08
      Required ratio:    0.00 (Gate area) 
      Cumulative area ratio:   58.96
      Required ratio:    0.00 (Cumulative area) 
      Partial area ratio:  192.62
      Required ratio: 2956.40 (Side area) 
      Cumulative area ratio:  312.99
      Required ratio:    0.00 (Cumulative side area) 


  Pin:   _10300_/A2 (sky130_fd_sc_hd__a221o_2)
    Layer: mcon
      Partial area ratio:    0.12
      Required ratio:    3.00 (Gate area) 
      Cumulative area ratio:    0.12
      Required ratio:    0.00 (Cumulative area) 

    Layer: met1
      Partial area ratio:   17.90
      Required ratio:    0.00 (Gate area) 
      Cumulative area ratio:   17.90
      Required ratio:    0.00 (Cumulative area) 
      Partial area ratio:   88.33
      Required ratio:  400.00 (Side area) 
      Cumulative area ratio:   88.33
      Required ratio:    0.00 (Cumulative side area) 

    Layer: via
      Partial area ratio:    0.27
      Required ratio:    6.00 (Gate area) 
      Cumulative area ratio:    0.39
      Required ratio:    0.00 (Cumulative area) 

    Layer: met2
      Partial area ratio:   16.93
      Required ratio:    0.00 (Gate area) 
      Cumulative area ratio:   34.84
      Required ratio:    0.00 (Cumulative area) 
      Partial area ratio:   83.96
      Required ratio:  400.00 (Side area) 
      Cumulative area ratio:  172.29
      Required ratio:    0.00 (Cumulative side area) 

    Layer: via2
      Partial area ratio:    0.08
      Required ratio:    6.00 (Gate area) 
      Cumulative area ratio:    0.47
      Required ratio:    0.00 (Cumulative area) 

    Layer: met3
      Partial area ratio:   19.20
      Required ratio:    0.00 (Gate area) 
      Cumulative area ratio:   54.04
      Required ratio:    0.00 (Cumulative area) 
      Partial area ratio:  103.01
      Required ratio:  400.00 (Side area) 
      Cumulative area ratio:  275.30
      Required ratio:    0.00 (Cumulative side area) 

    Layer: via3
      Partial area ratio:    0.03
      Required ratio:    6.00 (Gate area) 
      Cumulative area ratio:    0.49
      Required ratio:    0.00 (Cumulative area) 

    Layer: met4
      Partial area ratio:   36.08
      Required ratio:    0.00 (Gate area) 
      Cumulative area ratio:   90.12
      Required ratio:    0.00 (Cumulative area) 
      Partial area ratio:  192.62
      Required ratio: 2956.40 (Side area) 
      Cumulative area ratio:  467.92
      Required ratio:    0.00 (Cumulative side area) 


  Pin:   _10421_/A2 (sky130_fd_sc_hd__a221o_2)
    Layer: mcon
      Partial area ratio:    0.12
      Required ratio:    3.00 (Gate area) 
      Cumulative area ratio:    0.12
      Required ratio:    0.00 (Cumulative area) 

    Layer: met1
      Partial area ratio:   12.51
      Required ratio:    0.00 (Gate area) 
      Cumulative area ratio:   12.51
      Required ratio:    0.00 (Cumulative area) 
      Partial area ratio:   61.23
      Required ratio:  400.00 (Side area) 
      Cumulative area ratio:   61.23
      Required ratio:    0.00 (Cumulative side area) 

    Layer: via
      Partial area ratio:    0.27
      Required ratio:    6.00 (Gate area) 
      Cumulative area ratio:    0.39
      Required ratio:    0.00 (Cumulative area) 

    Layer: met2
      Partial area ratio:   16.93
      Required ratio:    0.00 (Gate area) 
      Cumulative area ratio:   29.44
      Required ratio:    0.00 (Cumulative area) 
      Partial area ratio:   83.96
      Required ratio:  400.00 (Side area) 
      Cumulative area ratio:  145.19
      Required ratio:    0.00 (Cumulative side area) 

    Layer: via2
      Partial area ratio:    0.08
      Required ratio:    6.00 (Gate area) 
      Cumulative area ratio:    0.47
      Required ratio:    0.00 (Cumulative area) 

    Layer: met3
      Partial area ratio:   19.20
      Required ratio:    0.00 (Gate area) 
      Cumulative area ratio:   48.64
      Required ratio:    0.00 (Cumulative area) 
      Partial area ratio:  103.01
      Required ratio:  400.00 (Side area) 
      Cumulative area ratio:  248.20
      Required ratio:    0.00 (Cumulative side area) 

    Layer: via3
      Partial area ratio:    0.03
      Required ratio:    6.00 (Gate area) 
      Cumulative area ratio:    0.49
      Required ratio:    0.00 (Cumulative area) 

    Layer: met4
      Partial area ratio:   36.08
      Required ratio:    0.00 (Gate area) 
      Cumulative area ratio:   84.73
      Required ratio:    0.00 (Cumulative area) 
      Partial area ratio:  192.62
      Required ratio: 2956.40 (Side area) 
      Cumulative area ratio:  440.82
      Required ratio:    0.00 (Cumulative side area) 


  Pin:   _10452_/A2 (sky130_fd_sc_hd__a221o_2)
    Layer: mcon
      Partial area ratio:    0.12
      Required ratio:    3.00 (Gate area) 
      Cumulative area ratio:    0.12
      Required ratio:    0.00 (Cumulative area) 

    Layer: met1
      Partial area ratio:   32.75
      Required ratio:    0.00 (Gate area) 
      Cumulative area ratio:   32.75
      Required ratio:    0.00 (Cumulative area) 
      Partial area ratio:  162.54
      Required ratio:  400.00 (Side area) 
      Cumulative area ratio:  162.54
      Required ratio:    0.00 (Cumulative side area) 

    Layer: via
      Partial area ratio:    0.27
      Required ratio:    6.00 (Gate area) 
      Cumulative area ratio:    0.39
      Required ratio:    0.00 (Cumulative area) 

    Layer: met2
      Partial area ratio:   16.93
      Required ratio:    0.00 (Gate area) 
      Cumulative area ratio:   49.68
      Required ratio:    0.00 (Cumulative area) 
      Partial area ratio:   83.96
      Required ratio:  400.00 (Side area) 
      Cumulative area ratio:  246.50
      Required ratio:    0.00 (Cumulative side area) 

    Layer: via2
      Partial area ratio:    0.08
      Required ratio:    6.00 (Gate area) 
      Cumulative area ratio:    0.47
      Required ratio:    0.00 (Cumulative area) 

    Layer: met3
      Partial area ratio:   19.20
      Required ratio:    0.00 (Gate area) 
      Cumulative area ratio:   68.88
      Required ratio:    0.00 (Cumulative area) 
      Partial area ratio:  103.01
      Required ratio:  400.00 (Side area) 
      Cumulative area ratio:  349.51
      Required ratio:    0.00 (Cumulative side area) 

    Layer: via3
      Partial area ratio:    0.03
      Required ratio:    6.00 (Gate area) 
      Cumulative area ratio:    0.49
      Required ratio:    0.00 (Cumulative area) 

    Layer: met4
      Partial area ratio:   36.08
      Required ratio:    0.00 (Gate area) 
      Cumulative area ratio:  104.96
      Required ratio:    0.00 (Cumulative area) 
      Partial area ratio:  192.62
      Required ratio: 2956.40 (Side area) 
      Cumulative area ratio:  542.13
      Required ratio:    0.00 (Cumulative side area) 


  Pin:   _12162_/A (sky130_fd_sc_hd__and3_2)
    Layer: mcon
      Partial area ratio:    0.23
      Required ratio:    3.00 (Gate area) 
      Cumulative area ratio:    0.23
      Required ratio:    0.00 (Cumulative area) 

    Layer: met1
      Partial area ratio:   23.30
      Required ratio:    0.00 (Gate area) 
      Cumulative area ratio:   23.30
      Required ratio:    0.00 (Cumulative area) 
      Partial area ratio:  115.54
      Required ratio:  400.00 (Side area) 
      Cumulative area ratio:  115.54
      Required ratio:    0.00 (Cumulative side area) 

    Layer: via
      Partial area ratio:    0.18
      Required ratio:    6.00 (Gate area) 
      Cumulative area ratio:    0.41
      Required ratio:    0.00 (Cumulative area) 

    Layer: met2
      Partial area ratio:    6.44
      Required ratio:    0.00 (Gate area) 
      Cumulative area ratio:   29.74
      Required ratio:    0.00 (Cumulative area) 
      Partial area ratio:   31.73
      Required ratio:  400.00 (Side area) 
      Cumulative area ratio:  147.27
      Required ratio:    0.00 (Cumulative side area) 

    Layer: via2
      Partial area ratio:    0.08
      Required ratio:    6.00 (Gate area) 
      Cumulative area ratio:    0.49
      Required ratio:    0.00 (Cumulative area) 

    Layer: met3
      Partial area ratio:    0.25
      Required ratio:    0.00 (Gate area) 
      Cumulative area ratio:   29.99
      Required ratio:    0.00 (Cumulative area) 
      Partial area ratio:    2.27
      Required ratio:  400.00 (Side area) 
      Cumulative area ratio:  149.55
      Required ratio:    0.00 (Cumulative side area) 

    Layer: via3
      Partial area ratio:    0.08
      Required ratio:    6.00 (Gate area) 
      Cumulative area ratio:    0.57
      Required ratio:    0.00 (Cumulative area) 

    Layer: met4
      Partial area ratio:   36.08
      Required ratio:    0.00 (Gate area) 
      Cumulative area ratio:   66.07
      Required ratio:    0.00 (Cumulative area) 
      Partial area ratio:  192.62
      Required ratio: 2956.40 (Side area) 
      Cumulative area ratio:  342.16
      Required ratio:    0.00 (Cumulative side area) 


  Pin:   _13641_/A (sky130_fd_sc_hd__and3_2)
    Layer: mcon
      Partial area ratio:    0.23
      Required ratio:    3.00 (Gate area) 
      Cumulative area ratio:    0.23
      Required ratio:    0.00 (Cumulative area) 

    Layer: met1
      Partial area ratio:    5.75
      Required ratio:    0.00 (Gate area) 
      Cumulative area ratio:    5.75
      Required ratio:    0.00 (Cumulative area) 
      Partial area ratio:   27.26
      Required ratio:  400.00 (Side area) 
      Cumulative area ratio:   27.26
      Required ratio:    0.00 (Cumulative side area) 

    Layer: via
      Partial area ratio:    0.36
      Required ratio:    6.00 (Gate area) 
      Cumulative area ratio:    0.59
      Required ratio:    0.00 (Cumulative area) 

    Layer: met2
      Partial area ratio:    1.48
      Required ratio:    0.00 (Gate area) 
      Cumulative area ratio:    7.23
      Required ratio:    0.00 (Cumulative area) 
      Partial area ratio:    6.83
      Required ratio:  400.00 (Side area) 
      Cumulative area ratio:   34.09
      Required ratio:    0.00 (Cumulative side area) 

    Layer: via2
      Partial area ratio:    0.32
      Required ratio:    6.00 (Gate area) 
      Cumulative area ratio:    0.90
      Required ratio:    0.00 (Cumulative area) 

    Layer: met3
      Partial area ratio:    0.99
      Required ratio:    0.00 (Gate area) 
      Cumulative area ratio:    8.22
      Required ratio:    0.00 (Cumulative area) 
      Partial area ratio:    9.02
      Required ratio:  400.00 (Side area) 
      Cumulative area ratio:   43.11
      Required ratio:    0.00 (Cumulative side area) 

    Layer: via3
      Partial area ratio:    0.32
      Required ratio:    6.00 (Gate area) 
      Cumulative area ratio:    1.22
      Required ratio:    0.00 (Cumulative area) 

    Layer: met4
      Partial area ratio:   36.08
      Required ratio:    0.00 (Gate area) 
      Cumulative area ratio:   44.30
      Required ratio:    0.00 (Cumulative area) 
      Partial area ratio:  192.62
      Required ratio: 2956.40 (Side area) 
      Cumulative area ratio:  235.73
      Required ratio:    0.00 (Cumulative side area) 


  Pin:   _13650_/A (sky130_fd_sc_hd__and3_2)
    Layer: mcon
      Partial area ratio:    0.23
      Required ratio:    3.00 (Gate area) 
      Cumulative area ratio:    0.23
      Required ratio:    0.00 (Cumulative area) 

    Layer: met1
      Partial area ratio:   26.35
      Required ratio:    0.00 (Gate area) 
      Cumulative area ratio:   26.35
      Required ratio:    0.00 (Cumulative area) 
      Partial area ratio:  130.27
      Required ratio:  400.00 (Side area) 
      Cumulative area ratio:  130.27
      Required ratio:    0.00 (Cumulative side area) 

    Layer: via
      Partial area ratio:    0.36
      Required ratio:    6.00 (Gate area) 
      Cumulative area ratio:    0.59
      Required ratio:    0.00 (Cumulative area) 

    Layer: met2
      Partial area ratio:   16.93
      Required ratio:    0.00 (Gate area) 
      Cumulative area ratio:   43.28
      Required ratio:    0.00 (Cumulative area) 
      Partial area ratio:   83.96
      Required ratio:  400.00 (Side area) 
      Cumulative area ratio:  214.22
      Required ratio:    0.00 (Cumulative side area) 

    Layer: via2
      Partial area ratio:    0.08
      Required ratio:    6.00 (Gate area) 
      Cumulative area ratio:    0.66
      Required ratio:    0.00 (Cumulative area) 

    Layer: met3
      Partial area ratio:   19.20
      Required ratio:    0.00 (Gate area) 
      Cumulative area ratio:   62.48
      Required ratio:    0.00 (Cumulative area) 
      Partial area ratio:  103.01
      Required ratio:  400.00 (Side area) 
      Cumulative area ratio:  317.24
      Required ratio:    0.00 (Cumulative side area) 

    Layer: via3
      Partial area ratio:    0.03
      Required ratio:    6.00 (Gate area) 
      Cumulative area ratio:    0.69
      Required ratio:    0.00 (Cumulative area) 

    Layer: met4
      Partial area ratio:   36.08
      Required ratio:    0.00 (Gate area) 
      Cumulative area ratio:   98.57
      Required ratio:    0.00 (Cumulative area) 
      Partial area ratio:  192.62
      Required ratio: 2956.40 (Side area) 
      Cumulative area ratio:  509.85
      Required ratio:    0.00 (Cumulative side area) 


  Pin:   _14037_/A (sky130_fd_sc_hd__and3_2)
    Layer: mcon
      Partial area ratio:    0.23
      Required ratio:    3.00 (Gate area) 
      Cumulative area ratio:    0.23
      Required ratio:    0.00 (Cumulative area) 

    Layer: met1
      Partial area ratio:    4.43
      Required ratio:    0.00 (Gate area) 
      Cumulative area ratio:    4.43
      Required ratio:    0.00 (Cumulative area) 
      Partial area ratio:   21.32
      Required ratio:  400.00 (Side area) 
      Cumulative area ratio:   21.32
      Required ratio:    0.00 (Cumulative side area) 

    Layer: via
      Partial area ratio:    0.23
      Required ratio:    6.00 (Gate area) 
      Cumulative area ratio:    0.46
      Required ratio:    0.00 (Cumulative area) 

    Layer: met2
      Partial area ratio:    6.44
      Required ratio:    0.00 (Gate area) 
      Cumulative area ratio:   10.87
      Required ratio:    0.00 (Cumulative area) 
      Partial area ratio:   31.73
      Required ratio:  400.00 (Side area) 
      Cumulative area ratio:   53.05
      Required ratio:    0.00 (Cumulative side area) 

    Layer: via2
      Partial area ratio:    0.08
      Required ratio:    6.00 (Gate area) 
      Cumulative area ratio:    0.54
      Required ratio:    0.00 (Cumulative area) 

    Layer: met3
      Partial area ratio:    0.25
      Required ratio:    0.00 (Gate area) 
      Cumulative area ratio:   11.12
      Required ratio:    0.00 (Cumulative area) 
      Partial area ratio:    2.27
      Required ratio:  400.00 (Side area) 
      Cumulative area ratio:   55.32
      Required ratio:    0.00 (Cumulative side area) 

    Layer: via3
      Partial area ratio:    0.08
      Required ratio:    6.00 (Gate area) 
      Cumulative area ratio:    0.62
      Required ratio:    0.00 (Cumulative area) 

    Layer: met4
      Partial area ratio:   36.08
      Required ratio:    0.00 (Gate area) 
      Cumulative area ratio:   47.20
      Required ratio:    0.00 (Cumulative area) 
      Partial area ratio:  192.62
      Required ratio: 2956.40 (Side area) 
      Cumulative area ratio:  247.94
      Required ratio:    0.00 (Cumulative side area) 


  Pin:   place859/A (sky130_fd_sc_hd__buf_2)
    Layer: mcon
      Partial area ratio:    0.18
      Required ratio:    3.00 (Gate area) 
      Cumulative area ratio:    0.18
      Required ratio:    0.00 (Cumulative area) 

    Layer: met1
      Partial area ratio:    1.28
      Required ratio:    0.00 (Gate area) 
      Cumulative area ratio:    1.28
      Required ratio:    0.00 (Cumulative area) 
      Partial area ratio:    5.45
      Required ratio:  400.00 (Side area) 
      Cumulative area ratio:    5.45
      Required ratio:    0.00 (Cumulative side area) 

    Layer: via
      Partial area ratio:    0.28
      Required ratio:    6.00 (Gate area) 
      Cumulative area ratio:    0.46
      Required ratio:    0.00 (Cumulative area) 

    Layer: met2
      Partial area ratio:   16.93
      Required ratio:    0.00 (Gate area) 
      Cumulative area ratio:   18.21
      Required ratio:    0.00 (Cumulative area) 
      Partial area ratio:   83.96
      Required ratio:  400.00 (Side area) 
      Cumulative area ratio:   89.40
      Required ratio:    0.00 (Cumulative side area) 

    Layer: via2
      Partial area ratio:    0.08
      Required ratio:    6.00 (Gate area) 
      Cumulative area ratio:    0.54
      Required ratio:    0.00 (Cumulative area) 

    Layer: met3
      Partial area ratio:   19.20
      Required ratio:    0.00 (Gate area) 
      Cumulative area ratio:   37.41
      Required ratio:    0.00 (Cumulative area) 
      Partial area ratio:  103.01
      Required ratio:  400.00 (Side area) 
      Cumulative area ratio:  192.42
      Required ratio:    0.00 (Cumulative side area) 

    Layer: via3
      Partial area ratio:    0.03
      Required ratio:    6.00 (Gate area) 
      Cumulative area ratio:    0.57
      Required ratio:    0.00 (Cumulative area) 

    Layer: met4
      Partial area ratio:   36.08
      Required ratio:    0.00 (Gate area) 
      Cumulative area ratio:   73.50
      Required ratio:    0.00 (Cumulative area) 
      Partial area ratio:  192.62
      Required ratio: 2956.40 (Side area) 
      Cumulative area ratio:  385.03
      Required ratio:    0.00 (Cumulative side area) 



Net: net863
  Pin:   _11838_/A (sky130_fd_sc_hd__or3_2)
    Layer: mcon
      Partial area ratio:    0.23
      Required ratio:    3.00 (Gate area) 
      Cumulative area ratio:    0.23
      Required ratio:    0.00 (Cumulative area) 

    Layer: met1
      Partial area ratio:   17.77
      Required ratio:    0.00 (Gate area) 
      Cumulative area ratio:   17.77
      Required ratio:    0.00 (Cumulative area) 
      Partial area ratio:   86.99
      Required ratio:  400.00 (Side area) 
      Cumulative area ratio:   86.99
      Required ratio:    0.00 (Cumulative side area) 

    Layer: via
      Partial area ratio:    0.36
      Required ratio:    6.00 (Gate area) 
      Cumulative area ratio:    0.59
      Required ratio:    0.00 (Cumulative area) 

    Layer: met2
      Partial area ratio:   31.82
      Required ratio:    0.00 (Gate area) 
      Cumulative area ratio:   49.59
      Required ratio:    0.00 (Cumulative area) 
      Partial area ratio:  158.23
      Required ratio: 2778.20 (Side area) 
      Cumulative area ratio:  245.22
      Required ratio:    0.00 (Cumulative side area) 


  Pin:   _11856_/A (sky130_fd_sc_hd__or3_2)
    Layer: mcon
      Partial area ratio:    0.23
      Required ratio:    3.00 (Gate area) 
      Cumulative area ratio:    0.23
      Required ratio:    0.00 (Cumulative area) 

    Layer: met1
      Partial area ratio:   73.44
      Required ratio:    0.00 (Gate area) 
      Cumulative area ratio:   73.44
      Required ratio:    0.00 (Cumulative area) 
      Partial area ratio:  365.75
      Required ratio:  400.00 (Side area) 
      Cumulative area ratio:  365.75
      Required ratio:    0.00 (Cumulative side area) 

    Layer: via
      Partial area ratio:    0.36
      Required ratio:    6.00 (Gate area) 
      Cumulative area ratio:    0.59
      Required ratio:    0.00 (Cumulative area) 

    Layer: met2
      Partial area ratio:   31.82
      Required ratio:    0.00 (Gate area) 
      Cumulative area ratio:  105.27
      Required ratio:    0.00 (Cumulative area) 
      Partial area ratio:  158.23
      Required ratio: 2778.20 (Side area) 
      Cumulative area ratio:  523.98
      Required ratio:    0.00 (Cumulative side area) 


  Pin:   _12450_/A (sky130_fd_sc_hd__or3_2)
    Layer: mcon
      Partial area ratio:    0.23
      Required ratio:    3.00 (Gate area) 
      Cumulative area ratio:    0.23
      Required ratio:    0.00 (Cumulative area) 

    Layer: met1
      Partial area ratio:   17.77
      Required ratio:    0.00 (Gate area) 
      Cumulative area ratio:   17.77
      Required ratio:    0.00 (Cumulative area) 
      Partial area ratio:   86.99
      Required ratio:  400.00 (Side area) 
      Cumulative area ratio:   86.99
      Required ratio:    0.00 (Cumulative side area) 

    Layer: via
      Partial area ratio:    0.36
      Required ratio:    6.00 (Gate area) 
      Cumulative area ratio:    0.59
      Required ratio:    0.00 (Cumulative area) 

    Layer: met2
      Partial area ratio:   31.82
      Required ratio:    0.00 (Gate area) 
      Cumulative area ratio:   49.59
      Required ratio:    0.00 (Cumulative area) 
      Partial area ratio:  158.23
      Required ratio: 2778.20 (Side area) 
      Cumulative area ratio:  245.22
      Required ratio:    0.00 (Cumulative side area) 


  Pin:   _12468_/A (sky130_fd_sc_hd__or3_2)
    Layer: mcon
      Partial area ratio:    0.23
      Required ratio:    3.00 (Gate area) 
      Cumulative area ratio:    0.23
      Required ratio:    0.00 (Cumulative area) 

    Layer: met1
      Partial area ratio:    5.62
      Required ratio:    0.00 (Gate area) 
      Cumulative area ratio:    5.62
      Required ratio:    0.00 (Cumulative area) 
      Partial area ratio:   26.62
      Required ratio:  400.00 (Side area) 
      Cumulative area ratio:   26.62
      Required ratio:    0.00 (Cumulative side area) 

    Layer: via
      Partial area ratio:    0.36
      Required ratio:    6.00 (Gate area) 
      Cumulative area ratio:    0.59
      Required ratio:    0.00 (Cumulative area) 

    Layer: met2
      Partial area ratio:   31.82
      Required ratio:    0.00 (Gate area) 
      Cumulative area ratio:   37.44
      Required ratio:    0.00 (Cumulative area) 
      Partial area ratio:  158.23
      Required ratio: 2778.20 (Side area) 
      Cumulative area ratio:  184.85
      Required ratio:    0.00 (Cumulative side area) 


  Pin:   _12774_/B (sky130_fd_sc_hd__or3_2)
    Layer: mcon
      Partial area ratio:    0.23
      Required ratio:    3.00 (Gate area) 
      Cumulative area ratio:    0.23
      Required ratio:    0.00 (Cumulative area) 

    Layer: met1
      Partial area ratio:  103.87
      Required ratio:    0.00 (Gate area) 
      Cumulative area ratio:  103.87
      Required ratio:    0.00 (Cumulative area) 
      Partial area ratio:  517.04
      Required ratio:  400.00 (Side area) (VIOLATED)
      Cumulative area ratio:  517.04
      Required ratio:    0.00 (Cumulative side area) 

    Layer: via
      Partial area ratio:    0.54
      Required ratio:    6.00 (Gate area) 
      Cumulative area ratio:    0.77
      Required ratio:    0.00 (Cumulative area) 

    Layer: met2
      Partial area ratio:   31.82
      Required ratio:    0.00 (Gate area) 
      Cumulative area ratio:  135.70
      Required ratio:    0.00 (Cumulative area) 
      Partial area ratio:  158.23
      Required ratio: 2778.20 (Side area) 
      Cumulative area ratio:  675.27
      Required ratio:    0.00 (Cumulative side area) 


  Pin:   _12792_/B (sky130_fd_sc_hd__or3_2)
    Layer: mcon
      Partial area ratio:    0.23
      Required ratio:    3.00 (Gate area) 
      Cumulative area ratio:    0.23
      Required ratio:    0.00 (Cumulative area) 

    Layer: met1
      Partial area ratio:    4.13
      Required ratio:    0.00 (Gate area) 
      Cumulative area ratio:    4.13
      Required ratio:    0.00 (Cumulative area) 
      Partial area ratio:   19.16
      Required ratio:  400.00 (Side area) 
      Cumulative area ratio:   19.16
      Required ratio:    0.00 (Cumulative side area) 

    Layer: via
      Partial area ratio:    0.36
      Required ratio:    6.00 (Gate area) 
      Cumulative area ratio:    0.59
      Required ratio:    0.00 (Cumulative area) 

    Layer: met2
      Partial area ratio:   31.82
      Required ratio:    0.00 (Gate area) 
      Cumulative area ratio:   35.95
      Required ratio:    0.00 (Cumulative area) 
      Partial area ratio:  158.23
      Required ratio: 2778.20 (Side area) 
      Cumulative area ratio:  177.39
      Required ratio:    0.00 (Cumulative side area) 


  Pin:   _13098_/A (sky130_fd_sc_hd__or3_2)
    Layer: mcon
      Partial area ratio:    0.23
      Required ratio:    3.00 (Gate area) 
      Cumulative area ratio:    0.23
      Required ratio:    0.00 (Cumulative area) 

    Layer: met1
      Partial area ratio:   20.51
      Required ratio:    0.00 (Gate area) 
      Cumulative area ratio:   20.51
      Required ratio:    0.00 (Cumulative area) 
      Partial area ratio:  101.09
      Required ratio:  400.00 (Side area) 
      Cumulative area ratio:  101.09
      Required ratio:    0.00 (Cumulative side area) 

    Layer: via
      Partial area ratio:    0.36
      Required ratio:    6.00 (Gate area) 
      Cumulative area ratio:    0.59
      Required ratio:    0.00 (Cumulative area) 

    Layer: met2
      Partial area ratio:   31.82
      Required ratio:    0.00 (Gate area) 
      Cumulative area ratio:   52.33
      Required ratio:    0.00 (Cumulative area) 
      Partial area ratio:  158.23
      Required ratio: 2778.20 (Side area) 
      Cumulative area ratio:  259.32
      Required ratio:    0.00 (Cumulative side area) 


  Pin:   _13107_/A (sky130_fd_sc_hd__or3_2)
    Layer: mcon
      Partial area ratio:    0.23
      Required ratio:    3.00 (Gate area) 
      Cumulative area ratio:    0.23
      Required ratio:    0.00 (Cumulative area) 

    Layer: met1
      Partial area ratio:   45.04
      Required ratio:    0.00 (Gate area) 
      Cumulative area ratio:   45.04
      Required ratio:    0.00 (Cumulative area) 
      Partial area ratio:  222.57
      Required ratio: 2778.20 (Side area) 
      Cumulative area ratio:  222.57
      Required ratio:    0.00 (Cumulative side area) 

    Layer: via
      Partial area ratio:    0.51
      Required ratio:   22.04 (Gate area) 
      Cumulative area ratio:    0.74
      Required ratio:    0.00 (Cumulative area) 

    Layer: met2
      Partial area ratio:   31.82
      Required ratio:    0.00 (Gate area) 
      Cumulative area ratio:   76.86
      Required ratio:    0.00 (Cumulative area) 
      Partial area ratio:  158.23
      Required ratio: 2778.20 (Side area) 
      Cumulative area ratio:  380.80
      Required ratio:    0.00 (Cumulative side area) 


  Pin:   _13116_/A (sky130_fd_sc_hd__or3_2)
    Layer: mcon
      Partial area ratio:    0.23
      Required ratio:    3.00 (Gate area) 
      Cumulative area ratio:    0.23
      Required ratio:    0.00 (Cumulative area) 

    Layer: met1
      Partial area ratio:    5.11
      Required ratio:    0.00 (Gate area) 
      Cumulative area ratio:    5.11
      Required ratio:    0.00 (Cumulative area) 
      Partial area ratio:   24.07
      Required ratio:  400.00 (Side area) 
      Cumulative area ratio:   24.07
      Required ratio:    0.00 (Cumulative side area) 

    Layer: via
      Partial area ratio:    0.36
      Required ratio:    6.00 (Gate area) 
      Cumulative area ratio:    0.59
      Required ratio:    0.00 (Cumulative area) 

    Layer: met2
      Partial area ratio:   31.82
      Required ratio:    0.00 (Gate area) 
      Cumulative area ratio:   36.93
      Required ratio:    0.00 (Cumulative area) 
      Partial area ratio:  158.23
      Required ratio: 2778.20 (Side area) 
      Cumulative area ratio:  182.30
      Required ratio:    0.00 (Cumulative side area) 



Net: net907
  Pin:   _09502_/A (sky130_fd_sc_hd__or4_2)
    Layer: mcon
      Partial area ratio:    0.23
      Required ratio:    3.00 (Gate area) 
      Cumulative area ratio:    0.23
      Required ratio:    0.00 (Cumulative area) 

    Layer: met1
      Partial area ratio:   10.86
      Required ratio:    0.00 (Gate area) 
      Cumulative area ratio:   10.86
      Required ratio:    0.00 (Cumulative area) 
      Partial area ratio:   52.70
      Required ratio:  400.00 (Side area) 
      Cumulative area ratio:   52.70
      Required ratio:    0.00 (Cumulative side area) 

    Layer: via
      Partial area ratio:    0.27
      Required ratio:    6.00 (Gate area) 
      Cumulative area ratio:    0.50
      Required ratio:    0.00 (Cumulative area) 

    Layer: met2
      Partial area ratio:   16.50
      Required ratio:    0.00 (Gate area) 
      Cumulative area ratio:   27.36
      Required ratio:    0.00 (Cumulative area) 
      Partial area ratio:   81.73
      Required ratio:  400.00 (Side area) 
      Cumulative area ratio:  134.43
      Required ratio:    0.00 (Cumulative side area) 

    Layer: via2
      Partial area ratio:    0.04
      Required ratio:    6.00 (Gate area) 
      Cumulative area ratio:    0.54
      Required ratio:    0.00 (Cumulative area) 

    Layer: met3
      Partial area ratio:    4.00
      Required ratio:    0.00 (Gate area) 
      Cumulative area ratio:   31.36
      Required ratio:    0.00 (Cumulative area) 
      Partial area ratio:   21.80
      Required ratio:  400.00 (Side area) 
      Cumulative area ratio:  156.23
      Required ratio:    0.00 (Cumulative side area) 

    Layer: via3
      Partial area ratio:    0.02
      Required ratio:    6.00 (Gate area) 
      Cumulative area ratio:    0.56
      Required ratio:    0.00 (Cumulative area) 

    Layer: met4
      Partial area ratio:    8.31
      Required ratio:    0.00 (Gate area) 
      Cumulative area ratio:   39.67
      Required ratio:    0.00 (Cumulative area) 
      Partial area ratio:   44.43
      Required ratio: 2956.40 (Side area) 
      Cumulative area ratio:  200.66
      Required ratio:    0.00 (Cumulative side area) 


  Pin:   _09546_/A (sky130_fd_sc_hd__or4_2)
    Layer: mcon
      Partial area ratio:    0.23
      Required ratio:    3.00 (Gate area) 
      Cumulative area ratio:    0.23
      Required ratio:    0.00 (Cumulative area) 

    Layer: met1
      Partial area ratio:    7.24
      Required ratio:    0.00 (Gate area) 
      Cumulative area ratio:    7.24
      Required ratio:    0.00 (Cumulative area) 
      Partial area ratio:   34.71
      Required ratio:  400.00 (Side area) 
      Cumulative area ratio:   34.71
      Required ratio:    0.00 (Cumulative side area) 

    Layer: via
      Partial area ratio:    0.36
      Required ratio:    6.00 (Gate area) 
      Cumulative area ratio:    0.59
      Required ratio:    0.00 (Cumulative area) 

    Layer: met2
      Partial area ratio:   16.50
      Required ratio:    0.00 (Gate area) 
      Cumulative area ratio:   23.73
      Required ratio:    0.00 (Cumulative area) 
      Partial area ratio:   81.73
      Required ratio:  400.00 (Side area) 
      Cumulative area ratio:  116.44
      Required ratio:    0.00 (Cumulative side area) 

    Layer: via2
      Partial area ratio:    0.04
      Required ratio:    6.00 (Gate area) 
      Cumulative area ratio:    0.63
      Required ratio:    0.00 (Cumulative area) 

    Layer: met3
      Partial area ratio:    4.00
      Required ratio:    0.00 (Gate area) 
      Cumulative area ratio:   27.74
      Required ratio:    0.00 (Cumulative area) 
      Partial area ratio:   21.80
      Required ratio:  400.00 (Side area) 
      Cumulative area ratio:  138.24
      Required ratio:    0.00 (Cumulative side area) 

    Layer: via3
      Partial area ratio:    0.02
      Required ratio:    6.00 (Gate area) 
      Cumulative area ratio:    0.65
      Required ratio:    0.00 (Cumulative area) 

    Layer: met4
      Partial area ratio:    8.31
      Required ratio:    0.00 (Gate area) 
      Cumulative area ratio:   36.04
      Required ratio:    0.00 (Cumulative area) 
      Partial area ratio:   44.43
      Required ratio: 2956.40 (Side area) 
      Cumulative area ratio:  182.67
      Required ratio:    0.00 (Cumulative side area) 


  Pin:   _09568_/B1 (sky130_fd_sc_hd__a41o_2)
    Layer: mcon
      Partial area ratio:    0.12
      Required ratio:    3.00 (Gate area) 
      Cumulative area ratio:    0.12
      Required ratio:    0.00 (Cumulative area) 

    Layer: met1
      Partial area ratio:   34.84
      Required ratio:    0.00 (Gate area) 
      Cumulative area ratio:   34.84
      Required ratio:    0.00 (Cumulative area) 
      Partial area ratio:  173.44
      Required ratio:  400.00 (Side area) 
      Cumulative area ratio:  173.44
      Required ratio:    0.00 (Cumulative side area) 

    Layer: via
      Partial area ratio:    0.18
      Required ratio:    6.00 (Gate area) 
      Cumulative area ratio:    0.30
      Required ratio:    0.00 (Cumulative area) 

    Layer: met2
      Partial area ratio:   16.50
      Required ratio:    0.00 (Gate area) 
      Cumulative area ratio:   51.33
      Required ratio:    0.00 (Cumulative area) 
      Partial area ratio:   81.73
      Required ratio:  400.00 (Side area) 
      Cumulative area ratio:  255.18
      Required ratio:    0.00 (Cumulative side area) 

    Layer: via2
      Partial area ratio:    0.04
      Required ratio:    6.00 (Gate area) 
      Cumulative area ratio:    0.34
      Required ratio:    0.00 (Cumulative area) 

    Layer: met3
      Partial area ratio:    4.00
      Required ratio:    0.00 (Gate area) 
      Cumulative area ratio:   55.34
      Required ratio:    0.00 (Cumulative area) 
      Partial area ratio:   21.80
      Required ratio:  400.00 (Side area) 
      Cumulative area ratio:  276.98
      Required ratio:    0.00 (Cumulative side area) 

    Layer: via3
      Partial area ratio:    0.02
      Required ratio:    6.00 (Gate area) 
      Cumulative area ratio:    0.36
      Required ratio:    0.00 (Cumulative area) 

    Layer: met4
      Partial area ratio:    8.31
      Required ratio:    0.00 (Gate area) 
      Cumulative area ratio:   63.65
      Required ratio:    0.00 (Cumulative area) 
      Partial area ratio:   44.43
      Required ratio: 2956.40 (Side area) 
      Cumulative area ratio:  321.41
      Required ratio:    0.00 (Cumulative side area) 


  Pin:   _09632_/A (sky130_fd_sc_hd__or4_2)
    Layer: mcon
      Partial area ratio:    0.23
      Required ratio:    3.00 (Gate area) 
      Cumulative area ratio:    0.23
      Required ratio:    0.00 (Cumulative area) 

    Layer: met1
      Partial area ratio:   10.86
      Required ratio:    0.00 (Gate area) 
      Cumulative area ratio:   10.86
      Required ratio:    0.00 (Cumulative area) 
      Partial area ratio:   52.70
      Required ratio:  400.00 (Side area) 
      Cumulative area ratio:   52.70
      Required ratio:    0.00 (Cumulative side area) 

    Layer: via
      Partial area ratio:    0.27
      Required ratio:    6.00 (Gate area) 
      Cumulative area ratio:    0.50
      Required ratio:    0.00 (Cumulative area) 

    Layer: met2
      Partial area ratio:   16.50
      Required ratio:    0.00 (Gate area) 
      Cumulative area ratio:   27.36
      Required ratio:    0.00 (Cumulative area) 
      Partial area ratio:   81.73
      Required ratio:  400.00 (Side area) 
      Cumulative area ratio:  134.43
      Required ratio:    0.00 (Cumulative side area) 

    Layer: via2
      Partial area ratio:    0.04
      Required ratio:    6.00 (Gate area) 
      Cumulative area ratio:    0.54
      Required ratio:    0.00 (Cumulative area) 

    Layer: met3
      Partial area ratio:    4.00
      Required ratio:    0.00 (Gate area) 
      Cumulative area ratio:   31.36
      Required ratio:    0.00 (Cumulative area) 
      Partial area ratio:   21.80
      Required ratio:  400.00 (Side area) 
      Cumulative area ratio:  156.23
      Required ratio:    0.00 (Cumulative side area) 

    Layer: via3
      Partial area ratio:    0.02
      Required ratio:    6.00 (Gate area) 
      Cumulative area ratio:    0.56
      Required ratio:    0.00 (Cumulative area) 

    Layer: met4
      Partial area ratio:    8.31
      Required ratio:    0.00 (Gate area) 
      Cumulative area ratio:   39.67
      Required ratio:    0.00 (Cumulative area) 
      Partial area ratio:   44.43
      Required ratio: 2956.40 (Side area) 
      Cumulative area ratio:  200.66
      Required ratio:    0.00 (Cumulative side area) 


  Pin:   _09674_/C1 (sky130_fd_sc_hd__a2111o_2)
    Layer: mcon
      Partial area ratio:    0.12
      Required ratio:    3.00 (Gate area) 
      Cumulative area ratio:    0.12
      Required ratio:    0.00 (Cumulative area) 

    Layer: met1
      Partial area ratio:    2.21
      Required ratio:    0.00 (Gate area) 
      Cumulative area ratio:    2.21
      Required ratio:    0.00 (Cumulative area) 
      Partial area ratio:   10.32
      Required ratio:  400.00 (Side area) 
      Cumulative area ratio:   10.32
      Required ratio:    0.00 (Cumulative side area) 

    Layer: via
      Partial area ratio:    0.18
      Required ratio:    6.00 (Gate area) 
      Cumulative area ratio:    0.30
      Required ratio:    0.00 (Cumulative area) 

    Layer: met2
      Partial area ratio:   16.50
      Required ratio:    0.00 (Gate area) 
      Cumulative area ratio:   18.71
      Required ratio:    0.00 (Cumulative area) 
      Partial area ratio:   81.73
      Required ratio:  400.00 (Side area) 
      Cumulative area ratio:   92.05
      Required ratio:    0.00 (Cumulative side area) 

    Layer: via2
      Partial area ratio:    0.04
      Required ratio:    6.00 (Gate area) 
      Cumulative area ratio:    0.34
      Required ratio:    0.00 (Cumulative area) 

    Layer: met3
      Partial area ratio:    4.00
      Required ratio:    0.00 (Gate area) 
      Cumulative area ratio:   22.71
      Required ratio:    0.00 (Cumulative area) 
      Partial area ratio:   21.80
      Required ratio:  400.00 (Side area) 
      Cumulative area ratio:  113.85
      Required ratio:    0.00 (Cumulative side area) 

    Layer: via3
      Partial area ratio:    0.02
      Required ratio:    6.00 (Gate area) 
      Cumulative area ratio:    0.36
      Required ratio:    0.00 (Cumulative area) 

    Layer: met4
      Partial area ratio:    8.31
      Required ratio:    0.00 (Gate area) 
      Cumulative area ratio:   31.02
      Required ratio:    0.00 (Cumulative area) 
      Partial area ratio:   44.43
      Required ratio: 2956.40 (Side area) 
      Cumulative area ratio:  158.29
      Required ratio:    0.00 (Cumulative side area) 


  Pin:   _09718_/A (sky130_fd_sc_hd__or4_2)
    Layer: mcon
      Partial area ratio:    0.23
      Required ratio:    3.00 (Gate area) 
      Cumulative area ratio:    0.23
      Required ratio:    0.00 (Cumulative area) 

    Layer: met1
      Partial area ratio:  118.91
      Required ratio:    0.00 (Gate area) 
      Cumulative area ratio:  118.91
      Required ratio:    0.00 (Cumulative area) 
      Partial area ratio:  591.36
      Required ratio:  400.00 (Side area) (VIOLATED)
      Cumulative area ratio:  591.36
      Required ratio:    0.00 (Cumulative side area) 

    Layer: via
      Partial area ratio:    0.71
      Required ratio:    6.00 (Gate area) 
      Cumulative area ratio:    0.94
      Required ratio:    0.00 (Cumulative area) 

    Layer: met2
      Partial area ratio:   16.50
      Required ratio:    0.00 (Gate area) 
      Cumulative area ratio:  135.41
      Required ratio:    0.00 (Cumulative area) 
      Partial area ratio:   81.73
      Required ratio:  400.00 (Side area) 
      Cumulative area ratio:  673.09
      Required ratio:    0.00 (Cumulative side area) 

    Layer: via2
      Partial area ratio:    0.04
      Required ratio:    6.00 (Gate area) 
      Cumulative area ratio:    0.98
      Required ratio:    0.00 (Cumulative area) 

    Layer: met3
      Partial area ratio:    4.00
      Required ratio:    0.00 (Gate area) 
      Cumulative area ratio:  139.41
      Required ratio:    0.00 (Cumulative area) 
      Partial area ratio:   21.80
      Required ratio:  400.00 (Side area) 
      Cumulative area ratio:  694.89
      Required ratio:    0.00 (Cumulative side area) 

    Layer: via3
      Partial area ratio:    0.02
      Required ratio:    6.00 (Gate area) 
      Cumulative area ratio:    1.00
      Required ratio:    0.00 (Cumulative area) 

    Layer: met4
      Partial area ratio:    8.31
      Required ratio:    0.00 (Gate area) 
      Cumulative area ratio:  147.72
      Required ratio:    0.00 (Cumulative area) 
      Partial area ratio:   44.43
      Required ratio: 2956.40 (Side area) 
      Cumulative area ratio:  739.32
      Required ratio:    0.00 (Cumulative side area) 


  Pin:   _09761_/A (sky130_fd_sc_hd__or4_2)
    Layer: mcon
      Partial area ratio:    0.23
      Required ratio:    3.00 (Gate area) 
      Cumulative area ratio:    0.23
      Required ratio:    0.00 (Cumulative area) 

    Layer: met1
      Partial area ratio:   10.86
      Required ratio:    0.00 (Gate area) 
      Cumulative area ratio:   10.86
      Required ratio:    0.00 (Cumulative area) 
      Partial area ratio:   52.70
      Required ratio:  400.00 (Side area) 
      Cumulative area ratio:   52.70
      Required ratio:    0.00 (Cumulative side area) 

    Layer: via
      Partial area ratio:    0.27
      Required ratio:    6.00 (Gate area) 
      Cumulative area ratio:    0.50
      Required ratio:    0.00 (Cumulative area) 

    Layer: met2
      Partial area ratio:   16.50
      Required ratio:    0.00 (Gate area) 
      Cumulative area ratio:   27.36
      Required ratio:    0.00 (Cumulative area) 
      Partial area ratio:   81.73
      Required ratio:  400.00 (Side area) 
      Cumulative area ratio:  134.43
      Required ratio:    0.00 (Cumulative side area) 

    Layer: via2
      Partial area ratio:    0.04
      Required ratio:    6.00 (Gate area) 
      Cumulative area ratio:    0.54
      Required ratio:    0.00 (Cumulative area) 

    Layer: met3
      Partial area ratio:    4.00
      Required ratio:    0.00 (Gate area) 
      Cumulative area ratio:   31.36
      Required ratio:    0.00 (Cumulative area) 
      Partial area ratio:   21.80
      Required ratio:  400.00 (Side area) 
      Cumulative area ratio:  156.23
      Required ratio:    0.00 (Cumulative side area) 

    Layer: via3
      Partial area ratio:    0.02
      Required ratio:    6.00 (Gate area) 
      Cumulative area ratio:    0.56
      Required ratio:    0.00 (Cumulative area) 

    Layer: met4
      Partial area ratio:    8.31
      Required ratio:    0.00 (Gate area) 
      Cumulative area ratio:   39.67
      Required ratio:    0.00 (Cumulative area) 
      Partial area ratio:   44.43
      Required ratio: 2956.40 (Side area) 
      Cumulative area ratio:  200.66
      Required ratio:    0.00 (Cumulative side area) 


  Pin:   _09805_/A (sky130_fd_sc_hd__or4_2)
    Layer: mcon
      Partial area ratio:    0.23
      Required ratio:    3.00 (Gate area) 
      Cumulative area ratio:    0.23
      Required ratio:    0.00 (Cumulative area) 

    Layer: met1
      Partial area ratio:   10.86
      Required ratio:    0.00 (Gate area) 
      Cumulative area ratio:   10.86
      Required ratio:    0.00 (Cumulative area) 
      Partial area ratio:   52.70
      Required ratio:  400.00 (Side area) 
      Cumulative area ratio:   52.70
      Required ratio:    0.00 (Cumulative side area) 

    Layer: via
      Partial area ratio:    0.27
      Required ratio:    6.00 (Gate area) 
      Cumulative area ratio:    0.50
      Required ratio:    0.00 (Cumulative area) 

    Layer: met2
      Partial area ratio:   16.50
      Required ratio:    0.00 (Gate area) 
      Cumulative area ratio:   27.36
      Required ratio:    0.00 (Cumulative area) 
      Partial area ratio:   81.73
      Required ratio:  400.00 (Side area) 
      Cumulative area ratio:  134.43
      Required ratio:    0.00 (Cumulative side area) 

    Layer: via2
      Partial area ratio:    0.04
      Required ratio:    6.00 (Gate area) 
      Cumulative area ratio:    0.54
      Required ratio:    0.00 (Cumulative area) 

    Layer: met3
      Partial area ratio:    4.00
      Required ratio:    0.00 (Gate area) 
      Cumulative area ratio:   31.36
      Required ratio:    0.00 (Cumulative area) 
      Partial area ratio:   21.80
      Required ratio:  400.00 (Side area) 
      Cumulative area ratio:  156.23
      Required ratio:    0.00 (Cumulative side area) 

    Layer: via3
      Partial area ratio:    0.02
      Required ratio:    6.00 (Gate area) 
      Cumulative area ratio:    0.56
      Required ratio:    0.00 (Cumulative area) 

    Layer: met4
      Partial area ratio:    8.31
      Required ratio:    0.00 (Gate area) 
      Cumulative area ratio:   39.67
      Required ratio:    0.00 (Cumulative area) 
      Partial area ratio:   44.43
      Required ratio: 2956.40 (Side area) 
      Cumulative area ratio:  200.66
      Required ratio:    0.00 (Cumulative side area) 


  Pin:   _09849_/A (sky130_fd_sc_hd__or4_2)
    Layer: mcon
      Partial area ratio:    0.23
      Required ratio:    3.00 (Gate area) 
      Cumulative area ratio:    0.23
      Required ratio:    0.00 (Cumulative area) 

    Layer: met1
      Partial area ratio:   14.39
      Required ratio:    0.00 (Gate area) 
      Cumulative area ratio:   14.39
      Required ratio:    0.00 (Cumulative area) 
      Partial area ratio:   70.46
      Required ratio:  400.00 (Side area) 
      Cumulative area ratio:   70.46
      Required ratio:    0.00 (Cumulative side area) 

    Layer: via
      Partial area ratio:    0.36
      Required ratio:    6.00 (Gate area) 
      Cumulative area ratio:    0.59
      Required ratio:    0.00 (Cumulative area) 

    Layer: met2
      Partial area ratio:   15.72
      Required ratio:    0.00 (Gate area) 
      Cumulative area ratio:   30.10
      Required ratio:    0.00 (Cumulative area) 
      Partial area ratio:   77.84
      Required ratio:  400.00 (Side area) 
      Cumulative area ratio:  148.30
      Required ratio:    0.00 (Cumulative side area) 

    Layer: via2
      Partial area ratio:    0.04
      Required ratio:    6.00 (Gate area) 
      Cumulative area ratio:    0.62
      Required ratio:    0.00 (Cumulative area) 

    Layer: met3
      Partial area ratio:   18.44
      Required ratio:    0.00 (Gate area) 
      Cumulative area ratio:   48.54
      Required ratio:    0.00 (Cumulative area) 
      Partial area ratio:   98.76
      Required ratio: 2956.40 (Side area) 
      Cumulative area ratio:  247.06
      Required ratio:    0.00 (Cumulative side area) 

    Layer: via3
      Partial area ratio:    0.04
      Required ratio:   38.08 (Gate area) 
      Cumulative area ratio:    0.66
      Required ratio:    0.00 (Cumulative area) 

    Layer: met4
      Partial area ratio:    8.31
      Required ratio:    0.00 (Gate area) 
      Cumulative area ratio:   56.85
      Required ratio:    0.00 (Cumulative area) 
      Partial area ratio:   44.43
      Required ratio: 2956.40 (Side area) 
      Cumulative area ratio:  291.49
      Required ratio:    0.00 (Cumulative side area) 


  Pin:   _09893_/A (sky130_fd_sc_hd__or4_2)
    Layer: mcon
      Partial area ratio:    0.23
      Required ratio:    3.00 (Gate area) 
      Cumulative area ratio:    0.23
      Required ratio:    0.00 (Cumulative area) 

    Layer: met1
      Partial area ratio:   21.66
      Required ratio:    0.00 (Gate area) 
      Cumulative area ratio:   21.66
      Required ratio:    0.00 (Cumulative area) 
      Partial area ratio:  106.73
      Required ratio:  400.00 (Side area) 
      Cumulative area ratio:  106.73
      Required ratio:    0.00 (Cumulative side area) 

    Layer: via
      Partial area ratio:    0.31
      Required ratio:    6.00 (Gate area) 
      Cumulative area ratio:    0.54
      Required ratio:    0.00 (Cumulative area) 

    Layer: met2
      Partial area ratio:   15.72
      Required ratio:    0.00 (Gate area) 
      Cumulative area ratio:   37.38
      Required ratio:    0.00 (Cumulative area) 
      Partial area ratio:   77.84
      Required ratio:  400.00 (Side area) 
      Cumulative area ratio:  184.58
      Required ratio:    0.00 (Cumulative side area) 

    Layer: via2
      Partial area ratio:    0.04
      Required ratio:    6.00 (Gate area) 
      Cumulative area ratio:    0.58
      Required ratio:    0.00 (Cumulative area) 

    Layer: met3
      Partial area ratio:   18.44
      Required ratio:    0.00 (Gate area) 
      Cumulative area ratio:   55.82
      Required ratio:    0.00 (Cumulative area) 
      Partial area ratio:   98.76
      Required ratio: 2956.40 (Side area) 
      Cumulative area ratio:  283.33
      Required ratio:    0.00 (Cumulative side area) 

    Layer: via3
      Partial area ratio:    0.04
      Required ratio:   38.08 (Gate area) 
      Cumulative area ratio:    0.61
      Required ratio:    0.00 (Cumulative area) 

    Layer: met4
      Partial area ratio:    8.31
      Required ratio:    0.00 (Gate area) 
      Cumulative area ratio:   64.12
      Required ratio:    0.00 (Cumulative area) 
      Partial area ratio:   44.43
      Required ratio: 2956.40 (Side area) 
      Cumulative area ratio:  327.76
      Required ratio:    0.00 (Cumulative side area) 


  Pin:   _09937_/A (sky130_fd_sc_hd__or4_2)
    Layer: mcon
      Partial area ratio:    0.23
      Required ratio:    3.00 (Gate area) 
      Cumulative area ratio:    0.23
      Required ratio:    0.00 (Cumulative area) 

    Layer: met1
      Partial area ratio:   41.07
      Required ratio:    0.00 (Gate area) 
      Cumulative area ratio:   41.07
      Required ratio:    0.00 (Cumulative area) 
      Partial area ratio:  203.86
      Required ratio:  400.00 (Side area) 
      Cumulative area ratio:  203.86
      Required ratio:    0.00 (Cumulative side area) 

    Layer: via
      Partial area ratio:    0.36
      Required ratio:    6.00 (Gate area) 
      Cumulative area ratio:    0.59
      Required ratio:    0.00 (Cumulative area) 

    Layer: met2
      Partial area ratio:   15.72
      Required ratio:    0.00 (Gate area) 
      Cumulative area ratio:   56.78
      Required ratio:    0.00 (Cumulative area) 
      Partial area ratio:   77.84
      Required ratio:  400.00 (Side area) 
      Cumulative area ratio:  281.70
      Required ratio:    0.00 (Cumulative side area) 

    Layer: via2
      Partial area ratio:    0.04
      Required ratio:    6.00 (Gate area) 
      Cumulative area ratio:    0.62
      Required ratio:    0.00 (Cumulative area) 

    Layer: met3
      Partial area ratio:   18.44
      Required ratio:    0.00 (Gate area) 
      Cumulative area ratio:   75.22
      Required ratio:    0.00 (Cumulative area) 
      Partial area ratio:   98.76
      Required ratio: 2956.40 (Side area) 
      Cumulative area ratio:  380.46
      Required ratio:    0.00 (Cumulative side area) 

    Layer: via3
      Partial area ratio:    0.04
      Required ratio:   38.08 (Gate area) 
      Cumulative area ratio:    0.66
      Required ratio:    0.00 (Cumulative area) 

    Layer: met4
      Partial area ratio:    8.31
      Required ratio:    0.00 (Gate area) 
      Cumulative area ratio:   83.53
      Required ratio:    0.00 (Cumulative area) 
      Partial area ratio:   44.43
      Required ratio: 2956.40 (Side area) 
      Cumulative area ratio:  424.89
      Required ratio:    0.00 (Cumulative side area) 


  Pin:   _09980_/C1 (sky130_fd_sc_hd__a221o_2)
    Layer: mcon
      Partial area ratio:    0.12
      Required ratio:    3.00 (Gate area) 
      Cumulative area ratio:    0.12
      Required ratio:    0.00 (Cumulative area) 

    Layer: met1
      Partial area ratio:    2.88
      Required ratio:    0.00 (Gate area) 
      Cumulative area ratio:    2.88
      Required ratio:    0.00 (Cumulative area) 
      Partial area ratio:   13.67
      Required ratio:  400.00 (Side area) 
      Cumulative area ratio:   13.67
      Required ratio:    0.00 (Cumulative side area) 

    Layer: via
      Partial area ratio:    0.18
      Required ratio:    6.00 (Gate area) 
      Cumulative area ratio:    0.30
      Required ratio:    0.00 (Cumulative area) 

    Layer: met2
      Partial area ratio:   15.72
      Required ratio:    0.00 (Gate area) 
      Cumulative area ratio:   18.60
      Required ratio:    0.00 (Cumulative area) 
      Partial area ratio:   77.84
      Required ratio:  400.00 (Side area) 
      Cumulative area ratio:   91.51
      Required ratio:    0.00 (Cumulative side area) 

    Layer: via2
      Partial area ratio:    0.04
      Required ratio:    6.00 (Gate area) 
      Cumulative area ratio:    0.33
      Required ratio:    0.00 (Cumulative area) 

    Layer: met3
      Partial area ratio:   18.44
      Required ratio:    0.00 (Gate area) 
      Cumulative area ratio:   37.04
      Required ratio:    0.00 (Cumulative area) 
      Partial area ratio:   98.76
      Required ratio: 2956.40 (Side area) 
      Cumulative area ratio:  190.26
      Required ratio:    0.00 (Cumulative side area) 

    Layer: via3
      Partial area ratio:    0.04
      Required ratio:   38.08 (Gate area) 
      Cumulative area ratio:    0.37
      Required ratio:    0.00 (Cumulative area) 

    Layer: met4
      Partial area ratio:    8.31
      Required ratio:    0.00 (Gate area) 
      Cumulative area ratio:   45.35
      Required ratio:    0.00 (Cumulative area) 
      Partial area ratio:   44.43
      Required ratio: 2956.40 (Side area) 
      Cumulative area ratio:  234.70
      Required ratio:    0.00 (Cumulative side area) 


  Pin:   _10025_/A (sky130_fd_sc_hd__or4_2)
    Layer: mcon
      Partial area ratio:    0.23
      Required ratio:    3.00 (Gate area) 
      Cumulative area ratio:    0.23
      Required ratio:    0.00 (Cumulative area) 

    Layer: met1
      Partial area ratio:   21.66
      Required ratio:    0.00 (Gate area) 
      Cumulative area ratio:   21.66
      Required ratio:    0.00 (Cumulative area) 
      Partial area ratio:  106.73
      Required ratio:  400.00 (Side area) 
      Cumulative area ratio:  106.73
      Required ratio:    0.00 (Cumulative side area) 

    Layer: via
      Partial area ratio:    0.31
      Required ratio:    6.00 (Gate area) 
      Cumulative area ratio:    0.54
      Required ratio:    0.00 (Cumulative area) 

    Layer: met2
      Partial area ratio:   15.72
      Required ratio:    0.00 (Gate area) 
      Cumulative area ratio:   37.38
      Required ratio:    0.00 (Cumulative area) 
      Partial area ratio:   77.84
      Required ratio:  400.00 (Side area) 
      Cumulative area ratio:  184.58
      Required ratio:    0.00 (Cumulative side area) 

    Layer: via2
      Partial area ratio:    0.04
      Required ratio:    6.00 (Gate area) 
      Cumulative area ratio:    0.58
      Required ratio:    0.00 (Cumulative area) 

    Layer: met3
      Partial area ratio:   18.44
      Required ratio:    0.00 (Gate area) 
      Cumulative area ratio:   55.82
      Required ratio:    0.00 (Cumulative area) 
      Partial area ratio:   98.76
      Required ratio: 2956.40 (Side area) 
      Cumulative area ratio:  283.33
      Required ratio:    0.00 (Cumulative side area) 

    Layer: via3
      Partial area ratio:    0.04
      Required ratio:   38.08 (Gate area) 
      Cumulative area ratio:    0.61
      Required ratio:    0.00 (Cumulative area) 

    Layer: met4
      Partial area ratio:    8.31
      Required ratio:    0.00 (Gate area) 
      Cumulative area ratio:   64.12
      Required ratio:    0.00 (Cumulative area) 
      Partial area ratio:   44.43
      Required ratio: 2956.40 (Side area) 
      Cumulative area ratio:  327.76
      Required ratio:    0.00 (Cumulative side area) 


  Pin:   _10068_/A (sky130_fd_sc_hd__or4_2)
    Layer: mcon
      Partial area ratio:    0.23
      Required ratio:    3.00 (Gate area) 
      Cumulative area ratio:    0.23
      Required ratio:    0.00 (Cumulative area) 

    Layer: met1
      Partial area ratio:   21.66
      Required ratio:    0.00 (Gate area) 
      Cumulative area ratio:   21.66
      Required ratio:    0.00 (Cumulative area) 
      Partial area ratio:  106.73
      Required ratio:  400.00 (Side area) 
      Cumulative area ratio:  106.73
      Required ratio:    0.00 (Cumulative side area) 

    Layer: via
      Partial area ratio:    0.31
      Required ratio:    6.00 (Gate area) 
      Cumulative area ratio:    0.54
      Required ratio:    0.00 (Cumulative area) 

    Layer: met2
      Partial area ratio:   15.72
      Required ratio:    0.00 (Gate area) 
      Cumulative area ratio:   37.38
      Required ratio:    0.00 (Cumulative area) 
      Partial area ratio:   77.84
      Required ratio:  400.00 (Side area) 
      Cumulative area ratio:  184.58
      Required ratio:    0.00 (Cumulative side area) 

    Layer: via2
      Partial area ratio:    0.04
      Required ratio:    6.00 (Gate area) 
      Cumulative area ratio:    0.58
      Required ratio:    0.00 (Cumulative area) 

    Layer: met3
      Partial area ratio:   18.44
      Required ratio:    0.00 (Gate area) 
      Cumulative area ratio:   55.82
      Required ratio:    0.00 (Cumulative area) 
      Partial area ratio:   98.76
      Required ratio: 2956.40 (Side area) 
      Cumulative area ratio:  283.33
      Required ratio:    0.00 (Cumulative side area) 

    Layer: via3
      Partial area ratio:    0.04
      Required ratio:   38.08 (Gate area) 
      Cumulative area ratio:    0.61
      Required ratio:    0.00 (Cumulative area) 

    Layer: met4
      Partial area ratio:    8.31
      Required ratio:    0.00 (Gate area) 
      Cumulative area ratio:   64.12
      Required ratio:    0.00 (Cumulative area) 
      Partial area ratio:   44.43
      Required ratio: 2956.40 (Side area) 
      Cumulative area ratio:  327.76
      Required ratio:    0.00 (Cumulative side area) 


  Pin:   _10112_/A (sky130_fd_sc_hd__or4_2)
    Layer: mcon
      Partial area ratio:    0.23
      Required ratio:    3.00 (Gate area) 
      Cumulative area ratio:    0.23
      Required ratio:    0.00 (Cumulative area) 

    Layer: met1
      Partial area ratio:   21.66
      Required ratio:    0.00 (Gate area) 
      Cumulative area ratio:   21.66
      Required ratio:    0.00 (Cumulative area) 
      Partial area ratio:  106.73
      Required ratio:  400.00 (Side area) 
      Cumulative area ratio:  106.73
      Required ratio:    0.00 (Cumulative side area) 

    Layer: via
      Partial area ratio:    0.31
      Required ratio:    6.00 (Gate area) 
      Cumulative area ratio:    0.54
      Required ratio:    0.00 (Cumulative area) 

    Layer: met2
      Partial area ratio:   15.72
      Required ratio:    0.00 (Gate area) 
      Cumulative area ratio:   37.38
      Required ratio:    0.00 (Cumulative area) 
      Partial area ratio:   77.84
      Required ratio:  400.00 (Side area) 
      Cumulative area ratio:  184.58
      Required ratio:    0.00 (Cumulative side area) 

    Layer: via2
      Partial area ratio:    0.04
      Required ratio:    6.00 (Gate area) 
      Cumulative area ratio:    0.58
      Required ratio:    0.00 (Cumulative area) 

    Layer: met3
      Partial area ratio:   18.44
      Required ratio:    0.00 (Gate area) 
      Cumulative area ratio:   55.82
      Required ratio:    0.00 (Cumulative area) 
      Partial area ratio:   98.76
      Required ratio: 2956.40 (Side area) 
      Cumulative area ratio:  283.33
      Required ratio:    0.00 (Cumulative side area) 

    Layer: via3
      Partial area ratio:    0.04
      Required ratio:   38.08 (Gate area) 
      Cumulative area ratio:    0.61
      Required ratio:    0.00 (Cumulative area) 

    Layer: met4
      Partial area ratio:    8.31
      Required ratio:    0.00 (Gate area) 
      Cumulative area ratio:   64.12
      Required ratio:    0.00 (Cumulative area) 
      Partial area ratio:   44.43
      Required ratio: 2956.40 (Side area) 
      Cumulative area ratio:  327.76
      Required ratio:    0.00 (Cumulative side area) 


  Pin:   _10154_/A (sky130_fd_sc_hd__or4_2)
    Layer: mcon
      Partial area ratio:    0.23
      Required ratio:    3.00 (Gate area) 
      Cumulative area ratio:    0.23
      Required ratio:    0.00 (Cumulative area) 

    Layer: met1
      Partial area ratio:    9.65
      Required ratio:    0.00 (Gate area) 
      Cumulative area ratio:    9.65
      Required ratio:    0.00 (Cumulative area) 
      Partial area ratio:   45.92
      Required ratio:  400.00 (Side area) 
      Cumulative area ratio:   45.92
      Required ratio:    0.00 (Cumulative side area) 

    Layer: via
      Partial area ratio:    0.54
      Required ratio:    6.00 (Gate area) 
      Cumulative area ratio:    0.77
      Required ratio:    0.00 (Cumulative area) 

    Layer: met2
      Partial area ratio:   15.72
      Required ratio:    0.00 (Gate area) 
      Cumulative area ratio:   25.36
      Required ratio:    0.00 (Cumulative area) 
      Partial area ratio:   77.84
      Required ratio:  400.00 (Side area) 
      Cumulative area ratio:  123.76
      Required ratio:    0.00 (Cumulative side area) 

    Layer: via2
      Partial area ratio:    0.04
      Required ratio:    6.00 (Gate area) 
      Cumulative area ratio:    0.80
      Required ratio:    0.00 (Cumulative area) 

    Layer: met3
      Partial area ratio:   18.44
      Required ratio:    0.00 (Gate area) 
      Cumulative area ratio:   43.80
      Required ratio:    0.00 (Cumulative area) 
      Partial area ratio:   98.76
      Required ratio: 2956.40 (Side area) 
      Cumulative area ratio:  222.51
      Required ratio:    0.00 (Cumulative side area) 

    Layer: via3
      Partial area ratio:    0.04
      Required ratio:   38.08 (Gate area) 
      Cumulative area ratio:    0.84
      Required ratio:    0.00 (Cumulative area) 

    Layer: met4
      Partial area ratio:    8.31
      Required ratio:    0.00 (Gate area) 
      Cumulative area ratio:   52.11
      Required ratio:    0.00 (Cumulative area) 
      Partial area ratio:   44.43
      Required ratio: 2956.40 (Side area) 
      Cumulative area ratio:  266.95
      Required ratio:    0.00 (Cumulative side area) 


  Pin:   _10198_/A (sky130_fd_sc_hd__or4_2)
    Layer: mcon
      Partial area ratio:    0.23
      Required ratio:    3.00 (Gate area) 
      Cumulative area ratio:    0.23
      Required ratio:    0.00 (Cumulative area) 

    Layer: met1
      Partial area ratio:    4.90
      Required ratio:    0.00 (Gate area) 
      Cumulative area ratio:    4.90
      Required ratio:    0.00 (Cumulative area) 
      Partial area ratio:   22.87
      Required ratio:  400.00 (Side area) 
      Cumulative area ratio:   22.87
      Required ratio:    0.00 (Cumulative side area) 

    Layer: via
      Partial area ratio:    0.36
      Required ratio:    6.00 (Gate area) 
      Cumulative area ratio:    0.59
      Required ratio:    0.00 (Cumulative area) 

    Layer: met2
      Partial area ratio:    1.48
      Required ratio:    0.00 (Gate area) 
      Cumulative area ratio:    6.38
      Required ratio:    0.00 (Cumulative area) 
      Partial area ratio:    6.83
      Required ratio:  400.00 (Side area) 
      Cumulative area ratio:   29.71
      Required ratio:    0.00 (Cumulative side area) 

    Layer: via2
      Partial area ratio:    0.32
      Required ratio:    6.00 (Gate area) 
      Cumulative area ratio:    0.90
      Required ratio:    0.00 (Cumulative area) 

    Layer: met3
      Partial area ratio:    4.00
      Required ratio:    0.00 (Gate area) 
      Cumulative area ratio:   10.39
      Required ratio:    0.00 (Cumulative area) 
      Partial area ratio:   21.80
      Required ratio:  400.00 (Side area) 
      Cumulative area ratio:   51.50
      Required ratio:    0.00 (Cumulative side area) 

    Layer: via3
      Partial area ratio:    0.02
      Required ratio:    6.00 (Gate area) 
      Cumulative area ratio:    0.92
      Required ratio:    0.00 (Cumulative area) 

    Layer: met4
      Partial area ratio:    8.31
      Required ratio:    0.00 (Gate area) 
      Cumulative area ratio:   18.69
      Required ratio:    0.00 (Cumulative area) 
      Partial area ratio:   44.43
      Required ratio: 2956.40 (Side area) 
      Cumulative area ratio:   95.94
      Required ratio:    0.00 (Cumulative side area) 


  Pin:   _10242_/A (sky130_fd_sc_hd__or4_2)
    Layer: mcon
      Partial area ratio:    0.23
      Required ratio:    3.00 (Gate area) 
      Cumulative area ratio:    0.23
      Required ratio:    0.00 (Cumulative area) 

    Layer: met1
      Partial area ratio:    8.03
      Required ratio:    0.00 (Gate area) 
      Cumulative area ratio:    8.03
      Required ratio:    0.00 (Cumulative area) 
      Partial area ratio:   38.68
      Required ratio:  400.00 (Side area) 
      Cumulative area ratio:   38.68
      Required ratio:    0.00 (Cumulative side area) 

    Layer: via
      Partial area ratio:    0.36
      Required ratio:    6.00 (Gate area) 
      Cumulative area ratio:    0.59
      Required ratio:    0.00 (Cumulative area) 

    Layer: met2
      Partial area ratio:   16.50
      Required ratio:    0.00 (Gate area) 
      Cumulative area ratio:   24.53
      Required ratio:    0.00 (Cumulative area) 
      Partial area ratio:   81.73
      Required ratio:  400.00 (Side area) 
      Cumulative area ratio:  120.41
      Required ratio:    0.00 (Cumulative side area) 

    Layer: via2
      Partial area ratio:    0.04
      Required ratio:    6.00 (Gate area) 
      Cumulative area ratio:    0.63
      Required ratio:    0.00 (Cumulative area) 

    Layer: met3
      Partial area ratio:    4.00
      Required ratio:    0.00 (Gate area) 
      Cumulative area ratio:   28.53
      Required ratio:    0.00 (Cumulative area) 
      Partial area ratio:   21.80
      Required ratio:  400.00 (Side area) 
      Cumulative area ratio:  142.21
      Required ratio:    0.00 (Cumulative side area) 

    Layer: via3
      Partial area ratio:    0.02
      Required ratio:    6.00 (Gate area) 
      Cumulative area ratio:    0.65
      Required ratio:    0.00 (Cumulative area) 

    Layer: met4
      Partial area ratio:    8.31
      Required ratio:    0.00 (Gate area) 
      Cumulative area ratio:   36.84
      Required ratio:    0.00 (Cumulative area) 
      Partial area ratio:   44.43
      Required ratio: 2956.40 (Side area) 
      Cumulative area ratio:  186.65
      Required ratio:    0.00 (Cumulative side area) 


  Pin:   _10286_/B1 (sky130_fd_sc_hd__a211o_2)
    Layer: mcon
      Partial area ratio:    0.12
      Required ratio:    3.00 (Gate area) 
      Cumulative area ratio:    0.12
      Required ratio:    0.00 (Cumulative area) 

    Layer: met1
      Partial area ratio:    6.68
      Required ratio:    0.00 (Gate area) 
      Cumulative area ratio:    6.68
      Required ratio:    0.00 (Cumulative area) 
      Partial area ratio:   32.64
      Required ratio:  400.00 (Side area) 
      Cumulative area ratio:   32.64
      Required ratio:    0.00 (Cumulative side area) 

    Layer: via
      Partial area ratio:    0.18
      Required ratio:    6.00 (Gate area) 
      Cumulative area ratio:    0.30
      Required ratio:    0.00 (Cumulative area) 

    Layer: met2
      Partial area ratio:   16.50
      Required ratio:    0.00 (Gate area) 
      Cumulative area ratio:   23.17
      Required ratio:    0.00 (Cumulative area) 
      Partial area ratio:   81.73
      Required ratio:  400.00 (Side area) 
      Cumulative area ratio:  114.37
      Required ratio:    0.00 (Cumulative side area) 

    Layer: via2
      Partial area ratio:    0.04
      Required ratio:    6.00 (Gate area) 
      Cumulative area ratio:    0.34
      Required ratio:    0.00 (Cumulative area) 

    Layer: met3
      Partial area ratio:    4.00
      Required ratio:    0.00 (Gate area) 
      Cumulative area ratio:   27.18
      Required ratio:    0.00 (Cumulative area) 
      Partial area ratio:   21.80
      Required ratio:  400.00 (Side area) 
      Cumulative area ratio:  136.17
      Required ratio:    0.00 (Cumulative side area) 

    Layer: via3
      Partial area ratio:    0.02
      Required ratio:    6.00 (Gate area) 
      Cumulative area ratio:    0.36
      Required ratio:    0.00 (Cumulative area) 

    Layer: met4
      Partial area ratio:    8.31
      Required ratio:    0.00 (Gate area) 
      Cumulative area ratio:   35.49
      Required ratio:    0.00 (Cumulative area) 
      Partial area ratio:   44.43
      Required ratio: 2956.40 (Side area) 
      Cumulative area ratio:  180.60
      Required ratio:    0.00 (Cumulative side area) 


  Pin:   _10330_/A (sky130_fd_sc_hd__or4_2)
    Layer: mcon
      Partial area ratio:    0.23
      Required ratio:    3.00 (Gate area) 
      Cumulative area ratio:    0.23
      Required ratio:    0.00 (Cumulative area) 

    Layer: met1
      Partial area ratio:   63.38
      Required ratio:    0.00 (Gate area) 
      Cumulative area ratio:   63.38
      Required ratio:    0.00 (Cumulative area) 
      Partial area ratio:  314.58
      Required ratio:  400.00 (Side area) 
      Cumulative area ratio:  314.58
      Required ratio:    0.00 (Cumulative side area) 

    Layer: via
      Partial area ratio:    0.54
      Required ratio:    6.00 (Gate area) 
      Cumulative area ratio:    0.77
      Required ratio:    0.00 (Cumulative area) 

    Layer: met2
      Partial area ratio:   16.50
      Required ratio:    0.00 (Gate area) 
      Cumulative area ratio:   79.88
      Required ratio:    0.00 (Cumulative area) 
      Partial area ratio:   81.73
      Required ratio:  400.00 (Side area) 
      Cumulative area ratio:  396.31
      Required ratio:    0.00 (Cumulative side area) 

    Layer: via2
      Partial area ratio:    0.04
      Required ratio:    6.00 (Gate area) 
      Cumulative area ratio:    0.81
      Required ratio:    0.00 (Cumulative area) 

    Layer: met3
      Partial area ratio:    4.00
      Required ratio:    0.00 (Gate area) 
      Cumulative area ratio:   83.88
      Required ratio:    0.00 (Cumulative area) 
      Partial area ratio:   21.80
      Required ratio:  400.00 (Side area) 
      Cumulative area ratio:  418.11
      Required ratio:    0.00 (Cumulative side area) 

    Layer: via3
      Partial area ratio:    0.02
      Required ratio:    6.00 (Gate area) 
      Cumulative area ratio:    0.82
      Required ratio:    0.00 (Cumulative area) 

    Layer: met4
      Partial area ratio:    8.31
      Required ratio:    0.00 (Gate area) 
      Cumulative area ratio:   92.19
      Required ratio:    0.00 (Cumulative area) 
      Partial area ratio:   44.43
      Required ratio: 2956.40 (Side area) 
      Cumulative area ratio:  462.55
      Required ratio:    0.00 (Cumulative side area) 


  Pin:   _10374_/A (sky130_fd_sc_hd__or4_2)
    Layer: mcon
      Partial area ratio:    0.23
      Required ratio:    3.00 (Gate area) 
      Cumulative area ratio:    0.23
      Required ratio:    0.00 (Cumulative area) 

    Layer: met1
      Partial area ratio:    5.06
      Required ratio:    0.00 (Gate area) 
      Cumulative area ratio:    5.06
      Required ratio:    0.00 (Cumulative area) 
      Partial area ratio:   23.82
      Required ratio:  400.00 (Side area) 
      Cumulative area ratio:   23.82
      Required ratio:    0.00 (Cumulative side area) 

    Layer: via
      Partial area ratio:    0.36
      Required ratio:    6.00 (Gate area) 
      Cumulative area ratio:    0.59
      Required ratio:    0.00 (Cumulative area) 

    Layer: met2
      Partial area ratio:   16.50
      Required ratio:    0.00 (Gate area) 
      Cumulative area ratio:   21.55
      Required ratio:    0.00 (Cumulative area) 
      Partial area ratio:   81.73
      Required ratio:  400.00 (Side area) 
      Cumulative area ratio:  105.55
      Required ratio:    0.00 (Cumulative side area) 

    Layer: via2
      Partial area ratio:    0.04
      Required ratio:    6.00 (Gate area) 
      Cumulative area ratio:    0.63
      Required ratio:    0.00 (Cumulative area) 

    Layer: met3
      Partial area ratio:    4.00
      Required ratio:    0.00 (Gate area) 
      Cumulative area ratio:   25.56
      Required ratio:    0.00 (Cumulative area) 
      Partial area ratio:   21.80
      Required ratio:  400.00 (Side area) 
      Cumulative area ratio:  127.35
      Required ratio:    0.00 (Cumulative side area) 

    Layer: via3
      Partial area ratio:    0.02
      Required ratio:    6.00 (Gate area) 
      Cumulative area ratio:    0.65
      Required ratio:    0.00 (Cumulative area) 

    Layer: met4
      Partial area ratio:    8.31
      Required ratio:    0.00 (Gate area) 
      Cumulative area ratio:   33.87
      Required ratio:    0.00 (Cumulative area) 
      Partial area ratio:   44.43
      Required ratio: 2956.40 (Side area) 
      Cumulative area ratio:  171.78
      Required ratio:    0.00 (Cumulative side area) 


  Pin:   _10417_/A (sky130_fd_sc_hd__or4_2)
    Layer: mcon
      Partial area ratio:    0.23
      Required ratio:    3.00 (Gate area) 
      Cumulative area ratio:    0.23
      Required ratio:    0.00 (Cumulative area) 

    Layer: met1
      Partial area ratio:    6.48
      Required ratio:    0.00 (Gate area) 
      Cumulative area ratio:    6.48
      Required ratio:    0.00 (Cumulative area) 
      Partial area ratio:   30.91
      Required ratio:  400.00 (Side area) 
      Cumulative area ratio:   30.91
      Required ratio:    0.00 (Cumulative side area) 

    Layer: via
      Partial area ratio:    0.36
      Required ratio:    6.00 (Gate area) 
      Cumulative area ratio:    0.59
      Required ratio:    0.00 (Cumulative area) 

    Layer: met2
      Partial area ratio:   16.50
      Required ratio:    0.00 (Gate area) 
      Cumulative area ratio:   22.97
      Required ratio:    0.00 (Cumulative area) 
      Partial area ratio:   81.73
      Required ratio:  400.00 (Side area) 
      Cumulative area ratio:  112.64
      Required ratio:    0.00 (Cumulative side area) 

    Layer: via2
      Partial area ratio:    0.04
      Required ratio:    6.00 (Gate area) 
      Cumulative area ratio:    0.63
      Required ratio:    0.00 (Cumulative area) 

    Layer: met3
      Partial area ratio:    4.00
      Required ratio:    0.00 (Gate area) 
      Cumulative area ratio:   26.98
      Required ratio:    0.00 (Cumulative area) 
      Partial area ratio:   21.80
      Required ratio:  400.00 (Side area) 
      Cumulative area ratio:  134.44
      Required ratio:    0.00 (Cumulative side area) 

    Layer: via3
      Partial area ratio:    0.02
      Required ratio:    6.00 (Gate area) 
      Cumulative area ratio:    0.65
      Required ratio:    0.00 (Cumulative area) 

    Layer: met4
      Partial area ratio:    8.31
      Required ratio:    0.00 (Gate area) 
      Cumulative area ratio:   35.28
      Required ratio:    0.00 (Cumulative area) 
      Partial area ratio:   44.43
      Required ratio: 2956.40 (Side area) 
      Cumulative area ratio:  178.87
      Required ratio:    0.00 (Cumulative side area) 


  Pin:   _10459_/B1 (sky130_fd_sc_hd__a211o_2)
    Layer: mcon
      Partial area ratio:    0.12
      Required ratio:    3.00 (Gate area) 
      Cumulative area ratio:    0.12
      Required ratio:    0.00 (Cumulative area) 

    Layer: met1
      Partial area ratio:    2.64
      Required ratio:    0.00 (Gate area) 
      Cumulative area ratio:    2.64
      Required ratio:    0.00 (Cumulative area) 
      Partial area ratio:   12.47
      Required ratio:  400.00 (Side area) 
      Cumulative area ratio:   12.47
      Required ratio:    0.00 (Cumulative side area) 

    Layer: via
      Partial area ratio:    0.18
      Required ratio:    6.00 (Gate area) 
      Cumulative area ratio:    0.30
      Required ratio:    0.00 (Cumulative area) 

    Layer: met2
      Partial area ratio:   12.57
      Required ratio:    0.00 (Gate area) 
      Cumulative area ratio:   15.22
      Required ratio:    0.00 (Cumulative area) 
      Partial area ratio:   62.23
      Required ratio:  400.00 (Side area) 
      Cumulative area ratio:   74.70
      Required ratio:    0.00 (Cumulative side area) 

    Layer: via2
      Partial area ratio:    0.08
      Required ratio:    6.00 (Gate area) 
      Cumulative area ratio:    0.38
      Required ratio:    0.00 (Cumulative area) 

    Layer: met3
      Partial area ratio:   42.07
      Required ratio:    0.00 (Gate area) 
      Cumulative area ratio:   57.28
      Required ratio:    0.00 (Cumulative area) 
      Partial area ratio:  225.31
      Required ratio:  400.00 (Side area) 
      Cumulative area ratio:  300.01
      Required ratio:    0.00 (Cumulative side area) 

    Layer: via3
      Partial area ratio:    0.08
      Required ratio:    6.00 (Gate area) 
      Cumulative area ratio:    0.46
      Required ratio:    0.00 (Cumulative area) 

    Layer: met4
      Partial area ratio:    8.31
      Required ratio:    0.00 (Gate area) 
      Cumulative area ratio:   65.59
      Required ratio:    0.00 (Cumulative area) 
      Partial area ratio:   44.43
      Required ratio: 2956.40 (Side area) 
      Cumulative area ratio:  344.44
      Required ratio:    0.00 (Cumulative side area) 


  Pin:   _10503_/C1 (sky130_fd_sc_hd__a221o_2)
    Layer: mcon
      Partial area ratio:    0.12
      Required ratio:    3.00 (Gate area) 
      Cumulative area ratio:    0.12
      Required ratio:    0.00 (Cumulative area) 

    Layer: met1
      Partial area ratio:    3.01
      Required ratio:    0.00 (Gate area) 
      Cumulative area ratio:    3.01
      Required ratio:    0.00 (Cumulative area) 
      Partial area ratio:   14.29
      Required ratio:  400.00 (Side area) 
      Cumulative area ratio:   14.29
      Required ratio:    0.00 (Cumulative side area) 

    Layer: via
      Partial area ratio:    0.18
      Required ratio:    6.00 (Gate area) 
      Cumulative area ratio:    0.30
      Required ratio:    0.00 (Cumulative area) 

    Layer: met2
      Partial area ratio:   12.57
      Required ratio:    0.00 (Gate area) 
      Cumulative area ratio:   15.58
      Required ratio:    0.00 (Cumulative area) 
      Partial area ratio:   62.23
      Required ratio:  400.00 (Side area) 
      Cumulative area ratio:   76.52
      Required ratio:    0.00 (Cumulative side area) 

    Layer: via2
      Partial area ratio:    0.08
      Required ratio:    6.00 (Gate area) 
      Cumulative area ratio:    0.38
      Required ratio:    0.00 (Cumulative area) 

    Layer: met3
      Partial area ratio:   42.07
      Required ratio:    0.00 (Gate area) 
      Cumulative area ratio:   57.65
      Required ratio:    0.00 (Cumulative area) 
      Partial area ratio:  225.31
      Required ratio:  400.00 (Side area) 
      Cumulative area ratio:  301.83
      Required ratio:    0.00 (Cumulative side area) 

    Layer: via3
      Partial area ratio:    0.08
      Required ratio:    6.00 (Gate area) 
      Cumulative area ratio:    0.46
      Required ratio:    0.00 (Cumulative area) 

    Layer: met4
      Partial area ratio:    8.31
      Required ratio:    0.00 (Gate area) 
      Cumulative area ratio:   65.96
      Required ratio:    0.00 (Cumulative area) 
      Partial area ratio:   44.43
      Required ratio: 2956.40 (Side area) 
      Cumulative area ratio:  346.26
      Required ratio:    0.00 (Cumulative side area) 



Net: net910
  Pin:   _09115_/B1 (sky130_fd_sc_hd__o21a_2)
    Layer: mcon
      Partial area ratio:    0.12
      Required ratio:    3.00 (Gate area) 
      Cumulative area ratio:    0.12
      Required ratio:    0.00 (Cumulative area) 

    Layer: met1
      Partial area ratio:    7.14
      Required ratio:    0.00 (Gate area) 
      Cumulative area ratio:    7.14
      Required ratio:    0.00 (Cumulative area) 
      Partial area ratio:   34.96
      Required ratio:  400.00 (Side area) 
      Cumulative area ratio:   34.96
      Required ratio:    0.00 (Cumulative side area) 

    Layer: via
      Partial area ratio:    0.14
      Required ratio:    6.00 (Gate area) 
      Cumulative area ratio:    0.25
      Required ratio:    0.00 (Cumulative area) 

    Layer: met2
      Partial area ratio:    0.55
      Required ratio:    0.00 (Gate area) 
      Cumulative area ratio:    7.68
      Required ratio:    0.00 (Cumulative area) 
      Partial area ratio:    2.56
      Required ratio:  400.00 (Side area) 
      Cumulative area ratio:   37.52
      Required ratio:    0.00 (Cumulative side area) 

    Layer: via2
      Partial area ratio:    0.08
      Required ratio:    6.00 (Gate area) 
      Cumulative area ratio:    0.33
      Required ratio:    0.00 (Cumulative area) 

    Layer: met3
      Partial area ratio:    0.25
      Required ratio:    0.00 (Gate area) 
      Cumulative area ratio:    7.93
      Required ratio:    0.00 (Cumulative area) 
      Partial area ratio:    2.29
      Required ratio:  400.00 (Side area) 
      Cumulative area ratio:   39.81
      Required ratio:    0.00 (Cumulative side area) 

    Layer: via3
      Partial area ratio:    0.08
      Required ratio:    6.00 (Gate area) 
      Cumulative area ratio:    0.41
      Required ratio:    0.00 (Cumulative area) 

    Layer: met4
      Partial area ratio:    0.70
      Required ratio:    0.00 (Gate area) 
      Cumulative area ratio:    8.63
      Required ratio:    0.00 (Cumulative area) 
      Partial area ratio:    3.86
      Required ratio: 2778.20 (Side area) 
      Cumulative area ratio:   43.67
      Required ratio:    0.00 (Cumulative side area) 


  Pin:   _09164_/B1 (sky130_fd_sc_hd__o31a_2)
    Layer: mcon
      Partial area ratio:    0.12
      Required ratio:    3.00 (Gate area) 
      Cumulative area ratio:    0.12
      Required ratio:    0.00 (Cumulative area) 

    Layer: met1
      Partial area ratio:   10.25
      Required ratio:    0.00 (Gate area) 
      Cumulative area ratio:   10.25
      Required ratio:    0.00 (Cumulative area) 
      Partial area ratio:   50.06
      Required ratio:  400.00 (Side area) 
      Cumulative area ratio:   50.06
      Required ratio:    0.00 (Cumulative side area) 

    Layer: via
      Partial area ratio:    0.27
      Required ratio:    6.00 (Gate area) 
      Cumulative area ratio:    0.39
      Required ratio:    0.00 (Cumulative area) 

    Layer: met2
      Partial area ratio:   13.77
      Required ratio:    0.00 (Gate area) 
      Cumulative area ratio:   24.02
      Required ratio:    0.00 (Cumulative area) 
      Partial area ratio:   68.24
      Required ratio: 2778.20 (Side area) 
      Cumulative area ratio:  118.30
      Required ratio:    0.00 (Cumulative side area) 

    Layer: via2
      Partial area ratio:    0.03
      Required ratio:   22.04 (Gate area) 
      Cumulative area ratio:    0.42
      Required ratio:    0.00 (Cumulative area) 

    Layer: met3
      Partial area ratio:    2.43
      Required ratio:    0.00 (Gate area) 
      Cumulative area ratio:   26.45
      Required ratio:    0.00 (Cumulative area) 
      Partial area ratio:   13.33
      Required ratio: 2778.20 (Side area) 
      Cumulative area ratio:  131.63
      Required ratio:    0.00 (Cumulative side area) 

    Layer: via3
      Partial area ratio:    0.02
      Required ratio:   22.04 (Gate area) 
      Cumulative area ratio:    0.44
      Required ratio:    0.00 (Cumulative area) 

    Layer: met4
      Partial area ratio:    0.70
      Required ratio:    0.00 (Gate area) 
      Cumulative area ratio:   27.15
      Required ratio:    0.00 (Cumulative area) 
      Partial area ratio:    3.86
      Required ratio: 2778.20 (Side area) 
      Cumulative area ratio:  135.49
      Required ratio:    0.00 (Cumulative side area) 


  Pin:   _09203_/B1 (sky130_fd_sc_hd__o31a_2)
    Layer: mcon
      Partial area ratio:    0.12
      Required ratio:    3.00 (Gate area) 
      Cumulative area ratio:    0.12
      Required ratio:    0.00 (Cumulative area) 

    Layer: met1
      Partial area ratio:    7.14
      Required ratio:    0.00 (Gate area) 
      Cumulative area ratio:    7.14
      Required ratio:    0.00 (Cumulative area) 
      Partial area ratio:   34.96
      Required ratio:  400.00 (Side area) 
      Cumulative area ratio:   34.96
      Required ratio:    0.00 (Cumulative side area) 

    Layer: via
      Partial area ratio:    0.14
      Required ratio:    6.00 (Gate area) 
      Cumulative area ratio:    0.25
      Required ratio:    0.00 (Cumulative area) 

    Layer: met2
      Partial area ratio:    0.55
      Required ratio:    0.00 (Gate area) 
      Cumulative area ratio:    7.68
      Required ratio:    0.00 (Cumulative area) 
      Partial area ratio:    2.56
      Required ratio:  400.00 (Side area) 
      Cumulative area ratio:   37.52
      Required ratio:    0.00 (Cumulative side area) 

    Layer: via2
      Partial area ratio:    0.08
      Required ratio:    6.00 (Gate area) 
      Cumulative area ratio:    0.33
      Required ratio:    0.00 (Cumulative area) 

    Layer: met3
      Partial area ratio:    0.25
      Required ratio:    0.00 (Gate area) 
      Cumulative area ratio:    7.93
      Required ratio:    0.00 (Cumulative area) 
      Partial area ratio:    2.29
      Required ratio:  400.00 (Side area) 
      Cumulative area ratio:   39.81
      Required ratio:    0.00 (Cumulative side area) 

    Layer: via3
      Partial area ratio:    0.08
      Required ratio:    6.00 (Gate area) 
      Cumulative area ratio:    0.41
      Required ratio:    0.00 (Cumulative area) 

    Layer: met4
      Partial area ratio:    0.70
      Required ratio:    0.00 (Gate area) 
      Cumulative area ratio:    8.63
      Required ratio:    0.00 (Cumulative area) 
      Partial area ratio:    3.86
      Required ratio: 2778.20 (Side area) 
      Cumulative area ratio:   43.67
      Required ratio:    0.00 (Cumulative side area) 


  Pin:   _09283_/A2 (sky130_fd_sc_hd__a221o_2)
    Layer: mcon
      Partial area ratio:    0.12
      Required ratio:    3.00 (Gate area) 
      Cumulative area ratio:    0.12
      Required ratio:    0.00 (Cumulative area) 

    Layer: met1
      Partial area ratio:    7.37
      Required ratio:    0.00 (Gate area) 
      Cumulative area ratio:    7.37
      Required ratio:    0.00 (Cumulative area) 
      Partial area ratio:   36.10
      Required ratio:  400.00 (Side area) 
      Cumulative area ratio:   36.10
      Required ratio:    0.00 (Cumulative side area) 

    Layer: via
      Partial area ratio:    0.18
      Required ratio:    6.00 (Gate area) 
      Cumulative area ratio:    0.30
      Required ratio:    0.00 (Cumulative area) 

    Layer: met2
      Partial area ratio:   13.77
      Required ratio:    0.00 (Gate area) 
      Cumulative area ratio:   21.14
      Required ratio:    0.00 (Cumulative area) 
      Partial area ratio:   68.24
      Required ratio: 2778.20 (Side area) 
      Cumulative area ratio:  104.33
      Required ratio:    0.00 (Cumulative side area) 

    Layer: via2
      Partial area ratio:    0.03
      Required ratio:   22.04 (Gate area) 
      Cumulative area ratio:    0.33
      Required ratio:    0.00 (Cumulative area) 

    Layer: met3
      Partial area ratio:    2.43
      Required ratio:    0.00 (Gate area) 
      Cumulative area ratio:   23.57
      Required ratio:    0.00 (Cumulative area) 
      Partial area ratio:   13.33
      Required ratio: 2778.20 (Side area) 
      Cumulative area ratio:  117.66
      Required ratio:    0.00 (Cumulative side area) 

    Layer: via3
      Partial area ratio:    0.02
      Required ratio:   22.04 (Gate area) 
      Cumulative area ratio:    0.35
      Required ratio:    0.00 (Cumulative area) 

    Layer: met4
      Partial area ratio:    0.70
      Required ratio:    0.00 (Gate area) 
      Cumulative area ratio:   24.27
      Required ratio:    0.00 (Cumulative area) 
      Partial area ratio:    3.86
      Required ratio: 2778.20 (Side area) 
      Cumulative area ratio:  121.52
      Required ratio:    0.00 (Cumulative side area) 


  Pin:   _09326_/A2 (sky130_fd_sc_hd__a221o_2)
    Layer: mcon
      Partial area ratio:    0.12
      Required ratio:    3.00 (Gate area) 
      Cumulative area ratio:    0.12
      Required ratio:    0.00 (Cumulative area) 

    Layer: met1
      Partial area ratio:    3.05
      Required ratio:    0.00 (Gate area) 
      Cumulative area ratio:    3.05
      Required ratio:    0.00 (Cumulative area) 
      Partial area ratio:   14.50
      Required ratio:  400.00 (Side area) 
      Cumulative area ratio:   14.50
      Required ratio:    0.00 (Cumulative side area) 

    Layer: via
      Partial area ratio:    0.18
      Required ratio:    6.00 (Gate area) 
      Cumulative area ratio:    0.30
      Required ratio:    0.00 (Cumulative area) 

    Layer: met2
      Partial area ratio:   13.77
      Required ratio:    0.00 (Gate area) 
      Cumulative area ratio:   16.82
      Required ratio:    0.00 (Cumulative area) 
      Partial area ratio:   68.24
      Required ratio: 2778.20 (Side area) 
      Cumulative area ratio:   82.74
      Required ratio:    0.00 (Cumulative side area) 

    Layer: via2
      Partial area ratio:    0.03
      Required ratio:   22.04 (Gate area) 
      Cumulative area ratio:    0.33
      Required ratio:    0.00 (Cumulative area) 

    Layer: met3
      Partial area ratio:    2.43
      Required ratio:    0.00 (Gate area) 
      Cumulative area ratio:   19.26
      Required ratio:    0.00 (Cumulative area) 
      Partial area ratio:   13.33
      Required ratio: 2778.20 (Side area) 
      Cumulative area ratio:   96.07
      Required ratio:    0.00 (Cumulative side area) 

    Layer: via3
      Partial area ratio:    0.02
      Required ratio:   22.04 (Gate area) 
      Cumulative area ratio:    0.35
      Required ratio:    0.00 (Cumulative area) 

    Layer: met4
      Partial area ratio:    0.70
      Required ratio:    0.00 (Gate area) 
      Cumulative area ratio:   19.95
      Required ratio:    0.00 (Cumulative area) 
      Partial area ratio:    3.86
      Required ratio: 2778.20 (Side area) 
      Cumulative area ratio:   99.93
      Required ratio:    0.00 (Cumulative side area) 


  Pin:   _09349_/B1 (sky130_fd_sc_hd__o31a_2)
    Layer: mcon
      Partial area ratio:    0.12
      Required ratio:    3.00 (Gate area) 
      Cumulative area ratio:    0.12
      Required ratio:    0.00 (Cumulative area) 

    Layer: met1
      Partial area ratio:    3.05
      Required ratio:    0.00 (Gate area) 
      Cumulative area ratio:    3.05
      Required ratio:    0.00 (Cumulative area) 
      Partial area ratio:   14.48
      Required ratio:  400.00 (Side area) 
      Cumulative area ratio:   14.48
      Required ratio:    0.00 (Cumulative side area) 

    Layer: via
      Partial area ratio:    0.18
      Required ratio:    6.00 (Gate area) 
      Cumulative area ratio:    0.30
      Required ratio:    0.00 (Cumulative area) 

    Layer: met2
      Partial area ratio:   13.77
      Required ratio:    0.00 (Gate area) 
      Cumulative area ratio:   16.82
      Required ratio:    0.00 (Cumulative area) 
      Partial area ratio:   68.24
      Required ratio: 2778.20 (Side area) 
      Cumulative area ratio:   82.72
      Required ratio:    0.00 (Cumulative side area) 

    Layer: via2
      Partial area ratio:    0.03
      Required ratio:   22.04 (Gate area) 
      Cumulative area ratio:    0.33
      Required ratio:    0.00 (Cumulative area) 

    Layer: met3
      Partial area ratio:    2.43
      Required ratio:    0.00 (Gate area) 
      Cumulative area ratio:   19.25
      Required ratio:    0.00 (Cumulative area) 
      Partial area ratio:   13.33
      Required ratio: 2778.20 (Side area) 
      Cumulative area ratio:   96.05
      Required ratio:    0.00 (Cumulative side area) 

    Layer: via3
      Partial area ratio:    0.02
      Required ratio:   22.04 (Gate area) 
      Cumulative area ratio:    0.35
      Required ratio:    0.00 (Cumulative area) 

    Layer: met4
      Partial area ratio:    0.70
      Required ratio:    0.00 (Gate area) 
      Cumulative area ratio:   19.95
      Required ratio:    0.00 (Cumulative area) 
      Partial area ratio:    3.86
      Required ratio: 2778.20 (Side area) 
      Cumulative area ratio:   99.91
      Required ratio:    0.00 (Cumulative side area) 


  Pin:   _09403_/B1 (sky130_fd_sc_hd__o31a_2)
    Layer: mcon
      Partial area ratio:    0.12
      Required ratio:    3.00 (Gate area) 
      Cumulative area ratio:    0.12
      Required ratio:    0.00 (Cumulative area) 

    Layer: met1
      Partial area ratio:    2.55
      Required ratio:    0.00 (Gate area) 
      Cumulative area ratio:    2.55
      Required ratio:    0.00 (Cumulative area) 
      Partial area ratio:   12.02
      Required ratio:  400.00 (Side area) 
      Cumulative area ratio:   12.02
      Required ratio:    0.00 (Cumulative side area) 

    Layer: via
      Partial area ratio:    0.18
      Required ratio:    6.00 (Gate area) 
      Cumulative area ratio:    0.30
      Required ratio:    0.00 (Cumulative area) 

    Layer: met2
      Partial area ratio:   13.77
      Required ratio:    0.00 (Gate area) 
      Cumulative area ratio:   16.33
      Required ratio:    0.00 (Cumulative area) 
      Partial area ratio:   68.24
      Required ratio: 2778.20 (Side area) 
      Cumulative area ratio:   80.26
      Required ratio:    0.00 (Cumulative side area) 

    Layer: via2
      Partial area ratio:    0.03
      Required ratio:   22.04 (Gate area) 
      Cumulative area ratio:    0.33
      Required ratio:    0.00 (Cumulative area) 

    Layer: met3
      Partial area ratio:    2.43
      Required ratio:    0.00 (Gate area) 
      Cumulative area ratio:   18.76
      Required ratio:    0.00 (Cumulative area) 
      Partial area ratio:   13.33
      Required ratio: 2778.20 (Side area) 
      Cumulative area ratio:   93.59
      Required ratio:    0.00 (Cumulative side area) 

    Layer: via3
      Partial area ratio:    0.02
      Required ratio:   22.04 (Gate area) 
      Cumulative area ratio:    0.35
      Required ratio:    0.00 (Cumulative area) 

    Layer: met4
      Partial area ratio:    0.70
      Required ratio:    0.00 (Gate area) 
      Cumulative area ratio:   19.45
      Required ratio:    0.00 (Cumulative area) 
      Partial area ratio:    3.86
      Required ratio: 2778.20 (Side area) 
      Cumulative area ratio:   97.45
      Required ratio:    0.00 (Cumulative side area) 


  Pin:   _09457_/B2 (sky130_fd_sc_hd__a221o_2)
    Layer: mcon
      Partial area ratio:    0.12
      Required ratio:    3.00 (Gate area) 
      Cumulative area ratio:    0.12
      Required ratio:    0.00 (Cumulative area) 

    Layer: met1
      Partial area ratio:    0.77
      Required ratio:    0.00 (Gate area) 
      Cumulative area ratio:    0.77
      Required ratio:    0.00 (Cumulative area) 
      Partial area ratio:    3.17
      Required ratio:  400.00 (Side area) 
      Cumulative area ratio:    3.17
      Required ratio:    0.00 (Cumulative side area) 

    Layer: via
      Partial area ratio:    0.18
      Required ratio:    6.00 (Gate area) 
      Cumulative area ratio:    0.29
      Required ratio:    0.00 (Cumulative area) 

    Layer: met2
      Partial area ratio:    0.59
      Required ratio:    0.00 (Gate area) 
      Cumulative area ratio:    1.36
      Required ratio:    0.00 (Cumulative area) 
      Partial area ratio:    2.21
      Required ratio:  400.00 (Side area) 
      Cumulative area ratio:    5.39
      Required ratio:    0.00 (Cumulative side area) 

    Layer: via2
      Partial area ratio:    0.16
      Required ratio:    6.00 (Gate area) 
      Cumulative area ratio:    0.46
      Required ratio:    0.00 (Cumulative area) 

    Layer: met3
      Partial area ratio:    2.43
      Required ratio:    0.00 (Gate area) 
      Cumulative area ratio:    3.79
      Required ratio:    0.00 (Cumulative area) 
      Partial area ratio:   13.33
      Required ratio: 2778.20 (Side area) 
      Cumulative area ratio:   18.72
      Required ratio:    0.00 (Cumulative side area) 

    Layer: via3
      Partial area ratio:    0.02
      Required ratio:   22.04 (Gate area) 
      Cumulative area ratio:    0.47
      Required ratio:    0.00 (Cumulative area) 

    Layer: met4
      Partial area ratio:    0.70
      Required ratio:    0.00 (Gate area) 
      Cumulative area ratio:    4.48
      Required ratio:    0.00 (Cumulative area) 
      Partial area ratio:    3.86
      Required ratio: 2778.20 (Side area) 
      Cumulative area ratio:   22.57
      Required ratio:    0.00 (Cumulative side area) 


  Pin:   _12009_/B (sky130_fd_sc_hd__and3_2)
    Layer: mcon
      Partial area ratio:    0.23
      Required ratio:    3.00 (Gate area) 
      Cumulative area ratio:    0.23
      Required ratio:    0.00 (Cumulative area) 

    Layer: met1
      Partial area ratio:   11.19
      Required ratio:    0.00 (Gate area) 
      Cumulative area ratio:   11.19
      Required ratio:    0.00 (Cumulative area) 
      Partial area ratio:   54.28
      Required ratio:  400.00 (Side area) 
      Cumulative area ratio:   54.28
      Required ratio:    0.00 (Cumulative side area) 

    Layer: via
      Partial area ratio:    0.27
      Required ratio:    6.00 (Gate area) 
      Cumulative area ratio:    0.50
      Required ratio:    0.00 (Cumulative area) 

    Layer: met2
      Partial area ratio:   13.77
      Required ratio:    0.00 (Gate area) 
      Cumulative area ratio:   24.97
      Required ratio:    0.00 (Cumulative area) 
      Partial area ratio:   68.24
      Required ratio: 2778.20 (Side area) 
      Cumulative area ratio:  122.51
      Required ratio:    0.00 (Cumulative side area) 

    Layer: via2
      Partial area ratio:    0.03
      Required ratio:   22.04 (Gate area) 
      Cumulative area ratio:    0.53
      Required ratio:    0.00 (Cumulative area) 

    Layer: met3
      Partial area ratio:    2.43
      Required ratio:    0.00 (Gate area) 
      Cumulative area ratio:   27.40
      Required ratio:    0.00 (Cumulative area) 
      Partial area ratio:   13.33
      Required ratio: 2778.20 (Side area) 
      Cumulative area ratio:  135.84
      Required ratio:    0.00 (Cumulative side area) 

    Layer: via3
      Partial area ratio:    0.02
      Required ratio:   22.04 (Gate area) 
      Cumulative area ratio:    0.55
      Required ratio:    0.00 (Cumulative area) 

    Layer: met4
      Partial area ratio:    0.70
      Required ratio:    0.00 (Gate area) 
      Cumulative area ratio:   28.09
      Required ratio:    0.00 (Cumulative area) 
      Partial area ratio:    3.86
      Required ratio: 2778.20 (Side area) 
      Cumulative area ratio:  139.70
      Required ratio:    0.00 (Cumulative side area) 


  Pin:   _12045_/B (sky130_fd_sc_hd__and3_2)
    Layer: mcon
      Partial area ratio:    0.23
      Required ratio:    3.00 (Gate area) 
      Cumulative area ratio:    0.23
      Required ratio:    0.00 (Cumulative area) 

    Layer: met1
      Partial area ratio:   11.19
      Required ratio:    0.00 (Gate area) 
      Cumulative area ratio:   11.19
      Required ratio:    0.00 (Cumulative area) 
      Partial area ratio:   54.28
      Required ratio:  400.00 (Side area) 
      Cumulative area ratio:   54.28
      Required ratio:    0.00 (Cumulative side area) 

    Layer: via
      Partial area ratio:    0.27
      Required ratio:    6.00 (Gate area) 
      Cumulative area ratio:    0.50
      Required ratio:    0.00 (Cumulative area) 

    Layer: met2
      Partial area ratio:   13.77
      Required ratio:    0.00 (Gate area) 
      Cumulative area ratio:   24.97
      Required ratio:    0.00 (Cumulative area) 
      Partial area ratio:   68.24
      Required ratio: 2778.20 (Side area) 
      Cumulative area ratio:  122.51
      Required ratio:    0.00 (Cumulative side area) 

    Layer: via2
      Partial area ratio:    0.03
      Required ratio:   22.04 (Gate area) 
      Cumulative area ratio:    0.53
      Required ratio:    0.00 (Cumulative area) 

    Layer: met3
      Partial area ratio:    2.43
      Required ratio:    0.00 (Gate area) 
      Cumulative area ratio:   27.40
      Required ratio:    0.00 (Cumulative area) 
      Partial area ratio:   13.33
      Required ratio: 2778.20 (Side area) 
      Cumulative area ratio:  135.84
      Required ratio:    0.00 (Cumulative side area) 

    Layer: via3
      Partial area ratio:    0.02
      Required ratio:   22.04 (Gate area) 
      Cumulative area ratio:    0.55
      Required ratio:    0.00 (Cumulative area) 

    Layer: met4
      Partial area ratio:    0.70
      Required ratio:    0.00 (Gate area) 
      Cumulative area ratio:   28.09
      Required ratio:    0.00 (Cumulative area) 
      Partial area ratio:    3.86
      Required ratio: 2778.20 (Side area) 
      Cumulative area ratio:  139.70
      Required ratio:    0.00 (Cumulative side area) 


  Pin:   _12081_/B (sky130_fd_sc_hd__and3_2)
    Layer: mcon
      Partial area ratio:    0.23
      Required ratio:    3.00 (Gate area) 
      Cumulative area ratio:    0.23
      Required ratio:    0.00 (Cumulative area) 

    Layer: met1
      Partial area ratio:   11.19
      Required ratio:    0.00 (Gate area) 
      Cumulative area ratio:   11.19
      Required ratio:    0.00 (Cumulative area) 
      Partial area ratio:   54.28
      Required ratio:  400.00 (Side area) 
      Cumulative area ratio:   54.28
      Required ratio:    0.00 (Cumulative side area) 

    Layer: via
      Partial area ratio:    0.27
      Required ratio:    6.00 (Gate area) 
      Cumulative area ratio:    0.50
      Required ratio:    0.00 (Cumulative area) 

    Layer: met2
      Partial area ratio:   13.77
      Required ratio:    0.00 (Gate area) 
      Cumulative area ratio:   24.97
      Required ratio:    0.00 (Cumulative area) 
      Partial area ratio:   68.24
      Required ratio: 2778.20 (Side area) 
      Cumulative area ratio:  122.51
      Required ratio:    0.00 (Cumulative side area) 

    Layer: via2
      Partial area ratio:    0.03
      Required ratio:   22.04 (Gate area) 
      Cumulative area ratio:    0.53
      Required ratio:    0.00 (Cumulative area) 

    Layer: met3
      Partial area ratio:    2.43
      Required ratio:    0.00 (Gate area) 
      Cumulative area ratio:   27.40
      Required ratio:    0.00 (Cumulative area) 
      Partial area ratio:   13.33
      Required ratio: 2778.20 (Side area) 
      Cumulative area ratio:  135.84
      Required ratio:    0.00 (Cumulative side area) 

    Layer: via3
      Partial area ratio:    0.02
      Required ratio:   22.04 (Gate area) 
      Cumulative area ratio:    0.55
      Required ratio:    0.00 (Cumulative area) 

    Layer: met4
      Partial area ratio:    0.70
      Required ratio:    0.00 (Gate area) 
      Cumulative area ratio:   28.09
      Required ratio:    0.00 (Cumulative area) 
      Partial area ratio:    3.86
      Required ratio: 2778.20 (Side area) 
      Cumulative area ratio:  139.70
      Required ratio:    0.00 (Cumulative side area) 


  Pin:   _12117_/B (sky130_fd_sc_hd__and3_2)
    Layer: mcon
      Partial area ratio:    0.23
      Required ratio:    3.00 (Gate area) 
      Cumulative area ratio:    0.23
      Required ratio:    0.00 (Cumulative area) 

    Layer: met1
      Partial area ratio:   11.19
      Required ratio:    0.00 (Gate area) 
      Cumulative area ratio:   11.19
      Required ratio:    0.00 (Cumulative area) 
      Partial area ratio:   54.28
      Required ratio:  400.00 (Side area) 
      Cumulative area ratio:   54.28
      Required ratio:    0.00 (Cumulative side area) 

    Layer: via
      Partial area ratio:    0.27
      Required ratio:    6.00 (Gate area) 
      Cumulative area ratio:    0.50
      Required ratio:    0.00 (Cumulative area) 

    Layer: met2
      Partial area ratio:   13.77
      Required ratio:    0.00 (Gate area) 
      Cumulative area ratio:   24.97
      Required ratio:    0.00 (Cumulative area) 
      Partial area ratio:   68.24
      Required ratio: 2778.20 (Side area) 
      Cumulative area ratio:  122.51
      Required ratio:    0.00 (Cumulative side area) 

    Layer: via2
      Partial area ratio:    0.03
      Required ratio:   22.04 (Gate area) 
      Cumulative area ratio:    0.53
      Required ratio:    0.00 (Cumulative area) 

    Layer: met3
      Partial area ratio:    2.43
      Required ratio:    0.00 (Gate area) 
      Cumulative area ratio:   27.40
      Required ratio:    0.00 (Cumulative area) 
      Partial area ratio:   13.33
      Required ratio: 2778.20 (Side area) 
      Cumulative area ratio:  135.84
      Required ratio:    0.00 (Cumulative side area) 

    Layer: via3
      Partial area ratio:    0.02
      Required ratio:   22.04 (Gate area) 
      Cumulative area ratio:    0.55
      Required ratio:    0.00 (Cumulative area) 

    Layer: met4
      Partial area ratio:    0.70
      Required ratio:    0.00 (Gate area) 
      Cumulative area ratio:   28.09
      Required ratio:    0.00 (Cumulative area) 
      Partial area ratio:    3.86
      Required ratio: 2778.20 (Side area) 
      Cumulative area ratio:  139.70
      Required ratio:    0.00 (Cumulative side area) 


  Pin:   _12189_/B (sky130_fd_sc_hd__and3_2)
    Layer: mcon
      Partial area ratio:    0.23
      Required ratio:    3.00 (Gate area) 
      Cumulative area ratio:    0.23
      Required ratio:    0.00 (Cumulative area) 

    Layer: met1
      Partial area ratio:   11.19
      Required ratio:    0.00 (Gate area) 
      Cumulative area ratio:   11.19
      Required ratio:    0.00 (Cumulative area) 
      Partial area ratio:   54.28
      Required ratio:  400.00 (Side area) 
      Cumulative area ratio:   54.28
      Required ratio:    0.00 (Cumulative side area) 

    Layer: via
      Partial area ratio:    0.27
      Required ratio:    6.00 (Gate area) 
      Cumulative area ratio:    0.50
      Required ratio:    0.00 (Cumulative area) 

    Layer: met2
      Partial area ratio:   13.77
      Required ratio:    0.00 (Gate area) 
      Cumulative area ratio:   24.97
      Required ratio:    0.00 (Cumulative area) 
      Partial area ratio:   68.24
      Required ratio: 2778.20 (Side area) 
      Cumulative area ratio:  122.51
      Required ratio:    0.00 (Cumulative side area) 

    Layer: via2
      Partial area ratio:    0.03
      Required ratio:   22.04 (Gate area) 
      Cumulative area ratio:    0.53
      Required ratio:    0.00 (Cumulative area) 

    Layer: met3
      Partial area ratio:    2.43
      Required ratio:    0.00 (Gate area) 
      Cumulative area ratio:   27.40
      Required ratio:    0.00 (Cumulative area) 
      Partial area ratio:   13.33
      Required ratio: 2778.20 (Side area) 
      Cumulative area ratio:  135.84
      Required ratio:    0.00 (Cumulative side area) 

    Layer: via3
      Partial area ratio:    0.02
      Required ratio:   22.04 (Gate area) 
      Cumulative area ratio:    0.55
      Required ratio:    0.00 (Cumulative area) 

    Layer: met4
      Partial area ratio:    0.70
      Required ratio:    0.00 (Gate area) 
      Cumulative area ratio:   28.09
      Required ratio:    0.00 (Cumulative area) 
      Partial area ratio:    3.86
      Required ratio: 2778.20 (Side area) 
      Cumulative area ratio:  139.70
      Required ratio:    0.00 (Cumulative side area) 


  Pin:   _12225_/B (sky130_fd_sc_hd__and3_2)
    Layer: mcon
      Partial area ratio:    0.23
      Required ratio:    3.00 (Gate area) 
      Cumulative area ratio:    0.23
      Required ratio:    0.00 (Cumulative area) 

    Layer: met1
      Partial area ratio:    6.04
      Required ratio:    0.00 (Gate area) 
      Cumulative area ratio:    6.04
      Required ratio:    0.00 (Cumulative area) 
      Partial area ratio:   28.74
      Required ratio:  400.00 (Side area) 
      Cumulative area ratio:   28.74
      Required ratio:    0.00 (Cumulative side area) 

    Layer: via
      Partial area ratio:    0.36
      Required ratio:    6.00 (Gate area) 
      Cumulative area ratio:    0.59
      Required ratio:    0.00 (Cumulative area) 

    Layer: met2
      Partial area ratio:   13.77
      Required ratio:    0.00 (Gate area) 
      Cumulative area ratio:   19.81
      Required ratio:    0.00 (Cumulative area) 
      Partial area ratio:   68.24
      Required ratio: 2778.20 (Side area) 
      Cumulative area ratio:   96.97
      Required ratio:    0.00 (Cumulative side area) 

    Layer: via2
      Partial area ratio:    0.03
      Required ratio:   22.04 (Gate area) 
      Cumulative area ratio:    0.62
      Required ratio:    0.00 (Cumulative area) 

    Layer: met3
      Partial area ratio:    2.43
      Required ratio:    0.00 (Gate area) 
      Cumulative area ratio:   22.25
      Required ratio:    0.00 (Cumulative area) 
      Partial area ratio:   13.33
      Required ratio: 2778.20 (Side area) 
      Cumulative area ratio:  110.31
      Required ratio:    0.00 (Cumulative side area) 

    Layer: via3
      Partial area ratio:    0.02
      Required ratio:   22.04 (Gate area) 
      Cumulative area ratio:    0.63
      Required ratio:    0.00 (Cumulative area) 

    Layer: met4
      Partial area ratio:    0.70
      Required ratio:    0.00 (Gate area) 
      Cumulative area ratio:   22.94
      Required ratio:    0.00 (Cumulative area) 
      Partial area ratio:    3.86
      Required ratio: 2778.20 (Side area) 
      Cumulative area ratio:  114.16
      Required ratio:    0.00 (Cumulative side area) 


  Pin:   _12261_/B (sky130_fd_sc_hd__and3_2)
    Layer: mcon
      Partial area ratio:    0.23
      Required ratio:    3.00 (Gate area) 
      Cumulative area ratio:    0.23
      Required ratio:    0.00 (Cumulative area) 

    Layer: met1
      Partial area ratio:    7.94
      Required ratio:    0.00 (Gate area) 
      Cumulative area ratio:    7.94
      Required ratio:    0.00 (Cumulative area) 
      Partial area ratio:   38.24
      Required ratio:  400.00 (Side area) 
      Cumulative area ratio:   38.24
      Required ratio:    0.00 (Cumulative side area) 

    Layer: via
      Partial area ratio:    0.36
      Required ratio:    6.00 (Gate area) 
      Cumulative area ratio:    0.59
      Required ratio:    0.00 (Cumulative area) 

    Layer: met2
      Partial area ratio:   13.77
      Required ratio:    0.00 (Gate area) 
      Cumulative area ratio:   21.71
      Required ratio:    0.00 (Cumulative area) 
      Partial area ratio:   68.24
      Required ratio: 2778.20 (Side area) 
      Cumulative area ratio:  106.47
      Required ratio:    0.00 (Cumulative side area) 

    Layer: via2
      Partial area ratio:    0.03
      Required ratio:   22.04 (Gate area) 
      Cumulative area ratio:    0.62
      Required ratio:    0.00 (Cumulative area) 

    Layer: met3
      Partial area ratio:    2.43
      Required ratio:    0.00 (Gate area) 
      Cumulative area ratio:   24.15
      Required ratio:    0.00 (Cumulative area) 
      Partial area ratio:   13.33
      Required ratio: 2778.20 (Side area) 
      Cumulative area ratio:  119.81
      Required ratio:    0.00 (Cumulative side area) 

    Layer: via3
      Partial area ratio:    0.02
      Required ratio:   22.04 (Gate area) 
      Cumulative area ratio:    0.63
      Required ratio:    0.00 (Cumulative area) 

    Layer: met4
      Partial area ratio:    0.70
      Required ratio:    0.00 (Gate area) 
      Cumulative area ratio:   24.84
      Required ratio:    0.00 (Cumulative area) 
      Partial area ratio:    3.86
      Required ratio: 2778.20 (Side area) 
      Cumulative area ratio:  123.66
      Required ratio:    0.00 (Cumulative side area) 


  Pin:   _12297_/B (sky130_fd_sc_hd__and3_2)
    Layer: mcon
      Partial area ratio:    0.23
      Required ratio:    3.00 (Gate area) 
      Cumulative area ratio:    0.23
      Required ratio:    0.00 (Cumulative area) 

    Layer: met1
      Partial area ratio:   11.19
      Required ratio:    0.00 (Gate area) 
      Cumulative area ratio:   11.19
      Required ratio:    0.00 (Cumulative area) 
      Partial area ratio:   54.28
      Required ratio:  400.00 (Side area) 
      Cumulative area ratio:   54.28
      Required ratio:    0.00 (Cumulative side area) 

    Layer: via
      Partial area ratio:    0.27
      Required ratio:    6.00 (Gate area) 
      Cumulative area ratio:    0.50
      Required ratio:    0.00 (Cumulative area) 

    Layer: met2
      Partial area ratio:   13.77
      Required ratio:    0.00 (Gate area) 
      Cumulative area ratio:   24.97
      Required ratio:    0.00 (Cumulative area) 
      Partial area ratio:   68.24
      Required ratio: 2778.20 (Side area) 
      Cumulative area ratio:  122.51
      Required ratio:    0.00 (Cumulative side area) 

    Layer: via2
      Partial area ratio:    0.03
      Required ratio:   22.04 (Gate area) 
      Cumulative area ratio:    0.53
      Required ratio:    0.00 (Cumulative area) 

    Layer: met3
      Partial area ratio:    2.43
      Required ratio:    0.00 (Gate area) 
      Cumulative area ratio:   27.40
      Required ratio:    0.00 (Cumulative area) 
      Partial area ratio:   13.33
      Required ratio: 2778.20 (Side area) 
      Cumulative area ratio:  135.84
      Required ratio:    0.00 (Cumulative side area) 

    Layer: via3
      Partial area ratio:    0.02
      Required ratio:   22.04 (Gate area) 
      Cumulative area ratio:    0.55
      Required ratio:    0.00 (Cumulative area) 

    Layer: met4
      Partial area ratio:    0.70
      Required ratio:    0.00 (Gate area) 
      Cumulative area ratio:   28.09
      Required ratio:    0.00 (Cumulative area) 
      Partial area ratio:    3.86
      Required ratio: 2778.20 (Side area) 
      Cumulative area ratio:  139.70
      Required ratio:    0.00 (Cumulative side area) 


  Pin:   place909/A (sky130_fd_sc_hd__buf_2)
    Layer: mcon
      Partial area ratio:    0.18
      Required ratio:    3.00 (Gate area) 
      Cumulative area ratio:    0.18
      Required ratio:    0.00 (Cumulative area) 

    Layer: met1
      Partial area ratio:  107.10
      Required ratio:    0.00 (Gate area) 
      Cumulative area ratio:  107.10
      Required ratio:    0.00 (Cumulative area) 
      Partial area ratio:  533.65
      Required ratio:  400.00 (Side area) (VIOLATED)
      Cumulative area ratio:  533.65
      Required ratio:    0.00 (Cumulative side area) 

    Layer: via
      Partial area ratio:    0.42
      Required ratio:    6.00 (Gate area) 
      Cumulative area ratio:    0.61
      Required ratio:    0.00 (Cumulative area) 

    Layer: met2
      Partial area ratio:   13.77
      Required ratio:    0.00 (Gate area) 
      Cumulative area ratio:  120.87
      Required ratio:    0.00 (Cumulative area) 
      Partial area ratio:   68.24
      Required ratio: 2778.20 (Side area) 
      Cumulative area ratio:  601.89
      Required ratio:    0.00 (Cumulative side area) 

    Layer: via2
      Partial area ratio:    0.03
      Required ratio:   22.04 (Gate area) 
      Cumulative area ratio:    0.64
      Required ratio:    0.00 (Cumulative area) 

    Layer: met3
      Partial area ratio:    2.43
      Required ratio:    0.00 (Gate area) 
      Cumulative area ratio:  123.30
      Required ratio:    0.00 (Cumulative area) 
      Partial area ratio:   13.33
      Required ratio: 2778.20 (Side area) 
      Cumulative area ratio:  615.22
      Required ratio:    0.00 (Cumulative side area) 

    Layer: via3
      Partial area ratio:    0.02
      Required ratio:   22.04 (Gate area) 
      Cumulative area ratio:    0.65
      Required ratio:    0.00 (Cumulative area) 

    Layer: met4
      Partial area ratio:    0.70
      Required ratio:    0.00 (Gate area) 
      Cumulative area ratio:  124.00
      Required ratio:    0.00 (Cumulative area) 
      Partial area ratio:    3.86
      Required ratio: 2778.20 (Side area) 
      Cumulative area ratio:  619.08
      Required ratio:    0.00 (Cumulative side area) 



Net: net980
  Pin:   _09471_/A3 (sky130_fd_sc_hd__a32o_2)
    Layer: mcon
      Partial area ratio:    0.12
      Required ratio:    3.00 (Gate area) 
      Cumulative area ratio:    0.12
      Required ratio:    0.00 (Cumulative area) 

    Layer: met1
      Partial area ratio:  103.13
      Required ratio:    0.00 (Gate area) 
      Cumulative area ratio:  103.13
      Required ratio:    0.00 (Cumulative area) 
      Partial area ratio:  514.00
      Required ratio:  400.00 (Side area) (VIOLATED)
      Cumulative area ratio:  514.00
      Required ratio:    0.00 (Cumulative side area) 

    Layer: via
      Partial area ratio:    0.36
      Required ratio:    6.00 (Gate area) 
      Cumulative area ratio:    0.48
      Required ratio:    0.00 (Cumulative area) 

    Layer: met2
      Partial area ratio:   12.76
      Required ratio:    0.00 (Gate area) 
      Cumulative area ratio:  115.88
      Required ratio:    0.00 (Cumulative area) 
      Partial area ratio:   63.29
      Required ratio:  400.00 (Side area) 
      Cumulative area ratio:  577.29
      Required ratio:    0.00 (Cumulative side area) 

    Layer: via2
      Partial area ratio:    0.02
      Required ratio:    6.00 (Gate area) 
      Cumulative area ratio:    0.50
      Required ratio:    0.00 (Cumulative area) 

    Layer: met3
      Partial area ratio:    1.48
      Required ratio:    0.00 (Gate area) 
      Cumulative area ratio:  117.36
      Required ratio:    0.00 (Cumulative area) 
      Partial area ratio:    8.05
      Required ratio: 2956.40 (Side area) 
      Cumulative area ratio:  585.34
      Required ratio:    0.00 (Cumulative side area) 


  Pin:   _09602_/A3 (sky130_fd_sc_hd__a32o_2)
    Layer: mcon
      Partial area ratio:    0.12
      Required ratio:    3.00 (Gate area) 
      Cumulative area ratio:    0.12
      Required ratio:    0.00 (Cumulative area) 

    Layer: met1
      Partial area ratio:   17.42
      Required ratio:    0.00 (Gate area) 
      Cumulative area ratio:   17.42
      Required ratio:    0.00 (Cumulative area) 
      Partial area ratio:   86.15
      Required ratio:  400.00 (Side area) 
      Cumulative area ratio:   86.15
      Required ratio:    0.00 (Cumulative side area) 

    Layer: via
      Partial area ratio:    0.18
      Required ratio:    6.00 (Gate area) 
      Cumulative area ratio:    0.30
      Required ratio:    0.00 (Cumulative area) 

    Layer: met2
      Partial area ratio:   12.76
      Required ratio:    0.00 (Gate area) 
      Cumulative area ratio:   30.18
      Required ratio:    0.00 (Cumulative area) 
      Partial area ratio:   63.29
      Required ratio:  400.00 (Side area) 
      Cumulative area ratio:  149.44
      Required ratio:    0.00 (Cumulative side area) 

    Layer: via2
      Partial area ratio:    0.02
      Required ratio:    6.00 (Gate area) 
      Cumulative area ratio:    0.31
      Required ratio:    0.00 (Cumulative area) 

    Layer: met3
      Partial area ratio:    1.48
      Required ratio:    0.00 (Gate area) 
      Cumulative area ratio:   31.65
      Required ratio:    0.00 (Cumulative area) 
      Partial area ratio:    8.05
      Required ratio: 2956.40 (Side area) 
      Cumulative area ratio:  157.48
      Required ratio:    0.00 (Cumulative side area) 


  Pin:   _09626_/A3 (sky130_fd_sc_hd__a32o_2)
    Layer: mcon
      Partial area ratio:    0.12
      Required ratio:    3.00 (Gate area) 
      Cumulative area ratio:    0.12
      Required ratio:    0.00 (Cumulative area) 

    Layer: met1
      Partial area ratio:    6.01
      Required ratio:    0.00 (Gate area) 
      Cumulative area ratio:    6.01
      Required ratio:    0.00 (Cumulative area) 
      Partial area ratio:   29.32
      Required ratio:  400.00 (Side area) 
      Cumulative area ratio:   29.32
      Required ratio:    0.00 (Cumulative side area) 

    Layer: via
      Partial area ratio:    0.18
      Required ratio:    6.00 (Gate area) 
      Cumulative area ratio:    0.30
      Required ratio:    0.00 (Cumulative area) 

    Layer: met2
      Partial area ratio:   12.76
      Required ratio:    0.00 (Gate area) 
      Cumulative area ratio:   18.77
      Required ratio:    0.00 (Cumulative area) 
      Partial area ratio:   63.29
      Required ratio:  400.00 (Side area) 
      Cumulative area ratio:   92.61
      Required ratio:    0.00 (Cumulative side area) 

    Layer: via2
      Partial area ratio:    0.02
      Required ratio:    6.00 (Gate area) 
      Cumulative area ratio:    0.31
      Required ratio:    0.00 (Cumulative area) 

    Layer: met3
      Partial area ratio:    1.48
      Required ratio:    0.00 (Gate area) 
      Cumulative area ratio:   20.25
      Required ratio:    0.00 (Cumulative area) 
      Partial area ratio:    8.05
      Required ratio: 2956.40 (Side area) 
      Cumulative area ratio:  100.66
      Required ratio:    0.00 (Cumulative side area) 


  Pin:   _09647_/A3 (sky130_fd_sc_hd__a32o_2)
    Layer: mcon
      Partial area ratio:    0.12
      Required ratio:    3.00 (Gate area) 
      Cumulative area ratio:    0.12
      Required ratio:    0.00 (Cumulative area) 

    Layer: met1
      Partial area ratio:    3.01
      Required ratio:    0.00 (Gate area) 
      Cumulative area ratio:    3.01
      Required ratio:    0.00 (Cumulative area) 
      Partial area ratio:   14.32
      Required ratio:  400.00 (Side area) 
      Cumulative area ratio:   14.32
      Required ratio:    0.00 (Cumulative side area) 

    Layer: via
      Partial area ratio:    0.18
      Required ratio:    6.00 (Gate area) 
      Cumulative area ratio:    0.30
      Required ratio:    0.00 (Cumulative area) 

    Layer: met2
      Partial area ratio:   12.76
      Required ratio:    0.00 (Gate area) 
      Cumulative area ratio:   15.77
      Required ratio:    0.00 (Cumulative area) 
      Partial area ratio:   63.29
      Required ratio:  400.00 (Side area) 
      Cumulative area ratio:   77.61
      Required ratio:    0.00 (Cumulative side area) 

    Layer: via2
      Partial area ratio:    0.02
      Required ratio:    6.00 (Gate area) 
      Cumulative area ratio:    0.31
      Required ratio:    0.00 (Cumulative area) 

    Layer: met3
      Partial area ratio:    1.48
      Required ratio:    0.00 (Gate area) 
      Cumulative area ratio:   17.25
      Required ratio:    0.00 (Cumulative area) 
      Partial area ratio:    8.05
      Required ratio: 2956.40 (Side area) 
      Cumulative area ratio:   85.66
      Required ratio:    0.00 (Cumulative side area) 


  Pin:   _09709_/A3 (sky130_fd_sc_hd__a31o_2)
    Layer: mcon
      Partial area ratio:    0.12
      Required ratio:    3.00 (Gate area) 
      Cumulative area ratio:    0.12
      Required ratio:    0.00 (Cumulative area) 

    Layer: met1
      Partial area ratio:   17.42
      Required ratio:    0.00 (Gate area) 
      Cumulative area ratio:   17.42
      Required ratio:    0.00 (Cumulative area) 
      Partial area ratio:   86.15
      Required ratio:  400.00 (Side area) 
      Cumulative area ratio:   86.15
      Required ratio:    0.00 (Cumulative side area) 

    Layer: via
      Partial area ratio:    0.18
      Required ratio:    6.00 (Gate area) 
      Cumulative area ratio:    0.30
      Required ratio:    0.00 (Cumulative area) 

    Layer: met2
      Partial area ratio:   12.76
      Required ratio:    0.00 (Gate area) 
      Cumulative area ratio:   30.18
      Required ratio:    0.00 (Cumulative area) 
      Partial area ratio:   63.29
      Required ratio:  400.00 (Side area) 
      Cumulative area ratio:  149.44
      Required ratio:    0.00 (Cumulative side area) 

    Layer: via2
      Partial area ratio:    0.02
      Required ratio:    6.00 (Gate area) 
      Cumulative area ratio:    0.31
      Required ratio:    0.00 (Cumulative area) 

    Layer: met3
      Partial area ratio:    1.48
      Required ratio:    0.00 (Gate area) 
      Cumulative area ratio:   31.65
      Required ratio:    0.00 (Cumulative area) 
      Partial area ratio:    8.05
      Required ratio: 2956.40 (Side area) 
      Cumulative area ratio:  157.48
      Required ratio:    0.00 (Cumulative side area) 


  Pin:   _09742_/A3 (sky130_fd_sc_hd__a31o_2)
    Layer: mcon
      Partial area ratio:    0.12
      Required ratio:    3.00 (Gate area) 
      Cumulative area ratio:    0.12
      Required ratio:    0.00 (Cumulative area) 

    Layer: met1
      Partial area ratio:    1.77
      Required ratio:    0.00 (Gate area) 
      Cumulative area ratio:    1.77
      Required ratio:    0.00 (Cumulative area) 
      Partial area ratio:    8.12
      Required ratio:  400.00 (Side area) 
      Cumulative area ratio:    8.12
      Required ratio:    0.00 (Cumulative side area) 

    Layer: via
      Partial area ratio:    0.18
      Required ratio:    6.00 (Gate area) 
      Cumulative area ratio:    0.30
      Required ratio:    0.00 (Cumulative area) 

    Layer: met2
      Partial area ratio:   12.76
      Required ratio:    0.00 (Gate area) 
      Cumulative area ratio:   14.53
      Required ratio:    0.00 (Cumulative area) 
      Partial area ratio:   63.29
      Required ratio:  400.00 (Side area) 
      Cumulative area ratio:   71.41
      Required ratio:    0.00 (Cumulative side area) 

    Layer: via2
      Partial area ratio:    0.02
      Required ratio:    6.00 (Gate area) 
      Cumulative area ratio:    0.31
      Required ratio:    0.00 (Cumulative area) 

    Layer: met3
      Partial area ratio:    1.48
      Required ratio:    0.00 (Gate area) 
      Cumulative area ratio:   16.01
      Required ratio:    0.00 (Cumulative area) 
      Partial area ratio:    8.05
      Required ratio: 2956.40 (Side area) 
      Cumulative area ratio:   79.45
      Required ratio:    0.00 (Cumulative side area) 


  Pin:   _09756_/A3 (sky130_fd_sc_hd__a32o_2)
    Layer: mcon
      Partial area ratio:    0.12
      Required ratio:    3.00 (Gate area) 
      Cumulative area ratio:    0.12
      Required ratio:    0.00 (Cumulative area) 

    Layer: met1
      Partial area ratio:    5.87
      Required ratio:    0.00 (Gate area) 
      Cumulative area ratio:    5.87
      Required ratio:    0.00 (Cumulative area) 
      Partial area ratio:   28.59
      Required ratio:  400.00 (Side area) 
      Cumulative area ratio:   28.59
      Required ratio:    0.00 (Cumulative side area) 

    Layer: via
      Partial area ratio:    0.18
      Required ratio:    6.00 (Gate area) 
      Cumulative area ratio:    0.30
      Required ratio:    0.00 (Cumulative area) 

    Layer: met2
      Partial area ratio:   12.76
      Required ratio:    0.00 (Gate area) 
      Cumulative area ratio:   18.62
      Required ratio:    0.00 (Cumulative area) 
      Partial area ratio:   63.29
      Required ratio:  400.00 (Side area) 
      Cumulative area ratio:   91.88
      Required ratio:    0.00 (Cumulative side area) 

    Layer: via2
      Partial area ratio:    0.02
      Required ratio:    6.00 (Gate area) 
      Cumulative area ratio:    0.31
      Required ratio:    0.00 (Cumulative area) 

    Layer: met3
      Partial area ratio:    1.48
      Required ratio:    0.00 (Gate area) 
      Cumulative area ratio:   20.10
      Required ratio:    0.00 (Cumulative area) 
      Partial area ratio:    8.05
      Required ratio: 2956.40 (Side area) 
      Cumulative area ratio:   99.92
      Required ratio:    0.00 (Cumulative side area) 


  Pin:   _10299_/A3 (sky130_fd_sc_hd__a32o_2)
    Layer: mcon
      Partial area ratio:    0.12
      Required ratio:    3.00 (Gate area) 
      Cumulative area ratio:    0.12
      Required ratio:    0.00 (Cumulative area) 

    Layer: met1
      Partial area ratio:    2.14
      Required ratio:    0.00 (Gate area) 
      Cumulative area ratio:    2.14
      Required ratio:    0.00 (Cumulative area) 
      Partial area ratio:    9.96
      Required ratio:  400.00 (Side area) 
      Cumulative area ratio:    9.96
      Required ratio:    0.00 (Cumulative side area) 

    Layer: via
      Partial area ratio:    0.18
      Required ratio:    6.00 (Gate area) 
      Cumulative area ratio:    0.30
      Required ratio:    0.00 (Cumulative area) 

    Layer: met2
      Partial area ratio:   27.28
      Required ratio:    0.00 (Gate area) 
      Cumulative area ratio:   29.43
      Required ratio:    0.00 (Cumulative area) 
      Partial area ratio:  135.39
      Required ratio: 2956.40 (Side area) 
      Cumulative area ratio:  145.36
      Required ratio:    0.00 (Cumulative side area) 

    Layer: via2
      Partial area ratio:    0.10
      Required ratio:   38.08 (Gate area) 
      Cumulative area ratio:    0.40
      Required ratio:    0.00 (Cumulative area) 

    Layer: met3
      Partial area ratio:    1.48
      Required ratio:    0.00 (Gate area) 
      Cumulative area ratio:   30.90
      Required ratio:    0.00 (Cumulative area) 
      Partial area ratio:    8.05
      Required ratio: 2956.40 (Side area) 
      Cumulative area ratio:  153.40
      Required ratio:    0.00 (Cumulative side area) 


  Pin:   _10370_/A3 (sky130_fd_sc_hd__a32o_2)
    Layer: mcon
      Partial area ratio:    0.12
      Required ratio:    3.00 (Gate area) 
      Cumulative area ratio:    0.12
      Required ratio:    0.00 (Cumulative area) 

    Layer: met1
      Partial area ratio:    2.75
      Required ratio:    0.00 (Gate area) 
      Cumulative area ratio:    2.75
      Required ratio:    0.00 (Cumulative area) 
      Partial area ratio:   13.00
      Required ratio:  400.00 (Side area) 
      Cumulative area ratio:   13.00
      Required ratio:    0.00 (Cumulative side area) 

    Layer: via
      Partial area ratio:    0.18
      Required ratio:    6.00 (Gate area) 
      Cumulative area ratio:    0.30
      Required ratio:    0.00 (Cumulative area) 

    Layer: met2
      Partial area ratio:   12.76
      Required ratio:    0.00 (Gate area) 
      Cumulative area ratio:   15.51
      Required ratio:    0.00 (Cumulative area) 
      Partial area ratio:   63.29
      Required ratio:  400.00 (Side area) 
      Cumulative area ratio:   76.29
      Required ratio:    0.00 (Cumulative side area) 

    Layer: via2
      Partial area ratio:    0.02
      Required ratio:    6.00 (Gate area) 
      Cumulative area ratio:    0.31
      Required ratio:    0.00 (Cumulative area) 

    Layer: met3
      Partial area ratio:    1.48
      Required ratio:    0.00 (Gate area) 
      Cumulative area ratio:   16.98
      Required ratio:    0.00 (Cumulative area) 
      Partial area ratio:    8.05
      Required ratio: 2956.40 (Side area) 
      Cumulative area ratio:   84.34
      Required ratio:    0.00 (Cumulative side area) 


  Pin:   _10401_/A3 (sky130_fd_sc_hd__a32o_2)
    Layer: mcon
      Partial area ratio:    0.12
      Required ratio:    3.00 (Gate area) 
      Cumulative area ratio:    0.12
      Required ratio:    0.00 (Cumulative area) 

    Layer: met1
      Partial area ratio:   17.40
      Required ratio:    0.00 (Gate area) 
      Cumulative area ratio:   17.40
      Required ratio:    0.00 (Cumulative area) 
      Partial area ratio:   85.83
      Required ratio:  400.00 (Side area) 
      Cumulative area ratio:   85.83
      Required ratio:    0.00 (Cumulative side area) 

    Layer: via
      Partial area ratio:    0.27
      Required ratio:    6.00 (Gate area) 
      Cumulative area ratio:    0.39
      Required ratio:    0.00 (Cumulative area) 

    Layer: met2
      Partial area ratio:   12.76
      Required ratio:    0.00 (Gate area) 
      Cumulative area ratio:   30.16
      Required ratio:    0.00 (Cumulative area) 
      Partial area ratio:   63.29
      Required ratio:  400.00 (Side area) 
      Cumulative area ratio:  149.12
      Required ratio:    0.00 (Cumulative side area) 

    Layer: via2
      Partial area ratio:    0.02
      Required ratio:    6.00 (Gate area) 
      Cumulative area ratio:    0.41
      Required ratio:    0.00 (Cumulative area) 

    Layer: met3
      Partial area ratio:    1.48
      Required ratio:    0.00 (Gate area) 
      Cumulative area ratio:   31.64
      Required ratio:    0.00 (Cumulative area) 
      Partial area ratio:    8.05
      Required ratio: 2956.40 (Side area) 
      Cumulative area ratio:  157.17
      Required ratio:    0.00 (Cumulative side area) 


  Pin:   place979/A (sky130_fd_sc_hd__buf_4)
    Layer: mcon
      Partial area ratio:    0.12
      Required ratio:    3.00 (Gate area) 
      Cumulative area ratio:    0.12
      Required ratio:    0.00 (Cumulative area) 

    Layer: met1
      Partial area ratio:    0.69
      Required ratio:    0.00 (Gate area) 
      Cumulative area ratio:    0.69
      Required ratio:    0.00 (Cumulative area) 
      Partial area ratio:    3.03
      Required ratio:  400.00 (Side area) 
      Cumulative area ratio:    3.03
      Required ratio:    0.00 (Cumulative side area) 

    Layer: via
      Partial area ratio:    0.12
      Required ratio:    6.00 (Gate area) 
      Cumulative area ratio:    0.24
      Required ratio:    0.00 (Cumulative area) 

    Layer: met2
      Partial area ratio:   12.76
      Required ratio:    0.00 (Gate area) 
      Cumulative area ratio:   13.45
      Required ratio:    0.00 (Cumulative area) 
      Partial area ratio:   63.29
      Required ratio:  400.00 (Side area) 
      Cumulative area ratio:   66.32
      Required ratio:    0.00 (Cumulative side area) 

    Layer: via2
      Partial area ratio:    0.02
      Required ratio:    6.00 (Gate area) 
      Cumulative area ratio:    0.25
      Required ratio:    0.00 (Cumulative area) 

    Layer: met3
      Partial area ratio:    1.48
      Required ratio:    0.00 (Gate area) 
      Cumulative area ratio:   14.93
      Required ratio:    0.00 (Cumulative area) 
      Partial area ratio:    8.05
      Required ratio: 2956.40 (Side area) 
      Cumulative area ratio:   74.36
      Required ratio:    0.00 (Cumulative side area) 


  Pin:   place978/A (sky130_fd_sc_hd__buf_2)
    Layer: mcon
      Partial area ratio:    0.18
      Required ratio:    3.00 (Gate area) 
      Cumulative area ratio:    0.18
      Required ratio:    0.00 (Cumulative area) 

    Layer: met1
      Partial area ratio:   32.25
      Required ratio:    0.00 (Gate area) 
      Cumulative area ratio:   32.25
      Required ratio:    0.00 (Cumulative area) 
      Partial area ratio:  160.10
      Required ratio:  400.00 (Side area) 
      Cumulative area ratio:  160.10
      Required ratio:    0.00 (Cumulative side area) 

    Layer: via
      Partial area ratio:    0.28
      Required ratio:    6.00 (Gate area) 
      Cumulative area ratio:    0.46
      Required ratio:    0.00 (Cumulative area) 

    Layer: met2
      Partial area ratio:   27.28
      Required ratio:    0.00 (Gate area) 
      Cumulative area ratio:   59.54
      Required ratio:    0.00 (Cumulative area) 
      Partial area ratio:  135.39
      Required ratio: 2956.40 (Side area) 
      Cumulative area ratio:  295.49
      Required ratio:    0.00 (Cumulative side area) 

    Layer: via2
      Partial area ratio:    0.10
      Required ratio:   38.08 (Gate area) 
      Cumulative area ratio:    0.56
      Required ratio:    0.00 (Cumulative area) 

    Layer: met3
      Partial area ratio:    1.48
      Required ratio:    0.00 (Gate area) 
      Cumulative area ratio:   61.01
      Required ratio:    0.00 (Cumulative area) 
      Partial area ratio:    8.05
      Required ratio: 2956.40 (Side area) 
      Cumulative area ratio:  303.54
      Required ratio:    0.00 (Cumulative side area) 



Net: net982
  Pin:   _12621_/A (sky130_fd_sc_hd__or3_2)
    Layer: mcon
      Partial area ratio:    0.23
      Required ratio:    3.00 (Gate area) 
      Cumulative area ratio:    0.23
      Required ratio:    0.00 (Cumulative area) 

    Layer: met1
      Partial area ratio:   17.71
      Required ratio:    0.00 (Gate area) 
      Cumulative area ratio:   17.71
      Required ratio:    0.00 (Cumulative area) 
      Partial area ratio:   87.08
      Required ratio:  400.00 (Side area) 
      Cumulative area ratio:   87.08
      Required ratio:    0.00 (Cumulative side area) 

    Layer: via
      Partial area ratio:    0.36
      Required ratio:    6.00 (Gate area) 
      Cumulative area ratio:    0.59
      Required ratio:    0.00 (Cumulative area) 

    Layer: met2
      Partial area ratio:   90.08
      Required ratio:    0.00 (Gate area) 
      Cumulative area ratio:  107.79
      Required ratio:    0.00 (Cumulative area) 
      Partial area ratio:  448.53
      Required ratio:  400.00 (Side area) (VIOLATED)
      Cumulative area ratio:  535.61
      Required ratio:    0.00 (Cumulative side area) 

    Layer: via2
      Partial area ratio:    0.32
      Required ratio:    6.00 (Gate area) 
      Cumulative area ratio:    0.90
      Required ratio:    0.00 (Cumulative area) 

    Layer: met3
      Partial area ratio:   43.10
      Required ratio:    0.00 (Gate area) 
      Cumulative area ratio:  150.89
      Required ratio:    0.00 (Cumulative area) 
      Partial area ratio:  231.35
      Required ratio: 2778.20 (Side area) 
      Cumulative area ratio:  766.96
      Required ratio:    0.00 (Cumulative side area) 

    Layer: via3
      Partial area ratio:    0.06
      Required ratio:   22.04 (Gate area) 
      Cumulative area ratio:    0.97
      Required ratio:    0.00 (Cumulative area) 

    Layer: met4
      Partial area ratio:   16.59
      Required ratio:    0.00 (Gate area) 
      Cumulative area ratio:  167.48
      Required ratio:    0.00 (Cumulative area) 
      Partial area ratio:   89.08
      Required ratio: 2778.20 (Side area) 
      Cumulative area ratio:  856.04
      Required ratio:    0.00 (Cumulative side area) 


  Pin:   _12639_/A (sky130_fd_sc_hd__or3_2)
    Layer: mcon
      Partial area ratio:    0.23
      Required ratio:    3.00 (Gate area) 
      Cumulative area ratio:    0.23
      Required ratio:    0.00 (Cumulative area) 

    Layer: met1
      Partial area ratio:    7.25
      Required ratio:    0.00 (Gate area) 
      Cumulative area ratio:    7.25
      Required ratio:    0.00 (Cumulative area) 
      Partial area ratio:   34.76
      Required ratio:  400.00 (Side area) 
      Cumulative area ratio:   34.76
      Required ratio:    0.00 (Cumulative side area) 

    Layer: via
      Partial area ratio:    0.36
      Required ratio:    6.00 (Gate area) 
      Cumulative area ratio:    0.59
      Required ratio:    0.00 (Cumulative area) 

    Layer: met2
      Partial area ratio:   40.55
      Required ratio:    0.00 (Gate area) 
      Cumulative area ratio:   47.80
      Required ratio:    0.00 (Cumulative area) 
      Partial area ratio:  201.28
      Required ratio: 2778.20 (Side area) 
      Cumulative area ratio:  236.04
      Required ratio:    0.00 (Cumulative side area) 

    Layer: via2
      Partial area ratio:    0.11
      Required ratio:   22.04 (Gate area) 
      Cumulative area ratio:    0.69
      Required ratio:    0.00 (Cumulative area) 

    Layer: met3
      Partial area ratio:   43.10
      Required ratio:    0.00 (Gate area) 
      Cumulative area ratio:   90.90
      Required ratio:    0.00 (Cumulative area) 
      Partial area ratio:  231.35
      Required ratio: 2778.20 (Side area) 
      Cumulative area ratio:  467.39
      Required ratio:    0.00 (Cumulative side area) 

    Layer: via3
      Partial area ratio:    0.06
      Required ratio:   22.04 (Gate area) 
      Cumulative area ratio:    0.76
      Required ratio:    0.00 (Cumulative area) 

    Layer: met4
      Partial area ratio:   16.59
      Required ratio:    0.00 (Gate area) 
      Cumulative area ratio:  107.49
      Required ratio:    0.00 (Cumulative area) 
      Partial area ratio:   89.08
      Required ratio: 2778.20 (Side area) 
      Cumulative area ratio:  556.47
      Required ratio:    0.00 (Cumulative side area) 


  Pin:   _12648_/A (sky130_fd_sc_hd__or3_2)
    Layer: mcon
      Partial area ratio:    0.23
      Required ratio:    3.00 (Gate area) 
      Cumulative area ratio:    0.23
      Required ratio:    0.00 (Cumulative area) 

    Layer: met1
      Partial area ratio:   16.76
      Required ratio:    0.00 (Gate area) 
      Cumulative area ratio:   16.76
      Required ratio:    0.00 (Cumulative area) 
      Partial area ratio:   82.31
      Required ratio:  400.00 (Side area) 
      Cumulative area ratio:   82.31
      Required ratio:    0.00 (Cumulative side area) 

    Layer: via
      Partial area ratio:    0.36
      Required ratio:    6.00 (Gate area) 
      Cumulative area ratio:    0.59
      Required ratio:    0.00 (Cumulative area) 

    Layer: met2
      Partial area ratio:   90.08
      Required ratio:    0.00 (Gate area) 
      Cumulative area ratio:  106.83
      Required ratio:    0.00 (Cumulative area) 
      Partial area ratio:  448.53
      Required ratio:  400.00 (Side area) (VIOLATED)
      Cumulative area ratio:  530.83
      Required ratio:    0.00 (Cumulative side area) 

    Layer: via2
      Partial area ratio:    0.32
      Required ratio:    6.00 (Gate area) 
      Cumulative area ratio:    0.90
      Required ratio:    0.00 (Cumulative area) 

    Layer: met3
      Partial area ratio:   43.10
      Required ratio:    0.00 (Gate area) 
      Cumulative area ratio:  149.93
      Required ratio:    0.00 (Cumulative area) 
      Partial area ratio:  231.35
      Required ratio: 2778.20 (Side area) 
      Cumulative area ratio:  762.19
      Required ratio:    0.00 (Cumulative side area) 

    Layer: via3
      Partial area ratio:    0.06
      Required ratio:   22.04 (Gate area) 
      Cumulative area ratio:    0.97
      Required ratio:    0.00 (Cumulative area) 

    Layer: met4
      Partial area ratio:   16.59
      Required ratio:    0.00 (Gate area) 
      Cumulative area ratio:  166.52
      Required ratio:    0.00 (Cumulative area) 
      Partial area ratio:   89.08
      Required ratio: 2778.20 (Side area) 
      Cumulative area ratio:  851.27
      Required ratio:    0.00 (Cumulative side area) 


  Pin:   _13233_/A (sky130_fd_sc_hd__or3_2)
    Layer: mcon
      Partial area ratio:    0.23
      Required ratio:    3.00 (Gate area) 
      Cumulative area ratio:    0.23
      Required ratio:    0.00 (Cumulative area) 

    Layer: met1
      Partial area ratio:   18.61
      Required ratio:    0.00 (Gate area) 
      Cumulative area ratio:   18.61
      Required ratio:    0.00 (Cumulative area) 
      Partial area ratio:   90.73
      Required ratio:  400.00 (Side area) 
      Cumulative area ratio:   90.73
      Required ratio:    0.00 (Cumulative side area) 

    Layer: via
      Partial area ratio:    0.54
      Required ratio:    6.00 (Gate area) 
      Cumulative area ratio:    0.77
      Required ratio:    0.00 (Cumulative area) 

    Layer: met2
      Partial area ratio:   40.55
      Required ratio:    0.00 (Gate area) 
      Cumulative area ratio:   59.17
      Required ratio:    0.00 (Cumulative area) 
      Partial area ratio:  201.28
      Required ratio: 2778.20 (Side area) 
      Cumulative area ratio:  292.01
      Required ratio:    0.00 (Cumulative side area) 

    Layer: via2
      Partial area ratio:    0.11
      Required ratio:   22.04 (Gate area) 
      Cumulative area ratio:    0.87
      Required ratio:    0.00 (Cumulative area) 

    Layer: met3
      Partial area ratio:   43.10
      Required ratio:    0.00 (Gate area) 
      Cumulative area ratio:  102.27
      Required ratio:    0.00 (Cumulative area) 
      Partial area ratio:  231.35
      Required ratio: 2778.20 (Side area) 
      Cumulative area ratio:  523.36
      Required ratio:    0.00 (Cumulative side area) 

    Layer: via3
      Partial area ratio:    0.06
      Required ratio:   22.04 (Gate area) 
      Cumulative area ratio:    0.93
      Required ratio:    0.00 (Cumulative area) 

    Layer: met4
      Partial area ratio:   16.59
      Required ratio:    0.00 (Gate area) 
      Cumulative area ratio:  118.85
      Required ratio:    0.00 (Cumulative area) 
      Partial area ratio:   89.08
      Required ratio: 2778.20 (Side area) 
      Cumulative area ratio:  612.44
      Required ratio:    0.00 (Cumulative side area) 


  Pin:   _13251_/A (sky130_fd_sc_hd__or3_2)
    Layer: mcon
      Partial area ratio:    0.23
      Required ratio:    3.00 (Gate area) 
      Cumulative area ratio:    0.23
      Required ratio:    0.00 (Cumulative area) 

    Layer: met1
      Partial area ratio:   35.41
      Required ratio:    0.00 (Gate area) 
      Cumulative area ratio:   35.41
      Required ratio:    0.00 (Cumulative area) 
      Partial area ratio:  174.74
      Required ratio:  400.00 (Side area) 
      Cumulative area ratio:  174.74
      Required ratio:    0.00 (Cumulative side area) 

    Layer: via
      Partial area ratio:    0.54
      Required ratio:    6.00 (Gate area) 
      Cumulative area ratio:    0.77
      Required ratio:    0.00 (Cumulative area) 

    Layer: met2
      Partial area ratio:   40.55
      Required ratio:    0.00 (Gate area) 
      Cumulative area ratio:   75.97
      Required ratio:    0.00 (Cumulative area) 
      Partial area ratio:  201.28
      Required ratio: 2778.20 (Side area) 
      Cumulative area ratio:  376.02
      Required ratio:    0.00 (Cumulative side area) 

    Layer: via2
      Partial area ratio:    0.11
      Required ratio:   22.04 (Gate area) 
      Cumulative area ratio:    0.87
      Required ratio:    0.00 (Cumulative area) 

    Layer: met3
      Partial area ratio:   43.10
      Required ratio:    0.00 (Gate area) 
      Cumulative area ratio:  119.07
      Required ratio:    0.00 (Cumulative area) 
      Partial area ratio:  231.35
      Required ratio: 2778.20 (Side area) 
      Cumulative area ratio:  607.37
      Required ratio:    0.00 (Cumulative side area) 

    Layer: via3
      Partial area ratio:    0.06
      Required ratio:   22.04 (Gate area) 
      Cumulative area ratio:    0.93
      Required ratio:    0.00 (Cumulative area) 

    Layer: met4
      Partial area ratio:   16.59
      Required ratio:    0.00 (Gate area) 
      Cumulative area ratio:  135.65
      Required ratio:    0.00 (Cumulative area) 
      Partial area ratio:   89.08
      Required ratio: 2778.20 (Side area) 
      Cumulative area ratio:  696.45
      Required ratio:    0.00 (Cumulative side area) 


  Pin:   _13563_/B (sky130_fd_sc_hd__or3b_2)
    Layer: mcon
      Partial area ratio:    0.23
      Required ratio:    3.00 (Gate area) 
      Cumulative area ratio:    0.23
      Required ratio:    0.00 (Cumulative area) 

    Layer: met1
      Partial area ratio:    5.96
      Required ratio:    0.00 (Gate area) 
      Cumulative area ratio:    5.96
      Required ratio:    0.00 (Cumulative area) 
      Partial area ratio:   28.31
      Required ratio:  400.00 (Side area) 
      Cumulative area ratio:   28.31
      Required ratio:    0.00 (Cumulative side area) 

    Layer: via
      Partial area ratio:    0.36
      Required ratio:    6.00 (Gate area) 
      Cumulative area ratio:    0.59
      Required ratio:    0.00 (Cumulative area) 

    Layer: met2
      Partial area ratio:    1.48
      Required ratio:    0.00 (Gate area) 
      Cumulative area ratio:    7.44
      Required ratio:    0.00 (Cumulative area) 
      Partial area ratio:    6.83
      Required ratio:  400.00 (Side area) 
      Cumulative area ratio:   35.14
      Required ratio:    0.00 (Cumulative side area) 

    Layer: via2
      Partial area ratio:    0.32
      Required ratio:    6.00 (Gate area) 
      Cumulative area ratio:    0.90
      Required ratio:    0.00 (Cumulative area) 

    Layer: met3
      Partial area ratio:    0.99
      Required ratio:    0.00 (Gate area) 
      Cumulative area ratio:    8.43
      Required ratio:    0.00 (Cumulative area) 
      Partial area ratio:    9.02
      Required ratio:  400.00 (Side area) 
      Cumulative area ratio:   44.15
      Required ratio:    0.00 (Cumulative side area) 

    Layer: via3
      Partial area ratio:    0.32
      Required ratio:    6.00 (Gate area) 
      Cumulative area ratio:    1.22
      Required ratio:    0.00 (Cumulative area) 

    Layer: met4
      Partial area ratio:   16.59
      Required ratio:    0.00 (Gate area) 
      Cumulative area ratio:   25.02
      Required ratio:    0.00 (Cumulative area) 
      Partial area ratio:   89.08
      Required ratio: 2778.20 (Side area) 
      Cumulative area ratio:  133.23
      Required ratio:    0.00 (Cumulative side area) 



Net: net1038
  Pin:   _11859_/A0 (sky130_fd_sc_hd__mux2_1)
    Layer: mcon
      Partial area ratio:    0.23
      Required ratio:    3.00 (Gate area) 
      Cumulative area ratio:    0.23
      Required ratio:    0.00 (Cumulative area) 

    Layer: met1
      Partial area ratio:    6.66
      Required ratio:    0.00 (Gate area) 
      Cumulative area ratio:    6.66
      Required ratio:    0.00 (Cumulative area) 
      Partial area ratio:   31.88
      Required ratio:  400.00 (Side area) 
      Cumulative area ratio:   31.88
      Required ratio:    0.00 (Cumulative side area) 

    Layer: via
      Partial area ratio:    0.27
      Required ratio:    6.00 (Gate area) 
      Cumulative area ratio:    0.50
      Required ratio:    0.00 (Cumulative area) 

    Layer: met2
      Partial area ratio:    7.48
      Required ratio:    0.00 (Gate area) 
      Cumulative area ratio:   14.14
      Required ratio:    0.00 (Cumulative area) 
      Partial area ratio:   36.79
      Required ratio: 2778.20 (Side area) 
      Cumulative area ratio:   68.67
      Required ratio:    0.00 (Cumulative side area) 


  Pin:   _11967_/A1 (sky130_fd_sc_hd__mux2_1)
    Layer: mcon
      Partial area ratio:    0.23
      Required ratio:    3.00 (Gate area) 
      Cumulative area ratio:    0.23
      Required ratio:    0.00 (Cumulative area) 

    Layer: met1
      Partial area ratio:    6.66
      Required ratio:    0.00 (Gate area) 
      Cumulative area ratio:    6.66
      Required ratio:    0.00 (Cumulative area) 
      Partial area ratio:   31.88
      Required ratio:  400.00 (Side area) 
      Cumulative area ratio:   31.88
      Required ratio:    0.00 (Cumulative side area) 

    Layer: via
      Partial area ratio:    0.27
      Required ratio:    6.00 (Gate area) 
      Cumulative area ratio:    0.50
      Required ratio:    0.00 (Cumulative area) 

    Layer: met2
      Partial area ratio:    7.48
      Required ratio:    0.00 (Gate area) 
      Cumulative area ratio:   14.14
      Required ratio:    0.00 (Cumulative area) 
      Partial area ratio:   36.79
      Required ratio: 2778.20 (Side area) 
      Cumulative area ratio:   68.67
      Required ratio:    0.00 (Cumulative side area) 


  Pin:   _12003_/A1 (sky130_fd_sc_hd__mux2_1)
    Layer: mcon
      Partial area ratio:    0.23
      Required ratio:    3.00 (Gate area) 
      Cumulative area ratio:    0.23
      Required ratio:    0.00 (Cumulative area) 

    Layer: met1
      Partial area ratio:    5.14
      Required ratio:    0.00 (Gate area) 
      Cumulative area ratio:    5.14
      Required ratio:    0.00 (Cumulative area) 
      Partial area ratio:   24.22
      Required ratio:  400.00 (Side area) 
      Cumulative area ratio:   24.22
      Required ratio:    0.00 (Cumulative side area) 

    Layer: via
      Partial area ratio:    0.36
      Required ratio:    6.00 (Gate area) 
      Cumulative area ratio:    0.59
      Required ratio:    0.00 (Cumulative area) 

    Layer: met2
      Partial area ratio:    7.48
      Required ratio:    0.00 (Gate area) 
      Cumulative area ratio:   12.61
      Required ratio:    0.00 (Cumulative area) 
      Partial area ratio:   36.79
      Required ratio: 2778.20 (Side area) 
      Cumulative area ratio:   61.01
      Required ratio:    0.00 (Cumulative side area) 


  Pin:   _12687_/A1 (sky130_fd_sc_hd__mux2_1)
    Layer: mcon
      Partial area ratio:    0.23
      Required ratio:    3.00 (Gate area) 
      Cumulative area ratio:    0.23
      Required ratio:    0.00 (Cumulative area) 

    Layer: met1
      Partial area ratio:    3.38
      Required ratio:    0.00 (Gate area) 
      Cumulative area ratio:    3.38
      Required ratio:    0.00 (Cumulative area) 
      Partial area ratio:   15.47
      Required ratio:  400.00 (Side area) 
      Cumulative area ratio:   15.47
      Required ratio:    0.00 (Cumulative side area) 

    Layer: via
      Partial area ratio:    0.27
      Required ratio:    6.00 (Gate area) 
      Cumulative area ratio:    0.50
      Required ratio:    0.00 (Cumulative area) 

    Layer: met2
      Partial area ratio:    7.48
      Required ratio:    0.00 (Gate area) 
      Cumulative area ratio:   10.86
      Required ratio:    0.00 (Cumulative area) 
      Partial area ratio:   36.79
      Required ratio: 2778.20 (Side area) 
      Cumulative area ratio:   52.26
      Required ratio:    0.00 (Cumulative side area) 


  Pin:   _12723_/A1 (sky130_fd_sc_hd__mux2_1)
    Layer: mcon
      Partial area ratio:    0.23
      Required ratio:    3.00 (Gate area) 
      Cumulative area ratio:    0.23
      Required ratio:    0.00 (Cumulative area) 

    Layer: met1
      Partial area ratio:   14.09
      Required ratio:    0.00 (Gate area) 
      Cumulative area ratio:   14.09
      Required ratio:    0.00 (Cumulative area) 
      Partial area ratio:   68.83
      Required ratio:  400.00 (Side area) 
      Cumulative area ratio:   68.83
      Required ratio:    0.00 (Cumulative side area) 

    Layer: via
      Partial area ratio:    0.30
      Required ratio:    6.00 (Gate area) 
      Cumulative area ratio:    0.53
      Required ratio:    0.00 (Cumulative area) 

    Layer: met2
      Partial area ratio:    7.48
      Required ratio:    0.00 (Gate area) 
      Cumulative area ratio:   21.57
      Required ratio:    0.00 (Cumulative area) 
      Partial area ratio:   36.79
      Required ratio: 2778.20 (Side area) 
      Cumulative area ratio:  105.62
      Required ratio:    0.00 (Cumulative side area) 


  Pin:   _12759_/A1 (sky130_fd_sc_hd__mux2_1)
    Layer: mcon
      Partial area ratio:    0.23
      Required ratio:    3.00 (Gate area) 
      Cumulative area ratio:    0.23
      Required ratio:    0.00 (Cumulative area) 

    Layer: met1
      Partial area ratio:    3.38
      Required ratio:    0.00 (Gate area) 
      Cumulative area ratio:    3.38
      Required ratio:    0.00 (Cumulative area) 
      Partial area ratio:   15.47
      Required ratio:  400.00 (Side area) 
      Cumulative area ratio:   15.47
      Required ratio:    0.00 (Cumulative side area) 

    Layer: via
      Partial area ratio:    0.27
      Required ratio:    6.00 (Gate area) 
      Cumulative area ratio:    0.50
      Required ratio:    0.00 (Cumulative area) 

    Layer: met2
      Partial area ratio:    7.48
      Required ratio:    0.00 (Gate area) 
      Cumulative area ratio:   10.86
      Required ratio:    0.00 (Cumulative area) 
      Partial area ratio:   36.79
      Required ratio: 2778.20 (Side area) 
      Cumulative area ratio:   52.26
      Required ratio:    0.00 (Cumulative side area) 


  Pin:   _12795_/A0 (sky130_fd_sc_hd__mux2_1)
    Layer: mcon
      Partial area ratio:    0.23
      Required ratio:    3.00 (Gate area) 
      Cumulative area ratio:    0.23
      Required ratio:    0.00 (Cumulative area) 

    Layer: met1
      Partial area ratio:  153.09
      Required ratio:    0.00 (Gate area) 
      Cumulative area ratio:  153.09
      Required ratio:    0.00 (Cumulative area) 
      Partial area ratio:  761.41
      Required ratio:  400.00 (Side area) (VIOLATED)
      Cumulative area ratio:  761.41
      Required ratio:    0.00 (Cumulative side area) 

    Layer: via
      Partial area ratio:    0.89
      Required ratio:    6.00 (Gate area) 
      Cumulative area ratio:    1.12
      Required ratio:    0.00 (Cumulative area) 

    Layer: met2
      Partial area ratio:    7.48
      Required ratio:    0.00 (Gate area) 
      Cumulative area ratio:  160.57
      Required ratio:    0.00 (Cumulative area) 
      Partial area ratio:   36.79
      Required ratio: 2778.20 (Side area) 
      Cumulative area ratio:  798.20
      Required ratio:    0.00 (Cumulative side area) 


  Pin:   _12831_/A1 (sky130_fd_sc_hd__mux2_1)
    Layer: mcon
      Partial area ratio:    0.23
      Required ratio:    3.00 (Gate area) 
      Cumulative area ratio:    0.23
      Required ratio:    0.00 (Cumulative area) 

    Layer: met1
      Partial area ratio:    3.78
      Required ratio:    0.00 (Gate area) 
      Cumulative area ratio:    3.78
      Required ratio:    0.00 (Cumulative area) 
      Partial area ratio:   17.44
      Required ratio:  400.00 (Side area) 
      Cumulative area ratio:   17.44
      Required ratio:    0.00 (Cumulative side area) 

    Layer: via
      Partial area ratio:    0.27
      Required ratio:    6.00 (Gate area) 
      Cumulative area ratio:    0.50
      Required ratio:    0.00 (Cumulative area) 

    Layer: met2
      Partial area ratio:    7.48
      Required ratio:    0.00 (Gate area) 
      Cumulative area ratio:   11.25
      Required ratio:    0.00 (Cumulative area) 
      Partial area ratio:   36.79
      Required ratio: 2778.20 (Side area) 
      Cumulative area ratio:   54.23
      Required ratio:    0.00 (Cumulative side area) 


  Pin:   _12867_/A0 (sky130_fd_sc_hd__mux2_1)
    Layer: mcon
      Partial area ratio:    0.23
      Required ratio:    3.00 (Gate area) 
      Cumulative area ratio:    0.23
      Required ratio:    0.00 (Cumulative area) 

    Layer: met1
      Partial area ratio:   14.09
      Required ratio:    0.00 (Gate area) 
      Cumulative area ratio:   14.09
      Required ratio:    0.00 (Cumulative area) 
      Partial area ratio:   68.83
      Required ratio:  400.00 (Side area) 
      Cumulative area ratio:   68.83
      Required ratio:    0.00 (Cumulative side area) 

    Layer: via
      Partial area ratio:    0.30
      Required ratio:    6.00 (Gate area) 
      Cumulative area ratio:    0.53
      Required ratio:    0.00 (Cumulative area) 

    Layer: met2
      Partial area ratio:    7.48
      Required ratio:    0.00 (Gate area) 
      Cumulative area ratio:   21.57
      Required ratio:    0.00 (Cumulative area) 
      Partial area ratio:   36.79
      Required ratio: 2778.20 (Side area) 
      Cumulative area ratio:  105.62
      Required ratio:    0.00 (Cumulative side area) 


  Pin:   _12903_/A1 (sky130_fd_sc_hd__mux2_1)
    Layer: mcon
      Partial area ratio:    0.23
      Required ratio:    3.00 (Gate area) 
      Cumulative area ratio:    0.23
      Required ratio:    0.00 (Cumulative area) 

    Layer: met1
      Partial area ratio:   14.09
      Required ratio:    0.00 (Gate area) 
      Cumulative area ratio:   14.09
      Required ratio:    0.00 (Cumulative area) 
      Partial area ratio:   68.83
      Required ratio:  400.00 (Side area) 
      Cumulative area ratio:   68.83
      Required ratio:    0.00 (Cumulative side area) 

    Layer: via
      Partial area ratio:    0.30
      Required ratio:    6.00 (Gate area) 
      Cumulative area ratio:    0.53
      Required ratio:    0.00 (Cumulative area) 

    Layer: met2
      Partial area ratio:    7.48
      Required ratio:    0.00 (Gate area) 
      Cumulative area ratio:   21.57
      Required ratio:    0.00 (Cumulative area) 
      Partial area ratio:   36.79
      Required ratio: 2778.20 (Side area) 
      Cumulative area ratio:  105.62
      Required ratio:    0.00 (Cumulative side area) 


  Pin:   _12939_/A1 (sky130_fd_sc_hd__mux2_1)
    Layer: mcon
      Partial area ratio:    0.23
      Required ratio:    3.00 (Gate area) 
      Cumulative area ratio:    0.23
      Required ratio:    0.00 (Cumulative area) 

    Layer: met1
      Partial area ratio:    3.78
      Required ratio:    0.00 (Gate area) 
      Cumulative area ratio:    3.78
      Required ratio:    0.00 (Cumulative area) 
      Partial area ratio:   17.44
      Required ratio:  400.00 (Side area) 
      Cumulative area ratio:   17.44
      Required ratio:    0.00 (Cumulative side area) 

    Layer: via
      Partial area ratio:    0.27
      Required ratio:    6.00 (Gate area) 
      Cumulative area ratio:    0.50
      Required ratio:    0.00 (Cumulative area) 

    Layer: met2
      Partial area ratio:    7.48
      Required ratio:    0.00 (Gate area) 
      Cumulative area ratio:   11.25
      Required ratio:    0.00 (Cumulative area) 
      Partial area ratio:   36.79
      Required ratio: 2778.20 (Side area) 
      Cumulative area ratio:   54.23
      Required ratio:    0.00 (Cumulative side area) 


  Pin:   _13626_/A1 (sky130_fd_sc_hd__mux2_1)
    Layer: mcon
      Partial area ratio:    0.23
      Required ratio:    3.00 (Gate area) 
      Cumulative area ratio:    0.23
      Required ratio:    0.00 (Cumulative area) 

    Layer: met1
      Partial area ratio:   10.68
      Required ratio:    0.00 (Gate area) 
      Cumulative area ratio:   10.68
      Required ratio:    0.00 (Cumulative area) 
      Partial area ratio:   51.94
      Required ratio:  400.00 (Side area) 
      Cumulative area ratio:   51.94
      Required ratio:    0.00 (Cumulative side area) 

    Layer: via
      Partial area ratio:    0.27
      Required ratio:    6.00 (Gate area) 
      Cumulative area ratio:    0.50
      Required ratio:    0.00 (Cumulative area) 

    Layer: met2
      Partial area ratio:    7.48
      Required ratio:    0.00 (Gate area) 
      Cumulative area ratio:   18.15
      Required ratio:    0.00 (Cumulative area) 
      Partial area ratio:   36.79
      Required ratio: 2778.20 (Side area) 
      Cumulative area ratio:   88.73
      Required ratio:    0.00 (Cumulative side area) 


  Pin:   _13662_/A1 (sky130_fd_sc_hd__mux2_1)
    Layer: mcon
      Partial area ratio:    0.23
      Required ratio:    3.00 (Gate area) 
      Cumulative area ratio:    0.23
      Required ratio:    0.00 (Cumulative area) 

    Layer: met1
      Partial area ratio:   12.13
      Required ratio:    0.00 (Gate area) 
      Cumulative area ratio:   12.13
      Required ratio:    0.00 (Cumulative area) 
      Partial area ratio:   58.39
      Required ratio:  400.00 (Side area) 
      Cumulative area ratio:   58.39
      Required ratio:    0.00 (Cumulative side area) 

    Layer: via
      Partial area ratio:    0.30
      Required ratio:    6.00 (Gate area) 
      Cumulative area ratio:    0.53
      Required ratio:    0.00 (Cumulative area) 

    Layer: met2
      Partial area ratio:    7.48
      Required ratio:    0.00 (Gate area) 
      Cumulative area ratio:   19.61
      Required ratio:    0.00 (Cumulative area) 
      Partial area ratio:   36.79
      Required ratio: 2778.20 (Side area) 
      Cumulative area ratio:   95.18
      Required ratio:    0.00 (Cumulative side area) 


  Pin:   _13698_/A1 (sky130_fd_sc_hd__mux2_1)
    Layer: mcon
      Partial area ratio:    0.23
      Required ratio:    3.00 (Gate area) 
      Cumulative area ratio:    0.23
      Required ratio:    0.00 (Cumulative area) 

    Layer: met1
      Partial area ratio:   12.13
      Required ratio:    0.00 (Gate area) 
      Cumulative area ratio:   12.13
      Required ratio:    0.00 (Cumulative area) 
      Partial area ratio:   58.39
      Required ratio:  400.00 (Side area) 
      Cumulative area ratio:   58.39
      Required ratio:    0.00 (Cumulative side area) 

    Layer: via
      Partial area ratio:    0.30
      Required ratio:    6.00 (Gate area) 
      Cumulative area ratio:    0.53
      Required ratio:    0.00 (Cumulative area) 

    Layer: met2
      Partial area ratio:    7.48
      Required ratio:    0.00 (Gate area) 
      Cumulative area ratio:   19.61
      Required ratio:    0.00 (Cumulative area) 
      Partial area ratio:   36.79
      Required ratio: 2778.20 (Side area) 
      Cumulative area ratio:   95.18
      Required ratio:    0.00 (Cumulative side area) 


  Pin:   _13806_/A1 (sky130_fd_sc_hd__mux2_1)
    Layer: mcon
      Partial area ratio:    0.23
      Required ratio:    3.00 (Gate area) 
      Cumulative area ratio:    0.23
      Required ratio:    0.00 (Cumulative area) 

    Layer: met1
      Partial area ratio:   10.68
      Required ratio:    0.00 (Gate area) 
      Cumulative area ratio:   10.68
      Required ratio:    0.00 (Cumulative area) 
      Partial area ratio:   51.94
      Required ratio:  400.00 (Side area) 
      Cumulative area ratio:   51.94
      Required ratio:    0.00 (Cumulative side area) 

    Layer: via
      Partial area ratio:    0.27
      Required ratio:    6.00 (Gate area) 
      Cumulative area ratio:    0.50
      Required ratio:    0.00 (Cumulative area) 

    Layer: met2
      Partial area ratio:    7.48
      Required ratio:    0.00 (Gate area) 
      Cumulative area ratio:   18.15
      Required ratio:    0.00 (Cumulative area) 
      Partial area ratio:   36.79
      Required ratio: 2778.20 (Side area) 
      Cumulative area ratio:   88.73
      Required ratio:    0.00 (Cumulative side area) 


  Pin:   _13842_/A1 (sky130_fd_sc_hd__mux2_1)
    Layer: mcon
      Partial area ratio:    0.23
      Required ratio:    3.00 (Gate area) 
      Cumulative area ratio:    0.23
      Required ratio:    0.00 (Cumulative area) 

    Layer: met1
      Partial area ratio:   12.13
      Required ratio:    0.00 (Gate area) 
      Cumulative area ratio:   12.13
      Required ratio:    0.00 (Cumulative area) 
      Partial area ratio:   58.39
      Required ratio:  400.00 (Side area) 
      Cumulative area ratio:   58.39
      Required ratio:    0.00 (Cumulative side area) 

    Layer: via
      Partial area ratio:    0.30
      Required ratio:    6.00 (Gate area) 
      Cumulative area ratio:    0.53
      Required ratio:    0.00 (Cumulative area) 

    Layer: met2
      Partial area ratio:    7.48
      Required ratio:    0.00 (Gate area) 
      Cumulative area ratio:   19.61
      Required ratio:    0.00 (Cumulative area) 
      Partial area ratio:   36.79
      Required ratio: 2778.20 (Side area) 
      Cumulative area ratio:   95.18
      Required ratio:    0.00 (Cumulative side area) 


  Pin:   _13878_/A1 (sky130_fd_sc_hd__mux2_1)
    Layer: mcon
      Partial area ratio:    0.23
      Required ratio:    3.00 (Gate area) 
      Cumulative area ratio:    0.23
      Required ratio:    0.00 (Cumulative area) 

    Layer: met1
      Partial area ratio:    6.59
      Required ratio:    0.00 (Gate area) 
      Cumulative area ratio:    6.59
      Required ratio:    0.00 (Cumulative area) 
      Partial area ratio:   31.50
      Required ratio:  400.00 (Side area) 
      Cumulative area ratio:   31.50
      Required ratio:    0.00 (Cumulative side area) 

    Layer: via
      Partial area ratio:    0.36
      Required ratio:    6.00 (Gate area) 
      Cumulative area ratio:    0.59
      Required ratio:    0.00 (Cumulative area) 

    Layer: met2
      Partial area ratio:    7.48
      Required ratio:    0.00 (Gate area) 
      Cumulative area ratio:   14.07
      Required ratio:    0.00 (Cumulative area) 
      Partial area ratio:   36.79
      Required ratio: 2778.20 (Side area) 
      Cumulative area ratio:   68.29
      Required ratio:    0.00 (Cumulative side area) 


  Pin:   _14022_/A1 (sky130_fd_sc_hd__mux2_1)
    Layer: mcon
      Partial area ratio:    0.23
      Required ratio:    3.00 (Gate area) 
      Cumulative area ratio:    0.23
      Required ratio:    0.00 (Cumulative area) 

    Layer: met1
      Partial area ratio:    5.71
      Required ratio:    0.00 (Gate area) 
      Cumulative area ratio:    5.71
      Required ratio:    0.00 (Cumulative area) 
      Partial area ratio:   27.06
      Required ratio:  400.00 (Side area) 
      Cumulative area ratio:   27.06
      Required ratio:    0.00 (Cumulative side area) 

    Layer: via
      Partial area ratio:    0.36
      Required ratio:    6.00 (Gate area) 
      Cumulative area ratio:    0.59
      Required ratio:    0.00 (Cumulative area) 

    Layer: met2
      Partial area ratio:    7.48
      Required ratio:    0.00 (Gate area) 
      Cumulative area ratio:   13.18
      Required ratio:    0.00 (Cumulative area) 
      Partial area ratio:   36.79
      Required ratio: 2778.20 (Side area) 
      Cumulative area ratio:   63.85
      Required ratio:    0.00 (Cumulative side area) 



Net: net1137
  Pin:   _08727_/A1 (sky130_fd_sc_hd__a22oi_2)
    Layer: mcon
      Partial area ratio:    0.06
      Required ratio:    3.00 (Gate area) 
      Cumulative area ratio:    0.06
      Required ratio:    0.00 (Cumulative area) 

    Layer: met1
      Partial area ratio:    1.07
      Required ratio:    0.00 (Gate area) 
      Cumulative area ratio:    1.07
      Required ratio:    0.00 (Cumulative area) 
      Partial area ratio:    4.88
      Required ratio:  400.00 (Side area) 
      Cumulative area ratio:    4.88
      Required ratio:    0.00 (Cumulative side area) 

    Layer: via
      Partial area ratio:    0.09
      Required ratio:    6.00 (Gate area) 
      Cumulative area ratio:    0.15
      Required ratio:    0.00 (Cumulative area) 

    Layer: met2
      Partial area ratio:    6.54
      Required ratio:    0.00 (Gate area) 
      Cumulative area ratio:    7.60
      Required ratio:    0.00 (Cumulative area) 
      Partial area ratio:   32.30
      Required ratio: 2778.20 (Side area) 
      Cumulative area ratio:   37.18
      Required ratio:    0.00 (Cumulative side area) 


  Pin:   _08960_/B2 (sky130_fd_sc_hd__a2bb2o_2)
    Layer: mcon
      Partial area ratio:    0.18
      Required ratio:    3.00 (Gate area) 
      Cumulative area ratio:    0.18
      Required ratio:    0.00 (Cumulative area) 

    Layer: met1
      Partial area ratio:  106.40
      Required ratio:    0.00 (Gate area) 
      Cumulative area ratio:  106.40
      Required ratio:    0.00 (Cumulative area) 
      Partial area ratio:  530.17
      Required ratio:  400.00 (Side area) (VIOLATED)
      Cumulative area ratio:  530.17
      Required ratio:    0.00 (Cumulative side area) 

    Layer: via
      Partial area ratio:    0.42
      Required ratio:    6.00 (Gate area) 
      Cumulative area ratio:    0.61
      Required ratio:    0.00 (Cumulative area) 

    Layer: met2
      Partial area ratio:    6.54
      Required ratio:    0.00 (Gate area) 
      Cumulative area ratio:  112.94
      Required ratio:    0.00 (Cumulative area) 
      Partial area ratio:   32.30
      Required ratio: 2778.20 (Side area) 
      Cumulative area ratio:  562.47
      Required ratio:    0.00 (Cumulative side area) 


  Pin:   _11081_/C (sky130_fd_sc_hd__nor3_4)
    Layer: mcon
      Partial area ratio:    0.03
      Required ratio:    3.00 (Gate area) 
      Cumulative area ratio:    0.03
      Required ratio:    0.00 (Cumulative area) 

    Layer: met1
      Partial area ratio:    1.87
      Required ratio:    0.00 (Gate area) 
      Cumulative area ratio:    1.87
      Required ratio:    0.00 (Cumulative area) 
      Partial area ratio:    9.06
      Required ratio:  400.00 (Side area) 
      Cumulative area ratio:    9.06
      Required ratio:    0.00 (Cumulative side area) 

    Layer: via
      Partial area ratio:    0.06
      Required ratio:    6.00 (Gate area) 
      Cumulative area ratio:    0.09
      Required ratio:    0.00 (Cumulative area) 

    Layer: met2
      Partial area ratio:    6.54
      Required ratio:    0.00 (Gate area) 
      Cumulative area ratio:    8.40
      Required ratio:    0.00 (Cumulative area) 
      Partial area ratio:   32.30
      Required ratio: 2778.20 (Side area) 
      Cumulative area ratio:   41.36
      Required ratio:    0.00 (Cumulative side area) 


  Pin:   _11082_/C (sky130_fd_sc_hd__or3_2)
    Layer: mcon
      Partial area ratio:    0.23
      Required ratio:    3.00 (Gate area) 
      Cumulative area ratio:    0.23
      Required ratio:    0.00 (Cumulative area) 

    Layer: met1
      Partial area ratio:    7.62
      Required ratio:    0.00 (Gate area) 
      Cumulative area ratio:    7.62
      Required ratio:    0.00 (Cumulative area) 
      Partial area ratio:   36.65
      Required ratio:  400.00 (Side area) 
      Cumulative area ratio:   36.65
      Required ratio:    0.00 (Cumulative side area) 

    Layer: via
      Partial area ratio:    0.27
      Required ratio:    6.00 (Gate area) 
      Cumulative area ratio:    0.50
      Required ratio:    0.00 (Cumulative area) 

    Layer: met2
      Partial area ratio:    6.54
      Required ratio:    0.00 (Gate area) 
      Cumulative area ratio:   14.15
      Required ratio:    0.00 (Cumulative area) 
      Partial area ratio:   32.30
      Required ratio: 2778.20 (Side area) 
      Cumulative area ratio:   68.95
      Required ratio:    0.00 (Cumulative side area) 


  Pin:   _11283_/A3 (sky130_fd_sc_hd__a32oi_2)
    Layer: mcon
      Partial area ratio:    0.06
      Required ratio:    3.00 (Gate area) 
      Cumulative area ratio:    0.06
      Required ratio:    0.00 (Cumulative area) 

    Layer: met1
      Partial area ratio:    1.87
      Required ratio:    0.00 (Gate area) 
      Cumulative area ratio:    1.87
      Required ratio:    0.00 (Cumulative area) 
      Partial area ratio:    9.06
      Required ratio:  400.00 (Side area) 
      Cumulative area ratio:    9.06
      Required ratio:    0.00 (Cumulative side area) 

    Layer: via
      Partial area ratio:    0.06
      Required ratio:    6.00 (Gate area) 
      Cumulative area ratio:    0.12
      Required ratio:    0.00 (Cumulative area) 

    Layer: met2
      Partial area ratio:    6.54
      Required ratio:    0.00 (Gate area) 
      Cumulative area ratio:    8.40
      Required ratio:    0.00 (Cumulative area) 
      Partial area ratio:   32.30
      Required ratio: 2778.20 (Side area) 
      Cumulative area ratio:   41.36
      Required ratio:    0.00 (Cumulative side area) 


  Pin:   _11347_/A3 (sky130_fd_sc_hd__a31oi_2)
    Layer: mcon
      Partial area ratio:    0.06
      Required ratio:    3.00 (Gate area) 
      Cumulative area ratio:    0.06
      Required ratio:    0.00 (Cumulative area) 

    Layer: met1
      Partial area ratio:    1.36
      Required ratio:    0.00 (Gate area) 
      Cumulative area ratio:    1.36
      Required ratio:    0.00 (Cumulative area) 
      Partial area ratio:    6.43
      Required ratio:  400.00 (Side area) 
      Cumulative area ratio:    6.43
      Required ratio:    0.00 (Cumulative side area) 

    Layer: via
      Partial area ratio:    0.09
      Required ratio:    6.00 (Gate area) 
      Cumulative area ratio:    0.15
      Required ratio:    0.00 (Cumulative area) 

    Layer: met2
      Partial area ratio:    6.54
      Required ratio:    0.00 (Gate area) 
      Cumulative area ratio:    7.90
      Required ratio:    0.00 (Cumulative area) 
      Partial area ratio:   32.30
      Required ratio: 2778.20 (Side area) 
      Cumulative area ratio:   38.73
      Required ratio:    0.00 (Cumulative side area) 


  Pin:   _14498_/A3 (sky130_fd_sc_hd__o32a_2)
    Layer: mcon
      Partial area ratio:    0.12
      Required ratio:    3.00 (Gate area) 
      Cumulative area ratio:    0.12
      Required ratio:    0.00 (Cumulative area) 

    Layer: met1
      Partial area ratio:    4.55
      Required ratio:    0.00 (Gate area) 
      Cumulative area ratio:    4.55
      Required ratio:    0.00 (Cumulative area) 
      Partial area ratio:   21.75
      Required ratio:  400.00 (Side area) 
      Cumulative area ratio:   21.75
      Required ratio:    0.00 (Cumulative side area) 

    Layer: via
      Partial area ratio:    0.18
      Required ratio:    6.00 (Gate area) 
      Cumulative area ratio:    0.30
      Required ratio:    0.00 (Cumulative area) 

    Layer: met2
      Partial area ratio:    6.54
      Required ratio:    0.00 (Gate area) 
      Cumulative area ratio:   11.09
      Required ratio:    0.00 (Cumulative area) 
      Partial area ratio:   32.30
      Required ratio: 2778.20 (Side area) 
      Cumulative area ratio:   54.05
      Required ratio:    0.00 (Cumulative side area) 


  Pin:   _14519_/A_N (sky130_fd_sc_hd__and4bb_2)
    Layer: mcon
      Partial area ratio:    0.23
      Required ratio:    3.00 (Gate area) 
      Cumulative area ratio:    0.23
      Required ratio:    0.00 (Cumulative area) 

    Layer: met1
      Partial area ratio:   20.87
      Required ratio:    0.00 (Gate area) 
      Cumulative area ratio:   20.87
      Required ratio:    0.00 (Cumulative area) 
      Partial area ratio:  102.00
      Required ratio:  400.00 (Side area) 
      Cumulative area ratio:  102.00
      Required ratio:    0.00 (Cumulative side area) 

    Layer: via
      Partial area ratio:    0.54
      Required ratio:    6.00 (Gate area) 
      Cumulative area ratio:    0.77
      Required ratio:    0.00 (Cumulative area) 

    Layer: met2
      Partial area ratio:    6.54
      Required ratio:    0.00 (Gate area) 
      Cumulative area ratio:   27.40
      Required ratio:    0.00 (Cumulative area) 
      Partial area ratio:   32.30
      Required ratio: 2778.20 (Side area) 
      Cumulative area ratio:  134.30
      Required ratio:    0.00 (Cumulative side area) 


  Pin:   _14636_/A3 (sky130_fd_sc_hd__o32a_2)
    Layer: mcon
      Partial area ratio:    0.12
      Required ratio:    3.00 (Gate area) 
      Cumulative area ratio:    0.12
      Required ratio:    0.00 (Cumulative area) 

    Layer: met1
      Partial area ratio:    2.20
      Required ratio:    0.00 (Gate area) 
      Cumulative area ratio:    2.20
      Required ratio:    0.00 (Cumulative area) 
      Partial area ratio:   10.25
      Required ratio:  400.00 (Side area) 
      Cumulative area ratio:   10.25
      Required ratio:    0.00 (Cumulative side area) 

    Layer: via
      Partial area ratio:    0.18
      Required ratio:    6.00 (Gate area) 
      Cumulative area ratio:    0.30
      Required ratio:    0.00 (Cumulative area) 

    Layer: met2
      Partial area ratio:    6.54
      Required ratio:    0.00 (Gate area) 
      Cumulative area ratio:    8.74
      Required ratio:    0.00 (Cumulative area) 
      Partial area ratio:   32.30
      Required ratio: 2778.20 (Side area) 
      Cumulative area ratio:   42.55
      Required ratio:    0.00 (Cumulative side area) 


  Pin:   _14688_/C (sky130_fd_sc_hd__or4_2)
    Layer: mcon
      Partial area ratio:    0.23
      Required ratio:    3.00 (Gate area) 
      Cumulative area ratio:    0.23
      Required ratio:    0.00 (Cumulative area) 

    Layer: met1
      Partial area ratio:    7.62
      Required ratio:    0.00 (Gate area) 
      Cumulative area ratio:    7.62
      Required ratio:    0.00 (Cumulative area) 
      Partial area ratio:   36.65
      Required ratio:  400.00 (Side area) 
      Cumulative area ratio:   36.65
      Required ratio:    0.00 (Cumulative side area) 

    Layer: via
      Partial area ratio:    0.27
      Required ratio:    6.00 (Gate area) 
      Cumulative area ratio:    0.50
      Required ratio:    0.00 (Cumulative area) 

    Layer: met2
      Partial area ratio:    6.54
      Required ratio:    0.00 (Gate area) 
      Cumulative area ratio:   14.15
      Required ratio:    0.00 (Cumulative area) 
      Partial area ratio:   32.30
      Required ratio: 2778.20 (Side area) 
      Cumulative area ratio:   68.95
      Required ratio:    0.00 (Cumulative side area) 



Net: net1185
  Pin:   _10901_/B1 (sky130_fd_sc_hd__o2bb2ai_2)
    Layer: mcon
      Partial area ratio:    0.06
      Required ratio:    3.00 (Gate area) 
      Cumulative area ratio:    0.06
      Required ratio:    0.00 (Cumulative area) 

    Layer: met1
      Partial area ratio:    1.61
      Required ratio:    0.00 (Gate area) 
      Cumulative area ratio:    1.61
      Required ratio:    0.00 (Cumulative area) 
      Partial area ratio:    7.66
      Required ratio:  400.00 (Side area) 
      Cumulative area ratio:    7.66
      Required ratio:    0.00 (Cumulative side area) 

    Layer: via
      Partial area ratio:    0.09
      Required ratio:    6.00 (Gate area) 
      Cumulative area ratio:    0.15
      Required ratio:    0.00 (Cumulative area) 

    Layer: met2
      Partial area ratio:    6.30
      Required ratio:    0.00 (Gate area) 
      Cumulative area ratio:    7.91
      Required ratio:    0.00 (Cumulative area) 
      Partial area ratio:   31.15
      Required ratio:  400.00 (Side area) 
      Cumulative area ratio:   38.81
      Required ratio:    0.00 (Cumulative side area) 

    Layer: via2
      Partial area ratio:    0.08
      Required ratio:    6.00 (Gate area) 
      Cumulative area ratio:    0.23
      Required ratio:    0.00 (Cumulative area) 

    Layer: met3
      Partial area ratio:  113.16
      Required ratio:    0.00 (Gate area) 
      Cumulative area ratio:  121.07
      Required ratio:    0.00 (Cumulative area) 
      Partial area ratio:  604.46
      Required ratio:  400.00 (Side area) (VIOLATED)
      Cumulative area ratio:  643.27
      Required ratio:    0.00 (Cumulative side area) 

    Layer: via3
      Partial area ratio:    0.08
      Required ratio:    6.00 (Gate area) 
      Cumulative area ratio:    0.31
      Required ratio:    0.00 (Cumulative area) 

    Layer: met4
      Partial area ratio:    8.60
      Required ratio:    0.00 (Gate area) 
      Cumulative area ratio:  129.67
      Required ratio:    0.00 (Cumulative area) 
      Partial area ratio:   46.84
      Required ratio: 2778.20 (Side area) 
      Cumulative area ratio:  690.11
      Required ratio:    0.00 (Cumulative side area) 



Net: net1184
  Pin:   _10842_/B1 (sky130_fd_sc_hd__o2bb2ai_2)
    Layer: mcon
      Partial area ratio:    0.06
      Required ratio:    3.00 (Gate area) 
      Cumulative area ratio:    0.06
      Required ratio:    0.00 (Cumulative area) 

    Layer: met1
      Partial area ratio:   14.43
      Required ratio:    0.00 (Gate area) 
      Cumulative area ratio:   14.43
      Required ratio:    0.00 (Cumulative area) 
      Partial area ratio:   71.78
      Required ratio:  400.00 (Side area) 
      Cumulative area ratio:   71.78
      Required ratio:    0.00 (Cumulative side area) 

    Layer: via
      Partial area ratio:    0.09
      Required ratio:    6.00 (Gate area) 
      Cumulative area ratio:    0.15
      Required ratio:    0.00 (Cumulative area) 

    Layer: met2
      Partial area ratio:    2.40
      Required ratio:    0.00 (Gate area) 
      Cumulative area ratio:   16.83
      Required ratio:    0.00 (Cumulative area) 
      Partial area ratio:   11.63
      Required ratio:  400.00 (Side area) 
      Cumulative area ratio:   83.41
      Required ratio:    0.00 (Cumulative side area) 

    Layer: via2
      Partial area ratio:    0.08
      Required ratio:    6.00 (Gate area) 
      Cumulative area ratio:    0.23
      Required ratio:    0.00 (Cumulative area) 

    Layer: met3
      Partial area ratio:  100.61
      Required ratio:    0.00 (Gate area) 
      Cumulative area ratio:  117.44
      Required ratio:    0.00 (Cumulative area) 
      Partial area ratio:  537.55
      Required ratio:  400.00 (Side area) (VIOLATED)
      Cumulative area ratio:  620.96
      Required ratio:    0.00 (Cumulative side area) 

    Layer: via3
      Partial area ratio:    0.08
      Required ratio:    6.00 (Gate area) 
      Cumulative area ratio:    0.31
      Required ratio:    0.00 (Cumulative area) 

    Layer: met4
      Partial area ratio:   46.24
      Required ratio:    0.00 (Gate area) 
      Cumulative area ratio:  163.68
      Required ratio:    0.00 (Cumulative area) 
      Partial area ratio:  247.56
      Required ratio: 2778.20 (Side area) 
      Cumulative area ratio:  868.53
      Required ratio:    0.00 (Cumulative side area) 



Net: net1183
  Pin:   _10704_/A2 (sky130_fd_sc_hd__o21ai_2)
    Layer: mcon
      Partial area ratio:    0.06
      Required ratio:    3.00 (Gate area) 
      Cumulative area ratio:    0.06
      Required ratio:    0.00 (Cumulative area) 

    Layer: met1
      Partial area ratio:    1.47
      Required ratio:    0.00 (Gate area) 
      Cumulative area ratio:    1.47
      Required ratio:    0.00 (Cumulative area) 
      Partial area ratio:    7.00
      Required ratio:  400.00 (Side area) 
      Cumulative area ratio:    7.00
      Required ratio:    0.00 (Cumulative side area) 

    Layer: via
      Partial area ratio:    0.09
      Required ratio:    6.00 (Gate area) 
      Cumulative area ratio:    0.15
      Required ratio:    0.00 (Cumulative area) 

    Layer: met2
      Partial area ratio:    2.57
      Required ratio:    0.00 (Gate area) 
      Cumulative area ratio:    4.04
      Required ratio:    0.00 (Cumulative area) 
      Partial area ratio:   12.45
      Required ratio: 2778.20 (Side area) 
      Cumulative area ratio:   19.45
      Required ratio:    0.00 (Cumulative side area) 

    Layer: via2
      Partial area ratio:    0.08
      Required ratio:   22.04 (Gate area) 
      Cumulative area ratio:    0.23
      Required ratio:    0.00 (Cumulative area) 

    Layer: met3
      Partial area ratio:    0.25
      Required ratio:    0.00 (Gate area) 
      Cumulative area ratio:    4.29
      Required ratio:    0.00 (Cumulative area) 
      Partial area ratio:    2.29
      Required ratio: 2778.20 (Side area) 
      Cumulative area ratio:   21.75
      Required ratio:    0.00 (Cumulative side area) 

    Layer: via3
      Partial area ratio:    0.08
      Required ratio:   22.04 (Gate area) 
      Cumulative area ratio:    0.31
      Required ratio:    0.00 (Cumulative area) 

    Layer: met4
      Partial area ratio:    8.48
      Required ratio:    0.00 (Gate area) 
      Cumulative area ratio:   12.78
      Required ratio:    0.00 (Cumulative area) 
      Partial area ratio:   45.72
      Required ratio: 2778.20 (Side area) 
      Cumulative area ratio:   67.47
      Required ratio:    0.00 (Cumulative side area) 


  Pin:   _10909_/B1 (sky130_fd_sc_hd__o2bb2ai_2)
    Layer: mcon
      Partial area ratio:    0.06
      Required ratio:    3.00 (Gate area) 
      Cumulative area ratio:    0.06
      Required ratio:    0.00 (Cumulative area) 

    Layer: met1
      Partial area ratio:    2.13
      Required ratio:    0.00 (Gate area) 
      Cumulative area ratio:    2.13
      Required ratio:    0.00 (Cumulative area) 
      Partial area ratio:   10.29
      Required ratio:  400.00 (Side area) 
      Cumulative area ratio:   10.29
      Required ratio:    0.00 (Cumulative side area) 

    Layer: via
      Partial area ratio:    0.09
      Required ratio:    6.00 (Gate area) 
      Cumulative area ratio:    0.15
      Required ratio:    0.00 (Cumulative area) 

    Layer: met2
      Partial area ratio:    0.38
      Required ratio:    0.00 (Gate area) 
      Cumulative area ratio:    2.51
      Required ratio:    0.00 (Cumulative area) 
      Partial area ratio:    1.74
      Required ratio:  400.00 (Side area) 
      Cumulative area ratio:   12.03
      Required ratio:    0.00 (Cumulative side area) 

    Layer: via2
      Partial area ratio:    0.08
      Required ratio:    6.00 (Gate area) 
      Cumulative area ratio:    0.23
      Required ratio:    0.00 (Cumulative area) 

    Layer: met3
      Partial area ratio:  125.71
      Required ratio:    0.00 (Gate area) 
      Cumulative area ratio:  128.22
      Required ratio:    0.00 (Cumulative area) 
      Partial area ratio:  671.37
      Required ratio:  400.00 (Side area) (VIOLATED)
      Cumulative area ratio:  683.40
      Required ratio:    0.00 (Cumulative side area) 

    Layer: via3
      Partial area ratio:    0.08
      Required ratio:    6.00 (Gate area) 
      Cumulative area ratio:    0.31
      Required ratio:    0.00 (Cumulative area) 

    Layer: met4
      Partial area ratio:    8.48
      Required ratio:    0.00 (Gate area) 
      Cumulative area ratio:  136.70
      Required ratio:    0.00 (Cumulative area) 
      Partial area ratio:   45.72
      Required ratio: 2778.20 (Side area) 
      Cumulative area ratio:  729.13
      Required ratio:    0.00 (Cumulative side area) 



Net: net912
  Pin:   _09596_/B1 (sky130_fd_sc_hd__o31a_2)
    Layer: mcon
      Partial area ratio:    0.12
      Required ratio:    3.00 (Gate area) 
      Cumulative area ratio:    0.12
      Required ratio:    0.00 (Cumulative area) 

    Layer: met1
      Partial area ratio:   12.96
      Required ratio:    0.00 (Gate area) 
      Cumulative area ratio:   12.96
      Required ratio:    0.00 (Cumulative area) 
      Partial area ratio:   64.07
      Required ratio:  400.00 (Side area) 
      Cumulative area ratio:   64.07
      Required ratio:    0.00 (Cumulative side area) 

    Layer: via
      Partial area ratio:    0.18
      Required ratio:    6.00 (Gate area) 
      Cumulative area ratio:    0.30
      Required ratio:    0.00 (Cumulative area) 

    Layer: met2
      Partial area ratio:   10.55
      Required ratio:    0.00 (Gate area) 
      Cumulative area ratio:   23.52
      Required ratio:    0.00 (Cumulative area) 
      Partial area ratio:   52.01
      Required ratio:  400.00 (Side area) 
      Cumulative area ratio:  116.09
      Required ratio:    0.00 (Cumulative side area) 

    Layer: via2
      Partial area ratio:    0.10
      Required ratio:    6.00 (Gate area) 
      Cumulative area ratio:    0.40
      Required ratio:    0.00 (Cumulative area) 

    Layer: met3
      Partial area ratio:   24.42
      Required ratio:    0.00 (Gate area) 
      Cumulative area ratio:   47.94
      Required ratio:    0.00 (Cumulative area) 
      Partial area ratio:  131.17
      Required ratio:  400.00 (Side area) 
      Cumulative area ratio:  247.26
      Required ratio:    0.00 (Cumulative side area) 

    Layer: via3
      Partial area ratio:    0.04
      Required ratio:    6.00 (Gate area) 
      Cumulative area ratio:    0.44
      Required ratio:    0.00 (Cumulative area) 

    Layer: met4
      Partial area ratio:    5.18
      Required ratio:    0.00 (Gate area) 
      Cumulative area ratio:   53.12
      Required ratio:    0.00 (Cumulative area) 
      Partial area ratio:   27.89
      Required ratio: 2956.40 (Side area) 
      Cumulative area ratio:  275.15
      Required ratio:    0.00 (Cumulative side area) 


  Pin:   _09804_/A2 (sky130_fd_sc_hd__a221o_2)
    Layer: mcon
      Partial area ratio:    0.12
      Required ratio:    3.00 (Gate area) 
      Cumulative area ratio:    0.12
      Required ratio:    0.00 (Cumulative area) 

    Layer: met1
      Partial area ratio:    1.26
      Required ratio:    0.00 (Gate area) 
      Cumulative area ratio:    1.26
      Required ratio:    0.00 (Cumulative area) 
      Partial area ratio:    5.68
      Required ratio:  400.00 (Side area) 
      Cumulative area ratio:    5.68
      Required ratio:    0.00 (Cumulative side area) 

    Layer: via
      Partial area ratio:    0.18
      Required ratio:    6.00 (Gate area) 
      Cumulative area ratio:    0.30
      Required ratio:    0.00 (Cumulative area) 

    Layer: met2
      Partial area ratio:    4.80
      Required ratio:    0.00 (Gate area) 
      Cumulative area ratio:    6.06
      Required ratio:    0.00 (Cumulative area) 
      Partial area ratio:   23.26
      Required ratio:  400.00 (Side area) 
      Cumulative area ratio:   28.94
      Required ratio:    0.00 (Cumulative side area) 

    Layer: via2
      Partial area ratio:    0.16
      Required ratio:    6.00 (Gate area) 
      Cumulative area ratio:    0.46
      Required ratio:    0.00 (Cumulative area) 

    Layer: met3
      Partial area ratio:   24.42
      Required ratio:    0.00 (Gate area) 
      Cumulative area ratio:   30.48
      Required ratio:    0.00 (Cumulative area) 
      Partial area ratio:  131.17
      Required ratio:  400.00 (Side area) 
      Cumulative area ratio:  160.11
      Required ratio:    0.00 (Cumulative side area) 

    Layer: via3
      Partial area ratio:    0.04
      Required ratio:    6.00 (Gate area) 
      Cumulative area ratio:    0.50
      Required ratio:    0.00 (Cumulative area) 

    Layer: met4
      Partial area ratio:    5.18
      Required ratio:    0.00 (Gate area) 
      Cumulative area ratio:   35.66
      Required ratio:    0.00 (Cumulative area) 
      Partial area ratio:   27.89
      Required ratio: 2956.40 (Side area) 
      Cumulative area ratio:  188.00
      Required ratio:    0.00 (Cumulative side area) 


  Pin:   _10180_/B1 (sky130_fd_sc_hd__o31a_2)
    Layer: mcon
      Partial area ratio:    0.12
      Required ratio:    3.00 (Gate area) 
      Cumulative area ratio:    0.12
      Required ratio:    0.00 (Cumulative area) 

    Layer: met1
      Partial area ratio:    1.59
      Required ratio:    0.00 (Gate area) 
      Cumulative area ratio:    1.59
      Required ratio:    0.00 (Cumulative area) 
      Partial area ratio:    7.21
      Required ratio:  400.00 (Side area) 
      Cumulative area ratio:    7.21
      Required ratio:    0.00 (Cumulative side area) 

    Layer: via
      Partial area ratio:    0.18
      Required ratio:    6.00 (Gate area) 
      Cumulative area ratio:    0.30
      Required ratio:    0.00 (Cumulative area) 

    Layer: met2
      Partial area ratio:   11.84
      Required ratio:    0.00 (Gate area) 
      Cumulative area ratio:   13.43
      Required ratio:    0.00 (Cumulative area) 
      Partial area ratio:   58.79
      Required ratio: 2956.40 (Side area) 
      Cumulative area ratio:   66.00
      Required ratio:    0.00 (Cumulative side area) 

    Layer: via2
      Partial area ratio:    0.03
      Required ratio:   38.08 (Gate area) 
      Cumulative area ratio:    0.33
      Required ratio:    0.00 (Cumulative area) 

    Layer: met3
      Partial area ratio:    0.11
      Required ratio:    0.00 (Gate area) 
      Cumulative area ratio:   13.54
      Required ratio:    0.00 (Cumulative area) 
      Partial area ratio:    0.96
      Required ratio: 2956.40 (Side area) 
      Cumulative area ratio:   66.96
      Required ratio:    0.00 (Cumulative side area) 

    Layer: via3
      Partial area ratio:    0.03
      Required ratio:   38.08 (Gate area) 
      Cumulative area ratio:    0.37
      Required ratio:    0.00 (Cumulative area) 

    Layer: met4
      Partial area ratio:    5.18
      Required ratio:    0.00 (Gate area) 
      Cumulative area ratio:   18.72
      Required ratio:    0.00 (Cumulative area) 
      Partial area ratio:   27.89
      Required ratio: 2956.40 (Side area) 
      Cumulative area ratio:   94.85
      Required ratio:    0.00 (Cumulative side area) 


  Pin:   _10239_/B1 (sky130_fd_sc_hd__o31a_2)
    Layer: mcon
      Partial area ratio:    0.12
      Required ratio:    3.00 (Gate area) 
      Cumulative area ratio:    0.12
      Required ratio:    0.00 (Cumulative area) 

    Layer: met1
      Partial area ratio:   14.32
      Required ratio:    0.00 (Gate area) 
      Cumulative area ratio:   14.32
      Required ratio:    0.00 (Cumulative area) 
      Partial area ratio:   70.37
      Required ratio:  400.00 (Side area) 
      Cumulative area ratio:   70.37
      Required ratio:    0.00 (Cumulative side area) 

    Layer: via
      Partial area ratio:    0.25
      Required ratio:    6.00 (Gate area) 
      Cumulative area ratio:    0.36
      Required ratio:    0.00 (Cumulative area) 

    Layer: met2
      Partial area ratio:   11.84
      Required ratio:    0.00 (Gate area) 
      Cumulative area ratio:   26.15
      Required ratio:    0.00 (Cumulative area) 
      Partial area ratio:   58.79
      Required ratio: 2956.40 (Side area) 
      Cumulative area ratio:  129.15
      Required ratio:    0.00 (Cumulative side area) 

    Layer: via2
      Partial area ratio:    0.03
      Required ratio:   38.08 (Gate area) 
      Cumulative area ratio:    0.40
      Required ratio:    0.00 (Cumulative area) 

    Layer: met3
      Partial area ratio:    0.11
      Required ratio:    0.00 (Gate area) 
      Cumulative area ratio:   26.26
      Required ratio:    0.00 (Cumulative area) 
      Partial area ratio:    0.96
      Required ratio: 2956.40 (Side area) 
      Cumulative area ratio:  130.11
      Required ratio:    0.00 (Cumulative side area) 

    Layer: via3
      Partial area ratio:    0.03
      Required ratio:   38.08 (Gate area) 
      Cumulative area ratio:    0.43
      Required ratio:    0.00 (Cumulative area) 

    Layer: met4
      Partial area ratio:    5.18
      Required ratio:    0.00 (Gate area) 
      Cumulative area ratio:   31.44
      Required ratio:    0.00 (Cumulative area) 
      Partial area ratio:   27.89
      Required ratio: 2956.40 (Side area) 
      Cumulative area ratio:  158.00
      Required ratio:    0.00 (Cumulative side area) 


  Pin:   _10259_/A2 (sky130_fd_sc_hd__a221o_2)
    Layer: mcon
      Partial area ratio:    0.12
      Required ratio:    3.00 (Gate area) 
      Cumulative area ratio:    0.12
      Required ratio:    0.00 (Cumulative area) 

    Layer: met1
      Partial area ratio:   16.02
      Required ratio:    0.00 (Gate area) 
      Cumulative area ratio:   16.02
      Required ratio:    0.00 (Cumulative area) 
      Partial area ratio:   78.95
      Required ratio:  400.00 (Side area) 
      Cumulative area ratio:   78.95
      Required ratio:    0.00 (Cumulative side area) 

    Layer: via
      Partial area ratio:    0.23
      Required ratio:    6.00 (Gate area) 
      Cumulative area ratio:    0.34
      Required ratio:    0.00 (Cumulative area) 

    Layer: met2
      Partial area ratio:   11.84
      Required ratio:    0.00 (Gate area) 
      Cumulative area ratio:   27.86
      Required ratio:    0.00 (Cumulative area) 
      Partial area ratio:   58.79
      Required ratio: 2956.40 (Side area) 
      Cumulative area ratio:  137.74
      Required ratio:    0.00 (Cumulative side area) 

    Layer: via2
      Partial area ratio:    0.03
      Required ratio:   38.08 (Gate area) 
      Cumulative area ratio:    0.38
      Required ratio:    0.00 (Cumulative area) 

    Layer: met3
      Partial area ratio:    0.11
      Required ratio:    0.00 (Gate area) 
      Cumulative area ratio:   27.97
      Required ratio:    0.00 (Cumulative area) 
      Partial area ratio:    0.96
      Required ratio: 2956.40 (Side area) 
      Cumulative area ratio:  138.70
      Required ratio:    0.00 (Cumulative side area) 

    Layer: via3
      Partial area ratio:    0.03
      Required ratio:   38.08 (Gate area) 
      Cumulative area ratio:    0.41
      Required ratio:    0.00 (Cumulative area) 

    Layer: met4
      Partial area ratio:    5.18
      Required ratio:    0.00 (Gate area) 
      Cumulative area ratio:   33.15
      Required ratio:    0.00 (Cumulative area) 
      Partial area ratio:   27.89
      Required ratio: 2956.40 (Side area) 
      Cumulative area ratio:  166.58
      Required ratio:    0.00 (Cumulative side area) 


  Pin:   _10307_/B1 (sky130_fd_sc_hd__o31a_2)
    Layer: mcon
      Partial area ratio:    0.12
      Required ratio:    3.00 (Gate area) 
      Cumulative area ratio:    0.12
      Required ratio:    0.00 (Cumulative area) 

    Layer: met1
      Partial area ratio:    7.80
      Required ratio:    0.00 (Gate area) 
      Cumulative area ratio:    7.80
      Required ratio:    0.00 (Cumulative area) 
      Partial area ratio:   37.99
      Required ratio:  400.00 (Side area) 
      Cumulative area ratio:   37.99
      Required ratio:    0.00 (Cumulative side area) 

    Layer: via
      Partial area ratio:    0.18
      Required ratio:    6.00 (Gate area) 
      Cumulative area ratio:    0.30
      Required ratio:    0.00 (Cumulative area) 

    Layer: met2
      Partial area ratio:   11.84
      Required ratio:    0.00 (Gate area) 
      Cumulative area ratio:   19.64
      Required ratio:    0.00 (Cumulative area) 
      Partial area ratio:   58.79
      Required ratio: 2956.40 (Side area) 
      Cumulative area ratio:   96.77
      Required ratio:    0.00 (Cumulative side area) 

    Layer: via2
      Partial area ratio:    0.03
      Required ratio:   38.08 (Gate area) 
      Cumulative area ratio:    0.33
      Required ratio:    0.00 (Cumulative area) 

    Layer: met3
      Partial area ratio:    0.11
      Required ratio:    0.00 (Gate area) 
      Cumulative area ratio:   19.75
      Required ratio:    0.00 (Cumulative area) 
      Partial area ratio:    0.96
      Required ratio: 2956.40 (Side area) 
      Cumulative area ratio:   97.73
      Required ratio:    0.00 (Cumulative side area) 

    Layer: via3
      Partial area ratio:    0.03
      Required ratio:   38.08 (Gate area) 
      Cumulative area ratio:    0.37
      Required ratio:    0.00 (Cumulative area) 

    Layer: met4
      Partial area ratio:    5.18
      Required ratio:    0.00 (Gate area) 
      Cumulative area ratio:   24.93
      Required ratio:    0.00 (Cumulative area) 
      Partial area ratio:   27.89
      Required ratio: 2956.40 (Side area) 
      Cumulative area ratio:  125.62
      Required ratio:    0.00 (Cumulative side area) 


  Pin:   _10341_/B1 (sky130_fd_sc_hd__o31a_2)
    Layer: mcon
      Partial area ratio:    0.12
      Required ratio:    3.00 (Gate area) 
      Cumulative area ratio:    0.12
      Required ratio:    0.00 (Cumulative area) 

    Layer: met1
      Partial area ratio:    3.32
      Required ratio:    0.00 (Gate area) 
      Cumulative area ratio:    3.32
      Required ratio:    0.00 (Cumulative area) 
      Partial area ratio:   15.84
      Required ratio:  400.00 (Side area) 
      Cumulative area ratio:   15.84
      Required ratio:    0.00 (Cumulative side area) 

    Layer: via
      Partial area ratio:    0.18
      Required ratio:    6.00 (Gate area) 
      Cumulative area ratio:    0.30
      Required ratio:    0.00 (Cumulative area) 

    Layer: met2
      Partial area ratio:    0.75
      Required ratio:    0.00 (Gate area) 
      Cumulative area ratio:    4.07
      Required ratio:    0.00 (Cumulative area) 
      Partial area ratio:    3.48
      Required ratio:  400.00 (Side area) 
      Cumulative area ratio:   19.32
      Required ratio:    0.00 (Cumulative side area) 

    Layer: via2
      Partial area ratio:    0.16
      Required ratio:    6.00 (Gate area) 
      Cumulative area ratio:    0.46
      Required ratio:    0.00 (Cumulative area) 

    Layer: met3
      Partial area ratio:   24.42
      Required ratio:    0.00 (Gate area) 
      Cumulative area ratio:   28.50
      Required ratio:    0.00 (Cumulative area) 
      Partial area ratio:  131.17
      Required ratio:  400.00 (Side area) 
      Cumulative area ratio:  150.49
      Required ratio:    0.00 (Cumulative side area) 

    Layer: via3
      Partial area ratio:    0.04
      Required ratio:    6.00 (Gate area) 
      Cumulative area ratio:    0.50
      Required ratio:    0.00 (Cumulative area) 

    Layer: met4
      Partial area ratio:    5.18
      Required ratio:    0.00 (Gate area) 
      Cumulative area ratio:   33.68
      Required ratio:    0.00 (Cumulative area) 
      Partial area ratio:   27.89
      Required ratio: 2956.40 (Side area) 
      Cumulative area ratio:  178.37
      Required ratio:    0.00 (Cumulative side area) 


  Pin:   _10415_/B1 (sky130_fd_sc_hd__o31a_2)
    Layer: mcon
      Partial area ratio:    0.12
      Required ratio:    3.00 (Gate area) 
      Cumulative area ratio:    0.12
      Required ratio:    0.00 (Cumulative area) 

    Layer: met1
      Partial area ratio:    7.80
      Required ratio:    0.00 (Gate area) 
      Cumulative area ratio:    7.80
      Required ratio:    0.00 (Cumulative area) 
      Partial area ratio:   37.99
      Required ratio:  400.00 (Side area) 
      Cumulative area ratio:   37.99
      Required ratio:    0.00 (Cumulative side area) 

    Layer: via
      Partial area ratio:    0.18
      Required ratio:    6.00 (Gate area) 
      Cumulative area ratio:    0.30
      Required ratio:    0.00 (Cumulative area) 

    Layer: met2
      Partial area ratio:   11.84
      Required ratio:    0.00 (Gate area) 
      Cumulative area ratio:   19.64
      Required ratio:    0.00 (Cumulative area) 
      Partial area ratio:   58.79
      Required ratio: 2956.40 (Side area) 
      Cumulative area ratio:   96.77
      Required ratio:    0.00 (Cumulative side area) 

    Layer: via2
      Partial area ratio:    0.03
      Required ratio:   38.08 (Gate area) 
      Cumulative area ratio:    0.33
      Required ratio:    0.00 (Cumulative area) 

    Layer: met3
      Partial area ratio:    0.11
      Required ratio:    0.00 (Gate area) 
      Cumulative area ratio:   19.75
      Required ratio:    0.00 (Cumulative area) 
      Partial area ratio:    0.96
      Required ratio: 2956.40 (Side area) 
      Cumulative area ratio:   97.73
      Required ratio:    0.00 (Cumulative side area) 

    Layer: via3
      Partial area ratio:    0.03
      Required ratio:   38.08 (Gate area) 
      Cumulative area ratio:    0.37
      Required ratio:    0.00 (Cumulative area) 

    Layer: met4
      Partial area ratio:    5.18
      Required ratio:    0.00 (Gate area) 
      Cumulative area ratio:   24.93
      Required ratio:    0.00 (Cumulative area) 
      Partial area ratio:   27.89
      Required ratio: 2956.40 (Side area) 
      Cumulative area ratio:  125.62
      Required ratio:    0.00 (Cumulative side area) 


  Pin:   _10428_/B1 (sky130_fd_sc_hd__o21a_2)
    Layer: mcon
      Partial area ratio:    0.12
      Required ratio:    3.00 (Gate area) 
      Cumulative area ratio:    0.12
      Required ratio:    0.00 (Cumulative area) 

    Layer: met1
      Partial area ratio:    2.15
      Required ratio:    0.00 (Gate area) 
      Cumulative area ratio:    2.15
      Required ratio:    0.00 (Cumulative area) 
      Partial area ratio:   10.00
      Required ratio:  400.00 (Side area) 
      Cumulative area ratio:   10.00
      Required ratio:    0.00 (Cumulative side area) 

    Layer: via
      Partial area ratio:    0.18
      Required ratio:    6.00 (Gate area) 
      Cumulative area ratio:    0.30
      Required ratio:    0.00 (Cumulative area) 

    Layer: met2
      Partial area ratio:    0.75
      Required ratio:    0.00 (Gate area) 
      Cumulative area ratio:    2.91
      Required ratio:    0.00 (Cumulative area) 
      Partial area ratio:    3.48
      Required ratio:  400.00 (Side area) 
      Cumulative area ratio:   13.48
      Required ratio:    0.00 (Cumulative side area) 

    Layer: via2
      Partial area ratio:    0.16
      Required ratio:    6.00 (Gate area) 
      Cumulative area ratio:    0.46
      Required ratio:    0.00 (Cumulative area) 

    Layer: met3
      Partial area ratio:    0.50
      Required ratio:    0.00 (Gate area) 
      Cumulative area ratio:    3.41
      Required ratio:    0.00 (Cumulative area) 
      Partial area ratio:    4.59
      Required ratio:  400.00 (Side area) 
      Cumulative area ratio:   18.07
      Required ratio:    0.00 (Cumulative side area) 

    Layer: via3
      Partial area ratio:    0.16
      Required ratio:    6.00 (Gate area) 
      Cumulative area ratio:    0.62
      Required ratio:    0.00 (Cumulative area) 

    Layer: met4
      Partial area ratio:    5.18
      Required ratio:    0.00 (Gate area) 
      Cumulative area ratio:    8.59
      Required ratio:    0.00 (Cumulative area) 
      Partial area ratio:   27.89
      Required ratio: 2956.40 (Side area) 
      Cumulative area ratio:   45.96
      Required ratio:    0.00 (Cumulative side area) 


  Pin:   _10496_/B1 (sky130_fd_sc_hd__o31a_2)
    Layer: mcon
      Partial area ratio:    0.12
      Required ratio:    3.00 (Gate area) 
      Cumulative area ratio:    0.12
      Required ratio:    0.00 (Cumulative area) 

    Layer: met1
      Partial area ratio:   16.02
      Required ratio:    0.00 (Gate area) 
      Cumulative area ratio:   16.02
      Required ratio:    0.00 (Cumulative area) 
      Partial area ratio:   78.95
      Required ratio:  400.00 (Side area) 
      Cumulative area ratio:   78.95
      Required ratio:    0.00 (Cumulative side area) 

    Layer: via
      Partial area ratio:    0.23
      Required ratio:    6.00 (Gate area) 
      Cumulative area ratio:    0.34
      Required ratio:    0.00 (Cumulative area) 

    Layer: met2
      Partial area ratio:   11.84
      Required ratio:    0.00 (Gate area) 
      Cumulative area ratio:   27.86
      Required ratio:    0.00 (Cumulative area) 
      Partial area ratio:   58.79
      Required ratio: 2956.40 (Side area) 
      Cumulative area ratio:  137.74
      Required ratio:    0.00 (Cumulative side area) 

    Layer: via2
      Partial area ratio:    0.03
      Required ratio:   38.08 (Gate area) 
      Cumulative area ratio:    0.38
      Required ratio:    0.00 (Cumulative area) 

    Layer: met3
      Partial area ratio:    0.11
      Required ratio:    0.00 (Gate area) 
      Cumulative area ratio:   27.97
      Required ratio:    0.00 (Cumulative area) 
      Partial area ratio:    0.96
      Required ratio: 2956.40 (Side area) 
      Cumulative area ratio:  138.70
      Required ratio:    0.00 (Cumulative side area) 

    Layer: via3
      Partial area ratio:    0.03
      Required ratio:   38.08 (Gate area) 
      Cumulative area ratio:    0.41
      Required ratio:    0.00 (Cumulative area) 

    Layer: met4
      Partial area ratio:    5.18
      Required ratio:    0.00 (Gate area) 
      Cumulative area ratio:   33.15
      Required ratio:    0.00 (Cumulative area) 
      Partial area ratio:   27.89
      Required ratio: 2956.40 (Side area) 
      Cumulative area ratio:  166.58
      Required ratio:    0.00 (Cumulative side area) 


  Pin:   _12036_/B (sky130_fd_sc_hd__and3_2)
    Layer: mcon
      Partial area ratio:    0.23
      Required ratio:    3.00 (Gate area) 
      Cumulative area ratio:    0.23
      Required ratio:    0.00 (Cumulative area) 

    Layer: met1
      Partial area ratio:   14.32
      Required ratio:    0.00 (Gate area) 
      Cumulative area ratio:   14.32
      Required ratio:    0.00 (Cumulative area) 
      Partial area ratio:   70.37
      Required ratio:  400.00 (Side area) 
      Cumulative area ratio:   70.37
      Required ratio:    0.00 (Cumulative side area) 

    Layer: via
      Partial area ratio:    0.25
      Required ratio:    6.00 (Gate area) 
      Cumulative area ratio:    0.48
      Required ratio:    0.00 (Cumulative area) 

    Layer: met2
      Partial area ratio:   11.84
      Required ratio:    0.00 (Gate area) 
      Cumulative area ratio:   26.15
      Required ratio:    0.00 (Cumulative area) 
      Partial area ratio:   58.79
      Required ratio: 2956.40 (Side area) 
      Cumulative area ratio:  129.15
      Required ratio:    0.00 (Cumulative side area) 

    Layer: via2
      Partial area ratio:    0.03
      Required ratio:   38.08 (Gate area) 
      Cumulative area ratio:    0.51
      Required ratio:    0.00 (Cumulative area) 

    Layer: met3
      Partial area ratio:    0.11
      Required ratio:    0.00 (Gate area) 
      Cumulative area ratio:   26.26
      Required ratio:    0.00 (Cumulative area) 
      Partial area ratio:    0.96
      Required ratio: 2956.40 (Side area) 
      Cumulative area ratio:  130.11
      Required ratio:    0.00 (Cumulative side area) 

    Layer: via3
      Partial area ratio:    0.03
      Required ratio:   38.08 (Gate area) 
      Cumulative area ratio:    0.55
      Required ratio:    0.00 (Cumulative area) 

    Layer: met4
      Partial area ratio:    5.18
      Required ratio:    0.00 (Gate area) 
      Cumulative area ratio:   31.44
      Required ratio:    0.00 (Cumulative area) 
      Partial area ratio:   27.89
      Required ratio: 2956.40 (Side area) 
      Cumulative area ratio:  158.00
      Required ratio:    0.00 (Cumulative side area) 


  Pin:   _12072_/B (sky130_fd_sc_hd__and3_2)
    Layer: mcon
      Partial area ratio:    0.23
      Required ratio:    3.00 (Gate area) 
      Cumulative area ratio:    0.23
      Required ratio:    0.00 (Cumulative area) 

    Layer: met1
      Partial area ratio:    9.12
      Required ratio:    0.00 (Gate area) 
      Cumulative area ratio:    9.12
      Required ratio:    0.00 (Cumulative area) 
      Partial area ratio:   43.87
      Required ratio:  400.00 (Side area) 
      Cumulative area ratio:   43.87
      Required ratio:    0.00 (Cumulative side area) 

    Layer: via
      Partial area ratio:    0.30
      Required ratio:    6.00 (Gate area) 
      Cumulative area ratio:    0.53
      Required ratio:    0.00 (Cumulative area) 

    Layer: met2
      Partial area ratio:   11.84
      Required ratio:    0.00 (Gate area) 
      Cumulative area ratio:   20.95
      Required ratio:    0.00 (Cumulative area) 
      Partial area ratio:   58.79
      Required ratio: 2956.40 (Side area) 
      Cumulative area ratio:  102.66
      Required ratio:    0.00 (Cumulative side area) 

    Layer: via2
      Partial area ratio:    0.03
      Required ratio:   38.08 (Gate area) 
      Cumulative area ratio:    0.56
      Required ratio:    0.00 (Cumulative area) 

    Layer: met3
      Partial area ratio:    0.11
      Required ratio:    0.00 (Gate area) 
      Cumulative area ratio:   21.06
      Required ratio:    0.00 (Cumulative area) 
      Partial area ratio:    0.96
      Required ratio: 2956.40 (Side area) 
      Cumulative area ratio:  103.62
      Required ratio:    0.00 (Cumulative side area) 

    Layer: via3
      Partial area ratio:    0.03
      Required ratio:   38.08 (Gate area) 
      Cumulative area ratio:    0.59
      Required ratio:    0.00 (Cumulative area) 

    Layer: met4
      Partial area ratio:    5.18
      Required ratio:    0.00 (Gate area) 
      Cumulative area ratio:   26.24
      Required ratio:    0.00 (Cumulative area) 
      Partial area ratio:   27.89
      Required ratio: 2956.40 (Side area) 
      Cumulative area ratio:  131.50
      Required ratio:    0.00 (Cumulative side area) 


  Pin:   _12108_/B (sky130_fd_sc_hd__and3_2)
    Layer: mcon
      Partial area ratio:    0.23
      Required ratio:    3.00 (Gate area) 
      Cumulative area ratio:    0.23
      Required ratio:    0.00 (Cumulative area) 

    Layer: met1
      Partial area ratio:    5.51
      Required ratio:    0.00 (Gate area) 
      Cumulative area ratio:    5.51
      Required ratio:    0.00 (Cumulative area) 
      Partial area ratio:   26.10
      Required ratio:  400.00 (Side area) 
      Cumulative area ratio:   26.10
      Required ratio:    0.00 (Cumulative side area) 

    Layer: via
      Partial area ratio:    0.36
      Required ratio:    6.00 (Gate area) 
      Cumulative area ratio:    0.59
      Required ratio:    0.00 (Cumulative area) 

    Layer: met2
      Partial area ratio:  179.50
      Required ratio:    0.00 (Gate area) 
      Cumulative area ratio:  185.01
      Required ratio:    0.00 (Cumulative area) 
      Partial area ratio:  893.83
      Required ratio:  400.00 (Side area) (VIOLATED)
      Cumulative area ratio:  919.93
      Required ratio:    0.00 (Cumulative side area) 

    Layer: via2
      Partial area ratio:    0.63
      Required ratio:    6.00 (Gate area) 
      Cumulative area ratio:    1.22
      Required ratio:    0.00 (Cumulative area) 

    Layer: met3
      Partial area ratio:   24.42
      Required ratio:    0.00 (Gate area) 
      Cumulative area ratio:  209.44
      Required ratio:    0.00 (Cumulative area) 
      Partial area ratio:  131.17
      Required ratio:  400.00 (Side area) 
      Cumulative area ratio: 1051.10
      Required ratio:    0.00 (Cumulative side area) 

    Layer: via3
      Partial area ratio:    0.04
      Required ratio:    6.00 (Gate area) 
      Cumulative area ratio:    1.26
      Required ratio:    0.00 (Cumulative area) 

    Layer: met4
      Partial area ratio:    5.18
      Required ratio:    0.00 (Gate area) 
      Cumulative area ratio:  214.62
      Required ratio:    0.00 (Cumulative area) 
      Partial area ratio:   27.89
      Required ratio: 2956.40 (Side area) 
      Cumulative area ratio: 1078.99
      Required ratio:    0.00 (Cumulative side area) 


  Pin:   _12144_/B (sky130_fd_sc_hd__and3_2)
    Layer: mcon
      Partial area ratio:    0.23
      Required ratio:    3.00 (Gate area) 
      Cumulative area ratio:    0.23
      Required ratio:    0.00 (Cumulative area) 

    Layer: met1
      Partial area ratio:    9.50
      Required ratio:    0.00 (Gate area) 
      Cumulative area ratio:    9.50
      Required ratio:    0.00 (Cumulative area) 
      Partial area ratio:   46.05
      Required ratio:  400.00 (Side area) 
      Cumulative area ratio:   46.05
      Required ratio:    0.00 (Cumulative side area) 

    Layer: via
      Partial area ratio:    0.27
      Required ratio:    6.00 (Gate area) 
      Cumulative area ratio:    0.50
      Required ratio:    0.00 (Cumulative area) 

    Layer: met2
      Partial area ratio:   11.84
      Required ratio:    0.00 (Gate area) 
      Cumulative area ratio:   21.34
      Required ratio:    0.00 (Cumulative area) 
      Partial area ratio:   58.79
      Required ratio: 2956.40 (Side area) 
      Cumulative area ratio:  104.84
      Required ratio:    0.00 (Cumulative side area) 

    Layer: via2
      Partial area ratio:    0.03
      Required ratio:   38.08 (Gate area) 
      Cumulative area ratio:    0.53
      Required ratio:    0.00 (Cumulative area) 

    Layer: met3
      Partial area ratio:    0.11
      Required ratio:    0.00 (Gate area) 
      Cumulative area ratio:   21.44
      Required ratio:    0.00 (Cumulative area) 
      Partial area ratio:    0.96
      Required ratio: 2956.40 (Side area) 
      Cumulative area ratio:  105.80
      Required ratio:    0.00 (Cumulative side area) 

    Layer: via3
      Partial area ratio:    0.03
      Required ratio:   38.08 (Gate area) 
      Cumulative area ratio:    0.56
      Required ratio:    0.00 (Cumulative area) 

    Layer: met4
      Partial area ratio:    5.18
      Required ratio:    0.00 (Gate area) 
      Cumulative area ratio:   26.62
      Required ratio:    0.00 (Cumulative area) 
      Partial area ratio:   27.89
      Required ratio: 2956.40 (Side area) 
      Cumulative area ratio:  133.68
      Required ratio:    0.00 (Cumulative side area) 


  Pin:   _12216_/B (sky130_fd_sc_hd__and3_2)
    Layer: mcon
      Partial area ratio:    0.23
      Required ratio:    3.00 (Gate area) 
      Cumulative area ratio:    0.23
      Required ratio:    0.00 (Cumulative area) 

    Layer: met1
      Partial area ratio:    7.80
      Required ratio:    0.00 (Gate area) 
      Cumulative area ratio:    7.80
      Required ratio:    0.00 (Cumulative area) 
      Partial area ratio:   37.99
      Required ratio:  400.00 (Side area) 
      Cumulative area ratio:   37.99
      Required ratio:    0.00 (Cumulative side area) 

    Layer: via
      Partial area ratio:    0.18
      Required ratio:    6.00 (Gate area) 
      Cumulative area ratio:    0.41
      Required ratio:    0.00 (Cumulative area) 

    Layer: met2
      Partial area ratio:   11.84
      Required ratio:    0.00 (Gate area) 
      Cumulative area ratio:   19.64
      Required ratio:    0.00 (Cumulative area) 
      Partial area ratio:   58.79
      Required ratio: 2956.40 (Side area) 
      Cumulative area ratio:   96.77
      Required ratio:    0.00 (Cumulative side area) 

    Layer: via2
      Partial area ratio:    0.03
      Required ratio:   38.08 (Gate area) 
      Cumulative area ratio:    0.44
      Required ratio:    0.00 (Cumulative area) 

    Layer: met3
      Partial area ratio:    0.11
      Required ratio:    0.00 (Gate area) 
      Cumulative area ratio:   19.75
      Required ratio:    0.00 (Cumulative area) 
      Partial area ratio:    0.96
      Required ratio: 2956.40 (Side area) 
      Cumulative area ratio:   97.73
      Required ratio:    0.00 (Cumulative side area) 

    Layer: via3
      Partial area ratio:    0.03
      Required ratio:   38.08 (Gate area) 
      Cumulative area ratio:    0.48
      Required ratio:    0.00 (Cumulative area) 

    Layer: met4
      Partial area ratio:    5.18
      Required ratio:    0.00 (Gate area) 
      Cumulative area ratio:   24.93
      Required ratio:    0.00 (Cumulative area) 
      Partial area ratio:   27.89
      Required ratio: 2956.40 (Side area) 
      Cumulative area ratio:  125.62
      Required ratio:    0.00 (Cumulative side area) 


  Pin:   _12252_/B (sky130_fd_sc_hd__and3_2)
    Layer: mcon
      Partial area ratio:    0.23
      Required ratio:    3.00 (Gate area) 
      Cumulative area ratio:    0.23
      Required ratio:    0.00 (Cumulative area) 

    Layer: met1
      Partial area ratio:    9.50
      Required ratio:    0.00 (Gate area) 
      Cumulative area ratio:    9.50
      Required ratio:    0.00 (Cumulative area) 
      Partial area ratio:   46.05
      Required ratio:  400.00 (Side area) 
      Cumulative area ratio:   46.05
      Required ratio:    0.00 (Cumulative side area) 

    Layer: via
      Partial area ratio:    0.27
      Required ratio:    6.00 (Gate area) 
      Cumulative area ratio:    0.50
      Required ratio:    0.00 (Cumulative area) 

    Layer: met2
      Partial area ratio:   11.84
      Required ratio:    0.00 (Gate area) 
      Cumulative area ratio:   21.34
      Required ratio:    0.00 (Cumulative area) 
      Partial area ratio:   58.79
      Required ratio: 2956.40 (Side area) 
      Cumulative area ratio:  104.84
      Required ratio:    0.00 (Cumulative side area) 

    Layer: via2
      Partial area ratio:    0.03
      Required ratio:   38.08 (Gate area) 
      Cumulative area ratio:    0.53
      Required ratio:    0.00 (Cumulative area) 

    Layer: met3
      Partial area ratio:    0.11
      Required ratio:    0.00 (Gate area) 
      Cumulative area ratio:   21.44
      Required ratio:    0.00 (Cumulative area) 
      Partial area ratio:    0.96
      Required ratio: 2956.40 (Side area) 
      Cumulative area ratio:  105.80
      Required ratio:    0.00 (Cumulative side area) 

    Layer: via3
      Partial area ratio:    0.03
      Required ratio:   38.08 (Gate area) 
      Cumulative area ratio:    0.56
      Required ratio:    0.00 (Cumulative area) 

    Layer: met4
      Partial area ratio:    5.18
      Required ratio:    0.00 (Gate area) 
      Cumulative area ratio:   26.62
      Required ratio:    0.00 (Cumulative area) 
      Partial area ratio:   27.89
      Required ratio: 2956.40 (Side area) 
      Cumulative area ratio:  133.68
      Required ratio:    0.00 (Cumulative side area) 


  Pin:   _12288_/B (sky130_fd_sc_hd__and3_2)
    Layer: mcon
      Partial area ratio:    0.23
      Required ratio:    3.00 (Gate area) 
      Cumulative area ratio:    0.23
      Required ratio:    0.00 (Cumulative area) 

    Layer: met1
      Partial area ratio:    9.12
      Required ratio:    0.00 (Gate area) 
      Cumulative area ratio:    9.12
      Required ratio:    0.00 (Cumulative area) 
      Partial area ratio:   43.87
      Required ratio:  400.00 (Side area) 
      Cumulative area ratio:   43.87
      Required ratio:    0.00 (Cumulative side area) 

    Layer: via
      Partial area ratio:    0.30
      Required ratio:    6.00 (Gate area) 
      Cumulative area ratio:    0.53
      Required ratio:    0.00 (Cumulative area) 

    Layer: met2
      Partial area ratio:   11.84
      Required ratio:    0.00 (Gate area) 
      Cumulative area ratio:   20.95
      Required ratio:    0.00 (Cumulative area) 
      Partial area ratio:   58.79
      Required ratio: 2956.40 (Side area) 
      Cumulative area ratio:  102.66
      Required ratio:    0.00 (Cumulative side area) 

    Layer: via2
      Partial area ratio:    0.03
      Required ratio:   38.08 (Gate area) 
      Cumulative area ratio:    0.56
      Required ratio:    0.00 (Cumulative area) 

    Layer: met3
      Partial area ratio:    0.11
      Required ratio:    0.00 (Gate area) 
      Cumulative area ratio:   21.06
      Required ratio:    0.00 (Cumulative area) 
      Partial area ratio:    0.96
      Required ratio: 2956.40 (Side area) 
      Cumulative area ratio:  103.62
      Required ratio:    0.00 (Cumulative side area) 

    Layer: via3
      Partial area ratio:    0.03
      Required ratio:   38.08 (Gate area) 
      Cumulative area ratio:    0.59
      Required ratio:    0.00 (Cumulative area) 

    Layer: met4
      Partial area ratio:    5.18
      Required ratio:    0.00 (Gate area) 
      Cumulative area ratio:   26.24
      Required ratio:    0.00 (Cumulative area) 
      Partial area ratio:   27.89
      Required ratio: 2956.40 (Side area) 
      Cumulative area ratio:  131.50
      Required ratio:    0.00 (Cumulative side area) 


  Pin:   _12324_/B (sky130_fd_sc_hd__and3_2)
    Layer: mcon
      Partial area ratio:    0.23
      Required ratio:    3.00 (Gate area) 
      Cumulative area ratio:    0.23
      Required ratio:    0.00 (Cumulative area) 

    Layer: met1
      Partial area ratio:    9.12
      Required ratio:    0.00 (Gate area) 
      Cumulative area ratio:    9.12
      Required ratio:    0.00 (Cumulative area) 
      Partial area ratio:   43.87
      Required ratio:  400.00 (Side area) 
      Cumulative area ratio:   43.87
      Required ratio:    0.00 (Cumulative side area) 

    Layer: via
      Partial area ratio:    0.30
      Required ratio:    6.00 (Gate area) 
      Cumulative area ratio:    0.53
      Required ratio:    0.00 (Cumulative area) 

    Layer: met2
      Partial area ratio:   11.84
      Required ratio:    0.00 (Gate area) 
      Cumulative area ratio:   20.95
      Required ratio:    0.00 (Cumulative area) 
      Partial area ratio:   58.79
      Required ratio: 2956.40 (Side area) 
      Cumulative area ratio:  102.66
      Required ratio:    0.00 (Cumulative side area) 

    Layer: via2
      Partial area ratio:    0.03
      Required ratio:   38.08 (Gate area) 
      Cumulative area ratio:    0.56
      Required ratio:    0.00 (Cumulative area) 

    Layer: met3
      Partial area ratio:    0.11
      Required ratio:    0.00 (Gate area) 
      Cumulative area ratio:   21.06
      Required ratio:    0.00 (Cumulative area) 
      Partial area ratio:    0.96
      Required ratio: 2956.40 (Side area) 
      Cumulative area ratio:  103.62
      Required ratio:    0.00 (Cumulative side area) 

    Layer: via3
      Partial area ratio:    0.03
      Required ratio:   38.08 (Gate area) 
      Cumulative area ratio:    0.59
      Required ratio:    0.00 (Cumulative area) 

    Layer: met4
      Partial area ratio:    5.18
      Required ratio:    0.00 (Gate area) 
      Cumulative area ratio:   26.24
      Required ratio:    0.00 (Cumulative area) 
      Partial area ratio:   27.89
      Required ratio: 2956.40 (Side area) 
      Cumulative area ratio:  131.50
      Required ratio:    0.00 (Cumulative side area) 


  Pin:   place911/A (sky130_fd_sc_hd__buf_2)
    Layer: mcon
      Partial area ratio:    0.18
      Required ratio:    3.00 (Gate area) 
      Cumulative area ratio:    0.18
      Required ratio:    0.00 (Cumulative area) 

    Layer: met1
      Partial area ratio:    2.53
      Required ratio:    0.00 (Gate area) 
      Cumulative area ratio:    2.53
      Required ratio:    0.00 (Cumulative area) 
      Partial area ratio:   11.48
      Required ratio:  400.00 (Side area) 
      Cumulative area ratio:   11.48
      Required ratio:    0.00 (Cumulative side area) 

    Layer: via
      Partial area ratio:    0.28
      Required ratio:    6.00 (Gate area) 
      Cumulative area ratio:    0.46
      Required ratio:    0.00 (Cumulative area) 

    Layer: met2
      Partial area ratio:   10.55
      Required ratio:    0.00 (Gate area) 
      Cumulative area ratio:   13.08
      Required ratio:    0.00 (Cumulative area) 
      Partial area ratio:   52.01
      Required ratio:  400.00 (Side area) 
      Cumulative area ratio:   63.49
      Required ratio:    0.00 (Cumulative side area) 

    Layer: via2
      Partial area ratio:    0.10
      Required ratio:    6.00 (Gate area) 
      Cumulative area ratio:    0.56
      Required ratio:    0.00 (Cumulative area) 

    Layer: met3
      Partial area ratio:   24.42
      Required ratio:    0.00 (Gate area) 
      Cumulative area ratio:   37.51
      Required ratio:    0.00 (Cumulative area) 
      Partial area ratio:  131.17
      Required ratio:  400.00 (Side area) 
      Cumulative area ratio:  194.66
      Required ratio:    0.00 (Cumulative side area) 

    Layer: via3
      Partial area ratio:    0.04
      Required ratio:    6.00 (Gate area) 
      Cumulative area ratio:    0.60
      Required ratio:    0.00 (Cumulative area) 

    Layer: met4
      Partial area ratio:    5.18
      Required ratio:    0.00 (Gate area) 
      Cumulative area ratio:   42.69
      Required ratio:    0.00 (Cumulative area) 
      Partial area ratio:   27.89
      Required ratio: 2956.40 (Side area) 
      Cumulative area ratio:  222.55
      Required ratio:    0.00 (Cumulative side area) 



Net: net1070
  Pin:   _12960_/A1 (sky130_fd_sc_hd__mux2_1)
    Layer: mcon
      Partial area ratio:    0.23
      Required ratio:    3.00 (Gate area) 
      Cumulative area ratio:    0.23
      Required ratio:    0.00 (Cumulative area) 

    Layer: met1
      Partial area ratio:    4.85
      Required ratio:    0.00 (Gate area) 
      Cumulative area ratio:    4.85
      Required ratio:    0.00 (Cumulative area) 
      Partial area ratio:   22.78
      Required ratio:  400.00 (Side area) 
      Cumulative area ratio:   22.78
      Required ratio:    0.00 (Cumulative side area) 

    Layer: via
      Partial area ratio:    0.36
      Required ratio:    6.00 (Gate area) 
      Cumulative area ratio:    0.59
      Required ratio:    0.00 (Cumulative area) 

    Layer: met2
      Partial area ratio:   17.70
      Required ratio:    0.00 (Gate area) 
      Cumulative area ratio:   22.55
      Required ratio:    0.00 (Cumulative area) 
      Partial area ratio:   87.75
      Required ratio: 2778.20 (Side area) 
      Cumulative area ratio:  110.53
      Required ratio:    0.00 (Cumulative side area) 


  Pin:   _13284_/A1 (sky130_fd_sc_hd__mux2_1)
    Layer: mcon
      Partial area ratio:    0.23
      Required ratio:    3.00 (Gate area) 
      Cumulative area ratio:    0.23
      Required ratio:    0.00 (Cumulative area) 

    Layer: met1
      Partial area ratio:   11.36
      Required ratio:    0.00 (Gate area) 
      Cumulative area ratio:   11.36
      Required ratio:    0.00 (Cumulative area) 
      Partial area ratio:   55.33
      Required ratio:  400.00 (Side area) 
      Cumulative area ratio:   55.33
      Required ratio:    0.00 (Cumulative side area) 

    Layer: via
      Partial area ratio:    0.36
      Required ratio:    6.00 (Gate area) 
      Cumulative area ratio:    0.59
      Required ratio:    0.00 (Cumulative area) 

    Layer: met2
      Partial area ratio:   17.70
      Required ratio:    0.00 (Gate area) 
      Cumulative area ratio:   29.06
      Required ratio:    0.00 (Cumulative area) 
      Partial area ratio:   87.75
      Required ratio: 2778.20 (Side area) 
      Cumulative area ratio:  143.09
      Required ratio:    0.00 (Cumulative side area) 


  Pin:   _13321_/A1 (sky130_fd_sc_hd__mux2_1)
    Layer: mcon
      Partial area ratio:    0.23
      Required ratio:    3.00 (Gate area) 
      Cumulative area ratio:    0.23
      Required ratio:    0.00 (Cumulative area) 

    Layer: met1
      Partial area ratio:   28.59
      Required ratio:    0.00 (Gate area) 
      Cumulative area ratio:   28.59
      Required ratio:    0.00 (Cumulative area) 
      Partial area ratio:  141.12
      Required ratio:  400.00 (Side area) 
      Cumulative area ratio:  141.12
      Required ratio:    0.00 (Cumulative side area) 

    Layer: via
      Partial area ratio:    0.31
      Required ratio:    6.00 (Gate area) 
      Cumulative area ratio:    0.54
      Required ratio:    0.00 (Cumulative area) 

    Layer: met2
      Partial area ratio:   17.70
      Required ratio:    0.00 (Gate area) 
      Cumulative area ratio:   46.29
      Required ratio:    0.00 (Cumulative area) 
      Partial area ratio:   87.75
      Required ratio: 2778.20 (Side area) 
      Cumulative area ratio:  228.88
      Required ratio:    0.00 (Cumulative side area) 


  Pin:   _13393_/A1 (sky130_fd_sc_hd__mux2_1)
    Layer: mcon
      Partial area ratio:    0.23
      Required ratio:    3.00 (Gate area) 
      Cumulative area ratio:    0.23
      Required ratio:    0.00 (Cumulative area) 

    Layer: met1
      Partial area ratio:   28.59
      Required ratio:    0.00 (Gate area) 
      Cumulative area ratio:   28.59
      Required ratio:    0.00 (Cumulative area) 
      Partial area ratio:  141.12
      Required ratio:  400.00 (Side area) 
      Cumulative area ratio:  141.12
      Required ratio:    0.00 (Cumulative side area) 

    Layer: via
      Partial area ratio:    0.31
      Required ratio:    6.00 (Gate area) 
      Cumulative area ratio:    0.54
      Required ratio:    0.00 (Cumulative area) 

    Layer: met2
      Partial area ratio:   17.70
      Required ratio:    0.00 (Gate area) 
      Cumulative area ratio:   46.29
      Required ratio:    0.00 (Cumulative area) 
      Partial area ratio:   87.75
      Required ratio: 2778.20 (Side area) 
      Cumulative area ratio:  228.88
      Required ratio:    0.00 (Cumulative side area) 


  Pin:   _13429_/A1 (sky130_fd_sc_hd__mux2_1)
    Layer: mcon
      Partial area ratio:    0.23
      Required ratio:    3.00 (Gate area) 
      Cumulative area ratio:    0.23
      Required ratio:    0.00 (Cumulative area) 

    Layer: met1
      Partial area ratio:    2.01
      Required ratio:    0.00 (Gate area) 
      Cumulative area ratio:    2.01
      Required ratio:    0.00 (Cumulative area) 
      Partial area ratio:    8.00
      Required ratio:  400.00 (Side area) 
      Cumulative area ratio:    8.00
      Required ratio:    0.00 (Cumulative side area) 

    Layer: via
      Partial area ratio:    0.36
      Required ratio:    6.00 (Gate area) 
      Cumulative area ratio:    0.59
      Required ratio:    0.00 (Cumulative area) 

    Layer: met2
      Partial area ratio:   17.70
      Required ratio:    0.00 (Gate area) 
      Cumulative area ratio:   19.71
      Required ratio:    0.00 (Cumulative area) 
      Partial area ratio:   87.75
      Required ratio: 2778.20 (Side area) 
      Cumulative area ratio:   95.75
      Required ratio:    0.00 (Cumulative side area) 


  Pin:   _13465_/A1 (sky130_fd_sc_hd__mux2_1)
    Layer: mcon
      Partial area ratio:    0.23
      Required ratio:    3.00 (Gate area) 
      Cumulative area ratio:    0.23
      Required ratio:    0.00 (Cumulative area) 

    Layer: met1
      Partial area ratio:    5.73
      Required ratio:    0.00 (Gate area) 
      Cumulative area ratio:    5.73
      Required ratio:    0.00 (Cumulative area) 
      Partial area ratio:   27.17
      Required ratio:  400.00 (Side area) 
      Cumulative area ratio:   27.17
      Required ratio:    0.00 (Cumulative side area) 

    Layer: via
      Partial area ratio:    0.36
      Required ratio:    6.00 (Gate area) 
      Cumulative area ratio:    0.59
      Required ratio:    0.00 (Cumulative area) 

    Layer: met2
      Partial area ratio:   17.70
      Required ratio:    0.00 (Gate area) 
      Cumulative area ratio:   23.42
      Required ratio:    0.00 (Cumulative area) 
      Partial area ratio:   87.75
      Required ratio: 2778.20 (Side area) 
      Cumulative area ratio:  114.92
      Required ratio:    0.00 (Cumulative side area) 


  Pin:   _13501_/A1 (sky130_fd_sc_hd__mux2_1)
    Layer: mcon
      Partial area ratio:    0.23
      Required ratio:    3.00 (Gate area) 
      Cumulative area ratio:    0.23
      Required ratio:    0.00 (Cumulative area) 

    Layer: met1
      Partial area ratio:   21.70
      Required ratio:    0.00 (Gate area) 
      Cumulative area ratio:   21.70
      Required ratio:    0.00 (Cumulative area) 
      Partial area ratio:  106.17
      Required ratio:  400.00 (Side area) 
      Cumulative area ratio:  106.17
      Required ratio:    0.00 (Cumulative side area) 

    Layer: via
      Partial area ratio:    0.54
      Required ratio:    6.00 (Gate area) 
      Cumulative area ratio:    0.77
      Required ratio:    0.00 (Cumulative area) 

    Layer: met2
      Partial area ratio:   17.70
      Required ratio:    0.00 (Gate area) 
      Cumulative area ratio:   39.40
      Required ratio:    0.00 (Cumulative area) 
      Partial area ratio:   87.75
      Required ratio: 2778.20 (Side area) 
      Cumulative area ratio:  193.92
      Required ratio:    0.00 (Cumulative side area) 


  Pin:   _13537_/A1 (sky130_fd_sc_hd__mux2_1)
    Layer: mcon
      Partial area ratio:    0.23
      Required ratio:    3.00 (Gate area) 
      Cumulative area ratio:    0.23
      Required ratio:    0.00 (Cumulative area) 

    Layer: met1
      Partial area ratio:   28.59
      Required ratio:    0.00 (Gate area) 
      Cumulative area ratio:   28.59
      Required ratio:    0.00 (Cumulative area) 
      Partial area ratio:  141.12
      Required ratio:  400.00 (Side area) 
      Cumulative area ratio:  141.12
      Required ratio:    0.00 (Cumulative side area) 

    Layer: via
      Partial area ratio:    0.31
      Required ratio:    6.00 (Gate area) 
      Cumulative area ratio:    0.54
      Required ratio:    0.00 (Cumulative area) 

    Layer: met2
      Partial area ratio:   17.70
      Required ratio:    0.00 (Gate area) 
      Cumulative area ratio:   46.29
      Required ratio:    0.00 (Cumulative area) 
      Partial area ratio:   87.75
      Required ratio: 2778.20 (Side area) 
      Cumulative area ratio:  228.88
      Required ratio:    0.00 (Cumulative side area) 


  Pin:   _13574_/A1 (sky130_fd_sc_hd__mux2_1)
    Layer: mcon
      Partial area ratio:    0.23
      Required ratio:    3.00 (Gate area) 
      Cumulative area ratio:    0.23
      Required ratio:    0.00 (Cumulative area) 

    Layer: met1
      Partial area ratio:   28.59
      Required ratio:    0.00 (Gate area) 
      Cumulative area ratio:   28.59
      Required ratio:    0.00 (Cumulative area) 
      Partial area ratio:  141.12
      Required ratio:  400.00 (Side area) 
      Cumulative area ratio:  141.12
      Required ratio:    0.00 (Cumulative side area) 

    Layer: via
      Partial area ratio:    0.31
      Required ratio:    6.00 (Gate area) 
      Cumulative area ratio:    0.54
      Required ratio:    0.00 (Cumulative area) 

    Layer: met2
      Partial area ratio:   17.70
      Required ratio:    0.00 (Gate area) 
      Cumulative area ratio:   46.29
      Required ratio:    0.00 (Cumulative area) 
      Partial area ratio:   87.75
      Required ratio: 2778.20 (Side area) 
      Cumulative area ratio:  228.88
      Required ratio:    0.00 (Cumulative side area) 


  Pin:   _13755_/A1 (sky130_fd_sc_hd__mux2_1)
    Layer: mcon
      Partial area ratio:    0.23
      Required ratio:    3.00 (Gate area) 
      Cumulative area ratio:    0.23
      Required ratio:    0.00 (Cumulative area) 

    Layer: met1
      Partial area ratio:   95.48
      Required ratio:    0.00 (Gate area) 
      Cumulative area ratio:   95.48
      Required ratio:    0.00 (Cumulative area) 
      Partial area ratio:  475.06
      Required ratio:  400.00 (Side area) (VIOLATED)
      Cumulative area ratio:  475.06
      Required ratio:    0.00 (Cumulative side area) 

    Layer: via
      Partial area ratio:    0.54
      Required ratio:    6.00 (Gate area) 
      Cumulative area ratio:    0.77
      Required ratio:    0.00 (Cumulative area) 

    Layer: met2
      Partial area ratio:   17.70
      Required ratio:    0.00 (Gate area) 
      Cumulative area ratio:  113.17
      Required ratio:    0.00 (Cumulative area) 
      Partial area ratio:   87.75
      Required ratio: 2778.20 (Side area) 
      Cumulative area ratio:  562.81
      Required ratio:    0.00 (Cumulative side area) 


  Pin:   place1069/A (sky130_fd_sc_hd__buf_2)
    Layer: mcon
      Partial area ratio:    0.18
      Required ratio:    3.00 (Gate area) 
      Cumulative area ratio:    0.18
      Required ratio:    0.00 (Cumulative area) 

    Layer: met1
      Partial area ratio:    5.18
      Required ratio:    0.00 (Gate area) 
      Cumulative area ratio:    5.18
      Required ratio:    0.00 (Cumulative area) 
      Partial area ratio:   24.75
      Required ratio:  400.00 (Side area) 
      Cumulative area ratio:   24.75
      Required ratio:    0.00 (Cumulative side area) 

    Layer: via
      Partial area ratio:    0.28
      Required ratio:    6.00 (Gate area) 
      Cumulative area ratio:    0.46
      Required ratio:    0.00 (Cumulative area) 

    Layer: met2
      Partial area ratio:   17.70
      Required ratio:    0.00 (Gate area) 
      Cumulative area ratio:   22.88
      Required ratio:    0.00 (Cumulative area) 
      Partial area ratio:   87.75
      Required ratio: 2778.20 (Side area) 
      Cumulative area ratio:  112.50
      Required ratio:    0.00 (Cumulative side area) 


  Pin:   place1068/A (sky130_fd_sc_hd__buf_2)
    Layer: mcon
      Partial area ratio:    0.18
      Required ratio:    3.00 (Gate area) 
      Cumulative area ratio:    0.18
      Required ratio:    0.00 (Cumulative area) 

    Layer: met1
      Partial area ratio:    4.47
      Required ratio:    0.00 (Gate area) 
      Cumulative area ratio:    4.47
      Required ratio:    0.00 (Cumulative area) 
      Partial area ratio:   21.17
      Required ratio:  400.00 (Side area) 
      Cumulative area ratio:   21.17
      Required ratio:    0.00 (Cumulative side area) 

    Layer: via
      Partial area ratio:    0.28
      Required ratio:    6.00 (Gate area) 
      Cumulative area ratio:    0.46
      Required ratio:    0.00 (Cumulative area) 

    Layer: met2
      Partial area ratio:   17.70
      Required ratio:    0.00 (Gate area) 
      Cumulative area ratio:   22.16
      Required ratio:    0.00 (Cumulative area) 
      Partial area ratio:   87.75
      Required ratio: 2778.20 (Side area) 
      Cumulative area ratio:  108.92
      Required ratio:    0.00 (Cumulative side area) 



Net: net1109
  Pin:   _09620_/A1 (sky130_fd_sc_hd__a32o_2)
    Layer: mcon
      Partial area ratio:    0.12
      Required ratio:    3.00 (Gate area) 
      Cumulative area ratio:    0.12
      Required ratio:    0.00 (Cumulative area) 

    Layer: met1
      Partial area ratio:    8.77
      Required ratio:    0.00 (Gate area) 
      Cumulative area ratio:    8.77
      Required ratio:    0.00 (Cumulative area) 
      Partial area ratio:   43.14
      Required ratio:  400.00 (Side area) 
      Cumulative area ratio:   43.14
      Required ratio:    0.00 (Cumulative side area) 

    Layer: via
      Partial area ratio:    0.14
      Required ratio:    6.00 (Gate area) 
      Cumulative area ratio:    0.25
      Required ratio:    0.00 (Cumulative area) 

    Layer: met2
      Partial area ratio:    5.66
      Required ratio:    0.00 (Gate area) 
      Cumulative area ratio:   14.43
      Required ratio:    0.00 (Cumulative area) 
      Partial area ratio:   27.83
      Required ratio: 2956.40 (Side area) 
      Cumulative area ratio:   70.97
      Required ratio:    0.00 (Cumulative side area) 


  Pin:   _09622_/A1 (sky130_fd_sc_hd__a32o_2)
    Layer: mcon
      Partial area ratio:    0.12
      Required ratio:    3.00 (Gate area) 
      Cumulative area ratio:    0.12
      Required ratio:    0.00 (Cumulative area) 

    Layer: met1
      Partial area ratio:    8.77
      Required ratio:    0.00 (Gate area) 
      Cumulative area ratio:    8.77
      Required ratio:    0.00 (Cumulative area) 
      Partial area ratio:   43.14
      Required ratio:  400.00 (Side area) 
      Cumulative area ratio:   43.14
      Required ratio:    0.00 (Cumulative side area) 

    Layer: via
      Partial area ratio:    0.14
      Required ratio:    6.00 (Gate area) 
      Cumulative area ratio:    0.25
      Required ratio:    0.00 (Cumulative area) 

    Layer: met2
      Partial area ratio:    5.66
      Required ratio:    0.00 (Gate area) 
      Cumulative area ratio:   14.43
      Required ratio:    0.00 (Cumulative area) 
      Partial area ratio:   27.83
      Required ratio: 2956.40 (Side area) 
      Cumulative area ratio:   70.97
      Required ratio:    0.00 (Cumulative side area) 


  Pin:   _10167_/A1 (sky130_fd_sc_hd__a32o_2)
    Layer: mcon
      Partial area ratio:    0.12
      Required ratio:    3.00 (Gate area) 
      Cumulative area ratio:    0.12
      Required ratio:    0.00 (Cumulative area) 

    Layer: met1
      Partial area ratio:   10.06
      Required ratio:    0.00 (Gate area) 
      Cumulative area ratio:   10.06
      Required ratio:    0.00 (Cumulative area) 
      Partial area ratio:   49.34
      Required ratio:  400.00 (Side area) 
      Cumulative area ratio:   49.34
      Required ratio:    0.00 (Cumulative side area) 

    Layer: via
      Partial area ratio:    0.18
      Required ratio:    6.00 (Gate area) 
      Cumulative area ratio:    0.30
      Required ratio:    0.00 (Cumulative area) 

    Layer: met2
      Partial area ratio:    5.66
      Required ratio:    0.00 (Gate area) 
      Cumulative area ratio:   15.71
      Required ratio:    0.00 (Cumulative area) 
      Partial area ratio:   27.83
      Required ratio: 2956.40 (Side area) 
      Cumulative area ratio:   77.17
      Required ratio:    0.00 (Cumulative side area) 


  Pin:   _10178_/A1 (sky130_fd_sc_hd__a32o_2)
    Layer: mcon
      Partial area ratio:    0.12
      Required ratio:    3.00 (Gate area) 
      Cumulative area ratio:    0.12
      Required ratio:    0.00 (Cumulative area) 

    Layer: met1
      Partial area ratio:    9.49
      Required ratio:    0.00 (Gate area) 
      Cumulative area ratio:    9.49
      Required ratio:    0.00 (Cumulative area) 
      Partial area ratio:   46.49
      Required ratio:  400.00 (Side area) 
      Cumulative area ratio:   46.49
      Required ratio:    0.00 (Cumulative side area) 

    Layer: via
      Partial area ratio:    0.18
      Required ratio:    6.00 (Gate area) 
      Cumulative area ratio:    0.30
      Required ratio:    0.00 (Cumulative area) 

    Layer: met2
      Partial area ratio:    5.66
      Required ratio:    0.00 (Gate area) 
      Cumulative area ratio:   15.14
      Required ratio:    0.00 (Cumulative area) 
      Partial area ratio:   27.83
      Required ratio: 2956.40 (Side area) 
      Cumulative area ratio:   74.32
      Required ratio:    0.00 (Cumulative side area) 


  Pin:   _10217_/A1 (sky130_fd_sc_hd__a32o_2)
    Layer: mcon
      Partial area ratio:    0.12
      Required ratio:    3.00 (Gate area) 
      Cumulative area ratio:    0.12
      Required ratio:    0.00 (Cumulative area) 

    Layer: met1
      Partial area ratio:   15.84
      Required ratio:    0.00 (Gate area) 
      Cumulative area ratio:   15.84
      Required ratio:    0.00 (Cumulative area) 
      Partial area ratio:   78.44
      Required ratio:  400.00 (Side area) 
      Cumulative area ratio:   78.44
      Required ratio:    0.00 (Cumulative side area) 

    Layer: via
      Partial area ratio:    0.18
      Required ratio:    6.00 (Gate area) 
      Cumulative area ratio:    0.30
      Required ratio:    0.00 (Cumulative area) 

    Layer: met2
      Partial area ratio:    5.66
      Required ratio:    0.00 (Gate area) 
      Cumulative area ratio:   21.49
      Required ratio:    0.00 (Cumulative area) 
      Partial area ratio:   27.83
      Required ratio: 2956.40 (Side area) 
      Cumulative area ratio:  106.27
      Required ratio:    0.00 (Cumulative side area) 


  Pin:   _10237_/A1 (sky130_fd_sc_hd__a32o_2)
    Layer: mcon
      Partial area ratio:    0.12
      Required ratio:    3.00 (Gate area) 
      Cumulative area ratio:    0.12
      Required ratio:    0.00 (Cumulative area) 

    Layer: met1
      Partial area ratio:    7.97
      Required ratio:    0.00 (Gate area) 
      Cumulative area ratio:    7.97
      Required ratio:    0.00 (Cumulative area) 
      Partial area ratio:   38.74
      Required ratio: 2956.40 (Side area) 
      Cumulative area ratio:   38.74
      Required ratio:    0.00 (Cumulative side area) 

    Layer: via
      Partial area ratio:    0.18
      Required ratio:   38.08 (Gate area) 
      Cumulative area ratio:    0.30
      Required ratio:    0.00 (Cumulative area) 

    Layer: met2
      Partial area ratio:    5.66
      Required ratio:    0.00 (Gate area) 
      Cumulative area ratio:   13.62
      Required ratio:    0.00 (Cumulative area) 
      Partial area ratio:   27.83
      Required ratio: 2956.40 (Side area) 
      Cumulative area ratio:   66.57
      Required ratio:    0.00 (Cumulative side area) 


  Pin:   _10238_/A1 (sky130_fd_sc_hd__a32o_2)
    Layer: mcon
      Partial area ratio:    0.12
      Required ratio:    3.00 (Gate area) 
      Cumulative area ratio:    0.12
      Required ratio:    0.00 (Cumulative area) 

    Layer: met1
      Partial area ratio:    7.97
      Required ratio:    0.00 (Gate area) 
      Cumulative area ratio:    7.97
      Required ratio:    0.00 (Cumulative area) 
      Partial area ratio:   38.74
      Required ratio: 2956.40 (Side area) 
      Cumulative area ratio:   38.74
      Required ratio:    0.00 (Cumulative side area) 

    Layer: via
      Partial area ratio:    0.18
      Required ratio:   38.08 (Gate area) 
      Cumulative area ratio:    0.30
      Required ratio:    0.00 (Cumulative area) 

    Layer: met2
      Partial area ratio:    5.66
      Required ratio:    0.00 (Gate area) 
      Cumulative area ratio:   13.62
      Required ratio:    0.00 (Cumulative area) 
      Partial area ratio:   27.83
      Required ratio: 2956.40 (Side area) 
      Cumulative area ratio:   66.57
      Required ratio:    0.00 (Cumulative side area) 


  Pin:   _10273_/A1 (sky130_fd_sc_hd__a32o_2)
    Layer: mcon
      Partial area ratio:    0.12
      Required ratio:    3.00 (Gate area) 
      Cumulative area ratio:    0.12
      Required ratio:    0.00 (Cumulative area) 

    Layer: met1
      Partial area ratio:    5.88
      Required ratio:    0.00 (Gate area) 
      Cumulative area ratio:    5.88
      Required ratio:    0.00 (Cumulative area) 
      Partial area ratio:   28.46
      Required ratio:  400.00 (Side area) 
      Cumulative area ratio:   28.46
      Required ratio:    0.00 (Cumulative side area) 

    Layer: via
      Partial area ratio:    0.18
      Required ratio:    6.00 (Gate area) 
      Cumulative area ratio:    0.30
      Required ratio:    0.00 (Cumulative area) 

    Layer: met2
      Partial area ratio:    5.66
      Required ratio:    0.00 (Gate area) 
      Cumulative area ratio:   11.54
      Required ratio:    0.00 (Cumulative area) 
      Partial area ratio:   27.83
      Required ratio: 2956.40 (Side area) 
      Cumulative area ratio:   56.29
      Required ratio:    0.00 (Cumulative side area) 


  Pin:   _10294_/A1 (sky130_fd_sc_hd__a32o_2)
    Layer: mcon
      Partial area ratio:    0.12
      Required ratio:    3.00 (Gate area) 
      Cumulative area ratio:    0.12
      Required ratio:    0.00 (Cumulative area) 

    Layer: met1
      Partial area ratio:    6.22
      Required ratio:    0.00 (Gate area) 
      Cumulative area ratio:    6.22
      Required ratio:    0.00 (Cumulative area) 
      Partial area ratio:   30.37
      Required ratio:  400.00 (Side area) 
      Cumulative area ratio:   30.37
      Required ratio:    0.00 (Cumulative side area) 

    Layer: via
      Partial area ratio:    0.18
      Required ratio:    6.00 (Gate area) 
      Cumulative area ratio:    0.30
      Required ratio:    0.00 (Cumulative area) 

    Layer: met2
      Partial area ratio:    5.66
      Required ratio:    0.00 (Gate area) 
      Cumulative area ratio:   11.88
      Required ratio:    0.00 (Cumulative area) 
      Partial area ratio:   27.83
      Required ratio: 2956.40 (Side area) 
      Cumulative area ratio:   58.20
      Required ratio:    0.00 (Cumulative side area) 


  Pin:   _10305_/A1 (sky130_fd_sc_hd__a32o_2)
    Layer: mcon
      Partial area ratio:    0.12
      Required ratio:    3.00 (Gate area) 
      Cumulative area ratio:    0.12
      Required ratio:    0.00 (Cumulative area) 

    Layer: met1
      Partial area ratio:    9.49
      Required ratio:    0.00 (Gate area) 
      Cumulative area ratio:    9.49
      Required ratio:    0.00 (Cumulative area) 
      Partial area ratio:   46.49
      Required ratio:  400.00 (Side area) 
      Cumulative area ratio:   46.49
      Required ratio:    0.00 (Cumulative side area) 

    Layer: via
      Partial area ratio:    0.18
      Required ratio:    6.00 (Gate area) 
      Cumulative area ratio:    0.30
      Required ratio:    0.00 (Cumulative area) 

    Layer: met2
      Partial area ratio:    5.66
      Required ratio:    0.00 (Gate area) 
      Cumulative area ratio:   15.14
      Required ratio:    0.00 (Cumulative area) 
      Partial area ratio:   27.83
      Required ratio: 2956.40 (Side area) 
      Cumulative area ratio:   74.32
      Required ratio:    0.00 (Cumulative side area) 


  Pin:   _10306_/A1 (sky130_fd_sc_hd__a32o_2)
    Layer: mcon
      Partial area ratio:    0.12
      Required ratio:    3.00 (Gate area) 
      Cumulative area ratio:    0.12
      Required ratio:    0.00 (Cumulative area) 

    Layer: met1
      Partial area ratio:    3.69
      Required ratio:    0.00 (Gate area) 
      Cumulative area ratio:    3.69
      Required ratio:    0.00 (Cumulative area) 
      Partial area ratio:   17.70
      Required ratio:  400.00 (Side area) 
      Cumulative area ratio:   17.70
      Required ratio:    0.00 (Cumulative side area) 

    Layer: via
      Partial area ratio:    0.18
      Required ratio:    6.00 (Gate area) 
      Cumulative area ratio:    0.30
      Required ratio:    0.00 (Cumulative area) 

    Layer: met2
      Partial area ratio:    5.66
      Required ratio:    0.00 (Gate area) 
      Cumulative area ratio:    9.35
      Required ratio:    0.00 (Cumulative area) 
      Partial area ratio:   27.83
      Required ratio: 2956.40 (Side area) 
      Cumulative area ratio:   45.53
      Required ratio:    0.00 (Cumulative side area) 


  Pin:   _10318_/A1 (sky130_fd_sc_hd__a32o_2)
    Layer: mcon
      Partial area ratio:    0.12
      Required ratio:    3.00 (Gate area) 
      Cumulative area ratio:    0.12
      Required ratio:    0.00 (Cumulative area) 

    Layer: met1
      Partial area ratio:   10.06
      Required ratio:    0.00 (Gate area) 
      Cumulative area ratio:   10.06
      Required ratio:    0.00 (Cumulative area) 
      Partial area ratio:   49.34
      Required ratio:  400.00 (Side area) 
      Cumulative area ratio:   49.34
      Required ratio:    0.00 (Cumulative side area) 

    Layer: via
      Partial area ratio:    0.18
      Required ratio:    6.00 (Gate area) 
      Cumulative area ratio:    0.30
      Required ratio:    0.00 (Cumulative area) 

    Layer: met2
      Partial area ratio:    5.66
      Required ratio:    0.00 (Gate area) 
      Cumulative area ratio:   15.71
      Required ratio:    0.00 (Cumulative area) 
      Partial area ratio:   27.83
      Required ratio: 2956.40 (Side area) 
      Cumulative area ratio:   77.17
      Required ratio:    0.00 (Cumulative side area) 


  Pin:   _10319_/A1 (sky130_fd_sc_hd__a32o_2)
    Layer: mcon
      Partial area ratio:    0.12
      Required ratio:    3.00 (Gate area) 
      Cumulative area ratio:    0.12
      Required ratio:    0.00 (Cumulative area) 

    Layer: met1
      Partial area ratio:    1.70
      Required ratio:    0.00 (Gate area) 
      Cumulative area ratio:    1.70
      Required ratio:    0.00 (Cumulative area) 
      Partial area ratio:    8.02
      Required ratio:  400.00 (Side area) 
      Cumulative area ratio:    8.02
      Required ratio:    0.00 (Cumulative side area) 

    Layer: via
      Partial area ratio:    0.13
      Required ratio:    6.00 (Gate area) 
      Cumulative area ratio:    0.24
      Required ratio:    0.00 (Cumulative area) 

    Layer: met2
      Partial area ratio:    5.66
      Required ratio:    0.00 (Gate area) 
      Cumulative area ratio:    7.35
      Required ratio:    0.00 (Cumulative area) 
      Partial area ratio:   27.83
      Required ratio: 2956.40 (Side area) 
      Cumulative area ratio:   35.86
      Required ratio:    0.00 (Cumulative side area) 


  Pin:   _10338_/A1 (sky130_fd_sc_hd__a32o_2)
    Layer: mcon
      Partial area ratio:    0.12
      Required ratio:    3.00 (Gate area) 
      Cumulative area ratio:    0.12
      Required ratio:    0.00 (Cumulative area) 

    Layer: met1
      Partial area ratio:   14.50
      Required ratio:    0.00 (Gate area) 
      Cumulative area ratio:   14.50
      Required ratio:    0.00 (Cumulative area) 
      Partial area ratio:   71.28
      Required ratio:  400.00 (Side area) 
      Cumulative area ratio:   71.28
      Required ratio:    0.00 (Cumulative side area) 

    Layer: via
      Partial area ratio:    0.23
      Required ratio:    6.00 (Gate area) 
      Cumulative area ratio:    0.34
      Required ratio:    0.00 (Cumulative area) 

    Layer: met2
      Partial area ratio:    5.66
      Required ratio:    0.00 (Gate area) 
      Cumulative area ratio:   20.16
      Required ratio:    0.00 (Cumulative area) 
      Partial area ratio:   27.83
      Required ratio: 2956.40 (Side area) 
      Cumulative area ratio:   99.12
      Required ratio:    0.00 (Cumulative side area) 


  Pin:   _10339_/A1 (sky130_fd_sc_hd__a32o_2)
    Layer: mcon
      Partial area ratio:    0.12
      Required ratio:    3.00 (Gate area) 
      Cumulative area ratio:    0.12
      Required ratio:    0.00 (Cumulative area) 

    Layer: met1
      Partial area ratio:   14.50
      Required ratio:    0.00 (Gate area) 
      Cumulative area ratio:   14.50
      Required ratio:    0.00 (Cumulative area) 
      Partial area ratio:   71.28
      Required ratio:  400.00 (Side area) 
      Cumulative area ratio:   71.28
      Required ratio:    0.00 (Cumulative side area) 

    Layer: via
      Partial area ratio:    0.23
      Required ratio:    6.00 (Gate area) 
      Cumulative area ratio:    0.34
      Required ratio:    0.00 (Cumulative area) 

    Layer: met2
      Partial area ratio:    5.66
      Required ratio:    0.00 (Gate area) 
      Cumulative area ratio:   20.16
      Required ratio:    0.00 (Cumulative area) 
      Partial area ratio:   27.83
      Required ratio: 2956.40 (Side area) 
      Cumulative area ratio:   99.12
      Required ratio:    0.00 (Cumulative side area) 


  Pin:   _10348_/A1 (sky130_fd_sc_hd__a32o_2)
    Layer: mcon
      Partial area ratio:    0.12
      Required ratio:    3.00 (Gate area) 
      Cumulative area ratio:    0.12
      Required ratio:    0.00 (Cumulative area) 

    Layer: met1
      Partial area ratio:    9.71
      Required ratio:    0.00 (Gate area) 
      Cumulative area ratio:    9.71
      Required ratio:    0.00 (Cumulative area) 
      Partial area ratio:   47.79
      Required ratio:  400.00 (Side area) 
      Cumulative area ratio:   47.79
      Required ratio:    0.00 (Cumulative side area) 

    Layer: via
      Partial area ratio:    0.18
      Required ratio:    6.00 (Gate area) 
      Cumulative area ratio:    0.30
      Required ratio:    0.00 (Cumulative area) 

    Layer: met2
      Partial area ratio:    5.66
      Required ratio:    0.00 (Gate area) 
      Cumulative area ratio:   15.36
      Required ratio:    0.00 (Cumulative area) 
      Partial area ratio:   27.83
      Required ratio: 2956.40 (Side area) 
      Cumulative area ratio:   75.62
      Required ratio:    0.00 (Cumulative side area) 


  Pin:   _10349_/A1 (sky130_fd_sc_hd__a32o_2)
    Layer: mcon
      Partial area ratio:    0.12
      Required ratio:    3.00 (Gate area) 
      Cumulative area ratio:    0.12
      Required ratio:    0.00 (Cumulative area) 

    Layer: met1
      Partial area ratio:    1.89
      Required ratio:    0.00 (Gate area) 
      Cumulative area ratio:    1.89
      Required ratio:    0.00 (Cumulative area) 
      Partial area ratio:    8.70
      Required ratio:  400.00 (Side area) 
      Cumulative area ratio:    8.70
      Required ratio:    0.00 (Cumulative side area) 

    Layer: via
      Partial area ratio:    0.18
      Required ratio:    6.00 (Gate area) 
      Cumulative area ratio:    0.30
      Required ratio:    0.00 (Cumulative area) 

    Layer: met2
      Partial area ratio:    5.66
      Required ratio:    0.00 (Gate area) 
      Cumulative area ratio:    7.55
      Required ratio:    0.00 (Cumulative area) 
      Partial area ratio:   27.83
      Required ratio: 2956.40 (Side area) 
      Cumulative area ratio:   36.54
      Required ratio:    0.00 (Cumulative side area) 


  Pin:   _10363_/A1 (sky130_fd_sc_hd__a32o_2)
    Layer: mcon
      Partial area ratio:    0.12
      Required ratio:    3.00 (Gate area) 
      Cumulative area ratio:    0.12
      Required ratio:    0.00 (Cumulative area) 

    Layer: met1
      Partial area ratio:    6.16
      Required ratio:    0.00 (Gate area) 
      Cumulative area ratio:    6.16
      Required ratio:    0.00 (Cumulative area) 
      Partial area ratio:   30.04
      Required ratio:  400.00 (Side area) 
      Cumulative area ratio:   30.04
      Required ratio:    0.00 (Cumulative side area) 

    Layer: via
      Partial area ratio:    0.18
      Required ratio:    6.00 (Gate area) 
      Cumulative area ratio:    0.30
      Required ratio:    0.00 (Cumulative area) 

    Layer: met2
      Partial area ratio:    5.66
      Required ratio:    0.00 (Gate area) 
      Cumulative area ratio:   11.82
      Required ratio:    0.00 (Cumulative area) 
      Partial area ratio:   27.83
      Required ratio: 2956.40 (Side area) 
      Cumulative area ratio:   57.88
      Required ratio:    0.00 (Cumulative side area) 


  Pin:   _10396_/A1 (sky130_fd_sc_hd__a32o_2)
    Layer: mcon
      Partial area ratio:    0.12
      Required ratio:    3.00 (Gate area) 
      Cumulative area ratio:    0.12
      Required ratio:    0.00 (Cumulative area) 

    Layer: met1
      Partial area ratio:    5.87
      Required ratio:    0.00 (Gate area) 
      Cumulative area ratio:    5.87
      Required ratio:    0.00 (Cumulative area) 
      Partial area ratio:   28.59
      Required ratio:  400.00 (Side area) 
      Cumulative area ratio:   28.59
      Required ratio:    0.00 (Cumulative side area) 

    Layer: via
      Partial area ratio:    0.18
      Required ratio:    6.00 (Gate area) 
      Cumulative area ratio:    0.30
      Required ratio:    0.00 (Cumulative area) 

    Layer: met2
      Partial area ratio:    5.66
      Required ratio:    0.00 (Gate area) 
      Cumulative area ratio:   11.52
      Required ratio:    0.00 (Cumulative area) 
      Partial area ratio:   27.83
      Required ratio: 2956.40 (Side area) 
      Cumulative area ratio:   56.42
      Required ratio:    0.00 (Cumulative side area) 


  Pin:   _10398_/A1 (sky130_fd_sc_hd__a32o_2)
    Layer: mcon
      Partial area ratio:    0.12
      Required ratio:    3.00 (Gate area) 
      Cumulative area ratio:    0.12
      Required ratio:    0.00 (Cumulative area) 

    Layer: met1
      Partial area ratio:    1.55
      Required ratio:    0.00 (Gate area) 
      Cumulative area ratio:    1.55
      Required ratio:    0.00 (Cumulative area) 
      Partial area ratio:    7.14
      Required ratio:  400.00 (Side area) 
      Cumulative area ratio:    7.14
      Required ratio:    0.00 (Cumulative side area) 

    Layer: via
      Partial area ratio:    0.18
      Required ratio:    6.00 (Gate area) 
      Cumulative area ratio:    0.30
      Required ratio:    0.00 (Cumulative area) 

    Layer: met2
      Partial area ratio:    5.66
      Required ratio:    0.00 (Gate area) 
      Cumulative area ratio:    7.21
      Required ratio:    0.00 (Cumulative area) 
      Partial area ratio:   27.83
      Required ratio: 2956.40 (Side area) 
      Cumulative area ratio:   34.97
      Required ratio:    0.00 (Cumulative side area) 


  Pin:   _10412_/A1 (sky130_fd_sc_hd__a32o_2)
    Layer: mcon
      Partial area ratio:    0.12
      Required ratio:    3.00 (Gate area) 
      Cumulative area ratio:    0.12
      Required ratio:    0.00 (Cumulative area) 

    Layer: met1
      Partial area ratio:    5.69
      Required ratio:    0.00 (Gate area) 
      Cumulative area ratio:    5.69
      Required ratio:    0.00 (Cumulative area) 
      Partial area ratio:   27.68
      Required ratio:  400.00 (Side area) 
      Cumulative area ratio:   27.68
      Required ratio:    0.00 (Cumulative side area) 

    Layer: via
      Partial area ratio:    0.18
      Required ratio:    6.00 (Gate area) 
      Cumulative area ratio:    0.30
      Required ratio:    0.00 (Cumulative area) 

    Layer: met2
      Partial area ratio:    5.66
      Required ratio:    0.00 (Gate area) 
      Cumulative area ratio:   11.34
      Required ratio:    0.00 (Cumulative area) 
      Partial area ratio:   27.83
      Required ratio: 2956.40 (Side area) 
      Cumulative area ratio:   55.52
      Required ratio:    0.00 (Cumulative side area) 


  Pin:   _10433_/A1 (sky130_fd_sc_hd__a31o_2)
    Layer: mcon
      Partial area ratio:    0.12
      Required ratio:    3.00 (Gate area) 
      Cumulative area ratio:    0.12
      Required ratio:    0.00 (Cumulative area) 

    Layer: met1
      Partial area ratio:    5.88
      Required ratio:    0.00 (Gate area) 
      Cumulative area ratio:    5.88
      Required ratio:    0.00 (Cumulative area) 
      Partial area ratio:   28.46
      Required ratio:  400.00 (Side area) 
      Cumulative area ratio:   28.46
      Required ratio:    0.00 (Cumulative side area) 

    Layer: via
      Partial area ratio:    0.18
      Required ratio:    6.00 (Gate area) 
      Cumulative area ratio:    0.30
      Required ratio:    0.00 (Cumulative area) 

    Layer: met2
      Partial area ratio:    5.66
      Required ratio:    0.00 (Gate area) 
      Cumulative area ratio:   11.54
      Required ratio:    0.00 (Cumulative area) 
      Partial area ratio:   27.83
      Required ratio: 2956.40 (Side area) 
      Cumulative area ratio:   56.29
      Required ratio:    0.00 (Cumulative side area) 


  Pin:   _10464_/A1 (sky130_fd_sc_hd__a32o_2)
    Layer: mcon
      Partial area ratio:    0.12
      Required ratio:    3.00 (Gate area) 
      Cumulative area ratio:    0.12
      Required ratio:    0.00 (Cumulative area) 

    Layer: met1
      Partial area ratio:   12.10
      Required ratio:    0.00 (Gate area) 
      Cumulative area ratio:   12.10
      Required ratio:    0.00 (Cumulative area) 
      Partial area ratio:   59.33
      Required ratio:  400.00 (Side area) 
      Cumulative area ratio:   59.33
      Required ratio:    0.00 (Cumulative side area) 

    Layer: via
      Partial area ratio:    0.27
      Required ratio:    6.00 (Gate area) 
      Cumulative area ratio:    0.39
      Required ratio:    0.00 (Cumulative area) 

    Layer: met2
      Partial area ratio:    5.66
      Required ratio:    0.00 (Gate area) 
      Cumulative area ratio:   17.76
      Required ratio:    0.00 (Cumulative area) 
      Partial area ratio:   27.83
      Required ratio: 2956.40 (Side area) 
      Cumulative area ratio:   87.16
      Required ratio:    0.00 (Cumulative side area) 


  Pin:   _10480_/A1 (sky130_fd_sc_hd__a32o_2)
    Layer: mcon
      Partial area ratio:    0.12
      Required ratio:    3.00 (Gate area) 
      Cumulative area ratio:    0.12
      Required ratio:    0.00 (Cumulative area) 

    Layer: met1
      Partial area ratio:   14.15
      Required ratio:    0.00 (Gate area) 
      Cumulative area ratio:   14.15
      Required ratio:    0.00 (Cumulative area) 
      Partial area ratio:   69.82
      Required ratio:  400.00 (Side area) 
      Cumulative area ratio:   69.82
      Required ratio:    0.00 (Cumulative side area) 

    Layer: via
      Partial area ratio:    0.27
      Required ratio:    6.00 (Gate area) 
      Cumulative area ratio:    0.39
      Required ratio:    0.00 (Cumulative area) 

    Layer: met2
      Partial area ratio:    5.66
      Required ratio:    0.00 (Gate area) 
      Cumulative area ratio:   19.81
      Required ratio:    0.00 (Cumulative area) 
      Partial area ratio:   27.83
      Required ratio: 2956.40 (Side area) 
      Cumulative area ratio:   97.66
      Required ratio:    0.00 (Cumulative side area) 


  Pin:   _10489_/A1 (sky130_fd_sc_hd__a32o_2)
    Layer: mcon
      Partial area ratio:    0.12
      Required ratio:    3.00 (Gate area) 
      Cumulative area ratio:    0.12
      Required ratio:    0.00 (Cumulative area) 

    Layer: met1
      Partial area ratio:    2.34
      Required ratio:    0.00 (Gate area) 
      Cumulative area ratio:    2.34
      Required ratio:    0.00 (Cumulative area) 
      Partial area ratio:   10.95
      Required ratio:  400.00 (Side area) 
      Cumulative area ratio:   10.95
      Required ratio:    0.00 (Cumulative side area) 

    Layer: via
      Partial area ratio:    0.18
      Required ratio:    6.00 (Gate area) 
      Cumulative area ratio:    0.30
      Required ratio:    0.00 (Cumulative area) 

    Layer: met2
      Partial area ratio:    5.66
      Required ratio:    0.00 (Gate area) 
      Cumulative area ratio:    8.00
      Required ratio:    0.00 (Cumulative area) 
      Partial area ratio:   27.83
      Required ratio: 2956.40 (Side area) 
      Cumulative area ratio:   38.79
      Required ratio:    0.00 (Cumulative side area) 


  Pin:   _12414_/B (sky130_fd_sc_hd__or4_2)
    Layer: mcon
      Partial area ratio:    0.23
      Required ratio:    3.00 (Gate area) 
      Cumulative area ratio:    0.23
      Required ratio:    0.00 (Cumulative area) 

    Layer: met1
      Partial area ratio:   11.66
      Required ratio:    0.00 (Gate area) 
      Cumulative area ratio:   11.66
      Required ratio:    0.00 (Cumulative area) 
      Partial area ratio:   56.81
      Required ratio:  400.00 (Side area) 
      Cumulative area ratio:   56.81
      Required ratio:    0.00 (Cumulative side area) 

    Layer: via
      Partial area ratio:    0.36
      Required ratio:    6.00 (Gate area) 
      Cumulative area ratio:    0.59
      Required ratio:    0.00 (Cumulative area) 

    Layer: met2
      Partial area ratio:    5.66
      Required ratio:    0.00 (Gate area) 
      Cumulative area ratio:   17.31
      Required ratio:    0.00 (Cumulative area) 
      Partial area ratio:   27.83
      Required ratio: 2956.40 (Side area) 
      Cumulative area ratio:   84.64
      Required ratio:    0.00 (Cumulative side area) 


  Pin:   _12432_/B (sky130_fd_sc_hd__or4_2)
    Layer: mcon
      Partial area ratio:    0.23
      Required ratio:    3.00 (Gate area) 
      Cumulative area ratio:    0.23
      Required ratio:    0.00 (Cumulative area) 

    Layer: met1
      Partial area ratio:   19.43
      Required ratio:    0.00 (Gate area) 
      Cumulative area ratio:   19.43
      Required ratio:    0.00 (Cumulative area) 
      Partial area ratio:   95.69
      Required ratio:  400.00 (Side area) 
      Cumulative area ratio:   95.69
      Required ratio:    0.00 (Cumulative side area) 

    Layer: via
      Partial area ratio:    0.36
      Required ratio:    6.00 (Gate area) 
      Cumulative area ratio:    0.59
      Required ratio:    0.00 (Cumulative area) 

    Layer: met2
      Partial area ratio:    5.66
      Required ratio:    0.00 (Gate area) 
      Cumulative area ratio:   25.09
      Required ratio:    0.00 (Cumulative area) 
      Partial area ratio:   27.83
      Required ratio: 2956.40 (Side area) 
      Cumulative area ratio:  123.53
      Required ratio:    0.00 (Cumulative side area) 


  Pin:   _12486_/B (sky130_fd_sc_hd__or4_2)
    Layer: mcon
      Partial area ratio:    0.23
      Required ratio:    3.00 (Gate area) 
      Cumulative area ratio:    0.23
      Required ratio:    0.00 (Cumulative area) 

    Layer: met1
      Partial area ratio:   81.06
      Required ratio:    0.00 (Gate area) 
      Cumulative area ratio:   81.06
      Required ratio:    0.00 (Cumulative area) 
      Partial area ratio:  402.97
      Required ratio:  400.00 (Side area) (VIOLATED)
      Cumulative area ratio:  402.97
      Required ratio:    0.00 (Cumulative side area) 

    Layer: via
      Partial area ratio:    0.54
      Required ratio:    6.00 (Gate area) 
      Cumulative area ratio:    0.77
      Required ratio:    0.00 (Cumulative area) 

    Layer: met2
      Partial area ratio:    5.66
      Required ratio:    0.00 (Gate area) 
      Cumulative area ratio:   86.72
      Required ratio:    0.00 (Cumulative area) 
      Partial area ratio:   27.83
      Required ratio: 2956.40 (Side area) 
      Cumulative area ratio:  430.81
      Required ratio:    0.00 (Cumulative side area) 


  Pin:   _12504_/B (sky130_fd_sc_hd__or4_2)
    Layer: mcon
      Partial area ratio:    0.23
      Required ratio:    3.00 (Gate area) 
      Cumulative area ratio:    0.23
      Required ratio:    0.00 (Cumulative area) 

    Layer: met1
      Partial area ratio:    4.80
      Required ratio:    0.00 (Gate area) 
      Cumulative area ratio:    4.80
      Required ratio:    0.00 (Cumulative area) 
      Partial area ratio:   22.33
      Required ratio:  400.00 (Side area) 
      Cumulative area ratio:   22.33
      Required ratio:    0.00 (Cumulative side area) 

    Layer: via
      Partial area ratio:    0.36
      Required ratio:    6.00 (Gate area) 
      Cumulative area ratio:    0.59
      Required ratio:    0.00 (Cumulative area) 

    Layer: met2
      Partial area ratio:    5.66
      Required ratio:    0.00 (Gate area) 
      Cumulative area ratio:   10.46
      Required ratio:    0.00 (Cumulative area) 
      Partial area ratio:   27.83
      Required ratio: 2956.40 (Side area) 
      Cumulative area ratio:   50.17
      Required ratio:    0.00 (Cumulative side area) 


  Pin:   place1104/A (sky130_fd_sc_hd__buf_4)
    Layer: mcon
      Partial area ratio:    0.12
      Required ratio:    3.00 (Gate area) 
      Cumulative area ratio:    0.12
      Required ratio:    0.00 (Cumulative area) 

    Layer: met1
      Partial area ratio:    0.81
      Required ratio:    0.00 (Gate area) 
      Cumulative area ratio:    0.81
      Required ratio:    0.00 (Cumulative area) 
      Partial area ratio:    3.51
      Required ratio:  400.00 (Side area) 
      Cumulative area ratio:    3.51
      Required ratio:    0.00 (Cumulative side area) 

    Layer: via
      Partial area ratio:    0.18
      Required ratio:    6.00 (Gate area) 
      Cumulative area ratio:    0.30
      Required ratio:    0.00 (Cumulative area) 

    Layer: met2
      Partial area ratio:    5.66
      Required ratio:    0.00 (Gate area) 
      Cumulative area ratio:    6.47
      Required ratio:    0.00 (Cumulative area) 
      Partial area ratio:   27.83
      Required ratio: 2956.40 (Side area) 
      Cumulative area ratio:   31.34
      Required ratio:    0.00 (Cumulative side area) 


  Pin:   place1105/A (sky130_fd_sc_hd__buf_4)
    Layer: mcon
      Partial area ratio:    0.12
      Required ratio:    3.00 (Gate area) 
      Cumulative area ratio:    0.12
      Required ratio:    0.00 (Cumulative area) 

    Layer: met1
      Partial area ratio:    6.40
      Required ratio:    0.00 (Gate area) 
      Cumulative area ratio:    6.40
      Required ratio:    0.00 (Cumulative area) 
      Partial area ratio:   31.25
      Required ratio:  400.00 (Side area) 
      Cumulative area ratio:   31.25
      Required ratio:    0.00 (Cumulative side area) 

    Layer: via
      Partial area ratio:    0.18
      Required ratio:    6.00 (Gate area) 
      Cumulative area ratio:    0.30
      Required ratio:    0.00 (Cumulative area) 

    Layer: met2
      Partial area ratio:    5.66
      Required ratio:    0.00 (Gate area) 
      Cumulative area ratio:   12.06
      Required ratio:    0.00 (Cumulative area) 
      Partial area ratio:   27.83
      Required ratio: 2956.40 (Side area) 
      Cumulative area ratio:   59.09
      Required ratio:    0.00 (Cumulative side area) 


  Pin:   place1108/A (sky130_fd_sc_hd__buf_4)
    Layer: mcon
      Partial area ratio:    0.12
      Required ratio:    3.00 (Gate area) 
      Cumulative area ratio:    0.12
      Required ratio:    0.00 (Cumulative area) 

    Layer: met1
      Partial area ratio:    3.70
      Required ratio:    0.00 (Gate area) 
      Cumulative area ratio:    3.70
      Required ratio:    0.00 (Cumulative area) 
      Partial area ratio:   17.76
      Required ratio:  400.00 (Side area) 
      Cumulative area ratio:   17.76
      Required ratio:    0.00 (Cumulative side area) 

    Layer: via
      Partial area ratio:    0.18
      Required ratio:    6.00 (Gate area) 
      Cumulative area ratio:    0.30
      Required ratio:    0.00 (Cumulative area) 

    Layer: met2
      Partial area ratio:    5.66
      Required ratio:    0.00 (Gate area) 
      Cumulative area ratio:    9.36
      Required ratio:    0.00 (Cumulative area) 
      Partial area ratio:   27.83
      Required ratio: 2956.40 (Side area) 
      Cumulative area ratio:   45.59
      Required ratio:    0.00 (Cumulative side area) 



Net: net1114
  Pin:   _09081_/C (sky130_fd_sc_hd__nand3_2)
    Layer: mcon
      Partial area ratio:    0.06
      Required ratio:    3.00 (Gate area) 
      Cumulative area ratio:    0.06
      Required ratio:    0.00 (Cumulative area) 

    Layer: met1
      Partial area ratio:    4.85
      Required ratio:    0.00 (Gate area) 
      Cumulative area ratio:    4.85
      Required ratio:    0.00 (Cumulative area) 
      Partial area ratio:   23.88
      Required ratio:  400.00 (Side area) 
      Cumulative area ratio:   23.88
      Required ratio:    0.00 (Cumulative side area) 

    Layer: via
      Partial area ratio:    0.06
      Required ratio:    6.00 (Gate area) 
      Cumulative area ratio:    0.12
      Required ratio:    0.00 (Cumulative area) 

    Layer: met2
      Partial area ratio:    5.36
      Required ratio:    0.00 (Gate area) 
      Cumulative area ratio:   10.21
      Required ratio:    0.00 (Cumulative area) 
      Partial area ratio:   26.47
      Required ratio: 2956.40 (Side area) 
      Cumulative area ratio:   50.35
      Required ratio:    0.00 (Cumulative side area) 


  Pin:   _09085_/A (sky130_fd_sc_hd__nand2_2)
    Layer: mcon
      Partial area ratio:    0.06
      Required ratio:    3.00 (Gate area) 
      Cumulative area ratio:    0.06
      Required ratio:    0.00 (Cumulative area) 

    Layer: met1
      Partial area ratio:    4.74
      Required ratio:    0.00 (Gate area) 
      Cumulative area ratio:    4.74
      Required ratio:    0.00 (Cumulative area) 
      Partial area ratio:   22.88
      Required ratio:  400.00 (Side area) 
      Cumulative area ratio:   22.88
      Required ratio:    0.00 (Cumulative side area) 

    Layer: via
      Partial area ratio:    0.12
      Required ratio:    6.00 (Gate area) 
      Cumulative area ratio:    0.18
      Required ratio:    0.00 (Cumulative area) 

    Layer: met2
      Partial area ratio:    5.36
      Required ratio:    0.00 (Gate area) 
      Cumulative area ratio:   10.10
      Required ratio:    0.00 (Cumulative area) 
      Partial area ratio:   26.47
      Required ratio: 2956.40 (Side area) 
      Cumulative area ratio:   49.34
      Required ratio:    0.00 (Cumulative side area) 


  Pin:   _09088_/C_N (sky130_fd_sc_hd__or3b_2)
    Layer: mcon
      Partial area ratio:    0.23
      Required ratio:    3.00 (Gate area) 
      Cumulative area ratio:    0.23
      Required ratio:    0.00 (Cumulative area) 

    Layer: met1
      Partial area ratio:    5.06
      Required ratio:    0.00 (Gate area) 
      Cumulative area ratio:    5.06
      Required ratio:    0.00 (Cumulative area) 
      Partial area ratio:   23.85
      Required ratio:  400.00 (Side area) 
      Cumulative area ratio:   23.85
      Required ratio:    0.00 (Cumulative side area) 

    Layer: via
      Partial area ratio:    0.36
      Required ratio:    6.00 (Gate area) 
      Cumulative area ratio:    0.59
      Required ratio:    0.00 (Cumulative area) 

    Layer: met2
      Partial area ratio:    5.36
      Required ratio:    0.00 (Gate area) 
      Cumulative area ratio:   10.43
      Required ratio:    0.00 (Cumulative area) 
      Partial area ratio:   26.47
      Required ratio: 2956.40 (Side area) 
      Cumulative area ratio:   50.32
      Required ratio:    0.00 (Cumulative side area) 


  Pin:   _09090_/C (sky130_fd_sc_hd__or3_2)
    Layer: mcon
      Partial area ratio:    0.23
      Required ratio:    3.00 (Gate area) 
      Cumulative area ratio:    0.23
      Required ratio:    0.00 (Cumulative area) 

    Layer: met1
      Partial area ratio:    4.33
      Required ratio:    0.00 (Gate area) 
      Cumulative area ratio:    4.33
      Required ratio:    0.00 (Cumulative area) 
      Partial area ratio:   20.03
      Required ratio:  400.00 (Side area) 
      Cumulative area ratio:   20.03
      Required ratio:    0.00 (Cumulative side area) 

    Layer: via
      Partial area ratio:    0.36
      Required ratio:    6.00 (Gate area) 
      Cumulative area ratio:    0.59
      Required ratio:    0.00 (Cumulative area) 

    Layer: met2
      Partial area ratio:    5.36
      Required ratio:    0.00 (Gate area) 
      Cumulative area ratio:    9.69
      Required ratio:    0.00 (Cumulative area) 
      Partial area ratio:   26.47
      Required ratio: 2956.40 (Side area) 
      Cumulative area ratio:   46.50
      Required ratio:    0.00 (Cumulative side area) 


  Pin:   _09093_/A_N (sky130_fd_sc_hd__nand3b_1)
    Layer: mcon
      Partial area ratio:    0.23
      Required ratio:    3.00 (Gate area) 
      Cumulative area ratio:    0.23
      Required ratio:    0.00 (Cumulative area) 

    Layer: met1
      Partial area ratio:    4.74
      Required ratio:    0.00 (Gate area) 
      Cumulative area ratio:    4.74
      Required ratio:    0.00 (Cumulative area) 
      Partial area ratio:   22.88
      Required ratio:  400.00 (Side area) 
      Cumulative area ratio:   22.88
      Required ratio:    0.00 (Cumulative side area) 

    Layer: via
      Partial area ratio:    0.12
      Required ratio:    6.00 (Gate area) 
      Cumulative area ratio:    0.35
      Required ratio:    0.00 (Cumulative area) 

    Layer: met2
      Partial area ratio:    5.36
      Required ratio:    0.00 (Gate area) 
      Cumulative area ratio:   10.10
      Required ratio:    0.00 (Cumulative area) 
      Partial area ratio:   26.47
      Required ratio: 2956.40 (Side area) 
      Cumulative area ratio:   49.34
      Required ratio:    0.00 (Cumulative side area) 


  Pin:   _09096_/A (sky130_fd_sc_hd__nor2_2)
    Layer: mcon
      Partial area ratio:    0.06
      Required ratio:    3.00 (Gate area) 
      Cumulative area ratio:    0.06
      Required ratio:    0.00 (Cumulative area) 

    Layer: met1
      Partial area ratio:    1.62
      Required ratio:    0.00 (Gate area) 
      Cumulative area ratio:    1.62
      Required ratio:    0.00 (Cumulative area) 
      Partial area ratio:    7.72
      Required ratio:  400.00 (Side area) 
      Cumulative area ratio:    7.72
      Required ratio:    0.00 (Cumulative side area) 

    Layer: via
      Partial area ratio:    0.09
      Required ratio:    6.00 (Gate area) 
      Cumulative area ratio:    0.15
      Required ratio:    0.00 (Cumulative area) 

    Layer: met2
      Partial area ratio:    5.36
      Required ratio:    0.00 (Gate area) 
      Cumulative area ratio:    6.98
      Required ratio:    0.00 (Cumulative area) 
      Partial area ratio:   26.47
      Required ratio: 2956.40 (Side area) 
      Cumulative area ratio:   34.19
      Required ratio:    0.00 (Cumulative side area) 


  Pin:   _09098_/A (sky130_fd_sc_hd__nand2_2)
    Layer: mcon
      Partial area ratio:    0.06
      Required ratio:    3.00 (Gate area) 
      Cumulative area ratio:    0.06
      Required ratio:    0.00 (Cumulative area) 

    Layer: met1
      Partial area ratio:    8.50
      Required ratio:    0.00 (Gate area) 
      Cumulative area ratio:    8.50
      Required ratio:    0.00 (Cumulative area) 
      Partial area ratio:   42.07
      Required ratio:  400.00 (Side area) 
      Cumulative area ratio:   42.07
      Required ratio:    0.00 (Cumulative side area) 

    Layer: via
      Partial area ratio:    0.09
      Required ratio:    6.00 (Gate area) 
      Cumulative area ratio:    0.15
      Required ratio:    0.00 (Cumulative area) 

    Layer: met2
      Partial area ratio:    5.36
      Required ratio:    0.00 (Gate area) 
      Cumulative area ratio:   13.86
      Required ratio:    0.00 (Cumulative area) 
      Partial area ratio:   26.47
      Required ratio: 2956.40 (Side area) 
      Cumulative area ratio:   68.54
      Required ratio:    0.00 (Cumulative side area) 


  Pin:   _09819_/A1 (sky130_fd_sc_hd__a32o_2)
    Layer: mcon
      Partial area ratio:    0.12
      Required ratio:    3.00 (Gate area) 
      Cumulative area ratio:    0.12
      Required ratio:    0.00 (Cumulative area) 

    Layer: met1
      Partial area ratio:    1.94
      Required ratio:    0.00 (Gate area) 
      Cumulative area ratio:    1.94
      Required ratio:    0.00 (Cumulative area) 
      Partial area ratio:    8.93
      Required ratio:  400.00 (Side area) 
      Cumulative area ratio:    8.93
      Required ratio:    0.00 (Cumulative side area) 

    Layer: via
      Partial area ratio:    0.18
      Required ratio:    6.00 (Gate area) 
      Cumulative area ratio:    0.30
      Required ratio:    0.00 (Cumulative area) 

    Layer: met2
      Partial area ratio:    5.36
      Required ratio:    0.00 (Gate area) 
      Cumulative area ratio:    7.30
      Required ratio:    0.00 (Cumulative area) 
      Partial area ratio:   26.47
      Required ratio: 2956.40 (Side area) 
      Cumulative area ratio:   35.40
      Required ratio:    0.00 (Cumulative side area) 


  Pin:   _09820_/A1 (sky130_fd_sc_hd__a31o_2)
    Layer: mcon
      Partial area ratio:    0.12
      Required ratio:    3.00 (Gate area) 
      Cumulative area ratio:    0.12
      Required ratio:    0.00 (Cumulative area) 

    Layer: met1
      Partial area ratio:    6.22
      Required ratio:    0.00 (Gate area) 
      Cumulative area ratio:    6.22
      Required ratio:    0.00 (Cumulative area) 
      Partial area ratio:   30.13
      Required ratio:  400.00 (Side area) 
      Cumulative area ratio:   30.13
      Required ratio:    0.00 (Cumulative side area) 

    Layer: via
      Partial area ratio:    0.18
      Required ratio:    6.00 (Gate area) 
      Cumulative area ratio:    0.30
      Required ratio:    0.00 (Cumulative area) 

    Layer: met2
      Partial area ratio:    5.36
      Required ratio:    0.00 (Gate area) 
      Cumulative area ratio:   11.58
      Required ratio:    0.00 (Cumulative area) 
      Partial area ratio:   26.47
      Required ratio: 2956.40 (Side area) 
      Cumulative area ratio:   56.60
      Required ratio:    0.00 (Cumulative side area) 


  Pin:   _09821_/A1 (sky130_fd_sc_hd__a311o_2)
    Layer: mcon
      Partial area ratio:    0.12
      Required ratio:    3.00 (Gate area) 
      Cumulative area ratio:    0.12
      Required ratio:    0.00 (Cumulative area) 

    Layer: met1
      Partial area ratio:    6.22
      Required ratio:    0.00 (Gate area) 
      Cumulative area ratio:    6.22
      Required ratio:    0.00 (Cumulative area) 
      Partial area ratio:   30.13
      Required ratio:  400.00 (Side area) 
      Cumulative area ratio:   30.13
      Required ratio:    0.00 (Cumulative side area) 

    Layer: via
      Partial area ratio:    0.18
      Required ratio:    6.00 (Gate area) 
      Cumulative area ratio:    0.30
      Required ratio:    0.00 (Cumulative area) 

    Layer: met2
      Partial area ratio:    5.36
      Required ratio:    0.00 (Gate area) 
      Cumulative area ratio:   11.58
      Required ratio:    0.00 (Cumulative area) 
      Partial area ratio:   26.47
      Required ratio: 2956.40 (Side area) 
      Cumulative area ratio:   56.60
      Required ratio:    0.00 (Cumulative side area) 


  Pin:   _09963_/A1 (sky130_fd_sc_hd__a31o_2)
    Layer: mcon
      Partial area ratio:    0.12
      Required ratio:    3.00 (Gate area) 
      Cumulative area ratio:    0.12
      Required ratio:    0.00 (Cumulative area) 

    Layer: met1
      Partial area ratio:    4.74
      Required ratio:    0.00 (Gate area) 
      Cumulative area ratio:    4.74
      Required ratio:    0.00 (Cumulative area) 
      Partial area ratio:   22.88
      Required ratio:  400.00 (Side area) 
      Cumulative area ratio:   22.88
      Required ratio:    0.00 (Cumulative side area) 

    Layer: via
      Partial area ratio:    0.12
      Required ratio:    6.00 (Gate area) 
      Cumulative area ratio:    0.24
      Required ratio:    0.00 (Cumulative area) 

    Layer: met2
      Partial area ratio:    5.36
      Required ratio:    0.00 (Gate area) 
      Cumulative area ratio:   10.10
      Required ratio:    0.00 (Cumulative area) 
      Partial area ratio:   26.47
      Required ratio: 2956.40 (Side area) 
      Cumulative area ratio:   49.34
      Required ratio:    0.00 (Cumulative side area) 


  Pin:   _10079_/A3 (sky130_fd_sc_hd__a41o_2)
    Layer: mcon
      Partial area ratio:    0.12
      Required ratio:    3.00 (Gate area) 
      Cumulative area ratio:    0.12
      Required ratio:    0.00 (Cumulative area) 

    Layer: met1
      Partial area ratio:    9.13
      Required ratio:    0.00 (Gate area) 
      Cumulative area ratio:    9.13
      Required ratio:    0.00 (Cumulative area) 
      Partial area ratio:   44.91
      Required ratio:  400.00 (Side area) 
      Cumulative area ratio:   44.91
      Required ratio:    0.00 (Cumulative side area) 

    Layer: via
      Partial area ratio:    0.18
      Required ratio:    6.00 (Gate area) 
      Cumulative area ratio:    0.30
      Required ratio:    0.00 (Cumulative area) 

    Layer: met2
      Partial area ratio:    5.36
      Required ratio:    0.00 (Gate area) 
      Cumulative area ratio:   14.50
      Required ratio:    0.00 (Cumulative area) 
      Partial area ratio:   26.47
      Required ratio: 2956.40 (Side area) 
      Cumulative area ratio:   71.38
      Required ratio:    0.00 (Cumulative side area) 


  Pin:   _10171_/A1 (sky130_fd_sc_hd__a32o_2)
    Layer: mcon
      Partial area ratio:    0.12
      Required ratio:    3.00 (Gate area) 
      Cumulative area ratio:    0.12
      Required ratio:    0.00 (Cumulative area) 

    Layer: met1
      Partial area ratio:    4.89
      Required ratio:    0.00 (Gate area) 
      Cumulative area ratio:    4.89
      Required ratio:    0.00 (Cumulative area) 
      Partial area ratio:   23.72
      Required ratio:  400.00 (Side area) 
      Cumulative area ratio:   23.72
      Required ratio:    0.00 (Cumulative side area) 

    Layer: via
      Partial area ratio:    0.18
      Required ratio:    6.00 (Gate area) 
      Cumulative area ratio:    0.30
      Required ratio:    0.00 (Cumulative area) 

    Layer: met2
      Partial area ratio:    5.36
      Required ratio:    0.00 (Gate area) 
      Cumulative area ratio:   10.26
      Required ratio:    0.00 (Cumulative area) 
      Partial area ratio:   26.47
      Required ratio: 2956.40 (Side area) 
      Cumulative area ratio:   50.19
      Required ratio:    0.00 (Cumulative side area) 


  Pin:   _10254_/C (sky130_fd_sc_hd__and4_2)
    Layer: mcon
      Partial area ratio:    0.23
      Required ratio:    3.00 (Gate area) 
      Cumulative area ratio:    0.23
      Required ratio:    0.00 (Cumulative area) 

    Layer: met1
      Partial area ratio:   10.94
      Required ratio:    0.00 (Gate area) 
      Cumulative area ratio:   10.94
      Required ratio:    0.00 (Cumulative area) 
      Partial area ratio:   53.25
      Required ratio:  400.00 (Side area) 
      Cumulative area ratio:   53.25
      Required ratio:    0.00 (Cumulative side area) 

    Layer: via
      Partial area ratio:    0.36
      Required ratio:    6.00 (Gate area) 
      Cumulative area ratio:    0.59
      Required ratio:    0.00 (Cumulative area) 

    Layer: met2
      Partial area ratio:    5.36
      Required ratio:    0.00 (Gate area) 
      Cumulative area ratio:   16.31
      Required ratio:    0.00 (Cumulative area) 
      Partial area ratio:   26.47
      Required ratio: 2956.40 (Side area) 
      Cumulative area ratio:   79.72
      Required ratio:    0.00 (Cumulative side area) 


  Pin:   _10280_/A1 (sky130_fd_sc_hd__a32o_2)
    Layer: mcon
      Partial area ratio:    0.12
      Required ratio:    3.00 (Gate area) 
      Cumulative area ratio:    0.12
      Required ratio:    0.00 (Cumulative area) 

    Layer: met1
      Partial area ratio:    4.74
      Required ratio:    0.00 (Gate area) 
      Cumulative area ratio:    4.74
      Required ratio:    0.00 (Cumulative area) 
      Partial area ratio:   22.88
      Required ratio:  400.00 (Side area) 
      Cumulative area ratio:   22.88
      Required ratio:    0.00 (Cumulative side area) 

    Layer: via
      Partial area ratio:    0.12
      Required ratio:    6.00 (Gate area) 
      Cumulative area ratio:    0.24
      Required ratio:    0.00 (Cumulative area) 

    Layer: met2
      Partial area ratio:    5.36
      Required ratio:    0.00 (Gate area) 
      Cumulative area ratio:   10.10
      Required ratio:    0.00 (Cumulative area) 
      Partial area ratio:   26.47
      Required ratio: 2956.40 (Side area) 
      Cumulative area ratio:   49.34
      Required ratio:    0.00 (Cumulative side area) 


  Pin:   _10282_/A1 (sky130_fd_sc_hd__a32o_2)
    Layer: mcon
      Partial area ratio:    0.12
      Required ratio:    3.00 (Gate area) 
      Cumulative area ratio:    0.12
      Required ratio:    0.00 (Cumulative area) 

    Layer: met1
      Partial area ratio:    3.82
      Required ratio:    0.00 (Gate area) 
      Cumulative area ratio:    3.82
      Required ratio:    0.00 (Cumulative area) 
      Partial area ratio:   18.36
      Required ratio:  400.00 (Side area) 
      Cumulative area ratio:   18.36
      Required ratio:    0.00 (Cumulative side area) 

    Layer: via
      Partial area ratio:    0.18
      Required ratio:    6.00 (Gate area) 
      Cumulative area ratio:    0.30
      Required ratio:    0.00 (Cumulative area) 

    Layer: met2
      Partial area ratio:    5.36
      Required ratio:    0.00 (Gate area) 
      Cumulative area ratio:    9.18
      Required ratio:    0.00 (Cumulative area) 
      Partial area ratio:   26.47
      Required ratio: 2956.40 (Side area) 
      Cumulative area ratio:   44.83
      Required ratio:    0.00 (Cumulative side area) 


  Pin:   _10310_/A1 (sky130_fd_sc_hd__a32o_2)
    Layer: mcon
      Partial area ratio:    0.12
      Required ratio:    3.00 (Gate area) 
      Cumulative area ratio:    0.12
      Required ratio:    0.00 (Cumulative area) 

    Layer: met1
      Partial area ratio:    1.64
      Required ratio:    0.00 (Gate area) 
      Cumulative area ratio:    1.64
      Required ratio:    0.00 (Cumulative area) 
      Partial area ratio:    7.54
      Required ratio:  400.00 (Side area) 
      Cumulative area ratio:    7.54
      Required ratio:    0.00 (Cumulative side area) 

    Layer: via
      Partial area ratio:    0.18
      Required ratio:    6.00 (Gate area) 
      Cumulative area ratio:    0.30
      Required ratio:    0.00 (Cumulative area) 

    Layer: met2
      Partial area ratio:    5.36
      Required ratio:    0.00 (Gate area) 
      Cumulative area ratio:    7.01
      Required ratio:    0.00 (Cumulative area) 
      Partial area ratio:   26.47
      Required ratio: 2956.40 (Side area) 
      Cumulative area ratio:   34.01
      Required ratio:    0.00 (Cumulative side area) 


  Pin:   _10316_/A1 (sky130_fd_sc_hd__a32o_2)
    Layer: mcon
      Partial area ratio:    0.12
      Required ratio:    3.00 (Gate area) 
      Cumulative area ratio:    0.12
      Required ratio:    0.00 (Cumulative area) 

    Layer: met1
      Partial area ratio:    6.32
      Required ratio:    0.00 (Gate area) 
      Cumulative area ratio:    6.32
      Required ratio:    0.00 (Cumulative area) 
      Partial area ratio:   30.66
      Required ratio:  400.00 (Side area) 
      Cumulative area ratio:   30.66
      Required ratio:    0.00 (Cumulative side area) 

    Layer: via
      Partial area ratio:    0.18
      Required ratio:    6.00 (Gate area) 
      Cumulative area ratio:    0.30
      Required ratio:    0.00 (Cumulative area) 

    Layer: met2
      Partial area ratio:    5.36
      Required ratio:    0.00 (Gate area) 
      Cumulative area ratio:   11.68
      Required ratio:    0.00 (Cumulative area) 
      Partial area ratio:   26.47
      Required ratio: 2956.40 (Side area) 
      Cumulative area ratio:   57.13
      Required ratio:    0.00 (Cumulative side area) 


  Pin:   _10352_/A1 (sky130_fd_sc_hd__a32o_2)
    Layer: mcon
      Partial area ratio:    0.12
      Required ratio:    3.00 (Gate area) 
      Cumulative area ratio:    0.12
      Required ratio:    0.00 (Cumulative area) 

    Layer: met1
      Partial area ratio:   12.54
      Required ratio:    0.00 (Gate area) 
      Cumulative area ratio:   12.54
      Required ratio:    0.00 (Cumulative area) 
      Partial area ratio:   61.26
      Required ratio:  400.00 (Side area) 
      Cumulative area ratio:   61.26
      Required ratio:    0.00 (Cumulative side area) 

    Layer: via
      Partial area ratio:    0.28
      Required ratio:    6.00 (Gate area) 
      Cumulative area ratio:    0.39
      Required ratio:    0.00 (Cumulative area) 

    Layer: met2
      Partial area ratio:    5.36
      Required ratio:    0.00 (Gate area) 
      Cumulative area ratio:   17.90
      Required ratio:    0.00 (Cumulative area) 
      Partial area ratio:   26.47
      Required ratio: 2956.40 (Side area) 
      Cumulative area ratio:   87.73
      Required ratio:    0.00 (Cumulative side area) 


  Pin:   _10354_/A1 (sky130_fd_sc_hd__a32o_2)
    Layer: mcon
      Partial area ratio:    0.12
      Required ratio:    3.00 (Gate area) 
      Cumulative area ratio:    0.12
      Required ratio:    0.00 (Cumulative area) 

    Layer: met1
      Partial area ratio:    2.14
      Required ratio:    0.00 (Gate area) 
      Cumulative area ratio:    2.14
      Required ratio:    0.00 (Cumulative area) 
      Partial area ratio:    9.90
      Required ratio:  400.00 (Side area) 
      Cumulative area ratio:    9.90
      Required ratio:    0.00 (Cumulative side area) 

    Layer: via
      Partial area ratio:    0.18
      Required ratio:    6.00 (Gate area) 
      Cumulative area ratio:    0.30
      Required ratio:    0.00 (Cumulative area) 

    Layer: met2
      Partial area ratio:    5.36
      Required ratio:    0.00 (Gate area) 
      Cumulative area ratio:    7.50
      Required ratio:    0.00 (Cumulative area) 
      Partial area ratio:   26.47
      Required ratio: 2956.40 (Side area) 
      Cumulative area ratio:   36.37
      Required ratio:    0.00 (Cumulative side area) 


  Pin:   _10434_/A1 (sky130_fd_sc_hd__a32o_2)
    Layer: mcon
      Partial area ratio:    0.12
      Required ratio:    3.00 (Gate area) 
      Cumulative area ratio:    0.12
      Required ratio:    0.00 (Cumulative area) 

    Layer: met1
      Partial area ratio:    4.85
      Required ratio:    0.00 (Gate area) 
      Cumulative area ratio:    4.85
      Required ratio:    0.00 (Cumulative area) 
      Partial area ratio:   23.88
      Required ratio:  400.00 (Side area) 
      Cumulative area ratio:   23.88
      Required ratio:    0.00 (Cumulative side area) 

    Layer: via
      Partial area ratio:    0.06
      Required ratio:    6.00 (Gate area) 
      Cumulative area ratio:    0.18
      Required ratio:    0.00 (Cumulative area) 

    Layer: met2
      Partial area ratio:    5.36
      Required ratio:    0.00 (Gate area) 
      Cumulative area ratio:   10.21
      Required ratio:    0.00 (Cumulative area) 
      Partial area ratio:   26.47
      Required ratio: 2956.40 (Side area) 
      Cumulative area ratio:   50.35
      Required ratio:    0.00 (Cumulative side area) 


  Pin:   _10437_/A1 (sky130_fd_sc_hd__a32o_2)
    Layer: mcon
      Partial area ratio:    0.12
      Required ratio:    3.00 (Gate area) 
      Cumulative area ratio:    0.12
      Required ratio:    0.00 (Cumulative area) 

    Layer: met1
      Partial area ratio:    6.32
      Required ratio:    0.00 (Gate area) 
      Cumulative area ratio:    6.32
      Required ratio:    0.00 (Cumulative area) 
      Partial area ratio:   30.66
      Required ratio:  400.00 (Side area) 
      Cumulative area ratio:   30.66
      Required ratio:    0.00 (Cumulative side area) 

    Layer: via
      Partial area ratio:    0.18
      Required ratio:    6.00 (Gate area) 
      Cumulative area ratio:    0.30
      Required ratio:    0.00 (Cumulative area) 

    Layer: met2
      Partial area ratio:    5.36
      Required ratio:    0.00 (Gate area) 
      Cumulative area ratio:   11.68
      Required ratio:    0.00 (Cumulative area) 
      Partial area ratio:   26.47
      Required ratio: 2956.40 (Side area) 
      Cumulative area ratio:   57.13
      Required ratio:    0.00 (Cumulative side area) 


  Pin:   _10448_/C (sky130_fd_sc_hd__and4_2)
    Layer: mcon
      Partial area ratio:    0.23
      Required ratio:    3.00 (Gate area) 
      Cumulative area ratio:    0.23
      Required ratio:    0.00 (Cumulative area) 

    Layer: met1
      Partial area ratio:  116.93
      Required ratio:    0.00 (Gate area) 
      Cumulative area ratio:  116.93
      Required ratio:    0.00 (Cumulative area) 
      Partial area ratio:  581.08
      Required ratio:  400.00 (Side area) (VIOLATED)
      Cumulative area ratio:  581.08
      Required ratio:    0.00 (Cumulative side area) 

    Layer: via
      Partial area ratio:    0.71
      Required ratio:    6.00 (Gate area) 
      Cumulative area ratio:    0.94
      Required ratio:    0.00 (Cumulative area) 

    Layer: met2
      Partial area ratio:    5.36
      Required ratio:    0.00 (Gate area) 
      Cumulative area ratio:  122.29
      Required ratio:    0.00 (Cumulative area) 
      Partial area ratio:   26.47
      Required ratio: 2956.40 (Side area) 
      Cumulative area ratio:  607.55
      Required ratio:    0.00 (Cumulative side area) 


  Pin:   _10450_/A1 (sky130_fd_sc_hd__a32o_2)
    Layer: mcon
      Partial area ratio:    0.12
      Required ratio:    3.00 (Gate area) 
      Cumulative area ratio:    0.12
      Required ratio:    0.00 (Cumulative area) 

    Layer: met1
      Partial area ratio:    4.35
      Required ratio:    0.00 (Gate area) 
      Cumulative area ratio:    4.35
      Required ratio:    0.00 (Cumulative area) 
      Partial area ratio:   21.04
      Required ratio:  400.00 (Side area) 
      Cumulative area ratio:   21.04
      Required ratio:    0.00 (Cumulative side area) 

    Layer: via
      Partial area ratio:    0.14
      Required ratio:    6.00 (Gate area) 
      Cumulative area ratio:    0.25
      Required ratio:    0.00 (Cumulative area) 

    Layer: met2
      Partial area ratio:    5.36
      Required ratio:    0.00 (Gate area) 
      Cumulative area ratio:    9.72
      Required ratio:    0.00 (Cumulative area) 
      Partial area ratio:   26.47
      Required ratio: 2956.40 (Side area) 
      Cumulative area ratio:   47.51
      Required ratio:    0.00 (Cumulative side area) 


  Pin:   _10451_/A1 (sky130_fd_sc_hd__a311o_2)
    Layer: mcon
      Partial area ratio:    0.12
      Required ratio:    3.00 (Gate area) 
      Cumulative area ratio:    0.12
      Required ratio:    0.00 (Cumulative area) 

    Layer: met1
      Partial area ratio:    4.35
      Required ratio:    0.00 (Gate area) 
      Cumulative area ratio:    4.35
      Required ratio:    0.00 (Cumulative area) 
      Partial area ratio:   21.04
      Required ratio:  400.00 (Side area) 
      Cumulative area ratio:   21.04
      Required ratio:    0.00 (Cumulative side area) 

    Layer: via
      Partial area ratio:    0.14
      Required ratio:    6.00 (Gate area) 
      Cumulative area ratio:    0.25
      Required ratio:    0.00 (Cumulative area) 

    Layer: met2
      Partial area ratio:    5.36
      Required ratio:    0.00 (Gate area) 
      Cumulative area ratio:    9.72
      Required ratio:    0.00 (Cumulative area) 
      Partial area ratio:   26.47
      Required ratio: 2956.40 (Side area) 
      Cumulative area ratio:   47.51
      Required ratio:    0.00 (Cumulative side area) 


  Pin:   place1102/A (sky130_fd_sc_hd__buf_2)
    Layer: mcon
      Partial area ratio:    0.18
      Required ratio:    3.00 (Gate area) 
      Cumulative area ratio:    0.18
      Required ratio:    0.00 (Cumulative area) 

    Layer: met1
      Partial area ratio:    4.83
      Required ratio:    0.00 (Gate area) 
      Cumulative area ratio:    4.83
      Required ratio:    0.00 (Cumulative area) 
      Partial area ratio:   22.99
      Required ratio:  400.00 (Side area) 
      Cumulative area ratio:   22.99
      Required ratio:    0.00 (Cumulative side area) 

    Layer: via
      Partial area ratio:    0.28
      Required ratio:    6.00 (Gate area) 
      Cumulative area ratio:    0.46
      Required ratio:    0.00 (Cumulative area) 

    Layer: met2
      Partial area ratio:    5.36
      Required ratio:    0.00 (Gate area) 
      Cumulative area ratio:   10.20
      Required ratio:    0.00 (Cumulative area) 
      Partial area ratio:   26.47
      Required ratio: 2956.40 (Side area) 
      Cumulative area ratio:   49.46
      Required ratio:    0.00 (Cumulative side area) 


  Pin:   place1109/A (sky130_fd_sc_hd__buf_4)
    Layer: mcon
      Partial area ratio:    0.12
      Required ratio:    3.00 (Gate area) 
      Cumulative area ratio:    0.12
      Required ratio:    0.00 (Cumulative area) 

    Layer: met1
      Partial area ratio:    8.50
      Required ratio:    0.00 (Gate area) 
      Cumulative area ratio:    8.50
      Required ratio:    0.00 (Cumulative area) 
      Partial area ratio:   42.07
      Required ratio:  400.00 (Side area) 
      Cumulative area ratio:   42.07
      Required ratio:    0.00 (Cumulative side area) 

    Layer: via
      Partial area ratio:    0.09
      Required ratio:    6.00 (Gate area) 
      Cumulative area ratio:    0.21
      Required ratio:    0.00 (Cumulative area) 

    Layer: met2
      Partial area ratio:    5.36
      Required ratio:    0.00 (Gate area) 
      Cumulative area ratio:   13.86
      Required ratio:    0.00 (Cumulative area) 
      Partial area ratio:   26.47
      Required ratio: 2956.40 (Side area) 
      Cumulative area ratio:   68.54
      Required ratio:    0.00 (Cumulative side area) 


  Pin:   place1111/A (sky130_fd_sc_hd__buf_2)
    Layer: mcon
      Partial area ratio:    0.18
      Required ratio:    3.00 (Gate area) 
      Cumulative area ratio:    0.18
      Required ratio:    0.00 (Cumulative area) 

    Layer: met1
      Partial area ratio:   12.54
      Required ratio:    0.00 (Gate area) 
      Cumulative area ratio:   12.54
      Required ratio:    0.00 (Cumulative area) 
      Partial area ratio:   61.26
      Required ratio:  400.00 (Side area) 
      Cumulative area ratio:   61.26
      Required ratio:    0.00 (Cumulative side area) 

    Layer: via
      Partial area ratio:    0.28
      Required ratio:    6.00 (Gate area) 
      Cumulative area ratio:    0.46
      Required ratio:    0.00 (Cumulative area) 

    Layer: met2
      Partial area ratio:    5.36
      Required ratio:    0.00 (Gate area) 
      Cumulative area ratio:   17.90
      Required ratio:    0.00 (Cumulative area) 
      Partial area ratio:   26.47
      Required ratio: 2956.40 (Side area) 
      Cumulative area ratio:   87.73
      Required ratio:    0.00 (Cumulative side area) 


  Pin:   place1113/A (sky130_fd_sc_hd__buf_4)
    Layer: mcon
      Partial area ratio:    0.12
      Required ratio:    3.00 (Gate area) 
      Cumulative area ratio:    0.12
      Required ratio:    0.00 (Cumulative area) 

    Layer: met1
      Partial area ratio:    2.12
      Required ratio:    0.00 (Gate area) 
      Cumulative area ratio:    2.12
      Required ratio:    0.00 (Cumulative area) 
      Partial area ratio:    9.84
      Required ratio:  400.00 (Side area) 
      Cumulative area ratio:    9.84
      Required ratio:    0.00 (Cumulative side area) 

    Layer: via
      Partial area ratio:    0.18
      Required ratio:    6.00 (Gate area) 
      Cumulative area ratio:    0.30
      Required ratio:    0.00 (Cumulative area) 

    Layer: met2
      Partial area ratio:    5.36
      Required ratio:    0.00 (Gate area) 
      Cumulative area ratio:    7.48
      Required ratio:    0.00 (Cumulative area) 
      Partial area ratio:   26.47
      Required ratio: 2956.40 (Side area) 
      Cumulative area ratio:   36.31
      Required ratio:    0.00 (Cumulative side area) 



Net: net1223
  Pin:   _12395_/A0 (sky130_fd_sc_hd__mux2_1)
    Layer: mcon
      Partial area ratio:    0.23
      Required ratio:    3.00 (Gate area) 
      Cumulative area ratio:    0.23
      Required ratio:    0.00 (Cumulative area) 

    Layer: met1
      Partial area ratio:   21.40
      Required ratio:    0.00 (Gate area) 
      Cumulative area ratio:   21.40
      Required ratio:    0.00 (Cumulative area) 
      Partial area ratio:  105.42
      Required ratio:  400.00 (Side area) 
      Cumulative area ratio:  105.42
      Required ratio:    0.00 (Cumulative side area) 

    Layer: via
      Partial area ratio:    0.27
      Required ratio:    6.00 (Gate area) 
      Cumulative area ratio:    0.50
      Required ratio:    0.00 (Cumulative area) 

    Layer: met2
      Partial area ratio:    8.14
      Required ratio:    0.00 (Gate area) 
      Cumulative area ratio:   29.54
      Required ratio:    0.00 (Cumulative area) 
      Partial area ratio:   40.11
      Required ratio:  400.00 (Side area) 
      Cumulative area ratio:  145.53
      Required ratio:    0.00 (Cumulative side area) 

    Layer: via2
      Partial area ratio:    0.02
      Required ratio:    6.00 (Gate area) 
      Cumulative area ratio:    0.52
      Required ratio:    0.00 (Cumulative area) 

    Layer: met3
      Partial area ratio:   12.86
      Required ratio:    0.00 (Gate area) 
      Cumulative area ratio:   42.40
      Required ratio:    0.00 (Cumulative area) 
      Partial area ratio:   68.74
      Required ratio:  400.00 (Side area) 
      Cumulative area ratio:  214.27
      Required ratio:    0.00 (Cumulative side area) 

    Layer: via3
      Partial area ratio:    0.02
      Required ratio:    6.00 (Gate area) 
      Cumulative area ratio:    0.53
      Required ratio:    0.00 (Cumulative area) 

    Layer: met4
      Partial area ratio:   16.06
      Required ratio:    0.00 (Gate area) 
      Cumulative area ratio:   58.45
      Required ratio:    0.00 (Cumulative area) 
      Partial area ratio:   85.81
      Required ratio: 3312.80 (Side area) 
      Cumulative area ratio:  300.08
      Required ratio:    0.00 (Cumulative side area) 


  Pin:   _12503_/A0 (sky130_fd_sc_hd__mux2_1)
    Layer: mcon
      Partial area ratio:    0.23
      Required ratio:    3.00 (Gate area) 
      Cumulative area ratio:    0.23
      Required ratio:    0.00 (Cumulative area) 

    Layer: met1
      Partial area ratio:    3.39
      Required ratio:    0.00 (Gate area) 
      Cumulative area ratio:    3.39
      Required ratio:    0.00 (Cumulative area) 
      Partial area ratio:   15.48
      Required ratio:  400.00 (Side area) 
      Cumulative area ratio:   15.48
      Required ratio:    0.00 (Cumulative side area) 

    Layer: via
      Partial area ratio:    0.36
      Required ratio:    6.00 (Gate area) 
      Cumulative area ratio:    0.59
      Required ratio:    0.00 (Cumulative area) 

    Layer: met2
      Partial area ratio:    8.14
      Required ratio:    0.00 (Gate area) 
      Cumulative area ratio:   11.53
      Required ratio:    0.00 (Cumulative area) 
      Partial area ratio:   40.11
      Required ratio:  400.00 (Side area) 
      Cumulative area ratio:   55.59
      Required ratio:    0.00 (Cumulative side area) 

    Layer: via2
      Partial area ratio:    0.02
      Required ratio:    6.00 (Gate area) 
      Cumulative area ratio:    0.60
      Required ratio:    0.00 (Cumulative area) 

    Layer: met3
      Partial area ratio:   12.86
      Required ratio:    0.00 (Gate area) 
      Cumulative area ratio:   24.39
      Required ratio:    0.00 (Cumulative area) 
      Partial area ratio:   68.74
      Required ratio:  400.00 (Side area) 
      Cumulative area ratio:  124.34
      Required ratio:    0.00 (Cumulative side area) 

    Layer: via3
      Partial area ratio:    0.02
      Required ratio:    6.00 (Gate area) 
      Cumulative area ratio:    0.62
      Required ratio:    0.00 (Cumulative area) 

    Layer: met4
      Partial area ratio:   16.06
      Required ratio:    0.00 (Gate area) 
      Cumulative area ratio:   40.44
      Required ratio:    0.00 (Cumulative area) 
      Partial area ratio:   85.81
      Required ratio: 3312.80 (Side area) 
      Cumulative area ratio:  210.15
      Required ratio:    0.00 (Cumulative side area) 


  Pin:   _12539_/A0 (sky130_fd_sc_hd__mux2_1)
    Layer: mcon
      Partial area ratio:    0.23
      Required ratio:    3.00 (Gate area) 
      Cumulative area ratio:    0.23
      Required ratio:    0.00 (Cumulative area) 

    Layer: met1
      Partial area ratio:  101.87
      Required ratio:    0.00 (Gate area) 
      Cumulative area ratio:  101.87
      Required ratio:    0.00 (Cumulative area) 
      Partial area ratio:  506.17
      Required ratio:  400.00 (Side area) (VIOLATED)
      Cumulative area ratio:  506.17
      Required ratio:    0.00 (Cumulative side area) 

    Layer: via
      Partial area ratio:    0.71
      Required ratio:    6.00 (Gate area) 
      Cumulative area ratio:    0.94
      Required ratio:    0.00 (Cumulative area) 

    Layer: met2
      Partial area ratio:    8.14
      Required ratio:    0.00 (Gate area) 
      Cumulative area ratio:  110.01
      Required ratio:    0.00 (Cumulative area) 
      Partial area ratio:   40.11
      Required ratio:  400.00 (Side area) 
      Cumulative area ratio:  546.28
      Required ratio:    0.00 (Cumulative side area) 

    Layer: via2
      Partial area ratio:    0.02
      Required ratio:    6.00 (Gate area) 
      Cumulative area ratio:    0.96
      Required ratio:    0.00 (Cumulative area) 

    Layer: met3
      Partial area ratio:   12.86
      Required ratio:    0.00 (Gate area) 
      Cumulative area ratio:  122.87
      Required ratio:    0.00 (Cumulative area) 
      Partial area ratio:   68.74
      Required ratio:  400.00 (Side area) 
      Cumulative area ratio:  615.02
      Required ratio:    0.00 (Cumulative side area) 

    Layer: via3
      Partial area ratio:    0.02
      Required ratio:    6.00 (Gate area) 
      Cumulative area ratio:    0.97
      Required ratio:    0.00 (Cumulative area) 

    Layer: met4
      Partial area ratio:   16.06
      Required ratio:    0.00 (Gate area) 
      Cumulative area ratio:  138.92
      Required ratio:    0.00 (Cumulative area) 
      Partial area ratio:   85.81
      Required ratio: 3312.80 (Side area) 
      Cumulative area ratio:  700.83
      Required ratio:    0.00 (Cumulative side area) 


  Pin:   _12602_/A0 (sky130_fd_sc_hd__mux2_1)
    Layer: mcon
      Partial area ratio:    0.23
      Required ratio:    3.00 (Gate area) 
      Cumulative area ratio:    0.23
      Required ratio:    0.00 (Cumulative area) 

    Layer: met1
      Partial area ratio:   21.40
      Required ratio:    0.00 (Gate area) 
      Cumulative area ratio:   21.40
      Required ratio:    0.00 (Cumulative area) 
      Partial area ratio:  105.42
      Required ratio:  400.00 (Side area) 
      Cumulative area ratio:  105.42
      Required ratio:    0.00 (Cumulative side area) 

    Layer: via
      Partial area ratio:    0.27
      Required ratio:    6.00 (Gate area) 
      Cumulative area ratio:    0.50
      Required ratio:    0.00 (Cumulative area) 

    Layer: met2
      Partial area ratio:    8.14
      Required ratio:    0.00 (Gate area) 
      Cumulative area ratio:   29.54
      Required ratio:    0.00 (Cumulative area) 
      Partial area ratio:   40.11
      Required ratio:  400.00 (Side area) 
      Cumulative area ratio:  145.53
      Required ratio:    0.00 (Cumulative side area) 

    Layer: via2
      Partial area ratio:    0.02
      Required ratio:    6.00 (Gate area) 
      Cumulative area ratio:    0.52
      Required ratio:    0.00 (Cumulative area) 

    Layer: met3
      Partial area ratio:   12.86
      Required ratio:    0.00 (Gate area) 
      Cumulative area ratio:   42.40
      Required ratio:    0.00 (Cumulative area) 
      Partial area ratio:   68.74
      Required ratio:  400.00 (Side area) 
      Cumulative area ratio:  214.27
      Required ratio:    0.00 (Cumulative side area) 

    Layer: via3
      Partial area ratio:    0.02
      Required ratio:    6.00 (Gate area) 
      Cumulative area ratio:    0.53
      Required ratio:    0.00 (Cumulative area) 

    Layer: met4
      Partial area ratio:   16.06
      Required ratio:    0.00 (Gate area) 
      Cumulative area ratio:   58.45
      Required ratio:    0.00 (Cumulative area) 
      Partial area ratio:   85.81
      Required ratio: 3312.80 (Side area) 
      Cumulative area ratio:  300.08
      Required ratio:    0.00 (Cumulative side area) 


  Pin:   _13007_/A0 (sky130_fd_sc_hd__mux2_1)
    Layer: mcon
      Partial area ratio:    0.23
      Required ratio:    3.00 (Gate area) 
      Cumulative area ratio:    0.23
      Required ratio:    0.00 (Cumulative area) 

    Layer: met1
      Partial area ratio:   10.96
      Required ratio:    0.00 (Gate area) 
      Cumulative area ratio:   10.96
      Required ratio:    0.00 (Cumulative area) 
      Partial area ratio:   52.50
      Required ratio:  400.00 (Side area) 
      Cumulative area ratio:   52.50
      Required ratio:    0.00 (Cumulative side area) 

    Layer: via
      Partial area ratio:    0.45
      Required ratio:    6.00 (Gate area) 
      Cumulative area ratio:    0.68
      Required ratio:    0.00 (Cumulative area) 

    Layer: met2
      Partial area ratio:    8.14
      Required ratio:    0.00 (Gate area) 
      Cumulative area ratio:   19.10
      Required ratio:    0.00 (Cumulative area) 
      Partial area ratio:   40.11
      Required ratio:  400.00 (Side area) 
      Cumulative area ratio:   92.61
      Required ratio:    0.00 (Cumulative side area) 

    Layer: via2
      Partial area ratio:    0.02
      Required ratio:    6.00 (Gate area) 
      Cumulative area ratio:    0.69
      Required ratio:    0.00 (Cumulative area) 

    Layer: met3
      Partial area ratio:   12.86
      Required ratio:    0.00 (Gate area) 
      Cumulative area ratio:   31.96
      Required ratio:    0.00 (Cumulative area) 
      Partial area ratio:   68.74
      Required ratio:  400.00 (Side area) 
      Cumulative area ratio:  161.35
      Required ratio:    0.00 (Cumulative side area) 

    Layer: via3
      Partial area ratio:    0.02
      Required ratio:    6.00 (Gate area) 
      Cumulative area ratio:    0.71
      Required ratio:    0.00 (Cumulative area) 

    Layer: met4
      Partial area ratio:   16.06
      Required ratio:    0.00 (Gate area) 
      Cumulative area ratio:   48.01
      Required ratio:    0.00 (Cumulative area) 
      Partial area ratio:   85.81
      Required ratio: 3312.80 (Side area) 
      Cumulative area ratio:  247.16
      Required ratio:    0.00 (Cumulative side area) 


  Pin:   _13043_/A0 (sky130_fd_sc_hd__mux2_1)
    Layer: mcon
      Partial area ratio:    0.23
      Required ratio:    3.00 (Gate area) 
      Cumulative area ratio:    0.23
      Required ratio:    0.00 (Cumulative area) 

    Layer: met1
      Partial area ratio:   10.96
      Required ratio:    0.00 (Gate area) 
      Cumulative area ratio:   10.96
      Required ratio:    0.00 (Cumulative area) 
      Partial area ratio:   52.50
      Required ratio:  400.00 (Side area) 
      Cumulative area ratio:   52.50
      Required ratio:    0.00 (Cumulative side area) 

    Layer: via
      Partial area ratio:    0.45
      Required ratio:    6.00 (Gate area) 
      Cumulative area ratio:    0.68
      Required ratio:    0.00 (Cumulative area) 

    Layer: met2
      Partial area ratio:    8.14
      Required ratio:    0.00 (Gate area) 
      Cumulative area ratio:   19.10
      Required ratio:    0.00 (Cumulative area) 
      Partial area ratio:   40.11
      Required ratio:  400.00 (Side area) 
      Cumulative area ratio:   92.61
      Required ratio:    0.00 (Cumulative side area) 

    Layer: via2
      Partial area ratio:    0.02
      Required ratio:    6.00 (Gate area) 
      Cumulative area ratio:    0.69
      Required ratio:    0.00 (Cumulative area) 

    Layer: met3
      Partial area ratio:   12.86
      Required ratio:    0.00 (Gate area) 
      Cumulative area ratio:   31.96
      Required ratio:    0.00 (Cumulative area) 
      Partial area ratio:   68.74
      Required ratio:  400.00 (Side area) 
      Cumulative area ratio:  161.35
      Required ratio:    0.00 (Cumulative side area) 

    Layer: via3
      Partial area ratio:    0.02
      Required ratio:    6.00 (Gate area) 
      Cumulative area ratio:    0.71
      Required ratio:    0.00 (Cumulative area) 

    Layer: met4
      Partial area ratio:   16.06
      Required ratio:    0.00 (Gate area) 
      Cumulative area ratio:   48.01
      Required ratio:    0.00 (Cumulative area) 
      Partial area ratio:   85.81
      Required ratio: 3312.80 (Side area) 
      Cumulative area ratio:  247.16
      Required ratio:    0.00 (Cumulative side area) 


  Pin:   _13079_/A0 (sky130_fd_sc_hd__mux2_1)
    Layer: mcon
      Partial area ratio:    0.23
      Required ratio:    3.00 (Gate area) 
      Cumulative area ratio:    0.23
      Required ratio:    0.00 (Cumulative area) 

    Layer: met1
      Partial area ratio:   10.25
      Required ratio:    0.00 (Gate area) 
      Cumulative area ratio:   10.25
      Required ratio:    0.00 (Cumulative area) 
      Partial area ratio:   49.17
      Required ratio:  400.00 (Side area) 
      Cumulative area ratio:   49.17
      Required ratio:    0.00 (Cumulative side area) 

    Layer: via
      Partial area ratio:    0.36
      Required ratio:    6.00 (Gate area) 
      Cumulative area ratio:    0.59
      Required ratio:    0.00 (Cumulative area) 

    Layer: met2
      Partial area ratio:    8.14
      Required ratio:    0.00 (Gate area) 
      Cumulative area ratio:   18.40
      Required ratio:    0.00 (Cumulative area) 
      Partial area ratio:   40.11
      Required ratio:  400.00 (Side area) 
      Cumulative area ratio:   89.29
      Required ratio:    0.00 (Cumulative side area) 

    Layer: via2
      Partial area ratio:    0.02
      Required ratio:    6.00 (Gate area) 
      Cumulative area ratio:    0.60
      Required ratio:    0.00 (Cumulative area) 

    Layer: met3
      Partial area ratio:   12.86
      Required ratio:    0.00 (Gate area) 
      Cumulative area ratio:   31.25
      Required ratio:    0.00 (Cumulative area) 
      Partial area ratio:   68.74
      Required ratio:  400.00 (Side area) 
      Cumulative area ratio:  158.03
      Required ratio:    0.00 (Cumulative side area) 

    Layer: via3
      Partial area ratio:    0.02
      Required ratio:    6.00 (Gate area) 
      Cumulative area ratio:    0.62
      Required ratio:    0.00 (Cumulative area) 

    Layer: met4
      Partial area ratio:   16.06
      Required ratio:    0.00 (Gate area) 
      Cumulative area ratio:   47.31
      Required ratio:    0.00 (Cumulative area) 
      Partial area ratio:   85.81
      Required ratio: 3312.80 (Side area) 
      Cumulative area ratio:  243.84
      Required ratio:    0.00 (Cumulative side area) 


  Pin:   _13115_/A0 (sky130_fd_sc_hd__mux2_1)
    Layer: mcon
      Partial area ratio:    0.23
      Required ratio:    3.00 (Gate area) 
      Cumulative area ratio:    0.23
      Required ratio:    0.00 (Cumulative area) 

    Layer: met1
      Partial area ratio:    4.12
      Required ratio:    0.00 (Gate area) 
      Cumulative area ratio:    4.12
      Required ratio:    0.00 (Cumulative area) 
      Partial area ratio:   19.71
      Required ratio:  400.00 (Side area) 
      Cumulative area ratio:   19.71
      Required ratio:    0.00 (Cumulative side area) 

    Layer: via
      Partial area ratio:    0.25
      Required ratio:    6.00 (Gate area) 
      Cumulative area ratio:    0.48
      Required ratio:    0.00 (Cumulative area) 

    Layer: met2
      Partial area ratio:    8.14
      Required ratio:    0.00 (Gate area) 
      Cumulative area ratio:   12.26
      Required ratio:    0.00 (Cumulative area) 
      Partial area ratio:   40.11
      Required ratio:  400.00 (Side area) 
      Cumulative area ratio:   59.82
      Required ratio:    0.00 (Cumulative side area) 

    Layer: via2
      Partial area ratio:    0.02
      Required ratio:    6.00 (Gate area) 
      Cumulative area ratio:    0.49
      Required ratio:    0.00 (Cumulative area) 

    Layer: met3
      Partial area ratio:   12.86
      Required ratio:    0.00 (Gate area) 
      Cumulative area ratio:   25.12
      Required ratio:    0.00 (Cumulative area) 
      Partial area ratio:   68.74
      Required ratio:  400.00 (Side area) 
      Cumulative area ratio:  128.56
      Required ratio:    0.00 (Cumulative side area) 

    Layer: via3
      Partial area ratio:    0.02
      Required ratio:    6.00 (Gate area) 
      Cumulative area ratio:    0.51
      Required ratio:    0.00 (Cumulative area) 

    Layer: met4
      Partial area ratio:   16.06
      Required ratio:    0.00 (Gate area) 
      Cumulative area ratio:   41.17
      Required ratio:    0.00 (Cumulative area) 
      Partial area ratio:   85.81
      Required ratio: 3312.80 (Side area) 
      Cumulative area ratio:  214.37
      Required ratio:    0.00 (Cumulative side area) 


  Pin:   _13151_/A0 (sky130_fd_sc_hd__mux2_1)
    Layer: mcon
      Partial area ratio:    0.23
      Required ratio:    3.00 (Gate area) 
      Cumulative area ratio:    0.23
      Required ratio:    0.00 (Cumulative area) 

    Layer: met1
      Partial area ratio:    4.50
      Required ratio:    0.00 (Gate area) 
      Cumulative area ratio:    4.50
      Required ratio:    0.00 (Cumulative area) 
      Partial area ratio:   21.48
      Required ratio:  400.00 (Side area) 
      Cumulative area ratio:   21.48
      Required ratio:    0.00 (Cumulative side area) 

    Layer: via
      Partial area ratio:    0.18
      Required ratio:    6.00 (Gate area) 
      Cumulative area ratio:    0.41
      Required ratio:    0.00 (Cumulative area) 

    Layer: met2
      Partial area ratio:    8.14
      Required ratio:    0.00 (Gate area) 
      Cumulative area ratio:   12.64
      Required ratio:    0.00 (Cumulative area) 
      Partial area ratio:   40.11
      Required ratio:  400.00 (Side area) 
      Cumulative area ratio:   61.59
      Required ratio:    0.00 (Cumulative side area) 

    Layer: via2
      Partial area ratio:    0.02
      Required ratio:    6.00 (Gate area) 
      Cumulative area ratio:    0.42
      Required ratio:    0.00 (Cumulative area) 

    Layer: met3
      Partial area ratio:   12.86
      Required ratio:    0.00 (Gate area) 
      Cumulative area ratio:   25.50
      Required ratio:    0.00 (Cumulative area) 
      Partial area ratio:   68.74
      Required ratio:  400.00 (Side area) 
      Cumulative area ratio:  130.33
      Required ratio:    0.00 (Cumulative side area) 

    Layer: via3
      Partial area ratio:    0.02
      Required ratio:    6.00 (Gate area) 
      Cumulative area ratio:    0.44
      Required ratio:    0.00 (Cumulative area) 

    Layer: met4
      Partial area ratio:   16.06
      Required ratio:    0.00 (Gate area) 
      Cumulative area ratio:   41.55
      Required ratio:    0.00 (Cumulative area) 
      Partial area ratio:   85.81
      Required ratio: 3312.80 (Side area) 
      Cumulative area ratio:  216.14
      Required ratio:    0.00 (Cumulative side area) 


  Pin:   _13187_/A0 (sky130_fd_sc_hd__mux2_1)
    Layer: mcon
      Partial area ratio:    0.23
      Required ratio:    3.00 (Gate area) 
      Cumulative area ratio:    0.23
      Required ratio:    0.00 (Cumulative area) 

    Layer: met1
      Partial area ratio:    4.50
      Required ratio:    0.00 (Gate area) 
      Cumulative area ratio:    4.50
      Required ratio:    0.00 (Cumulative area) 
      Partial area ratio:   21.48
      Required ratio:  400.00 (Side area) 
      Cumulative area ratio:   21.48
      Required ratio:    0.00 (Cumulative side area) 

    Layer: via
      Partial area ratio:    0.18
      Required ratio:    6.00 (Gate area) 
      Cumulative area ratio:    0.41
      Required ratio:    0.00 (Cumulative area) 

    Layer: met2
      Partial area ratio:    8.14
      Required ratio:    0.00 (Gate area) 
      Cumulative area ratio:   12.64
      Required ratio:    0.00 (Cumulative area) 
      Partial area ratio:   40.11
      Required ratio:  400.00 (Side area) 
      Cumulative area ratio:   61.59
      Required ratio:    0.00 (Cumulative side area) 

    Layer: via2
      Partial area ratio:    0.02
      Required ratio:    6.00 (Gate area) 
      Cumulative area ratio:    0.42
      Required ratio:    0.00 (Cumulative area) 

    Layer: met3
      Partial area ratio:   12.86
      Required ratio:    0.00 (Gate area) 
      Cumulative area ratio:   25.50
      Required ratio:    0.00 (Cumulative area) 
      Partial area ratio:   68.74
      Required ratio:  400.00 (Side area) 
      Cumulative area ratio:  130.33
      Required ratio:    0.00 (Cumulative side area) 

    Layer: via3
      Partial area ratio:    0.02
      Required ratio:    6.00 (Gate area) 
      Cumulative area ratio:    0.44
      Required ratio:    0.00 (Cumulative area) 

    Layer: met4
      Partial area ratio:   16.06
      Required ratio:    0.00 (Gate area) 
      Cumulative area ratio:   41.55
      Required ratio:    0.00 (Cumulative area) 
      Partial area ratio:   85.81
      Required ratio: 3312.80 (Side area) 
      Cumulative area ratio:  216.14
      Required ratio:    0.00 (Cumulative side area) 


  Pin:   _13223_/A0 (sky130_fd_sc_hd__mux2_1)
    Layer: mcon
      Partial area ratio:    0.23
      Required ratio:    3.00 (Gate area) 
      Cumulative area ratio:    0.23
      Required ratio:    0.00 (Cumulative area) 

    Layer: met1
      Partial area ratio:   31.59
      Required ratio:    0.00 (Gate area) 
      Cumulative area ratio:   31.59
      Required ratio:    0.00 (Cumulative area) 
      Partial area ratio:  156.22
      Required ratio:  400.00 (Side area) 
      Cumulative area ratio:  156.22
      Required ratio:    0.00 (Cumulative side area) 

    Layer: via
      Partial area ratio:    0.30
      Required ratio:    6.00 (Gate area) 
      Cumulative area ratio:    0.53
      Required ratio:    0.00 (Cumulative area) 

    Layer: met2
      Partial area ratio:    8.14
      Required ratio:    0.00 (Gate area) 
      Cumulative area ratio:   39.73
      Required ratio:    0.00 (Cumulative area) 
      Partial area ratio:   40.11
      Required ratio:  400.00 (Side area) 
      Cumulative area ratio:  196.33
      Required ratio:    0.00 (Cumulative side area) 

    Layer: via2
      Partial area ratio:    0.02
      Required ratio:    6.00 (Gate area) 
      Cumulative area ratio:    0.54
      Required ratio:    0.00 (Cumulative area) 

    Layer: met3
      Partial area ratio:   12.86
      Required ratio:    0.00 (Gate area) 
      Cumulative area ratio:   52.58
      Required ratio:    0.00 (Cumulative area) 
      Partial area ratio:   68.74
      Required ratio:  400.00 (Side area) 
      Cumulative area ratio:  265.08
      Required ratio:    0.00 (Cumulative side area) 

    Layer: via3
      Partial area ratio:    0.02
      Required ratio:    6.00 (Gate area) 
      Cumulative area ratio:    0.56
      Required ratio:    0.00 (Cumulative area) 

    Layer: met4
      Partial area ratio:   16.06
      Required ratio:    0.00 (Gate area) 
      Cumulative area ratio:   68.64
      Required ratio:    0.00 (Cumulative area) 
      Partial area ratio:   85.81
      Required ratio: 3312.80 (Side area) 
      Cumulative area ratio:  350.89
      Required ratio:    0.00 (Cumulative side area) 


  Pin:   _13259_/A0 (sky130_fd_sc_hd__mux2_1)
    Layer: mcon
      Partial area ratio:    0.23
      Required ratio:    3.00 (Gate area) 
      Cumulative area ratio:    0.23
      Required ratio:    0.00 (Cumulative area) 

    Layer: met1
      Partial area ratio:   10.25
      Required ratio:    0.00 (Gate area) 
      Cumulative area ratio:   10.25
      Required ratio:    0.00 (Cumulative area) 
      Partial area ratio:   49.17
      Required ratio:  400.00 (Side area) 
      Cumulative area ratio:   49.17
      Required ratio:    0.00 (Cumulative side area) 

    Layer: via
      Partial area ratio:    0.36
      Required ratio:    6.00 (Gate area) 
      Cumulative area ratio:    0.59
      Required ratio:    0.00 (Cumulative area) 

    Layer: met2
      Partial area ratio:    8.14
      Required ratio:    0.00 (Gate area) 
      Cumulative area ratio:   18.40
      Required ratio:    0.00 (Cumulative area) 
      Partial area ratio:   40.11
      Required ratio:  400.00 (Side area) 
      Cumulative area ratio:   89.29
      Required ratio:    0.00 (Cumulative side area) 

    Layer: via2
      Partial area ratio:    0.02
      Required ratio:    6.00 (Gate area) 
      Cumulative area ratio:    0.60
      Required ratio:    0.00 (Cumulative area) 

    Layer: met3
      Partial area ratio:   12.86
      Required ratio:    0.00 (Gate area) 
      Cumulative area ratio:   31.25
      Required ratio:    0.00 (Cumulative area) 
      Partial area ratio:   68.74
      Required ratio:  400.00 (Side area) 
      Cumulative area ratio:  158.03
      Required ratio:    0.00 (Cumulative side area) 

    Layer: via3
      Partial area ratio:    0.02
      Required ratio:    6.00 (Gate area) 
      Cumulative area ratio:    0.62
      Required ratio:    0.00 (Cumulative area) 

    Layer: met4
      Partial area ratio:   16.06
      Required ratio:    0.00 (Gate area) 
      Cumulative area ratio:   47.31
      Required ratio:    0.00 (Cumulative area) 
      Partial area ratio:   85.81
      Required ratio: 3312.80 (Side area) 
      Cumulative area ratio:  243.84
      Required ratio:    0.00 (Cumulative side area) 


  Pin:   _13622_/A1 (sky130_fd_sc_hd__mux2_1)
    Layer: mcon
      Partial area ratio:    0.23
      Required ratio:    3.00 (Gate area) 
      Cumulative area ratio:    0.23
      Required ratio:    0.00 (Cumulative area) 

    Layer: met1
      Partial area ratio:   12.81
      Required ratio:    0.00 (Gate area) 
      Cumulative area ratio:   12.81
      Required ratio:    0.00 (Cumulative area) 
      Partial area ratio:   62.17
      Required ratio:  400.00 (Side area) 
      Cumulative area ratio:   62.17
      Required ratio:    0.00 (Cumulative side area) 

    Layer: via
      Partial area ratio:    0.36
      Required ratio:    6.00 (Gate area) 
      Cumulative area ratio:    0.59
      Required ratio:    0.00 (Cumulative area) 

    Layer: met2
      Partial area ratio:    8.14
      Required ratio:    0.00 (Gate area) 
      Cumulative area ratio:   20.95
      Required ratio:    0.00 (Cumulative area) 
      Partial area ratio:   40.11
      Required ratio:  400.00 (Side area) 
      Cumulative area ratio:  102.28
      Required ratio:    0.00 (Cumulative side area) 

    Layer: via2
      Partial area ratio:    0.02
      Required ratio:    6.00 (Gate area) 
      Cumulative area ratio:    0.60
      Required ratio:    0.00 (Cumulative area) 

    Layer: met3
      Partial area ratio:   12.86
      Required ratio:    0.00 (Gate area) 
      Cumulative area ratio:   33.80
      Required ratio:    0.00 (Cumulative area) 
      Partial area ratio:   68.74
      Required ratio:  400.00 (Side area) 
      Cumulative area ratio:  171.02
      Required ratio:    0.00 (Cumulative side area) 

    Layer: via3
      Partial area ratio:    0.02
      Required ratio:    6.00 (Gate area) 
      Cumulative area ratio:    0.62
      Required ratio:    0.00 (Cumulative area) 

    Layer: met4
      Partial area ratio:   16.06
      Required ratio:    0.00 (Gate area) 
      Cumulative area ratio:   49.86
      Required ratio:    0.00 (Cumulative area) 
      Partial area ratio:   85.81
      Required ratio: 3312.80 (Side area) 
      Cumulative area ratio:  256.83
      Required ratio:    0.00 (Cumulative side area) 


  Pin:   _13658_/A1 (sky130_fd_sc_hd__mux2_1)
    Layer: mcon
      Partial area ratio:    0.23
      Required ratio:    3.00 (Gate area) 
      Cumulative area ratio:    0.23
      Required ratio:    0.00 (Cumulative area) 

    Layer: met1
      Partial area ratio:    7.99
      Required ratio:    0.00 (Gate area) 
      Cumulative area ratio:    7.99
      Required ratio:    0.00 (Cumulative area) 
      Partial area ratio:   38.50
      Required ratio:  400.00 (Side area) 
      Cumulative area ratio:   38.50
      Required ratio:    0.00 (Cumulative side area) 

    Layer: via
      Partial area ratio:    0.27
      Required ratio:    6.00 (Gate area) 
      Cumulative area ratio:    0.50
      Required ratio:    0.00 (Cumulative area) 

    Layer: met2
      Partial area ratio:    8.14
      Required ratio:    0.00 (Gate area) 
      Cumulative area ratio:   16.13
      Required ratio:    0.00 (Cumulative area) 
      Partial area ratio:   40.11
      Required ratio:  400.00 (Side area) 
      Cumulative area ratio:   78.61
      Required ratio:    0.00 (Cumulative side area) 

    Layer: via2
      Partial area ratio:    0.02
      Required ratio:    6.00 (Gate area) 
      Cumulative area ratio:    0.51
      Required ratio:    0.00 (Cumulative area) 

    Layer: met3
      Partial area ratio:   12.86
      Required ratio:    0.00 (Gate area) 
      Cumulative area ratio:   28.98
      Required ratio:    0.00 (Cumulative area) 
      Partial area ratio:   68.74
      Required ratio:  400.00 (Side area) 
      Cumulative area ratio:  147.35
      Required ratio:    0.00 (Cumulative side area) 

    Layer: via3
      Partial area ratio:    0.02
      Required ratio:    6.00 (Gate area) 
      Cumulative area ratio:    0.53
      Required ratio:    0.00 (Cumulative area) 

    Layer: met4
      Partial area ratio:   16.06
      Required ratio:    0.00 (Gate area) 
      Cumulative area ratio:   45.04
      Required ratio:    0.00 (Cumulative area) 
      Partial area ratio:   85.81
      Required ratio: 3312.80 (Side area) 
      Cumulative area ratio:  233.16
      Required ratio:    0.00 (Cumulative side area) 


  Pin:   _13694_/A1 (sky130_fd_sc_hd__mux2_1)
    Layer: mcon
      Partial area ratio:    0.23
      Required ratio:    3.00 (Gate area) 
      Cumulative area ratio:    0.23
      Required ratio:    0.00 (Cumulative area) 

    Layer: met1
      Partial area ratio:   31.59
      Required ratio:    0.00 (Gate area) 
      Cumulative area ratio:   31.59
      Required ratio:    0.00 (Cumulative area) 
      Partial area ratio:  156.22
      Required ratio:  400.00 (Side area) 
      Cumulative area ratio:  156.22
      Required ratio:    0.00 (Cumulative side area) 

    Layer: via
      Partial area ratio:    0.30
      Required ratio:    6.00 (Gate area) 
      Cumulative area ratio:    0.53
      Required ratio:    0.00 (Cumulative area) 

    Layer: met2
      Partial area ratio:    8.14
      Required ratio:    0.00 (Gate area) 
      Cumulative area ratio:   39.73
      Required ratio:    0.00 (Cumulative area) 
      Partial area ratio:   40.11
      Required ratio:  400.00 (Side area) 
      Cumulative area ratio:  196.33
      Required ratio:    0.00 (Cumulative side area) 

    Layer: via2
      Partial area ratio:    0.02
      Required ratio:    6.00 (Gate area) 
      Cumulative area ratio:    0.54
      Required ratio:    0.00 (Cumulative area) 

    Layer: met3
      Partial area ratio:   12.86
      Required ratio:    0.00 (Gate area) 
      Cumulative area ratio:   52.58
      Required ratio:    0.00 (Cumulative area) 
      Partial area ratio:   68.74
      Required ratio:  400.00 (Side area) 
      Cumulative area ratio:  265.08
      Required ratio:    0.00 (Cumulative side area) 

    Layer: via3
      Partial area ratio:    0.02
      Required ratio:    6.00 (Gate area) 
      Cumulative area ratio:    0.56
      Required ratio:    0.00 (Cumulative area) 

    Layer: met4
      Partial area ratio:   16.06
      Required ratio:    0.00 (Gate area) 
      Cumulative area ratio:   68.64
      Required ratio:    0.00 (Cumulative area) 
      Partial area ratio:   85.81
      Required ratio: 3312.80 (Side area) 
      Cumulative area ratio:  350.89
      Required ratio:    0.00 (Cumulative side area) 


  Pin:   _13802_/A1 (sky130_fd_sc_hd__mux2_1)
    Layer: mcon
      Partial area ratio:    0.23
      Required ratio:    3.00 (Gate area) 
      Cumulative area ratio:    0.23
      Required ratio:    0.00 (Cumulative area) 

    Layer: met1
      Partial area ratio:    7.99
      Required ratio:    0.00 (Gate area) 
      Cumulative area ratio:    7.99
      Required ratio:    0.00 (Cumulative area) 
      Partial area ratio:   38.50
      Required ratio:  400.00 (Side area) 
      Cumulative area ratio:   38.50
      Required ratio:    0.00 (Cumulative side area) 

    Layer: via
      Partial area ratio:    0.27
      Required ratio:    6.00 (Gate area) 
      Cumulative area ratio:    0.50
      Required ratio:    0.00 (Cumulative area) 

    Layer: met2
      Partial area ratio:    8.14
      Required ratio:    0.00 (Gate area) 
      Cumulative area ratio:   16.13
      Required ratio:    0.00 (Cumulative area) 
      Partial area ratio:   40.11
      Required ratio:  400.00 (Side area) 
      Cumulative area ratio:   78.61
      Required ratio:    0.00 (Cumulative side area) 

    Layer: via2
      Partial area ratio:    0.02
      Required ratio:    6.00 (Gate area) 
      Cumulative area ratio:    0.51
      Required ratio:    0.00 (Cumulative area) 

    Layer: met3
      Partial area ratio:   12.86
      Required ratio:    0.00 (Gate area) 
      Cumulative area ratio:   28.98
      Required ratio:    0.00 (Cumulative area) 
      Partial area ratio:   68.74
      Required ratio:  400.00 (Side area) 
      Cumulative area ratio:  147.35
      Required ratio:    0.00 (Cumulative side area) 

    Layer: via3
      Partial area ratio:    0.02
      Required ratio:    6.00 (Gate area) 
      Cumulative area ratio:    0.53
      Required ratio:    0.00 (Cumulative area) 

    Layer: met4
      Partial area ratio:   16.06
      Required ratio:    0.00 (Gate area) 
      Cumulative area ratio:   45.04
      Required ratio:    0.00 (Cumulative area) 
      Partial area ratio:   85.81
      Required ratio: 3312.80 (Side area) 
      Cumulative area ratio:  233.16
      Required ratio:    0.00 (Cumulative side area) 


  Pin:   _13874_/A1 (sky130_fd_sc_hd__mux2_1)
    Layer: mcon
      Partial area ratio:    0.23
      Required ratio:    3.00 (Gate area) 
      Cumulative area ratio:    0.23
      Required ratio:    0.00 (Cumulative area) 

    Layer: met1
      Partial area ratio:   31.59
      Required ratio:    0.00 (Gate area) 
      Cumulative area ratio:   31.59
      Required ratio:    0.00 (Cumulative area) 
      Partial area ratio:  156.22
      Required ratio:  400.00 (Side area) 
      Cumulative area ratio:  156.22
      Required ratio:    0.00 (Cumulative side area) 

    Layer: via
      Partial area ratio:    0.30
      Required ratio:    6.00 (Gate area) 
      Cumulative area ratio:    0.53
      Required ratio:    0.00 (Cumulative area) 

    Layer: met2
      Partial area ratio:    8.14
      Required ratio:    0.00 (Gate area) 
      Cumulative area ratio:   39.73
      Required ratio:    0.00 (Cumulative area) 
      Partial area ratio:   40.11
      Required ratio:  400.00 (Side area) 
      Cumulative area ratio:  196.33
      Required ratio:    0.00 (Cumulative side area) 

    Layer: via2
      Partial area ratio:    0.02
      Required ratio:    6.00 (Gate area) 
      Cumulative area ratio:    0.54
      Required ratio:    0.00 (Cumulative area) 

    Layer: met3
      Partial area ratio:   12.86
      Required ratio:    0.00 (Gate area) 
      Cumulative area ratio:   52.58
      Required ratio:    0.00 (Cumulative area) 
      Partial area ratio:   68.74
      Required ratio:  400.00 (Side area) 
      Cumulative area ratio:  265.08
      Required ratio:    0.00 (Cumulative side area) 

    Layer: via3
      Partial area ratio:    0.02
      Required ratio:    6.00 (Gate area) 
      Cumulative area ratio:    0.56
      Required ratio:    0.00 (Cumulative area) 

    Layer: met4
      Partial area ratio:   16.06
      Required ratio:    0.00 (Gate area) 
      Cumulative area ratio:   68.64
      Required ratio:    0.00 (Cumulative area) 
      Partial area ratio:   85.81
      Required ratio: 3312.80 (Side area) 
      Cumulative area ratio:  350.89
      Required ratio:    0.00 (Cumulative side area) 


  Pin:   _13910_/A1 (sky130_fd_sc_hd__mux2_1)
    Layer: mcon
      Partial area ratio:    0.23
      Required ratio:    3.00 (Gate area) 
      Cumulative area ratio:    0.23
      Required ratio:    0.00 (Cumulative area) 

    Layer: met1
      Partial area ratio:   12.81
      Required ratio:    0.00 (Gate area) 
      Cumulative area ratio:   12.81
      Required ratio:    0.00 (Cumulative area) 
      Partial area ratio:   62.17
      Required ratio:  400.00 (Side area) 
      Cumulative area ratio:   62.17
      Required ratio:    0.00 (Cumulative side area) 

    Layer: via
      Partial area ratio:    0.36
      Required ratio:    6.00 (Gate area) 
      Cumulative area ratio:    0.59
      Required ratio:    0.00 (Cumulative area) 

    Layer: met2
      Partial area ratio:    8.14
      Required ratio:    0.00 (Gate area) 
      Cumulative area ratio:   20.95
      Required ratio:    0.00 (Cumulative area) 
      Partial area ratio:   40.11
      Required ratio:  400.00 (Side area) 
      Cumulative area ratio:  102.28
      Required ratio:    0.00 (Cumulative side area) 

    Layer: via2
      Partial area ratio:    0.02
      Required ratio:    6.00 (Gate area) 
      Cumulative area ratio:    0.60
      Required ratio:    0.00 (Cumulative area) 

    Layer: met3
      Partial area ratio:   12.86
      Required ratio:    0.00 (Gate area) 
      Cumulative area ratio:   33.80
      Required ratio:    0.00 (Cumulative area) 
      Partial area ratio:   68.74
      Required ratio:  400.00 (Side area) 
      Cumulative area ratio:  171.02
      Required ratio:    0.00 (Cumulative side area) 

    Layer: via3
      Partial area ratio:    0.02
      Required ratio:    6.00 (Gate area) 
      Cumulative area ratio:    0.62
      Required ratio:    0.00 (Cumulative area) 

    Layer: met4
      Partial area ratio:   16.06
      Required ratio:    0.00 (Gate area) 
      Cumulative area ratio:   49.86
      Required ratio:    0.00 (Cumulative area) 
      Partial area ratio:   85.81
      Required ratio: 3312.80 (Side area) 
      Cumulative area ratio:  256.83
      Required ratio:    0.00 (Cumulative side area) 


  Pin:   place1045/A (sky130_fd_sc_hd__buf_2)
    Layer: mcon
      Partial area ratio:    0.18
      Required ratio:    3.00 (Gate area) 
      Cumulative area ratio:    0.18
      Required ratio:    0.00 (Cumulative area) 

    Layer: met1
      Partial area ratio:   21.69
      Required ratio:    0.00 (Gate area) 
      Cumulative area ratio:   21.69
      Required ratio:    0.00 (Cumulative area) 
      Partial area ratio:  107.27
      Required ratio:  400.00 (Side area) 
      Cumulative area ratio:  107.27
      Required ratio:    0.00 (Cumulative side area) 

    Layer: via
      Partial area ratio:    0.28
      Required ratio:    6.00 (Gate area) 
      Cumulative area ratio:    0.46
      Required ratio:    0.00 (Cumulative area) 

    Layer: met2
      Partial area ratio:    8.14
      Required ratio:    0.00 (Gate area) 
      Cumulative area ratio:   29.83
      Required ratio:    0.00 (Cumulative area) 
      Partial area ratio:   40.11
      Required ratio:  400.00 (Side area) 
      Cumulative area ratio:  147.38
      Required ratio:    0.00 (Cumulative side area) 

    Layer: via2
      Partial area ratio:    0.02
      Required ratio:    6.00 (Gate area) 
      Cumulative area ratio:    0.48
      Required ratio:    0.00 (Cumulative area) 

    Layer: met3
      Partial area ratio:   12.86
      Required ratio:    0.00 (Gate area) 
      Cumulative area ratio:   42.69
      Required ratio:    0.00 (Cumulative area) 
      Partial area ratio:   68.74
      Required ratio:  400.00 (Side area) 
      Cumulative area ratio:  216.12
      Required ratio:    0.00 (Cumulative side area) 

    Layer: via3
      Partial area ratio:    0.02
      Required ratio:    6.00 (Gate area) 
      Cumulative area ratio:    0.50
      Required ratio:    0.00 (Cumulative area) 

    Layer: met4
      Partial area ratio:   16.06
      Required ratio:    0.00 (Gate area) 
      Cumulative area ratio:   58.74
      Required ratio:    0.00 (Cumulative area) 
      Partial area ratio:   85.81
      Required ratio: 3312.80 (Side area) 
      Cumulative area ratio:  301.93
      Required ratio:    0.00 (Cumulative side area) 


  Pin:   place1044/A (sky130_fd_sc_hd__buf_2)
    Layer: mcon
      Partial area ratio:    0.18
      Required ratio:    3.00 (Gate area) 
      Cumulative area ratio:    0.18
      Required ratio:    0.00 (Cumulative area) 

    Layer: met1
      Partial area ratio:   21.40
      Required ratio:    0.00 (Gate area) 
      Cumulative area ratio:   21.40
      Required ratio:    0.00 (Cumulative area) 
      Partial area ratio:  105.42
      Required ratio:  400.00 (Side area) 
      Cumulative area ratio:  105.42
      Required ratio:    0.00 (Cumulative side area) 

    Layer: via
      Partial area ratio:    0.27
      Required ratio:    6.00 (Gate area) 
      Cumulative area ratio:    0.46
      Required ratio:    0.00 (Cumulative area) 

    Layer: met2
      Partial area ratio:    8.14
      Required ratio:    0.00 (Gate area) 
      Cumulative area ratio:   29.54
      Required ratio:    0.00 (Cumulative area) 
      Partial area ratio:   40.11
      Required ratio:  400.00 (Side area) 
      Cumulative area ratio:  145.53
      Required ratio:    0.00 (Cumulative side area) 

    Layer: via2
      Partial area ratio:    0.02
      Required ratio:    6.00 (Gate area) 
      Cumulative area ratio:    0.47
      Required ratio:    0.00 (Cumulative area) 

    Layer: met3
      Partial area ratio:   12.86
      Required ratio:    0.00 (Gate area) 
      Cumulative area ratio:   42.40
      Required ratio:    0.00 (Cumulative area) 
      Partial area ratio:   68.74
      Required ratio:  400.00 (Side area) 
      Cumulative area ratio:  214.27
      Required ratio:    0.00 (Cumulative side area) 

    Layer: via3
      Partial area ratio:    0.02
      Required ratio:    6.00 (Gate area) 
      Cumulative area ratio:    0.49
      Required ratio:    0.00 (Cumulative area) 

    Layer: met4
      Partial area ratio:   16.06
      Required ratio:    0.00 (Gate area) 
      Cumulative area ratio:   58.45
      Required ratio:    0.00 (Cumulative area) 
      Partial area ratio:   85.81
      Required ratio: 3312.80 (Side area) 
      Cumulative area ratio:  300.08
      Required ratio:    0.00 (Cumulative side area) 



[INFO ANT-0002] Found 44 net violations.
[INFO ANT-0001] Found 54 pin violations.
